group_id,family,component,binding_margin_min,tail_max,label_residual_max,model_gram_error,projection_fidelity_min,solver_seconds
fd8d043515dc06ac2b014b2c,infinite_box,analytical,inf,0.0,4.929542935840957e-05,9.435337168690883e-16,0.9999992682603971,0.1207664499997918
17934e5806e50797b4de389d,infinite_box,analytical,inf,0.0,4.929542932461681e-05,8.273817828780006e-16,0.9999992682603962,0.11990929499916092
dea2f27c778acfa337dbe49a,infinite_box,analytical,inf,0.0,4.929542936502296e-05,8.881784197001252e-16,0.9999992682603944,0.11918369999875722
6c505a909c6cc8a2337d20e1,infinite_box,analytical,inf,0.0,4.929542929952458e-05,1.1102230246251565e-15,0.9999992682603984,0.11879676100033976
47a2ae7d5b9440b95e611321,infinite_box,analytical,inf,0.0,4.929542939627858e-05,9.64546910224573e-16,0.9999992682603962,0.1179192689996853
1b43e808bf843d3efb08b9ec,infinite_box,analytical,inf,0.0,4.9295429366551504e-05,1.3234788156894772e-15,0.9999992682603949,0.12013953499990748
5f0f7f467966795b5ab986ed,infinite_box,analytical,inf,0.0,4.929542932797944e-05,9.997360469853056e-16,0.9999992682603962,0.11820192300001509
fca8c0d99947f6db441fe327,infinite_box,analytical,inf,0.0,4.92954293127455e-05,1.0565821221414362e-15,0.9999992682603971,0.11845312399964314
dd0a88d7824fb42a6b3bf6ec,infinite_box,analytical,inf,0.0,4.92954293544515e-05,9.214973077133204e-16,0.9999992682603944,0.11785578799936047
7d77f30070efed0073a40a75,infinite_box,analytical,inf,0.0,4.92954293107976e-05,1.064239299984615e-15,0.9999992682603975,0.11862638099955802
69a5d45478d20f78e5808418,infinite_box,analytical,inf,0.0,4.9295429306872605e-05,9.548161957265155e-16,0.999999268260398,0.11761443899922597
008e6efa5ff1f2257deaacce,infinite_box,analytical,inf,0.0,4.929542941362056e-05,7.311723925970681e-16,0.9999992682603993,0.1698762589985563
9a02ff192712ddc7019e4f77,infinite_box,analytical,inf,0.0,4.929542930070477e-05,9.82680191559393e-16,0.9999992682603975,0.11762212600115163
7f591ac65b4b1dc35e710b72,infinite_box,analytical,inf,0.0,4.9295429396450324e-05,1.06125774401028e-15,0.9999992682603953,0.11818158800087986
c6bdfaebdec34c7e2dbd3031,infinite_box,analytical,inf,0.0,4.9295429396095864e-05,1.0070069778045365e-15,0.9999992682603969,0.11738106399934622
b1b1ad3c58e32af37b156f37,infinite_box,analytical,inf,0.0,4.9295429388125447e-05,7.450501804048826e-16,0.9999992682603964,0.11835971799882827
bccd7f4e38b42d743206dd52,infinite_box,analytical,inf,0.0,4.9295429395023574e-05,7.955333440612389e-16,0.9999992682603946,0.11739309900076478
5440feca4f601192dcc412e5,infinite_box,analytical,inf,0.0,4.9295429319053406e-05,7.623127118699252e-16,0.999999268260396,0.11969840799974918
b8910d16ad7b658d8d711e62,infinite_box,analytical,inf,0.0,4.9295429324730695e-05,1.391404081795694e-15,0.9999992682603958,0.1177975789996708
c11a54f305b75b740dcde354,infinite_box,analytical,inf,0.0,4.929542943187516e-05,1.0150775077259755e-15,0.9999992682603966,0.11725288999878103
4b5cdad2fa01f1a71783ce08,infinite_box,analytical,inf,0.0,4.9295429287712835e-05,8.159214271016499e-16,0.9999992682603975,0.11789998400126933
c738295b40140eb7afe454dd,infinite_box,analytical,inf,0.0,4.9295429350584675e-05,8.042950528676374e-16,0.9999992682603971,0.11644917100056773
1b73a45d4a9de6a8de22b678,infinite_box,analytical,inf,0.0,4.9295429278703975e-05,8.881784197001252e-16,0.9999992682603946,0.16077915400092024
39c85510bcf678ea336cf4ff,infinite_box,analytical,inf,0.0,4.9295429337346757e-05,8.881784197001252e-16,0.9999992682603962,0.11744772600104625
eea05fd1b3cc4607ac8a3950,infinite_box,analytical,inf,0.0,4.9295429401500334e-05,9.019816686085813e-16,0.9999992682603946,0.1172326569994766
ae3bcfcee4af1448db12787f,infinite_box,analytical,inf,0.0,4.929542927837798e-05,1.0884034559038858e-15,0.9999992682603951,0.11795833599899197
05ad31bf2141651f53f6d0ac,infinite_box,analytical,inf,0.0,4.929542937743563e-05,7.771561172376096e-16,0.9999992682603962,0.11749658699955035
cd087cafd0ac9182468bbd23,infinite_box,analytical,inf,0.0,4.929542934203099e-05,9.634627080520874e-16,0.9999992682603962,0.1176143510001566
0e3473cd0b30a7fd37129719,infinite_box,analytical,inf,0.0,4.9295429429679636e-05,9.865562143260287e-16,0.999999268260398,0.11936499100011133
411b963b53606ae9bf30c96e,infinite_box,analytical,inf,0.0,4.929542935321035e-05,1.0511865222674263e-15,0.9999992682603969,0.11748772200007807
007b963b8893f40a30548159,infinite_box,analytical,inf,0.0,4.929542939719606e-05,8.881784197001252e-16,0.9999992682603984,0.1170439659999829
9f171bc1222d733b427d5712,infinite_box,analytical,inf,0.0,4.9295429375846715e-05,7.723038889992633e-16,0.9999992682603975,0.1176756889999524
d0ac6dcf7fbfc1a4a1f62158,infinite_box,analytical,inf,0.0,4.929542942101124e-05,7.771561172376096e-16,0.9999992682603958,0.11851994000062405
95415b344277d4a5f7ce48d4,infinite_box,analytical,inf,0.0,4.929542932272334e-05,1.140268977330161e-15,0.9999992682603964,0.11803926300126477
acd935aaaf3a07852896b830,infinite_box,analytical,inf,0.0,4.9295429353383496e-05,7.824551553556325e-16,0.999999268260396,0.11776539499987848
4c964e8b7c159010d11fb63d,infinite_box,analytical,inf,0.0,4.929542940267141e-05,1.1102230246251565e-15,0.9999992682603955,0.1188722949991643
09647c305a647d3e770dfcd9,infinite_box,analytical,inf,0.0,4.92954293419787e-05,1.1813229702176825e-15,0.9999992682603982,0.117947754000852
dfc0484130e1d00b3cddeb67,infinite_box,analytical,inf,0.0,4.9295429312450364e-05,8.881784197001252e-16,0.9999992682603973,0.11733204400115937
bf08918d313ebf89bef2cfcb,infinite_box,analytical,inf,0.0,4.929542940320601e-05,7.304134510763283e-16,0.9999992682603962,0.11808528999972623
cbd3a3203d6a5c7d7f28e73f,infinite_box,analytical,inf,0.0,4.92954293258898e-05,7.200525440655137e-16,0.9999992682603958,0.11842985300063447
9dcbd9fed932711858c642e6,infinite_box,analytical,inf,0.0,4.929542931964291e-05,1.3941654092037431e-15,0.9999992682603969,0.11775636800120992
f028d767610fa7dba99437ec,infinite_box,analytical,inf,0.0,4.9295429409186406e-05,1.3587221625588342e-15,0.9999992682603958,0.11712605699904088
c71eb8c80df27d0fddb3fec7,infinite_box,analytical,inf,0.0,4.9295429285137394e-05,6.87817858224804e-16,0.9999992682603953,0.11703893300000345
eaf18bdd29c54f3143c10b51,infinite_box,analytical,inf,0.0,4.9295429374953136e-05,8.881784197001252e-16,0.9999992682603986,0.1174252599994361
a6c53a67cbb2629e1554f342,infinite_box,analytical,inf,0.0,4.929542938572897e-05,1.0475087052104481e-15,0.999999268260398,0.11751515600008133
6b157b8051b5d409b17aa07f,infinite_box,analytical,inf,0.0,4.929542926741949e-05,1.3335551196300144e-15,0.9999992682603953,0.11707376999947883
ff589ddf7ca2b1733f97facc,infinite_box,analytical,inf,0.0,4.929542936793946e-05,6.726729091278971e-16,0.9999992682603946,0.11694268400060537
5e60a158755a2b2af09bca25,infinite_box,analytical,inf,0.0,4.929542930754843e-05,6.77335825502532e-16,0.9999992682603962,0.11873083899990888
132a79c4b4ccd777d577c9a1,infinite_box,analytical,inf,0.0,4.929542935111464e-05,8.577191149168606e-16,0.999999268260394,0.11843436299932364
0454a0d0b5b5dfc045977f98,infinite_box,analytical,inf,0.0,4.929542939552685e-05,1.3322676295501878e-15,0.9999992682603973,0.11640764100047818
f6a075c1e7f5472e2903af99,infinite_box,analytical,inf,0.0,4.929542938023985e-05,1.3001007063452585e-15,0.9999992682603962,0.11687122399962391
b94582df5fe849e973cc61dc,infinite_box,analytical,inf,0.0,4.9295429383742464e-05,9.637396878258396e-16,0.9999992682603966,0.11852471400015929
9e479d431b82595fed3e0197,infinite_box,analytical,inf,0.0,4.929542933291917e-05,1.2156616858993718e-15,0.999999268260398,0.12062712599981751
2d23a3752974b3170dfd7520,infinite_box,analytical,inf,0.0,4.929542941805793e-05,8.475072857047627e-16,0.9999992682603962,0.11718412399932276
1f170e902867a0daca6dc45e,infinite_box,analytical,inf,0.0,4.9295429370411176e-05,9.953145350006382e-16,0.9999992682603953,0.11789049400067597
e9d5993467a4a2b53cfc3b2f,infinite_box,analytical,inf,0.0,4.929542930425034e-05,1.2764278295353954e-15,0.9999992682603953,0.11881325300055323
5816a4a9fe1b529208ae6559,infinite_box,analytical,inf,0.0,4.9295429367547845e-05,9.465457660295246e-16,0.9999992682603975,0.11783289599952695
00dbab5fae618a5a3e394925,infinite_box,analytical,inf,0.0,4.929542935567064e-05,9.490157141037181e-16,0.9999992682603971,0.11792711300040537
0335566bbc1763952c780628,infinite_box,analytical,inf,0.0,4.929542927776247e-05,9.472606618370072e-16,0.9999992682603949,0.11700099199879332
f2754ba52382ec930ca1d27d,infinite_box,analytical,inf,0.0,4.9295429321047606e-05,1.1102230246251565e-15,0.999999268260396,0.11792991699985578
5eea81f3cafa66d62ee662bf,infinite_box,analytical,inf,0.0,4.9295429345381664e-05,9.017716044376622e-16,0.9999992682603989,0.11829867500091495
e6d9cbb13b6d62f66a985ddf,infinite_box,analytical,inf,0.0,4.929542933585063e-05,9.656717699785267e-16,0.9999992682603975,0.11769875100071658
0ce2898111e86fd9fb450c92,infinite_box,analytical,inf,0.0,4.929542937198207e-05,1.3469416283284213e-15,0.9999992682603969,0.11776166199888394
faa2a6f15bc95483bd1cb8e0,infinite_box,analytical,inf,0.0,4.929542940159341e-05,8.881784197001252e-16,0.9999992682603953,0.11845388599977014
2c46a55399e906c4303cf7c0,infinite_box,analytical,inf,0.0,4.929542933580137e-05,9.035605380222633e-16,0.9999992682603973,0.11744679699950211
6808c216ea1d3209947cf7fe,infinite_box,analytical,inf,0.0,4.929542941749878e-05,9.948503609455428e-16,0.9999992682603962,0.11834058400017966
adc567d97bcd3024e4a463d9,infinite_box,analytical,inf,0.0,4.9295429334579154e-05,8.881784197001252e-16,0.9999992682603971,0.11772163300156535
b6b311a40a3d1a2297dd2f50,infinite_box,analytical,inf,0.0,4.92954294047121e-05,1.1321374610365198e-15,0.9999992682603971,0.11871363099999144
f00e4da02b26675cb6b60dd8,infinite_box,analytical,inf,0.0,4.9295429340721844e-05,1.1102230246251565e-15,0.9999992682603971,0.11834162000013748
b0b144630a796036f4d935db,infinite_box,analytical,inf,0.0,4.929542931538582e-05,8.638380809278257e-16,0.999999268260398,0.11657835000005434
f1112251ccf46a75f735c501,infinite_box,analytical,inf,0.0,4.929542941967953e-05,1.1854531028684945e-15,0.9999992682603984,0.1181548410004325
90eb6dbb4c7beaf76533a586,infinite_box,analytical,inf,0.0,4.9295429312576626e-05,1.0571648808091472e-15,0.9999992682603962,0.11715025000012247
d7d3ca8989677f3c95caf272,infinite_box,analytical,inf,0.0,4.929542934431545e-05,1.96145047903426e-15,0.9999992682603986,0.11798175200055994
d7357752532596b676bd86f7,infinite_box,analytical,inf,0.0,4.929542942042128e-05,1.1316495700589013e-15,0.9999992682603971,0.11807494400090945
20424d76ce16e4693988a959,infinite_box,analytical,inf,0.0,4.92954292866747e-05,1.0699228910606914e-15,0.9999992682603969,0.11690375100079109
3ed62129003fce460929ae64,infinite_box,analytical,inf,0.0,4.929542925164846e-05,1.1692612210487813e-15,0.9999992682603962,0.15321153500008222
e86827831a38b9a599254275,infinite_box,analytical,inf,0.0,4.929542930056609e-05,1.0183809362202673e-15,0.9999992682603975,0.11775455899987719
dd62b6a31f3bc8def96cc310,infinite_box,analytical,inf,0.0,4.9295429344945286e-05,7.470559544239808e-16,0.9999992682603962,0.11755544100014959
1d999687438600b91a14a5d6,infinite_box,analytical,inf,0.0,4.92954293263182e-05,8.881784197001252e-16,0.9999992682603958,0.11816667699895333
89fd6183aed1fe30106a9c67,infinite_box,analytical,inf,0.0,4.9295429311410235e-05,1.3930473257133674e-15,0.9999992682603966,0.11746220100030769
7f9849e2c81e5ed3792196b0,infinite_box,analytical,inf,0.0,4.9295429366614875e-05,9.992007221626409e-16,0.9999992682603969,0.11765952499990817
c00c7d51faaa2b8397f961eb,infinite_box,analytical,inf,0.0,4.929542936075951e-05,7.701901182793902e-16,0.9999992682603975,0.11781937099840434
c19638ecd6b9832b38546c22,infinite_box,analytical,inf,0.0,4.9295429280957354e-05,1.1101417094622201e-15,0.9999992682603949,0.11801485599971784
b7648ae9e6a9237383ad455d,infinite_box,analytical,inf,0.0,4.9295429366026296e-05,7.767901990043957e-16,0.9999992682603962,0.11879955099902872
8290e16977620e2fd1174052,infinite_box,analytical,inf,0.0,4.9295429260957016e-05,7.860872326334589e-16,0.9999992682603993,0.1172390430001542
64102116a8e92bf99805d8b5,infinite_box,analytical,inf,0.0,4.929542938493786e-05,9.843776455856906e-16,0.9999992682603958,0.11700100399866642
bbf28a44042035dc5c025375,infinite_box,analytical,inf,0.0,4.929542936875313e-05,7.49068504706657e-16,0.9999992682603966,0.11848995400032436
90821fa1e9478c33531c5890,infinite_box,analytical,inf,0.0,4.929542929823281e-05,1.1102230246251565e-15,0.9999992682603949,0.11822353400020802
62aa82d32a7a944199332fc6,infinite_box,analytical,inf,0.0,4.929542943547752e-05,1.1102230246251565e-15,0.9999992682603995,0.11816339299912215
765c1778f2cb9c766a1dc12b,infinite_box,analytical,inf,0.0,4.92954293590169e-05,1.3448443747510197e-15,0.9999992682603969,0.1183885120008199
c58bb9bd366bd3411d5c7f7b,infinite_box,analytical,inf,0.0,4.929542934079229e-05,1.0326009253387725e-15,0.9999992682603962,0.11764151799980027
b490240220ae061cffa9563a,infinite_box,analytical,inf,0.0,4.9295429376936094e-05,1.0936347313861283e-15,0.999999268260396,0.11832607399992412
88a2bf9f8f9a8638dc33a8ee,infinite_box,analytical,inf,0.0,4.929542935183088e-05,1.2106853673342528e-15,0.9999992682603955,0.11832441099977586
0da75dff533c3bf1205f5cee,infinite_box,analytical,inf,0.0,4.929542931869939e-05,1.354301497607114e-15,0.9999992682603949,0.11806104000061168
a5dce7666a9438d5e1ce0ef6,infinite_box,analytical,inf,0.0,4.9295429372911224e-05,8.822424128057671e-16,0.9999992682603966,0.11833010100053798
9ddb1470f5625483341c7ea7,infinite_box,analytical,inf,0.0,4.9295429364496324e-05,8.881784197001252e-16,0.999999268260398,0.11840554799891834
9a82f96e83dd40fe0c39b309,infinite_box,analytical,inf,0.0,4.929542932355046e-05,7.125715490753637e-16,0.9999992682603964,0.1190987669997412
36430ff6c19671c9036c6dca,infinite_box,analytical,inf,0.0,4.929542937887129e-05,5.931297391171403e-16,0.9999992682603962,0.11944441800005734
9a3420e0cfd0c516743befa7,infinite_box,analytical,inf,0.0,4.9295429320700276e-05,9.090764165747833e-16,0.9999992682603971,0.11824979099947086
db8f90d30ac607048a968bac,infinite_box,analytical,inf,0.0,4.929542936870935e-05,8.881784197001252e-16,0.9999992682603962,0.118506549999438
c030a4d81319a0fac70bfa1f,infinite_box,analytical,inf,0.0,4.9295429376542596e-05,1.0593400614176962e-15,0.9999992682603964,0.11814180699911958
d5cd48a78e9cb91a746dac81,infinite_box,analytical,inf,0.0,4.929542939253855e-05,7.771561172376096e-16,0.9999992682603949,0.11779518200091843
7bb9bd433f310c48f2201e04,infinite_box,analytical,inf,0.0,4.929542937120624e-05,8.302413661079311e-16,0.9999992682603966,0.11846942100055458
55fd43c2351787acc384775d,infinite_box,analytical,inf,0.0,4.929542933260225e-05,9.554565526346398e-16,0.9999992682603975,0.11904616999891005
906850ef8326f3f536684461,infinite_box,analytical,inf,0.0,4.929542927415757e-05,8.140037445090662e-16,0.9999992682603969,0.11796690699884493
da2d5f76af8195720b8126cb,infinite_box,analytical,inf,0.0,4.929542929425073e-05,1.3376700056877758e-15,0.9999992682603958,0.11805571600052644
a80fe80c51d75fc8a9a6eee1,infinite_box,analytical,inf,0.0,4.9295429333295425e-05,1.3251457765296737e-15,0.9999992682603962,0.11792029099888168
6624a48d8bcc54f0841d4c9f,infinite_box,analytical,inf,0.0,4.9295429260509545e-05,1.4532578157359921e-15,0.9999992682603971,0.1188744939991011
53f4377bcfe9573f1a37eff6,infinite_box,analytical,inf,0.0,4.929542937898928e-05,6.661338147750939e-16,0.999999268260396,0.11960880699916743
46f548074cd3747ddfb9d37b,infinite_box,analytical,inf,0.0,4.9295429395033224e-05,9.70449035801041e-16,0.9999992682603953,0.11916951400053222
2dba93f76c36301f25c7bfed,infinite_box,analytical,inf,0.0,4.92954293577721e-05,1.064415482837644e-15,0.9999992682603964,0.1178144749992498
d427e08cfa84ae1f849fbc0f,infinite_box,analytical,inf,0.0,4.929542937678781e-05,1.1349563866849821e-15,0.999999268260398,0.11837562000073376
8074ae2f170a6542cbe11ef2,infinite_box,analytical,inf,0.0,4.929542934891956e-05,1.037218948967203e-15,0.9999992682603949,0.11896562299989455
015006e33701e49a602baf1a,infinite_box,analytical,inf,0.0,4.929542937097257e-05,1.2135000578179789e-15,0.9999992682603982,0.11818069000037212
ed3645bba7387402a066a890,infinite_box,analytical,inf,0.0,4.929542933703985e-05,7.367102940062167e-16,0.9999992682603958,0.11813778099894989
8c2a262b9b96cf2da2ecd9a2,infinite_box,analytical,inf,0.0,4.9295429309726333e-05,9.139807373393857e-16,0.9999992682603964,0.11862731999826792
12b5be4ba3882f111c49ffb0,infinite_box,analytical,inf,0.0,4.929542934198122e-05,1.1820920761337894e-15,0.9999992682603978,0.11804427900096925
3f68d12808a239e8cf7f049c,infinite_box,analytical,inf,0.0,4.929542928552238e-05,1.3290556806141995e-15,0.9999992682603989,0.11841459100105567
ed8a5f5320b8d371e4aab727,infinite_box,analytical,inf,0.0,4.9295429358215995e-05,1.664692485963716e-15,0.999999268260396,0.1182309220002935
3fc4298104f5fd96172c8bc4,infinite_box,analytical,inf,0.0,4.929542935080457e-05,6.879940410778329e-16,0.9999992682603953,0.11775363100059622
55b5253f0d5c9389c0fa44a7,infinite_box,analytical,inf,0.0,4.9295429308723345e-05,8.512613357269938e-16,0.9999992682603951,0.11741347399947699
3f1023bf71eef5c2d4442ad4,infinite_box,analytical,inf,0.0,4.929542932086245e-05,1.1165545959058824e-15,0.999999268260398,0.11896103999970364
c37fc4a85591e23bb5bee24a,infinite_box,analytical,inf,0.0,4.92954293864093e-05,1.2490144552304572e-15,0.9999992682603975,0.11602876100005233
86fbf8859cb59dee5734de49,infinite_box,analytical,inf,0.0,4.929542936228473e-05,9.992007221626409e-16,0.9999992682603958,0.11776889599968854
7c752d82fdd4391df5f26d6c,infinite_box,analytical,inf,0.0,4.929542938462228e-05,1.6417158702364959e-15,0.9999992682603978,0.1182563870006561
5590b61a0f1f67a582b3b698,infinite_box,analytical,inf,0.0,4.9295429323031635e-05,8.925084521264892e-16,0.9999992682603982,0.1180666519994702
f689ca02e9ce9f076ad0c50f,infinite_box,analytical,inf,0.0,4.9295429365267456e-05,8.92840489041813e-16,0.9999992682603958,0.11798783999984153
1ad43e0eb19c39417ccfe4ae,infinite_box,analytical,inf,0.0,4.9295429322736936e-05,1.1102230246251565e-15,0.9999992682603962,0.11967125399860379
cec36658ac8565d46bd255fa,harmonic,analytical,inf,1.6824412757353623e-05,8.817159031047561e-05,1.0904249446679495e-15,0.999998003619245,0.12154182399899582
7183f46ae4f6809b4a1cca2e,harmonic,analytical,inf,1.6824412757350566e-05,8.817159031239809e-05,1.9397015766940126e-15,0.999998003619245,0.1211022370007413
e51b0c876b7609a9f8ab12c8,harmonic,analytical,inf,1.6824412757351366e-05,8.817159031126529e-05,1.4939488498745103e-15,0.9999980036192456,0.12137252399952558
a69fb0a37f3e033e816b1060,harmonic,analytical,inf,1.6824412757347815e-05,8.817159031011529e-05,1.3806119475873098e-15,0.999998003619245,0.12365279300138354
0fe22c7ec7aff4c323e95ea8,harmonic,analytical,inf,1.6824412757344383e-05,8.817159031086915e-05,1.385381791458996e-15,0.9999980036192452,0.1205408220012032
ced1c04eed5aec1d98afbe63,harmonic,analytical,inf,1.6824412757350868e-05,8.817159031061812e-05,1.1102230246251565e-15,0.9999980036192443,0.12055407400112017
54703f717a537724c25b0c46,harmonic,analytical,inf,1.6824412757362137e-05,8.817159031131837e-05,1.4696160861766913e-15,0.9999980036192427,0.1207342539983074
fe7d9dcca04e6fc268d2a6ff,harmonic,analytical,inf,1.6824412757349174e-05,8.81715903105467e-05,1.4893092091603158e-15,0.9999980036192445,0.12095566899915866
cc05d50a126fe7860498eeeb,harmonic,analytical,inf,1.6824412757344305e-05,8.817159031040563e-05,1.3477926025844993e-15,0.9999980036192441,0.12029223699937575
d8104859b8bfe5c981260fb4,harmonic,analytical,inf,1.6824412757346535e-05,8.817159030982513e-05,2.1580711513056805e-15,0.9999980036192472,0.12083525500020187
3fae46c9b8b723ee4910897b,harmonic,analytical,inf,1.6824412757345494e-05,8.817159030958989e-05,1.2883571928771974e-15,0.9999980036192432,0.120905825000591
46070ef34a4d75f363f3ffcc,harmonic,analytical,inf,1.6824412757348828e-05,8.817159031281399e-05,1.5001266369675516e-15,0.9999980036192445,0.12085606599976018
72a8162789185ce1f1bff674,harmonic,analytical,inf,1.6824412757357333e-05,8.817159030957342e-05,1.0075120533042844e-15,0.9999980036192452,0.12082459200064477
079c2a5980e18a135fd0e190,harmonic,analytical,inf,1.682441275734688e-05,8.817159031151268e-05,2.072314959132364e-15,0.9999980036192454,0.12142125900027168
5c2852ff1ecdaab66d115f5b,harmonic,analytical,inf,1.6824412757354497e-05,8.817159030981877e-05,1.4925176515331619e-15,0.9999980036192436,0.12117098899943812
158f01be3a8c33a104e90f39,harmonic,analytical,inf,1.6824412757352172e-05,8.817159031312345e-05,1.4717765027486796e-15,0.9999980036192423,0.12089912600094976
bfb05bf41d4571b6f821b32b,harmonic,analytical,inf,1.6824412757355137e-05,8.817159031050816e-05,1.2304874416219222e-15,0.9999980036192432,0.12057263200040325
92dd25f32c1bbd821d88ff90,harmonic,analytical,inf,1.6824412757349398e-05,8.817159031128714e-05,1.5543122344752192e-15,0.9999980036192454,0.12129325199930463
be9b73e79b79a928e09973fa,harmonic,analytical,inf,1.6824412757342875e-05,8.817159031127826e-05,2.0728147298969943e-15,0.9999980036192445,0.12175070599914761
89353850f2d74cfec07a9bdb,harmonic,analytical,inf,1.6824412757346934e-05,8.817159031146038e-05,1.99433819906127e-15,0.9999980036192423,0.1212321349994454
0d11209c6777f3729bcbe363,harmonic,analytical,inf,1.682441275735492e-05,8.817159031298142e-05,1.1102230246251565e-15,0.9999980036192436,0.122450533999654
cb8ea27b9993d3a3fd58eabf,harmonic,analytical,inf,1.6824412757356184e-05,8.817159031020102e-05,8.881784197001252e-16,0.9999980036192434,0.1214679429995158
4f045668602396b3f9b8f9bc,harmonic,analytical,inf,1.6824412757349587e-05,8.817159031081131e-05,1.5400293015872643e-15,0.9999980036192427,0.12145959900044545
4335550448bd8774a40bd540,harmonic,analytical,inf,1.6824412757358983e-05,8.817159031162369e-05,2.130915812052397e-15,0.9999980036192441,0.12306629299928318
2cce9226d7b6311b8977b2ee,harmonic,analytical,inf,1.6824412757344027e-05,8.817159031004608e-05,1.9869637870142107e-15,0.9999980036192443,0.12099671400028456
c4e44b0bf64d3742dbfebc63,harmonic,analytical,inf,1.6824412757346728e-05,8.817159031340644e-05,1.5749944128711776e-15,0.9999980036192441,0.12143268199906743
0b18d534d7295fcf8fbbee1f,harmonic,analytical,inf,1.6824412757350356e-05,8.817159030967249e-05,1.5798743485126765e-15,0.9999980036192427,0.12221418599983735
eacb6d3e77f9115012cf2866,harmonic,analytical,inf,1.682441275735534e-05,8.817159031243753e-05,1.7197599205895096e-15,0.9999980036192454,0.12141252900073596
4463f30ff83252ec7224461e,harmonic,analytical,inf,1.6824412757349794e-05,8.817159031205658e-05,1.3322676295501878e-15,0.999998003619245,0.12064359400028479
fedeb4ab52372ae6595f6478,harmonic,analytical,inf,1.6824412757349896e-05,8.81715903086284e-05,9.44698481738053e-16,0.9999980036192423,0.12188778000017919
63bc86f24eebdc8e7c468ce5,harmonic,analytical,inf,1.6824412757351918e-05,8.817159031172819e-05,1.4657639164296389e-15,0.9999980036192447,0.12134915699971316
df487d9e9ebd3cc5c6e32e89,harmonic,analytical,inf,1.6824412757354453e-05,8.817159031079832e-05,1.1005850894704883e-15,0.9999980036192452,0.16675813999972888
8bffec3a9d243b5ed87e9dfc,harmonic,analytical,inf,1.682441275734847e-05,8.817159031147813e-05,1.1013294405850478e-15,0.999998003619243,0.16888515900063794
b97a2a0637d21d0526ffa19d,harmonic,analytical,inf,1.6824412757355713e-05,8.817159031180923e-05,1.332821717870059e-15,0.9999980036192434,0.12156288000005588
503d90fd5c97a6ba8ab25078,harmonic,analytical,inf,1.6824412757350942e-05,8.81715903123549e-05,1.4919912509201287e-15,0.9999980036192461,0.12112110999987635
758959ea6e1a66bdeb50a972,harmonic,analytical,inf,1.6824412757348364e-05,8.817159031132259e-05,1.4455181268593556e-15,0.9999980036192434,0.12188222399890947
3df3576d6ca5cbeadfd4cf75,harmonic,analytical,inf,1.6824412757348303e-05,8.817159031380091e-05,1.5472578694148232e-15,0.999998003619245,0.12131170199972985
01b5d2fef00a4bb0127712ce,harmonic,analytical,inf,1.6824412757353846e-05,8.817159031076866e-05,1.7886831360493877e-15,0.9999980036192438,0.12150904599911883
c5c95d4c2229e2f7bde4f5ae,harmonic,analytical,inf,1.6824412757354107e-05,8.817159031194026e-05,1.5335584220059793e-15,0.9999980036192405,0.12138366399994993
9cc691880b4467f30d3da301,harmonic,analytical,inf,1.6824412757349567e-05,8.817159031037111e-05,8.881784197001252e-16,0.9999980036192463,0.12066258900085813
726e3d5789debbbdef910dbf,harmonic,analytical,inf,1.682441275735306e-05,8.817159031334102e-05,1.917055326358105e-15,0.9999980036192427,0.12130678599896783
6adc5ad53f521c0463c5f774,harmonic,analytical,inf,1.6824412757353345e-05,8.817159031069783e-05,1.2883408302010118e-15,0.9999980036192458,0.11999762599953101
13782a90d7ce1c7ea618ff4a,harmonic,analytical,inf,1.682441275734429e-05,8.817159031224077e-05,1.5914394177582898e-15,0.9999980036192436,0.12185719199987943
38537b7182b7fc5ad7c0854d,harmonic,analytical,inf,1.6824412757350116e-05,8.81715903108752e-05,1.279707681657994e-15,0.9999980036192432,0.12156462999882933
79d848e471cc40626242180a,harmonic,analytical,inf,1.6824412757351166e-05,8.817159030903999e-05,1.4091655731125655e-15,0.999998003619245,0.12240192199897137
c7a7c6f15c77fb9f0b67ecf2,harmonic,analytical,inf,1.6824412757351715e-05,8.817159031164201e-05,1.6354389590151046e-15,0.999998003619243,0.12488649299848475
8ec296a62ee7955ada0617b0,harmonic,analytical,inf,1.6824412757353436e-05,8.817159031108561e-05,1.1037600703865825e-15,0.9999980036192445,0.1217660620004608
e5f8283d3b34aaf47ae7cad8,harmonic,analytical,inf,1.6824412757346975e-05,8.817159031193417e-05,1.591437130044903e-15,0.9999980036192445,0.12127776399938739
9d0a980c3afc3c9a17d5ad8d,harmonic,analytical,inf,1.682441275734641e-05,8.81715903119332e-05,1.6380466437377536e-15,0.9999980036192436,0.12170326600062253
688eb13292661b923b04269a,harmonic,analytical,inf,1.682441275735198e-05,8.817159031129702e-05,8.881784197001252e-16,0.9999980036192416,0.12144915200042306
d9437fdcc7f4e6d8ff1f7763,harmonic,analytical,inf,1.6824412757353623e-05,8.817159030908934e-05,1.235386821038239e-15,0.9999980036192443,0.12164903499979118
0bbccaa0c8ec1942db8f2412,harmonic,analytical,inf,1.682441275735535e-05,8.817159031177631e-05,8.881784197001252e-16,0.9999980036192438,0.12133575799998653
1868a6141b3704221fb1d530,harmonic,analytical,inf,1.6824412757346867e-05,8.817159031065299e-05,1.939140007873885e-15,0.9999980036192436,0.12160272700020869
edd2e61cf383463968b36f56,harmonic,analytical,inf,1.6824412757347192e-05,8.817159030862127e-05,2.360682059285351e-15,0.9999980036192423,0.12196393700105546
a9f15db50b892c3b9a272461,harmonic,analytical,inf,1.682441275734153e-05,8.817159031040474e-05,1.4791269803220949e-15,0.9999980036192438,0.12201341699983459
222f2d7583fb5ddb594b11c6,harmonic,analytical,inf,1.682441275735035e-05,8.817159031106347e-05,1.9308466466678153e-15,0.9999980036192427,0.12160846200094966
cd965325d7aba0b66af7c65d,harmonic,analytical,inf,1.6824412757353355e-05,8.817159031141202e-05,1.3322300289537527e-15,0.9999980036192445,0.12092535200099519
3d4818d914a72c9e1c846cc5,harmonic,analytical,inf,1.6824412757346694e-05,8.817159031134248e-05,2.3795806916176206e-15,0.9999980036192434,0.12165816600099788
f8841e887dcdf7aa1cc9666d,harmonic,analytical,inf,1.6824412757354232e-05,8.81715903119335e-05,1.4165154137266024e-15,0.9999980036192425,0.12289338300070085
f073e8e3c2d3f8b387d8045a,harmonic,analytical,inf,1.6824412757356387e-05,8.817159031082922e-05,1.1102230246251565e-15,0.9999980036192454,0.12147003799873346
dda5413387555f5385826bfd,harmonic,analytical,inf,1.6824412757350533e-05,8.817159031166628e-05,6.661338147750939e-16,0.9999980036192427,0.12076035199970647
15a487d6299d531bd2ff3837,harmonic,analytical,inf,1.6824412757354256e-05,8.817159030905982e-05,1.1306277125579474e-15,0.999998003619243,0.12118888400073047
c38cc908f3e8f236a0edcc96,harmonic,analytical,inf,1.6824412757344895e-05,8.817159031090722e-05,1.2457766244334875e-15,0.9999980036192436,0.12132999400091649
ef822b6437a8ffe57e21d817,harmonic,analytical,inf,1.682441275735236e-05,8.81715903106664e-05,8.983654527564919e-16,0.9999980036192447,0.12127484700067725
b9f237701d33a0b0e1ce3945,harmonic,analytical,inf,1.6824412757353155e-05,8.81715903132067e-05,1.1102230246251565e-15,0.9999980036192432,0.12153679699986242
47bb236e396f4832e2b619f1,harmonic,analytical,inf,1.682441275735013e-05,8.817159031132437e-05,1.4312690288988577e-15,0.9999980036192458,0.12134210300064296
41fcecf514877b7884112dc3,harmonic,analytical,inf,1.68244127573471e-05,8.817159031211022e-05,9.401398512288547e-16,0.9999980036192443,0.12096745900089445
a08e3262e7d52ee515fbe52f,harmonic,analytical,inf,1.6824412757349973e-05,8.817159031244248e-05,1.4525549351402952e-15,0.9999980036192436,0.12067775300056383
81e9697af911142a3f7312bb,harmonic,analytical,inf,1.6824412757355706e-05,8.817159031232561e-05,1.421708870300979e-15,0.9999980036192441,0.12166301700017357
04295a41583365ef32c3e2d6,harmonic,analytical,inf,1.6824412757353067e-05,8.817159030934124e-05,1.465093845361836e-15,0.9999980036192441,0.1215082809994783
1bc6a17d72816db3968661d7,harmonic,analytical,inf,1.682441275734797e-05,8.81715903122116e-05,1.3664758896501244e-15,0.9999980036192421,0.12136394800108974
9e09bafab6b25f837d6ab009,harmonic,analytical,inf,1.6824412757345904e-05,8.817159031339305e-05,1.3416515986797085e-15,0.9999980036192443,0.12085918799857609
531b21bb87fa9e87f1bf09d8,harmonic,analytical,inf,1.6824412757347974e-05,8.817159031351762e-05,1.1090868234628963e-15,0.9999980036192423,0.12085598799967556
d15fb77fb81713bc55e62189,harmonic,analytical,inf,1.682441275735224e-05,8.817159031059249e-05,1.0659019095777163e-15,0.9999980036192434,0.12131473299996287
1094e20e1d27b1fb61f1ca6d,harmonic,analytical,inf,1.6824412757358772e-05,8.81715903104978e-05,1.1700763155616241e-15,0.9999980036192441,0.12033335900014208
c06e0265b5f5763693324997,harmonic,analytical,inf,1.6824412757343245e-05,8.817159031178064e-05,9.39096967131863e-16,0.999998003619243,0.12238830800015421
f1467d3f696e13743cc220f6,harmonic,analytical,inf,1.682441275735703e-05,8.81715903117734e-05,1.1235485483220733e-15,0.9999980036192434,0.121329086001424
9f28d83feca795365b933c5c,harmonic,analytical,inf,1.682441275734912e-05,8.817159031304143e-05,1.1714641851408828e-15,0.9999980036192445,0.12169036299928848
c4372cc7c6b0ac530e1d3ff9,harmonic,analytical,inf,1.6824412757351197e-05,8.817159031176642e-05,1.3322676295501878e-15,0.9999980036192447,0.12076337699909345
e0bb196a340d7cf24cd9c95a,harmonic,analytical,inf,1.6824412757350522e-05,8.817159031176843e-05,2.7652672900992156e-15,0.9999980036192454,0.12126795099902665
e670ec25d33553648dc696ec,harmonic,analytical,inf,1.6824412757354158e-05,8.817159030917388e-05,1.3365294814400787e-15,0.9999980036192461,0.12146145400038222
6223bb0b9d48f22f08dd6913,harmonic,analytical,inf,1.6824412757353904e-05,8.817159031341052e-05,1.4376977019126525e-15,0.9999980036192458,0.12119832999997016
dda6b09f0faf865e2b733444,harmonic,analytical,inf,1.682441275735372e-05,8.817159031290946e-05,2.2086853766086846e-15,0.9999980036192414,0.12157824600035383
c06646e3175952a51fb27948,harmonic,analytical,inf,1.682441275734645e-05,8.817159030766432e-05,1.1182081516043114e-15,0.9999980036192454,0.1214210069992987
c5abdc6de3617fbe64c4be22,harmonic,analytical,inf,1.6824412757358833e-05,8.81715903071525e-05,1.076923598487929e-15,0.999998003619245,0.12112539000008837
1671d75a5312a3be794b7119,harmonic,analytical,inf,1.6824412757353216e-05,8.817159031004234e-05,1.2452743593832684e-15,0.9999980036192423,0.12093565800023498
3158a89864259a04d1b06009,harmonic,analytical,inf,1.6824412757351888e-05,8.817159031068471e-05,1.61448475864875e-15,0.9999980036192458,0.12107281699900341
57acae1abb65e35ac9cdf8b4,harmonic,analytical,inf,1.6824412757352152e-05,8.817159031349843e-05,1.6666284299900386e-15,0.9999980036192434,0.12101258999973652
400def07fefd184314d85e6b,harmonic,analytical,inf,1.6824412757354144e-05,8.817159031104587e-05,1.6805186383638837e-15,0.9999980036192454,0.12095131000023684
1f16834697534df24fee8d75,harmonic,analytical,inf,1.6824412757354754e-05,8.817159031088196e-05,1.5476654535012796e-15,0.9999980036192441,0.1215787420005654
60b39a36b3db3bf3d901997d,harmonic,analytical,inf,1.6824412757350915e-05,8.817159030852388e-05,1.3407256590360459e-15,0.9999980036192434,0.12119068300125946
d125ffa0cd660c81ac327a4b,harmonic,analytical,inf,1.6824412757353765e-05,8.817159030749293e-05,1.3359836805946759e-15,0.9999980036192438,0.12138379300085944
232e432e7b3b10442a6e7f2c,harmonic,analytical,inf,1.682441275735464e-05,8.817159031188815e-05,1.596668079910725e-15,0.9999980036192418,0.12123283700020693
c993c51ee86fef24d9e06a47,harmonic,analytical,inf,1.6824412757350085e-05,8.817159031143311e-05,1.3322676295501878e-15,0.9999980036192458,0.1209976589998405
de22229ace175965fc6785b2,harmonic,analytical,inf,1.6824412757350048e-05,8.817159030980388e-05,1.2821337276260473e-15,0.9999980036192445,0.1209492580001097
e33ae55e9e1669c4462f0a4a,harmonic,analytical,inf,1.6824412757344153e-05,8.8171590310638e-05,1.8187727186558493e-15,0.9999980036192445,0.12080184200021904
dca8495fc384c26bba096607,harmonic,analytical,inf,1.6824412757345576e-05,8.81715903109767e-05,1.2696071756975292e-15,0.9999980036192438,0.12090291399908892
74e3a6de7600fb8c5b287911,harmonic,analytical,inf,1.682441275734506e-05,8.817159031013742e-05,8.881784197001252e-16,0.999998003619245,0.12079665400051454
c400e2caef26b20758c74005,harmonic,analytical,inf,1.6824412757341107e-05,8.817159031064513e-05,1.6176941422042025e-15,0.9999980036192432,0.12158388700117939
ea47d9b55b309ec31a96d4fc,harmonic,analytical,inf,1.682441275735482e-05,8.817159031108537e-05,1.0238579465589883e-15,0.9999980036192443,0.12179927800025325
84b3836db94aa9e7ad15b886,harmonic,analytical,inf,1.6824412757346924e-05,8.817159031179099e-05,1.1872457820303068e-15,0.9999980036192447,0.12107316800029366
60879e5a3136ef9b8641c957,harmonic,analytical,inf,1.6824412757343926e-05,8.817159031303993e-05,1.6199721601812508e-15,0.999998003619245,0.12092879800002265
21f40ccc9dac1c1a3a3739eb,harmonic,analytical,inf,1.6824412757349042e-05,8.817159031169908e-05,1.215601410334062e-15,0.9999980036192458,0.12137119200087909
e2d93a1f158bf0b51a7dce40,harmonic,analytical,inf,1.6824412757349194e-05,8.817159030911646e-05,1.4981598577652706e-15,0.9999980036192443,0.12141539199910767
13af0651f543f107375b1ad1,harmonic,analytical,inf,1.6824412757348317e-05,8.817159030806254e-05,1.4650220076143055e-15,0.9999980036192441,0.12062199499996495
81c936e2e7645fa8ae5f80a3,harmonic,analytical,inf,1.6824412757351417e-05,8.817159031219464e-05,2.2092991019454832e-15,0.9999980036192436,0.12101232499844627
af54f5255936efb595ef77dd,harmonic,analytical,inf,1.682441275734856e-05,8.817159031144276e-05,1.567894094305608e-15,0.9999980036192436,0.12138543900073273
388378ee51f941fd51152291,harmonic,analytical,inf,1.6824412757350465e-05,8.817159031177037e-05,1.0841306619356296e-15,0.999998003619243,0.12056715300059295
59da72adcbf12d7ea04315b2,harmonic,analytical,inf,1.6824412757351064e-05,8.817159031182161e-05,1.6523092563584685e-15,0.9999980036192461,0.12104508499942312
255f045d4d3ab6e0930a7afe,harmonic,analytical,inf,1.6824412757348073e-05,8.817159031311965e-05,1.1445300954969158e-15,0.9999980036192427,0.12274778400023934
30c5753bcf0d6c71b3735bc9,harmonic,analytical,inf,1.682441275735763e-05,8.817159031291896e-05,9.996090582176665e-16,0.9999980036192443,0.12157571600073425
ec430ce9811ebb0ab3173dba,harmonic,analytical,inf,1.6824412757351413e-05,8.817159031099264e-05,1.8991659398160128e-15,0.9999980036192463,0.12171267000121588
bb9df814b5c6309f0e46f0e1,harmonic,analytical,inf,1.6824412757342936e-05,8.817159031148118e-05,1.3660130466578816e-15,0.9999980036192432,0.12190765699961048
846a698038e040d4d32ec063,harmonic,analytical,inf,1.6824412757344925e-05,8.817159031184088e-05,1.5002190481794951e-15,0.999998003619245,0.12057114900017041
5508fc36e89beae9a246a3cd,harmonic,analytical,inf,1.68244127573475e-05,8.817159030923415e-05,1.3322676295501878e-15,0.9999980036192445,0.12135915399994701
1a0190c36bf0679ba1cbb53b,harmonic,analytical,inf,1.682441275734971e-05,8.817159031335704e-05,1.5136542335607048e-15,0.9999980036192454,0.12126314099987212
8e3794d78044a7f0740dfdce,harmonic,analytical,inf,1.6824412757347405e-05,8.817159031072079e-05,1.1600524384613772e-15,0.9999980036192436,0.12069980500018573
23431c0041ca7db6653731a6,harmonic,analytical,inf,1.6824412757348828e-05,8.81715903111661e-05,9.203850158710682e-16,0.9999980036192456,0.12149607500032289
4168e25b74b68070e9108358,harmonic,analytical,inf,1.682441275734364e-05,8.817159031076203e-05,2.0880640834548087e-15,0.9999980036192447,0.12186368999937258
44f5a493fb575bb77ca1457f,harmonic,analytical,inf,1.6824412757346138e-05,8.817159031275893e-05,1.290857322823545e-15,0.999998003619245,0.12172462700073083
2efb3fe024b50883d549d7c7,harmonic,analytical,inf,1.682441275734883e-05,8.817159030977386e-05,9.994502807042383e-16,0.9999980036192445,0.12154761499914457
75eaf438f7780084fe528650,harmonic,analytical,inf,1.682441275735192e-05,8.817159031142497e-05,2.0778236819392753e-15,0.9999980036192454,0.12198640199858346
7aad2722f805c30d1968865d,harmonic,analytical,inf,1.6824412757351024e-05,8.817159031008801e-05,1.776960305864952e-15,0.9999980036192441,0.12178887900154223
04621dd81afeb0ea95b32bbc,harmonic,analytical,inf,1.6824412757345037e-05,8.817159031108446e-05,1.1102230246251565e-15,0.9999980036192454,0.12066979500013986
f8c9f76319e04ba644fc2a47,harmonic,analytical,inf,1.682441275735085e-05,8.817159031030152e-05,1.1102230246251565e-15,0.9999980036192441,0.12121690399908402
4aeb0f3780891804e11f0902,harmonic,analytical,inf,1.6824412757342774e-05,8.817159031157865e-05,1.5045872037511866e-15,0.9999980036192438,0.12881137499971373
1b44c3e1cb1588050b7089ad,harmonic,analytical,inf,1.682441275735253e-05,8.817159031122382e-05,1.2051888987266716e-15,0.9999980036192421,0.12131687500004773
79ab13470a6247bf8d80586a,harmonic,analytical,inf,1.6824412757350773e-05,8.817159031250573e-05,1.6548515475035362e-15,0.9999980036192438,0.12176429700048175
162126a16803d72072690eaa,half_harmonic,analytical,inf,1.4593703568084346e-10,3.126025445113397e-05,1.8834549273594583e-15,0.9999997164337896,0.21803910700145934
f8613cbc19ec9028c6b6dd33,half_harmonic,analytical,inf,1.459370356817309e-10,3.1260254421168956e-05,1.2508807400905934e-15,0.9999997164337927,0.2185560779998923
e830b5f9f34670cfb16b850d,half_harmonic,analytical,inf,1.459370356723156e-10,3.126025443534137e-05,1.3141628415410707e-15,0.9999997164337916,0.21783853499982797
109f659445aa2a6bf1f3ba55,half_harmonic,analytical,inf,1.4593703568045443e-10,3.126025444776874e-05,2.116122009925217e-15,0.9999997164337907,0.21781682199980423
63aacab87be6d3082e287154,half_harmonic,analytical,inf,1.4593703568572558e-10,3.1260254435071125e-05,1.3416388268028403e-15,0.9999997164337923,0.2173903410002822
f3230346f8dd9b96ec21f534,half_harmonic,analytical,inf,1.4593703567794145e-10,3.12602544467781e-05,1.328933939463973e-15,0.9999997164337927,0.2176445799996145
3b064a354af378e5196bb650,half_harmonic,analytical,inf,1.4593703568733967e-10,3.126025444011379e-05,1.3319437395844725e-15,0.999999716433792,0.2168044669997471
0b333a65e09b83cb9c3f82dc,half_harmonic,analytical,inf,1.459370356843921e-10,3.1260254436571044e-05,1.165425434200744e-15,0.9999997164337914,0.2167160690005403
2f760c27ba0dc7853c20f264,half_harmonic,analytical,inf,1.4593703567597457e-10,3.126025443969507e-05,8.881784197001252e-16,0.9999997164337927,0.21807350000017323
83fe3955a11076a1c265395a,half_harmonic,analytical,inf,1.4593703568374102e-10,3.126025443105837e-05,1.230552710230944e-15,0.9999997164337918,0.21805678300006548
788a11f3f69275bbedebb575,half_harmonic,analytical,inf,1.4593703567825454e-10,3.126025444754611e-05,1.3728739932396354e-15,0.9999997164337927,0.21730023400050413
6d76ba71cf7b3c835f3dd6e3,half_harmonic,analytical,inf,1.4593703567780626e-10,3.1260254422586686e-05,1.2451103499645135e-15,0.9999997164337923,0.2184033739995357
ff0533aed13e0771e0991d97,half_harmonic,analytical,inf,1.459370356833068e-10,3.126025443998362e-05,1.3037712720284961e-15,0.9999997164337907,0.21800138400067226
b7011a849a21736a3e2141be,half_harmonic,analytical,inf,1.459370356771461e-10,3.126025443038155e-05,1.742058359062666e-15,0.9999997164337927,0.21785819599972456
25008f6332e12ed00e2f492f,half_harmonic,analytical,inf,1.4593703568587564e-10,3.126025443444928e-05,1.3381660783203216e-15,0.9999997164337943,0.2163470169998618
521cd8beafd64a4e8adf7190,half_harmonic,analytical,inf,1.4593703568453196e-10,3.126025442579574e-05,2.3806825123278053e-15,0.9999997164337925,0.21709950500007835
2030ec7ee4870673b027d198,half_harmonic,analytical,inf,1.4593703568593377e-10,3.126025443276731e-05,1.6449848846390207e-15,0.9999997164337907,0.21697637799843505
1aa6a7b5eb05f4868a0327eb,half_harmonic,analytical,inf,1.4593703568481592e-10,3.126025442928931e-05,1.9026790152985146e-15,0.9999997164337932,0.21846552999886626
08fb00f9cea63a7d1a023ba5,half_harmonic,analytical,inf,1.459370356781276e-10,3.126025443549044e-05,1.3761064228315674e-15,0.9999997164337912,0.21749864999947022
33441b3f53f269472589e912,half_harmonic,analytical,inf,1.4593703567676362e-10,3.126025443282746e-05,1.4175161405588635e-15,0.999999716433792,0.21680932300114364
1a81792ed19ab72065ac96cd,half_harmonic,analytical,inf,1.4593703567833772e-10,3.126025442542312e-05,1.0773344459714292e-15,0.9999997164337927,0.21738132899918128
987c36596553f18a70faea20,half_harmonic,analytical,inf,1.4593703567984916e-10,3.1260254453178494e-05,1.538944411050097e-15,0.9999997164337927,0.21811886099931144
51e3b4023b583f57171207b8,half_harmonic,analytical,inf,1.45937035685227e-10,3.126025443356909e-05,1.261169589983878e-15,0.9999997164337914,0.21715592999862565
27d512ef4c06026f2543dc65,half_harmonic,analytical,inf,1.459370356834803e-10,3.126025443808253e-05,1.4537569114173996e-15,0.999999716433794,0.2163179979997949
2833d12fdb140cef055fd84c,half_harmonic,analytical,inf,1.459370356790928e-10,3.1260254416462455e-05,1.2688465724014605e-15,0.9999997164337909,0.2176767100008874
3beb302314571b76e1e7ab8f,half_harmonic,analytical,inf,1.4593703567368437e-10,3.126025444602086e-05,1.3322676295501878e-15,0.9999997164337936,0.21612872700097796
7b33133f96d1f8d63ce2657e,half_harmonic,analytical,inf,1.4593703567788758e-10,3.126025444128348e-05,1.175969841006564e-15,0.9999997164337909,0.21866590600075142
db9f074dd689c702975c5188,half_harmonic,analytical,inf,1.459370356781242e-10,3.126025439416411e-05,1.4331551134013916e-15,0.9999997164337929,0.2173650409986294
fd394529dc3654109ad1a5fe,half_harmonic,analytical,inf,1.4593703568596195e-10,3.126025444394727e-05,1.3219429839120263e-15,0.9999997164337916,0.21707207700092113
95b91cfebf1c7097bc33ad5a,half_harmonic,analytical,inf,1.4593703568173627e-10,3.1260254425279715e-05,1.5160152926239663e-15,0.9999997164337949,0.2179361560010875
4ef1718ea9b23aa36d5696b7,half_harmonic,analytical,inf,1.459370356806023e-10,3.1260254440801106e-05,1.350571793011694e-15,0.9999997164337916,0.21822276599959878
c6f209f5824a807933ea721f,half_harmonic,analytical,inf,1.4593703568500428e-10,3.1260254423129024e-05,1.0857268637771608e-15,0.9999997164337938,0.21923035299914773
d65652897d5273f0e2cd8815,half_harmonic,analytical,inf,1.4593703568544264e-10,3.126025441876556e-05,1.246454271773499e-15,0.9999997164337918,0.21753646500110335
e47d83e4b03f250329b85710,half_harmonic,analytical,inf,1.459370356862164e-10,3.126025443963726e-05,9.028960780810143e-16,0.9999997164337912,0.21856742100135307
4e5e49215f085d61f01373fc,half_harmonic,analytical,inf,1.4593703567319832e-10,3.126025443435241e-05,1.829877725528843e-15,0.9999997164337923,0.21796519300005457
c8ec9b9ed11d0ae47d072821,half_harmonic,analytical,inf,1.4593703568391763e-10,3.126025444404228e-05,9.561554093850902e-16,0.9999997164337887,0.21754608800074493
09050499da489439a1c81b68,half_harmonic,analytical,inf,1.4593703568113907e-10,3.126025442570686e-05,1.1188505608630228e-15,0.9999997164337925,0.21823416400002316
9d7ee5142ef1c926c66ce272,half_harmonic,analytical,inf,1.4593703568064075e-10,3.126025443096415e-05,1.3975043659777479e-15,0.9999997164337909,0.22438322999914817
42cf98dc295c738110f99c69,half_harmonic,analytical,inf,1.4593703568392158e-10,3.126025442692858e-05,1.5372770875860613e-15,0.9999997164337918,0.21702660799928708
e74347426f62ff080b4b6079,half_harmonic,analytical,inf,1.459370356794037e-10,3.1260254426970136e-05,1.2142545743361538e-15,0.9999997164337936,0.21723259600003075
b62122037c24aedf4cfc071b,half_harmonic,analytical,inf,1.459370356839685e-10,3.126025444162285e-05,1.4597375645904437e-15,0.9999997164337918,0.21657149600105186
184eeafbb8b1bc3c0ac4f95b,half_harmonic,analytical,inf,1.4593703568325686e-10,3.126025444401559e-05,1.3358539817110465e-15,0.9999997164337909,0.21629333100099757
0412867fd1795b708973aacd,half_harmonic,analytical,inf,1.4593703567292527e-10,3.126025444647517e-05,1.196018153004197e-15,0.9999997164337923,0.21685778399842093
3adde3039b0ea45d44c3ae52,half_harmonic,analytical,inf,1.4593703568017326e-10,3.126025442786836e-05,1.6128950940005286e-15,0.9999997164337918,0.21526985400123522
92b2fab14aa9ae2091f0082c,half_harmonic,analytical,inf,1.4593703567525513e-10,3.126025444501355e-05,1.9134659323050913e-15,0.9999997164337936,0.21657837299972016
fc4e57f1c8b1e38b3481a572,half_harmonic,analytical,inf,1.4593703568198456e-10,3.126025443438279e-05,1.2770461706641578e-15,0.9999997164337907,0.21866254399901663
876e28b31749e99efb6742a9,half_harmonic,analytical,inf,1.4593703567879634e-10,3.1260254425662595e-05,1.6417502510313491e-15,0.9999997164337916,0.21757167500072683
d42b5f7ddfffcd69c42942d9,half_harmonic,analytical,inf,1.4593703568417426e-10,3.1260254435928234e-05,1.4992864598368172e-15,0.9999997164337929,0.2163719910004147
449bbae04c68f803b5c53737,half_harmonic,analytical,inf,1.4593703567871872e-10,3.126025444548234e-05,1.7839969154081708e-15,0.9999997164337932,0.2175913600003696
b90687e1bd2a767ba42012f8,half_harmonic,analytical,inf,1.4593703567874172e-10,3.126025445034944e-05,1.36734446952142e-15,0.99999971643379,0.21748747600031493
d2456d3ac1a0718246a14d40,half_harmonic,analytical,inf,1.4593703567708214e-10,3.1260254432655e-05,1.2080377379988723e-15,0.9999997164337914,0.21762513400062744
63d37a8544791b58c49c2c28,half_harmonic,analytical,inf,1.4593703567876245e-10,3.1260254428990025e-05,1.971307503035009e-15,0.9999997164337918,0.2178217439995933
c7771e58b630c4f373ed1b48,half_harmonic,analytical,inf,1.4593703567776798e-10,3.126025442347749e-05,1.4899923121483782e-15,0.9999997164337932,0.2174258059985732
cc2979b25071b49f06d41683,half_harmonic,analytical,inf,1.4593703568405853e-10,3.126025443846101e-05,1.4955305894933795e-15,0.9999997164337932,0.21733633900112181
a7401b1313253f748e6f2bb7,half_harmonic,analytical,inf,1.4593703568501506e-10,3.126025441142114e-05,1.6542536544959865e-15,0.9999997164337947,0.21777165200001036
ea11a13a44438b9c725f3013,half_harmonic,analytical,inf,1.4593703567992027e-10,3.1260254431786914e-05,8.272919821481695e-16,0.9999997164337918,0.21662517899858358
712ff11540d9cc0ae1357af0,half_harmonic,analytical,inf,1.459370356786078e-10,3.126025441443586e-05,1.401448858858774e-15,0.9999997164337923,0.21704050100015593
4a2c48ecd84d9bccd529780e,half_harmonic,analytical,inf,1.4593703568209762e-10,3.1260254426650404e-05,1.6525384945775706e-15,0.9999997164337916,0.2174415540011978
06c204b087024bd80ac29b4b,half_harmonic,analytical,inf,1.4593703567258628e-10,3.1260254445947916e-05,1.2184593806593733e-15,0.9999997164337905,0.21585852399948635
77cf65a7547abac7d4641bfa,half_harmonic,analytical,inf,1.4593703568167232e-10,3.126025441137811e-05,1.4804127906543814e-15,0.9999997164337905,0.2169459350006946
dbbb84ee74786d05d9221689,half_harmonic,analytical,inf,1.4593703567379492e-10,3.126025443538983e-05,1.170278281615421e-15,0.9999997164337923,0.21563386299931153
0c79fcbdb85093596a78596b,half_harmonic,analytical,inf,1.4593703568175465e-10,3.1260254424928e-05,1.1687886021812604e-15,0.9999997164337925,0.2169687450004858
3abc74fad42c5c8016d3a83c,half_harmonic,analytical,inf,1.4593703568489207e-10,3.126025442831997e-05,1.475362031122666e-15,0.9999997164337912,0.21335856699988653
47a51023d51aa161233e84cf,half_harmonic,analytical,inf,1.4593703567859523e-10,3.126025442329305e-05,1.767073396445352e-15,0.9999997164337934,0.21686833099920477
d94e58319db6cdbd5a800de6,half_harmonic,analytical,inf,1.4593703567653315e-10,3.1260254443682055e-05,1.3929563847588866e-15,0.9999997164337936,0.21650586900068447
050a92337ea341f22ee476bc,half_harmonic,analytical,inf,1.4593703567689745e-10,3.126025443228248e-05,1.8368666283147695e-15,0.9999997164337907,0.21688898499996867
251842b757196bbb14144718,half_harmonic,analytical,inf,1.4593703568034346e-10,3.126025444144971e-05,1.630477380605143e-15,0.9999997164337912,0.21675338100067165
d4caf0461bb363808e3a49e6,half_harmonic,analytical,inf,1.459370356781381e-10,3.12602544360498e-05,1.5884087969323396e-15,0.9999997164337954,0.2165792670002702
a1818e8106fac25494f89199,half_harmonic,analytical,inf,1.459370356808056e-10,3.1260254444302707e-05,1.606432306419178e-15,0.9999997164337909,0.21602689399878727
7c6f8c9dfcc4d966082ed225,half_harmonic,analytical,inf,1.459370356792978e-10,3.1260254435649486e-05,2.731323772822559e-15,0.9999997164337936,0.21627619799983222
c92db12bbe5f7468ca30f401,half_harmonic,analytical,inf,1.459370356770921e-10,3.126025442874426e-05,1.1542018283566268e-15,0.9999997164337945,0.2163831929992739
a10feef14679d7b34ea2594c,half_harmonic,analytical,inf,1.4593703568251537e-10,3.1260254446338445e-05,1.6861577248784756e-15,0.9999997164337923,0.21785156400073902
be493ed92e99960a68d0f2b2,half_harmonic,analytical,inf,1.459370356772238e-10,3.126025442923668e-05,1.3406984613174292e-15,0.9999997164337923,0.2170442799997545
3ffc5165134d3faa05c755b0,half_harmonic,analytical,inf,1.4593703568191365e-10,3.126025442721762e-05,1.4129122061883964e-15,0.9999997164337927,0.21717960800015135
a9eea485595d497c4f0f019e,half_harmonic,analytical,inf,1.4593703567311405e-10,3.126025442431958e-05,1.4465563216736326e-15,0.9999997164337936,0.21664604699981282
8d8415b2dd3539ecba3096df,half_harmonic,analytical,inf,1.4593703567683396e-10,3.1260254422386075e-05,1.5862127706357058e-15,0.9999997164337918,0.2154878090004786
08f3dda8b60f4352ffb0a2fc,half_harmonic,analytical,inf,1.45937035674255e-10,3.126025444160573e-05,1.1044189522077358e-15,0.9999997164337923,0.21654221700009657
921e9b8c58094dcf1021490f,half_harmonic,analytical,inf,1.459370356811975e-10,3.126025443269643e-05,1.2483185992019307e-15,0.9999997164337903,0.21595667000110552
fabc41f4e40a79f350b7dacd,half_harmonic,analytical,inf,1.4593703568194302e-10,3.126025444312607e-05,1.4706293977798684e-15,0.9999997164337918,0.21757721699941612
39f25ae6f301b835af4b8ddb,half_harmonic,analytical,inf,1.4593703568534748e-10,3.126025443608021e-05,1.5543122344752192e-15,0.9999997164337923,0.21703651100142451
990f3513bb0b2d252fcc5ea5,half_harmonic,analytical,inf,1.459370356766649e-10,3.126025442241582e-05,1.6864452179651454e-15,0.9999997164337923,0.21713114500016673
6d1f1f3abc2abf46236bd108,half_harmonic,analytical,inf,1.4593703567676037e-10,3.126025443451924e-05,1.3711010535120481e-15,0.9999997164337943,0.21518283499972313
fc6c9d851d7bd330d7a629f4,half_harmonic,analytical,inf,1.4593703567388248e-10,3.126025442121978e-05,1.068992965903744e-15,0.9999997164337925,0.21662580500014883
f8ac9784b1713982f5d56789,half_harmonic,analytical,inf,1.4593703568298705e-10,3.1260254429974e-05,1.1968538527360909e-15,0.99999971643379,0.2147614550012804
5a0b1604ded05e9f4b3a1d72,half_harmonic,analytical,inf,1.459370356867869e-10,3.126025441679501e-05,1.1081653412420282e-15,0.999999716433794,0.2156750109988934
c3698263e45c496e2d2d279c,half_harmonic,analytical,inf,1.4593703567414958e-10,3.1260254451683535e-05,2.2643158404407883e-15,0.9999997164337925,0.21655809900039458
85678416f700d73e6dafa303,half_harmonic,analytical,inf,1.4593703567282025e-10,3.12602544326437e-05,1.3445501873555735e-15,0.999999716433792,0.21644439999909082
39203ed115bac2ce682757e3,half_harmonic,analytical,inf,1.4593703567917563e-10,3.1260254432128316e-05,1.0288838453552617e-15,0.9999997164337907,0.21560619800038694
414a1564076f6f91f79d5c91,half_harmonic,analytical,inf,1.4593703568616968e-10,3.126025444804893e-05,1.3867926161165292e-15,0.9999997164337889,0.2152668190010445
14e8c47254813e6300fa8239,half_harmonic,analytical,inf,1.4593703567778796e-10,3.1260254429173485e-05,1.5240356550287272e-15,0.9999997164337916,0.21552631000122346
9d4ae026ae61b59016988983,half_harmonic,analytical,inf,1.459370356782178e-10,3.1260254433004886e-05,1.0861878245624216e-15,0.999999716433794,0.21563132099981885
eb5dc31c655629ac4f504061,half_harmonic,analytical,inf,1.4593703568103614e-10,3.126025440857999e-05,1.3610962539879047e-15,0.9999997164337903,0.21690717699857487
bc89f0b282a61b5080891152,half_harmonic,analytical,inf,1.4593703568205603e-10,3.1260254426648155e-05,1.548425076135185e-15,0.9999997164337927,0.21621266700094566
a03a730915c9a607ce8c7b0f,half_harmonic,analytical,inf,1.4593703568471753e-10,3.12602544310114e-05,1.5596061619715981e-15,0.9999997164337949,0.21631731999877957
ccde9a3cb8d1cb6fd008c187,half_harmonic,analytical,inf,1.4593703567161773e-10,3.126025444036673e-05,1.304602644366111e-15,0.9999997164337934,0.21591358600016974
3dcd21097a1a175cc666816d,half_harmonic,analytical,inf,1.459370356832752e-10,3.126025443807064e-05,1.5852777769801801e-15,0.9999997164337907,0.21640624799874786
1e0bb06ac91000e12928f952,half_harmonic,analytical,inf,1.4593703568124896e-10,3.126025442972066e-05,1.3101745079146276e-15,0.9999997164337914,0.21637456700045732
6922c752fda9052ab4dae9ed,half_harmonic,analytical,inf,1.4593703569110086e-10,3.126025442143299e-05,1.3167182236093332e-15,0.999999716433792,0.21827982000104384
c130e29f75ef7ba69529ad2f,half_harmonic,analytical,inf,1.4593703568406952e-10,3.1260254423631274e-05,1.0495048161749688e-15,0.9999997164337918,0.2162270790013281
135d6c367c4c190787847441,half_harmonic,analytical,inf,1.4593703567779075e-10,3.1260254437661745e-05,1.2077622231099888e-15,0.9999997164337936,0.21672931100147252
724cd86cd532123882aeb664,half_harmonic,analytical,inf,1.4593703567845733e-10,3.126025442648107e-05,9.992007221626409e-16,0.9999997164337936,0.21739823300049466
c8eef4f35b476f7fed8646b5,half_harmonic,analytical,inf,1.4593703567737297e-10,3.126025442631808e-05,1.4029927658218046e-15,0.9999997164337918,0.2169569469988346
1dbb5f878e95eb0a523ec363,half_harmonic,analytical,inf,1.4593703567623813e-10,3.126025443861822e-05,1.1102230246251565e-15,0.9999997164337927,0.2169224019999092
fe4bb59fbda26238b360f31e,half_harmonic,analytical,inf,1.4593703568007493e-10,3.1260254426551884e-05,1.3322676295501878e-15,0.9999997164337923,0.21585654999944381
ed99f378b55b02d321d3df03,half_harmonic,analytical,inf,1.4593703568116803e-10,3.1260254445580784e-05,2.126157361886838e-15,0.9999997164337936,0.2151031849989522
d692bce1d7c293f7bf3a4ca6,half_harmonic,analytical,inf,1.459370356837353e-10,3.1260254436977166e-05,1.985865189825223e-15,0.99999971643379,0.21597252900028252
fac915739a62a7b911956b61,half_harmonic,analytical,inf,1.4593703567116625e-10,3.12602544328787e-05,8.726148241344248e-16,0.9999997164337916,0.2156912550017296
e829f2ad8632d1cafe46f33a,half_harmonic,analytical,inf,1.4593703567842016e-10,3.12602544360564e-05,1.2128923716209207e-15,0.9999997164337923,0.21525999799996498
4ca7f9595d9defdc0de842c3,half_harmonic,analytical,inf,1.4593703567689951e-10,3.12602544334848e-05,1.5628071904846956e-15,0.9999997164337909,0.21603625600073428
97184c744c6752ced17542b2,half_harmonic,analytical,inf,1.4593703567966176e-10,3.126025443282475e-05,1.0330706392454278e-15,0.9999997164337934,0.21613795399935043
1efe9282dc42e12d47d3da87,half_harmonic,analytical,inf,1.4593703567715297e-10,3.1260254447290754e-05,2.1609953770569894e-15,0.9999997164337914,0.2173695340006816
073cbc68fcc20704218811ca,half_harmonic,analytical,inf,1.4593703568188664e-10,3.1260254428785354e-05,1.4844077298958755e-15,0.9999997164337927,0.21604855899931863
d4d736daee84ede0f2ec6fce,half_harmonic,analytical,inf,1.4593703567821716e-10,3.126025441451742e-05,1.703101487611411e-15,0.9999997164337914,0.21575914899949566
437da5259c11af50f813a841,half_harmonic,analytical,inf,1.4593703568263937e-10,3.126025443077655e-05,1.2808808894503788e-15,0.9999997164337918,0.21605012899999565
4edfd7266dc319052815ff0c,half_harmonic,analytical,inf,1.4593703568054717e-10,3.126025444088037e-05,1.3206504279021287e-15,0.9999997164337918,0.21616030099903583
8a793fedf7241570de1ddfe5,half_harmonic,analytical,inf,1.4593703568186149e-10,3.126025443275182e-05,1.4658998465870491e-15,0.9999997164337947,0.22640598799989675
0d4ceb31a514baec8b918237,half_harmonic,analytical,inf,1.4593703567626377e-10,3.126025443533723e-05,1.829897865789341e-15,0.9999997164337923,0.2174903249997442
5cf987f61a66c5ee8a18a76d,half_harmonic,analytical,inf,1.4593703568155476e-10,3.1260254431154716e-05,1.3322676295501878e-15,0.9999997164337934,0.2180348199999571
7d0bce83f54679bfdf867e27,half_harmonic,analytical,inf,1.4593703567947892e-10,3.126025442583194e-05,1.394027049954929e-15,0.999999716433792,0.21567687499918975
9f32937ffe6c4ccc9fa4e893,half_harmonic,analytical,inf,1.4593703568538078e-10,3.126025441590079e-05,1.5006216954578574e-15,0.9999997164337923,0.2170084820008924
8ea9c7a662b2c82a54c9d398,half_harmonic,analytical,inf,1.4593703568319296e-10,3.1260254436254816e-05,2.6263179034701483e-15,0.9999997164337927,0.21588831999906688
c6dd678802596db8012d1ab1,half_harmonic,analytical,inf,1.4593703568416084e-10,3.126025442149325e-05,1.8466012550744924e-15,0.999999716433792,0.2168212950000452
05fd0bbea7fe01bc994e154c,half_harmonic,analytical,inf,1.4593703568026255e-10,3.1260254441316956e-05,1.458100563509018e-15,0.9999997164337925,0.2154489280001144
d8e7c6313cdb30953564346b,half_harmonic,analytical,inf,1.4593703568076185e-10,3.126025443240157e-05,1.3322676295501878e-15,0.9999997164337927,0.2153568419998919
ee1a7498ac6162a8ca2f5b5d,half_harmonic,analytical,inf,1.4593703568158043e-10,3.1260254429346944e-05,1.5897110789164366e-15,0.9999997164337949,0.21678877900012594
7181af34227c8e1056e52a9a,half_harmonic,analytical,inf,1.459370356760293e-10,3.1260254429933104e-05,1.3114030652272695e-15,0.9999997164337918,0.21538093900016975
2bf571080bc42279e25970c0,half_harmonic,analytical,inf,1.459370356827447e-10,3.12602544395733e-05,9.555587773037286e-16,0.9999997164337925,0.2171336629999132
3cf9ed9c8863a677b9c1b20c,half_harmonic,analytical,inf,1.459370356905472e-10,3.126025444898531e-05,1.1821800322921438e-15,0.9999997164337892,0.2153438740006095
603ec09312511efbe81774c9,morse,analytical,41.2763542503373,0.0001316412799316901,2.7931777977454174e-05,1.181949107519391e-15,0.999999862856428,0.2484325080004055
64ec82b41315f1f02b8ab88c,morse,analytical,41.296034690768835,0.00010798718459959546,2.6909975706537584e-05,1.8525542846484486e-15,0.9999998649456762,0.24917577500127663
34d615fc8e4289164d554017,morse,analytical,46.61755264385715,0.00011016756436997587,2.6914422245250012e-05,1.7040046545451977e-15,0.9999998649618177,0.24852848400041694
0d70eb3f9c25125ee58b415b,morse,analytical,41.82323737783902,0.00012551094417723575,2.7517927966910295e-05,1.6399432541859506e-15,0.9999998639463976,0.2472957909994875
3b5ac61817b415974c59f901,morse,analytical,46.939553591753246,0.00012127372849214352,2.7403516381639314e-05,1.8046310080427037e-15,0.9999998637347838,0.24801657799980603
30044f9d866dff8845dc82ee,morse,analytical,40.802762860335605,0.00011990087772295186,2.742559219730891e-05,1.3376524973431925e-15,0.9999998637838126,0.24813977499979956
596e14b3a3c5b99671f02726,morse,analytical,45.96243066892086,0.00011055683173030133,2.6793614470505042e-05,1.6445690524326538e-15,0.9999998654236367,0.2513403869998001
aa462b7d1424e5cc01eeaef8,morse,analytical,35.09643946485973,0.00015552391237342247,2.851298460124689e-05,1.990025890945503e-15,0.9999998616704077,0.24830917500003125
edaef9abfa85ae19d1e477d5,morse,analytical,45.06884541895286,0.0001302610875766385,2.771441178455232e-05,1.3547863146364495e-15,0.999999863509307,0.24912955400031933
fed703d6b88b506c2d30bbca,morse,analytical,42.95530856755748,0.00010975396579826602,2.683793121004586e-05,1.3738830541403313e-15,0.9999998652464944,0.247047262999331
040e3b1b11e12821908a253b,morse,analytical,44.662404580332606,0.00011659644065171898,2.7036666287301472e-05,1.3388064078489112e-15,0.9999998648932967,0.24996059400109516
0360d0fb55d782f0b233fd32,morse,analytical,37.66936362380646,0.00013514195548575085,2.7831009907267784e-05,1.4418122985749354e-15,0.9999998630060842,0.25039586599996255
2233e6a788e6fb45439f7868,morse,analytical,45.06466624493106,0.00011768384743847344,2.7214514581013824e-05,2.220446049250313e-15,0.9999998642845488,0.24867779900159803
c2d8f37568aa5316a1cb1f6b,morse,analytical,38.195707325971895,0.0001210503161610316,2.7250541501482294e-05,1.4284583514457815e-15,0.9999998642631239,0.2471937539994542
1d4f3d892e08c2394e322cb2,morse,analytical,50.77226090866591,9.97661192320843e-05,2.6282763951461316e-05,1.2574201926036557e-15,0.999999866474869,0.2504411320005602
848d3ab2cb46c82fa5cf1237,morse,analytical,38.969833423218766,0.00013700709260355067,2.7933356509331403e-05,1.34572067616593e-15,0.9999998628489808,0.24852012100018328
002e3c4c4929110236423bf7,morse,analytical,47.08690449791256,0.00012958473388535299,2.7435408989948958e-05,1.3005004329364476e-15,0.9999998644941804,0.24962681999932101
ff0a94a73cc0b6d6bfbb686b,morse,analytical,41.80593741478925,0.00010789195607498844,2.6774373913993912e-05,1.835749377250826e-15,0.9999998652956509,0.24788123899998027
d9fd83a75e20ca349b428cb3,morse,analytical,46.70454612816116,0.00011129226123916041,2.680691164899758e-05,1.0214315047002883e-15,0.9999998652585856,0.24908495800082164
dfc704ebd8167eebc98d21be,morse,analytical,36.58490718631948,0.00012756972315894178,2.7827480615732152e-05,1.38756558821345e-15,0.9999998626405786,0.25085935299830453
1061839bea1dba8662d6237d,morse,analytical,42.72484629776433,0.0001267547732379525,2.754905572128154e-05,1.351023424092065e-15,0.9999998637415701,0.24861234099989815
33e4c13ee5470803ae9a726d,morse,analytical,39.03367250496514,0.00012784451717416052,2.7388489557579682e-05,1.3322676295501878e-15,0.9999998644778275,0.24890314000003855
84ff2c7b148fe5fb8af2791e,morse,analytical,48.37437821368323,0.00010612277214186554,2.65983745395311e-05,1.4275602593786693e-15,0.9999998658088923,0.24877684999955818
e6befccc9c153ef3662dc154,morse,analytical,39.75564987545232,0.00013800113191153823,2.8111593143979597e-05,1.8296983752085575e-15,0.9999998624403458,0.24933338099981484
fe95faf5c4620bb0664a1009,morse,analytical,42.32117996078492,0.00013704038346168705,2.7959378623010275e-05,2.14286066809773e-15,0.9999998629033819,0.248617719998947
37502fa673eb2de7f968d3ee,morse,analytical,39.30007298226454,0.00011796196853005583,2.7122729022107072e-05,1.3250354549456987e-15,0.9999998648450393,0.25074619699989853
626b249a0a3656f960bc875e,morse,analytical,47.720154886650924,0.00010993155128612587,2.7000098968014023e-05,1.7763568394002505e-15,0.9999998646350164,0.24704101099996478
b04d22a335a45a5ca1b402ee,morse,analytical,39.843542273003294,0.0001320754701034872,2.7772513894147306e-05,1.4173367505045427e-15,0.9999998633039344,0.24846892799905618
0371e5ac3beb26a2782f4eb8,morse,analytical,46.1930993836809,0.0001178671828467851,2.7228520118433617e-05,1.2212453270876722e-15,0.9999998645255453,0.2482272790002753
77abb33e9eb05d121b08cc6c,morse,analytical,43.086295505005495,0.00011396124505332598,2.7055947936435694e-05,1.3322676295501878e-15,0.9999998647929694,0.24916322700119053
35cc89bbfe8f7fb08a618623,morse,analytical,45.1608714166059,0.00010906014182146283,2.6596363098749412e-05,1.2031853804840338e-15,0.9999998661787566,0.24971767500028363
4b52c47c792e4428976233d8,morse,analytical,37.300127517280146,0.00014531133762145176,2.8117207702725524e-05,1.3549937445227562e-15,0.999999862602497,0.24868486299965298
27b0998d4a93227d36fcd1ea,morse,analytical,44.37709749478157,0.00012803867147509685,2.766959712877435e-05,1.476699503914001e-15,0.9999998636113929,0.2493510320000496
af7cfcb68b6ad55f9d872f66,morse,analytical,44.6367411406253,0.00010380267687504906,2.6645302672877196e-05,1.721277620240479e-15,0.9999998655067671,0.24736451000171655
2b955779291236d998acec57,morse,analytical,43.5861135760138,0.00011827323651639719,2.7031156809622544e-05,1.633073101166151e-15,0.9999998648752931,0.24911859499843558
91d073f519e0642ca69da3ae,morse,analytical,38.98467024667187,0.0001297933079597502,2.7671388621114266e-05,1.7763568394002505e-15,0.9999998633529046,0.2468383460000041
7ce206e4d410c93d2204f25c,morse,analytical,43.78302447230225,0.00012769080660704642,2.7531012657747288e-05,1.907723714947694e-15,0.9999998636837268,0.2478836689988384
2e1efcd422dea09af257a55d,morse,analytical,37.724029338889004,0.00013153602993114371,2.755965669862714e-05,1.3970275282160561e-15,0.9999998639565388,0.24825000899909355
059ec9065765f0de4dc4b466,morse,analytical,49.425902015539236,0.00010664066733666378,2.6550115389631608e-05,2.5756694408823098e-15,0.999999865924915,0.2502805020012602
832eed36931375fb7bb02e01,morse,analytical,38.42445499392379,0.00014033359936240427,2.8245386381172342e-05,1.5312948617037167e-15,0.9999998621693699,0.24954209699899366
2c9e125345fed212ad683165,morse,analytical,41.846482264780875,0.00013278597613320292,2.7970171608906476e-05,1.5045894165858309e-15,0.9999998625564833,0.24816088099942135
55170163d8434cb5c1024484,morse,analytical,39.65247887182305,0.00011756711802597331,2.7011135120115325e-05,1.5198099259331544e-15,0.9999998649715104,0.24998609999965993
912b0c00c2903c4e33813324,morse,analytical,47.66269009942084,0.00011532725046933125,2.693994118419824e-05,1.1102230246251565e-15,0.9999998653193994,0.24853715999961423
2bb6721141f02ea01d114b3f,morse,analytical,40.62200724793487,0.00013375950488917897,2.7656124907607702e-05,1.2667074388764474e-15,0.999999863928914,0.2472330630007491
9d9bea66ee4765781012995a,morse,analytical,47.967645627052505,0.00011273199442114375,2.7128459942440696e-05,1.265080253896769e-15,0.9999998644410025,0.24795960399933392
802e8b0155c4c10b17a9dae8,morse,analytical,40.880331222551874,0.00011551362422148649,2.7180601482132046e-05,1.3322676295501878e-15,0.9999998645692504,0.24985698699856584
01f732357a289155fcd8f48d,morse,analytical,47.72583019791924,0.00010500655979822992,2.640001597556577e-05,1.0949952589937274e-15,0.9999998664718122,0.24720281299960334
2788143d924a6702dcf844ff,morse,analytical,35.87767992595883,0.00013895545751936561,2.82337345082997e-05,1.5543122344752192e-15,0.9999998618015483,0.24872371300079976
e66c835dfc33374c2c7c7e7e,morse,analytical,44.155260812421616,0.0001274825274823924,2.758954414691292e-05,1.1102230246251565e-15,0.9999998637118879,0.2508171030003723
1f2892e795bea21c6c529c0f,morse,analytical,38.79718393193881,0.00011374038010392279,2.6835068065731555e-05,1.3878533222607385e-15,0.9999998654033221,0.24791849999928672
9e19e5f586760538e1638074,morse,analytical,50.040261979914206,0.00010914077775906713,2.6619955537440616e-05,2.0868792735536376e-15,0.9999998657542714,0.24889185500069289
2add1ac720dc7007acf50b72,morse,analytical,39.826194986852784,0.0001219222961299774,2.7563589580375593e-05,1.1945139822992746e-15,0.9999998633165144,0.24779186599880632
8067dbe54dfbae824653dfdb,morse,analytical,45.9230909243049,0.00011880005624137962,2.7355606515431833e-05,1.2839144179273098e-15,0.9999998638291059,0.24757330700049351
929f3dd5ce919affecbe5c4d,morse,analytical,42.01084101149177,0.000122472149705532,2.7198257390619617e-05,1.3322676295501878e-15,0.9999998647614393,0.2474697699999524
07f6e6c2ba76ab4497307d4c,morse,analytical,45.66157840018038,0.00010591676685595445,2.6663386428813023e-05,1.4432899320127035e-15,0.999999865587298,0.24845034700047108
2bfa2a4ecd8a465cf4dc9474,morse,analytical,36.94890930371085,0.00014350508498941843,2.8251905103047497e-05,1.2400797093165257e-15,0.9999998621352965,0.24769421400014835
a73518d4944a04499655a306,morse,analytical,45.11739035904182,0.00013837604499388978,2.7780896118366203e-05,2.0836126878140162e-15,0.9999998636196683,0.24871248899944476
43a3ea46ee1e8e4e4c428a78,morse,analytical,42.31916149526924,0.00010994225129524306,2.6995370225454025e-05,1.2938659898492516e-15,0.9999998647469815,0.2488651839994418
7b0998435f47f43339b458ea,morse,analytical,44.37460007345244,0.00012000254034036264,2.7215024280613432e-05,1.3429906807949904e-15,0.9999998644873288,0.24754326400034188
2cbef5cae845722c932c47f8,morse,analytical,36.735158723774106,0.00014170404431851748,2.802915448827813e-05,9.563899664946253e-16,0.9999998629022011,0.24799288000031083
eee73555f32270b57447714d,morse,analytical,42.72566523830863,0.00012623794507739402,2.7462127503132058e-05,1.5543122344752192e-15,0.9999998641286039,0.24856759799877182
922d604ac307d8340fe963d7,morse,analytical,39.68870196210203,0.00012291106375101455,2.732034927274497e-05,2.0618737755480176e-15,0.9999998641128043,0.25021878499865124
b1013879744917cdaf9d7489,morse,analytical,48.30512294446441,0.0001037425053908504,2.6483345147827376e-05,1.5543122344752192e-15,0.9999998661890763,0.2478943399983109
3650e82f0c5cc6c79dead09e,morse,analytical,40.36872437176724,0.00013836343372919475,2.794337996410589e-05,1.8505003596607183e-15,0.9999998631097444,0.24821933100065507
df5b5130814675e812122fef,morse,analytical,46.046474012050716,0.0001316442444168712,2.7560601322544726e-05,1.1377476317936666e-15,0.9999998637751715,0.2484396720010409
7d674a59d3855c92c3441029,morse,analytical,42.249389190518265,0.00011005995847666267,2.67972100677205e-05,1.4900269770406672e-15,0.9999998654662897,0.24890924699866446
23b3c02368c6094787fa1ad6,morse,analytical,45.66752147796942,0.00011018473029367703,2.7009494178067894e-05,1.3637011094210982e-15,0.9999998645354283,0.24905894999938027
6c461576038e3dc62f550a90,morse,analytical,37.00651703259331,0.00013086660615356621,2.7905332630104038e-05,1.928222997684077e-15,0.9999998625462104,0.24842464299945277
1972c89360df6f95c9435592,morse,analytical,41.5335275639909,0.0001287047788651135,2.7755886354928057e-05,1.1964393197427973e-15,0.9999998629870164,0.24811932199918374
ae6c8e1fe79b97740081d82b,morse,analytical,39.263651639612235,0.00012936467411125751,2.749783755112844e-05,1.3828143929783436e-15,0.9999998641998646,0.24903987400102778
caf37a9d7575a665f99d3677,morse,analytical,47.50055145578398,0.00010840766894989258,2.6697352688182514e-05,1.4539786164536627e-15,0.9999998654629517,0.24876821399993787
331ef0bd27a263a51a5882da,morse,analytical,40.360470990512574,0.00014317540718236212,2.8092329026893423e-05,1.2452523303909652e-15,0.9999998627182198,0.24857096900086617
4084b6514b19efd93b1dae4d,morse,analytical,43.342618350042,0.00012984400390005378,2.780924400900988e-05,1.2322848317457282e-15,0.9999998631703195,0.2485193779994006
d39c615e4b3c79064dee6a95,morse,analytical,38.842162055399655,0.00011375336493659617,2.705287613397424e-05,1.1994154322055258e-15,0.9999998647129772,0.2478785280000011
e746934fcafdf83ced8bdc25,morse,analytical,48.76104030168327,0.0001098410817828989,2.6872952891402932e-05,1.1883677835781417e-15,0.9999998651007874,0.24924499000007927
daf3f97fd53e4b303988f8dd,morse,analytical,39.442019383030214,0.00013200615456069125,2.7731732714464337e-05,1.67074279989356e-15,0.9999998635023541,0.24772984700030065
81ef463d97075f5bd6701df9,morse,analytical,47.02535865944297,0.00011250600394228466,2.716440109840713e-05,1.4424723169745113e-15,0.9999998640652321,0.24842376800006605
eecbece946ac3dad8a8bd97b,morse,analytical,42.47877919976202,0.00011355741299245639,2.7031337365559736e-05,1.3322676295501878e-15,0.9999998646876643,0.2472052890007035
ef6702e3f9edea3607f17552,morse,analytical,46.42717131188311,9.968728255186177e-05,2.6484039917978668e-05,1.792971435171275e-15,0.9999998656379666,0.2482548220013996
a114c267ef2a67fd82dde341,morse,analytical,37.0531941952014,0.00014025487219302752,2.8034997321597153e-05,1.5087210922301577e-15,0.9999998628693136,0.24852156000088144
1a71624c1b454a2b6b37fb0e,morse,analytical,42.273641895151925,0.0001335766737458576,2.7713762804169785e-05,1.4606736831451968e-15,0.9999998634239835,0.24819453199961572
d7a55473b1d30af419341cb4,morse,analytical,40.86795509790181,0.00011051334675629657,2.6776778607503994e-05,1.834509973144561e-15,0.999999865454107,0.24839085299936414
01a598df9401c1297ec29db7,morse,analytical,47.679174101893764,0.00010930043859626121,2.6791238697914233e-05,1.3491289588760003e-15,0.9999998653790741,0.24716176400033874
e60bf45d1c1108b482bd8ea0,morse,analytical,41.394575306936474,0.00012491520648113562,2.7489360820852177e-05,1.2781262797005328e-15,0.9999998636724496,0.24789941999915754
19bf09cd523a82355ba2cb0c,morse,analytical,47.79695320807535,0.0001244541089610421,2.7256916115778796e-05,1.715468330212429e-15,0.9999998644319682,0.24856952800109866
860a135b9a882d52ea8ed6dd,morse,analytical,40.17850431566838,0.00012118396745469235,2.7383858238829527e-05,1.5915513759465717e-15,0.9999998642145751,0.24814249999872118
a6d9c37481ff1671afe1e41c,morse,analytical,47.19964411993779,0.00010816653051162573,2.6612159735640814e-05,1.1631002222815043e-15,0.9999998658730122,0.24858161499832931
a3c7006f7bdf65a0ac990378,morse,analytical,34.8668439349317,0.0001482479611694711,2.8446910532513365e-05,1.6859351341068371e-15,0.9999998617221052,0.2473118109992356
0d982455ea20d0e99d8877b6,morse,analytical,44.06101592246898,0.00013472244139739188,2.7815239709260305e-05,1.5905557782076768e-15,0.9999998634647118,0.2475093620014377
9b8452e2dda7faf0800be373,morse,analytical,43.36640656465059,0.00011480742690123147,2.6835830451698365e-05,1.344289099585272e-15,0.9999998657303034,0.2482387829986692
78f47daa4d0af806a771d188,morse,analytical,43.61796341338648,0.00011818905544040856,2.722177430507305e-05,1.251851528740114e-15,0.9999998644396354,0.24845156499941368
80862fed45c094d0752867e4,morse,analytical,38.110998885155844,0.00013192019539170154,2.795726946204778e-05,2.1391257469535128e-15,0.9999998624758265,0.2469737110004644
13c56925a95e16abd2973c96,morse,analytical,43.82549076363762,0.0001269550021102507,2.7345537967193525e-05,1.935776612617962e-15,0.9999998645645661,0.24909044800006086
1e1d9575db8c65c31ba86ba6,morse,analytical,38.45482433951621,0.00011906171622756625,2.7384241845721357e-05,1.3667679468530645e-15,0.9999998639925762,0.24810032099958335
359b71ff9b362d010567e80d,morse,analytical,49.914488044944605,0.00010057293291470454,2.638025727645123e-05,1.2027466058698105e-15,0.9999998664142571,0.2496315840016905
8341c2ec0314a68f60678ff0,morse,analytical,39.560131758710554,0.0001400989137879919,2.7933876265820055e-05,1.443704550527515e-15,0.9999998629037903,0.24816912499954924
4d8a0b9f759872576375a1f7,morse,analytical,43.05849245194567,0.00012885513273893303,2.777798431087437e-05,1.3188230585113452e-15,0.999999863094984,0.24738211699877866
5072d3506745ab0403feaafa,morse,analytical,39.40457053014998,0.00011541642895337729,2.6900579511423176e-05,1.3322676295501878e-15,0.9999998654463295,0.2500211879996641
ba6b2c1a568a44cb1e9eff00,morse,analytical,48.841234012553315,0.00010816175192529747,2.6771259283189467e-05,1.6018960283655956e-15,0.9999998654016288,0.2581713250001485
5b25bf566708070d3076e33d,morse,analytical,40.299270529513166,0.00012482486132647832,2.758154771729015e-05,1.78141093873545e-15,0.999999863598309,0.24862173400106258
3e9df51fa9920cd23ee961c8,morse,analytical,44.95306359631723,0.00012512280226033572,2.7443238209348004e-05,1.1331809349862216e-15,0.9999998641503982,0.24860863499998231
0f3b92a33aa5a6d62915e82e,morse,analytical,42.68203726766991,0.00011910898205937527,2.7259559579498076e-05,1.3766434997565808e-15,0.9999998644554234,0.24878699200053234
cea80d55f8fcf386d3b5564f,morse,analytical,44.3346946343144,0.00010702696540532907,2.6854401310997404e-05,1.5543122344752192e-15,0.9999998651624643,0.2494388209997851
f09f4369e9960d2988b57551,morse,analytical,37.33017781079522,0.00015056998367929376,2.8285840629060283e-05,1.3535149209790394e-15,0.9999998623061866,0.24914862399964477
375c7b02beace9fd5ca16641,morse,analytical,46.29431096050217,0.00013392541033371104,2.765315491072888e-05,1.6877828336484883e-15,0.9999998638681811,0.25004392499977257
ce2bf028e1d258c807c7351d,morse,analytical,41.809165554608924,0.00011130173089537115,2.693488516405731e-05,1.5436446306972339e-15,0.9999998650011607,0.24887616799969692
60ce317b8da49b87f53cca78,morse,analytical,45.46864055347801,0.0001151198698227814,2.706102300711896e-05,1.805805813024653e-15,0.9999998649333771,0.24834734900105104
5113171287096c8253a46217,morse,analytical,36.17918218852531,0.00013641361883957954,2.7999961063879108e-05,1.6550330427347723e-15,0.9999998625484959,0.2475745449992246
69b867bbdb117e6743d6b249,morse,analytical,43.99733422793337,0.00012138410674273644,2.7290706844226516e-05,1.3866637944367845e-15,0.9999998645298706,0.2470051380005316
cab478299af1c629c22f5b5e,morse,analytical,39.314304874977836,0.00011665391575312472,2.7271054163144632e-05,1.4320956415687175e-15,0.9999998642757119,0.2466696210012742
b9a0787ca22211c11cc816a7,morse,analytical,49.33668600058277,0.00010289773450454165,2.6354960727448614e-05,1.3435968881894804e-15,0.9999998664953287,0.24747551700056647
354ae3b240d8313a4763c5d1,morse,analytical,39.69179833835615,0.00013911036212058765,2.7916276432039333e-05,1.1102230246251565e-15,0.9999998630035631,0.24865739699998812
c97a3670759d4c85f40bb8f5,morse,analytical,45.53569460206138,0.00012331800445183007,2.7554249123843507e-05,1.9266506564767245e-15,0.9999998633752119,0.24802748799993424
2d44b987417aa9827d2aaf4e,morse,analytical,44.152700391676646,0.00010507108367039271,2.6579707395417404e-05,1.887379141862766e-15,0.9999998658273365,0.2473337730007188
9c8c5e7d1f5a4a04757b620f,morse,analytical,44.702842612377026,0.00011423431774116779,2.6865464705796733e-05,2.3304095801743004e-15,0.9999998654735712,0.24894973300069978
a73995a1d4e41e1a396fd712,morse,analytical,38.399590349910795,0.00012753096207578535,2.7608597261894775e-05,1.781848821721663e-15,0.9999998637504459,0.25480482800048776
6b82cc3b88e49fb503747ede,morse,analytical,45.084642226320454,0.00012186883462181241,2.736956802960622e-05,1.4608451320767096e-15,0.9999998639568284,0.24870794199887314
114d0da488d519fd8a50a365,morse,analytical,37.326185959320156,0.0001243603254369838,2.7527717338821833e-05,1.85308852262849e-15,0.9999998635867593,0.24919393100026355
41d5bf3511b31efe2975c33a,morse,analytical,50.430238980252646,0.00010005506328180359,2.6469170236585567e-05,1.887379141862766e-15,0.9999998661168252,0.2479313280000497
7033837e910f10d11794f994,morse,analytical,37.7710364962434,0.0001411828497174664,2.8219316038626488e-05,1.9913053665046864e-15,0.9999998620431633,0.24751237399868842
02b15023af6d6747d18884f8,morse,analytical,40.7888339671715,0.00013641767476363413,2.8146291242748337e-05,1.595890074439739e-15,0.999999862142135,0.2482263599995349
7498cf363123f0dc4553da2c,morse,analytical,40.22341701868246,0.00011606987589737975,2.710935678827723e-05,1.7496232621890074e-15,0.9999998644652722,0.24912630099970556
d486748f7088fa5e0698ee07,morse,analytical,46.45930676603635,0.00011607399668818423,2.7091969737925508e-05,1.1273496202785607e-15,0.9999998646885327,0.25115135299893154
1076d3ecb67653247d9c45c8,morse,analytical,41.115379085759564,0.0001284926292131436,2.7745121641246615e-05,1.5699479350489892e-15,0.9999998631710889,0.24738775799960422
dbad3178382cfa1db79cb9b9,morse,analytical,46.959109169543325,0.00011676724798948457,2.724010231645727e-05,2.130210028061044e-15,0.999999864102318,0.24818968100044003
1b9225960e1f7f7ac6e78e8d,morse,analytical,41.57769486825458,0.0001169609647471535,2.7200987905004303e-05,1.203397686247669e-15,0.9999998646016207,0.2479570830000739
8509ef2b4e39bbb8dca73596,morse,analytical,46.410656633603566,0.0001030441401486892,2.6612011848998662e-05,1.2072177456778257e-15,0.9999998657256265,0.24966030799987493
db8991572863426381e9ecf9,morse,analytical,36.24470002936378,0.0001451592185452811,2.8268895581670216e-05,1.0161985143628164e-15,0.9999998623166745,0.2491671670013602
bde19aec6b730e424e9ed4da,poschl_h,analytical,1.325561312515025,0.0007079626969048688,6.244372303951468e-05,2.4202407281967806e-15,0.9999998341875675,0.2439725919994089
05e0ced05a4438041fa6b284,poschl_h,analytical,1.086649341192004,0.0009656591778559891,8.79823716137376e-05,1.9887033488195118e-15,0.9999998198595642,0.24357256599978427
0e4d6bcc05e131ec8de7ea20,poschl_h,analytical,1.4166581943486438,0.0007349477414749057,6.68331438500169e-05,2.738995838671912e-15,0.9999998307853313,0.2425230629996804
c0ad3ee1e6e4d98119114123,poschl_h,analytical,0.3708922045092473,0.0015083405996726199,0.00014679932528011567,1.4271036908225007e-15,0.9999997981193749,0.24214178800139052
200b663cbabad404424f3f10,poschl_h,analytical,0.8028890658375891,0.0008598240347134745,7.731380295761027e-05,1.3979485427089034e-15,0.9999998252968801,0.24350520900043193
34f67acaaf74356115fd9d4b,poschl_h,analytical,0.6336214085952498,0.0012331383125726686,0.00011450514949227433,2.436625580625097e-15,0.9999998090878317,0.24234464500113972
3472a5ffe65cde68ce5b3d96,poschl_h,analytical,1.8182101090516465,0.0006704765771258107,5.8991385166764976e-05,1.2212453270876722e-15,0.9999998364796687,0.24138662800032762
bfcdff2a33ff5fc742854f96,poschl_h,analytical,0.676466381778277,0.0010864605579899516,9.527509056638441e-05,1.8179908463702104e-15,0.9999998178765533,0.24172410699975444
f3921a3e8cafda9e4219037d,poschl_h,analytical,1.013086378727059,0.0008044529678683647,7.289117876780215e-05,1.4196361996529588e-15,0.9999998274286183,0.24066587500055903
0158b9e1c5a4cc205d93acef,poschl_h,analytical,0.6068622635991545,0.0013976306117954313,0.00012930786401505015,1.236999015199463e-15,0.9999998046498473,0.24154378900129814
82867b579bff50b90d693ca2,poschl_h,analytical,1.3592187618111922,0.0006963912656280281,6.394786245814145e-05,1.287496277130201e-15,0.9999998323130331,0.2408282300002611
c9cde521ee670180bd3dc912,poschl_h,analytical,0.7359168764341302,0.0009625504259723831,8.464794580830477e-05,1.87111399134239e-15,0.9999998223478738,0.24110418000054779
f6dfa6e26cefbcbc18c27630,poschl_h,analytical,1.454508828413263,0.0005994328169200408,5.542251777006465e-05,1.9993864299578616e-15,0.9999998378645335,0.24101039100060007
05a38873d4c03fb94ffbe8c7,poschl_h,analytical,0.7219989900625645,0.0011496915400080329,0.00010633676450681332,1.4168242787028405e-15,0.9999998120470068,0.2404449890000251
a6a5f3e64469c7247733f264,poschl_h,analytical,1.2979447610162413,0.0008325811063939398,7.603977884770167e-05,1.4075784291958788e-15,0.9999998255505754,0.24070196399952692
fc9f50f4af33d0e73f21051d,poschl_h,analytical,0.5522455520764247,0.0012933436995193803,0.00012136392365424555,1.0250340272544612e-15,0.9999998065307341,0.24095069699978922
3eeb970e12e5a23546e21508,poschl_h,analytical,1.0767198586351414,0.0008333749682632379,7.413343524450998e-05,1.0367932368942083e-15,0.9999998272266429,0.24243428000045242
2e72921b5a1e413dffe43158,poschl_h,analytical,0.6837071379046105,0.0013348325464732813,0.00012198770047463528,1.6653345369377348e-15,0.9999998072376302,0.24108591200092633
af20b7f61af725ffef635879,poschl_h,analytical,1.7270271078276718,0.0006422472433625321,5.7249368718281575e-05,1.070377582647531e-15,0.9999998373715768,0.240850831998614
15153ab509dacb1ecdc4e0ee,poschl_h,analytical,0.6112562806091324,0.0011340388704957323,0.00010086638002990035,1.5578550270161208e-15,0.9999998152776804,0.2404149049998523
313d8b627b06c8df8a20be75,poschl_h,analytical,1.0436230411313554,0.0007143226788149046,6.494658777531437e-05,1.5085245917613437e-15,0.9999998319278864,0.24146068899972306
2285542f0a644376d22bb854,poschl_h,analytical,0.9406242919626635,0.0009215572464003315,8.417649329142347e-05,1.5500481155077672e-15,0.9999998215274357,0.24029176299882238
7e806d81d07359bc521195d4,poschl_h,analytical,1.3680359484166065,0.000798941148069877,6.920622054096009e-05,1.268466521605203e-15,0.9999998305830765,0.2412162589989748
83f7f5632d5f718466472c94,poschl_h,analytical,0.45296300107057874,0.001441988407872179,0.00013674085069730272,2.2552784450769787e-15,0.9999998017017341,0.24059135700008483
1f2e46d455e3188fefb3a263,poschl_h,analytical,1.4079881937345862,0.0006493538894079878,5.805134886372257e-05,1.4432899320127035e-15,0.9999998367592271,0.24056598100105475
9f8b7c98eb9bb8347aa72bb4,poschl_h,analytical,0.895862909727791,0.0010626350113944237,9.619721008816437e-05,2.1535183986414614e-15,0.9999998165683017,0.24091686799874878
a6ceac9e98872311c87a0729,poschl_h,analytical,1.0212433772584086,0.0009214699617662338,8.101818271589867e-05,1.7657163589876419e-15,0.9999998240559294,0.24079627199898823
04b996f8dd8d8e9951fc43a8,poschl_h,analytical,0.49339726140912,0.0012025672995026613,0.00010842271878519698,1.4432899320127035e-15,0.9999998121112762,0.23998771299920918
c96fd76931fa182a0baefd76,poschl_h,analytical,1.0177780481081369,0.0007572205022892565,6.791602131146112e-05,1.2071127323234063e-15,0.9999998304785925,0.23942719400110946
24f879b14fef98a233072efc,poschl_h,analytical,0.5108014068925799,0.0014837174651798684,0.00014453422021470648,2.073418981746343e-15,0.9999997986578414,0.24166763799985347
571355d89670587e6b002b3d,poschl_h,analytical,1.8630107597818366,0.000683973023391534,5.987453481499566e-05,1.5563324237191535e-15,0.9999998360095418,0.24217261400008283
76b41cac56b4be390ca69e1b,poschl_h,analytical,0.7832937427025835,0.001039497699882611,9.114430801942592e-05,1.1313837736013827e-15,0.9999998195776384,0.24180553400037752
6647a40665f8c5be8e132c6e,poschl_h,analytical,1.2332321998773965,0.0007570746017558298,6.62006916224419e-05,1.4253326029104758e-15,0.9999998320939442,0.24169658000027994
f58c08b102e72d49ddc3809e,poschl_h,analytical,0.532656543090221,0.0015262862262718608,0.0001527645015530588,1.516877578587305e-15,0.9999997955746409,0.2429522430011275
a0b28159ab2761a2efd3bd53,poschl_h,analytical,1.6153459135046049,0.0006860041850967497,6.144565846940679e-05,1.332321917534151e-15,0.9999998344712226,0.2424685240002873
e496bc4d3c985b0926d47a06,poschl_h,analytical,0.6970057794784008,0.0010029643862179574,8.84239851355415e-05,1.5133925277427008e-15,0.9999998205891185,0.24242441800015513
1ca18ba0390ee75f7f0aec5f,poschl_h,analytical,1.1559020738863248,0.0006484011076490107,5.9546382856258614e-05,1.5654377495559905e-15,0.9999998351544132,0.24197043099957227
b672981bc7867a3477c0afff,poschl_h,analytical,0.8383670928877489,0.0010191116935952319,9.324295361930147e-05,1.3322676295501878e-15,0.9999998174686798,0.24065884799892956
0085a995cd80d10f616d2833,poschl_h,analytical,1.1835824637003345,0.0009020493830156917,7.876686704660572e-05,9.992007221626409e-16,0.9999998253347674,0.24219814199932443
77f928802994b3d2f19079b0,poschl_h,analytical,0.5501963913505632,0.0012411494439536009,0.00011317704591684933,1.9159518908598974e-15,0.9999998101230404,0.24044059999869205
63151bb57c1b0489a59c91d6,poschl_h,analytical,1.2662692541229452,0.0007174540608212432,6.33375095103476e-05,1.6860491001965763e-15,0.9999998336075844,0.2421091759988485
3eb8f4801acfc9b41677b285,poschl_h,analytical,1.00428262211606,0.0009664526787051446,8.687898576079072e-05,1.113844318041419e-15,0.9999998207288059,0.2423838260001503
ef8503e7e761ea6ecc101e6c,poschl_h,analytical,1.1759302353080452,0.0008179643280736339,7.119084339278798e-05,1.5809635889616978e-15,0.999999829362032,0.24212450199956947
6fe93a7b4e80a33db5f5ef58,poschl_h,analytical,0.40735907426812545,0.001395329980754066,0.0001309159864590406,2.2475157036854835e-15,0.9999998036964114,0.24327979900044738
c3fcb9ebe2e1602bc0a2a11c,poschl_h,analytical,0.8831870727174396,0.0008609732648301607,7.634620441857902e-05,1.2955398792576564e-15,0.9999998261527774,0.24153046600076777
9b898b23aa80f6cb30904b37,poschl_h,analytical,0.644979407981948,0.0012515864476461286,0.00011771423807519963,2.0214374171007414e-15,0.9999998076126647,0.2430996530001721
0050964bbfd667434ddc65b1,poschl_h,analytical,1.9848669009365594,0.0006132007993941797,5.626142040273893e-05,1.4790068341671332e-15,0.9999998374327044,0.24222439999903145
1d10cbd30d97bc7f35edeacf,poschl_h,analytical,0.6780246139257633,0.0011577151158145569,0.00010510419614224253,1.0005249298133084e-15,0.9999998130762145,0.2429174859989871
dd7c3ec7e218f854b6e7ce2b,poschl_h,analytical,1.5879776303433406,0.0006268140036511457,5.638392517424217e-05,1.6698045961202336e-15,0.9999998377746983,0.24297947299965017
6ec8a2b9e6ae8fda579c8485,poschl_h,analytical,0.8706046336318245,0.001124460992844274,0.0001020314788635788,1.4683309542198108e-15,0.9999998142290123,0.24215219100005925
ed73135bda4aa9020238aeed,poschl_h,analytical,1.1819102201154577,0.0008061519846530927,7.384445193418962e-05,1.4371867609062237e-15,0.9999998266384642,0.2403727170003549
ed0e145246db58a09dcdfe4f,poschl_h,analytical,0.4665856896107927,0.0013251133356468605,0.00012655176510503472,1.3322676295501878e-15,0.9999998043436782,0.24265486299918848
5f134dac31de9ab7e3c1bc02,poschl_h,analytical,0.9349150851117836,0.0007831534469235026,7.08357240642577e-05,1.5532791576119319e-15,0.9999998286063552,0.2425336550004431
9d90a4f8e04bb57b1b14e3bc,poschl_h,analytical,0.5010484695131732,0.001442380264308309,0.00013503237779253442,2.0385390695180844e-15,0.9999998026314725,0.2423693099990487
5d48ed485ede31f9ab828e33,poschl_h,analytical,1.5110414005588098,0.0007384018310373577,6.518073800875111e-05,1.887379141862766e-15,0.9999998324805718,0.24158368399912433
3b07e03bb6ef142d2b0e3f2a,poschl_h,analytical,0.8677570438295685,0.0009209733559125372,8.205261046566223e-05,1.7224671991095357e-15,0.9999998232062615,0.24173639099899447
56e031b5fc8c175f5c91065a,poschl_h,analytical,0.8738658384167683,0.0008766105283644457,7.949718291398618e-05,9.940856969893253e-16,0.9999998239757664,0.24231141500058584
366edb30cd32c36378af9d34,poschl_h,analytical,0.7673209989617877,0.0011927276004602577,0.00010967080281760268,1.445279447104855e-15,0.9999998110497264,0.24135255300097924
54d4b1d0484e8149d93f7b75,poschl_h,analytical,1.64229983476514,0.0006293637091922225,5.786862387951464e-05,1.9665618948092028e-15,0.9999998362656237,0.24241574599909654
56afca9f80ef79147a76e27e,poschl_h,analytical,0.5725275178918787,0.0010805028584284935,9.890502955190983e-05,1.6722110821853658e-15,0.9999998151634165,0.23888678799994523
404cab58e7417eb4107bcdd9,poschl_h,analytical,1.2200456552957624,0.0006606530343478938,6.120489351898014e-05,1.293821663319252e-15,0.9999998338609086,0.24136219800129766
1d2315b99639dc446e7386ec,poschl_h,analytical,0.9118312197968317,0.0010003082168556264,9.0672929395479e-05,1.5543122344752192e-15,0.9999998188272541,0.24181272399982845
6983728e327683d6d51a7ba2,poschl_h,analytical,1.563921367289586,0.0007817474302540549,6.815886455630436e-05,2.1295953080650423e-15,0.9999998310214488,0.24160488600136887
f7fa390b1a817682db6b3958,poschl_h,analytical,0.44575467171860783,0.0014741335214275533,0.00013901416390428277,1.7763568394002505e-15,0.9999998012989558,0.24191365399929055
f1c7a1b537ec819b890849d0,poschl_h,analytical,0.9456315310040768,0.0008840938058237576,7.85722315613641e-05,1.6695258892256818e-15,0.9999998249680301,0.2411571519987774
3cdac5d4e9f5d347ad5a0533,poschl_h,analytical,0.7873875908017558,0.0012184733201048418,0.00011285447044002885,1.4222873680384044e-15,0.9999998097242684,0.24166722500012838
099922b16c448402c96715e1,poschl_h,analytical,1.648872493985964,0.0006782405786878281,5.982241690157923e-05,8.881784197001252e-16,0.9999998358745902,0.2391173260002688
a2e45fb666ed1171e879c926,poschl_h,analytical,0.6564519886271452,0.0010279712685345036,9.45472324832903e-05,1.1102230246251565e-15,0.9999998167739441,0.2413056699988374
88b033e9340257236d5c6a16,poschl_h,analytical,1.0938842497092685,0.0006737769788101138,6.211857344823419e-05,1.927025551522746e-15,0.9999998333794003,0.2421408859991061
7d465ca80342e8264a42468a,poschl_h,analytical,0.8787290224790647,0.0010089965245881655,8.962969092415297e-05,1.2610282414869788e-15,0.9999998198522394,0.24233026900037657
c00823e377e689d12e373198,poschl_h,analytical,1.5282639642195281,0.0007431999731299213,6.606608081468699e-05,1.9876671664246567e-15,0.9999998317831185,0.24292122799852223
725122e2c02f4b2eb09e67b1,poschl_h,analytical,0.38070911638748584,0.0015554371993148836,0.00015138973116782963,1.2470073314432386e-15,0.9999997969917446,0.2421785490005277
75f6c1dbe3847ecf033fdd2c,poschl_h,analytical,1.514925451754861,0.0006285633298343268,5.568169788198807e-05,1.2855002480254567e-15,0.9999998385989425,0.24064419000023918
9eaef01f3b2c7a5cfd96a5b4,poschl_h,analytical,0.8009764106515167,0.0011433167852216628,0.00010358670208659392,1.1102230246251565e-15,0.9999998136953552,0.24196662999929686
0a650e0076f0f2e2685e7472,poschl_h,analytical,1.051412153217739,0.0008772738528217094,7.651939353782912e-05,1.4017862067129643e-15,0.999999826490261,0.2411999920004746
b82932f3f36c8f86db48e72d,poschl_h,analytical,0.47167421314415847,0.0012736338853324178,0.00011804061076310096,1.6265962196216086e-15,0.9999998079977516,0.24165177299983043
878ae0bb34463f75a9faebb6,poschl_h,analytical,1.00035670728617,0.0007854344607764219,7.176878090918131e-05,1.3385646766741342e-15,0.9999998278344145,0.24319300599927374
a3e0b7e14a270226a4824098,poschl_h,analytical,0.5451627847258242,0.0013619406170618045,0.00013203392921602345,1.7763568394002505e-15,0.999999802213269,0.24200538999866694
1208501955f27f69371d10ac,poschl_h,analytical,1.714751638102344,0.0006856850427280288,6.30328664504239e-05,1.7554567224616824e-15,0.9999998328629846,0.24132527200163167
bbfa0109ea99f63f502bef8d,poschl_h,analytical,0.8621209069775304,0.0009632818709426714,8.574252596822651e-05,2.425034746982558e-15,0.9999998215160226,0.24268432200005918
776626743cb7264f25553d9f,poschl_h,analytical,1.2990998647912146,0.0007513883585597902,6.53050175824241e-05,1.2745877517030494e-15,0.9999998327717136,0.24375915699965844
7d5c26584d711b3df44aa4a5,poschl_h,analytical,1.1421160406775535,0.0009351049283174452,8.221072721617766e-05,1.4037247622688987e-15,0.9999998234897083,0.2429874870013009
c31bbfb24255d2dcb4c434fa,poschl_h,analytical,1.2915358508419734,0.0007922025220172292,7.002897892583257e-05,1.4629637804535064e-15,0.9999998296235576,0.24331562099905568
a8d21116915cea02a5e55a00,poschl_h,analytical,0.4273910686121676,0.0014087914001287875,0.0001327970609851066,1.5543122344752192e-15,0.9999998030006431,0.24297541399937472
3e1988d3026852cfb5ceb7b2,poschl_h,analytical,0.8884301000480779,0.0008136925370968723,7.298827199827187e-05,1.2652302255980672e-15,0.999999827629514,0.24314950900043186
a97a1fc7d984b4dd7cdac7d7,poschl_h,analytical,0.5589117106230477,0.0013554053783297422,0.00012385334434086373,1.4929349838089741e-15,0.9999998066776716,0.24332882100134157
d19acd92deec8eb9134425d7,poschl_h,analytical,1.8680652129207491,0.0006370050660944977,5.64744829456453e-05,1.3322676295501878e-15,0.9999998380261935,0.24282352900081605
b5f54e01673aff0979c76a0e,poschl_h,analytical,0.6485990554173267,0.0011433611256212882,0.00010227909691389211,1.4432899320127035e-15,0.9999998145728554,0.24304973700054688
b0704b8d22dac977ebc1ee3c,poschl_h,analytical,1.082895153987442,0.0007724950014269489,6.894302435600417e-05,1.2561428773348865e-15,0.9999998300056597,0.24233589300092717
d06f0b47162549cf4ccdaa68,poschl_h,analytical,0.5497238485635947,0.0014538005702782522,0.0001422095263173818,1.4957559522332735e-15,0.9999997991032087,0.24210950499946193
b28063fa5e10f7df0bbd27aa,poschl_h,analytical,1.5335069734482545,0.0006919967473389834,6.071971152100308e-05,1.616078542468301e-15,0.999999835406366,0.2422170300014841
9a661b377a13f7dc5764d0b0,poschl_h,analytical,0.6358305472829544,0.0009833736111415647,9.046602131598161e-05,1.01232012655939e-15,0.9999998184946075,0.24220370100010769
2f16d835e4e2f833b08221b9,poschl_h,analytical,1.2879377344520204,0.0006185282214867058,5.7767974086199936e-05,1.3322676295501878e-15,0.999999835991897,0.24181561700061138
4346cf4e215e1b70f9eea164,poschl_h,analytical,0.8374051690407516,0.0011152628406027264,9.80953664632114e-05,1.2212453270876722e-15,0.9999998166753035,0.241307586999028
dbe7834728d2deb371d980c0,poschl_h,analytical,1.215938958648449,0.000922892992357633,8.000584642241801e-05,2.0992207188808147e-15,0.9999998249201799,0.24242225200032408
0f463264e636347e6a46dc3d,poschl_h,analytical,0.609174475690601,0.001212614235385151,0.00011135062979715312,1.7474845062663834e-15,0.9999998105133266,0.24055628700079978
014942b71c7c6bdf685e01ec,poschl_h,analytical,1.4580191050011226,0.0006595725773806718,5.889249376953675e-05,1.5655690091863887e-15,0.999999836218675,0.24455056400074682
dbae840d0b216a9371d344bb,poschl_h,analytical,0.9734030054266904,0.00106884966794848,9.505825769098884e-05,1.3726495696228732e-15,0.9999998175504062,0.24167405499974848
e022d664f3d3b3c28efb7746,poschl_h,analytical,1.1349030708173657,0.0008545724410985805,7.82470470829755e-05,1.861291660300539e-15,0.9999998243498313,0.24327287999949476
132b8e23dc2021c6f610b441,poschl_h,analytical,0.4923642672705748,0.0012543984680741136,0.00011627514431861505,2.634191255022695e-15,0.9999998085630587,0.24168426299911516
1aef84a874be2c7ccb2a55fe,poschl_h,analytical,0.9521166475387908,0.0007701425618949569,6.718017582089956e-05,1.4066882557283958e-15,0.9999998315760847,0.24267550199874677
b8fa945a71e1618dbb796929,poschl_h,analytical,0.46213913802609863,0.0015504063583951628,0.00014940843677270203,1.9313262566614894e-15,0.999999797853895,0.24242118999973172
2b8b7d7977cf79fc8b252ff9,poschl_h,analytical,1.6500812095181043,0.0006960745533288336,6.233182216738876e-05,1.5453114328609244e-15,0.9999998339107408,0.23999558099967544
b3685ed5445e6f1608046695,poschl_h,analytical,0.7796708464936621,0.0010017781016192497,8.728973428752527e-05,1.7125680305678092e-15,0.9999998214157941,0.2411323509986687
f45785ace27859b285815396,poschl_h,analytical,1.0001406793019774,0.0008380393580787787,7.513507686522463e-05,1.3634260205105682e-15,0.9999998264985919,0.24206006300119043
6b79a908652e1b51240bb4dd,poschl_h,analytical,0.6575460293097981,0.0012673894251354276,0.00011944989761595491,1.0551440267832866e-15,0.9999998069856542,0.2419956639987504
ed00da8882e0b736ed11fa4c,poschl_h,analytical,1.7222661106221047,0.000609605319381985,5.551396085063509e-05,1.0109715212055896e-15,0.9999998381247271,0.24500268599877018
6685740070c610cff0b5c5e1,poschl_h,analytical,0.5241508097521761,0.0011709656812475332,0.00010662724758013285,1.8250681756517267e-15,0.9999998124325645,0.2413862129997142
a3256048376d12e5bcf7de00,poschl_h,analytical,1.1493373072202457,0.0007091922175088885,6.407270364534566e-05,1.5543122344752192e-15,0.9999998326142642,0.24259196299863106
73e2f18aa1903e6c26f2719e,poschl_h,analytical,0.9790353502822766,0.0009787272858824924,8.483079816182277e-05,1.4096259356243218e-15,0.9999998226628098,0.2420712619987171
34b49b15ed3f428a1433258c,poschl_h,analytical,1.3832482297640194,0.0008115249117389755,7.204022872041624e-05,1.2936724357873202e-15,0.9999998284054128,0.24262957900100446
02058f8a5f434eef2b89930c,poschl_h,analytical,0.5267959102491089,0.001366021862403979,0.00012719277832652762,1.2016362604401365e-15,0.9999998050376291,0.24266574300054344
299d8a5b5bff6837844c3c43,poschl_h,analytical,1.1702313973173482,0.0007669957592370416,6.977228827267126e-05,1.3322676295501878e-15,0.9999998290659811,0.24332032599886588
691ce65363eea2349e2b09c6,poschl_h,analytical,0.5913339355013969,0.0014113047369034093,0.00013795579564907336,1.3992543732900955e-15,0.9999998002635218,0.24209767100001045
3723ea04fa051bf6686e93b0,poschl_h,analytical,1.4503887555028872,0.0007253119031863065,6.422788020527802e-05,1.4432899320127035e-15,0.9999998329864678,0.25089277799997944
960c10cd651fa9193747d3cf,poschl_h,analytical,0.8019502137430035,0.0009191273236216518,8.308376112813722e-05,1.3796953264890769e-15,0.9999998223252479,0.2433398719986144
2248c31e5f85c6a90bbcc6be,poschl_h,analytical,1.3039296444036363,0.0006145261922480822,5.699761955476012e-05,9.053629079336542e-16,0.9999998366798248,0.2434563970000454
d7b1512fc1c046c3e0b5dbb0,poschl_h,analytical,0.7340551831250659,0.0011209664553616082,9.942477572543877e-05,1.3672886521177778e-15,0.9999998159112393,0.24264483099977951
fedd2c97dc7a4a2a5ebfa584,poschl_h,analytical,1.2591183978818972,0.0008497479935681316,7.430448806969611e-05,1.6896216531993032e-15,0.9999998275718746,0.24185274800038314
0cd02fe46fbf43014805d4a9,poschl_h,analytical,0.505786225102753,0.001302152623780533,0.00012304284565612427,1.7763568394002505e-15,0.9999998057742704,0.243013498999062
bdd5a880ded32c8b57da255f,poschl_h,analytical,1.2825750342942142,0.0006702272103376672,6.051817209075441e-05,1.4759071285025342e-15,0.9999998348908751,0.24283160400045745
d9a186e16eaac73ba176331e,poschl_h,analytical,0.9654601937855336,0.0010459762447914535,9.239151669537517e-05,1.5251076064621258e-15,0.9999998188430783,0.2423646799998096
e40615581bba0c2cfaa9c1aa,poschl_h,analytical,1.2881695015448855,0.0007439954974511296,6.778303290223356e-05,1.374052797159647e-15,0.999999830179061,0.24298942899986287
716c28323bd5c1527ad04887,poschl_h,analytical,0.3594518084840441,0.0015160181944368224,0.00014328068632522812,1.422129648748043e-15,0.9999998001136283,0.2418975260006846
41e1d68e945c8c557a40f701,poschl_h,analytical,0.8073164802115276,0.0009040254010982184,8.08246208867258e-05,1.727638596767783e-15,0.9999998237026759,0.24218335200021102
5e664fe0e9405b67a8d2890e,poschl_h,analytical,0.7274322284946706,0.0011822102766697654,0.00010814376909726896,1.7940965494403887e-15,0.9999998117493347,0.24191434800013667
c73963c7b0e7d254adb2220c,poschl_h,analytical,1.9517337998784186,0.0006351241640106662,5.866680415538278e-05,2.05261037342923e-15,0.9999998356184957,0.24346610700013116
692dc0efa527181d1bd2c1a4,poschl_h,analytical,0.708247224085925,0.0010720736627502048,9.754855210165912e-05,1.7998383514996435e-15,0.9999998158769774,0.24249859600058699
59f95cefab35d35d9c096812,poschl_t,analytical,inf,0.0,0.0001371356788817349,1.7102931291798916e-15,0.9999997273713822,0.2598449219985923
5863819323742ff19490b372,poschl_t,analytical,inf,0.0,6.557926938870694e-05,1.2212453270876722e-15,0.9999996692611648,0.2581137489996763
46fa9383f6d1d06ebea1247d,poschl_t,analytical,inf,0.0,0.000185053767206971,1.5160156703570267e-15,0.9999997348754024,0.2568920749999961
3495348f23a870d064b057c9,poschl_t,analytical,inf,0.0,6.652798602594872e-05,1.4280665452885732e-15,0.9999996773256792,0.25815049300035753
76d65e5f6f7287e76fb9a146,poschl_t,analytical,inf,0.0,0.00037171232238317924,1.83756114826289e-15,0.9999997287619746,0.26023630000054254
64b8295b7afe13faee3f06fa,poschl_t,analytical,inf,0.0,0.0002786341355055832,1.6225221979993582e-15,0.9999997279326295,0.2578113130002748
56e758e708fe3502dbc01246,poschl_t,analytical,inf,0.0,9.659449147455256e-05,2.393095783946808e-15,0.9999996925785469,0.25995836299989605
e7519f9a4209cb944dd550f6,poschl_t,analytical,inf,0.0,7.17467543945589e-05,1.5985402604382056e-15,0.9999996920438974,0.26050321299953794
637b99d9bcd5990ca79ee2f6,poschl_t,analytical,inf,0.0,0.0001439735013876349,1.1000947355307675e-15,0.9999997033670778,0.264454995000051
9f68fef5e174fe2d9d9c4e4e,poschl_t,analytical,inf,0.0,7.991587533690896e-05,1.4191994779960495e-15,0.9999997028302704,0.25828932100012025
cb56e3af0bdce3e4bdcb95b2,poschl_t,analytical,inf,0.0,8.179323563659786e-05,1.6235660709839107e-15,0.9999997139963697,0.25883978599995316
05ee7208a40a5dcaacea0a7b,poschl_t,analytical,inf,0.0,0.0005538100960583217,1.1102230246251565e-15,0.9999997153408435,0.26117739099936443
735471796d89edc663997cca,poschl_t,analytical,inf,0.0,0.00012414051196248772,1.27866350038661e-15,0.9999997311147789,0.2594473579993064
bb654261c4daaa3a88b7a92e,poschl_t,analytical,inf,0.0,6.570581361959064e-05,1.2850321337250222e-15,0.9999996734563448,0.257147555001211
082e5035c7d0437a75d276b1,poschl_t,analytical,inf,0.0,0.0005112223044668439,1.5543122344752192e-15,0.999999754636981,0.2597124950007128
3a47351e6ac16212a1fcb625,poschl_t,analytical,inf,0.0,7.129700158038097e-05,1.647552791929746e-15,0.9999996990222262,0.2585398399987753
0f3a8ad15150c980b8182750,poschl_t,analytical,inf,0.0,0.0005246996797876201,1.641025993145549e-15,0.9999997405951284,0.25749006499972893
567570d7d01881bab8ab45a6,poschl_t,analytical,inf,0.0,6.994926173854283e-05,2.3241855135534307e-15,0.9999996845528496,0.2590336709999974
2d9152b22d09e652233be83f,poschl_t,analytical,inf,0.0,0.0004323870960513289,1.3211912494917449e-15,0.999999742716453,0.25877095899886626
dcc59901e68266870cfad563,poschl_t,analytical,inf,0.0,6.878199431541541e-05,1.5543122344752192e-15,0.9999996849162622,0.2574485650002316
4e6e0c8b043d1ed8ead96322,poschl_t,analytical,inf,0.0,7.854824067720793e-05,1.5552872218928987e-15,0.9999996985804623,0.2572962509984791
eec43baf50c281bc23de3cd9,poschl_t,analytical,inf,0.0,0.0001014157325707863,1.4927479909446468e-15,0.9999996984446443,0.25950319500043406
883acf10a0ff3ec19436d7fb,poschl_t,analytical,inf,0.0,0.00013675927182659432,1.5426894577245086e-15,0.999999714983202,0.2600116310004523
be217edef2d34fb0c99a115c,poschl_t,analytical,inf,0.0,0.00017593913585854304,2.5444472178023407e-15,0.9999997155327036,0.2591425270002219
44f3b1513982fca62f74d79d,poschl_t,analytical,inf,0.0,0.00011742047715291715,1.7653350911913597e-15,0.999999711289068,0.2609706979983457
b4a5a3e5df32929bd7a0d584,poschl_t,analytical,inf,0.0,0.000147433422735637,2.263867699384525e-15,0.9999997118443625,0.25865208200048073
bd7a29d2dc7c8c4889a43342,poschl_t,analytical,inf,0.0,0.00026005081139238054,1.193083716170735e-15,0.9999997137867493,0.25972803400145494
68c4a4fb2e38a0e46f14eeb9,poschl_t,analytical,inf,0.0,9.363026865335642e-05,1.460113071595422e-15,0.9999997124443387,0.25937958100075775
2fd0c9418275edcf4e301fff,poschl_t,analytical,inf,0.0,0.000402541137227191,2.1820349306991197e-15,0.9999997523653532,0.25941559199964104
9befdb2f384f85fe8f9f9673,poschl_t,analytical,inf,0.0,6.995932187769511e-05,1.3632700612183396e-15,0.9999996957240744,0.2576643939992209
98b391767b6d4bc1e403b373,poschl_t,analytical,inf,0.0,7.91031641398449e-05,1.3472069564172062e-15,0.9999997123609263,0.25681892900138337
55229bd7a2eeb340979ea69b,poschl_t,analytical,inf,0.0,6.405837591513823e-05,2.293098188175204e-15,0.9999996538860723,0.25998222999987775
4303d58677b422083c6f16d8,poschl_t,analytical,inf,0.0,0.0001992590767030592,1.7014564984550408e-15,0.999999727308977,0.25983838899992406
1c2f709b139a6351600eec74,poschl_t,analytical,inf,0.0,0.0005191020983733511,1.3322676295501878e-15,0.9999997277448739,0.2597910830008914
b1424f2f853293107d8828f7,poschl_t,analytical,inf,0.0,7.263765773118756e-05,2.035466023457891e-15,0.9999996890040499,0.25768805999905453
d0202588e91ab95cdb0c8209,poschl_t,analytical,inf,0.0,8.07535589843854e-05,2.210379361879747e-15,0.9999996899751975,0.25850714099942707
64f172a37e521dd69165cb30,poschl_t,analytical,inf,0.0,0.00021869283035814207,1.5543122344752192e-15,0.9999997399261373,0.25959499800046615
3ea300769ec8478c731614c6,poschl_t,analytical,inf,0.0,6.74152885057006e-05,1.3322676295501878e-15,0.9999996836394159,0.2600812210002914
b2a58f8dbce5b82e59b72bc9,poschl_t,analytical,inf,0.0,0.00035553281176857465,1.1826180013101755e-15,0.9999997463515272,0.2606180120001227
e8487d22e6d638a0d0a3d852,poschl_t,analytical,inf,0.0,6.877246867762522e-05,1.788021858686509e-15,0.9999996889175091,0.25960546799979056
bc751660c05911ac514fb9bf,poschl_t,analytical,inf,0.0,9.508229094208643e-05,1.5805873734717745e-15,0.9999997222093626,0.25858234299994365
14fcad740527abe1c0ee8b31,poschl_t,analytical,inf,0.0,6.46512766619574e-05,1.5695904825005055e-15,0.9999996623094797,0.25892670800021733
22f9a4f9fc128f617ef3b876,poschl_t,analytical,inf,0.0,0.00018516975444465465,1.9569830634931656e-15,0.9999997399877432,0.2591655450014514
d9d8a17d6b2fa15ad1feb8c0,poschl_t,analytical,inf,0.0,6.713957683426836e-05,2.0447792420318586e-15,0.9999996837003177,0.2603951990004134
3f880d1916854ce59c99bd50,poschl_t,analytical,inf,0.0,0.00038769920912460904,1.5314692139238785e-15,0.9999997085795201,0.2615986580003664
a380dbe0b05404898eecf17c,poschl_t,analytical,inf,0.0,7.557947297007775e-05,1.3820121626329345e-15,0.9999997072481152,0.2600031850015512
f230ac375dcbb778be75583b,poschl_t,analytical,inf,0.0,9.632932066989159e-05,1.7763568394002505e-15,0.9999997133075423,0.2595548699991923
912b1b41294f9023e9ac68cd,poschl_t,analytical,inf,0.0,0.0002595727299716314,1.0397795233393868e-15,0.9999997137919969,0.2607751340001414
e5c3e0ed962d51124e8b5ee0,poschl_t,analytical,inf,0.0,8.18137591746561e-05,1.1995034380626008e-15,0.9999996976143375,0.26103136999881826
cd9e57af46ba49553efbb2de,poschl_t,analytical,inf,0.0,8.79377958213608e-05,1.513667217974053e-15,0.9999996975331407,0.2593610109997826
3a16ace32bbea5f6e3ec6870,poschl_t,analytical,inf,0.0,0.00061600138261126,1.6685433776841577e-15,0.9999997269813183,0.2603787749994808
0d0e4f760394a6d6fe483a93,poschl_t,analytical,inf,0.0,0.0001683288655185225,1.4862247309692486e-15,0.9999997266112239,0.2597357529994042
93731c8998b5b14de6808251,poschl_t,analytical,inf,0.0,0.0001317366443207182,1.4890128693040109e-15,0.9999997261971966,0.25816065700018953
b51ba9407036f8703836cde2,poschl_t,analytical,inf,0.0,6.537911813233551e-05,1.4602316059592578e-15,0.999999667730514,0.25887116699959734
033edac5b031b6ca3c5e0478,poschl_t,analytical,inf,0.0,0.00037605739328368937,1.6311144764774706e-15,0.9999997397627733,0.2609443059991463
22c0d55d4450f8c3ae93516e,poschl_t,analytical,inf,0.0,6.832048279650825e-05,1.3322676295501878e-15,0.9999996826227352,0.2593981919999351
c3e1789165d93fddd943c11a,poschl_t,analytical,inf,0.0,0.0005452791065481833,1.1495067693640223e-15,0.9999997563073084,0.259510935000435
72f28bdacda1d4cce1d15a7b,poschl_t,analytical,inf,0.0,7.17592833168596e-05,1.5961880046053715e-15,0.9999997005113848,0.2590594190005504
b82ea6c0d7b8642f82071efb,poschl_t,analytical,inf,0.0,0.00011748914989112296,1.952882521030793e-15,0.9999997262183767,0.25925917899985507
1c0676aed79aeb3582bda193,poschl_t,analytical,inf,0.0,6.5245657163248e-05,2.140216566980645e-15,0.9999996677593547,0.25878105199990387
80bcd32cbe2d299303a2e60c,poschl_t,analytical,inf,0.0,7.375111242813785e-05,1.6678479065132207e-15,0.9999997009296157,0.259931360000337
887fe950978b4a64ebb82c9f,poschl_t,analytical,inf,0.0,0.00019965097038266168,1.1102230246251565e-15,0.9999997029195308,0.2592871130000276
edd0b944035ebe981f8fd91f,poschl_t,analytical,inf,0.0,0.00020698407010849874,1.7392058049028343e-15,0.9999997127538227,0.26015722600095614
136502a606f8e4f631804f6a,poschl_t,analytical,inf,0.0,9.669812391807958e-05,1.2791728197281352e-15,0.9999997115893405,0.2589257439994981
6491037acc961dbeaa8ec17f,poschl_t,analytical,inf,0.0,0.0003208756020004161,1.514288299708448e-15,0.9999997181187089,0.2594231139992189
cc2b5675959283dcdf0353ee,poschl_t,analytical,inf,0.0,0.00010922705683551183,2.7033813401049366e-15,0.9999997167060138,0.2595472979992337
6c13a435b1166eb22770e7f8,poschl_t,analytical,inf,0.0,0.00010456112594493671,9.408017139429997e-16,0.9999997138164973,0.25988655800028937
b958b616d72bde704574b7ab,poschl_t,analytical,inf,0.0,0.00023752606560858159,1.2908210509954517e-15,0.9999997149363523,0.25962887900095666
c3467761c85d294ff1837815,poschl_t,analytical,inf,0.0,8.425242878373579e-05,1.322610784695848e-15,0.9999997166657982,0.2595363210002688
8825e5c22a3dd49ddded2d3f,poschl_t,analytical,inf,0.0,6.437884530140988e-05,1.7716525888683994e-15,0.9999996586930167,0.2587248500003625
6f7badcd914ed9f4c6866056,poschl_t,analytical,inf,0.0,0.0006308112803751799,1.6653345369377348e-15,0.9999997550884799,0.2588474710009905
e300b116c7ab1f38011eaf2a,poschl_t,analytical,inf,0.0,7.18396098313528e-05,1.5543122344752192e-15,0.999999698604832,0.25933748299939907
ca7c365c870835d2893ec3e4,poschl_t,analytical,inf,0.0,0.0003106415048005399,1.1102230246251565e-15,0.9999997415846102,0.2588071129994205
fd774ec455fc8ba464753932,poschl_t,analytical,inf,0.0,6.783873394077203e-05,1.545675327855305e-15,0.9999996838135982,0.2610205920009321
85d20a9f06d4761d4ba7ee1d,poschl_t,analytical,inf,0.0,0.0004222171417965013,1.1782265836137906e-15,0.9999997348195313,0.25860747799924866
c96f13a26fd85bf54f03859d,poschl_t,analytical,inf,0.0,6.861537690902722e-05,1.2391076683888847e-15,0.9999996781470123,0.2596923509991029
17162550e3cdbb7855b692fc,poschl_t,analytical,inf,0.0,0.00016143842959031354,1.4803549412460973e-15,0.9999997142700372,0.25831780599946796
6934eaa34c929d95d0be1ee2,poschl_t,analytical,inf,0.0,0.0001355058854055149,1.6715820176217592e-15,0.9999997143131196,0.2580773549998412
fbc44fc78831809a1e3abcda,poschl_t,analytical,inf,0.0,7.521577808991435e-05,1.179948395558906e-15,0.9999996923798079,0.2587596299999859
fdfd34de3817a30316ed16c1,poschl_t,analytical,inf,0.0,8.21095903725946e-05,1.5543122344752192e-15,0.9999996920862092,0.25724264300151845
67d3b467c612ec207a85e766,poschl_t,analytical,inf,0.0,8.32229669170754e-05,1.7175768607929996e-15,0.9999997113547807,0.25859421899986046
f2e78cd0def38e21685b8e4a,poschl_t,analytical,inf,0.0,0.0003121357468758511,1.2231398386936227e-15,0.9999997121425938,0.2583321110014367
4f05054e6b54ac4a27039dab,poschl_t,analytical,inf,0.0,0.00012387150218279175,1.1102230246251565e-15,0.9999996989508635,0.2576003619997209
c1bf4a8387aad4288bb43723,poschl_t,analytical,inf,0.0,7.514600790642484e-05,1.7574152770803234e-15,0.999999698492574,0.25813389099857886
ce47d4f7394047879a776ffe,poschl_t,analytical,inf,0.0,0.000584097446858653,1.5183396149713149e-15,0.9999997520321264,0.2595643109998491
a736682d5eac71f845b9ac3b,poschl_t,analytical,inf,0.0,7.133893063695931e-05,1.3148472332938843e-15,0.9999996962599247,0.2580983080006263
f15dd560e70ad0692b1722e4,poschl_t,analytical,inf,0.0,0.00010601502119386945,1.4307840591209735e-15,0.9999997269105496,0.2575031600008515
c831518850ce53e726cd5002,poschl_t,analytical,inf,0.0,6.51972229290277e-05,1.1762352742699489e-15,0.999999668747589,0.25738625099984347
ac2450871aded84324031de8,poschl_t,analytical,inf,0.0,0.00022776160910884817,1.9801487009617468e-15,0.9999997407054256,0.25807781600087765
cb1de74f40b08a005c6f62ee,poschl_t,analytical,inf,0.0,6.743541042451959e-05,2.086070590536886e-15,0.9999996837886199,0.2567009030008194
e653bdac59f5a2735a841a6c,poschl_t,analytical,inf,0.0,0.00017481975068885447,1.5837331430178985e-15,0.999999728525705,0.2582163990009576
16aa661a72ce7d6b520a4716,poschl_t,analytical,inf,0.0,6.601691576290125e-05,1.8499717453477698e-15,0.9999996703870865,0.2577677319986833
d101039322b4ef312e2bde95,poschl_t,analytical,inf,0.0,0.00010759050260362139,1.5241271660908058e-15,0.9999996987432656,0.25975731700054894
b2ebd574c1cfaf5be5375cf0,poschl_t,analytical,inf,0.0,7.769960821103671e-05,1.4432899320127035e-15,0.9999996983594234,0.25785079399975075
7f067b66692da280db8276af,poschl_t,analytical,inf,0.0,0.0002982684726369407,2.5671776557958313e-15,0.9999997294690223,0.25776648800092516
fe27b6398caa5877be22f83a,poschl_t,analytical,inf,0.0,0.00039092002984416095,1.797614254843847e-15,0.9999997291373192,0.2583898849989055
bca487c43cc5b07e44a3f422,poschl_t,analytical,inf,0.0,0.00010355638825378612,1.4603819721884768e-15,0.9999997218304986,0.25733710100030294
65e58c79fbe061ae14926d94,poschl_t,analytical,inf,0.0,6.481502911527461e-05,9.992007221626409e-16,0.9999996628469525,0.25823960099842225
f54405e3dc1e9ef6dd74319b,poschl_t,analytical,inf,0.0,0.0004379251648942081,1.7763568394002505e-15,0.9999997538912173,0.2584730779999518
da8a9e3d5eeda6ae76fda423,poschl_t,analytical,inf,0.0,7.071578395457902e-05,1.7686159514855841e-15,0.9999996979687672,0.25747060799949395
23536f033e487f143a38cc84,poschl_t,analytical,inf,0.0,0.00016691347938242764,1.5802763625119757e-15,0.9999997080883596,0.25758408200090344
cfd6dc4e441694a98b3c87b2,poschl_t,analytical,inf,0.0,8.566287427143267e-05,1.5226084014964975e-15,0.9999997070194587,0.25749939600063954
0e4fa335dc9bc1b3ba5e1649,poschl_t,analytical,inf,0.0,7.52734102968368e-05,1.7275363129770805e-15,0.9999996984491452,0.25843875700047647
77bd187d7e47a219137abc1d,poschl_t,analytical,inf,0.0,0.00012835096865655718,1.7541621536352887e-15,0.9999996998519619,0.258422225000686
983f96d1454aaa4d1cce7c32,poschl_t,analytical,inf,0.0,0.0004770697603986919,1.3890177476709085e-15,0.9999997274442921,0.2579951549996622
6b7ac02441767ce7fa018174,poschl_t,analytical,inf,0.0,0.00022474538882572353,1.7763568394002505e-15,0.9999997275985141,0.258274061998236
b714ce32ba952f3aad4add41,poschl_t,analytical,inf,0.0,8.84843168567148e-05,1.7050433362993446e-15,0.9999997040564942,0.25800897299995995
49b416c1a03286c87b865462,poschl_t,analytical,inf,0.0,0.00011425031133596426,1.1782364721206948e-15,0.9999997041056591,0.25778116199944634
ee8884c9638dbd4cbe2e723c,poschl_t,analytical,inf,0.0,0.0005320129128542027,1.4131520898725216e-15,0.9999997406710127,0.25785844900019583
1ff87a8af929d3514b1ff058,poschl_t,analytical,inf,0.0,6.960693529436276e-05,1.5754607034859955e-15,0.9999996834759111,0.25931397399835987
f6f70ab2bf11d1af321183c6,poschl_t,analytical,inf,0.0,0.00015752917660715983,1.8076657829670128e-15,0.9999997322688347,0.2662438049992488
293e07d9172cf3d18481eafd,poschl_t,analytical,inf,0.0,6.604693239227378e-05,2.1533885156455812e-15,0.9999996744547276,0.2597213740009465
f57b810e8471ee187287827b,poschl_t,analytical,inf,0.0,0.00021728259076770105,1.8941267498736395e-15,0.9999997424559884,0.2588799490004021
19164dbe69c277bbc9c0ad2a,poschl_t,analytical,inf,0.0,6.766589123889328e-05,1.0968782782091788e-15,0.9999996862965699,0.2582502379991638
2f7a9e6705119e19c3168132,poschl_t,analytical,inf,0.0,0.00010895735248218022,1.7763568394002505e-15,0.9999997266147036,0.25934910800060607
008297cf1ae430a4cec6c365,poschl_t,analytical,inf,0.0,6.508557132332793e-05,1.0036785961682251e-15,0.9999996672430335,0.25815715299904696
b7b07a89f2bab55414dee54f,poschl_t,analytical,inf,0.0,8.97550155730002e-05,2.665700492382781e-15,0.9999997157210161,0.2576120029989397
054b44278ea973d52b91d029,poschl_t,analytical,inf,0.0,0.0004543665511080029,2.1325369586892468e-15,0.9999997167847748,0.2600300390004122
1c0cc1aa36fb5032a161a641,poschl_t,analytical,inf,0.0,0.0005016770067389585,1.5543122344752192e-15,0.9999997132178932,0.25996340900019277
3d90ea62c7a4d976a88aa9bc,poschl_t,analytical,inf,0.0,7.960559328632395e-05,1.1102230246251565e-15,0.9999997117854112,0.25933108900062507
534604f33c7166755ade34bf,poschl_t,analytical,inf,0.0,7.05099743845805e-05,1.2817496619739055e-15,0.9999996824086658,0.2582925200003956
a983de10d57f83bef4dac2cc,poschl_t,analytical,inf,0.0,7.276703215691669e-05,1.2733528342862437e-15,0.9999996832559837,0.2582649469986791
f77292b10dd7b20edab47add,poschl_t,analytical,inf,0.0,0.0002477419679696235,1.2125584916332259e-15,0.9999997267345286,0.2584360469991225
4a81bc814fb3833250f28b76,poschl_t,analytical,inf,0.0,0.0003652595780590889,1.1899747961340004e-15,0.9999997266524558,0.2591648500019801
45bf4a19f5150a5a88a4f4ad,poschl_t,analytical,inf,0.0,0.0002789805641930627,2.0653708407160397e-15,0.9999997404208003,0.2593159130010463
b807519fbb9fa3ea22779ce3,poschl_t,analytical,inf,0.0,6.756123038449719e-05,2.034817769898272e-15,0.9999996823298022,0.25923195599898463
feeef2aba615331c9d8c992a,poschl_t,analytical,inf,0.0,0.00017980401258207003,1.2864128905776442e-15,0.9999997391106153,0.25900968899804866
e13831c6ca7a98bdaa890cdc,poschl_t,analytical,inf,0.0,6.703697817572426e-05,9.653778291934595e-16,0.9999996828772053,0.2596999079978559
b058b3af0541f532568d06d2,radial_coulomb,analytical,0.010305936448125053,0.0002864322061811122,0.0057692311787927225,1.7652883582405361e-15,0.9999999307425215,0.3105108640011167
0afed2617c23430c1d1bfa31,radial_coulomb,analytical,0.005531446625788972,1.4733312587488885e-05,0.0007314158514187846,1.4432899320127035e-15,0.9999998620726734,0.3913646550026897
41899d2df9c8edac12f02fbd,radial_coulomb,analytical,0.004917366073207363,2.8430881971318116e-05,0.008749887080664945,3.774758283725532e-15,0.9999999922564307,0.3864159250006196
e77ec8a0ae3e885c8e747b17,radial_coulomb,analytical,0.01361805986702791,2.8430881971040303e-05,0.008749887136790176,4.551914400963142e-15,0.99999999225643,0.310019287000614
bb4c21373d08d26984918111,radial_coulomb,analytical,0.010990165221185011,2.8430881972654907e-05,0.008749887147971,3.9968028886505635e-15,0.9999999922564293,0.30801797399908537
a7433217e79a6bcbe2dd5b68,radial_coulomb,analytical,0.003837420968369365,2.8430881974474726e-05,0.008749887144178283,3.4416913763379853e-15,0.9999999922564293,0.3884950520005077
5fd7f55322608f18def5dfb6,radial_coulomb,analytical,0.007967025041956122,0.0002864322061738678,0.005769231291270358,1.5644530452686456e-15,0.9999999307425215,0.30757510699913837
b20e6b7ab06e836c31405381,radial_coulomb,analytical,0.008185201174053969,1.4733312588603579e-05,0.0007314158406685297,1.9984014443252818e-15,0.9999998620726728,0.31173265899997205
de0210f19c63537e34cb0e97,radial_coulomb,analytical,0.012499767216584523,0.0002864322061733674,0.00576923132874998,1.1102230246251565e-15,0.9999999307425221,0.3093842020025477
fa14d86cafb37c96e756fc84,radial_coulomb,analytical,0.007451095564347643,2.843088197208209e-05,0.00874988712280059,4.440892098500626e-15,0.9999999922564293,0.31263738199777436
fde2a1625aefff530e6861cc,radial_coulomb,analytical,0.004999345159133917,0.00028643220617861437,0.00576923127704066,1.0499605691737077e-15,0.9999999307425212,0.395821693000471
65a202351f7622eed4f4a1a7,radial_coulomb,analytical,0.009885744393487883,1.4733312589822099e-05,0.0007314158440554234,1.493465121957419e-15,0.9999998620726732,0.3124465250002686
ef37ee4e48d2a5a56b9b21ac,radial_coulomb,analytical,0.015412119499846888,0.00028643220616948045,0.005769231350746345,1.2013514001362905e-15,0.9999999307425217,0.3078178139985539
747933284e074bfc7cfbfa27,radial_coulomb,analytical,0.003853540325815308,1.473331258791308e-05,0.0007314158251896673,1.4432899320127035e-15,0.999999862072673,0.3962418740011344
f39fb0d4504ab3459a1ce8ec,radial_coulomb,analytical,0.005789045705777429,2.84308819740749e-05,0.008749887182016447,4.773959005888173e-15,0.999999992256428,0.30762681999840424
1ecffad4ba37d11d3609ef75,radial_coulomb,analytical,0.006685930506617588,1.4733312588916068e-05,0.0007314158496757184,1.887379141862766e-15,0.9999998620726712,0.30761339099990437
f593c5ca5ee4b6ce48d3081f,radial_coulomb,analytical,0.008309828056488833,2.843088197245914e-05,0.008749887130266098,4.107825191113079e-15,0.9999999922564298,0.3095088879999821
e3569f55a42af1b5c82ea46c,radial_coulomb,analytical,0.004808221115078393,1.4733312586608217e-05,0.0007314158854526757,1.887379141862766e-15,0.9999998620726723,0.3931685079987801
ac8d7d878df6565fd999dee4,radial_coulomb,analytical,0.005558788657477054,0.00028643220618201985,0.0057692308939393975,1.161328384470952e-15,0.9999999307425224,0.3091415510025399
7cc1f9d27ddfd16dc919948a,radial_coulomb,analytical,0.010517569345861455,1.473331258853449e-05,0.00073141584144445,1.9984014443252818e-15,0.9999998620726728,0.31054313099957653
09688dc7299d2dc5fff3ad64,radial_coulomb,analytical,0.014470740219512557,0.00028643220617803795,0.005769231201896756,1.008958455583353e-15,0.9999999307425217,0.31074570499913534
7f63c163ac3583f81eb2761c,radial_coulomb,analytical,0.0034749628074957073,1.4733312588143439e-05,0.0007314158444617877,1.6653345369377348e-15,0.9999998620726743,0.3938836640008958
9e1a8a68d32d9a8ca4fb8953,radial_coulomb,analytical,0.009093914110064105,0.00028643220618401294,0.005769231271304087,1.5290755329313501e-15,0.9999999307425226,0.31000818299798993
d2df575ba435123dc6e3cedb,radial_coulomb,analytical,0.009956314571887281,2.8430881972518795e-05,0.008749887158610846,4.218847493575595e-15,0.99999999225643,0.31070968700078083
97fc795bf13ca07cdb81b1e8,radial_coulomb,analytical,0.01117224503975267,0.00028643220617559595,0.005769231273199786,1.5863394501834107e-15,0.9999999307425228,0.30928718599898275
bc0c485be01cc265fdeaba92,radial_coulomb,analytical,0.006091212099593957,1.473331258913758e-05,0.0007314158396786501,1.887379141862766e-15,0.9999998620726714,0.3116615949984407
5986d036ab0a207c1c20eb86,radial_coulomb,analytical,0.003524974340943343,2.8430881973030196e-05,0.008749886792786899,3.9968028886505635e-15,0.9999999922564278,0.3927401769979042
da71cf1a13f5474bd816de07,radial_coulomb,analytical,0.011193297165797311,2.8430881972289317e-05,0.008749887135302732,3.9968028886505635e-15,0.999999992256428,0.30979626099724555
960936728f42c9fd1083a9f8,radial_coulomb,analytical,0.015895108266895885,0.0002864322061752739,0.005769231301610445,1.6477885675032674e-15,0.9999999307425217,0.30972432299677166
a7984651c581b79afea8dce6,radial_coulomb,analytical,0.005306400909126152,2.843088197284373e-05,0.008749887096152063,2.9976021664879227e-15,0.999999992256428,0.31010361200242187
3177fa67cde0cebcdffdc195,radial_coulomb,analytical,0.00723817099401125,0.0002864322061780356,0.005769231197099058,1.2159037666566783e-15,0.9999999307425204,0.31022103700161097
7c60fe8adf3254bc4a261988,radial_coulomb,analytical,0.007534159158745668,1.4733312589731432e-05,0.0007314158317857769,1.887379141862766e-15,0.9999998620726748,0.3112872729980154
7879b0e67e831bde372e02f8,radial_coulomb,analytical,0.009132653223675513,2.8430881972005442e-05,0.008749887163245878,3.885780586188048e-15,0.9999999922564324,0.3097390139992058
e5d10dc017e548c8743ff43f,radial_coulomb,analytical,0.006175142625308938,2.8430881972845255e-05,0.008749887134534238,3.885780586188048e-15,0.9999999922564289,0.3116059200001473
6949ba0a6db9dd3efae306ba,radial_coulomb,analytical,0.006284617838564044,0.00028643220617920287,0.005769231184842229,1.3322676295501878e-15,0.9999999307425219,0.31000298599974485
ea1db44e26fc04f7555ec0da,radial_coulomb,analytical,0.011176695954247418,1.473331258887525e-05,0.0007314158461378311,1.4432899320127035e-15,0.9999998620726739,0.3116777950017422
a70b7c7c30901d7cdd8bead5,radial_coulomb,analytical,0.013344233824287066,0.00028643220617668655,0.005769231243711945,1.2802438817960187e-15,0.9999999307425228,0.3096041909993801
384c9ea57a376164ccf0fad7,radial_coulomb,analytical,0.0031055755441777855,1.4733312589910778e-05,0.0007314158659099306,1.7763568394002505e-15,0.9999998620726712,0.3933852929985733
22f4f33da2c5c682b6e41d35,radial_coulomb,analytical,0.006901508168827508,2.8430881973657302e-05,0.008749887029397208,3.9968028886505635e-15,0.9999999922564298,0.31038322300082655
e38a6acb57f6a2c9dbec80cc,radial_coulomb,analytical,0.009289086063486218,2.8430881973380316e-05,0.008749887108434218,4.218847493575595e-15,0.9999999922564302,0.3090028179976798
36ef00bdf20f050bd30fead7,radial_coulomb,analytical,0.01210455336332572,0.00028643220617597775,0.005769231280084395,8.588596462546315e-16,0.9999999307425215,0.3073024000004807
44c2b47785a5e3f8ed8db760,radial_coulomb,analytical,0.006533314401445001,1.473331258922784e-05,0.0007314158480407115,1.887379141862766e-15,0.9999998620726703,0.31230471299932105
54d9bd4d534982ac4c595636,radial_coulomb,analytical,0.004759488500849063,0.00028643220618356305,0.005769232291472269,1.251544973544269e-15,0.9999999307425226,0.3924784759983595
58052e059d1900276e0f2952,radial_coulomb,analytical,0.011833609916210852,2.843088197230016e-05,0.008749887031962835,4.440892098500626e-15,0.9999999922564295,0.308902559998387
53d47336681825659bd084f9,radial_coulomb,analytical,0.012466788557028652,2.8430881972292627e-05,0.008749887132191948,4.218847493575595e-15,0.9999999922564289,0.3087725270015653
6dcf694f4d61f7989aa300f2,radial_coulomb,analytical,0.004151341366013028,1.4733312590210025e-05,0.0007314158339529294,1.6653345369377348e-15,0.9999998620726728,0.393332087998715
9bcb8b4993532d8b632fa59b,radial_coulomb,analytical,0.006530972927466516,0.00028643220616958795,0.005769231684382757,1.4312797578572046e-15,0.9999999307425232,0.3082209280000825
effb66e1f069cb5845677a0a,radial_coulomb,analytical,0.007068313589345676,1.4733312589780496e-05,0.0007314158432962877,1.3322676295501878e-15,0.9999998620726734,0.3122809109991067
533ba56a740d620a033afcb5,radial_coulomb,analytical,0.009654858364957164,0.0002864322061732659,0.005769231204394503,1.3544743217337527e-15,0.9999999307425226,0.3049736889988708
ba22c351594b827007806f11,radial_coulomb,analytical,0.0050122654043514014,1.4733312587863728e-05,0.000731415837134318,1.887379141862766e-15,0.9999998620726721,0.39487307899980806
19a6737a973b1c6f72f07a8f,radial_coulomb,analytical,0.004504112715518316,2.8430881971656885e-05,0.008749887322701056,3.4416913763379853e-15,0.9999999922564293,0.3941923370002769
538a4dfab8ddfbbf12077d24,radial_coulomb,analytical,0.010828316358208578,1.4733312588908052e-05,0.0007314158333353594,1.8200422751702672e-15,0.9999998620726717,0.31008989199835924
90dc73c320a692715b0e0702,radial_coulomb,analytical,0.013823457956926077,0.0002864322061799665,0.005769231436718837,9.559743658999284e-16,0.9999999307425224,0.30846804499742575
bd185760ec9de3b5316c9a3f,radial_coulomb,analytical,0.004336467183436055,2.8430881972628445e-05,0.008749887296402123,4.3298697960381105e-15,0.9999999922564282,0.39281295299952035
baff505bb6db2f1f54810499,radial_coulomb,analytical,0.008570324125897866,0.0002864322061763338,0.005769231336497949,1.3186697744686537e-15,0.9999999307425232,0.3121326109976508
8bd99cd85e2b8a48d071a84e,radial_coulomb,analytical,0.00885572988071881,1.4733312588950807e-05,0.0007314158439796938,1.9984014443252818e-15,0.9999998620726714,0.31009336399802123
2243099118816db9cc61101f,radial_coulomb,analytical,0.009814620217744263,2.8430881973200633e-05,0.0087498870743193,3.774758283725532e-15,0.9999999922564295,0.3111283990001539
53cf3d386f4072cd4b6eee5f,radial_coulomb,analytical,0.005729064896977665,1.473331258888242e-05,0.0007314158266397083,1.9984014443252818e-15,0.9999998620726734,0.30687780500011286
55912778d9ee49c66bc66736,radial_coulomb,analytical,0.004480079332382925,0.0002864322061689117,0.00576923135555084,1.1102230246251565e-15,0.9999999307425235,0.39174610000191024
8566a6917bd84117f743545c,radial_coulomb,analytical,0.009092821746986557,1.473331258927235e-05,0.0007314158601116448,1.6600715735579547e-15,0.999999862072673,0.30593463799959864
3173b703a1e67b6923a3f847,radial_coulomb,analytical,0.01634802052446771,0.00028643220617275946,0.005769231305490852,1.740238327254805e-15,0.9999999307425219,0.30937470200296957
914e7b6fe7f95298d3cf7488,radial_coulomb,analytical,0.004368051745289758,1.4733312589487195e-05,0.0007314158487161409,1.887379141862766e-15,0.9999998620726754,0.39426228100273875
b03e64b0a1c3955715ee11c0,radial_coulomb,analytical,0.0063316284892231955,2.8430881972973554e-05,0.008749887118063807,4.440892098500626e-15,0.9999999922564311,0.31074094100040384
19bfc2f03e448d87b55b99a9,radial_coulomb,analytical,0.008642342556655302,2.8430881974206186e-05,0.008749887101792826,4.3298697960381105e-15,0.9999999922564307,0.3094433090009261
0a59ed45334318591eb0bd27,radial_coulomb,analytical,0.008545035331120499,2.8430881971524585e-05,0.008749886953495116,3.774758283725532e-15,0.9999999922564293,0.3114279030014586
458f4243c3cc61d34053b384,radial_coulomb,analytical,0.006408445085303471,2.8430881973557637e-05,0.008749887144705369,4.773959005888173e-15,0.9999999922564282,0.3120005599994329
6b775f24889a4dc6fd792996,radial_coulomb,analytical,0.006035173920049264,0.0002864322061814513,0.005769231971828411,1.3487446196564206e-15,0.9999999307425217,0.31129010500080767
9b4a696ce12f1a2cf219bcb4,radial_coulomb,analytical,0.011797803254910644,1.4733312589109702e-05,0.0007314158524072259,1.3322676295501878e-15,0.999999862072673,0.30989287400007015
b7e27bd29f3744b3654ad7ed,radial_coulomb,analytical,0.012803307196884273,0.0002864322061797895,0.005769231148940144,1.2606619235782162e-15,0.9999999307425224,0.3089241409979877
2b58ca0b967849d14875738f,radial_coulomb,analytical,0.0031676656037034068,1.4733312586921356e-05,0.000731415869646114,1.7763568394002505e-15,0.9999998620726737,0.3915654909978912
001a9f076f80547b43145b91,radial_coulomb,analytical,0.006799681800115254,2.8430881972001875e-05,0.008749887283304064,4.3298697960381105e-15,0.9999999922564302,0.3086210840010608
5cfd9b3dab0bae0fb4ad81ca,radial_coulomb,analytical,0.009708955577353517,2.843088197416518e-05,0.008749887324405743,4.3298697960381105e-15,0.9999999922564318,0.30979109699910623
8fda8281fe804eb57f6b3e3a,radial_coulomb,analytical,0.012235318683640806,0.0002864322061771773,0.005769231331844397,1.0842773336823696e-15,0.9999999307425224,0.30949648000023444
51e7d655839640c2c8d81df1,radial_coulomb,analytical,0.006205382510310553,1.4733312589418774e-05,0.0007314158193161216,1.9984014443252818e-15,0.9999998620726721,0.309174546997383
e52d27fff8e04aad25232298,radial_coulomb,analytical,0.004285199193299727,2.8430881974274654e-05,0.008749886815011841,3.774758283725532e-15,0.9999999922564315,0.38986296199800563
55e530c41942f79324ee9e42,radial_coulomb,analytical,0.00998014218740062,1.4733312589074507e-05,0.0007314158885690891,1.3322676295501878e-15,0.9999998620726734,0.30972975099939504
f859c6402913c87fdeeba5f8,radial_coulomb,analytical,0.01524102009520556,0.00028643220617562023,0.0057692313041199286,1.5432927216945497e-15,0.9999999307425237,0.3111895279980672
72ce64d46727f773a4c7ee9f,radial_coulomb,analytical,0.004453180274516022,2.8430881973053076e-05,0.00874988734173025,3.885780586188048e-15,0.99999999225643,0.39272330200037686
6d97a86ae61d864175b4a3ae,radial_coulomb,analytical,0.007085683163636336,0.00028643220616937263,0.005769231334053917,1.3322676295501878e-15,0.9999999307425201,0.3111401069982094
42dfad542b2117adaaa46e7b,radial_coulomb,analytical,0.006835289024428315,1.4733312589028366e-05,0.0007314158663649216,1.5543122344752192e-15,0.9999998620726721,0.3106736180016014
ca676238c4a4f158a6d159de,radial_coulomb,analytical,0.00977477311474706,0.0002864322061760599,0.005769231259583694,1.5389042806009377e-15,0.9999999307425235,0.3080478609990678
5c6869e3cf413b8680492753,radial_coulomb,analytical,0.004727374928550576,1.4733312589575863e-05,0.0007314158496295007,1.5543122344752192e-15,0.999999862072673,0.3933750329997565
8ac7827fc15fd653839da865,radial_coulomb,analytical,0.005720162413471952,0.0002864322061656362,0.005769231764170949,9.916496430397811e-16,0.9999999307425206,0.30931038500057184
b1f69902a6d7cb6778e5bb19,radial_coulomb,analytical,0.012586088196372192,2.8430881973361708e-05,0.008749887126649241,4.551914400963142e-15,0.9999999922564291,0.308707816999231
f06d362f71c405edd4e34688,radial_coulomb,analytical,0.011947685133121944,2.8430881973440516e-05,0.008749887137643592,4.3298697960381105e-15,0.9999999922564311,0.3096351629974379
e66012eb1a70c182e88acd57,radial_coulomb,analytical,0.0033572247782993614,1.473331258914498e-05,0.0007314157964175025,1.4432899320127035e-15,0.9999998620726726,0.3933540299985907
f3d5fad290168f46a77561df,radial_coulomb,analytical,0.009201097930851443,0.0002864322061772115,0.005769231359125889,1.3180780701042068e-15,0.9999999307425226,0.3102613619994372
d8c5e0d8a0d0a3e6121fd6fe,radial_coulomb,analytical,0.00859219679784462,1.4733312588860183e-05,0.0007314158612895216,1.4432899320127035e-15,0.9999998620726734,0.3087876200006576
614f2000a481d74efbafbd74,radial_coulomb,analytical,0.010948311068729843,0.00028643220617957746,0.005769231411708593,1.3921215951157495e-15,0.9999999307425215,0.3102007970010163
2c77d5248f7977b5c81e6a21,radial_coulomb,analytical,0.00696458339987216,2.843088197181162e-05,0.008749887106754799,3.9968028886505635e-15,0.9999999922564311,0.3104982110016863
c4ab96c21243a3d1a766c6e4,radial_coulomb,analytical,0.0042678219073679635,0.0002864322061683073,0.005769231057848287,8.220002492469464e-16,0.9999999307425228,0.39193355699899257
d5ad97c75ef65a6ad05768b1,radial_coulomb,analytical,0.00965126601025057,1.4733312588853225e-05,0.0007314158702058684,2.4424906541753444e-15,0.9999998620726743,0.3119551700001466
cb1575d39544fc26e1ddb1f3,radial_coulomb,analytical,0.015752655138209004,0.00028643220618126036,0.0057692313756525105,1.407581799101503e-15,0.999999930742521,0.3112485450001259
f79ffdf6ab15785f469847bf,radial_coulomb,analytical,0.004443408926948944,1.47333125880736e-05,0.0007314158840284149,1.2212453270876722e-15,0.9999998620726739,0.392835462000221
50aa4c1f8edeed4f8464221b,radial_coulomb,analytical,0.0062363762903590025,2.8430881973516312e-05,0.008749887148697927,4.107825191113079e-15,0.9999999922564289,0.30976887799988617
b8d45e8ad94f4aacb698b0cb,radial_coulomb,analytical,0.00771148924104037,1.4733312589418183e-05,0.0007314158210015146,1.4432899320127035e-15,0.9999998620726752,0.3096483369990892
8dd64010affd328fef954c65,radial_coulomb,analytical,0.010645603898499889,0.0002864322061768138,0.005769231385840848,1.0222499570357347e-15,0.9999999307425221,0.308743288002006
a28c570cddcc9c628f3f725d,radial_coulomb,analytical,0.005115398456825515,1.473331258776741e-05,0.0007314158450018683,1.6653345369377348e-15,0.9999998620726739,0.3891164660017239
dc170173db2568f99b61da36,radial_coulomb,analytical,0.0053581062982033245,2.843088197426975e-05,0.008749887004482225,4.773959005888173e-15,0.9999999922564295,0.30874325500190025
9fc6f3023c2aa7302ceaeaa9,radial_coulomb,analytical,0.01326204650250129,2.843088197271689e-05,0.008749887173516796,3.9968028886505635e-15,0.9999999922564291,0.3084862809992046
63a30aea39bffc488c9d4b9e,radial_coulomb,analytical,0.011105903648482185,2.8430881972480015e-05,0.008749887143884272,3.552713678800501e-15,0.9999999922564289,0.3089406470026006
2134bf7bfd5676bf1a80ce6f,radial_coulomb,analytical,0.003569180012600759,2.8430881972204343e-05,0.008749887365626076,3.6637359812630166e-15,0.9999999922564282,0.39216146600301727
137234dd540b2e1bcf9fd0f0,radial_coulomb,analytical,0.008405033070683299,0.00028643220617314896,0.00576923113909107,1.3659259504855483e-15,0.9999999307425224,0.30892372599919327
33ce551f155232733bc7499f,radial_coulomb,analytical,0.008096002118186618,1.473331258974881e-05,0.0007314158577847494,1.6948753373641671e-15,0.9999998620726732,0.30931159399915487
348d640b01866ff00fb52377,radial_coulomb,analytical,0.010070806010466171,2.8430881973146213e-05,0.0087498870720158,3.3306690738754696e-15,0.9999999922564298,0.3094624949990248
f5d6e4b6e0d6847292dda739,radial_coulomb,analytical,0.0064386203437629685,1.4733312588959843e-05,0.0007314158308041925,1.7763568394002505e-15,0.9999998620726719,0.31008161200225004
dc9660a895346ce2edd3a868,radial_coulomb,analytical,0.00490821145969611,0.0002864322061722849,0.0057692313783540726,1.2843127935357874e-15,0.9999999307425215,0.3904417519988783
bb42213cb211e4de1b945dd1,radial_coulomb,analytical,0.010286453198300904,1.473331258886221e-05,0.0007314158495117966,1.3322676295501878e-15,0.999999862072673,0.31031832399821724
b9a90f9678c7af4e4f6c9ffb,radial_coulomb,analytical,0.014571586027176675,0.0002864322061734917,0.005769231322231886,1.3322676295501878e-15,0.9999999307425204,0.3106035500022699
1f8f4d940faf424010677eb3,radial_coulomb,analytical,0.004023087672306858,1.4733312588750365e-05,0.0007314157891688366,1.3322676295501878e-15,0.999999862072673,0.3941887660002976
a5af8aa8e19932c593e854ea,radial_coulomb,analytical,0.006622334926051687,0.00028643220616965767,0.0057692314617722165,1.1052893159040825e-15,0.9999999307425232,0.30907447500067065
4e81827f6ca0ede88dd995fd,radial_coulomb,analytical,0.008411319918608662,2.843088197165245e-05,0.008749887005764134,3.552713678800501e-15,0.9999999922564284,0.30938175399933243
2d05329527f05cfc3f85fe2d,radial_coulomb,analytical,0.009423189266172471,0.0002864322061717235,0.0057692312895679726,1.4236681086911503e-15,0.9999999307425221,0.30883501499920385
d1c84666e7cf60d671fe6288,radial_coulomb,analytical,0.00573244142698881,2.8430881971365065e-05,0.008749887117588584,4.6629367034256575e-15,0.9999999922564291,0.3089590080016933
3938490ca58c8cbe0be158d4,radial_coulomb,analytical,0.005460340510369033,0.0002864322061747419,0.005769231270147697,1.7317772057010049e-15,0.999999930742523,0.3123537179999403
9c465ae45d7274eec942c686,radial_coulomb,analytical,0.010927971770576361,1.4733312588431508e-05,0.0007314158754856771,1.5543122344752192e-15,0.9999998620726746,0.3123496240004897
54bb91d99f983df4aff03c71,radial_coulomb,analytical,0.013660299241873286,0.0002864322061747218,0.0057692310888660695,9.880647052341e-16,0.9999999307425232,0.31176151399995433
8fbb4773c6abe9db49e2a1ef,radial_coulomb,analytical,0.0036376543442684373,1.4733312587664838e-05,0.0007314158684202288,2.0719731470485217e-15,0.9999998620726721,0.3961948180003674
b42d3b3eba9080e74d62a0ae,radial_coulomb,analytical,0.007389795388405895,2.8430881971681588e-05,0.008749887230835083,4.3298697960381105e-15,0.9999999922564298,0.31225420799819403
433333736ef943d2723bbf1c,radial_coulomb,analytical,0.00902702891365692,1.4733312588844113e-05,0.0007314158657298007,1.6653345369377348e-15,0.9999998620726732,0.307351920997462
fb58b1cd64b7d90527d66b9c,radial_coulomb,analytical,0.011529170552833534,0.00028643220617524456,0.005769231272121738,1.271608440233885e-15,0.9999999307425239,0.3097397289966466
e73c0eb383103dd4066538ab,radial_coulomb,analytical,0.005656222739810257,1.4733312588026658e-05,0.0007314158787010803,1.6004168782773004e-15,0.999999862072673,0.30955727100081276
31c984c4d95d67d208e6ab9c,radial_coulomb,analytical,0.004641591655693,0.00028643220617654273,0.005769231283364743,1.1201764997080278e-15,0.9999999307425208,0.39044615799866733
9a2757d7cb91058ef3637e81,radial_coulomb,analytical,0.010873740428861467,2.8430881972633897e-05,0.008749887138403288,4.218847493575595e-15,0.9999999922564287,0.3090484780004772
4bbf23f8b8b72599fe2f08f5,radial_coulomb,analytical,0.013484458541354716,2.8430881972183736e-05,0.008749887101981192,4.218847493575595e-15,0.9999999922564313,0.31000047300040023
2111b06c177b8200a2534427,radial_coulomb,analytical,0.004988073677095972,2.8430881973855264e-05,0.008749887186272792,4.551914400963142e-15,0.9999999922564307,0.39082020099885995
c5bfd46669c0fef93c6c56d1,radial_coulomb,analytical,0.007653202097769762,0.0002864322061853775,0.00576923188430221,1.804478813565496e-15,0.9999999307425219,0.30835192399899825
11ec8277f5946cb257768965,radial_coulomb,analytical,0.007446308470365537,1.4733312589194566e-05,0.0007314158455335463,1.6653345369377348e-15,0.9999998620726726,0.30941356400217046
e17d46041d2480af76206bb9,radial_oscillator,analytical,inf,2.2555041064342788e-11,0.000637814267724635,1.078543301570053e-15,0.999999656186767,0.23292388900154037
2c71c563f315d83448c59840,radial_oscillator,analytical,inf,2.2555041065170624e-11,0.0006378142677228193,1.909196847240992e-15,0.9999996561867668,0.23137693500029854
9549789e5819c1d9fa42d519,radial_oscillator,analytical,inf,1.542417309019283e-10,3.124414919758064e-05,1.3322676295501878e-15,0.9999997167263445,0.23578625099980854
71774960e7ad5898a810ed53,radial_oscillator,analytical,inf,8.80811340905061e-12,3.6664079887146845e-05,1.6491625045944793e-15,0.9999995969300246,0.2319340239992016
74e48d758a1cca4f8b2e65d9,radial_oscillator,analytical,inf,1.5424173090089435e-10,3.1244149222022e-05,1.880417162220425e-15,0.9999997167263471,0.23584224300066126
55bc5f5b375625eb9a4aced5,radial_oscillator,analytical,inf,8.808113408538366e-12,3.6664079882136916e-05,1.226234863752891e-15,0.9999995969300237,0.22842439400119474
9d3b2eae999a2d5c2c3f18d7,radial_oscillator,analytical,inf,2.255504106422232e-11,0.0006378142677233765,1.2671894304508566e-15,0.9999996561867677,0.2324340849991131
87ea958b66d048f929098671,radial_oscillator,analytical,inf,2.2555041066133954e-11,0.0006378142677213575,1.3768786719975615e-15,0.9999996561867666,0.2318915260002541
387591d95126cf9712f8635f,radial_oscillator,analytical,inf,1.5424173090278105e-10,3.1244149225209434e-05,1.7562562182286363e-15,0.9999997167263476,0.2358336249999411
444b7aaee3a587a4039b5215,radial_oscillator,analytical,inf,8.808113409841812e-12,3.666407989177885e-05,1.494325039096122e-15,0.9999995969300248,0.23151171100107604
c8430da29a411b9ed70c63c3,radial_oscillator,analytical,inf,1.542417309050328e-10,3.124414923165875e-05,1.3353705734182977e-15,0.9999997167263478,0.2349768820022291
66c5b6793f0bb609b6bfd854,radial_oscillator,analytical,inf,8.808113409946086e-12,3.6664079883594016e-05,1.4225493039752584e-15,0.9999995969300244,0.23159586100155138
97ec97c16d786f27dfa55296,radial_oscillator,analytical,inf,2.25550410668055e-11,0.0006378142677210343,9.343105172325236e-16,0.9999996561867657,0.23206510499949218
59b46129abcbc9a7cfece9c6,radial_oscillator,analytical,inf,2.255504106554361e-11,0.0006378142677221808,1.3400636340528828e-15,0.9999996561867635,0.23182598000130383
6d026617bc04465919a62786,radial_oscillator,analytical,inf,1.542417309023345e-10,3.1244149230843145e-05,1.4871972592008798e-15,0.9999997167263458,0.2347010150006099
71fb12febfd8fda989d8aea8,radial_oscillator,analytical,inf,8.808113410208631e-12,3.6664079882122e-05,1.6506189862172887e-15,0.9999995969300239,0.2316535060017486
94f9212f51a4c36ea67878de,radial_oscillator,analytical,inf,1.5424173090015904e-10,3.1244149236888365e-05,1.354691947196894e-15,0.9999997167263467,0.23536604399851058
377b173a4bf78a09bb315d61,radial_oscillator,analytical,inf,8.808113409618002e-12,3.66640798751369e-05,1.1641050836597803e-15,0.999999596930023,0.23151449199940544
0157f359e4d9808827f24e55,radial_oscillator,analytical,inf,2.2555041064004216e-11,0.0006378142677222645,9.840208993951184e-16,0.9999996561867646,0.2306452859993442
f7fc978e5f738585d67a1f51,radial_oscillator,analytical,inf,2.2555041065454095e-11,0.0006378142677255635,1.1518847365545907e-15,0.9999996561867655,0.2320068849985546
7921d2324ec8cb63d51c2df0,radial_oscillator,analytical,inf,1.542417309049928e-10,3.124414924085696e-05,1.1935379539532303e-15,0.9999997167263485,0.23690967000220553
c919931aa1eeaeb21cef6162,radial_oscillator,analytical,inf,8.808113409952117e-12,3.666407988250924e-05,1.5576842258708186e-15,0.9999995969300255,0.23173176500131376
8a7aeca7afa7f457b5ec8f68,radial_oscillator,analytical,inf,1.54241730911361e-10,3.124414921288542e-05,1.1855818086548043e-15,0.9999997167263458,0.23642877699967357
504be3d0fcf2a43b3b13db0c,radial_oscillator,analytical,inf,8.808113409520834e-12,3.6664079879954444e-05,1.5648645006563598e-15,0.9999995969300239,0.2337894089978363
a221b5baf26ba2a0c59246a8,radial_oscillator,analytical,inf,2.2555041065956178e-11,0.0006378142677245305,8.94826145419835e-16,0.9999996561867668,0.23153145399919595
dc4867dcae4565a07b95f2b1,radial_oscillator,analytical,inf,2.255504106521731e-11,0.0006378142677237143,1.5358524913219142e-15,0.9999996561867639,0.2316616160023841
37694f793ab0b32b70bfd8cd,radial_oscillator,analytical,inf,1.5424173088913433e-10,3.124414923381824e-05,1.531637032039789e-15,0.9999997167263474,0.23627669899724424
00a846ae768a4d06633f6c43,radial_oscillator,analytical,inf,8.808113409181112e-12,3.666407989276231e-05,1.963136055987473e-15,0.9999995969300235,0.23196651699981885
58693c86ff2a5945825806cf,radial_oscillator,analytical,inf,1.542417309043394e-10,3.124414922210153e-05,2.1081371603845544e-15,0.9999997167263467,0.2350105519981298
3e81c5bce9a268a64d3d68e2,radial_oscillator,analytical,inf,8.808113409832925e-12,3.666407987918249e-05,1.074401302502284e-15,0.9999995969300259,0.23114569899917115
6ac8744c6553908f91b2a613,radial_oscillator,analytical,inf,2.255504106445085e-11,0.0006378142677238259,1.6448247530882545e-15,0.9999996561867652,0.2322593719982251
b4a31f317fcac245f8a6879c,radial_oscillator,analytical,inf,8.808113408917448e-12,3.6664079879893275e-05,9.450682744614432e-16,0.9999995969300235,0.23223418899942772
5d866ba4c51f36d37a274a70,radial_oscillator,analytical,inf,1.5424173090569596e-10,3.124414922222796e-05,1.9167241055330366e-15,0.9999997167263458,0.2362109280002187
f67520bb825dbb7854a543b9,radial_oscillator,analytical,inf,8.808113409534785e-12,3.6664079877857855e-05,1.1906605382332652e-15,0.9999995969300233,0.23128770900075324
36b11644c5280678210cdc31,radial_oscillator,analytical,inf,2.2555041063142513e-11,0.0006378142677231558,1.278399184004151e-15,0.9999996561867655,0.23196425999776693
47d3e74d4f5655f3878a1543,radial_oscillator,analytical,inf,2.2555041064475415e-11,0.0006378142677252113,1.4475170799127812e-15,0.9999996561867668,0.23210558600112563
2342d1b302dc6d6ffa0e2013,radial_oscillator,analytical,inf,2.255504106642283e-11,0.0006378142677215129,1.596811348359063e-15,0.9999996561867661,0.23172698199778097
2030eeb6cde0034f54e4c663,radial_oscillator,analytical,inf,2.2555041064909345e-11,0.0006378142677238071,1.2094182647275923e-15,0.9999996561867672,0.23052265500155045
091d04c70c515fbc7f3bbafd,radial_oscillator,analytical,inf,1.5424173090402624e-10,3.1244149234031234e-05,1.7575592979215858e-15,0.9999997167263467,0.23535720099971513
01388ddbde482a0780e69ec1,radial_oscillator,analytical,inf,8.808113409044683e-12,3.6664079881577684e-05,1.7697703696834105e-15,0.9999995969300235,0.23323812099988572
16a3ce5cfc0b4c28891445f3,radial_oscillator,analytical,inf,1.5424173090369028e-10,3.1244149234670155e-05,1.4328181364945919e-15,0.9999997167263458,0.23657197699867538
a376dae6016c96cdfa2aad22,radial_oscillator,analytical,inf,8.808113409331208e-12,3.666407987869575e-05,1.791842826558146e-15,0.9999995969300242,0.23220532999766874
7e39b07fec75534d04a2ed8c,radial_oscillator,analytical,inf,1.5424173090442998e-10,3.1244149227369456e-05,1.0811231460659538e-15,0.9999997167263476,0.23633808399972622
15f9209b299627ff71f046e1,radial_oscillator,analytical,inf,8.80811340895013e-12,3.666407989312777e-05,1.8064573825519736e-15,0.9999995969300259,0.23115467599927797
5745dd72c11ce1ff0e042aed,radial_oscillator,analytical,inf,1.5424173090616114e-10,3.124414922858681e-05,1.469748432041788e-15,0.9999997167263454,0.2345393180003157
eb8d6d7ed8a3a2e2d444a569,radial_oscillator,analytical,inf,8.808113409436996e-12,3.666407988237228e-05,1.845593931528249e-15,0.9999995969300239,0.23181023900178843
46b745b5942bb596fc7d1c4d,radial_oscillator,analytical,inf,2.2555041065218804e-11,0.0006378142677231825,1.3479484789910789e-15,0.9999996561867652,0.23142533400096
799c88b3993fe1fea4f669a7,radial_oscillator,analytical,inf,2.2555041067268965e-11,0.0006378142677244935,1.1985257306425421e-15,0.9999996561867657,0.23077968399957172
992c68a2a5e2c008f5c8b206,radial_oscillator,analytical,inf,2.2555041064327062e-11,0.0006378142677240242,1.2401887918830814e-15,0.9999996561867672,0.23105515900169848
1ca57d615fc53d8d22916c38,radial_oscillator,analytical,inf,2.255504106486351e-11,0.0006378142677214381,1.3281165170999568e-15,0.9999996561867677,0.23023280199777219
e9520558d678ab2014f7a26c,radial_oscillator,analytical,inf,1.5424173091033993e-10,3.124414921594582e-05,1.0732889518378952e-15,0.9999997167263476,0.23631219299932127
ac79f3d7b0228f975b55016f,radial_oscillator,analytical,inf,8.80811341018874e-12,3.666407988693645e-05,1.864772543043079e-15,0.9999995969300215,0.23110144099700847
0ad55a6b1e8bb6b2f30c8bb8,radial_oscillator,analytical,inf,1.542417309012959e-10,3.124414922980832e-05,1.232386692409198e-15,0.9999997167263467,0.23593571900346433
95d5a10524a61b59256ec37a,radial_oscillator,analytical,inf,8.808113408400075e-12,3.666407988242581e-05,1.8373901537300764e-15,0.9999995969300233,0.23041858499709633
30202588e91ae5262c895f3a,radial_oscillator,analytical,inf,1.5424173090554574e-10,3.124414922873945e-05,1.3322676295501878e-15,0.9999997167263449,0.2340077549997659
bffb027a8686ff6939d28b47,radial_oscillator,analytical,inf,8.808113409954042e-12,3.66640798880631e-05,1.3074213028170162e-15,0.9999995969300235,0.2321997779981757
56cfb5040e0a61b918630a78,radial_oscillator,analytical,inf,1.542417309014767e-10,3.12441492283249e-05,1.1855612564420628e-15,0.9999997167263471,0.23628357800043887
f9979467d96ac6f63ef966eb,radial_oscillator,analytical,inf,8.808113408909863e-12,3.6664079891989454e-05,8.978957703145763e-16,0.9999995969300242,0.22918511100215255
2e32d6ad91b2afcaa8b97015,radial_oscillator,analytical,inf,2.2555041065276574e-11,0.0006378142677214344,2.1667217813787387e-15,0.9999996561867677,0.23173903800125117
adcaac69ccdc6d9f555aa2d8,radial_oscillator,analytical,inf,2.2555041067869495e-11,0.000637814267724027,1.2699302942720932e-15,0.9999996561867652,0.2303573339995637
d1c63e2ba310beb32fae531e,radial_oscillator,analytical,inf,1.5424173089797795e-10,3.1244149209337846e-05,1.3090015923664392e-15,0.9999997167263476,0.2365167569987534
5259107fd473f30553b2f8d9,radial_oscillator,analytical,inf,8.808113409493854e-12,3.666407989510667e-05,1.4900047641441178e-15,0.9999995969300246,0.23244045699902927
adbc7c456d078e97d2af96d2,radial_oscillator,analytical,inf,1.5424173090044501e-10,3.124414922049115e-05,1.857424113232159e-15,0.9999997167263465,0.23700756899779662
185103e0699e8702517e033f,radial_oscillator,analytical,inf,8.808113409765631e-12,3.6664079887101986e-05,1.5956180797574709e-15,0.9999995969300255,0.23164509999696747
7141f760ef570b0a3217c2aa,radial_oscillator,analytical,inf,1.5424173090991287e-10,3.124414923751135e-05,1.0412383458543486e-15,0.9999997167263451,0.2355330030004552
13a2e3cc1a9572b49fc5f6d4,radial_oscillator,analytical,inf,8.808113410161497e-12,3.666407987913084e-05,1.3113043440069628e-15,0.9999995969300264,0.2302875839995977
1dae1c96dbaf674ae508a1c1,radial_oscillator,analytical,inf,2.2555041063905933e-11,0.0006378142677237771,1.2096867541678099e-15,0.9999996561867666,0.2310610620006628
d68b650b4eb1be40da329908,radial_oscillator,analytical,inf,2.2555041064964934e-11,0.0006378142677232366,1.4028218003360225e-15,0.9999996561867659,0.23136347499894327
1ec8d41bd418438d9b5945e2,radial_oscillator,analytical,inf,2.255504106509568e-11,0.0006378142677236848,1.285438765943148e-15,0.9999996561867668,0.23077928599741426
9e264bdc6ab1cc5a6c4e88f0,radial_oscillator,analytical,inf,2.2555041064698114e-11,0.0006378142677220418,2.0845879848898034e-15,0.9999996561867666,0.23103077300038422
ad4c6ba1e9a58496ce634797,radial_oscillator,analytical,inf,1.5424173090463507e-10,3.1244149235161366e-05,1.410626564628394e-15,0.9999997167263458,0.23676978699950268
9b1d74fd70d493538cc5880f,radial_oscillator,analytical,inf,8.808113409806607e-12,3.666407988096606e-05,1.2978039967632374e-15,0.9999995969300248,0.23165633600001456
083a75e518f685cc90d5a1fb,radial_oscillator,analytical,inf,2.255504106401507e-11,0.0006378142677227692,1.892266124703337e-15,0.9999996561867666,0.23077920200012159
84e67da06d98dd8d7dbfa882,radial_oscillator,analytical,inf,2.255504106654179e-11,0.0006378142677235148,2.28389699350676e-15,0.9999996561867661,0.2309597239982395
3bf97c6f13b1d10ed6e7c72e,radial_oscillator,analytical,inf,1.5424173091149827e-10,3.124414923841236e-05,1.5434681449334041e-15,0.9999997167263456,0.23560909400111996
f78d198d3f34548812e8b3a9,radial_oscillator,analytical,inf,8.80811340923862e-12,3.666407988755093e-05,2.030886950284914e-15,0.9999995969300222,0.23144704500009539
e8d6ac4cc79f2a8180580229,radial_oscillator,analytical,inf,1.5424173090710676e-10,3.124414924801447e-05,1.4578256588627176e-15,0.9999997167263449,0.23587231099736528
7e0796ae54a65626afb1695d,radial_oscillator,analytical,inf,8.808113409957934e-12,3.6664079886635196e-05,1.339326534354463e-15,0.9999995969300253,0.2324256010033423
b8b7f0ac1fdf17f2bd02cf94,radial_oscillator,analytical,inf,1.542417309065911e-10,3.124414924114905e-05,1.6027235059839045e-15,0.9999997167263482,0.23469632199703483
9279e299f33f770af804f1f6,radial_oscillator,analytical,inf,8.80811340973718e-12,3.6664079885453124e-05,1.3393271256029774e-15,0.9999995969300217,0.23026465600196389
80ecd0d426cf6dde546be8fe,radial_oscillator,analytical,inf,1.542417309082174e-10,3.1244149239086076e-05,1.4905072110708268e-15,0.9999997167263462,0.23622435499783023
f7afffd95114211b84d226e6,radial_oscillator,analytical,inf,8.808113409183095e-12,3.666407989128706e-05,1.4895801540779486e-15,0.9999995969300222,0.2303520200002822
35b5eb143485664e1e952a3d,radial_oscillator,analytical,inf,1.5424173090281372e-10,3.124414921980605e-05,8.881784197001252e-16,0.9999997167263447,0.23635835999812116
8c30be796f0d7d3837a815ba,radial_oscillator,analytical,inf,8.80811340924828e-12,3.666407989098884e-05,8.881784197001252e-16,0.9999995969300233,0.23156622900205548
d81e7470a86e7f50fe853ee5,radial_oscillator,analytical,inf,1.5424173090427212e-10,3.1244149241648866e-05,1.0399186846159716e-15,0.9999997167263471,0.23534828199990443
386759044b79d5ecb2947343,radial_oscillator,analytical,inf,8.808113409120537e-12,3.666407988765101e-05,1.4304602345248668e-15,0.9999995969300226,0.2315549179984373
33f1c9bfb60d7f6c407c7bb8,radial_oscillator,analytical,inf,2.2555041063510486e-11,0.0006378142677205547,1.928870818943198e-15,0.9999996561867674,0.2307910189992981
4c9ab92bba27f4fccd405a88,radial_oscillator,analytical,inf,2.2555041064203653e-11,0.0006378142677241487,1.360340077320924e-15,0.9999996561867657,0.2319041369992192
b16d7569e18c6675f124cc45,radial_oscillator,analytical,inf,1.5424173090509245e-10,3.1244149218326397e-05,1.4830742596977393e-15,0.9999997167263467,0.23529457999757142
1d7da0b4d9dc5405d4b9d204,radial_oscillator,analytical,inf,8.808113409012725e-12,3.666407988291531e-05,1.6582678123595512e-15,0.999999596930025,0.2275021059977007
e7c0f3fbac86f6cf323a26a9,radial_oscillator,analytical,inf,1.542417309042506e-10,3.124414920426802e-05,1.1102230246251565e-15,0.9999997167263458,0.23715085900039412
e4671976e226a6a74b808059,radial_oscillator,analytical,inf,8.808113409861442e-12,3.666407988895589e-05,1.4988472089948257e-15,0.9999995969300224,0.2317089019998093
d2c0bccaf9aade672fe58ab4,radial_oscillator,analytical,inf,2.255504106498251e-11,0.0006378142677238143,1.1374324306032906e-15,0.9999996561867659,0.23070066499712993
1f37f6a59993bbe43854fa80,radial_oscillator,analytical,inf,2.2555041065117953e-11,0.0006378142677232078,1.5302936888922255e-15,0.9999996561867668,0.23116030500023044
da75acaee0807a39cc96834b,radial_oscillator,analytical,inf,1.5424173091128984e-10,3.1244149234598414e-05,1.2066822543220937e-15,0.9999997167263458,0.23567502099831472
39edf07699b151c1bb0b1340,radial_oscillator,analytical,inf,8.80811340952069e-12,3.66640798788749e-05,1.2506342228669055e-15,0.9999995969300235,0.2304757960009738
f56191a5509570df1d7234b2,radial_oscillator,analytical,inf,2.2555041065541053e-11,0.0006378142677229641,1.2889035210226569e-15,0.9999996561867646,0.23279870999976993
360649ba566c1b630cdd9073,radial_oscillator,analytical,inf,2.2555041065246253e-11,0.0006378142677230897,1.780623783616733e-15,0.9999996561867657,0.23189369499959867
41690cfd387da4dbe11d099e,radial_oscillator,analytical,inf,1.5424173090704325e-10,3.124414923286916e-05,1.5543122344752192e-15,0.9999997167263471,0.23520190099952742
f4878c29df3b56e769318697,radial_oscillator,analytical,inf,8.808113409204082e-12,3.666407987282976e-05,1.0576046109888918e-15,0.9999995969300219,0.231591132000176
090ed6a352499fd1fa63bf01,radial_oscillator,analytical,inf,1.542417309044044e-10,3.1244149225950276e-05,1.2700514778059312e-15,0.999999716726348,0.23733590499978163
4b2a4c336d07e065f2d3a3b8,radial_oscillator,analytical,inf,8.80811340990204e-12,3.6664079877872003e-05,2.3127070390946707e-15,0.999999596930025,0.23236386099961237
838766a6718a61e025170501,radial_oscillator,analytical,inf,2.2555041065633416e-11,0.0006378142677220771,2.0593292745559727e-15,0.9999996561867637,0.23147690699988743
e69d77f8a987b5c5962ff167,radial_oscillator,analytical,inf,2.2555041063665404e-11,0.0006378142677233085,1.5888576964161568e-15,0.9999996561867657,0.23091275299884728
28fab2d45a3e242c91275f12,radial_oscillator,analytical,inf,1.5424173091131724e-10,3.124414922321924e-05,1.3743181650670437e-15,0.999999716726348,0.23582321999856504
0be7144c35871a0d1fb34bf3,radial_oscillator,analytical,inf,8.808113408572573e-12,3.6664079887849306e-05,1.6053408630924034e-15,0.9999995969300237,0.2318242930014094
edbceb31e14a79413568c2f8,radial_oscillator,analytical,inf,2.2555041065611796e-11,0.0006378142677237823,1.2038845444432302e-15,0.999999656186765,0.2309027339979366
ed6d7159ed0f6422dcca04c4,radial_oscillator,analytical,inf,2.2555041065200526e-11,0.0006378142677242785,1.5135507303332448e-15,0.999999656186765,0.2315722090024792
e4a731daf1cffc181db38970,radial_oscillator,analytical,inf,1.5424173090135145e-10,3.124414923205743e-05,1.3729726125454741e-15,0.9999997167263458,0.2347427519998746
f3f38155b7948f5e95780209,radial_oscillator,analytical,inf,8.808113410149603e-12,3.666407988378849e-05,1.4689031425545333e-15,0.9999995969300233,0.230665692997718
003f87deefed62c1ad05b0cf,radial_oscillator,analytical,inf,1.5424173090719837e-10,3.1244149246132374e-05,1.8415450254569574e-15,0.999999716726348,0.2372275419984362
a5e7beab16dc80bcc670cfb5,radial_oscillator,analytical,inf,8.808113409364542e-12,3.6664079885433155e-05,1.6588181844950118e-15,0.9999995969300224,0.2323037319983996
3d2eddaf271f29e22f98eabc,radial_oscillator,analytical,inf,1.5424173090356196e-10,3.12441492358867e-05,1.27023783466368e-15,0.9999997167263456,0.23563104400091106
105e0e178ba848c1fbf8262c,radial_oscillator,analytical,inf,8.808113410302714e-12,3.666407988662475e-05,1.4080046276521898e-15,0.9999995969300244,0.2308275710020098
e757a7a06688bfe275765792,radial_oscillator,analytical,inf,1.542417309059779e-10,3.124414923727431e-05,8.168430193938222e-16,0.9999997167263469,0.23538345899942215
a7663cd7221142498bbe334e,radial_oscillator,analytical,inf,8.808113409754958e-12,3.666407988038556e-05,1.2579929181292075e-15,0.9999995969300235,0.23164359299698845
5f40eb300326349063a76c3a,radial_oscillator,analytical,inf,2.2555041066190237e-11,0.0006378142677225927,1.0397795413340316e-15,0.9999996561867659,0.2319306300014432
4afd13ecaeee19a20431acb2,radial_oscillator,analytical,inf,2.2555041065472555e-11,0.0006378142677244316,1.4002149286688613e-15,0.9999996561867668,0.23522467300063
a15899b2f51bfbf56e3cfbbe,radial_oscillator,analytical,inf,1.542417309116165e-10,3.1244149233877996e-05,1.9431382662655015e-15,0.999999716726344,0.2366261429997394
6fa130dcc6b5f2d08ef8dcbb,radial_oscillator,analytical,inf,8.808113409311703e-12,3.66640798806394e-05,1.2417929435327243e-15,0.9999995969300242,0.23047852200033958
3a4787c974aeaf144d66426d,radial_oscillator,analytical,inf,2.2555041064935298e-11,0.0006378142677249787,1.291433460024566e-15,0.999999656186765,0.232405529000971
e7bba4b01573d2c975d0ad3d,radial_oscillator,analytical,inf,2.2555041066050124e-11,0.0006378142677236692,1.2660752796413315e-15,0.9999996561867672,0.23114729399821954
df395a54d25a9f428c9061d6,radial_oscillator,analytical,inf,1.5424173090083397e-10,3.124414923351591e-05,1.283969655360355e-15,0.9999997167263445,0.23633996300122817
56f70f3ed50d2bb047af3165,radial_oscillator,analytical,inf,8.808113409442526e-12,3.6664079888686846e-05,1.1407675285211493e-15,0.9999995969300237,0.23118314900057158
47e21ac590806ba89b99d72c,radial_oscillator,analytical,inf,1.5424173090759402e-10,3.1244149230635574e-05,1.1922442175612888e-15,0.9999997167263469,0.23618818300019484
13de68a42c2576880f03b739,radial_oscillator,analytical,inf,8.80811340976049e-12,3.6664079886433406e-05,1.1028375870331084e-15,0.999999596930025,0.23087542500070413
dce90cdea49cba2612cfe7ac,radial_oscillator,analytical,inf,2.2555041064676794e-11,0.0006378142677238463,1.7039410281682723e-15,0.9999996561867643,0.231052256996918
c40619d88a85351fe8970ec0,radial_oscillator,analytical,inf,2.2555041065721814e-11,0.0006378142677237593,1.358424184494412e-15,0.9999996561867635,0.23114602399800788
8a8ee8193efc9d9a5b6d1211,kratzer,analytical,0.9530184789753147,2.3725435557325864e-06,0.0001905269189045334,1.5389194739979627e-15,0.9999997783745006,0.25243852000130573
464e63df9f2d99e5ce6b929d,kratzer,analytical,0.5674275338220633,3.48278375797147e-06,0.00023384238755290776,9.992007221626409e-16,0.9999998022528613,0.25486882599943783
240c21a9c8f22d0a7e2e1257,kratzer,analytical,0.5465319744139627,3.3865082992286534e-06,0.00023142507212444715,1.2984006702256827e-15,0.9999998010672563,0.2521475190005731
b2af1900a1bfceb7bafaefbc,kratzer,analytical,0.8658043843703602,2.9767331895665183e-06,0.00021217159798193107,1.2328380890612507e-15,0.9999997918765449,0.25302296400332125
328ebd2fb8e8ff4da0dfd738,kratzer,analytical,1.2022897851549423,1.5441564195563422e-06,0.00015542165582245788,1.3304447599868165e-15,0.9999997477684087,0.25447322800027905
23159579304a79f189bcee1a,kratzer,analytical,0.2714747115031231,6.998691310380772e-06,0.0004417628631285466,1.3120443530547541e-15,0.9999998471793702,0.2536500860005617
b2125d5b0f47487c516ee860,kratzer,analytical,0.5242330918163591,3.1746999446066455e-06,0.00022134770279423033,1.6478921686190304e-15,0.99999979648157,0.2514242910001485
8dd7843142ada5006dff7831,kratzer,analytical,0.7531518729085711,3.5139769891267017e-06,0.00023994173474453144,1.5543122344752192e-15,0.9999998044605152,0.2519508089972078
56a549ad426626faac8f9dd2,kratzer,analytical,0.820421972124894,2.0901158977185385e-06,0.00017482180639238098,1.1102230246251565e-15,0.9999997670412111,0.25198358399939025
caeb31075b09e256b5452ede,kratzer,analytical,0.4769297558922103,5.648654898194902e-06,0.00034352924740222693,1.2241258485983985e-15,0.9999998331963588,0.25234321799871395
8d572bf994f5c0ecb4351022,kratzer,analytical,0.4315539962327386,3.911087382637679e-06,0.00025637412308266176,1.2333660714543638e-15,0.9999998107815345,0.2516115480029839
0656cbb17121f6419259ce4b,kratzer,analytical,0.8314393264677298,3.351706561703558e-06,0.00023054940029898813,1.349265561495166e-15,0.9999998006303705,0.25286465500175836
1a036944a7cc5e8ed56db149,kratzer,analytical,1.081370600062435,2.3662501904653697e-06,0.00019038281228112608,1.0817909999940916e-15,0.9999997782605784,0.25218692400085274
44c852cfcc83ad4ebe1ad2b1,kratzer,analytical,0.47233446523650935,3.428925186086927e-06,0.00023770854627597882,1.5605410353808217e-15,0.9999998034275298,0.2545098219998181
7b7e347cfa6d550d59c07956,kratzer,analytical,0.8320107929772282,2.035399251945718e-06,0.00017655308653272142,2.04256858704782e-15,0.9999997678707772,0.25287091700010933
e139b310d66f7ed1f18a4b0c,kratzer,analytical,0.6211851240217081,4.724205195471924e-06,0.00029406614197160537,1.3938251599770663e-15,0.9999998222609953,0.2523903289984446
8258e31552de00ebf536eb4c,kratzer,analytical,1.1767528276801498,1.6795251637704172e-06,0.00015829930196006729,1.5543122344752192e-15,0.9999997514574622,0.25305397199917934
4285fd14360adf0612c46086,kratzer,analytical,0.43320942675303,4.321352007564967e-06,0.00028176907592005157,1.1202117689317597e-15,0.9999998185350576,0.25319928099997924
eb02ba2a9e2259aba2574049,kratzer,analytical,0.5173742914476405,3.6823832787686974e-06,0.0002443511167156008,1.0115433896943147e-15,0.9999998064341487,0.2520975539991923
f22eb75f54d2b047dc9a4d3c,kratzer,analytical,1.0455816655066403,2.426217428856319e-06,0.000191751713969589,1.3312134546768616e-15,0.9999997793339652,0.25242052099929424
b5c2d0834bbefda6c0ad0323,kratzer,analytical,1.057767775672393,1.9021156480991702e-06,0.00016803222484871263,1.6380265534146074e-15,0.9999997609520889,0.2522948780024308
3018e79f01f6adf94685126b,kratzer,analytical,0.30698741478828584,6.746449136741208e-06,0.0004134120949820431,2.167456124783102e-15,0.9999998439806194,0.25319841200325754
3338e9c531084d62f2f22234,kratzer,analytical,0.656729448772464,2.373219261189273e-06,0.00019054238502812343,1.7702331275799562e-15,0.9999997783867164,0.25377266100258566
ef748f2722abea1b59350af5,kratzer,analytical,0.5677090806867797,5.297500675210748e-06,0.0003211640891351702,1.1315476633130324e-15,0.9999998287929905,0.25237637700047344
41bef58c9b195110e3e11a29,kratzer,analytical,0.7431216137902412,2.593615735284906e-06,0.00019921773195940453,1.1102230246251565e-15,0.9999997841075788,0.25329967699872213
02e27ab493e87d53b33a1daa,kratzer,analytical,0.5156503663338805,4.572710455845645e-06,0.00028942857343478376,1.3738118743916813e-15,0.9999998208982861,0.2527302950002195
9f49f57922f6e7721ec5dee3,kratzer,analytical,0.5290734042329563,2.5253854606946083e-06,0.00019762619267898622,1.2483495551929184e-15,0.9999997829683114,0.252233563001937
962ad942870bb8472f2660c8,kratzer,analytical,0.6305453677261914,5.333679943889886e-06,0.0003323284219500222,1.1821817375351444e-15,0.9999998308083424,0.25318079000135185
e4391447b7d28f7deed73be3,kratzer,analytical,1.3079775892408625,1.5879131113152948e-06,0.0001540829747127806,1.778000309431815e-15,0.9999997469326705,0.2511758250002458
9bed5bdbdc700631c1202cf3,kratzer,analytical,0.38390104726804264,5.299342217255732e-06,0.0003311182156937179,1.225514225080611e-15,0.9999998305396137,0.2514469069974439
62228101db3aa43748a541b9,kratzer,analytical,0.8079306504634349,2.685501572924639e-06,0.00020134523605485352,1.2979597118184064e-15,0.9999997855951841,0.25242573200011975
4ec6ff57af136b9135b0ffe2,kratzer,analytical,0.705828994698602,2.8965186337922137e-06,0.00021454780037608249,1.4054824974320933e-15,0.9999997925901601,0.25371310300033656
7f1710350d07317cbd93f468,kratzer,analytical,0.9701337788891031,2.048512946470437e-06,0.0001739317220260186,1.3438274778267376e-15,0.999999766169389,0.25443241399989347
c017700712efc474792a4b0a,kratzer,analytical,0.5593391981700879,4.43460298748425e-06,0.0002852152343013384,1.2681600457584851e-15,0.9999998196163044,0.25198123999871314
9f0d1a26cb278f21c1a4025b,kratzer,analytical,0.4962495790116934,2.891073476117466e-06,0.00021441360365945665,2.195839763077123e-15,0.999999792510304,0.25266491300135385
7567f4baabbc68dbb83219d4,kratzer,analytical,0.990243490222916,3.171735521412325e-06,0.00022127576396666448,1.0310928953994636e-15,0.9999997964419299,0.2517556339989824
05bebcff2f4b56dad636d082,kratzer,analytical,0.9497828279646843,2.5439881444107092e-06,0.00019441396162038922,1.4810051945842287e-15,0.9999997813665584,0.2509766010007297
7526edfa2f121a5d5743176a,kratzer,analytical,0.3933198147925321,4.904106740584416e-06,0.00029959802704721645,1.2877330224009875e-15,0.9999998238239194,0.25086343200018746
8a0a65757f8c028d40531dd4,kratzer,analytical,0.7277015312261419,2.6386952841830663e-06,0.00019653169905053627,1.6082582501912096e-15,0.9999997829336851,0.26243666099981056
fbc909192ecd191119e1835a,kratzer,analytical,0.49731385944653717,4.418290059162094e-06,0.0002773130361367313,1.2212453270876722e-15,0.9999998176897954,0.2534280330000911
d2eaeb9b7d65be28994da871,kratzer,analytical,0.8340900783696652,2.680733579907732e-06,0.00020514153377157487,1.316539041664417e-15,0.9999997874168953,0.2525249470018025
10929e5f256453825014e159,kratzer,analytical,0.468533546796877,3.78373740116538e-06,0.00025288777660236844,9.938279118057555e-16,0.999999809390087,0.2521251520010992
1e008928e1c101239be40b3d,kratzer,analytical,0.4541093652581911,3.860324299778065e-06,0.0002549847617811569,1.2423270301040537e-15,0.9999998102323825,0.2540935690012702
5446de6d55c3f571805e1261,kratzer,analytical,0.7393590460479329,3.262093318176467e-06,0.00022828957168582477,1.4480315743673715e-15,0.9999997994841764,0.25202265799816814
62898b679b5cba0becbaf4a9,kratzer,analytical,1.299045636581548,1.2461495354674866e-06,0.00014269601465876567,1.7008398425506686e-15,0.9999997320053038,0.25162361999900895
b06636e56ac3f73b2b63584d,kratzer,analytical,0.36215254169981925,7.044599437833141e-06,0.00042679399374230103,1.1327313730961514e-15,0.999999845776014,0.2518362020018685
f4195579456fab5adf8291f0,kratzer,analytical,0.6464524603371711,3.270637896080464e-06,0.00022367055299995286,1.3322676295501878e-15,0.9999997977448243,0.2506649480019405
4bf2c30b5a0a64693c72941a,kratzer,analytical,0.8633385152254371,2.9375024808999707e-06,0.00021124818060686622,1.3744819819031291e-15,0.9999997913117167,0.25055276199782384
19e6f8396470d81563bfb2bb,kratzer,analytical,0.887138971904939,2.216346242972805e-06,0.0001805297807315622,1.157413756635411e-15,0.9999997715507287,0.2510366940005042
56fc5c42aab4f81422ce4eb5,kratzer,analytical,0.6495332419094906,3.813281178769286e-06,0.00024776950097087666,1.1102230246251565e-15,0.9999998079069011,0.2515573399978166
cd5d041732b00ff600468208,kratzer,analytical,0.6486952956386123,2.156723461823504e-06,0.00017923144509210607,2.4424906541753444e-15,0.9999997703726614,0.2522675939981127
b1f55d81780cc5246e4c0c8b,kratzer,analytical,0.7856311592787524,4.437337549432797e-06,0.00027786311403378555,1.887379141862766e-15,0.999999817870146,0.2523349139992206
9b48296f35e3ea27b1bf1276,kratzer,analytical,1.159562312699003,1.945881474170624e-06,0.00017170892205586026,1.3301998138167444e-15,0.9999997639400485,0.2519261989982624
a9607120ca679d7b5b4f0f99,kratzer,analytical,0.26457449728478544,5.316321351393911e-06,0.0003317163759052658,1.2419306191507718e-15,0.9999998306727079,0.25408648300071945
7252505e48c7d695d5b43ec1,kratzer,analytical,0.6567147661880668,3.038628726190524e-06,0.00021803456848124372,1.2212453270876722e-15,0.9999997946227203,0.25266764600019087
559e2e42ef3176b9782e07e0,kratzer,analytical,0.5924389571128792,4.1491673781027655e-06,0.0002695550392880037,1.2104178569642442e-15,0.9999998150554074,0.25166416100182687
6697981873c1de20580d8cb7,kratzer,analytical,0.9926673018752803,1.9731360075944245e-06,0.00016953403646763313,1.6895527444687066e-15,0.9999997625478388,0.25600593100170954
cea37b8745b29e3bddcd31d8,kratzer,analytical,0.3503660304079954,6.290959667477607e-06,0.0003935897825946682,1.4762717456830014e-15,0.9999998410811372,0.25351475900242804
f443eac09526dca77b47f5e8,kratzer,analytical,0.42563856387825805,4.911617497865132e-06,0.000299829615927254,1.3926994262972266e-15,0.9999998238879217,0.25157361699893954
dc8c19866b7dba5e13778407,kratzer,analytical,0.8254467663062073,2.6473555029832392e-06,0.00020046413291253015,1.1102230246251565e-15,0.9999997849839077,0.2511898119992111
a91d1e2154ab86b129227b6b,kratzer,analytical,1.220942017911561,1.553968236868829e-06,0.0001556336619557318,1.2212453270876722e-15,0.9999997480465693,0.2504597749975801
0fc9bb81e7a224a4edcf80b8,kratzer,analytical,0.415255234366537,5.253718283269923e-06,0.0003295133789028513,1.0226176824282768e-15,0.9999998301798766,0.25231134400019073
f37dea297affeb0019dbd7d4,kratzer,analytical,0.7951657881188741,1.987946142007987e-06,0.00017262476935355286,1.1102230246251565e-15,0.9999997648677668,0.25201029399977415
55ca86cb5e6ef01830d037d5,kratzer,analytical,0.7062450656109922,4.2814763394419134e-06,0.00027336617250032076,1.887379141862766e-15,0.9999998163711599,0.25178089199835085
d13e102e34e41893696a870b,kratzer,analytical,1.0515058323683828,1.573635050369546e-06,0.0001537866343014968,1.2478708781910671e-15,0.9999997465346934,0.25104347500018775
7e0808bf52609d915c68ac50,kratzer,analytical,0.46619734755349107,6.3708776891044656e-06,0.00038306154753816365,1.1329863648763557e-15,0.9999998399109853,0.25073701399742276
ce295a1323e3142a441c1855,kratzer,analytical,0.45747293021342905,4.046281237800212e-06,0.0002665941862580741,1.367394280771653e-15,0.9999998140030351,0.2518236239993712
8f44ddb5c496c42aae3c5881,kratzer,analytical,1.0548791510211348,2.560315148394341e-06,0.00019478046094600736,1.3331308194468463e-15,0.9999997816408556,0.25212975799877313
de0f77e3a9e4ca06d802351c,kratzer,analytical,1.086928030972171,2.1645315557970817e-06,0.00017940211682859568,1.6655268227388547e-15,0.9999997705287919,0.25041078100184677
7433549c7187032442ff3159,kratzer,analytical,0.331019398474405,4.431830026388037e-06,0.0002851307647332049,1.0138342392637058e-15,0.9999998195901593,0.25075899600051343
e331e85a61aaea337bf36d29,kratzer,analytical,0.6371778048926364,2.760222558177989e-06,0.00020704446821782696,1.5606706393367057e-15,0.9999997886612496,0.2520316400004958
0ee73395ae68c6861348813e,kratzer,analytical,0.6405688500061952,4.049470036049362e-06,0.000266685927030571,9.640893668363431e-16,0.999999814036052,0.2506133120004961
cda3c87cd90b2a64bb986962,kratzer,analytical,0.7431660533625593,2.973650055344186e-06,0.00021209911034292202,1.7763568394002505e-15,0.999999791832427,0.2527519530012796
00be90459551317e80720560,kratzer,analytical,0.577616728845114,3.65787876057431e-06,0.0002494385316125478,1.3322676295501878e-15,0.9999998079682336,0.2520675569976447
e6b7e91790df14b4c992f84d,kratzer,analytical,0.5079489224780476,3.3043748791120524e-06,0.00022935674030209247,1.4509222431362886e-15,0.9999998000288517,0.25193071399917244
1a499a5a35e888fbb8db246a,kratzer,analytical,0.6800285537433259,3.627330553563343e-06,0.00024291127728356975,1.3322676295501878e-15,0.9999998057990588,0.25100905900035286
78103e9011c2d46d1d0b36d8,kratzer,analytical,1.1990888532583721,1.5272088143894246e-06,0.00015281506955875293,2.2441802117197267e-15,0.9999997452149836,0.25105839200114133
9ab6b6a24a8c83815d0e190f,kratzer,analytical,0.39325611540957617,6.39683320809928e-06,0.00038410319213368874,1.7763568394002505e-15,0.9999998400800416,0.2514440150007431
05530e217ca4867c76444852,kratzer,analytical,0.6949877383712524,2.4720071247695957e-06,0.00019279079251073228,2.0103293842017065e-15,0.9999997801357842,0.2521859529988433
a348ccce351b3fba293c6b41,kratzer,analytical,0.7575301371454044,3.7942386914581833e-06,0.00025317537864397367,2.0221356197600614e-15,0.9999998095065801,0.2532448320016556
638acf4c597b73522333f882,kratzer,analytical,0.9841333699107411,2.2274075309463205e-06,0.00018392023645591086,1.06948147538798e-15,0.999999773721553,0.25094306399842026
aa933908efc173d4d9af805b,kratzer,analytical,0.5089212244537213,4.604782964363894e-06,0.00029040892159203324,1.1102230246251565e-15,0.9999998211904908,0.25300773499839124
b36dc41a9492fdb9bbeae5aa,kratzer,analytical,0.5490903176311779,2.780908625985016e-06,0.00020353650881848248,1.4062727284978804e-15,0.999999787086695,0.2514847610000288
994c2bb3f69a624220fa88e9,kratzer,analytical,0.8312755088463142,4.173573137272404e-06,0.00026355572893906255,1.0052507662441971e-15,0.9999998135122696,0.2521424009973998
4406ff5bef54a74155674cc9,kratzer,analytical,1.3153944236404955,1.424044246869914e-06,0.00015060941876026852,1.4574670913929096e-15,0.99999974213132,0.2519136389964842
3c6bc424f9f2e84c3ccbc9de,kratzer,analytical,0.2467121932128591,5.75957216993179e-06,0.00034751887096642865,1.1929465213113087e-15,0.9999998340060283,0.2521495250002772
472503d8e52de483b887b6e0,kratzer,analytical,0.6127443368065268,3.6039784877124307e-06,0.00024230008744434447,1.1430694341394247e-15,0.9999998055267568,0.2509383459982928
af478f68a5a7164bbd7661ae,kratzer,analytical,0.7130818789341111,2.739028562682718e-06,0.0002025767528431221,1.0905834639769583e-15,0.9999997864384035,0.2516357179993065
07c8be859154dd2bf0d02567,kratzer,analytical,0.9513408179669991,2.162909188452989e-06,0.00017936667085820807,1.4991234606970982e-15,0.9999997704963958,0.25194250699860277
f39c597c81d6d995e103e940,kratzer,analytical,0.4269640066223923,4.163885120757379e-06,0.0002699787563182354,1.1877156327127147e-15,0.9999998152038184,0.2503813479997916
d0361ec7291b6eebf4cbb964,kratzer,analytical,0.48315689633308656,3.5087861566256308e-06,0.00023980557327201384,1.2905755471433534e-15,0.9999998043981932,0.2515955010021571
b5df28719317ea4c5396c5df,kratzer,analytical,0.8065539978244765,2.7842897805804322e-06,0.00020361385303827576,1.2930066510453644e-15,0.9999997871386044,0.25128779300212045
c83d28016082b6909485070b,kratzer,analytical,1.0600892582580252,2.067028726776816e-06,0.00017432861252843302,1.2022916854908154e-15,0.9999997665595829,0.25219920000017737
27758025d9a7430eabf5fa7c,kratzer,analytical,0.4348350192976387,5.245268071173603e-06,0.0003194345658055828,1.3322676295501878e-15,0.9999998283795446,0.25161928300076397
c727e6cdb6125560cb6e9ab6,kratzer,analytical,0.8652894223650263,2.114523716605777e-06,0.00017830556171523498,1.880503240339404e-15,0.9999997695188743,0.25257119899833924
aef861ae42a3fe63492c8a63,kratzer,analytical,0.5520223007314966,5.233220024983035e-06,0.0003190361772290553,9.932625684867015e-16,0.9999998282836002,0.25299674599955324
d618d964f362bf4a7a985671,kratzer,analytical,0.8653066115555825,2.92772277880425e-06,0.0002110176199405652,1.1164595988373994e-15,0.9999997911697351,0.26400775799993426
5f2a633c3aa727d0d6faf9bb,kratzer,analytical,0.6128056033833973,3.1290271359793652e-06,0.0002202381921645104,1.5728878318461272e-15,0.9999997958666889,0.2519292110009701
4b29a12972a3e866ecf4010b,kratzer,analytical,0.5990220287210999,2.7046288603167492e-06,0.00020571484324551867,1.6653345369377348e-15,0.9999997877948127,0.25100899700191803
69738a19f63e059feb0a4f45,kratzer,analytical,0.7704165697437615,4.0702985351313326e-06,0.0002672851925998924,1.6830351301922934e-15,0.9999998142510633,0.253015513997525
ee8727329949feaed94586bc,kratzer,analytical,1.0797264356544964,1.6039248513343045e-06,0.00015670453692567045,1.1102230246251565e-15,0.9999997494358862,0.2524573760019848
b2cd61bb978d691f89afa8b1,kratzer,analytical,0.3411820862567252,6.6675908422974584e-06,0.0004099281157774116,1.4784982504944172e-15,0.9999998434927021,0.250018677998014
6afb7f65cf2429002bb9df15,kratzer,analytical,0.5934042181727053,2.7319401459191602e-06,0.00020241398418276017,1.1320699790829313e-15,0.9999997863276903,0.2543429630022729
14cc965ee7469f3d24b45394,kratzer,analytical,0.6984604166063137,3.959292127958849e-06,0.00025769317653465655,1.1420024297295938e-15,0.9999998112964674,0.25356165999983205
3e2cce29e369e88423a442a9,kratzer,analytical,0.9503652689792892,1.9125309010010995e-06,0.00016825372512658214,1.1102230246251565e-15,0.9999997611898288,0.2522605789999943
8a76e659aa7ad3762f979ce8,kratzer,analytical,0.4083269225974142,5.647791402081064e-06,0.0003547697725060533,1.3877435046172042e-15,0.9999998349059008,0.2516838270021253
ebcb24ebe565b79cf69f2fd1,kratzer,analytical,0.3580395279270516,3.7706887977448847e-06,0.00025253037447436785,1.800960895488045e-15,0.9999998092448859,0.2523222039999382
529cdc37fd0a8a6d6916283e,kratzer,analytical,0.9953081082585085,2.754409620211324e-06,0.00020690571048176265,1.4692734925621548e-15,0.9999997885714792,0.2489484879988595
68b3ed768a57a92ea3bc96fd,kratzer,analytical,1.1817138555379074,1.8720635491428587e-06,0.00017008461432225862,1.1876972828875812e-15,0.9999997622621127,0.251807631997508
d9ced3a54997d4fa5ee1a7e1,kratzer,analytical,0.40658125799943434,5.0936622211208565e-06,0.00031443591667183036,1.3196888789262295e-15,0.9999998271559897,0.25336104800226167
246986762a4ae341694b2777,kratzer,analytical,0.7618935592506713,2.7509225893076766e-06,0.00020284965753770092,1.13940164155905e-15,0.9999997866235227,0.2533292900006927
3e6cec3f3b5a0658d88e857f,kratzer,analytical,0.6617380735992677,3.5383492646395815e-06,0.0002352343886794836,1.3012675233592383e-15,0.9999998029223073,0.25461605099917506
ba22866f5e6193183c439aa6,kratzer,analytical,1.045391800056784,2.0923167449846348e-06,0.0001778159243737348,1.3322676295501878e-15,0.9999997690626714,0.2547064890022739
18545a96dbd14baf2622a535,kratzer,analytical,0.47373786381463123,5.2990446252745894e-06,0.0003212152713962429,1.7969985779422272e-15,0.9999998288051473,0.2530932779991417
b874a84707875e9ced7d5b84,kratzer,analytical,0.5671658397094355,3.8031299126451047e-06,0.0002475046254157938,1.3322676295501878e-15,0.9999998077945048,0.2520302150005591
d079e0303fe741a437f2c8d2,kratzer,analytical,0.8343841148050313,2.810502704224604e-06,0.00020824214350360527,1.3388362151761804e-15,0.9999997894299331,0.2525309919983556
ce9a817075605a7c18c67434,kratzer,analytical,1.0340302971962734,2.1603832429493233e-06,0.00018240809403350094,1.5364242643968108e-15,0.9999997724061452,0.251076603999536
decd003ebe6d16f3a3357fe6,kratzer,analytical,0.3806421285105017,4.841815669773956e-06,0.00029767934827470705,1.2745862386255692e-15,0.9999998232892946,0.2521785360004287
ce25693e71f48f6a1c639069,kratzer,analytical,0.7455524491106722,1.923358133017423e-06,0.0001712156750038419,1.1925328286779125e-15,0.99999976343497,0.25149644600242027
08d76806789ab5234861bb81,kratzer,analytical,0.5542635987283644,5.273066734418253e-06,0.0003301935325327035,1.481395676274139e-15,0.9999998303328134,0.25247228399894084
20f8f9cd8b792a9b14b706d2,kratzer,analytical,0.8700735459195386,2.041388206009531e-06,0.0001737786757633094,9.28516344707975e-16,0.9999997660182983,0.252815906998876
c1ff5f05b44b0b0e6b8fdf98,kratzer,analytical,0.49088299887409104,4.823313108127129e-06,0.00030559488383908305,1.5543122344752192e-15,0.999999824881631,0.253041691998078
05adeaefb703d11054e3206a,kratzer,analytical,0.4940852216706624,3.1966602127152896e-06,0.00022663457224711097,2.0293515011566305e-15,0.9999997986271761,0.2533217880009033
64a3d9c8936cc83c505cee68,kratzer,analytical,0.7881411885105889,3.5672303966357677e-06,0.00024133770841191962,1.6384261466128868e-15,0.9999998050946515,0.2522752090007998
f60c9bb8860ef0c7c7285f9b,kratzer,analytical,1.4104011517255142,1.4555530372358179e-06,0.0001512902409680486,1.6071631007528527e-15,0.9999997430964437,0.25301018900063355
47e37fef9e47e9a97ec84bc3,kratzer,analytical,0.27137757814193053,5.813672060911272e-06,0.0003494738461175392,1.3736154377511316e-15,0.9999998343953689,0.2526291800022591
0bffda5c018acf2ee5749443,kratzer,analytical,0.6865678855178903,3.4715347169515135e-06,0.0002388279295836152,1.1190968319373295e-15,0.9999998039482009,0.2514138400001684
cdaf8182fc7b1c37288d1efa,kratzer,analytical,0.7432347954735556,2.7732585380133094e-06,0.00020735541989688454,1.2212453270876722e-15,0.9999997888618863,0.2528387849997671
29a3985d0b8c448fd3d9c9f4,anharmonic_polynomial,functional,inf,2.313924151973614e-06,0.00012897739446230937,1.5323478607733339e-15,0.9999980528809257,0.15849601900117705
27255fd038c4523d298870ad,anharmonic_polynomial,functional,inf,1.7644977653584464e-06,0.00013698373431622436,1.7612923761782855e-15,0.9999980583014236,0.15527388400005293
8e6039c19ac0a51c335cbbe5,anharmonic_polynomial,functional,inf,1.7836809152469839e-06,0.00013675330561888711,1.8466621358655716e-15,0.9999980569416815,0.1532843380009581
e0dbcc79e3f922113ecc85d8,anharmonic_polynomial,functional,inf,1.6106496775188434e-06,0.00013956912789151607,1.2622854442984e-15,0.9999980585694542,0.15309982600228977
9b3736b1a1f2cf3f00d9b9c7,anharmonic_polynomial,functional,inf,1.6951427513761301e-06,0.0001384541860266102,1.6683297767429401e-15,0.9999980588199872,0.15536726199934492
e89ff27aa27485ca8dd85dcf,anharmonic_polynomial,functional,inf,1.646295002487409e-06,0.00013951977043619146,1.2836666929210348e-15,0.9999980599026053,0.1546020360001421
dd24a875a2abcd2d1e1e138a,anharmonic_polynomial,functional,inf,1.4985344950322146e-06,0.00014224593670363622,2.0243621042813012e-15,0.9999980614822934,0.15467975299907266
1525720730685a902131f25c,anharmonic_polynomial,functional,inf,3.5518486520530403e-06,0.00011757671619514952,1.5291337283300483e-15,0.9999980426342646,0.1534251340017363
d79b74b4882e5850cabd4293,anharmonic_polynomial,functional,inf,1.7982997913460775e-06,0.00013709791004445546,1.1844152058468535e-15,0.9999980603918136,0.15355393899881165
1278fa759ebce56d000288cc,anharmonic_polynomial,functional,inf,2.904751196539208e-06,0.00012495402177964117,1.7642761992646967e-15,0.9999980464176126,0.15301066100073513
45233615b6533eb3bcd62d3a,anharmonic_polynomial,functional,inf,1.4765709744116922e-06,0.00014334641269063888,2.0895521559083227e-15,0.9999980640568001,0.15370471400092356
a451ec7705315e6987b5f67b,anharmonic_polynomial,functional,inf,2.049391535487469e-06,0.00013272647329283334,1.2219813045120824e-15,0.9999980567651011,0.1544235840010515
6e68924023717e25e4709c14,anharmonic_polynomial,functional,inf,2.831049265058732e-06,0.00012435505125773667,1.1300093482972947e-15,0.9999980519930675,0.15361316800044733
31b1e5ba1ad3168102760408,anharmonic_polynomial,functional,inf,1.3174895589485949e-06,0.00014665551876275366,1.5577112225767988e-15,0.9999980637215229,0.1538327140006004
3a83f64e5695528650568bf9,anharmonic_polynomial,functional,inf,2.1313718406637307e-06,0.0001315657672065462,1.2658955348453737e-15,0.9999980545659317,0.1556131010001991
64fb54c7c446100884e16c7e,anharmonic_polynomial,functional,inf,1.9615318536641636e-06,0.0001334844728701342,1.8018149035354694e-15,0.9999980544621442,0.15459790200111456
60fb6ab75221ac4b10d496a7,anharmonic_polynomial,functional,inf,3.709554677634058e-06,0.00011731767678120538,1.0022910313558134e-15,0.9999980466164882,0.15414342100120848
3f6c7b2ecb1ed746fad30ba3,anharmonic_polynomial,functional,inf,1.5092518688322996e-06,0.0001418752387189383,1.323057588297225e-15,0.9999980608047432,0.1542175419999694
b835bebbb7046d3a6fde4c75,anharmonic_polynomial,functional,inf,1.562303205244108e-06,0.00014117687281590692,1.3322676295501878e-15,0.9999980606069867,0.15308586899845977
af47d3da059d1b1017af2789,anharmonic_polynomial,functional,inf,1.6725075115847635e-06,0.00013867433168811578,1.9122100363314067e-15,0.9999980586184304,0.15423651799937943
7a180b49b1a3018f7502dba9,anharmonic_polynomial,functional,inf,1.5607442677015234e-06,0.00014147129011287838,1.6088026240551457e-15,0.9999980627769,0.1536819330030994
9db72c6a0424b6cda58bf72d,anharmonic_polynomial,functional,inf,2.1003250620929747e-06,0.00013237429749088047,2.232230561288894e-15,0.9999980551518061,0.1531076530009159
a70c8fe9889cb5b13f2354ea,anharmonic_polynomial,functional,inf,1.6322722709193952e-06,0.00013915896802869408,1.5470751911001848e-15,0.9999980585948413,0.15393531400331995
7c0f877d69bbb3b7eb16e399,anharmonic_polynomial,functional,inf,2.615400970018558e-06,0.00012584782322053387,1.4802910539087743e-15,0.9999980513754363,0.15323233099843492
99baec761bbcace959e3014b,anharmonic_polynomial,functional,inf,2.1320827001760645e-06,0.00013170912178674986,1.7039371137439476e-15,0.9999980557985311,0.15432148699983372
2b871d7fb21bd487fd39405a,anharmonic_polynomial,functional,inf,1.8496685908544053e-06,0.00013605698938196705,1.645688876513411e-15,0.9999980590376668,0.15356649900058983
262548d48f9855686b73a53c,anharmonic_polynomial,functional,inf,1.3924643501513162e-06,0.00014504142307500843,1.5779617131445295e-15,0.9999980638223751,0.15332546799982083
a3db7d6cbacbcb1e73d631ac,anharmonic_polynomial,functional,inf,2.3733622430067034e-06,0.00012877654778383456,1.1102230246251565e-15,0.9999980538705403,0.1534532460027549
65de707d0b73f54b67d24a3b,anharmonic_polynomial,functional,inf,2.087681889886208e-06,0.00013224320529948188,1.2724523993094666e-15,0.9999980566814264,0.15337406700200518
0f8e2af7c897321057f89587,anharmonic_polynomial,functional,inf,1.4345302558380107e-06,0.00014382917742414498,1.8899781005854203e-15,0.9999980626444553,0.15370997799982433
e3c00daad1cc4c891e0e9bd3,anharmonic_polynomial,functional,inf,2.694244946394212e-06,0.00012622625249821657,9.866467298350146e-16,0.9999980501830054,0.1535439880026388
ff65d0903aeb651ece008abb,anharmonic_polynomial,functional,inf,1.816699505361408e-06,0.00013736267359585168,1.0840913494787684e-15,0.9999980626862824,0.15344650100087165
9dc746a128e7bc1cac6f3a9f,anharmonic_polynomial,functional,inf,1.8914979228903524e-06,0.00013552333272135882,1.7628828512080366e-15,0.9999980600132624,0.15343854999809992
2aa9e7f2f9c6b2ed95262267,anharmonic_polynomial,functional,inf,2.022350479775038e-06,0.00013318168548815497,1.3823599975087337e-15,0.9999980570697314,0.15393423000205075
d019ea44a59b7c172991cc2a,anharmonic_polynomial,functional,inf,1.316134343949702e-06,0.0001462862540211153,1.1102230246251565e-15,0.9999980622466312,0.15388793500096654
a941d5bc650f2c645e377038,anharmonic_polynomial,functional,inf,3.7436291674609207e-06,0.00011831472057480935,1.2313821962991004e-15,0.9999980389652774,0.15342319199771737
5cd515393bf35b693b580922,anharmonic_polynomial,functional,inf,2.1440430908755318e-06,0.00013185677082830949,1.3202337435389561e-15,0.999998052879597,0.15312786300273729
0c38c9654b4ab8606105811a,anharmonic_polynomial,functional,inf,1.5261537449983296e-06,0.0001417299855638702,1.1090064743996146e-15,0.9999980607317012,0.1532506259973161
8b3c4a167d33dcf79d3fcb47,anharmonic_polynomial,functional,inf,2.3483929342518075e-06,0.00012855575667831506,1.5082742825102268e-15,0.9999980527593271,0.15357197000048473
b2abeb15ef94dfe0e2685914,anharmonic_polynomial,functional,inf,1.7655720945888184e-06,0.00013739828730322654,2.3238128621905165e-15,0.999998060276855,0.15286995800124714
a54761bf1ed36197e6973f28,anharmonic_polynomial,functional,inf,2.9681916567784818e-06,0.00012390323168407107,1.0764019184651302e-15,0.9999980497304549,0.15331074800269562
b39f50de1f02b57fd2fe5787,anharmonic_polynomial,functional,inf,1.459137917320349e-06,0.0001433684350020533,1.166800857868393e-15,0.9999980624932704,0.1527634960002615
fc16c16030c18e63a83c3a5d,anharmonic_polynomial,functional,inf,1.8121510097967042e-06,0.00013606658324681554,1.090360062933301e-15,0.9999980574117435,0.1533608550016652
0a5b57a1fe9aed3fbb586598,anharmonic_polynomial,functional,inf,1.9101481286636184e-06,0.00013433740659613146,1.354406836274466e-15,0.9999980559147427,0.15310591999877943
52212abce9addeaca4c7ba10,anharmonic_polynomial,functional,inf,1.7119127790525346e-06,0.0001380776262190656,1.9433244165838096e-15,0.999998059383167,0.1549544990011782
8563be2e0af2a1b5ba2ded86,anharmonic_polynomial,functional,inf,2.2640184747193513e-06,0.00012987060517401426,1.0680039316954452e-15,0.9999980524798576,0.15345317099854583
c267d137581b5d15cc5bc16a,anharmonic_polynomial,functional,inf,1.6167603935606629e-06,0.00013969234986211998,1.2798175057740138e-15,0.9999980595662797,0.1541718309999851
c0df30b27a6a87487c91a5c1,anharmonic_polynomial,functional,inf,2.1944855809530676e-06,0.00013120101074091912,1.4649670468554312e-15,0.99999805666186,0.15275329200085253
75f47136c100b8edd22d1a39,anharmonic_polynomial,functional,inf,1.6772347681120298e-06,0.00013818680047571883,1.2206259238035854e-15,0.9999980577618739,0.15373636099684518
a023e667e239b08c79641a3c,anharmonic_polynomial,functional,inf,2.2403706659109932e-06,0.00013046056740741914,9.8700176457121e-16,0.9999980564902125,0.15412715600177762
ee5c8f0574793e4a39f8c17b,anharmonic_polynomial,functional,inf,1.484749621274389e-06,0.00014264974088550947,1.6782571599901443e-15,0.9999980614203332,0.1540696729971387
ab03bc55c7f993984b13ffa6,anharmonic_polynomial,functional,inf,2.157612648876655e-06,0.00013169977466079286,1.50436518933425e-15,0.9999980547251585,0.1538423669990152
22371cf9e196c88b03f48368,anharmonic_polynomial,functional,inf,2.7989200117228823e-06,0.00012496313772065965,1.2129490309957155e-15,0.9999980489438303,0.1549248039991653
9090430ded89b7cb2a627071,anharmonic_polynomial,functional,inf,1.4066302325051774e-06,0.00014476071962074767,1.7802819750860366e-15,0.9999980639029266,0.15308464500049013
d2759022be0a233e91afe84c,anharmonic_polynomial,functional,inf,1.684673194834089e-06,0.00013805205799169096,9.998594672269178e-16,0.9999980575185557,0.15405859499878716
329c7517a0e68b462e1c2b32,anharmonic_polynomial,functional,inf,1.96075972232855e-06,0.0001343883291434135,2.2345188528410724e-15,0.9999980591253094,0.15438390100098331
a33ddc40522758fce3ddebe2,anharmonic_polynomial,functional,inf,2.3422841261179098e-06,0.00012914736699426357,1.5855139708875072e-15,0.9999980543791605,0.1556059020003886
b8c335a3dc54ddb44207b860,anharmonic_polynomial,functional,inf,1.490018701803075e-06,0.00014190967929529218,1.1427934750158923e-15,0.9999980593633961,0.1528212560006068
37ff104a4e809097aeae42ee,anharmonic_polynomial,functional,inf,2.646089219568516e-06,0.0001263015897114266,1.2993759708915786e-15,0.9999980518891196,0.1531003989985038
8101a99e93ca3f86f1cab4d9,anharmonic_polynomial,functional,inf,1.5696530987388921e-06,0.0001407007949457656,9.992007221626409e-16,0.9999980604247231,0.15440735899755964
2f71bc8c3bdf291158f2c1d8,anharmonic_polynomial,functional,inf,1.854727376114928e-06,0.0001356420993297852,1.5849347203670911e-15,0.999998058330882,0.15398823999930755
cd48f760b68655e183d923bf,anharmonic_polynomial,functional,inf,1.7294859929972732e-06,0.00013810812746675448,1.4555622994164188e-15,0.9999980607686534,0.15279268599988427
460e401075bb6939ce80c983,anharmonic_polynomial,functional,inf,1.4397494868509006e-06,0.00014318746661654753,1.0228933701121884e-15,0.9999980604560063,0.15329871799985995
9779ab5c1b00acd043eb66cc,anharmonic_polynomial,functional,inf,2.8132603680411663e-06,0.00012531221943361595,1.1726656258317325e-15,0.9999980514225053,0.1542749640029797
8e6ab645a01e1f4fcdc9e376,anharmonic_polynomial,functional,inf,1.6357334264926752e-06,0.0001394804977916845,1.221095956790136e-15,0.9999980601732658,0.15464809100012644
0852dc624cf9dc65717ef522,anharmonic_polynomial,functional,inf,2.526304817512111e-06,0.00012704224362071172,1.8964130227060223e-15,0.9999980504769166,0.15436243699878105
a674d4749fb4c0910804bc53,anharmonic_polynomial,functional,inf,1.421288636671e-06,0.0001436845475382701,1.6932196693341126e-15,0.9999980610302328,0.15353085699825897
e70cbed4ad80b93bd4c83d39,anharmonic_polynomial,functional,inf,2.4127190827472294e-06,0.00012829355110110824,1.576657001308973e-15,0.9999980532729131,0.15210780599954887
cb124c509e87610c70f4ed25,anharmonic_polynomial,functional,inf,3.2559928638580726e-06,0.00012021296973459192,1.211666553783074e-15,0.9999980462822761,0.1528548150017741
71474fa5876b81e4d81f459d,anharmonic_polynomial,functional,inf,1.4310815960995296e-06,0.000143651470795203,1.4820491772487812e-15,0.9999980617720244,0.15331716799846618
b551260032addc0302385d19,anharmonic_polynomial,functional,inf,1.793445327355118e-06,0.00013717111634792137,1.430856746536161e-15,0.9999980592849925,0.1531658960011555
2475b4e824e12e50c7d1011c,anharmonic_polynomial,functional,inf,1.983423824033334e-06,0.000134365756563539,1.1317406337052998e-15,0.9999980595742318,0.15339968300031614
6ebf3bef6ef10ecd1b00a12b,anharmonic_polynomial,functional,inf,2.1879991460329057e-06,0.0001304169128724075,2.5607735445290462e-15,0.9999980535487504,0.153054456000973
40d1308ac24cf890b45bc603,anharmonic_polynomial,functional,inf,1.5982305156557082e-06,0.0001401861541168561,2.055181087301024e-15,0.9999980605211698,0.15322819699940737
dae49b9ca48efaf1d3404828,anharmonic_polynomial,functional,inf,2.1348488887143547e-06,0.0001323127631862877,1.4902205044962767e-15,0.9999980509686457,0.1531228829990141
2d11bec815413b3c19e339bb,anharmonic_polynomial,functional,inf,1.6269708063733677e-06,0.00013955038866787716,1.4196333357745673e-15,0.9999980593215857,0.1528194499987876
3e73fa9ad7e2a062cf90daf0,anharmonic_polynomial,functional,inf,1.9466983045268474e-06,0.00013437932857682347,1.7048182611892065e-15,0.9999980574167916,0.15297538199956762
219248cdf5614bd03e7540ec,anharmonic_polynomial,functional,inf,1.715741647682121e-06,0.0001382789391504749,1.5412990574492169e-15,0.9999980594791161,0.15247539200208848
a86a67b2778e265665237de3,anharmonic_polynomial,functional,inf,1.5000718067767324e-06,0.00014248447114656237,1.6669289968606348e-15,0.9999980625055852,0.15227475299980142
c872df72951af328fd93d131,anharmonic_polynomial,functional,inf,2.877523498688837e-06,0.00012414806441790453,1.1530868675998384e-15,0.9999980532847248,0.15311416199983796
f7517b097d81292b15f4dbd7,anharmonic_polynomial,functional,inf,1.924217647861692e-06,0.00013529432106920898,2.1987480424787122e-15,0.9999980601080789,0.15290451400142047
382c1d8e6552c22bd751dbc9,anharmonic_polynomial,functional,inf,1.7323729339522367e-06,0.00013773574400772516,1.5373881137495544e-15,0.9999980581779061,0.152201437002077
6484d445bee3a9dffe672302,anharmonic_polynomial,functional,inf,1.349783517673207e-06,0.000144982869670332,1.0343982916419776e-15,0.9999980603352903,0.15267987099650782
a276354436022d3068ad96d9,anharmonic_polynomial,functional,inf,3.0410102290813354e-06,0.00012195576276226816,1.9022639800449425e-15,0.9999980485430565,0.15272519900099724
a4f5ff583dede49eedcef796,anharmonic_polynomial,functional,inf,2.1861382850243806e-06,0.00013117634798718423,1.2778441922332655e-15,0.999998056362908,0.1546328199983691
3649e07b579e20877ec09fe0,anharmonic_polynomial,functional,inf,1.5862701309077206e-06,0.0001406929490245405,1.552636282529795e-15,0.9999980615676832,0.15312578399971244
a35294fbff79c73d664abd6d,anharmonic_polynomial,functional,inf,2.18960055354265e-06,0.00013173151765366215,1.7931859481533904e-15,0.9999980579039299,0.1530467550001049
32b95b5bd5459ff5192ac756,anharmonic_polynomial,functional,inf,1.7725365478056042e-06,0.00013747444137267634,1.6788714984311798e-15,0.9999980608465514,0.15293788499911898
4ebd63bcee93559bdab5f5c1,anharmonic_polynomial,functional,inf,3.0703228177115353e-06,0.00012159248797049353,2.6810636673933262e-15,0.9999980469613047,0.15268055199703667
ac96b23cd074c7be3c9258b5,anharmonic_polynomial,functional,inf,1.4010984190105548e-06,0.00014466517718167294,1.0367566461303372e-15,0.9999980632097826,0.1524961129980511
e03cb8883c0d0122a467c960,anharmonic_polynomial,functional,inf,1.8928660772320284e-06,0.00013578670131316983,1.8013354233047263e-15,0.9999980595111014,0.15273353900192888
8ab4d99693de2b1b7f92ec4c,anharmonic_polynomial,functional,inf,1.7826016995815906e-06,0.00013775462619737398,1.0233525326536073e-15,0.9999980622614378,0.15232895699955407
4486128b5007933c9b90f58f,anharmonic_polynomial,functional,inf,1.7142090395142256e-06,0.0001391027357586825,1.97325248135978e-15,0.9999980633717759,0.15268768800160615
844f3e448b656a5dd583a0d1,anharmonic_polynomial,functional,inf,2.1822452903364e-06,0.000132950249495986,1.7363370761679384e-15,0.9999980522702537,0.15346765799768036
bbd6c814dc48f8236905e448,anharmonic_polynomial,functional,inf,1.6169705996956814e-06,0.00013926766053343876,1.286548532169205e-15,0.9999980581072322,0.15406212699963362
ac2f73c367b427c6b8475a80,anharmonic_polynomial,functional,inf,2.200708677944255e-06,0.0001304350632292346,1.179727525023794e-15,0.9999980543153556,0.15261294100127998
8542912688583109d4f053c1,anharmonic_polynomial,functional,inf,3.3973631346903697e-06,0.00011976540675152156,1.622816057779096e-15,0.9999980455740581,0.15277480899749207
430501126e65ec9864b21fe3,anharmonic_polynomial,functional,inf,1.5928392187743624e-06,0.00014027485764043994,2.0762941892260475e-15,0.9999980602793097,0.15243502800149145
5ad085cae82e7260ecc4b485,anharmonic_polynomial,functional,inf,1.5734063481303306e-06,0.00014086051192404585,1.5543122344752192e-15,0.9999980612927966,0.152876734999154
852018c89a155b4c507e6b92,anharmonic_polynomial,functional,inf,1.873537853586289e-06,0.00013529287634868594,1.3848604506544738e-15,0.9999980575315095,0.15314574700096273
af77081e59d739570805d23e,anharmonic_polynomial,functional,inf,1.5914164981297911e-06,0.0001409306480159232,2.075368331342982e-15,0.9999980630107556,0.15204435900159297
f744ca29ca4d436fe571062a,anharmonic_polynomial,functional,inf,2.081017830505813e-06,0.00013192353535182964,2.2752557382552572e-15,0.9999980547026869,0.15264410999952815
10d307473f3c936665b98f23,anharmonic_polynomial,functional,inf,1.5977030206074386e-06,0.00013986114898684542,1.5637549310542457e-15,0.9999980582909493,0.1527200759992411
79c19a71f596c66a84ef9fc2,anharmonic_polynomial,functional,inf,2.519267682774498e-06,0.00012700194713736166,1.1102230246251565e-15,0.9999980502615657,0.15341837199957808
2ad8f33f727707d65368011e,anharmonic_polynomial,functional,inf,2.0327907094219616e-06,0.00013238666476316985,1.9134050122923215e-15,0.9999980542562169,0.15397817499979283
8d683b5bd38e373f09423945,anharmonic_polynomial,functional,inf,2.1171649773565544e-06,0.00013149914460209547,1.2441458230619079e-15,0.9999980548647889,0.1528001000006043
7c9ad3577a5723003c34aad4,anharmonic_polynomial,functional,inf,1.3417278125007495e-06,0.0001463418566614971,1.5694362303320233e-15,0.9999980642948091,0.15342817200144054
85e27d1fd6334dbbc9b3459d,anharmonic_polynomial,functional,inf,2.691825140739894e-06,0.0001262351347334013,2.2674831528515615e-15,0.9999980483196867,0.15224138999838033
1baf2e26e1235ab1d1799f3d,anharmonic_polynomial,functional,inf,2.106111898094246e-06,0.0001321997052500578,9.104809674999706e-16,0.9999980562665827,0.15289816500080633
db98fd4b37b4a6b17a6b5b68,anharmonic_polynomial,functional,inf,1.4109804812105365e-06,0.00014454526911209214,1.265223710114398e-15,0.9999980632572543,0.15250483999989228
0f9b5ffdcab9f952ae56970a,anharmonic_polynomial,functional,inf,3.2804738707120816e-06,0.0001206014632052293,1.4277872025411868e-15,0.9999980485895542,0.1529963270004373
9e07ce275d1043de0dfc40ec,anharmonic_polynomial,functional,inf,1.820655124733267e-06,0.00013692261580330306,1.7792297949288987e-15,0.9999980616519495,0.15253117700194707
21ba644994e2bbb2fc37759d,anharmonic_polynomial,functional,inf,2.4769422110624846e-06,0.0001278631004751967,9.992007221626409e-16,0.9999980523513055,0.15204857400021865
786f117af84e62e968fe1217,anharmonic_polynomial,functional,inf,1.6422480484525156e-06,0.00013926962895488792,1.5872445408182098e-15,0.9999980591430289,0.15285355699961656
ab69c72dffca0e44aa04063d,anharmonic_polynomial,functional,inf,2.025332634197698e-06,0.00013300580903132897,1.3075009035468842e-15,0.9999980565648366,0.15376445799847716
c0e5f0a2f39364d21239e60a,anharmonic_polynomial,functional,inf,1.5738759948730985e-06,0.00014078044709394533,1.6956669834887113e-15,0.9999980611826843,0.1528944070014404
12fba24590b57f9cff6d67b2,anharmonic_polynomial,functional,inf,1.722302210140796e-06,0.00013874436634791096,1.1567049283049114e-15,0.9999980628693959,0.1526725180010544
fee4cc620eb5806953ee09bb,anharmonic_polynomial,functional,inf,1.652561213137152e-06,0.00013915000375792056,9.729144958751507e-16,0.999998059886086,0.15179239500139374
095cc7f0d4a670c1e8ed7a70,anharmonic_polynomial,functional,inf,1.4423603730374557e-06,0.00014313204535194686,2.7376962397972132e-15,0.9999980605027816,0.15212180299931788
972f5486c83447aacc616246,anharmonic_polynomial,functional,inf,3.693192892458248e-06,0.00011792535420937859,1.573759964468687e-15,0.9999980432949825,0.15295915399838123
950d926d810ee984dcae0bdb,anharmonic_polynomial,functional,inf,1.9202489080119904e-06,0.00013531424565709266,1.2926793329826977e-15,0.9999980607923136,0.15202326200233074
3fab077faa86c27f3889f5ee,anharmonic_polynomial,functional,inf,2.456903966742315e-06,0.00012808122585336007,1.919549182775419e-15,0.9999980551492375,0.15254847100004554
40613a5835a29496113fd10b,anharmonic_polynomial,functional,inf,1.4882780499892664e-06,0.00014234094000570727,1.0617028882858606e-15,0.9999980607890371,0.15444188400215353
6817ef343fac01e95c975ca8,anharmonic_polynomial,functional,inf,1.9425068497004062e-06,0.0001352966743742245,2.128194191344558e-15,0.999998061253297,0.15343234399915673
0cdf3a155a2296f9e19453ab,anharmonic_polynomial,functional,inf,2.4833901556554364e-06,0.00012808289086420048,9.647829959254136e-16,0.999998051377992,0.15409801100031473
0e0fe5b53a3359f675178cc1,anharmonic_polynomial,functional,inf,1.28873403931605e-06,0.00014797634090690524,1.2167850701311338e-15,0.9999980658950748,0.15325693799968576
51f61bf1749edf81d9b70c20,anharmonic_polynomial,functional,inf,2.002169000962681e-06,0.00013346307095611,1.523891632379169e-15,0.9999980574355324,0.1530838729995594
4f3fb9d61626675367c28971,anharmonic_polynomial,functional,inf,2.0044561325655496e-06,0.00013359033618636358,8.681856200987106e-16,0.9999980581435596,0.15200287200059392
23f18d0fecfd161f335e848f,asymmetric_well,functional,inf,0.00026146549262426956,0.00016132967822968464,1.2945133270119527e-15,0.9999980809516141,0.1505352109998057
487644a7da6a1b2af46e7a4f,asymmetric_well,functional,inf,1.7672958679559873e-05,0.00030973161686787096,1.460390487398474e-15,0.9999979382693405,0.1505633589986246
cac7b6e9eeecd252581d2dbc,asymmetric_well,functional,inf,0.048222875183612825,0.0001465491977271891,1.3997991655042712e-15,0.999998536234905,0.149640707000799
8c4a5e97d3047c067e78f5a9,asymmetric_well,functional,inf,2.6007342174462315e-05,8.979627987652262e-05,1.4240684389541737e-15,0.9999979146375944,0.14976446900254814
d252286b550da0e487791f64,asymmetric_well,functional,inf,2.0628290113284683e-05,9.127017606037514e-05,1.9618596863689647e-15,0.9999979286673956,0.14901689299949794
9999bc12b9909a5c2385aa83,asymmetric_well,functional,inf,0.0018864825829940346,0.00014436518891862177,1.0596452115807667e-15,0.9999982484900163,0.14993947699986165
ec40b4a13a74d60c8e64c956,asymmetric_well,functional,inf,2.2019121333182e-05,9.050542052100668e-05,1.4620659102207111e-15,0.9999979503423435,0.15058089699959964
b89d9dd5008bc1449c73e3b6,asymmetric_well,functional,inf,0.0003797118725099689,0.00012741615951893443,1.4413777411434943e-15,0.9999981595123522,0.14959457000077236
b95f813d82bdbd8d6a456252,asymmetric_well,functional,inf,2.4366338200034503e-05,9.107268742492407e-05,1.7839050986110876e-15,0.9999978988173586,0.14990525900066132
4230ff09412b8902d4540a33,asymmetric_well,functional,inf,0.00024658003796899615,0.00010975890969769338,1.115329981229775e-15,0.9999981345997795,0.14859210000213352
57da03f99a290443cb23024f,asymmetric_well,functional,inf,8.85639531682037e-05,0.00017862603351776856,1.9238724470835866e-15,0.9999979214714596,0.15035154599900125
022415686ae10fb21bc27a15,asymmetric_well,functional,inf,2.498954552904972e-05,0.0001239393390601464,1.5221261193423725e-15,0.9999979455037981,0.14950857299845666
228ecd0c363c191bc2486f8e,asymmetric_well,functional,inf,0.0009586429388845528,8.95214761449668e-05,9.872779576275183e-16,0.9999982550698077,0.14990182200199342
ff05176fa1315444e4a8316e,asymmetric_well,functional,inf,0.00012974464050431733,0.0001616275558494021,1.3191808000125051e-15,0.9999979652381338,0.1507570930007205
0ef302ad7318934611874b1d,asymmetric_well,functional,inf,0.004426817208018889,8.81858179740099e-05,2.107013812321406e-15,0.9999983073469365,0.14960059599980013
fe06fc6d421cf3cd408809a6,asymmetric_well,functional,inf,2.41954906215497e-05,9.482775896958574e-05,1.4563267301965695e-15,0.9999978566852663,0.148946221001097
52edfcaf8fd677037f6ad8b5,asymmetric_well,functional,inf,0.005951094657662642,8.826858256105113e-05,1.2789124119855886e-15,0.9999983799961394,0.15137998100180994
4c831c1e526a0fe07f2cdad6,asymmetric_well,functional,inf,3.325364797480416e-05,0.00046909220236304483,1.227345763337686e-15,0.9999978335452936,0.1498840750027739
f043101857381f27e4cbe9f6,asymmetric_well,functional,inf,0.011936765422507633,0.00013809868405382966,1.4603008507615471e-15,0.9999983901752709,0.1494473120001203
2fd69b74c862c2c4524f7903,asymmetric_well,functional,inf,2.3113720742194063e-05,9.199670445153151e-05,1.4355183898065449e-15,0.9999978920665944,0.1487482029988314
382fb426646b58fa5b418da5,asymmetric_well,functional,inf,3.028395253505582e-05,0.0004026555204428747,1.084150269667952e-15,0.9999978897489994,0.14926149799794075
989f882f37b75883290a2fc2,asymmetric_well,functional,inf,0.031906638546296086,0.00046983951405453803,9.987056512544782e-16,0.9999985177604133,0.14976299299814855
17634dd8286e2ed8de3253b0,asymmetric_well,functional,inf,3.559330942229216e-05,0.0002242746587036285,1.0939459647978854e-15,0.9999978418845239,0.1501101350004319
a44202f47a06a6062b36409a,asymmetric_well,functional,inf,2.668913227206561e-05,0.0001559502808680982,1.5260913833230364e-15,0.9999979217833918,0.14990841899998486
555af85ca6aa6c4cf67b71a1,asymmetric_well,functional,inf,1.9013849167606402e-05,9.530177024411759e-05,1.4693871796585989e-15,0.9999979120514407,0.1495720999992045
5963a65c0811e033d86a3b72,asymmetric_well,functional,inf,0.00015105001414478415,0.0001040547468727784,1.6128779234649785e-15,0.9999980339018733,0.15012618199762073
c7d715bdac5c721884cabd54,asymmetric_well,functional,inf,0.005337990641134099,0.00013835967889778213,1.5827576578224821e-15,0.9999983117065843,0.15163047800160712
02de7b7a265274d2f25dbc2e,asymmetric_well,functional,inf,6.763768076535219e-05,0.00023035928862664339,8.60272806756269e-16,0.9999979795995955,0.15013669000109076
d2a767c77a9dfd0d1d77319b,asymmetric_well,functional,inf,0.000436405485391037,0.00011398745649803519,1.0599773065054491e-15,0.9999981417544037,0.1507283680002729
8378d9978401e4f2e3e992f4,asymmetric_well,functional,inf,0.00011367000034450204,9.006721503434182e-05,1.9199575005684762e-15,0.999998118150329,0.14996670599794015
c974052d0a26b5cd2b61de56,asymmetric_well,functional,inf,0.0063129828034791564,0.00010716535817781118,1.3135027748053573e-15,0.9999983812490004,0.14949018500192324
22a6974279fa17ae4d8dbd3d,asymmetric_well,functional,inf,2.3422732053523845e-05,9.030842693053226e-05,1.0662638285776532e-15,0.9999979116046532,0.1497164700012945
a95fbd325ac09a8265076c8b,asymmetric_well,functional,inf,2.0282749309899732e-05,9.127084014058061e-05,1.785651417298096e-15,0.9999979238461814,0.1500113459987915
cb1c1c299fc712de6590776a,asymmetric_well,functional,inf,0.0004798146319569919,0.00013664829235519331,1.8243665940975044e-15,0.9999981597026004,0.14980553799978225
e81b257acd36e8ad6abe579e,asymmetric_well,functional,inf,2.7777365888279332e-05,9.231784329366622e-05,1.180381525447528e-15,0.9999979056067122,0.15020471599927987
94940b8ba0dc0c9f2928b128,asymmetric_well,functional,inf,7.99370713897414e-05,0.00019015523680367206,1.341477518367016e-15,0.9999980222529152,0.14943539399973815
5fc2a35647b51277c6c16d84,asymmetric_well,functional,inf,5.7042264477331305e-05,8.994169000386387e-05,1.0834664756463217e-15,0.9999979993888283,0.1511387280006602
d1f80d97e8818c65cceb93cf,asymmetric_well,functional,inf,0.00016662783196013284,9.209853347865987e-05,1.2093630132459684e-15,0.9999980987584811,0.15079643400167697
b77dcff249eef168ae688d67,asymmetric_well,functional,inf,0.04602075075135977,0.002002341906565738,1.025886104562155e-15,0.9999985106213823,0.14957123700150987
ebc06399098a24bbee82353c,asymmetric_well,functional,inf,2.0085017135458313e-05,8.951629039956314e-05,1.3681838072703093e-15,0.9999979473755384,0.1492088880004303
41f1a60d7bd005a3a96fddad,asymmetric_well,functional,inf,0.0012573504626220845,0.0002499660096592862,8.950401393496517e-16,0.9999982743981063,0.15009068799918168
ae65bdf13add5f8b59920ff4,asymmetric_well,functional,inf,5.6917356266184947e-05,0.0001562808287072857,2.250490906273817e-15,0.9999979726664853,0.1494988900012686
d9679508f45b57591dca95c1,asymmetric_well,functional,inf,2.310256784903603e-05,9.406236259665005e-05,1.6293887278841012e-15,0.9999978642215543,0.14971799600243685
1a7068ba7207a3fcb78fdb34,asymmetric_well,functional,inf,6.129427202684164e-05,0.00026465677980897325,1.0773101095903273e-15,0.9999979625315039,0.15037066900185891
d9d0c1594be9b8c25ec727dd,asymmetric_well,functional,inf,0.001113117217066292,0.0002252489569926499,1.2311852183663348e-15,0.999998254511448,0.14959086000089883
6ed38d5e5913199c96e878a9,asymmetric_well,functional,inf,2.5599940029537246e-05,9.450024071550326e-05,1.7338392792936973e-15,0.9999978419407037,0.14938663900102256
4faa7360c8aa3bbc721cf6ec,asymmetric_well,functional,inf,6.596959842273926e-05,9.177794309422859e-05,2.123986092623551e-15,0.9999980088553924,0.15129759199771797
35a96601074d9fa25a286eb1,asymmetric_well,functional,inf,0.0003062926683738037,9.011210416327044e-05,1.2232382731155139e-15,0.9999980911154348,0.1509566900022037
aa9017a1f8ece73090edbbdc,asymmetric_well,functional,inf,0.003599217795010114,0.0003716046995607146,1.2950794431500496e-15,0.9999983625670503,0.1498387579995324
e200237bccc460495425f282,asymmetric_well,functional,inf,2.1845759956817827e-05,0.00010150257586859289,1.3645227523088143e-15,0.9999978680810008,0.1501621099996555
a2315e1e31293c2bdfa5d303,asymmetric_well,functional,inf,2.6257823956511086e-05,0.00010633587113363045,1.3239530838295876e-15,0.9999979128475119,0.15045503999863286
b3cd8b8118965da4484c4c34,asymmetric_well,functional,inf,0.000889619111547075,8.977315391431865e-05,1.972921314953096e-15,0.9999982410294442,0.150612278997869
1fd6490969608add30a2aa9c,asymmetric_well,functional,inf,4.650602583987149e-05,0.00010022204126042717,1.6116809431617253e-15,0.9999978874085214,0.14982520200283034
2b82ee86976ed855eb10c3f2,asymmetric_well,functional,inf,0.0004921050046508597,8.773247602632015e-05,1.4614406323608164e-15,0.9999981814375251,0.15019680700061144
9844021a28c4992fc6ae9511,asymmetric_well,functional,inf,2.825875546270153e-05,0.00012553593728779203,1.1239485118340384e-15,0.999997831157269,0.15064247799818986
b1fb303acd77d0d3381b0111,asymmetric_well,functional,inf,0.005446533424715984,0.0001799791936540503,1.0536818336928353e-15,0.999998328984284,0.15031922299749567
bddcb9d6e3dca5215af768c8,asymmetric_well,functional,inf,2.4042281455029196e-05,9.371392461726622e-05,1.427736719748556e-15,0.9999978648004058,0.1506839729991043
6952f661007a382a261f3ea2,asymmetric_well,functional,inf,0.04537139121799348,0.00015114322557156288,1.9506158878534606e-15,0.9999985438268543,0.1503723319983692
c2dbac0367ced69e6a27230e,asymmetric_well,functional,inf,2.038187422094603e-05,8.990325397198229e-05,1.39676350637318e-15,0.9999979443425699,0.15124272300090524
83e7f61fdac453d67b88c65d,asymmetric_well,functional,inf,1.7339647331919243e-05,9.23058810302233e-05,1.1102230246251565e-15,0.9999979638061223,0.1503399579996767
0c1009cd013cc87990988167,asymmetric_well,functional,inf,0.0013299440662080065,0.0008780097721875198,1.5213311695057325e-15,0.9999981913153786,0.14974036300191074
9305da62eb8c3679448ecacb,asymmetric_well,functional,inf,7.403984090192824e-05,8.842272217073459e-05,1.5483892263778774e-15,0.9999980452206868,0.14966339499733294
de72548101afd351e4c071b0,asymmetric_well,functional,inf,0.00044992440778045945,0.0001111972405302895,1.4241984542205778e-15,0.9999981913255711,0.14906823599812924
a2b5f12f27c188ffcc27be53,asymmetric_well,functional,inf,0.0001376868206492475,0.00011484136041652085,1.2410706264204685e-15,0.99999807400131,0.14993820300151128
5696a40a528014480168a20e,asymmetric_well,functional,inf,0.00046951088352816314,0.00022251084664474664,8.289000554920359e-16,0.9999981852703288,0.15035843899750034
b0a5a75f09b08fa9358fd2ac,asymmetric_well,functional,inf,1.751544784854774e-05,0.00010332963136471974,1.1228355177010005e-15,0.9999979241501767,0.14971428200078662
11d2effb5bfa35bea907d309,asymmetric_well,functional,inf,4.43145326230456e-05,0.00012810540021526598,1.1863422682602492e-15,0.9999978731192101,0.15090086499913014
fce2d74ae8056d8ab02f2598,asymmetric_well,functional,inf,0.00018353762708529358,0.00028364249754673837,1.378529166334717e-15,0.9999980955367728,0.14986828100154526
38bda16426a39f8416254506,asymmetric_well,functional,inf,2.059632502228458e-05,9.225826066008385e-05,1.4276358440205365e-15,0.9999979139898113,0.15068556900223484
3a62a896660aa4c89a5281bb,asymmetric_well,functional,inf,0.015046640474574267,0.0006177008126637335,1.9962097345284436e-15,0.9999984129241584,0.1494024219973653
7515cb07e83680b1bf1b8221,asymmetric_well,functional,inf,2.0672914468260723e-05,9.133146994002919e-05,2.190623652691178e-15,0.999997925663097,0.14972378500169725
d16c92f732f80239c52369b9,asymmetric_well,functional,inf,0.00011366781263998397,8.763803753958501e-05,1.998138483608551e-15,0.999998111667301,0.14980682200257434
59b84189bd29fcb92ee5cb46,asymmetric_well,functional,inf,2.8818540812073568e-05,0.00022075902456915095,1.49515345443875e-15,0.9999978100940091,0.14951715099959983
255a59a06a4c3741d41ffb77,asymmetric_well,functional,inf,0.04707336642767986,0.00010195560641821117,1.7149273856480188e-15,0.9999984642209993,0.14995651599747362
0bfb7dc157e49746223862db,asymmetric_well,functional,inf,2.5571392277998716e-05,9.043299672717386e-05,1.2384830298639055e-15,0.9999978969445821,0.14940002600269509
cce59dfc984b875dcc08cddc,asymmetric_well,functional,inf,2.1024725606034588e-05,9.428599056093892e-05,1.6615099573605744e-15,0.9999978889630016,0.14870695499848807
f3ffe310d72a5da0b57b7359,asymmetric_well,functional,inf,0.00011175700228202316,9.002387949117923e-05,9.809109895774745e-16,0.9999980376459295,0.15063642899986007
c7d0e5d401001408f1292d3d,asymmetric_well,functional,inf,0.00023155356198534884,0.00014516958260421637,1.1834106210344514e-15,0.9999980400418957,0.15122304800024722
30912cc40e0d1914b7112c85,asymmetric_well,functional,inf,0.0030150650552794177,0.0007780034588875403,1.1741496799530537e-15,0.9999983427760686,0.1495369509975717
ad48f1e1b53d2da9a4bcb69c,asymmetric_well,functional,inf,2.2501043362660542e-05,9.349165801129233e-05,1.0131403024504068e-15,0.9999978798457476,0.1532626980006171
be0937cdc73cedd0a4890aea,asymmetric_well,functional,inf,0.00021136627777245187,8.845994151839787e-05,1.1827849006425759e-15,0.9999981208927858,0.15040702899932512
fdbf1bd909d2865958918795,asymmetric_well,functional,inf,0.0018113048924143483,9.138129595635301e-05,1.2552783400211439e-15,0.9999981430472477,0.15053336899654823
9ee9aa78782873b2c082f5b8,asymmetric_well,functional,inf,2.891713033710003e-05,9.362667929293081e-05,1.8803962373193925e-15,0.9999979369851753,0.15034930299952975
44c38df6ec8eaf8ffe264d0a,asymmetric_well,functional,inf,2.944868602654883e-05,8.853408329690693e-05,1.2184969162906225e-15,0.9999979917733349,0.14982370199868456
9205fba234cc16a4f5bdd07e,asymmetric_well,functional,inf,0.0002590933873295691,0.00016122247852862342,1.1999751094431813e-15,0.9999980322693133,0.15088762500090525
ddd485c9e6fc7319f6642691,asymmetric_well,functional,inf,0.031054922048896035,0.0002393478206800985,1.580167791013782e-15,0.9999985174836082,0.14991392500087386
06011cfdf2417841723dec35,asymmetric_well,functional,inf,3.412682722210317e-05,0.00012550055500841313,1.0798968043307579e-15,0.9999978748415235,0.15096826299850363
8cb925e5d7f3da5b38519a17,asymmetric_well,functional,inf,0.016994066623075503,0.0005326542169910547,1.4872764922300867e-15,0.999998478221331,0.15021850800258107
c0264cd58d8a337e3f24f43a,asymmetric_well,functional,inf,2.5183422385951247e-05,9.036154735652654e-05,1.1081806607474525e-15,0.999997901191337,0.15005622700118693
0e079d288d198969756885f9,asymmetric_well,functional,inf,0.009732002311091306,0.0010988620648908515,1.1788602295749613e-15,0.9999983353202899,0.14982722599961562
9f152e30bd1d5fc63d356f0b,asymmetric_well,functional,inf,1.9359488568504262e-05,9.301535658749081e-05,1.1272608329118749e-15,0.9999979214020908,0.15025514700027998
88e2ecb8cc6e92a166197a20,asymmetric_well,functional,inf,2.2024386260614305e-05,9.03384389359237e-05,1.6529343711028952e-15,0.9999979198558842,0.14941306299806456
4df44245b85ca00000d7e1dc,asymmetric_well,functional,inf,0.005422860797759181,0.00010681631421977418,1.4136102080917012e-15,0.999998358379504,0.14953296199746546
e1f62f31842335055f360141,asymmetric_well,functional,inf,1.7966844370102802e-05,0.0005265247440194132,1.5627217909899407e-15,0.9999979523479903,0.14977354599977843
c8611be54536c9b44534d8d7,asymmetric_well,functional,inf,5.0140614122450834e-05,0.0016602983822265314,1.1362055426819823e-15,0.9999978906969568,0.14995934199760086
6c161e0dde7f541e99df46ca,asymmetric_well,functional,inf,0.0046269693435715496,0.00013083665405412337,1.3512698733855027e-15,0.9999983476281507,0.14967173499826458
5a27950e07d5c509fec6e6fb,asymmetric_well,functional,inf,2.6489055762523823e-05,9.096809744460761e-05,1.32364105763882e-15,0.9999978866937537,0.1520242739970854
acfa34b31ebf06c9ff9e0879,asymmetric_well,functional,inf,0.02859396338365439,0.00010913504670440387,1.4685900593969668e-15,0.9999984350236585,0.15061250800135895
090e60a2bf3a437e74942f1f,asymmetric_well,functional,inf,1.8145782207282226e-05,0.0002535426138114946,1.8813816924035735e-15,0.9999979489118035,0.1504872509976849
336fc95e8d438fe4a606661d,asymmetric_well,functional,inf,2.1903599725171885e-05,8.914774829598306e-05,1.4589207267329147e-15,0.9999979460344628,0.14946627199969953
e442d7ebca5e9a64cc082ef3,asymmetric_well,functional,inf,0.03533389998930485,0.006209244712062387,1.5331714180355022e-15,0.9999985969733426,0.14935021299970686
619932ff7bb0a4f5a30d8616,asymmetric_well,functional,inf,1.748926875882024e-05,9.715963641975406e-05,1.0722701584789724e-15,0.9999979133980783,0.14980782700149575
aa4f9f1ae845c9073f4df03d,asymmetric_well,functional,inf,3.317729446266946e-05,9.36874465382607e-05,1.082964136096533e-15,0.9999978870587455,0.15019686999949045
f7c39616efba6c79ffcb9b72,asymmetric_well,functional,inf,2.4573195124896313e-05,9.401348437102569e-05,1.1756761323271855e-15,0.9999978584018423,0.1495443929998146
4b31017a16a226facbc844db,asymmetric_well,functional,inf,2.529353166709663e-05,0.00010376399442652098,1.3983197181125744e-15,0.9999979310342869,0.14962731700143195
e8a0943eb31407f3b9aa5757,asymmetric_well,functional,inf,0.0010494548773574224,0.00011828293971614588,1.2819724933528467e-15,0.9999981455352684,0.14955264500167686
032d9812a61438f2d768b2af,asymmetric_well,functional,inf,3.658914041468552e-05,9.505391890387134e-05,1.220572876502359e-15,0.9999979587138917,0.1509261190003599
2910fc3a0283fd38866bddc6,asymmetric_well,functional,inf,0.00010823152024131533,9.008244101382679e-05,1.198417837962825e-15,0.9999980754626452,0.1502170189996832
ad6ebd8d49977e358d7fc26d,asymmetric_well,functional,inf,3.1237415115244614e-05,0.0003441104734894991,1.4822279960661337e-15,0.999997843403991,0.14929199300240725
063cdf2e3ec7efd8169a8ecc,asymmetric_well,functional,inf,0.009189337584818701,9.007840450399562e-05,1.5208441460660932e-15,0.9999983953669573,0.14997414900062722
cac1cfccc138bc11aa0d49c1,asymmetric_well,functional,inf,3.698611218793034e-05,0.00016074784836045766,1.851757761982804e-15,0.9999978089782984,0.14927157000056468
212ebc491ca7adcb212dda9f,asymmetric_well,functional,inf,0.0005441523570589022,0.00038541555557932545,1.0303056929824521e-15,0.9999981899217523,0.1498827160030487
06a1f4d2dcd48b49a24149a2,asymmetric_well,functional,inf,3.0554652140664454e-05,9.45399304940663e-05,1.161462952057284e-15,0.9999979256841466,0.15016749200003687
9f92b3e4fabf81217c454119,asymmetric_well,functional,inf,0.023986395890003582,0.00012468055732875309,1.6959688642503779e-15,0.9999984902677604,0.15007965699987835
144bb4b7ce542aa8eb423583,asymmetric_well,functional,inf,3.4663295106513475e-05,0.00014346592166480145,2.349114389610884e-15,0.9999978624508717,0.14941175299827592
53c7af4ecdfd7d52b58cbc0b,asymmetric_well,functional,inf,2.935602398211346e-05,0.00012984080577753098,1.929786177336233e-15,0.9999978585555842,0.1497936599989771
f0ec99a6e9b42c8fa6bc5ac5,asymmetric_well,functional,inf,0.002134012419589574,9.366860390751931e-05,1.9754274982423054e-15,0.9999982796131744,0.15188386400041054
eac449db1420fc88a7070c64,asymmetric_well,functional,inf,0.00026490947468862496,0.009914791343581772,1.4380648416700705e-15,0.9999980521371683,0.14961708799819462
01d9307b655b2566a730dc89,asymmetric_well,functional,inf,3.729101402758756e-05,0.0001337132097052286,1.5013385828813298e-15,0.9999979096611197,0.15024717500273255
7479c085a1da2627f7df0e6f,asymmetric_well,functional,inf,2.199487758306262e-05,8.984823264224348e-05,1.5888495653209692e-15,0.9999979314290764,0.1498186499993608
13696e300441a5338be54594,asymmetric_well,functional,inf,0.01614568269757155,0.00032910175604766256,1.531305957705594e-15,0.9999984902791463,0.14983374400253524
543582c909644426ee092e84,asymmetric_well,functional,inf,3.9834180682999844e-05,9.65186445944234e-05,1.476319252631175e-15,0.9999979555738492,0.15001780899910955
a5cf373825c855dc662c1ecd,asymmetric_well,functional,inf,3.5811127499493486e-05,9.241375689504184e-05,1.3334408628263637e-15,0.9999978960914265,0.14985292500205105
859da182a7e4c0c4be1f86ed,asymmetric_well,functional,inf,0.013201969911864156,0.00010121774011298026,1.407987658546997e-15,0.9999984451496773,0.14931662600065465
84cf8e2bb663a866861a7db7,asymmetric_well,functional,inf,3.157308391654528e-05,0.00019577003974684785,1.843128923741264e-15,0.9999978783857197,0.1495485000014014
85a7ffad94a08049250f2db8,asymmetric_well,functional,inf,0.0005064207476167136,0.00011219516149758029,1.2058794296351746e-15,0.9999981279767071,0.15079870200133882
6223fa7972f1625b58632b87,asymmetric_well,functional,inf,2.1610754436787295e-05,9.422721013094848e-05,1.2827677140742384e-15,0.9999979964037156,0.15092806199754705
3a7fefe036d78cef27705d4b,asymmetric_well,functional,inf,0.025605038792216834,0.004932397335520801,1.1102230246251565e-15,0.9999985190762625,0.14946468900234322
564dcd463b0547db83a50d6f,double_well,functional,inf,1.8814134083604368e-07,0.00021749955363213996,1.294219243111423e-15,0.9999980410780275,0.14558297999974457
c484352c7d6775fd0913eca5,double_well,functional,inf,3.1692032529722293e-07,0.00019891925053902468,2.0939049301176754e-15,0.9999980573655745,0.14360310499978368
6f0d4a48acc0def46741d821,double_well,functional,inf,1.5319647330397388e-07,0.00022337598972552332,1.5849090398803394e-15,0.999998032267997,0.14431974299805006
5951e02edfc169cba70c2d8e,double_well,functional,inf,2.4319149462091244e-07,0.00020913223847903503,1.878322032035679e-15,0.9999980485359227,0.14374275599766406
bb5dc07610ecbc7c72975884,double_well,functional,inf,1.1540440065830842e-07,0.00023125947066154627,1.0834760452712498e-15,0.9999980191223288,0.14454587000000174
45807ec07209fd058d64f8dd,double_well,functional,inf,2.10965661254763e-07,0.00021365701251464044,1.2032854610768479e-15,0.9999980397540776,0.14385926099930657
96e7c377e685766b9ead9a67,double_well,functional,inf,1.7976280205979938e-07,0.0002185917305727863,1.1292398517842206e-15,0.9999980337571495,0.14449969999986934
4c2fedaceacad3a321132540,double_well,functional,inf,2.332604366391124e-07,0.00020867606848139198,1.4830488566600423e-15,0.999998049233156,0.14335024100000737
f29da23452505adb8c8f1d70,double_well,functional,inf,1.197418410561739e-07,0.0002317344497975886,1.1611021556973123e-15,0.9999980144988997,0.1436171560017101
e989278a3fe42d9189e5901f,double_well,functional,inf,2.510193976038346e-07,0.00020649033456389336,1.2842009310819776e-15,0.9999980514570914,0.14463475499724154
397082b83a9d487d10716330,double_well,functional,inf,1.8568688826930148e-07,0.00021683340836285887,1.116254225339599e-15,0.9999980424339278,0.14314357400144218
70f0e96c1f7821bc140bbfdd,double_well,functional,inf,2.937268709080627e-07,0.0002029069985118058,1.4206699041542219e-15,0.9999980541429527,0.14316161399983685
8f95f0be90038db465014511,double_well,functional,inf,1.6301600035275006e-07,0.00022189966430108401,1.0260128131132626e-15,0.9999980369608347,0.142930748002982
d2bd472228ac2c42739b9268,double_well,functional,inf,2.817582510315983e-07,0.00020346110394715302,1.4822949205828173e-15,0.9999980533801444,0.14342337600101018
bb6df855193efa2ea433f72d,double_well,functional,inf,1.4463816045171023e-07,0.00022522244870938133,1.7003315644669961e-15,0.9999980253740428,0.14452113399966038
05536bf1da3564113bf7bc6d,double_well,functional,inf,2.0595922082517736e-07,0.0002138269173171785,1.2558902355642031e-15,0.9999980446265992,0.14484108000033302
983ccb9eba3e914c8639d01f,double_well,functional,inf,1.1525260870363706e-07,0.00023164815112096447,1.5089183508636674e-15,0.999998018879396,0.14303091199690243
09c1d9875fb9ceaddd231196,double_well,functional,inf,2.519744513392134e-07,0.00020874377130737293,1.4404026785094897e-15,0.9999980458888077,0.14431172699914896
d406732cb28a40262ba9e7c9,double_well,functional,inf,1.8499806364860417e-07,0.00021855404552402626,1.1475315008572769e-15,0.9999980362821302,0.14317804999882355
255d276a517da16c4e958c25,double_well,functional,inf,2.6285163224616534e-07,0.00020553550910232675,1.4828291846416408e-15,0.9999980539900141,0.1436282399990887
e1467cc3d81ef6756531c130,double_well,functional,inf,1.867038558404866e-07,0.00021786061456999673,1.8878869923826208e-15,0.99999804132434,0.14539990999764996
c537da3c607826803bec0831,double_well,functional,inf,2.8861142532073974e-07,0.00020170773800463058,1.3026015836427893e-15,0.9999980546460541,0.1427779890000238
1c2fec4200cb9b3f4ef06f03,double_well,functional,inf,1.6217297545972117e-07,0.00022174115953321966,1.1062968550540206e-15,0.9999980353778305,0.14376935100153787
5a21a05420fc470fc8959ffc,double_well,functional,inf,2.1098351198654425e-07,0.0002131873437248898,1.1496073693598613e-15,0.9999980439758377,0.14521925100052613
2c6197dc30545bbded54bb78,double_well,functional,inf,1.408928857943752e-07,0.000225630056319794,1.0379822026010601e-15,0.9999980296010015,0.14290404599887552
41e384b776a85a8e45b9fabd,double_well,functional,inf,2.837789779803913e-07,0.0002033162839981142,1.1933028268189651e-15,0.999998053334129,0.14423891299884417
265612ce7bfabe24d8da4251,double_well,functional,inf,1.1992585656827336e-07,0.00023076573453120714,1.2156402815268865e-15,0.9999980161745543,0.14448585900026956
6826d82437b4e504b3b2803e,double_well,functional,inf,2.110411826382419e-07,0.00021317954087813023,1.3318608496013761e-15,0.9999980464362348,0.14357354800085886
c24632f954ff4c275f94c440,double_well,functional,inf,1.5117759462416777e-07,0.00022595487913694044,1.2779265887887684e-15,0.9999980263130293,0.14350114899934852
1486c1631d999d9945a16ca0,double_well,functional,inf,2.473664333038945e-07,0.00020707382029172956,2.0917447724419287e-15,0.9999980510900656,0.14429989000200294
15181045ba02378078dd0dd2,double_well,functional,inf,2.1781316136800436e-07,0.00021241706907805465,9.68374817688581e-16,0.9999980493276941,0.14450441900044098
2866da697cff0f8932d200ec,double_well,functional,inf,3.084290781703126e-07,0.0002019118482833361,2.040025846274289e-15,0.9999980557707344,0.14360274099817616
24abcd5d01ce4df19aaad28a,double_well,functional,inf,1.3390393937487118e-07,0.00022734863947303224,1.6062113201078526e-15,0.9999980279262933,0.1440483789992868
4806d7fdee0eb4e7db54ef7c,double_well,functional,inf,2.7522379990697875e-07,0.00020484669913790234,9.27568557399642e-16,0.9999980502608243,0.14384053499816218
bde724add1d3f5abbc737c3b,double_well,functional,inf,2.1094434136103314e-07,0.0002135340094590823,1.897696936962849e-15,0.9999980387749633,0.14383640899905004
8e675e0b22dbf85977cec183,double_well,functional,inf,2.826578899040893e-07,0.0002026770476546797,1.120919446469884e-15,0.9999980551840292,0.143669253000553
2154416a22c5897755df0884,double_well,functional,inf,1.4978828388080594e-07,0.0002235374389657088,2.3980757651149746e-15,0.9999980270885197,0.1440690800009179
2b275d9dc7c54c6cabee3466,double_well,functional,inf,2.6906431496597795e-07,0.00020458526340104712,1.5939329050320914e-15,0.9999980525639651,0.143561729000794
34a2aa5fa1b189dd1d6c09a6,double_well,functional,inf,1.4265737662692142e-07,0.00022532094494912342,1.2210496758779624e-15,0.999998029707377,0.14435182300076121
685b51096155e96c4e32c45c,double_well,functional,inf,1.852764370102533e-07,0.00021744851470779477,1.2192934454505107e-15,0.9999980399698097,0.14474771399909514
63953ce4625eda41427083af,double_well,functional,inf,1.6736106075799432e-07,0.00022030756643322497,1.0692495524093451e-15,0.999998036325885,0.14484997399995336
e4e6770515e0929dcfb31b90,double_well,functional,inf,3.119428209088929e-07,0.00020056524829554722,1.7785253238910195e-15,0.9999980544078859,0.1440310079997289
ae0eac29ef2d786b52519543,double_well,functional,inf,1.3972631429665308e-07,0.00022631053818861346,1.049936396652052e-15,0.9999980265219117,0.14442961399981868
e0bb191f68da98c7b4ab6070,double_well,functional,inf,2.3577490681128705e-07,0.00020930911277314688,1.497542299255757e-15,0.9999980501469922,0.1445191890015849
2b57c24c09bf0fc8a60aef3c,double_well,functional,inf,1.263106069561135e-07,0.000230245666286532,1.7115396671883186e-15,0.9999980193202733,0.143938341003377
4bb333bd839f58ce58da0458,double_well,functional,inf,2.2371654312088177e-07,0.00021083359871329187,9.110964819414222e-16,0.9999980491868452,0.14431507699919166
1279f0bc67d9c99e7f1a719c,double_well,functional,inf,1.7772351129652668e-07,0.00021752161115632534,1.4199468109459581e-15,0.9999980393273282,0.14335115699941525
8f638ee963554cc2d5d1a3ee,double_well,functional,inf,2.814890428995818e-07,0.00020498473665678978,1.3056250831891504e-15,0.9999980528169778,0.14422368200030178
41bc59e7edd45a45ceaaa7fd,double_well,functional,inf,1.6047300268340012e-07,0.00022141821324682403,1.0446143786584381e-15,0.9999980321592885,0.1446361260022968
e4a03772008445deb13ba3d7,double_well,functional,inf,2.864743812561153e-07,0.0002028362235225066,1.7811903233383394e-15,0.9999980551459225,0.14451365899731172
2664912ede62b8a323848275,double_well,functional,inf,1.254968109255427e-07,0.00022819742060112256,1.7525663886337028e-15,0.999998022478995,0.14483363199906307
360f59f7c47a02bd79ecf664,double_well,functional,inf,2.0882986874205832e-07,0.0002127843512712481,1.0661942422505564e-15,0.9999980437549371,0.14424613099981798
284b7486055d55e5a24563ad,double_well,functional,inf,1.374213233669274e-07,0.0002263968616604494,1.2174896177785433e-15,0.9999980289942578,0.14361782600099104
e45104f082548c13bb01c660,double_well,functional,inf,2.4029591012730883e-07,0.00020983301471040914,1.887546541493997e-15,0.9999980472694427,0.14384324099955847
12acbbb6d426f32c2ca590a0,double_well,functional,inf,2.062766483553217e-07,0.00021519259545291593,1.5558247886952054e-15,0.99999803734297,0.14465941500020563
d6b07e17f973e9f06b01e56b,double_well,functional,inf,2.7304343745523705e-07,0.0002043099423040293,1.9500795654586512e-15,0.9999980548878498,0.14410030700310017
77b8a7c567841b8465e8fd02,double_well,functional,inf,1.0003236334431004e-07,0.00023702787272786874,1.4162993679435146e-15,0.999998003880501,0.143786414002534
c831088fd070ab0a84489145,double_well,functional,inf,2.3591306134257357e-07,0.0002094671602963534,1.242797159180163e-15,0.9999980514784138,0.14336123700195458
a0b9a11e3321b184e9f5b941,double_well,functional,inf,1.6661015608617675e-07,0.00022034974552175848,1.751342360675587e-15,0.9999980375297448,0.14435370000137482
eb1ace4056daa5f7c4a281a2,double_well,functional,inf,2.610038201705464e-07,0.000207321464077395,1.727014163766865e-15,0.9999980481241596,0.1446007680024195
cf7316f70a4e0c986c618322,double_well,functional,inf,1.752343820787267e-07,0.000218476158701357,1.3322676295501878e-15,0.9999980384876888,0.14538391699898057
63555e3eb11cd045eaca9116,double_well,functional,inf,3.3009202071377516e-07,0.00019930874610123574,1.2457869646421867e-15,0.9999980583180694,0.14440014100182452
631a4375abe0ccc4e6e8a8ff,double_well,functional,inf,1.6771539103000252e-07,0.00022032652711091003,1.1716933426058262e-15,0.999998034433039,0.14392273900011787
24053a76e304d815b2fb25ec,double_well,functional,inf,2.2348775528691558e-07,0.00021025181792784625,1.1647534195577117e-15,0.9999980476423668,0.14410845900056302
13110b1120240f554cfb26cf,double_well,functional,inf,1.0288139657761715e-07,0.0002346062514943334,1.1145799508536456e-15,0.999998008901413,0.14408289100174443
b40821633fb45bdc68bbbb45,double_well,functional,inf,2.2116670662239767e-07,0.0002117571404951732,1.2872619330945144e-15,0.9999980481081042,0.14371617200231412
0ca811c3b3dd45b2364a9672,double_well,functional,inf,1.6549977104928425e-07,0.00022033844724133047,1.4112835410906744e-15,0.9999980345362959,0.14405781100140302
a8370756e1dba5c07cadabd8,double_well,functional,inf,2.522336122206965e-07,0.00020694653405878098,1.1348216256394501e-15,0.99999804877675,0.14398562099813716
fb0774ab85cc52bc3ff828db,double_well,functional,inf,1.8968849039189515e-07,0.0002162828561822147,1.3001327926588898e-15,0.9999980432202615,0.14425869299884653
686574b8169e49008e0f1de0,double_well,functional,inf,3.128990125766822e-07,0.0002012016723018197,1.5873104054994532e-15,0.9999980540480461,0.14495822400203906
bcd2f127fdbd88a99b3b34ef,double_well,functional,inf,1.7441388188044293e-07,0.00022018878752309276,1.2359006230970783e-15,0.9999980336372584,0.14461906900032773
7ec42e9d134844b024cbc7dd,double_well,functional,inf,2.271086644497979e-07,0.00020972305833481315,1.6551606800485023e-15,0.9999980486591693,0.14342329099963536
14eb929a53bdc9f5477c35b3,double_well,functional,inf,1.6224757172300947e-07,0.00022339673865000626,1.7538558076866972e-15,0.9999980309858358,0.14444705799905933
28f27a453eb6a3ea2a9a5091,double_well,functional,inf,3.028595667169043e-07,0.00020099737097473963,1.1102230246251565e-15,0.9999980580821066,0.14407656299954397
5f1367eea91291f6e24dbfa0,double_well,functional,inf,1.2699095279258097e-07,0.0002284020492011796,1.1877494216001986e-15,0.9999980246327486,0.14398351899944828
92621af8a669d4da7571a99a,double_well,functional,inf,2.214737940381729e-07,0.00021299295273409768,1.630459600195491e-15,0.9999980450564454,0.14445893699667067
6b3ea81d7dae85ad5f2a811c,double_well,functional,inf,1.2412658340542582e-07,0.00022864329878271588,1.2127186402899129e-15,0.9999980217653324,0.1441702140000416
fc551811ae7336cdd42802dc,double_well,functional,inf,2.438568961571285e-07,0.00020802031658439586,1.2768120044004191e-15,0.9999980481303269,0.14505607200044324
9369d30b51d8ba53ba1994ee,double_well,functional,inf,1.9846404935594489e-07,0.00021549700615726457,1.2088369811475969e-15,0.9999980395361155,0.14449986099862144
b7930e08b216542752f57a54,double_well,functional,inf,2.7603653840301305e-07,0.00020456166674002216,1.0822604751296896e-15,0.9999980549032562,0.14500812899859739
1438fd4648175c076c872219,double_well,functional,inf,1.6292142203230528e-07,0.00022044891576997912,1.2609553718765068e-15,0.9999980360192704,0.14445436099776998
3114c9176fdf8f98b0aa4f47,double_well,functional,inf,3.236975190840238e-07,0.0002008688790000277,1.6546412242069812e-15,0.9999980535422329,0.14528201099892613
b3d7b7c2d9764018dc937745,double_well,functional,inf,1.5914334002527004e-07,0.00022401003037714242,1.4544190839216759e-15,0.9999980290442899,0.14448555600029067
462e7f1edd14581b9745eb7b,double_well,functional,inf,2.2359414050190812e-07,0.00021087301323652802,1.182027106385096e-15,0.9999980491830869,0.14331162400048925
c45efb6c2c5a4a3704367126,double_well,functional,inf,1.1863636992404691e-07,0.0002303853582581041,1.2630574788680798e-15,0.9999980172287825,0.144417858999077
8a0ad57050447ef195540be9,double_well,functional,inf,2.2419289970879567e-07,0.00021094527850599873,1.144833548995229e-15,0.9999980488009524,0.14342682200003765
b4812aff8fe642f4d406b034,double_well,functional,inf,1.922038989332913e-07,0.000215227583110238,1.2362344574225602e-15,0.9999980410126301,0.14363971300190315
7872fb508318420150f8e689,double_well,functional,inf,2.5145784682177487e-07,0.0002065843504113491,1.119216153026023e-15,0.9999980484622646,0.14415625100082252
8f298f835e02923d5d9ff30a,double_well,functional,inf,1.3463744939356145e-07,0.0002269412265035998,1.6397147003309109e-15,0.9999980268889433,0.1445118490009918
e925122b9824134c720c3c02,double_well,functional,inf,2.707743823864504e-07,0.00020468605164326978,1.187476584336424e-15,0.9999980519260043,0.1457819509996625
1efe94783f3b4f3a8af03f2d,double_well,functional,inf,1.928733688521684e-07,0.0002157117345490657,1.1625997858384294e-15,0.9999980395967554,0.1460205910007062
837691d34da09cd8b82ea15c,double_well,functional,inf,2.961853678083158e-07,0.00020116730162282094,1.025529489447436e-15,0.9999980549010455,0.14529798699732055
926c007f4450b4109cf1fe19,double_well,functional,inf,1.6374733491196386e-07,0.00022322699484845723,1.4395207163761803e-15,0.9999980302161876,0.14422384800127475
7d0ccaacef724c2e293c29f4,double_well,functional,inf,2.710652821533036e-07,0.00020449533287225178,1.4204305976926134e-15,0.9999980544026033,0.14448714600075618
d30cd3ef32b7e623794597ab,double_well,functional,inf,1.2525569175498636e-07,0.00022833478743016568,1.4495746376665238e-15,0.999998023319008,0.14383668200025568
3ab28bea563481acd2d04833,double_well,functional,inf,2.0055502550338064e-07,0.0002156577571721773,1.220414207144194e-15,0.9999980410651897,0.14388031699854764
e23fcdadec29d3981cb43c9b,double_well,functional,inf,1.3613228423450003e-07,0.00022583189669056234,1.1571330318086705e-15,0.9999980277934729,0.14454509800270898
9d7fa896e3715ba58fc92de8,double_well,functional,inf,2.9673620580173537e-07,0.00020318413026838497,1.341629870581641e-15,0.9999980539924399,0.1441713839994918
92ecb77c6fdca719f1880840,double_well,functional,inf,1.3815466696773328e-07,0.00022824105838012258,9.764422886050266e-16,0.9999980203588686,0.1448993599988171
0efdebf12c123a0882148252,double_well,functional,inf,1.9398405721025385e-07,0.00021533782910034924,1.647052722458411e-15,0.9999980436494653,0.14458579900019686
b326da2aa07d037d4fe7c623,double_well,functional,inf,1.4041360776354867e-07,0.0002258739044752157,1.6777279210078685e-15,0.9999980246294519,0.14473966999867116
e7a85f4db94efc4a10947244,double_well,functional,inf,2.595926083874016e-07,0.000206910627167438,1.381317776519041e-15,0.9999980530582433,0.14438794099987717
f3a50a5c09923d9521278465,double_well,functional,inf,2.2480356338620248e-07,0.00021064457823356472,9.909423301160437e-16,0.9999980475763439,0.14471527600107947
a5a91c9661255f91cdd75a05,double_well,functional,inf,2.8060259386431405e-07,0.00020344827536112128,1.2871526787313743e-15,0.9999980536137246,0.1450356230016041
69f2e99977c6a4479f91f4b0,double_well,functional,inf,1.1115306532673978e-07,0.00023211730676480846,9.896284116931996e-16,0.9999980147010116,0.14512190299865324
259d053bb8cdcc31d95f6124,double_well,functional,inf,2.477144241326295e-07,0.0002084832299617524,1.22263512522099e-15,0.9999980480197705,0.14497683300214703
8e3e228ce06c7e085b4a163b,double_well,functional,inf,1.733478364544887e-07,0.00022026420528087603,1.3656576590228228e-15,0.9999980369654123,0.14438967800015234
90490ab18a9952e93131019d,double_well,functional,inf,2.7892753596783443e-07,0.0002039808109094181,8.881784197001252e-16,0.9999980553719395,0.14488212000287604
942f9893a965231eac8449d7,double_well,functional,inf,1.796530494529674e-07,0.00021826623906319765,1.6214643195285343e-15,0.9999980350129251,0.14574064000044018
7626d06fc785f4bb1d5d9764,double_well,functional,inf,2.985546312233549e-07,0.00020170213137138157,1.2464423456661427e-15,0.9999980583389397,0.1439088660008565
331afb5f370f6f91028d3367,double_well,functional,inf,1.456745603593861e-07,0.00022395091914955055,1.2212453270876722e-15,0.9999980310706598,0.14428050599963171
3b41c70443aa793c470aea6a,double_well,functional,inf,2.315762927032822e-07,0.0002113840830774139,1.0358180782367195e-15,0.9999980454490041,0.14572085599866114
7c6c25192ed9161d17181409,double_well,functional,inf,1.3081707144876093e-07,0.00022911472131371152,9.054936891895383e-16,0.9999980228314062,0.14465427300092415
b86317eefc8b258d6be475f2,double_well,functional,inf,2.421894471250983e-07,0.0002081821936755104,1.1471252889674105e-15,0.9999980496674973,0.14535658599925227
6a002c5d87613270c9f053d1,double_well,functional,inf,1.8291184688002908e-07,0.00021694404258895277,1.6336298111332868e-15,0.9999980405354691,0.1432001549983397
148f326c9e4de88ae803a191,double_well,functional,inf,2.9640302529099165e-07,0.00020270765364341245,1.8946750258782755e-15,0.9999980571683638,0.14433822100181715
4d0d957502804cec996b6baf,double_well,functional,inf,1.7255342401896104e-07,0.00021978787710241366,1.8612470052426313e-15,0.9999980402213086,0.1441525440022815
6cae31df1c013a764bd39c2f,double_well,functional,inf,2.7547170337016706e-07,0.00020498166182612978,8.206337861049095e-16,0.9999980503144905,0.14516126799935591
fb8dafdfccb75c9f767e1fd1,double_well,functional,inf,1.5311659304407198e-07,0.0002919563731594686,1.2585125935928673e-15,0.9999980232372877,0.1437537860001612
52c61e586bdf850ab74c327f,double_well,functional,inf,2.0732099024748463e-07,0.00021379950514905622,1.3322676295501878e-15,0.9999980470106932,0.14533569800187252
38a57816f3c7e42839d30b2b,double_well,functional,inf,1.7299321358898963e-07,0.00021978389614243137,1.1847000986126426e-15,0.9999980339900223,0.14580965999994078
3feee1092aff74572feeb4cc,double_well,functional,inf,3.317493380388539e-07,0.00019744513324866726,1.546781461957851e-15,0.9999980593897144,0.14394489400001476
28c4edefb53f13ac9d9662d7,double_well,functional,inf,1.48835523889116e-07,0.00022335921133331715,1.0268207686954192e-15,0.9999980316967008,0.14439928899810184
6fbe2055353b6022023b2dcf,double_well,functional,inf,2.457535146508402e-07,0.00020931546943231058,1.1387564561444978e-15,0.9999980461251562,0.14406787199914106
db263bff7099e534f4cf3ab5,double_well,functional,inf,1.0711612557821982e-07,0.00023410214413504697,1.2693245270401661e-15,0.9999980132632611,0.1433360390001326
2fb59379a25e710873f494b9,double_well,functional,inf,2.1761092079433646e-07,0.0002115709580122897,2.397355576124731e-15,0.9999980434307181,0.14404893100072513
01fcbbc7f05f4d316d254ccd,double_well,functional,inf,1.7958877880301375e-07,0.00021830425012705793,1.6640883713520414e-15,0.9999980384789655,0.1440952320008364
2217e1de8ad7147d538b5849,double_well,functional,inf,2.3416491594911473e-07,0.00020892728057509316,1.2992310817812805e-15,0.9999980492092498,0.14432472399857943
d2ae381416e8035414225fcf,multiwell,functional,inf,0.0009935556545594252,0.00024798212957095086,1.3512856897379742e-15,0.9999965157410357,0.2411318790000223
489e916b319c630cf2591405,multiwell,functional,inf,5.36913642810471e-05,0.00012945296865471656,1.5896404604151817e-15,0.9999978380892539,0.23539728000105242
a797a0c6ca9dccba6e40838a,multiwell,functional,inf,1.5031872545848368e-05,8.558753655232578e-05,1.1774345635733252e-15,0.9999979961864722,0.23593318900020677
65e98785854bea1569efdac4,multiwell,functional,inf,1.435560166246055e-05,0.006097382896696741,1.2892647888086196e-15,0.9999976188467182,0.23519967299944256
36d72b157327be506e58f9a5,multiwell,functional,inf,1.5437769993246455e-05,0.0002884017151789155,1.68625995978114e-15,0.9999980351237894,0.23440635599763482
f6354b627cf0c7401d236e67,multiwell,functional,inf,8.890418696712697e-06,9.843225763082619e-05,1.9263608924391972e-15,0.9999966899733316,0.23486774500270258
23f574962d5a3b5a3dc4bcf6,multiwell,functional,inf,2.1494145484871283e-05,0.004230855151927018,1.1102230246251565e-15,0.9999978123695433,0.23420165400239057
66f01d97c7b1181224bbf415,multiwell,functional,inf,2.670933554087233e-05,9.553419381497997e-05,2.0766116444387627e-15,0.9999978047730361,0.23444249800013495
dae79fe174807e47716acfc6,multiwell,functional,inf,8.255233709156353e-06,0.0008483351974723232,1.6260505821242221e-15,0.9999979149468368,0.2349513930021203
d902479b678cea949de0564a,multiwell,functional,inf,3.136273896283729e-05,9.217849309289252e-05,1.2672731580551195e-15,0.999997487554878,0.23601208300169674
fb87b1dd5e36c8f7d9bab33e,multiwell,functional,inf,2.0049677661786617e-05,0.0004138649582976229,1.174254344787102e-15,0.9999978317497975,0.23770998799955123
103f548589e9ac2edf08b5b5,multiwell,functional,inf,0.00015222034189015494,0.00019444753370145487,1.1733560956558957e-15,0.9999978855680715,0.2354421470008674
63789abc898f1d76e910eff2,multiwell,functional,inf,4.590349428422488e-05,0.0029128252776583962,1.358536053579652e-15,0.9999978610612825,0.23583739499736112
29b01fada246b362caca35ee,multiwell,functional,inf,2.4995160404036567e-05,0.00028892037039461886,2.0048780113976484e-15,0.9999977136310597,0.23513160400034394
d6be06e74e462c11c44145d8,multiwell,functional,inf,2.7844783031594212e-05,0.00013419279063932004,1.429087564465565e-15,0.9999978826018361,0.23504572099773213
9fbd2dbbaffd44ab64bcf390,multiwell,functional,inf,0.000239554596524478,0.00010619956492157159,1.0952039064966784e-15,0.9999981654517419,0.235407602001942
f61919244a61ebcdec8716c4,multiwell,functional,inf,0.0002818205722540007,0.0002267700851838885,1.3252662220020614e-15,0.9999980178431275,0.2353341320012987
86f6b1e711f4cd1705a9406c,multiwell,functional,inf,6.000093834699602e-06,0.000690587917904157,1.429403718770677e-15,0.9999979420298698,0.2354883059997519
6b91613585c6cbc07e994564,multiwell,functional,inf,9.262601981898112e-05,0.00011091630314865228,1.1449584100036136e-15,0.9999979062249378,0.23581601600017166
8f90b545876ae24591e8765c,multiwell,functional,inf,4.830519828070348e-05,0.0006102895122279815,2.128559106976708e-15,0.9999978778287045,0.23413654400064843
c807d0c1a792b4ae4935192c,multiwell,functional,inf,1.931172639444198e-05,0.0005545838130800471,1.2822222823169217e-15,0.9999978439195134,0.23673300999871572
b07b240b28bcf460c4bb5159,multiwell,functional,inf,2.9308616661180267e-05,0.00010320078508069449,1.8343263078225063e-15,0.9999979514934153,0.23609290799868177
2e407f3c685ef8505259c1f5,multiwell,functional,inf,3.896366782586956e-06,0.00012908567003907907,1.2158316711742932e-15,0.999997949941779,0.23525430299923755
09d918fcc2b1881d0aa42938,multiwell,functional,inf,0.0001925885207911278,0.002656683839260478,2.2015740507941227e-15,0.9999964842722512,0.23636713700034306
0ee7cad2f2680d3c59ced498,multiwell,functional,inf,1.906609154735312e-05,8.562821656479469e-05,1.5733155211526419e-15,0.9999979205189266,0.23483966000276268
f322b00251e0308adff02075,multiwell,functional,inf,9.099253953149074e-05,0.00016358573342523024,1.7222339962767592e-15,0.9999980013173654,0.23505712599944673
f7250b701c294eda9c8ed9da,multiwell,functional,inf,6.4064537797651525e-06,0.0021660103519095066,1.608162070746556e-15,0.9999979564577526,0.2346183990011923
319d8fb9fdd0ec7e395b4ca7,multiwell,functional,inf,1.5724361612471006e-05,0.0001449238401743594,1.1206990574818673e-15,0.9999980122104941,0.23553067999819177
6bd8363fb829ec0445f39051,multiwell,functional,inf,0.001435581235154172,6.938601734383175e-05,1.6575788326000333e-15,0.9999984322943243,0.23468000299908454
5e1449813768033241fb6e96,multiwell,functional,inf,1.7553085206409392e-05,0.0009956428490931807,1.022385215228289e-15,0.9999979901997393,0.23570727700280258
a7ccd05f36d8d7377544d710,multiwell,functional,inf,9.506072540392072e-05,9.792478940668148e-05,1.1487417637197626e-15,0.9999980287402943,0.23693092499888735
400163ccef706d3451505259,multiwell,functional,inf,2.935616800204553e-05,0.0006550783360270397,1.3331733556406431e-15,0.9999978142783819,0.2344177459999628
04b78803814bbf7599df894a,multiwell,functional,inf,4.4325486639577925e-05,0.0009005933143684213,1.3322676295501878e-15,0.999997879954264,0.23534227699929033
63f1699b83439b26311ec356,multiwell,functional,inf,2.991275032387361e-05,0.00013442107572395482,1.6693737916231932e-15,0.9999977865178918,0.23631105899767135
83e1efbbcda738d2936b3598,multiwell,functional,inf,7.635018428426588e-06,0.00016237973796668688,1.16264789881653e-15,0.9999980243126092,0.23594320800111745
83b3e0b50317918ccbbb0b87,multiwell,functional,inf,1.637568864491953e-05,0.0002161823709547963,1.202758500377381e-15,0.999997164874062,0.23591301000124076
ac8de8fc37cc6c06368878e2,multiwell,functional,inf,8.824192881630185e-05,8.788479206249354e-05,1.2013045362788713e-15,0.9999979526956355,0.23658331600017846
0d1b190ae6e5702c46889598,multiwell,functional,inf,1.1767696729436177e-05,0.00028761210582952887,1.1954166306974515e-15,0.9999980734646106,0.23585043699858943
70599e8e0fd97ecb7aad8a66,multiwell,functional,inf,2.7322865570348473e-05,9.096811548633847e-05,1.101455735113893e-15,0.9999980702658774,0.23437723399911192
1b522592cfd947e8707cc7db,multiwell,functional,inf,0.00014031762278655442,0.008113861610686383,1.1363721346213779e-15,0.9999978739787843,0.23521297800107277
60d3c6ab41ee4185dbe14e0c,multiwell,functional,inf,2.8060566326082905e-05,8.156732301566233e-05,1.3090513568520442e-15,0.9999979377249818,0.23803389900058392
6950443bd3270e74e7e79ebd,multiwell,functional,inf,3.0473972287208096e-05,0.00018041717685710594,1.5603716149443493e-15,0.9999979767918513,0.23484283699872321
baf2475b4d5bc365b99fd18b,multiwell,functional,inf,3.447666866112599e-05,9.425393758909955e-05,1.4349148490446488e-15,0.9999980758587158,0.2347567530014203
69cdb0abc8b6ee8181654004,multiwell,functional,inf,1.926600648304286e-05,0.00036235956570296774,1.3914538745659769e-15,0.999997670776518,0.23402141900078277
ab7a52c23f63494866fdda5d,multiwell,functional,inf,6.299587615476045e-05,0.0014975938821941196,1.3072863769082165e-15,0.9999977434439458,0.23407848799979547
58a49b767ea685d59e98b4fb,multiwell,functional,inf,6.926068272933228e-06,0.0001242568840034505,1.3337176653941255e-15,0.9999980721570477,0.23465523699996993
7a04c7330fa67b6e508a9dc3,multiwell,functional,inf,0.0003815976014867336,0.0014004946468465485,1.4002283532144605e-15,0.9999973564354044,0.2343779340008041
49ac739218a6d76f14a4be14,multiwell,functional,inf,7.017642163334319e-05,0.00010445605418181785,1.3236505300605526e-15,0.9999979238642109,0.23789513099836768
8459a420dea257fe9dbbadd0,multiwell,functional,inf,7.36714035336295e-06,0.00010771449879422587,1.4584490834072315e-15,0.9999980395437239,0.23439600100027747
d92bd82727ed1370e6858256,multiwell,functional,inf,0.00010329420022589999,0.0007959884635399628,1.780232783541511e-15,0.9999979486561081,0.23372462899715174
0c707e1e458a1a9510d85e2e,multiwell,functional,inf,0.0003688624589398159,0.00033211312094926626,1.2514640017107136e-15,0.9999980742619484,0.23681153999859816
aa5cbab7725640cea09ff93a,multiwell,functional,inf,3.0120243247888486e-05,0.0002981617487896293,1.1502178336585416e-15,0.999997780028666,0.23702188699826365
65e8e9b335d9e6dda8c2432d,multiwell,functional,inf,9.724865209296466e-05,0.006110824737171727,1.7348861290832663e-15,0.999997700842871,0.23562122699877364
4ad9f2c168a2582294417cd1,multiwell,functional,inf,6.963530545222587e-06,0.00022317815786841188,2.4992784189144037e-15,0.9999977684130112,0.23508263799885754
262698957e2581085dfe4c6a,multiwell,functional,inf,0.00020035393643553958,0.0001375126343974669,1.0308137938659233e-15,0.999998163328004,0.23534544699941762
e2dbf16450d147fc44b74d14,multiwell,functional,inf,3.0193065568551945e-05,0.0003546038376764744,1.4377736734090622e-15,0.9999980069914063,0.234683385999233
dba04c7035c028558e51e5b6,multiwell,functional,inf,0.0004054496382095566,0.00032281297921879363,1.7332357336839226e-15,0.99999795494666,0.23554302800039295
22aa1f0f546034b1a3472c92,multiwell,functional,inf,1.0286166191172584e-05,0.004584512558093084,1.1102230246251565e-15,0.9999977233857743,0.23403086400139728
f72a8015ddcb14c05b47df35,multiwell,functional,inf,1.485075030426718e-05,0.0007427762777784114,1.3099365870348832e-15,0.9999980000511276,0.23490505700101494
0a4860cdfe517c906ca9d4c4,multiwell,functional,inf,0.00017918411218240677,8.089215452690994e-05,1.7695002781359375e-15,0.999998014705385,0.2349607100004505
2417088ecbfa5c09b431800a,multiwell,functional,inf,2.5983717483193322e-05,0.004551259113175035,1.385929841723322e-15,0.9999978573430512,0.23689313800059608
ee22c9b673bf9023ec2c4ee3,multiwell,functional,inf,0.00041802171528108244,7.772621248609463e-05,1.7613222914242887e-15,0.9999982859325716,0.23507305500243092
655b2e2b609fcd9f5ddabab6,multiwell,functional,inf,5.4403167453305075e-06,0.001301804648930278,1.6674316164844943e-15,0.99999757705528,0.23522102200149675
9b0554c0b77f4abf52899aaa,multiwell,functional,inf,2.399612768782477e-05,0.0001297704561377367,1.2013502470010652e-15,0.9999978870407239,0.23485195999819553
c50f9d9f04eaa4f3510e1d0c,multiwell,functional,inf,5.189232224027813e-05,0.0010236383200063217,1.1951260210412862e-15,0.999997945659795,0.23393616300018039
1f05a9b7acd570bed76b255b,multiwell,functional,inf,0.0006560640778215796,0.0001353392950349946,1.0597820126888707e-15,0.9999971744757746,0.23427113900106633
3374020b8de478127bea05fe,multiwell,functional,inf,0.0002148889271149063,8.793076893765726e-05,1.5783987810006977e-15,0.9999980630565308,0.23589334999996936
23f08572a1f3864e4fea0325,multiwell,functional,inf,3.0572379039552625e-05,0.010642312929849986,1.3826922985866902e-15,0.9999998073523415,0.23411843799840426
c2d81273595365a43f9a8caa,multiwell,functional,inf,9.480756178021215e-05,7.826755808817112e-05,1.5071899354261679e-15,0.9999979648383935,0.23494059800214018
fd7f09046d7a3363881181a5,multiwell,functional,inf,2.2145054769735665e-05,0.0013267402306850879,1.4004308495335327e-15,0.9999979221711044,0.2342975710016617
51f52926dcbdd1b199a1c30e,multiwell,functional,inf,0.0001139348534148248,0.00013699149973661425,1.4489203507895754e-15,0.9999978964708927,0.2426829899995937
bbdd385f3b352f698fd3b185,multiwell,functional,inf,3.244132341240757e-05,0.00014029846968235002,9.610800106787133e-16,0.9999979447881039,0.23570042899882537
c7db8814a75e0f0440ff673d,multiwell,functional,inf,4.6790957108880314e-05,9.924516446843696e-05,1.3142744766523667e-15,0.9999979313707714,0.2352224810019834
b4247333396ed76044b88633,multiwell,functional,inf,9.585201555075338e-06,0.0024761178233947754,9.560715212429706e-16,0.999997795550771,0.23482076299842447
b3e2003787f6151eeefff4b4,multiwell,functional,inf,1.9297449321838598e-05,0.00010563446324048814,1.5075010652772435e-15,0.9999979439716414,0.23450225600026897
6b96d2b010610f9a8f4fd127,multiwell,functional,inf,1.386902879880314e-05,0.00016780639039565076,1.4891316796604809e-15,0.9999972040143956,0.23456177100160858
4aa7c7c9ed2bdfe8d3c8157b,multiwell,functional,inf,9.801612248245428e-06,0.0007259261784172033,1.3322676295501878e-15,0.9999973469939308,0.23454797500016866
6682366cbfa87c58330bd3da,multiwell,functional,inf,2.9140777740516614e-05,0.000730582182100336,1.2584387201579893e-15,0.9999979057111804,0.23421544699886
f02d814c3abc9507a417f279,multiwell,functional,inf,2.661304957584755e-05,0.0003539021395514169,1.2837990495001943e-15,0.9999979638731962,0.2344499460014049
7af00710bf19c9c5b94d1c1e,multiwell,functional,inf,8.521833355795049e-05,0.00010663793437439797,1.8991308272645873e-15,0.9999979766819462,0.23489138999866555
e80c672198610c0ec7bd92f7,multiwell,functional,inf,4.337619364406397e-06,0.0004686958041329486,1.8772214973291433e-15,0.9999979438925777,0.23680227099976037
510e0f9882f4233e42f2a0da,multiwell,functional,inf,3.5083072404912336e-05,0.0006606225610968761,1.3928681177351484e-15,0.9999977341119782,0.23613443199792528
3209aebb47d8fb9596f09dde,multiwell,functional,inf,6.923457332894677e-05,0.00023204394219477858,1.2816170885294544e-15,0.9999977819785395,0.23469120699883206
cbee09cf0ae76a54b7b83a38,multiwell,functional,inf,8.048741586574536e-06,0.00011038909615771511,1.5647018732907854e-15,0.9999979776193477,0.23444155600009253
243becd1bcf7e2d0d7b78e25,multiwell,functional,inf,3.626381159719758e-05,0.0005762920791142164,1.1777097313256098e-15,0.9999979842823058,0.2340967299969634
13c7c503319f9472f36ce6ae,multiwell,functional,inf,4.136567641930201e-05,0.0007721997606503824,1.8773439311444864e-15,0.9999975034108038,0.2340320809998957
d2cffb0dd2003b8756abfb36,multiwell,functional,inf,0.00012171803582597896,0.00011870050845002836,1.0746656764729459e-15,0.9999980285274983,0.23434169699976337
29f570464da01a3f384d0ac8,multiwell,functional,inf,1.6406614625975534e-05,0.0016004617011373503,1.2062931323475415e-15,0.99999769902797,0.23469145100170863
85c1c117eae0c8d65c7fdf38,multiwell,functional,inf,5.058529153141616e-05,0.00014281738626594205,1.8865981965105517e-15,0.9999979943611828,0.23416108299716143
f4f98be1e5614cd57af9ae8f,multiwell,functional,inf,8.97001180379142e-05,0.00011165695238511838,1.0593191899964803e-15,0.9999979997817584,0.23419387100148015
7478997c4855f0476d7a9250,multiwell,functional,inf,2.6099548667847197e-05,0.0011244597956412508,1.514826923799577e-15,0.9999979017881688,0.23678446499980055
08aceef823dbfc7705ff5c63,multiwell,functional,inf,0.00011679548202601411,8.978531173831051e-05,1.1115566542062411e-15,0.9999980175933046,0.23537444000248797
7ad0fa6d3c419cc9f4cfb05f,multiwell,functional,inf,1.0755818997408599e-05,0.0001696236787954948,1.3278510702413957e-15,0.9999980190652336,0.2352255799996783
f896d03d2d6ed00cec31c824,multiwell,functional,inf,0.00028547611043687303,0.0001688998015649991,1.2248622823137743e-15,0.999997356553079,0.23510228899976937
97b45423b49551ee0fca3276,multiwell,functional,inf,5.519691546782815e-05,9.155515439203425e-05,2.20141720963673e-15,0.9999980771940981,0.2349146849992394
7a07966e662c363cdb299bae,multiwell,functional,inf,8.872042592686052e-06,0.00071162548718744,1.970041874185466e-15,0.999997909825523,0.2349498829971708
e2574de24f1bd63a845e1523,multiwell,functional,inf,2.698724262865355e-05,0.00031756970480367877,1.613545574177463e-15,0.9999980323147246,0.23635814099907293
b59c3e04596bfde00fdf434c,multiwell,functional,inf,2.844842877138283e-05,0.01202229488810877,1.1522886333327163e-15,0.9999978827854521,0.23593769799845177
449d5b8410a2ab03dcabed1c,multiwell,functional,inf,2.7756782926611946e-05,0.0012305030678834746,1.4649367122230513e-15,0.9999976733765933,0.23419237800044357
b6a4325b5be193a7cb2904ed,multiwell,functional,inf,1.3262417058160762e-05,0.00011584781153140568,1.1374736213284095e-15,0.9999979009564629,0.23463740499937558
96c7a5aec7d5abd6eb9f2deb,multiwell,functional,inf,1.9129306607494344e-05,0.00012478806367956927,1.07716489467516e-15,0.9999980276510829,0.23607659700064687
49d0ec063be3fc669d40b4b9,multiwell,functional,inf,0.00035171006569134107,0.0001087734835392112,1.9445682984497592e-15,0.9999966521569685,0.23466397400261485
309ca041f45df135680c44da,multiwell,functional,inf,8.657159657434249e-05,0.00017144356434685169,1.1415559504221048e-15,0.9999981901723185,0.23452807899957406
9e0a60be52e9f3a2e556f528,multiwell,functional,inf,0.00025002561832826247,0.0001350980763390334,1.5220571538648124e-15,0.9999978792274504,0.2345150309993187
60297a9b12af6a58c3e57915,multiwell,functional,inf,7.601140862456051e-06,0.005523479661469649,1.4696874273185861e-15,0.9999977884211508,0.23339903500163928
99baf592cc3216fb1a6e7fd0,multiwell,functional,inf,0.00010331652853806235,0.00038751320664029464,1.2686096994573126e-15,0.9999977879867725,0.23393774400028633
d15dc640d4f590a68b2ba5b5,multiwell,functional,inf,0.00028867857147432473,0.00010615984265890954,1.0264293262631033e-15,0.9999979399986969,0.23474224000165123
8cebc1f54caad184715492b9,multiwell,functional,inf,4.7986265684277465e-06,0.00015095087275552278,1.4368943253591127e-15,0.9999980773158617,0.23409805899791536
c6cf95983a30ef75530175e0,multiwell,functional,inf,0.00016427601529407705,0.0009180555346234311,1.5226741551190352e-15,0.999997848501828,0.23346773100274731
1f3be684af820220204e72c9,multiwell,functional,inf,0.0002323507581491247,0.0004465480134957767,1.347538790252699e-15,0.9999978321440804,0.23404899899833254
14343ce7a236921ef3991680,multiwell,functional,inf,0.0003390298602084337,0.00016550874578798684,1.4059773052838966e-15,0.9999981498024377,0.23563230400031898
9b1e17af9e21cb0e75493f5b,multiwell,functional,inf,3.0425659480670263e-05,0.000132817258113291,1.588501705267708e-15,0.9999979756233477,0.23447785499956808
1e91d2b7c240d3a4b782d9a1,multiwell,functional,inf,8.959924378601687e-05,9.629231675227581e-05,1.1956822785713904e-15,0.9999978773021534,0.23417232500287355
4d5fcc30892e3207feef65d0,multiwell,functional,inf,1.4181811199908766e-05,0.0028379340887544338,9.956188294109327e-16,0.9999977138888313,0.23557972100024926
f463b7c3473f98d44b5f410b,multiwell,functional,inf,3.0972941542426124e-06,0.0001746717722449926,1.4595118324395953e-15,0.9999978928480864,0.23389102999863098
c98b2b0b850b3e44e3c5a729,multiwell,functional,inf,0.0014181505122840116,0.0006389421106559654,1.1487080578449417e-15,0.9999979340128998,0.23396944200067082
adc95d55852535278442c0a0,multiwell,functional,inf,2.7233308093459184e-05,0.00016121091197507817,1.227886195613271e-15,0.9999979114473876,0.23501386099815136
f739ff9f456fb940d44159f4,multiwell,functional,inf,0.00011211248732684937,0.000250569458495612,9.930807195730082e-16,0.9999978080510267,0.2352261460000591
73f5629bc1765db3bcfe6907,multiwell,functional,inf,3.694991725862308e-05,0.0015087066535891828,1.4665814149054408e-15,0.9999979604663577,0.23535485200045514
f216a9d923b27933c9cb500a,multiwell,functional,inf,7.5832933432767375e-06,0.00014831576903606646,1.5545136713033207e-15,0.9999978159035743,0.23479339200275717
50b3eb0d549c698468507e86,multiwell,functional,inf,1.15454064827744e-05,0.00011531660177129746,1.7730794399495828e-15,0.9999980141219487,0.23691160299858893
42214306dcf7c91da0956138,multiwell,functional,inf,0.00010797057898952985,0.0001544974649700853,1.4535829853849457e-15,0.9999971582691165,0.23459634100072435
f9d76ebcfbe177f7b57bd168,multiwell,functional,inf,5.404735986576799e-05,9.401048493577902e-05,1.6209446917302708e-15,0.9999980488980758,0.23461579699869617
22ba42e4eeed24952bf57c70,multiwell,functional,inf,4.768403657386206e-05,0.001716672017101762,1.5543122344752192e-15,0.9999977187998204,0.2336813690017152
a9e040c66ed33cd14131373e,multiwell,functional,inf,7.329608353696644e-05,7.811719134956115e-05,1.077312737364783e-15,0.9999980117193736,0.23467271299887216
5b83167e5a1e595f47ba8bf0,multiwell,functional,inf,2.524566582553625e-05,0.0005511344211676362,1.4031508133711543e-15,0.9999980416432708,0.23403190300086862
7f8c816d1ea51babc4820801,multiwell,functional,inf,0.00022333378223349793,8.00762887952736e-05,1.3992091132102831e-15,0.999998189354051,0.23572721799791907
949bb3fa32cc2038460d44f9,multiwell,functional,inf,2.8582275601519472e-05,0.00010679476699684269,1.7640070232354008e-15,0.9999980440322415,0.23329069700048422
ea6f18fa3a748b314b2b36a7,single_barrier,functional,inf,1.1565957390735477e-05,0.0001034413721444685,1.5409732496488359e-15,0.9999979836223746,0.15469547599786893
a805aba93f0a3770bc29a284,single_barrier,functional,inf,8.254472628424217e-06,0.00014059399854434023,1.4198206503859164e-15,0.9999978558913845,0.1536364500025229
7202672589a2c326a9611329,single_barrier,functional,inf,1.246014576882341e-05,0.00020510617222865033,1.3487994063790672e-15,0.9999979618848605,0.15383613900121418
df798d9f1cd18be2c14261ae,single_barrier,functional,inf,0.00032200396733714155,0.000116755201665433,1.1424284785557158e-15,0.9999981170915914,0.15289808800298488
f34c53e17c78332b876fa5da,single_barrier,functional,inf,8.314532238118669e-05,0.00011801450560596972,1.121174920750777e-15,0.9999981491587562,0.15189701200142736
1167ef25af7cbf2dab1ef367,single_barrier,functional,inf,1.4210335964739708e-05,0.0003859131699216738,1.5227757716538562e-15,0.9999980002038683,0.15151084200260811
bbb0a21d36842023abfcb2bb,single_barrier,functional,inf,1.0043486755176403e-05,0.0001282251408380293,1.6474765463441341e-15,0.9999979049770195,0.15215057500245166
87d4fb07dfb5f91dfae31091,single_barrier,functional,inf,1.1268684988439743e-05,0.00010239360321723064,1.3740806949324825e-15,0.9999979760586584,0.1520020440002554
e414e0840e8a1c6fcac5866e,single_barrier,functional,inf,1.2615302017073025e-05,0.00013561663066854017,1.1102230246251565e-15,0.9999979444743818,0.1520346619981865
fdba96603e6fc632b4ed1761,single_barrier,functional,inf,1.1396616960580735e-05,0.0001061327577540903,1.7655241151854805e-15,0.9999979781288021,0.15392518999942695
61d89514a58051fab4a1d508,single_barrier,functional,inf,9.992380293984929e-06,0.00011509820842398327,1.9004065857676045e-15,0.9999979110042706,0.1525610009994125
6b1a56100652cadf86d01a12,single_barrier,functional,inf,1.5925932284007606e-05,0.00022055765973983722,1.2777331946909911e-15,0.9999980174174009,0.152631556000415
d4ad5cb82ee89aa2cd1473a0,single_barrier,functional,inf,0.00012907022014165413,0.00041035158094640615,1.5734356453163985e-15,0.9999980957053252,0.15324408000014955
fbdc89a1250a775dac262f24,single_barrier,functional,inf,7.179398623300346e-06,0.0001031750561617937,1.1607688050317512e-15,0.9999978856570432,0.1843234929983737
5b095b4e920ae08068eede2d,single_barrier,functional,inf,1.199856308316392e-05,9.78730571150594e-05,1.667518551835226e-15,0.9999979954604123,0.15248338500168757
158a4779dc745c3ea460257a,single_barrier,functional,inf,9.565762912530124e-06,0.00020840694209086838,1.661155680075664e-15,0.9999978875579059,0.15249474899974302
a58357b123947ead45fca1f3,single_barrier,functional,inf,9.54903586190044e-06,0.00010291113645296086,9.276581636495933e-16,0.9999979504836823,0.15321789700101363
81663d66de447d09f77df644,single_barrier,functional,inf,1.0771604603667559e-05,0.0001877438435925983,1.21430481572255e-15,0.999997839786452,0.1526768380026624
aba8a1f413bbba197085f523,single_barrier,functional,inf,1.2697950422787022e-05,9.903558730437372e-05,1.8823775869383102e-15,0.9999979979216513,0.15250938600001973
1aed287b937fd21fbe24ad8c,single_barrier,functional,inf,7.653665345140329e-05,0.0001408103712753631,1.1696208310895527e-15,0.9999979242836694,0.15384222300053807
91e40e879c0684056e36468a,single_barrier,functional,inf,9.769037601220043e-05,0.00012226718307670705,1.2019676885505293e-15,0.999998079903681,0.1528935749993252
a2f22c403146feca31a9917c,single_barrier,functional,inf,1.1467896480340255e-05,0.00012401452679560026,1.3322676295501878e-15,0.9999979564150929,0.15237975700074458
9a77b1b78b38f0b8b3294460,single_barrier,functional,inf,1.2681031851585032e-05,0.000474819414516653,1.7547670709980357e-15,0.9999979143724588,0.1529018220026046
5f651a741fe361d3d807f0b5,single_barrier,functional,inf,4.912224638708929e-05,9.458831231405835e-05,1.4027854312905994e-15,0.9999981334972233,0.1528253600008611
d903b309169dfd8740e76000,single_barrier,functional,inf,9.768278949427402e-05,0.0003416804747306807,8.881784197001252e-16,0.9999980966938528,0.1522749389987439
26ab465591b4ee0b03bf681d,single_barrier,functional,inf,1.1069637362191276e-05,9.705535948563906e-05,1.401541030940616e-15,0.9999979952499791,0.15262249399893335
515e2016531d59850531edfa,single_barrier,functional,inf,9.271604134761374e-06,0.00012772390407002208,1.3191516768662239e-15,0.9999978789923607,0.15350255999874207
ed52a427bcbeab529292be50,single_barrier,functional,inf,0.00019271907463641572,0.00017658831043742144,1.8032818264598234e-15,0.9999980825081723,0.1526474739985133
50ab3eed117b7efb0be8494f,single_barrier,functional,inf,1.3916764805896606e-05,0.00014281381174370615,1.5592660449606931e-15,0.9999980039215939,0.15251626100143767
ddf44334451914e69ec31626,single_barrier,functional,inf,1.4459817287293726e-05,0.00012285442280843476,1.0983374781702017e-15,0.9999979480051799,0.15331926900034887
a58ea658ed2348523ea512e8,single_barrier,functional,inf,1.000505906474288e-05,9.695122026339472e-05,1.2668691520374946e-15,0.9999979935419218,0.15325485600260436
0ad2b455265dc37d8a5488ed,single_barrier,functional,inf,1.2145250026378163e-05,0.0003707941416904831,1.4159444570866596e-15,0.9999979263518933,0.15297516900318442
25b0cee92c68dd854e1ab572,single_barrier,functional,inf,7.519037184142076e-06,0.00012523620977804436,1.6405651198069175e-15,0.9999978512249036,0.1541228259993659
5def25077b0c4011d1fda60f,single_barrier,functional,inf,1.3154920587980083e-05,0.0001021787243853453,1.2726235636581866e-15,0.9999979971783252,0.15367219299878343
198b772038cb28665fb5cc1f,single_barrier,functional,inf,1.3547248928704209e-05,0.0005360217868275096,1.3000199620051576e-15,0.9999979573235653,0.1522199150022061
c48f0e00b5929c36911f4628,single_barrier,functional,inf,9.71584219596766e-06,0.00010392384955611467,1.170929143822482e-15,0.9999979665103834,0.1531536939983198
ec749ba115292f87ffe0963f,single_barrier,functional,inf,0.00031223846137024724,9.686826430536494e-05,1.4707918051306078e-15,0.9999982403533803,0.15333913900030893
4776c9d9dc4561415c62200f,single_barrier,functional,inf,1.0586047313838448e-05,0.00032498354252001176,1.3120378172376224e-15,0.9999979262934507,0.15355116600039764
9459f28a1e5ee8a63734f81e,single_barrier,functional,inf,1.0849587143889398e-05,0.00010879179601433807,1.7026194744755889e-15,0.999997971927238,0.15269751000232645
cb1280cbd71739baf14bc969,single_barrier,functional,inf,6.763471005251063e-05,0.00012459633262043018,1.7447709577564417e-15,0.9999980898484875,0.15346874500028207
9f779d646c442d913cfde004,single_barrier,functional,inf,1.6273560347653377e-05,0.0002255461349997006,1.6324570247348862e-15,0.9999980188130245,0.15275439100150834
114009dcca94f9ac79d6b92d,single_barrier,functional,inf,8.549358639709321e-06,0.00011714489738909332,1.1259317333212332e-15,0.9999979052343188,0.15278078600022127
019075891c3432a9bb1d585c,single_barrier,functional,inf,9.637445559578202e-06,9.436270783139742e-05,8.881784197001252e-16,0.9999979652126149,0.15274351599873626
db67c018c6e373ea70d53618,single_barrier,functional,inf,0.00010962817796745704,0.0006200279122774529,1.4380498758762328e-15,0.9999980680478381,0.1551178079971578
bef3b155d0da03f93e5d46bc,single_barrier,functional,inf,1.2713960580095045e-05,0.0002830991681792668,1.6936001278172003e-15,0.9999979454015857,0.1545581399986986
83f275a527792db091c56ad2,single_barrier,functional,inf,1.0276991300278425e-05,9.789474533278108e-05,9.721663054509524e-16,0.9999979872555602,0.15364041200155043
9c724b7adac35c7e89f20122,single_barrier,functional,inf,9.349290437438995e-06,0.0001208176536126377,1.2393361103641611e-15,0.9999979245393156,0.1530286760025774
973aa69e1e428ef247fa740b,single_barrier,functional,inf,1.3377071465787616e-05,0.0001007928258206042,1.2113781236227521e-15,0.9999979962373845,0.15378780700120842
999e0aacbe2d9ef9b955c5d5,single_barrier,functional,inf,3.915214886618523e-05,0.00010862758445205482,1.0601722523019936e-15,0.9999980470577232,0.1525480240015895
b248f3acf834d0b0e9016f92,single_barrier,functional,inf,1.2822579708312714e-05,0.00040093354238492627,9.892926878798723e-16,0.9999979318282908,0.15291110199905233
2a022c5637fe1f49e76cf784,single_barrier,functional,inf,9.483480675242563e-06,0.00015547565041403697,1.2132302339790611e-15,0.99999787562762,0.15234954200059292
76a7cea1b789bcb47b837246,single_barrier,functional,inf,5.011382299755262e-05,0.0001001549623526788,1.260782200935176e-15,0.9999981170891531,0.151941413001623
b622cf3f338814e185a1fcda,single_barrier,functional,inf,4.8751095211274704e-05,0.00011000270457159238,2.0424864164015578e-15,0.9999980951986485,0.15349192500070785
a8a80abd43305d3f9c5b11b9,single_barrier,functional,inf,1.2827951998576544e-05,0.0001210456821354373,1.2888755405965025e-15,0.9999979628253618,0.15339555500031565
befc09e06e42a4f40cc800ad,single_barrier,functional,inf,1.436512673781252e-05,0.00020887286009391848,1.1760053396515041e-15,0.9999980030359428,0.15228215899696806
28ba25e5f41edd154fbd01a3,single_barrier,functional,inf,7.372753984989389e-06,0.00012190619472300055,1.6167389129786557e-15,0.9999978533898264,0.15352001400242443
f093616f826ed443343c8d42,single_barrier,functional,inf,1.4290224875874448e-05,0.000285432927134451,1.096818632849135e-15,0.9999979912562353,0.15299671699904138
789e902f93cca40b8e7a949f,single_barrier,functional,inf,6.65532771106675e-06,0.00010972077307940014,1.4451977742450005e-15,0.9999978897023123,0.15327161999812233
13620f64b0c2c0fd1dd27f18,single_barrier,functional,inf,1.5553820583673106e-05,0.0001043742040032707,1.020871913416368e-15,0.9999980181914592,0.15374483199775568
c16ff51699c57e645a8a47de,single_barrier,functional,inf,4.129366984713057e-05,0.0002565131545310412,1.717400997448381e-15,0.9999980300755911,0.154249911000079
c7c06adfdc8e64b7e2d839d2,single_barrier,functional,inf,8.913205647928251e-05,0.00021858495903950668,1.264394100954648e-15,0.9999979602297068,0.15317856799811125
a21b37aa444413f1af747508,single_barrier,functional,inf,1.2055451764616192e-05,9.969132766416599e-05,1.0938817151448704e-15,0.9999979912719072,0.1533947080024518
30c31681715f0e9a766a03e4,single_barrier,functional,inf,8.405343559564166e-06,0.00010587342736102907,2.405940409539106e-15,0.999997938010053,0.15219934199922136
d209673b9924800be0918b2c,single_barrier,functional,inf,1.8039120162699206e-05,0.0002759027269231338,1.5642914237460754e-15,0.9999980065053776,0.1529552890024206
b7d46bb2b4747aa8d118929e,single_barrier,functional,inf,1.0477486095441066e-05,0.0001508258265577314,1.131792682623628e-15,0.9999979155393597,0.15375171499908902
59f0d1f6e806c5cedf7c76a5,single_barrier,functional,inf,1.0343948058231756e-05,0.00010241021091277347,1.4660333936493858e-15,0.9999979760432691,0.15361726800256292
2aab71a5828552db00da1117,single_barrier,functional,inf,1.655047502206244e-05,0.00010846916239691245,1.3311574646598161e-15,0.9999979027195064,0.15397324699733872
7379355d57ac30397b41b90e,single_barrier,functional,inf,1.4568969461320568e-05,0.0005180337196131334,1.3445719082071678e-15,0.9999979933557047,0.15307885400034138
9afa9ed53158a86802abb70b,single_barrier,functional,inf,0.0001351990252804382,0.0003300830098635111,1.7136187325062898e-15,0.9999981754293001,0.15266450900162454
c30e3373848c6a227a02dd11,single_barrier,functional,inf,7.97685539136379e-06,0.0001081352353951834,1.9589219503946122e-15,0.9999978955523742,0.1530446229990048
bcfe846b6333b85df620ddf4,single_barrier,functional,inf,1.2519110806887581e-05,9.657915989306862e-05,1.3295520840041042e-15,0.999998001083458,0.15340916899731383
9985fcabe8dd7e45af1b8406,single_barrier,functional,inf,0.000113869452713119,0.00014342229155564948,1.6431118872808655e-15,0.9999980764906294,0.15283586900113733
f423eb32a04a88a56d100e40,single_barrier,functional,inf,3.237506034908597e-05,9.283720789306177e-05,1.2909939740947144e-15,0.9999980629118178,0.15232637000008253
6d730076c6382307f4ebb25c,single_barrier,functional,inf,1.0838794168022752e-05,0.00022877716978986684,1.6703681089898974e-15,0.9999980120804043,0.15306530199814006
c913bebae41d325445237f1b,single_barrier,functional,inf,1.3985907833535708e-05,0.0003450582991492514,1.117470916625613e-15,0.9999979854299746,0.15316100099880714
79b61c37d31b7422432ea823,single_barrier,functional,inf,0.00016665069073314065,0.00010630424740220184,1.5567083762253048e-15,0.9999981048766121,0.15229914800147526
d96f11234f057d771fffc18f,single_barrier,functional,inf,0.00012946243337858736,0.00012634034171852532,1.1724608367218364e-15,0.9999979691780373,0.15283977500075707
024596c852979f00abbfc04f,single_barrier,functional,inf,1.3281476865090074e-05,0.00015020772543680546,1.5630740885789348e-15,0.9999979858855176,0.15329131500038784
30abf1aea359b373dc93fde9,single_barrier,functional,inf,9.957906743137563e-06,0.00012772736088943537,1.3071995941484307e-15,0.9999979149375011,0.15266127600261825
98a4d97ba2a8b4080dd9e717,single_barrier,functional,inf,1.0227854448589606e-05,0.00011710919324012619,1.1102230246251565e-15,0.999997943749405,0.15382764899914037
74ae496f508db32a287f0a8c,single_barrier,functional,inf,1.0906282835164137e-05,0.0005604324039043414,1.2212034559805466e-15,0.9999979435221037,0.1528809720002755
94ebeb51dd6b4e376ecf690c,single_barrier,functional,inf,1.218967976798773e-05,9.177870286164695e-05,1.6618230250703523e-15,0.9999980105540827,0.15411039800164872
5702292755a73d1c68e4da85,single_barrier,functional,inf,8.981077491696986e-06,0.00010670270723830154,1.4746324930679207e-15,0.9999979384725581,0.1527923510002438
902c333f42d4ccf2a9ae3da7,single_barrier,functional,inf,9.26306353640215e-05,0.00014421626787902115,1.3412650367123905e-15,0.9999981544498826,0.1525395619974006
ed7e49af70952b9179d28769,single_barrier,functional,inf,1.5740559854982552e-05,0.00011636603409944067,1.1650409399832978e-15,0.9999980118236987,0.15312580399768194
7f08d3c0e85973bdbdfb02b7,single_barrier,functional,inf,1.0844446244568964e-05,0.00013827557805639462,1.4294657382610586e-15,0.9999977110373093,0.15239742300036596
8f4d209e46f3f2b9953d0135,single_barrier,functional,inf,9.5621540623205e-06,0.00010472587416253631,2.2544900669495294e-15,0.9999979619131383,0.15357034800035763
a6f8f82ef06a8d7ea5561507,single_barrier,functional,inf,1.1604366280045895e-05,0.000391356590027231,1.255983267302504e-15,0.9999979511022613,0.1532127220016264
992d8d4ddc20596ebd57469c,single_barrier,functional,inf,1.7758614718466083e-05,0.00010284030437987899,1.087947621491577e-15,0.9999980285026409,0.15336244499849272
64382acad3c33dcaec5d6014,single_barrier,functional,inf,1.2664647893050266e-05,0.00032927395108234183,1.4005298812950555e-15,0.9999979625818395,0.1544156269992527
6de0d1439b4bc35ded6fee1f,single_barrier,functional,inf,1.3500723315260612e-05,0.00012906510984214917,1.9322703832189146e-15,0.9999979919068407,0.15316888500092318
1f2e14a4e1c5531e5806bcd0,single_barrier,functional,inf,5.0108773003144325e-05,0.00013539084855688347,1.6517979553423342e-15,0.9999980261282194,0.15281389899973874
dd562db35dde699e0dacd6ff,single_barrier,functional,inf,0.00016624057584758948,0.00012103936474735643,1.4570601457056385e-15,0.9999981453684076,0.15247801800069283
a9ca55aeb32c893e884aaf6b,single_barrier,functional,inf,1.1816127033594473e-05,0.0001145243956921767,1.2143205462993607e-15,0.9999979706045685,0.15389776500160224
84523ec6c473ee0773df11f8,single_barrier,functional,inf,9.934005464078873e-06,0.0002752009806958707,1.287472748281939e-15,0.9999979717584143,0.15198631800012663
892b1d348e12f47f751a5253,single_barrier,functional,inf,1.216532247105165e-05,9.099583853869385e-05,1.3602250224494263e-15,0.9999979790018964,0.1526557249999314
400825b104ab9b8a84e43ddd,single_barrier,functional,inf,2.429749056958166e-05,0.000106930495712596,1.1976085240957834e-15,0.9999980541156344,0.15296723199935514
1250f21c7c19daedb199f2ed,single_barrier,functional,inf,9.957081558283554e-06,0.00011058860788865927,1.2212453270876722e-15,0.9999979524515251,0.153315139003098
de1785467b9a3d5278cbc9b5,single_barrier,functional,inf,1.2176696372002932e-05,9.347553109343974e-05,1.2726751771640562e-15,0.9999980054891677,0.15279197699783253
92a50b9d63cdcdcb1263f0a1,single_barrier,functional,inf,4.060343508810895e-05,0.00034710636644680966,1.1346708814710787e-15,0.9999980079418065,0.15258100899882265
e6e978e20b5884ef30f431fa,single_barrier,functional,inf,5.119385120521936e-05,0.0007503014606646476,1.4649481952666435e-15,0.9999979107303109,0.15394882100008545
d051adc9b068395681d1c65c,single_barrier,functional,inf,2.2505663928653475e-05,9.566107953382423e-05,1.3214341289441595e-15,0.9999979524276176,0.15367510299984133
1e9d5dfe5854b2bba92f0289,single_barrier,functional,inf,7.021919840944657e-06,0.00012224810110699613,1.0522270061593146e-15,0.9999978051993271,0.15342326199970557
6e1069ec116aca0724400d14,single_barrier,functional,inf,1.2406760464054988e-05,0.00013930296078993763,1.3279995744648624e-15,0.9999979738973628,0.15303574799690978
8144d0b82babeefe4b2d662f,single_barrier,functional,inf,7.912404940276441e-06,0.00015268690554934872,1.996967757711036e-15,0.9999977786386235,0.15244962200085865
e8327a29dca7200d443c7a1a,single_barrier,functional,inf,1.2646474671380598e-05,0.00010141576269165703,1.5095943257153116e-15,0.9999979947006267,0.15334119700128213
5e658a5d716ff0396f8577a2,single_barrier,functional,inf,1.569583114929148e-05,0.00022663695288033578,9.533273494545036e-16,0.9999979561516004,0.1523506820012699
660a19019ca982d72ff73ce9,single_barrier,functional,inf,4.822385655013431e-05,0.00010656079990169171,2.0289887229440897e-15,0.9999980927688455,0.15231358899836778
29f9dda3798ce51e079dce9b,single_barrier,functional,inf,4.6714241685880565e-05,9.493815904712103e-05,1.313334634031657e-15,0.9999981174049278,0.15295183499983978
155cb00c274a3c182c49b2b1,single_barrier,functional,inf,1.1593592387221305e-05,0.00041302059175915735,1.261085426067321e-15,0.9999979508629327,0.15233521800109884
c74c41aeb6a480d80f8772a3,single_barrier,functional,inf,1.2381804030531616e-05,0.00014752534414951514,1.1733316740650927e-15,0.9999979817647842,0.15283721400192007
d39805f266e09b4477722586,single_barrier,functional,inf,2.986501187018491e-05,0.00011737029677826963,1.375012721625525e-15,0.9999979849651995,0.1526032159999886
168e8202e31056977008d493,single_barrier,functional,inf,1.3391262350368219e-05,0.0002583553084954919,1.33820722146e-15,0.9999979894733129,0.15265375599847175
cdc4366695260dd65753b329,single_barrier,functional,inf,6.82143750711581e-06,0.00011565845980911421,1.417342328887642e-15,0.9999978148749209,0.15275155999916024
6e4b5f425c992489a75d8e52,single_barrier,functional,inf,1.029128755350589e-05,0.00010690433328553057,1.8901115638405322e-15,0.999997959352784,0.1523355880017334
d8e69c3c1b65d35cb2584123,single_barrier,functional,inf,2.3397956132228584e-05,0.00015697487602914055,1.229569476802507e-15,0.9999979004206985,0.15245034999679774
d9aeca9e1175b9298bad6977,single_barrier,functional,inf,0.00019238537621243517,0.00020366364465474138,1.4569067186946585e-15,0.9999980826037577,0.1520348619997094
c2452fcadb5139817b8e9f48,single_barrier,functional,inf,1.2113513840623321e-05,9.597255393658205e-05,1.0067595792399608e-15,0.9999980010886912,0.15252469899860444
8576da944a4db5b760ca78ed,single_barrier,functional,inf,8.558924970133109e-06,0.00010507549538580081,2.221791242394693e-15,0.9999979487724201,0.15266222400168772
751a956969adc781efd2e036,single_barrier,functional,inf,1.3355165935001545e-05,0.0003731590464373772,1.8666227972502816e-15,0.9999979701871673,0.1528654900030233
9d6a5ee5d06522608c7f688d,single_barrier,functional,inf,4.438428594321951e-05,0.00010624899235512977,1.6431980862322393e-15,0.9999980426372169,0.1532863920001546
1d50b2e8121e3be7f6d33774,single_barrier,functional,inf,1.3051134612765163e-05,0.00018201229146147136,1.4296671523383623e-15,0.9999979938235052,0.15306158399835113
037e759ef9e214f0193da31d,single_barrier,functional,inf,9.698367789904041e-06,0.00014267506758148564,1.9696458919024445e-15,0.9999978902788095,0.15297865699903923
7cfee4913969886d8650f275,single_barrier,functional,inf,0.00032092590973444376,9.644721854279749e-05,1.4460882595940618e-15,0.9999982409788609,0.15311697399738478
9da8e9bdbeb9b876caeb4596,single_barrier,functional,inf,9.411682705581983e-06,0.00011823053356309945,1.7401307502256182e-15,0.9999979293684439,0.15302929099925677
1a755a7d4609b6228ac410a2,single_barrier,functional,inf,1.0739518772518953e-05,0.00014762684318846074,1.0297332088037702e-15,0.9999979176444029,0.15312264699969091
655066c7728de6266675a5f0,single_barrier,functional,inf,1.378270745641572e-05,0.00024982324046103735,1.0038299739756385e-15,0.9999980026675778,0.15280021299986402
82498f9d7ddfa36cef616c2f,single_barrier,functional,inf,6.536921943909656e-06,0.00011501272771638721,1.3088493876000485e-15,0.9999977752904915,0.15385659700041288
d62e9d5be2789dbb7eb1154d,multiple_barriers,functional,inf,7.1233278213678224e-06,0.0001271721775341549,1.296193495300065e-15,0.9999978973493704,0.19017353399976855
faeb700e92c34791792f08b9,multiple_barriers,functional,inf,9.033719819467522e-05,0.00012939670899557253,1.1102230246251565e-15,0.999998145991851,0.1899300540026161
967fa3841f3a61cac20137e5,multiple_barriers,functional,inf,1.2847142956890057e-05,0.0006164806296791909,1.923876934038615e-15,0.9999979885423941,0.18935250799768255
e23d937e108c2f44f8e3bae7,multiple_barriers,functional,inf,7.394864361696785e-06,0.00010072257907246228,2.5478713985895142e-15,0.9999980226705065,0.19531577000088873
4625af23aeac908b49315fff,multiple_barriers,functional,inf,9.139847721917315e-06,0.0003235787553137338,9.606841079661238e-16,0.9999979411686569,0.19079497900020215
2678a0cd48a3d23b6dd550a2,multiple_barriers,functional,inf,9.08529290705279e-05,0.00010985891229160503,2.4745088666429538e-15,0.9999983335173612,0.18902715299918782
aa043b36d5aae96bf9cfe52b,multiple_barriers,functional,inf,1.8688468529981435e-05,0.00014952665559776266,1.1167948311450727e-15,0.9999980588973011,0.18823004400110221
2bb2c9b6b07db62479252ba3,multiple_barriers,functional,inf,6.932346585557692e-06,0.00011270874189549848,2.0636386893186853e-15,0.9999980085268921,0.18964301199957845
2a9bf78a003580f6d0efcc8e,multiple_barriers,functional,inf,9.240884935471169e-06,0.00030159047876845144,1.0655492302918504e-15,0.9999979988890527,0.1898200760006148
b07ce0db729bb28c12363d97,multiple_barriers,functional,inf,7.671826506584106e-06,0.00010312684962362338,1.8582892651391825e-15,0.9999980332703713,0.18974478599920985
01c2bec3ed30725a4ee2af6a,multiple_barriers,functional,inf,0.0006983764003243882,0.0002776003741996041,1.49060014033734e-15,0.9999982239930675,0.18974154800162069
1fc886b5e345c30f795463c7,multiple_barriers,functional,inf,8.572781420934695e-06,0.00010117278075646935,1.0666099328075861e-15,0.9999980168276839,0.18934476699723746
31310895d884f0ee423e8097,multiple_barriers,functional,inf,1.0618273338758768e-05,0.00010908886340849026,1.1599957731110756e-15,0.9999980200558295,0.18940536199806957
8473dfd768e3abf57513944d,multiple_barriers,functional,inf,0.0002625405478542662,0.00015137139594788082,1.3453667400833288e-15,0.9999981759242027,0.18918649999977788
76cd70886a3898d05a988403,multiple_barriers,functional,inf,1.222595504002847e-05,0.0005550413627862113,1.08903106518652e-15,0.9999979856387166,0.189654198999051
134b75028ac39105ff245e62,multiple_barriers,functional,inf,4.784278541187234e-06,0.00010387472923221491,1.6097450579063228e-15,0.9999980374003826,0.18989519600290805
bb24e637a471e6854b4d0fac,multiple_barriers,functional,inf,1.0716024373984324e-05,9.897670056983266e-05,1.5410132563623426e-15,0.9999980278572977,0.18795016199874226
157ba57035443555d363b0b2,multiple_barriers,functional,inf,1.0848455263326268e-05,0.00016044750174181273,1.396325235466338e-15,0.9999980154601951,0.18909875800090958
209a34937d1f96c0e1f20a7a,multiple_barriers,functional,inf,0.0001265960422898661,9.93689631053399e-05,9.5343462424579e-16,0.9999982259234542,0.188922025001375
ac0806969d87030a3f19d64b,multiple_barriers,functional,inf,1.0722647393760392e-05,0.0007420080092134782,2.1031511326242855e-15,0.9999980454333796,0.1890604220025125
b471b177ff72842682291e65,multiple_barriers,functional,inf,1.560876139627094e-05,0.00010342709760629322,1.5473991822429477e-15,0.9999981153284014,0.1895845229992119
16881efbe17789a7d07bda6f,multiple_barriers,functional,inf,0.0001529882179981484,0.00042318848943245606,1.696195533861345e-15,0.9999981993236443,0.18875610699979006
e8ff06fa35fd90c2eab06af4,multiple_barriers,functional,inf,1.4148215663381707e-05,0.00015982798122583667,1.1659952414958488e-15,0.9999980489677831,0.18816623400198296
b08a556a9be3a8e4f16392f0,multiple_barriers,functional,inf,1.0715735466484285e-05,0.00013009515056325115,9.249306683035906e-16,0.9999980185356742,0.18777989100271952
955a92cfc301569ff94eeefb,multiple_barriers,functional,inf,6.333049045415715e-06,0.00010984905977490308,1.249520908059472e-15,0.9999980163149867,0.18947455400120816
ea0322b93b7d55597d97c5e4,multiple_barriers,functional,inf,1.608217685040324e-05,0.0003177526255716506,1.2150092732772226e-15,0.9999980560466467,0.18854561999978614
c2af4b5117bceac8f18b0878,multiple_barriers,functional,inf,0.0001255842386752276,0.00011739212113936624,1.784035960264204e-15,0.9999983126340596,0.18812124200121616
fe3feb253daadd4a3329b98d,multiple_barriers,functional,inf,9.815899051418982e-06,0.00019018952802836618,1.8107861101415085e-15,0.9999979867329746,0.18910528999913367
0218b213aa0f6b8d417172f3,multiple_barriers,functional,inf,7.01338327035281e-06,0.00011939490726948465,1.5972762916275373e-15,0.9999979967300406,0.18766740200226195
8664f80b67da4f4d21bd4e8e,multiple_barriers,functional,inf,3.265612145844447e-05,0.00020692788372643443,1.6288021238992917e-15,0.9999980886065606,0.1881312129989965
b678f0109b01628f87f93d55,multiple_barriers,functional,inf,0.00011954442087891986,0.00010175698939506942,1.3925997158466409e-15,0.9999981642875027,0.19147245299973292
363515a3b37f45b1910696c0,multiple_barriers,functional,inf,1.10473241492167e-05,0.00036166274926459764,1.0665781055549278e-15,0.9999979712115901,0.1889344990013342
2e9aab8b4aca202178855a53,multiple_barriers,functional,inf,6.133290588777882e-06,9.54717697946189e-05,1.1111537957024578e-15,0.9999980294032431,0.18890215899955365
259e19b46d391d852aa01947,multiple_barriers,functional,inf,1.2604550585563969e-05,0.0009111355300413002,1.2169457425865339e-15,0.9999979998764943,0.188503994999337
42636f47de5c08fbe8b06a86,multiple_barriers,functional,inf,0.0001717983002645472,0.00012815770048649395,1.1196881590233845e-15,0.9999982054322762,0.1888043210019532
055563e6853286bb392a5a78,multiple_barriers,functional,inf,1.4732073810110227e-05,0.00011741117533372064,1.5139711022723795e-15,0.9999980477043325,0.18828300099994522
ace99690f3264f7abf1a6bcb,multiple_barriers,functional,inf,7.540007260685056e-06,0.0001143282637594729,1.1546230689711763e-15,0.9999980146087355,0.18807472999833408
ba0eb00ab391f6d0aceff1af,multiple_barriers,functional,inf,0.0002699637597389599,0.00019600140612236738,1.1632148403433629e-15,0.9999981224297183,0.1901827139990928
4c7fdf98a0ec97b9de102c0c,multiple_barriers,functional,inf,6.099961858498191e-06,0.0001088861961462549,1.4447709572137818e-15,0.9999979851021115,0.19026134500018088
49d650638f3456c3a636bafc,multiple_barriers,functional,inf,1.0921246027158084e-05,0.0003542873050901746,1.707831765138425e-15,0.999997968659577,0.18988653300039005
f0de30382fda2e7389fae809,multiple_barriers,functional,inf,8.45208186086225e-06,9.727019064503988e-05,1.5623998188704856e-15,0.999997996563285,0.18854656500116107
9ac0c791848c3c018fcb0be9,multiple_barriers,functional,inf,2.2905714597833003e-05,0.0003428064140367855,2.367640228465316e-15,0.9999980746103847,0.18825858399941353
b4e25ae4c35d815baa640d3a,multiple_barriers,functional,inf,6.187065801793802e-05,0.00010226217024822272,1.3746264139329353e-15,0.9999981945297103,0.187819146001857
1c9ab21dcfacbfdbf9d84164,multiple_barriers,functional,inf,7.726649948837694e-06,0.000257106549325218,1.1427492251842322e-15,0.9999979212983052,0.18901344800178776
2ba8971cadd0ab12341d0b4a,multiple_barriers,functional,inf,4.800426030300681e-06,0.0001125625616366964,1.206286370266799e-15,0.999998009923462,0.1897985930008872
886b97e50f35e143099a4291,multiple_barriers,functional,inf,1.3643071652849655e-05,0.00040807304302562425,1.7824789838529906e-15,0.9999980203294413,0.18956339899887098
004b96970ddfe8cff254973d,multiple_barriers,functional,inf,6.275113633136194e-05,0.00014965533729642625,1.1620537585313312e-15,0.9999981479361209,0.18905589199857786
c5cd7fcf6684438c22a26185,multiple_barriers,functional,inf,9.682627611775143e-06,0.00012331252356034898,1.3511369993312028e-15,0.9999980130890698,0.18828371400013566
896d5f3e8c8eb689e860313b,multiple_barriers,functional,inf,1.1656001364699191e-05,0.0005019128318016434,1.2767317738332284e-15,0.9999980313253695,0.1892903660009324
bc1ed4d07fcf2c8764837bf4,multiple_barriers,functional,inf,5.611330878335098e-05,8.978820309332745e-05,1.0916705537888e-15,0.9999981846774887,0.1901503720000619
2ace24dbf4f4775cf0655652,multiple_barriers,functional,inf,2.544471244095812e-05,0.0002142243218256179,1.744344043922186e-15,0.999998107314309,0.18850075400041533
ce8e6fc09e5fcfd3d00e2995,multiple_barriers,functional,inf,8.497544291989968e-06,0.00011522924729173916,1.5130300275750874e-15,0.9999980194782331,0.18931990399869392
91f91a0c46954aec1ab1f72e,multiple_barriers,functional,inf,1.0450622442724658e-05,0.00015914795251069673,1.6810233932956014e-15,0.9999980062142694,0.1890409930019814
3e48ec3c9310d50df3d8f666,multiple_barriers,functional,inf,8.047634074361284e-05,0.00013004076564002796,1.7132708573965643e-15,0.9999982213368888,0.18924122499811347
8a39a0ed6753712c6845bbb4,multiple_barriers,functional,inf,2.4246619470482033e-05,0.0002576367782461424,1.1384417550112887e-15,0.9999980775420345,0.18926263700268464
e39ff198b905b18cdb16df15,multiple_barriers,functional,inf,9.424118202684948e-06,0.00011105374634091539,1.317503857415836e-15,0.9999980150040279,0.1902233900000283
359fadc453278388276ea461,multiple_barriers,functional,inf,9.457908449432202e-06,0.00022542503339332702,1.2030367865859754e-15,0.9999979993169094,0.18837316300050588
0595b7a79e89192ade76fdc6,multiple_barriers,functional,inf,6.648371796060623e-06,0.0001162669460338,1.3581930340035625e-15,0.9999979962156723,0.1887058159991284
801b530f8fac41a6da309c8e,multiple_barriers,functional,inf,0.00022535571115261534,0.00045023277079960997,1.1274397874358274e-15,0.9999980579493403,0.18890857699807384
fc8fcb32344589603da1549c,multiple_barriers,functional,inf,7.12227614143954e-06,0.00010312734225217791,1.2197567129108038e-15,0.9999980332201748,0.18915276799816638
92a4ebf51094625360200fbb,multiple_barriers,functional,inf,1.1177742583860384e-05,0.0004914816523448695,1.1943638697763714e-15,0.9999979602835682,0.1887368579991744
39318535aee94965e76800f9,multiple_barriers,functional,inf,0.0003813295639123777,0.00010253996000367392,1.8827967941205648e-15,0.999998256484656,0.1882638280003448
c99517434f8d174638b78ede,multiple_barriers,functional,inf,9.164895657030161e-06,0.00015159854761889364,1.3248935949444652e-15,0.9999979958012449,0.1900139359968307
765e42d2a13e54a8a208f71e,multiple_barriers,functional,inf,8.436689867418062e-06,0.00010878064818650512,1.0730995577969254e-15,0.9999980077370056,0.18773787999816705
521b476e3355df87a342b115,multiple_barriers,functional,inf,7.793529636737626e-06,0.00010692575497108699,1.2545997655012126e-15,0.9999980291669404,0.19250963700324064
f1898efa006d152ad735a3c6,multiple_barriers,functional,inf,9.995612765776385e-06,0.00014307359130347,1.6503910332552921e-15,0.9999980053655425,0.1887609010009328
5913ad051a710bddba248219,multiple_barriers,functional,inf,0.00017249762529743996,0.00011177521650149576,1.3336354330698005e-15,0.9999982368568874,0.18952948799778824
cc5ded91aa62483e309d4654,multiple_barriers,functional,inf,9.810289479673669e-06,0.00045980023844822087,1.1102230246251565e-15,0.9999979219766542,0.18804650200036122
ebdc0335cbd7ba50fb3a47d6,multiple_barriers,functional,inf,1.9808272777808602e-05,9.523891273226787e-05,1.284167276736567e-15,0.9999980461579001,0.18925170399961644
8199a40341d19efd661e3be8,multiple_barriers,functional,inf,0.00031925027714436066,0.0005851564769147274,1.3735340262627377e-15,0.9999981921383858,0.18986728600066272
0cd238e16ec8474e21ad9560,multiple_barriers,functional,inf,7.470968107242892e-06,0.00013746408096303343,1.1230028014107371e-15,0.9999979912819581,0.19032662199970218
1356f6dc3d08eb8ad0020e00,multiple_barriers,functional,inf,7.478802245438877e-06,0.0001323196177106206,1.1712288976427188e-15,0.9999979922408898,0.18905657299910672
fa807edb746e43b40ec362e4,multiple_barriers,functional,inf,7.939454082320264e-06,9.305101732069657e-05,2.2421708206114324e-15,0.9999980297855645,0.18873101199642406
cdc06a252ad6900be55491d2,multiple_barriers,functional,inf,1.3741466828316376e-05,0.0005300831844231368,1.2643237229288671e-15,0.9999979393356153,0.18814040700090118
9a501921257caf1ba8600bd2,multiple_barriers,functional,inf,2.861677125766489e-05,0.00011801573296211132,2.0428710442711554e-15,0.9999981750115932,0.19017621799866902
a5e27e40cd9bdbd1233e295a,multiple_barriers,functional,inf,8.215326452108364e-06,0.00015374841874224,1.4748284960667875e-15,0.9999979958916061,0.18959147500208928
6466461d96b19ca80ec720bb,multiple_barriers,functional,inf,8.256338031694745e-06,0.00012173585522765028,1.1852377136574305e-15,0.999998038324038,0.1888202469999669
c4a1c0332831d20c99b5342c,multiple_barriers,functional,inf,3.167345501351923e-05,0.00019845275418702284,1.2114114189130667e-15,0.9999980932881384,0.189876448999712
ba4c7b2f2af1f26ef06ca34f,multiple_barriers,functional,inf,0.0004876630389332941,0.00011694889365860497,1.2904514379890177e-15,0.9999982059430144,0.1907248890020128
8c899c94270177eb84101a85,multiple_barriers,functional,inf,1.2207571931851393e-05,0.00016738530490929067,1.5543122344752192e-15,0.9999980172639826,0.1905167069999152
c490e668d3c2e160d9c2ce5d,multiple_barriers,functional,inf,7.9758331858218e-06,0.0001780821025764473,1.4246784906590495e-15,0.9999979822125706,0.18905012500181329
e198c54c301b67f2ffae6730,multiple_barriers,functional,inf,0.00010776287226518936,0.00011014956849952307,1.6648033095889695e-15,0.9999981974098008,0.18797416899906239
1562e6c755d13d609f1573c9,multiple_barriers,functional,inf,4.1448357654304414e-05,0.0005389405720168601,1.3241241660239856e-15,0.9999980870193894,0.18914254999981495
78ef4d3395bc8e02080a257d,multiple_barriers,functional,inf,9.100994366442736e-06,9.444689129968126e-05,1.2133676109947982e-15,0.9999980394714724,0.18876999400163186
8305685f9af8375f2c81b170,multiple_barriers,functional,inf,1.2288718332364618e-05,0.00048136151857052135,9.168924888431072e-16,0.9999980038758178,0.18967482000152813
cb5366d20193f139801d5df5,multiple_barriers,functional,inf,0.0001580301590983953,0.00011719176899480933,1.2197812014765915e-15,0.9999983854166179,0.19049518399697263
d808d6fdbef3410f9db13e81,multiple_barriers,functional,inf,1.038051247864871e-05,0.00010749272489978051,1.2356320316049805e-15,0.9999980209451318,0.18909261700173374
5b916d72a22efeaa29adf716,multiple_barriers,functional,inf,7.27809363099793e-06,0.00012495967551869427,9.6731621942147e-16,0.9999980010426703,0.18983295499856467
c9da7abeca684e113797330f,multiple_barriers,functional,inf,1.1012210783644198e-05,0.0004831207207676302,1.5084518943006905e-15,0.9999979334271923,0.1894726000027731
9d5e974e4c7236dd82f2fbff,multiple_barriers,functional,inf,1.3156765027450056e-05,0.00010084494085215863,1.9719220770815155e-15,0.9999980815573217,0.1881325869981083
14df4cf9011de58a71c3fbc2,multiple_barriers,functional,inf,0.00042158990949137847,0.00015176023075365435,1.065994848965318e-15,0.9999982591026167,0.1892535510014568
289ce0b6fbdb85c89dc36958,multiple_barriers,functional,inf,2.4785218122167098e-05,0.00012166588984154911,1.7108517630099503e-15,0.9999979779372096,0.18835537400082103
51e4c5737eb1430f0d26e505,multiple_barriers,functional,inf,9.126692664355398e-06,0.00016349005124147514,1.82317559773639e-15,0.9999979919689355,0.18827461199907702
e5161057a2eaea0597a69ca4,multiple_barriers,functional,inf,7.105860572465785e-05,0.00011306307064397796,1.7928301568864287e-15,0.9999981844335822,0.18874403799782158
9b4f415117b524d4670d21e4,multiple_barriers,functional,inf,1.0134068307111749e-05,0.0003721555370742313,1.2154237419855697e-15,0.9999979927804252,0.1899930450017564
52e21518a1eedec24f655514,multiple_barriers,functional,inf,6.039490542706658e-06,0.00010615117662066401,1.4787079272084243e-15,0.999998032311071,0.1890440250026586
48760279e5230c1e3034eadb,multiple_barriers,functional,inf,1.0776759845864993e-05,0.00023655705808697014,9.486226438373164e-16,0.9999980130218353,0.1891958189989964
e54448f4ad2192bb97c0d0a5,multiple_barriers,functional,inf,3.447280008164556e-05,0.00010513553069370235,1.1689559887616681e-15,0.9999981514335733,0.18846013300208142
2263dc14d9ac44358761533d,multiple_barriers,functional,inf,1.5926967134205376e-05,0.0002902767373506178,1.2226271466646555e-15,0.9999979545554328,0.18712107600003947
9d680dbb183e1a64d4a350d2,multiple_barriers,functional,inf,6.963933781484616e-06,0.00011541495006311926,9.502151729939677e-16,0.9999979920438219,0.18906231499931891
1cd7c406611094d7c4351c68,multiple_barriers,functional,inf,9.292926420505336e-06,0.00012202938628750908,1.2143688725621755e-15,0.9999979999659059,0.19003807199987932
491ee4916b0a7a227fb4a5dd,multiple_barriers,functional,inf,0.00021545910234713322,0.00013037307867452686,1.2527582602072115e-15,0.9999982310182144,0.18820234699887806
f88fd06381075e9a36002fb1,multiple_barriers,functional,inf,3.152186819782956e-05,0.0006989587076576105,1.373037401785795e-15,0.9999981293557549,0.18935717299973476
0838027f2c87cb323c81b159,multiple_barriers,functional,inf,1.1375022295967836e-05,9.566603039262677e-05,1.0567381528625295e-15,0.9999980873846855,0.1884355330003018
27080f207267b72d977f22b4,multiple_barriers,functional,inf,6.4189884986380854e-06,0.0001566690328533779,1.6287804868688268e-15,0.9999979529967555,0.191179703000671
7c2f1cc947be96c239a70ec6,multiple_barriers,functional,inf,9.589475853657423e-06,0.00010579799272360577,1.687852876349466e-15,0.999998026601527,0.18961951800156385
4fffdaf978875dbd2468f5ce,multiple_barriers,functional,inf,7.812438887332995e-05,0.0006750204217463933,1.371444381575737e-15,0.9999982077913293,0.18984016700051143
81e84e3b5b7a772519a054cd,multiple_barriers,functional,inf,7.569201200375366e-06,9.409405607818003e-05,1.5319829939168825e-15,0.9999980286755127,0.18982116199913435
b6733e607bf1f194df8f6397,multiple_barriers,functional,inf,2.06801886384601e-05,0.0003113094517566131,1.919698802681796e-15,0.9999980662559125,0.18916402300237678
527700a5e1f3d83502104107,multiple_barriers,functional,inf,0.000421957571499256,0.00011700319160444648,1.391105416241009e-15,0.9999982383455857,0.1893456759971741
dfd684548735efe3689f5b36,multiple_barriers,functional,inf,1.2004969581891534e-05,0.00017476935300622526,2.0149441361949314e-15,0.9999980233972219,0.1883521230010956
d3d8f8a3c8dc306768a15fd3,multiple_barriers,functional,inf,5.7257351039858795e-06,0.00011551302395723315,1.4351388819598422e-15,0.9999980165711796,0.18893743099761195
52061e0c06764cde380ec7ed,multiple_barriers,functional,inf,7.284421847815601e-06,9.588066413839276e-05,1.1486274794624398e-15,0.9999980328963886,0.1895657150016632
1c35833b32bad730d2b21158,multiple_barriers,functional,inf,1.1659128907837493e-05,0.0005503996261025955,1.6920547893844989e-15,0.9999980029548193,0.18819642000016756
9c81ca74133973e9dc42bcae,multiple_barriers,functional,inf,0.00022657194244547974,9.677593722672575e-05,1.4143433573261364e-15,0.9999982564464146,0.18997262499760836
d2c8d9d79b07af7b3ab9f863,multiple_barriers,functional,inf,1.8540242264398743e-05,0.0001626438906916124,1.4742696324530122e-15,0.9999980576173406,0.1892236009989574
32e572df2373af4788628a77,multiple_barriers,functional,inf,6.07605999058462e-06,0.00015535706336977358,1.5799043835120083e-15,0.9999979743763149,0.18915968600049382
42cb77670ef3f75cb408471c,multiple_barriers,functional,inf,0.00022841258099193563,0.00013668481145743579,1.5031432586817176e-15,0.9999982315777507,0.19395789400005015
873613c974962e495469fa9d,multiple_barriers,functional,inf,5.338992810904674e-06,0.00010208417154587812,1.7051074405982566e-15,0.999998051104139,0.1895129150034336
f0f5624e33bbf17f294aee41,multiple_barriers,functional,inf,1.23688594014807e-05,0.00038413578452990054,1.434420789401937e-15,0.9999979843919298,0.18943969099927926
091589c1bd42f7d5243b73da,multiple_barriers,functional,inf,8.334307210990552e-06,0.00010536083917334538,1.417735462845512e-15,0.9999980063610749,0.1901580859994283
d4c1449a31fbbace788fa8cd,multiple_barriers,functional,inf,6.725221811744271e-05,0.0001578143058896209,1.195268288999007e-15,0.9999981395168362,0.18909803999849828
23be04da049314262b3e147b,multiple_barriers,functional,inf,0.00019398608100778945,0.00010634294812643213,2.1638319426232606e-15,0.9999983199612119,0.18987827400269452
97d50cb0508fd6d8bfe94f3d,multiple_barriers,functional,inf,1.0835366696609806e-05,0.0004441872436544926,1.2676904773838878e-15,0.999998005332296,0.18989481300013722
d9c1d75a33ed9e9d83cc6412,multiple_barriers,functional,inf,7.603932298259129e-06,0.00010338461879301842,1.1569350096235425e-15,0.9999980088828812,0.18931912400148576
09f642c93149f616c2f3d4c6,multiple_barriers,functional,inf,9.263251202143084e-06,0.00028543080749751193,1.498970998032501e-15,0.9999979837438808,0.18836603300223942
9f89f5e1875e9ccde13f245d,multiple_barriers,functional,inf,6.099850346981513e-05,0.0001141695262587659,1.3732009127972922e-15,0.9999981289460579,0.18830820600123843
2c3dc2eda40091dd80ce7b55,multiple_barriers,functional,inf,9.602791547155773e-06,0.00021382019636278398,1.9284564098420413e-15,0.9999979434690207,0.1884667400008766
8070cabd8379b6f8b809a15c,gaussian_well,functional,inf,0.0007621162271356322,0.008007949276889574,1.8098205753400896e-15,0.9999970894226551,0.15313161900121486
4ff5c6f30f9f0965db57b28f,gaussian_well,functional,inf,0.00020423391184510212,0.0030257589187367893,2.5789018130110196e-15,0.9999976696866333,0.15230080499895848
73e9a743ff5d0a34712d7246,gaussian_well,functional,inf,0.00014378277572046344,0.0003009670652670524,1.1425278341455363e-15,0.9999979093613314,0.15152970799681498
42d0638383d3766234142b1b,gaussian_well,functional,inf,0.00039385012482611375,0.002176226866324516,1.6691509514150687e-15,0.9999972821494575,0.15664030799962347
615f71a372aa1c7bf3da2f8b,gaussian_well,functional,inf,0.00014520139417153183,0.00027104987454545703,1.0046576029900318e-15,0.999997904188178,0.15257546099746833
725eaceedb54aff0c65e2894,gaussian_well,functional,inf,0.00018233107311345213,0.002795299450320529,1.0600300694284987e-15,0.9999977820246129,0.1517000759995426
6c4e84d6c8343e8d48d4de27,gaussian_well,functional,inf,0.0004561347843721314,0.011921470864717114,1.0857000562729271e-15,0.9999966312387948,0.15258006300064153
76aefff177fab83f808c5321,gaussian_well,functional,inf,0.00023688028905778882,0.0014834176571345387,1.725316812890388e-15,0.9999976662138991,0.15137247600068804
6687102923ab0b1fe03c7083,gaussian_well,functional,inf,0.00048242200139508574,0.0037461114010853953,1.332111072507673e-15,0.9999963742980524,0.15216462299940758
57e346227736c3bc1033ba35,gaussian_well,functional,inf,0.00027970710761042634,0.0018441331920457087,1.1923814094809465e-15,0.9999973015955068,0.15170994099753443
bb95270fdd90c1e5a04d86b2,gaussian_well,functional,inf,8.736059219532719e-05,0.0002900194382758677,9.831876068033192e-16,0.9999979368084045,0.150904514001013
22d4784581c73c7b0d687b19,gaussian_well,functional,inf,0.00011142457637500988,0.0004105714171395678,1.4187872992486723e-15,0.999997920481787,0.15194291599982535
63e4706e72619fe0b2f79a7a,gaussian_well,functional,inf,0.0004336184442909996,0.004439665251298291,1.1903281868050992e-15,0.9999974100863214,0.15163863700217917
d9a2d112ec0a89481067573e,gaussian_well,functional,inf,0.000724023962524205,0.0025920095701316673,1.3367039380650063e-15,0.9999960324921258,0.15193640900179162
0f6f1ccd1ca39d853908348b,gaussian_well,functional,inf,0.00017574184466462344,0.0012826269335984555,1.6204171608101327e-15,0.9999977704933768,0.15193730499959202
e2ac3a49fb49d0ab1562424b,gaussian_well,functional,inf,0.00011618159993675348,0.010307569346991395,9.923751486066893e-16,0.9999979151944124,0.15158488099768874
19e4bd3dcc7ae089d5b51474,gaussian_well,functional,inf,0.0002589000646942195,0.0005843724829208298,9.934891585510318e-16,0.999997723221948,0.1529537380010879
0d7fbb4ad342a851ff0d382c,gaussian_well,functional,inf,0.00018652938256618126,0.0012410363551189727,1.5553201489236279e-15,0.9999973028075477,0.15297089600062463
1c06c693d38cfb70b3a34aff,gaussian_well,functional,inf,0.0002943833537264912,0.012314920538651948,8.881784197001252e-16,0.9999997777016426,0.15315971699965303
f89df88871119646274c3963,gaussian_well,functional,inf,0.0001825273933697535,0.0004138638057132647,1.038979336815744e-15,0.9999978484787277,0.15262773399808793
bb1a840833bf9e136cb1a149,gaussian_well,functional,inf,0.0001971546342128878,0.010857434093250838,1.5601032533327021e-15,0.9999998102898126,0.15198381099980907
59cd24475cd3324b3bd200b0,gaussian_well,functional,inf,0.0003502860811257029,0.001474545246659042,1.3322676295501878e-15,0.9999976294368964,0.1531583869982569
46b4a91aefee73a692c712de,gaussian_well,functional,inf,9.656163287575809e-05,0.0018083576887211658,9.678912194215612e-16,0.9999979190585638,0.15170822300206055
9840362f590d300b5690680f,gaussian_well,functional,inf,0.0005136361819806423,0.005744010319706806,1.1125716219947661e-15,0.9999974308432605,0.15226867999808746
9f3e074cda4fd14e5cdc058f,gaussian_well,functional,inf,0.0005885354271507547,0.0023820864286176065,1.2657260142264344e-15,0.9999966729262837,0.15233497000008356
5e253ad57f2cc0f392bf2c6d,gaussian_well,functional,inf,0.0002221781065787471,0.004208193582422723,1.908600996490851e-15,0.9999977270038278,0.15295200900072814
560b4ac43647c8a366f2d0d9,gaussian_well,functional,inf,0.00017480033116663453,0.0005336495707118262,1.9206224598959694e-15,0.9999978581969167,0.1524017179981456
c11f5ff567a7ddb1fc62ab1f,gaussian_well,functional,inf,0.00011500425609413742,0.002251838825849354,1.466181312041383e-15,0.9999967942811937,0.15392628200061154
3a217da71ed5a9ce915f8109,gaussian_well,functional,inf,0.0003145575699818147,0.003665308861484038,1.2362297473110524e-15,0.9999975749966659,0.15204870800153003
f3290a2528fa7d8c3ef8f088,gaussian_well,functional,inf,0.0001276356862969451,0.011258263868064191,1.5431920993255825e-15,0.9999979037295507,0.15155025999774807
28bce97c5c6b8b3638f0fee3,gaussian_well,functional,inf,0.00016044215850760318,0.0025004351402342713,1.2318030848384392e-15,0.9999970977178904,0.15240672000072664
b4c120a00dbd89e82dc2b738,gaussian_well,functional,inf,0.00016793064293017627,0.0004607652786213624,1.3850765581774478e-15,0.999997847286127,0.15342216200224357
daaa56bd47d15d408a72462b,gaussian_well,functional,inf,0.00020910334814963687,0.01266242283179933,1.5312278244060686e-15,0.9999998120764768,0.15245005499673425
63c2fadd415d6feda0782ece,gaussian_well,functional,inf,0.00035832994601058655,0.0027862584220522853,8.881784197001252e-16,0.9999974936770305,0.15351697399819386
44cfc5c4b99934a45cd026eb,gaussian_well,functional,inf,0.0004482507482311015,0.002732001280801767,1.9458922731532886e-15,0.9999974406303027,0.16237115200055996
2e0cb2bd202c4f3408157122,gaussian_well,functional,inf,0.00014432840797479876,0.004724142068601338,1.4451551132528952e-15,0.9999978839202336,0.15197711699875072
c2f3858ff6cc0b1bd435ac9b,gaussian_well,functional,inf,0.0002562064159815998,0.0007738989779162204,1.544347407313541e-15,0.9999977461726558,0.15236187300251913
64a289d28581734df910e387,gaussian_well,functional,inf,0.00018591437411581547,0.0008542936987161589,1.3320200692513247e-15,0.9999978179245186,0.1527573819985264
e0f269bb2ad11ab7428d471c,gaussian_well,functional,inf,0.0003333167117427417,0.003163365601102196,1.7510554874114663e-15,0.9999961493195376,0.15283279399955063
31e3c8def1bbda180fbed784,gaussian_well,functional,inf,0.0003325629598971237,0.0006944209881845287,1.9483653823632204e-15,0.99999764320965,0.15216182500080322
2ca856c1262c34a1c1d651e0,gaussian_well,functional,inf,9.748983539604615e-05,0.001841822402865812,1.780518797282293e-15,0.9999979161509109,0.15235250700061442
39b4c761a846d38d8d0141c1,gaussian_well,functional,inf,0.0006057419941908685,0.004830043976378867,1.1200223557136176e-15,0.9999972554740659,0.15220189100000425
9cfea3a38681f6e74a87da37,gaussian_well,functional,inf,0.00016233991406158546,0.012324647366325889,1.3322676295501878e-15,0.9999997942934765,0.15203434000068228
d304305e37a800b661f2684a,gaussian_well,functional,inf,0.00026054052619955254,0.0010227268068260609,1.2351911329071813e-15,0.9999977393089707,0.15164978699976928
79be9965885bf85cdf0cc710,gaussian_well,functional,inf,0.0003482423712980416,0.0017089053272544685,1.2407090893276505e-15,0.9999975204533427,0.1519068679990596
fafb2a4d903aa7cc951ad0a9,gaussian_well,functional,inf,0.0001542517216147554,0.0005455354612224131,1.1763794237002496e-15,0.9999978764138567,0.15205631799835828
5698b951a154d2c6ea127dad,gaussian_well,functional,inf,0.00022026328834375705,0.010947998103137768,1.8965956782554224e-15,0.9999977229934879,0.15220416100055445
6572d63fcc10f3289cd47788,gaussian_well,functional,inf,0.0005368453951404604,0.00306512005515119,1.5093671906036932e-15,0.999995870560654,0.1524311309985933
5ffca06f333bfe570b705718,gaussian_well,functional,inf,0.0004126587644306063,0.0015928075485377798,9.992007221626409e-16,0.9999972189952161,0.15193796499806922
d6c8b7f5459f3ed1a747617d,gaussian_well,functional,inf,0.0002595595760171905,0.006073259555509902,1.8491948909912237e-15,0.99999764682295,0.15226560000155587
42e5b3dacfa7d0f05e433700,gaussian_well,functional,inf,0.00011024873720604743,0.00024162524306379097,1.8714247885877874e-15,0.9999979244963053,0.15200122499663848
02c2aec487abf77eecba5d4b,gaussian_well,functional,inf,0.0002051818046353085,0.003077977374141123,1.3033615605211235e-15,0.999997294256914,0.15265542999986792
f20486e6c4f532dd221b816e,gaussian_well,functional,inf,0.00013034103359251602,0.0003166602961028676,9.948361191919243e-16,0.9999979128557374,0.15202544199928525
2a5b78c609196edc0caf0391,gaussian_well,functional,inf,0.00023841805260958228,0.008089590285069656,1.6965716172912571e-15,0.9999975280475006,0.1522403650014894
b0435e8a787cf01c96455bb8,gaussian_well,functional,inf,0.0003839413733241883,0.0026394144279815825,1.37871323082343e-15,0.9999952862194654,0.1523470840002119
25434fd531915f0d0eb4657c,gaussian_well,functional,inf,0.0001521931967286595,0.001814492861967223,1.4288933010411166e-15,0.9999978332405801,0.1529104159999406
aa6ac0d7e76120c28d3a94a8,gaussian_well,functional,inf,0.00021638114941298866,0.0019094447320079139,1.1252165224517675e-15,0.9999976449144895,0.1525412070004677
386f353bb226ee55afaa1acf,gaussian_well,functional,inf,0.001074229609604366,0.0033083317822716137,1.2391682443436712e-15,0.9999966888690914,0.1525134479998087
aa2e19e090d4e83735ac3c45,gaussian_well,functional,inf,0.0004347125820979948,0.0018983113421177991,2.4118824588076e-15,0.9999971912940946,0.18231208099678042
3d2bc73e6646f5f3d440e769,gaussian_well,functional,inf,9.54564682962426e-05,0.00027289610291051687,1.2780441995957378e-15,0.9999979319231914,0.1519083990024228
2c8f67857689aacc618a5fe7,gaussian_well,functional,inf,0.000164483909071022,0.0070997066001665405,9.277892745108052e-16,0.9999978243013049,0.15301812100005918
035b46c868a638494c8b4e9e,gaussian_well,functional,inf,0.0006195659419796438,0.0035173666034056883,1.3616371785657924e-15,0.9999963687187076,0.15251885099860374
8cb4dbc34840f11d9f3efd90,gaussian_well,functional,inf,0.00041468004141006766,0.0014565764534081485,1.3322676295501878e-15,0.9999971985721756,0.1523846689997299
0171e9761b1b2c90fe49ed5d,gaussian_well,functional,inf,0.00012537820560340842,0.0003042635386441811,1.5225716058340432e-15,0.9999979190589913,0.1523148759988544
53f02afaedbc712d4db96b32,gaussian_well,functional,inf,0.00010025301770414355,0.0005594618538910854,1.2002448779504998e-15,0.9999979206171998,0.15254783400087035
0b65551992c387e2df5a4a9a,gaussian_well,functional,inf,0.000456054325923798,0.001939806789923636,1.1579650334467836e-15,0.9999970584296984,0.1515471400016395
3928fe0e254eff743ad419cc,gaussian_well,functional,inf,0.0007549844443683453,0.001791052981252699,9.4616611755457e-16,0.999996964457727,0.15169611400051508
3a0c781a4124ab5af7848d87,gaussian_well,functional,inf,0.000184479183354144,0.00151137006145974,1.562583601161049e-15,0.9999977203897112,0.15255896099915844
e679ebd9e8c66a1076975a79,gaussian_well,functional,inf,0.0006710612601592782,0.0027578847783599407,1.6513790990164068e-15,0.9999962360689083,0.15372090700111585
8a8696a7c0fe4695c6996e3f,gaussian_well,functional,inf,0.00017138346945393677,0.0016755436410540825,2.334142857739721e-15,0.9999977053365076,0.15308357200046885
7fb8635c4934376c535425b3,gaussian_well,functional,inf,0.00013515846957942062,0.00047185815849592745,8.87548788760609e-16,0.9999979106020447,0.15165860200067982
cc065725a273c817273c4ba7,gaussian_well,functional,inf,0.00021608740333949205,0.0009404248555235569,1.5769133343321468e-15,0.9999974604684583,0.15299745399897802
c3b8868a873dc24a376784f9,gaussian_well,functional,inf,0.00011572393837287459,0.00018412791640512664,1.5490811636555547e-15,0.9999979205170108,0.15341523499955656
2f85f7660cb9d1305ee1a814,gaussian_well,functional,inf,0.00027798849462522084,0.0026486465491427067,1.4772155411369095e-15,0.9999976490799417,0.15281696099918918
aafe5bdcdc74b502a91e2d18,gaussian_well,functional,inf,0.0005653433709823704,0.0018856403533542292,1.3005035016863502e-15,0.9999967896902574,0.1525379470003827
047dd6eae2fb97da6044397c,gaussian_well,functional,inf,0.00012089364102744484,0.0011897218098091433,1.2075053929614452e-15,0.9999978633464179,0.15292871800193097
672659b5afe4f0100b588db8,gaussian_well,functional,inf,0.000385193830138752,0.00572387967421955,1.3322676295501878e-15,0.9999975661703874,0.15308150700002443
2bd771391cff59a474143e7c,gaussian_well,functional,inf,0.0002982405659800778,0.00742036625439237,1.7705314284185821e-15,0.9999960337360603,0.15350918699914473
1c801e13b3e7bbf5d9b908f9,gaussian_well,functional,inf,0.0001460539282078103,0.0032361334486916003,1.376605690943036e-15,0.9999978742907386,0.15210643899990828
ba61dc2b54acb1abd17ee654,gaussian_well,functional,inf,0.00018167096695948084,0.0005356383757264684,1.6248077031855837e-15,0.9999978251311149,0.1532907590008108
938bb7c20e702554dfb20504,gaussian_well,functional,inf,0.00031221964307075965,0.0015327267445531354,1.1561236599518377e-15,0.9999969698502338,0.15300390099946526
bf705dd4c2195c24da6b8d4d,gaussian_well,functional,inf,0.0006073576844037372,0.001695640189775097,8.714215197035997e-16,0.9999971556934316,0.1527108020018204
f36af244538e90fa0820e50d,gaussian_well,functional,inf,0.00010592685076422975,0.0005681772885362992,2.4944801169130976e-15,0.9999979244340801,0.1530869119997078
30c50e9742306c50d8b3c545,gaussian_well,functional,inf,0.0003370899059046855,0.007712694687830849,1.503223933813655e-15,0.9999976336734521,0.1534141410011216
f77c34172f9c4e6bd66ddb8b,gaussian_well,functional,inf,0.000153312346897675,0.0011798331993233824,2.0973902949959e-15,0.9999978720164392,0.1524371319974307
a870403be5270a67c4495913,gaussian_well,functional,inf,0.0001826060112957754,0.00030949265888899975,1.4687833213243685e-15,0.9999978376869986,0.15296856199711328
fef44b4197f6479c48c5e330,gaussian_well,functional,inf,0.00026447603063525885,0.005754057413885549,1.361164299617387e-15,0.9999970337038723,0.15141355699961423
e585a6d8ee8ff5ed71204a0f,gaussian_well,functional,inf,0.0003507661985154608,0.00858344658552072,1.1549801202162026e-15,0.999997573008184,0.15262662500026636
262499b13297157c0ce8d54e,gaussian_well,functional,inf,0.00044621928980093925,0.0029777826756606026,1.2308783763708055e-15,0.9999974203873934,0.1514581739975256
60fedf1c43dce3e7dc46aeab,gaussian_well,functional,inf,0.0003257945516519723,0.002249919405812069,1.3969200400047377e-15,0.9999968283648065,0.15222191000066232
d9501582f2229fe3d14c151c,gaussian_well,functional,inf,0.000895251571816475,0.0025067811121168068,1.402804809016818e-15,0.9999971332520317,0.15193190300124115
a07a720a9131830ae248d533,gaussian_well,functional,inf,9.901551005398363e-05,0.002276220993975047,2.1567386614728513e-15,0.9999978995792835,0.15178201199887553
eb472eceab55fae41b270be1,gaussian_well,functional,inf,0.0001203201496855655,0.0023189859466424697,1.153041912011168e-15,0.9999979110341883,0.15109403099995689
caa451e24c907c353c300ad4,gaussian_well,functional,inf,0.0004656012239610364,0.002491550862376444,9.397406282387935e-16,0.9999974451105477,0.1515565459994832
14c14606e293e19d9d5065d0,gaussian_well,functional,inf,0.00019978878789157341,0.0017934630229446199,1.3910759065518555e-15,0.9999968705675503,0.15198968799813883
518ddb959a1b05b2b5aaa0d7,gaussian_well,functional,inf,0.0001522169223584811,0.0003049697283377705,1.5512414866737389e-15,0.9999978959347392,0.150991222999437
40313745c579e417409ceccc,gaussian_well,functional,inf,0.0002071882908195816,0.011795069554943579,8.641694747482056e-16,0.9999969345661686,0.15192308300174773
b12f9c80576a70b561157505,gaussian_well,functional,inf,0.0002613562446128208,0.0005876182405440094,1.5295804701454429e-15,0.9999977416578958,0.15228034499887144
b1845078af5dd9a7ebfe5c88,gaussian_well,functional,inf,0.00012341683564366272,0.0005450724289673126,1.6025772154128186e-15,0.9999979150153387,0.15215961200010497
cbf82c943f037a08aa676e05,gaussian_well,functional,inf,0.0002918752772161379,0.006023333304555306,1.0703087308080476e-15,0.9999976530671061,0.15176185599921155
cabb0d3866c2914f1dee05bc,gaussian_well,functional,inf,0.00014864878771529602,0.00677364621701094,1.8995188323499488e-15,0.9999978406407082,0.15154592899853014
6e449ffabcd2b81359ffdf94,gaussian_well,functional,inf,0.00020758909017820236,0.0016769251885378044,1.1435211129031603e-15,0.9999977745655046,0.1510791109976708
5255a171d3aef763f6cc385f,gaussian_well,functional,inf,0.00019446001236206223,0.001564336061061497,9.04864674720042e-16,0.9999967832231328,0.1509851759983576
fc79b052e2b9f7b60e22fe82,gaussian_well,functional,inf,9.938005554874894e-05,0.00023306792641213719,1.2642665829465132e-15,0.9999979316225323,0.15119728599893278
d563c99e57711784ab02661b,gaussian_well,functional,inf,0.00029648177227104423,0.00146952756943388,9.992007221626409e-16,0.9999971506146366,0.1519883610017132
de0393aaf992402f6328a392,gaussian_well,functional,inf,0.0008224713541844596,0.0021992274288731156,1.905566010172389e-15,0.9999969070219106,0.151036639999802
dcbf254f4e196a9d6f4778f9,gaussian_well,functional,inf,0.000203860643255266,0.004507736143819594,1.2992653532589062e-15,0.9999977205909147,0.1533458209996752
7c38582515ccdda2f5aeee3e,gaussian_well,functional,inf,0.00012342908505059486,0.0017240908286428659,1.588186518021462e-15,0.9999978738199169,0.15187601200159406
78d0542a5c36819c99f1aa6e,gaussian_well,functional,inf,0.0007003212738456203,0.00294636473988371,9.819307132175053e-16,0.99999593207792,0.15189621499666828
887dbda087f48e96e33850ea,gaussian_well,functional,inf,0.00032920295280103264,0.002021461352829212,1.3485228026914926e-15,0.9999974249286483,0.15171677000034833
6ce2e19bed7285fe58fbdc16,gaussian_well,functional,inf,0.000174811875556088,0.0007146732998516902,1.6139774245345357e-15,0.9999978721016298,0.15168142800030182
325af17105b5da7f958e5eca,gaussian_well,functional,inf,0.0003742272971419883,0.001566154213859739,1.0943118283483397e-15,0.9999973024836698,0.15151374799825135
1a098e11e8a638132d994723,gaussian_well,functional,inf,0.00010841314495479636,0.0003737423274897678,1.2220868715283534e-15,0.9999979231736416,0.15182820500194794
6b2eee7323572cae523efbbf,gaussian_well,functional,inf,0.0002475187629488114,0.002596875180442349,1.3898629679327106e-15,0.9999975131817436,0.1522706100004143
c8b6210df6459e6632865f94,gaussian_well,functional,inf,0.0006239662397835226,0.0060224546576450625,1.7060715913778298e-15,0.9999970376040009,0.1514922860005754
e1dbc537c6cdc54b22105047,gaussian_well,functional,inf,0.0003373431338260834,0.002838469323374005,1.4621315878730832e-15,0.9999960811992922,0.15268396200190182
9a263b4cdef4575eb175bf4f,gaussian_well,functional,inf,0.0002778159662481069,0.0018941905441773586,1.558150619696803e-15,0.9999977175839702,0.15225368900064495
5a5ced60726b983e0c9145d7,gaussian_well,functional,inf,0.00013155220714983505,0.0002496791141914417,1.265457211056297e-15,0.9999979156755024,0.15216376099851914
67eeeb9d327e133a93c882af,gaussian_well,functional,inf,0.00024131353836825197,0.0010827663884266352,1.6786889571499858e-15,0.9999975599174536,0.15160343800016562
e9a724edd88f3dc374cc2e41,gaussian_well,functional,inf,0.00014590959586403173,0.000558006342951625,1.995069350481398e-15,0.9999979015107949,0.15141913000115892
8029cfbe5f774f8734d1d7e8,gaussian_well,functional,inf,0.0004242768673397473,0.001930323809425606,1.2411812689350054e-15,0.9999974102918325,0.1512749180001265
39db11b8ce3c4e1eda5bf713,gaussian_well,functional,inf,0.0011418088811846806,0.004518976792994786,1.3545287016861276e-15,0.999996237240449,0.15282490599929588
b51d120901e312323f471a4f,gaussian_well,functional,inf,0.00014993694807918876,0.0027387330535908914,1.687735849376105e-15,0.9999978205041541,0.15137452199996915
af13bf1535086a89e3b0004c,gaussian_well,functional,inf,0.0006189471867532249,0.002333140702251607,1.674650656458885e-15,0.9999968065640532,0.15409088100204826
eed174b069bea487c2a56b22,gaussian_well,functional,inf,0.00010878577219168104,0.00026214323846250023,1.458139320998144e-15,0.9999979249079813,0.15255965200049104
ec21e53f04a7945be3bb90ac,gaussian_well,functional,inf,0.0002098951565878307,0.0020784101954100733,1.3743005597994086e-15,0.9999975504105227,0.1536170029976347
dbf848b364282b9f2ff1a86c,gaussian_well,functional,inf,0.00012160113887000309,0.000274852518256989,1.1104384133706033e-15,0.9999979157914487,0.15255981700101984
b88d4d82bdf0d7c8555fcf3c,gaussian_well,functional,inf,0.00034653749764635236,0.0018306386249544895,9.101901590213043e-16,0.999996472078263,0.15179560699834838
2b8454960e5ef2dc4ab42205,gaussian_barrier,functional,inf,1.2632102547343679e-05,9.842890300953406e-05,1.7410403304423835e-15,0.999997999440148,0.1558214090000547
93471e5319e464ee22746423,gaussian_barrier,functional,inf,0.00017764285105716066,0.00011243286425205147,1.1499353589886542e-15,0.9999981056815237,0.15381147600055556
14c5ea0be9b54e81367cf4a9,gaussian_barrier,functional,inf,9.83893446599061e-06,0.00010218186599148351,1.6030824308498773e-15,0.9999979726087205,0.15473525199922733
8c0619156910f432b37313e6,gaussian_barrier,functional,inf,1.0566639088181249e-05,0.0001532014388287299,1.0703855253925857e-15,0.9999979512251924,0.15380657900095684
da0cd19e86172d6106c2d8dc,gaussian_barrier,functional,inf,9.780801113496513e-06,0.00014109458478422593,1.4054041535556355e-15,0.999997906853533,0.15347589300290565
dbb236b5824a47e4bf2d4c66,gaussian_barrier,functional,inf,2.200173517639752e-05,9.699501999289578e-05,1.9287422722471415e-15,0.9999980618357317,0.15365910100081237
67310ae55b379c20b2c39036,gaussian_barrier,functional,inf,0.00034934460609181825,0.0001034601986203323,2.0363194234570473e-15,0.9999981654352922,0.1529442570026731
ac84b206768a82a942f61b1e,gaussian_barrier,functional,inf,1.0208269268508904e-05,0.00010963296502394632,1.5611585868857063e-15,0.9999979594204051,0.15310626000064076
6e5eb412928d00c31ddba540,gaussian_barrier,functional,inf,7.348643423887353e-06,0.00010248266467052329,1.89169568494274e-15,0.999997947458633,0.1523983010010852
23443dfceed8bcf71ad15c25,gaussian_barrier,functional,inf,7.005797951224307e-05,0.00012048413720579827,1.1102230246251565e-15,0.9999980801933911,0.15333816900238162
89c8caee5e408ddef46eec0e,gaussian_barrier,functional,inf,2.7792454183490833e-05,0.00026980307344647437,1.2683798979110162e-15,0.9999979381590821,0.15237402300044778
7321d2567a953cc3c34d7836,gaussian_barrier,functional,inf,1.100757134885247e-05,9.554473562825351e-05,1.450494114319585e-15,0.9999980012359222,0.15449381899816217
a6ae40895a2d7275518b5c61,gaussian_barrier,functional,inf,1.1029007429447678e-05,9.950164761620212e-05,1.7199691707823942e-15,0.9999979882252765,0.15324937100012903
ba181bfcff6c1a1a76e441c6,gaussian_barrier,functional,inf,9.762237702269542e-06,0.00013853041790565403,1.7114790845932705e-15,0.9999979084367935,0.15284630000314792
b6145a66da69554f8fa84413,gaussian_barrier,functional,inf,3.749473684804077e-05,9.736206944002344e-05,1.0347134258940218e-15,0.9999981037977496,0.15285772900097072
a5445873d9ddea1c3819a9d2,gaussian_barrier,functional,inf,1.2245654574412943e-05,0.00011391028187029274,9.428489178658269e-16,0.9999978931737753,0.1534447639969585
8f791ab2848300324738f58c,gaussian_barrier,functional,inf,1.2269060807154715e-05,0.00014458442701938444,1.0729034227657084e-15,0.9999979645884757,0.15322297799866647
78cefb6aa41d5a34612e5d94,gaussian_barrier,functional,inf,0.0001845093369894097,0.00011031478099771496,1.534319920421554e-15,0.9999981450218383,0.1535956530024123
eaa48c5b25012413819c2808,gaussian_barrier,functional,inf,2.3164833182221004e-05,9.565764838747652e-05,1.4102640955120916e-15,0.9999980761501142,0.15353145900007803
50b2c1669ac2d32fb6b80c51,gaussian_barrier,functional,inf,9.249601161704837e-06,0.0001277476668077827,8.881784197001252e-16,0.9999979009231477,0.15353575100016315
8c7e75bd8cdc66cd7614b5fd,gaussian_barrier,functional,inf,9.132952663495257e-06,0.0001173336923770308,9.624998203392964e-16,0.9999979210148978,0.15314905199920759
13d7a8ef16b22919016635d8,gaussian_barrier,functional,inf,1.1421933515556626e-05,9.917413643416173e-05,1.1829134874200638e-15,0.99999799863992,0.15341753800021252
eecfad2773efbdee96dbbb78,gaussian_barrier,functional,inf,1.6300584724891617e-05,0.0001305130157948408,1.2284974403751481e-15,0.9999979016122006,0.15317635600149515
2110dec897d5bdc5cda0f94e,gaussian_barrier,functional,inf,1.3832799017088659e-05,9.964077120888288e-05,1.6172470748128614e-15,0.9999980004220054,0.1534295450001082
a4f0e254e2a89be5b4420382,gaussian_barrier,functional,inf,3.60955342040852e-05,0.00011461083101058575,1.6055069358781924e-15,0.9999979865153882,0.15271259200017084
e6a1b088a874f83261a162fe,gaussian_barrier,functional,inf,1.3837162515956921e-05,0.00020209449329757842,1.404500172189021e-15,0.9999979900273092,0.15334579900081735
c7f0f225a8fbe95f1b93563f,gaussian_barrier,functional,inf,1.0510100528037391e-05,0.0001433144579912313,1.5579796953149387e-15,0.9999979027782482,0.15355821299817762
4aa38b4c8cf5eac47085107f,gaussian_barrier,functional,inf,8.940152859688197e-06,9.630830280060116e-05,1.3463908912697884e-15,0.9999979932177352,0.15389500600213069
6c9165206251db6cdd134d0b,gaussian_barrier,functional,inf,1.09902281117259e-05,9.473109062350304e-05,1.0534742292080911e-15,0.9999980042355748,0.15386689000297338
8c83cc053ed78e166742fabd,gaussian_barrier,functional,inf,8.263078811910996e-05,0.00012472718909262279,1.6530969685383813e-15,0.9999980217594728,0.1536317530008091
d4a88078f14b485b31ebaa91,gaussian_barrier,functional,inf,0.0001213858897205931,0.00013183564628856044,1.3939280568129362e-15,0.9999981417484256,0.15448326999830897
db1ca484a2ed33fea81ac67c,gaussian_barrier,functional,inf,9.038859056068145e-06,0.00011039024270302739,1.129982189819454e-15,0.9999979397238627,0.15391801900113933
4478d54413420a9fb99484e5,gaussian_barrier,functional,inf,8.874324027002504e-06,0.00012246211792786059,1.3695158437590265e-15,0.9999979029508196,0.15497425400099019
cca3386e3e2c042b8ac13654,gaussian_barrier,functional,inf,0.0005570812831256807,9.484240012063545e-05,1.2908394143422805e-15,0.9999982728470506,0.15481701600219822
f7305873f40c4d4eca3050fb,gaussian_barrier,functional,inf,1.696264303121134e-05,0.0001109448363887219,1.0259977102864126e-15,0.999997996739247,0.15389031599988812
cd44ef5e6b1353b19486c935,gaussian_barrier,functional,inf,1.1431125905501719e-05,0.00011827405364269188,2.0595491228666814e-15,0.9999979604460624,0.15436089799914043
5d4f50a6c23b5a7fc7d56527,gaussian_barrier,functional,inf,1.3849804852220148e-05,9.833313232120341e-05,1.2276936774432673e-15,0.9999980006828878,0.15452651700252318
fcafe887adbf5b6f143c8b20,gaussian_barrier,functional,inf,1.6692875784797e-05,0.00012601069904651766,1.055525637429894e-15,0.9999978597070903,0.15446921100010513
852b5e4cfdb17ad93f44431c,gaussian_barrier,functional,inf,4.078364864856259e-05,9.75737618972027e-05,1.9032876198043702e-15,0.9999980965009897,0.15441810999982408
054eab1fdddce0c7de8ddb43,gaussian_barrier,functional,inf,9.15392730324885e-06,0.00012462878491421682,1.1063097272260381e-15,0.9999979148740334,0.15438652300144895
1abdabf4ac55e437761ebdcc,gaussian_barrier,functional,inf,9.714461678347898e-06,9.98263604029072e-05,1.325949836036046e-15,0.9999979824348129,0.15335398600291228
f0a5773b795efa3fdbfd9635,gaussian_barrier,functional,inf,4.263000192742289e-05,0.000123976041427189,1.3067107167531323e-15,0.9999980220718433,0.15405958999690483
9f56ce3b4ee081be940b4e2d,gaussian_barrier,functional,inf,1.2869558607971592e-05,0.00010454482777163092,7.771561172376096e-16,0.9999979897237958,0.15375050700095017
9e22bfbe6048254657750b9e,gaussian_barrier,functional,inf,7.4128372802269e-06,0.00011925580819811318,1.679134722508808e-15,0.9999978693198631,0.1538627390000329
81d6c193c8305e5241210d1e,gaussian_barrier,functional,inf,7.94305892106301e-06,0.00010395091722566175,1.2343185315647989e-15,0.9999979374571252,0.15437640299933264
11f4c68bf66577900c73cf6f,gaussian_barrier,functional,inf,1.3803039233404174e-05,0.00019180820789632227,1.868717285419883e-15,0.9999979738486435,0.15465751100055058
b80e4dc2b47ef42fa5b15c12,gaussian_barrier,functional,inf,0.0003464599403552471,0.00014218978218350203,8.881784197001252e-16,0.9999980653920408,0.1539398219974828
154b65a6e77095717d581291,gaussian_barrier,functional,inf,1.0231313241996793e-05,9.302560734433124e-05,1.1102230246251565e-15,0.9999980072473853,0.15404337300060433
9a7bb3634a003806046d1505,gaussian_barrier,functional,inf,1.00840609639615e-05,0.00015288952444308176,1.0793875982338268e-15,0.9999979154648836,0.15469399400171824
6ad9d85e9cf463b3ee5a937d,gaussian_barrier,functional,inf,1.7132254180187475e-05,0.0001089826691615189,1.1868044230996146e-15,0.9999980098624154,0.15419749200009392
53c3894f8920eba9fee289b6,gaussian_barrier,functional,inf,9.222704004965378e-06,0.00011399305090113653,1.3004938242387398e-15,0.9999978817205688,0.15408809799919254
57268e99fdc28afe4c0b58aa,gaussian_barrier,functional,inf,1.2591292563031459e-05,9.700576337448028e-05,1.329994733853822e-15,0.9999979996253717,0.1540287729985721
d040434e831a30e727af6a6b,gaussian_barrier,functional,inf,1.0960849959746186e-05,0.00010711710023684348,1.2030196384080941e-15,0.9999979724817892,0.15374291500120307
0e743579a46946382b5278b9,gaussian_barrier,functional,inf,6.902058593852199e-05,0.00010246262273121721,1.4517058330254204e-15,0.9999980953744677,0.15388822900058585
cb8eaef113fc77cfbb343901,gaussian_barrier,functional,inf,4.014534768667189e-05,9.730817953460975e-05,1.4666913749458549e-15,0.9999981053804138,0.15368532600041362
7ae19b379552815f589deb4b,gaussian_barrier,functional,inf,9.46595258656051e-06,0.00017851774198779062,1.2286420811870079e-15,0.9999978770011052,0.15484217899938812
8887f0af1309a0af309d0a45,gaussian_barrier,functional,inf,1.1250854496305988e-05,0.00010017788267949133,1.0665253588280482e-15,0.9999979878504225,0.15314723600022262
b79972350e6485c151aac4e0,gaussian_barrier,functional,inf,6.0466145988551977e-05,0.00017072043171763695,1.146345487021236e-15,0.9999979325340517,0.15426463200128637
1eba98dfe243e79d3ff22d2a,gaussian_barrier,functional,inf,9.35289817944487e-05,0.00010955066162593905,1.4524040255368338e-15,0.9999981171844939,0.15339889599999879
7e3542fa60a8fe30f28ce807,gaussian_barrier,functional,inf,8.91022645363423e-06,0.00010066827434724507,2.12070497701609e-15,0.9999979718507602,0.15430151599866804
6f53eed7c28bc595f4f7dc72,gaussian_barrier,functional,inf,5.554848380329792e-06,0.00010807779998319301,1.5937100136119247e-15,0.9999978692379812,0.15456969500155537
a858e65885cd836fc59568cf,gaussian_barrier,functional,inf,1.3297566252135145e-05,9.880166877010408e-05,1.4203055885574057e-15,0.9999979981957691,0.1551184790005209
cb7ee3aea5cd7dce2ec7f8d4,gaussian_barrier,functional,inf,3.3806792218972716e-05,0.00027173462270911733,1.64529799692864e-15,0.9999980149763367,0.15455669400034822
17f2587e0fed43c23515f909,gaussian_barrier,functional,inf,1.0231301406088443e-05,9.828120896343105e-05,9.025558265659049e-16,0.9999979890186441,0.15450562000114587
10cc3c24c5e5410f70fb7be1,gaussian_barrier,functional,inf,7.103784078559806e-06,0.00010614278294267777,1.867270458819143e-15,0.9999979202817812,0.1538595179990807
f2600a1eadf568b797b94376,gaussian_barrier,functional,inf,0.00011846941473505029,0.0001067003673616918,8.992465255252745e-16,0.9999981583193691,0.15402299299967126
cd2a92eeaa7ca61ce62bb1bd,gaussian_barrier,functional,inf,4.438587834355836e-05,0.00016261362560001546,1.1586222553405555e-15,0.9999979694890233,0.15372979799940367
2b82da52ae4522849f5f5fa2,gaussian_barrier,functional,inf,1.239442726494461e-05,9.375536484137201e-05,1.5077999397196548e-15,0.9999980074797032,0.1547375340014696
e2aaa21086d0868fe18518fe,gaussian_barrier,functional,inf,8.968407332873932e-06,0.00010120150916741726,1.2958087764963645e-15,0.9999979657629656,0.1542039810010465
5dae7e56ef7f7994b5484bfd,gaussian_barrier,functional,inf,1.2179102442312774e-05,0.00015097301822620632,1.9630030130603504e-15,0.9999979440799702,0.15404659799969522
3657ba0f032863b7ca47cc01,gaussian_barrier,functional,inf,1.2776291845358423e-05,0.00010752451605287416,1.2027599834546884e-15,0.9999979889786971,0.1540750050007773
2244129bc3081f659fc09928,gaussian_barrier,functional,inf,2.6141632826356553e-05,0.00010393203665607804,1.1063932297804985e-15,0.9999979846237297,0.15391409400035627
913b3e3e54a466e79e661cfd,gaussian_barrier,functional,inf,1.1897316161178e-05,9.885089925386209e-05,1.4670397517605667e-15,0.9999979933433644,0.1540862109977752
57593de5f43922a659fd8573,gaussian_barrier,functional,inf,1.4515428830759584e-05,0.00011663499957116677,1.4520736887237935e-15,0.9999979300192249,0.15397496999867144
88e14d20154f3edaecc53ebd,gaussian_barrier,functional,inf,1.3190818474906457e-05,0.00010933265012273922,1.2972237807050992e-15,0.9999979857953383,0.15324288700139732
18b4355b8014239948ef7ce2,gaussian_barrier,functional,inf,1.0707168591415975e-05,0.00012440498425775692,1.416650439057203e-15,0.9999979487738649,0.1537035969995486
f0a7be833c21c8a6834fc1a9,gaussian_barrier,functional,inf,9.855052385761132e-06,0.0001802342549245687,1.3445296559076096e-15,0.999997886325962,0.1539122319991293
d629a7da601934874fec040a,gaussian_barrier,functional,inf,1.4916145259294431e-05,9.433239716251428e-05,1.5840919729561566e-15,0.9999980328180931,0.15470005799943465
282154285fb887c76e50e5f0,gaussian_barrier,functional,inf,0.000366600866879726,0.00010297640383173763,1.6476487931552544e-15,0.9999981091334774,0.15409118199750083
619feb7fefe9731465bcbc30,gaussian_barrier,functional,inf,1.1505143322415182e-05,0.00010783643732103155,1.5909433733930445e-15,0.9999979774636832,0.15491961500083562
62f255d9a52cfd8d0e3d9a00,gaussian_barrier,functional,inf,7.413148886053073e-06,0.00011896331224786696,9.992007221626409e-16,0.9999978740760965,0.15380309199827025
288a71145de545adedcf6507,gaussian_barrier,functional,inf,4.154222209473045e-05,0.0001452476267588449,1.8228238861121464e-15,0.9999980941181769,0.15434934600125416
ea2306f692fdf0430b6a3307,gaussian_barrier,functional,inf,9.311763860408768e-06,0.00012341282962942033,1.3322676295501878e-15,0.9999979233690065,0.15404129200032912
db35a16768b1c2f7a2bc52de,gaussian_barrier,functional,inf,9.18847114163657e-06,9.816892060756082e-05,1.1783199234706478e-15,0.9999979826912704,0.15409911700044177
d74f7cc4c7d904d62ad26594,gaussian_barrier,functional,inf,1.1336828466184875e-05,9.235131576460303e-05,1.3752699859266165e-15,0.9999980127886952,0.15350803099863697
1104b304247548a948d67d96,gaussian_barrier,functional,inf,3.0661170202841956e-05,0.0001438866735131978,1.6310152383346092e-15,0.999997959443887,0.15307477999886032
8e37407e59ae13e6109d2eb3,gaussian_barrier,functional,inf,8.073995856380013e-05,0.00016433519113474734,1.2609516549873457e-15,0.999998129491333,0.15457564799726242
58bbcefda9b28b157568ee2a,gaussian_barrier,functional,inf,7.986842864823349e-06,0.00011212775730372432,1.2589336788522155e-15,0.9999979119099625,0.15357630499784136
301eaac6438af37b299ff62c,gaussian_barrier,functional,inf,1.2027380038995811e-05,0.00011165227506289395,1.2049822990757324e-15,0.9999979778654897,0.15478685199923348
db3796e9719f27f54c68129c,gaussian_barrier,functional,inf,0.0004285471788505195,0.00012006097899143204,1.6906960459101356e-15,0.9999981011615026,0.15424979200179223
a09bf0206cf164379a96bca3,gaussian_barrier,functional,inf,1.8113634786943504e-05,9.343065884313375e-05,1.4984134858476634e-15,0.9999980505510468,0.15415211399886175
eec9e8d65a848303d9fab9ac,gaussian_barrier,functional,inf,7.80983542371578e-06,0.00012337281964579902,1.41425935635191e-15,0.9999978586608483,0.15384628400352085
49c9760cf07dd7627a34b370,gaussian_barrier,functional,inf,1.0819226973361478e-05,0.00011566225918357311,1.5514421463778578e-15,0.9999979556155195,0.15436551699895062
8db159c73d6eb8233f6bf69e,gaussian_barrier,functional,inf,7.95181338658584e-06,0.0001020173329152683,1.1201445050444264e-15,0.999997957206917,0.15274629900159198
ac667f11dfad2e3e24624f5f,gaussian_barrier,functional,inf,0.0001615182128989563,0.00011894961432728092,1.4410476811185468e-15,0.99999812928745,0.1547187899996061
b395f4e5395b68cb1e5d34b0,gaussian_barrier,functional,inf,1.3072113924773784e-05,0.00016271340441910195,1.4832847302588133e-15,0.9999979830248883,0.1537656060027075
f0b46d52c1e0f0bfa7e42b0d,gaussian_barrier,functional,inf,9.597437108193006e-06,9.749358364043745e-05,1.3753889068556019e-15,0.9999979884738098,0.15345792100197286
3b3e75b3b1751cd9c554456e,gaussian_barrier,functional,inf,4.485175813018794e-05,0.00013301646950385372,1.54856123625742e-15,0.9999980715287091,0.15427630499834777
a6364ae3f215d72f9aa8f772,gaussian_barrier,functional,inf,1.3329666973754034e-05,0.00013891257660216566,1.2541027891834176e-15,0.9999979893153319,0.15405683200151543
31ed0085ab262f6677f265e8,gaussian_barrier,functional,inf,7.380263449591338e-06,0.00011226232995270381,1.0107365242591801e-15,0.9999978901164499,0.1548678969993489
2a6d6bf810749ed4435c9707,gaussian_barrier,functional,inf,8.816222239905593e-06,0.00010654679714675466,1.5785540740794408e-15,0.9999979468509195,0.1529390730029263
b51cdcbe6caeb1573b759af4,gaussian_barrier,functional,inf,7.63271164004153e-05,0.00011929929220430112,1.14560039777661e-15,0.9999981229858597,0.15399221899861004
0a9d63dff70f8e075b0204d9,gaussian_barrier,functional,inf,0.0001438582204332315,0.00014118457143441317,1.5045107917206984e-15,0.9999979954649021,0.15290667999943253
9073550164105283d16de163,gaussian_barrier,functional,inf,1.1013487111330882e-05,9.395557530840083e-05,1.243261555931626e-15,0.9999980061527047,0.1537498500001675
7b5a18c34a2b1626a8400301,gaussian_barrier,functional,inf,8.317042645732645e-06,0.0001469511588585588,1.085160623767753e-15,0.9999978034793009,0.1535333219981112
29a9c46433569a5df578b92f,gaussian_barrier,functional,inf,6.271068659483767e-05,9.092647406431141e-05,1.3081577981925808e-15,0.9999981504450396,0.1543253800009552
04972ed14474de3e29434e79,gaussian_barrier,functional,inf,7.092211520047897e-05,0.00010961095731164998,1.1102230246251565e-15,0.999998052367842,0.15329416900203796
801fa5b4a71febb1a2efca4a,gaussian_barrier,functional,inf,1.3072149137116357e-05,0.0001251694248651083,1.4375207329228003e-15,0.999997989144887,0.15311724999992293
f772befa1a537e8c6b491390,gaussian_barrier,functional,inf,1.2242776729593005e-05,0.0001036186936717903,1.320386313084186e-15,0.999997985885459,0.15385085700108903
9f0ec230ef0f9b083c059c0f,gaussian_barrier,functional,inf,9.280551369367505e-06,0.00012098141034775558,1.1746690004747254e-15,0.9999978940833512,0.1528166650023195
0c8404519f865e46c8426139,gaussian_barrier,functional,inf,2.971304986938944e-05,0.00010562384059024493,1.2116325350570747e-15,0.9999980954210654,0.15294064200134017
ad33834c9c0eab1db4d84d7c,gaussian_barrier,functional,inf,9.398321863760325e-06,0.0001115803100846437,1.3592957503267925e-15,0.9999979404881499,0.15277057000275818
4832675b9a5a3846a8aa4568,gaussian_barrier,functional,inf,1.2244069778079406e-05,9.404410557844125e-05,1.2212453270876722e-15,0.9999980043535892,0.15299653799957014
1cf15598e6a99a133620c48a,gaussian_barrier,functional,inf,0.00017047611721217787,0.00027247646220907035,1.3372087202346212e-15,0.9999981575180024,0.15288131499983137
da1dd7eb50a47c77447f7485,gaussian_barrier,functional,inf,1.1489286007412194e-05,0.00010821266337693943,1.4196935059797583e-15,0.9999979766239034,0.1544774870017136
0f480c691fe6b7679c3f7d46,gaussian_barrier,functional,inf,6.889705254699795e-06,0.00010617386035382036,1.4532440909014195e-15,0.9999979167710817,0.15388933900248958
bb27556685ab05cd02b81c28,gaussian_barrier,functional,inf,6.529707408769844e-06,0.00010472428694639409,1.3839644467829058e-15,0.9999978877985745,0.15246215799925267
674c68e9584ddff7945ed06e,gaussian_barrier,functional,inf,1.1384813273316482e-05,0.00010553397285533102,1.6783806409035804e-15,0.9999979781482339,0.15418522500112886
06eada77632388e6b2d505a2,gaussian_barrier,functional,inf,1.6100670201847627e-05,0.00015639471320007695,1.4558170067755103e-15,0.9999979908326924,0.1532749910002167
a0b0dd0bc60a331242af9706,gaussian_barrier,functional,inf,1.1411039958377064e-05,0.00010610432522185953,1.845918841362567e-15,0.9999979741628474,0.153202039997268
bca259d2301b601dc31d1a12,gaussian_barrier,functional,inf,1.1768881644112513e-05,0.00019919972188605574,1.2759240738360528e-15,0.999997942168942,0.15284369100118056
674d607561baec5b31ab5596,gaussian_barrier,functional,inf,1.88169249828704e-05,0.00010593130561299352,1.4832889416667446e-15,0.9999980240418382,0.15324645299915574
232559e1aaf38ddde1a1c60c,gaussian_barrier,functional,inf,1.4351411426487836e-05,0.00011219863960589368,1.4559109077596542e-15,0.9999979126741317,0.1539824130013585
c1f1a03d0a930f2bbe4dd9a4,gaussian_barrier,functional,inf,1.2657214656844789e-05,0.00010000304796710034,1.6455504917862927e-15,0.9999979945082605,0.15306220699858386
4e9d0da0219b702d53ba2f8d,gaussian_barrier,functional,inf,1.0963148827033774e-05,0.00010269031417173665,1.1888645582431327e-15,0.9999979808392881,0.15254451900182175
d88e0b90139a6e2502ada100,gaussian_barrier,functional,inf,1.5237907537802668e-05,0.00010858370297687211,1.470911092659336e-15,0.9999979588587811,0.15341952800008585
5bc7a26e23402c89bb719424,gaussian_barrier,functional,inf,0.0003967046356323646,9.433529896110721e-05,1.1102230246251565e-15,0.999998249390711,0.1533625190022576
76d1c9a10eefba68b39f3f9b,gaussian_barrier,functional,inf,9.025985586512945e-06,0.00014911622567085795,1.4111259285428868e-15,0.9999978766082463,0.15408610099984799
e1119b1bd7959ed1c9eba23b,localized_defect,functional,inf,3.0148014917566877e-05,0.00920178448500649,1.4516383741037455e-15,0.9999976105184208,0.15467410500059486
43e201503e7666068ed6213c,localized_defect,functional,inf,3.0868322584001154e-05,0.0013198983495536307,1.3853025240075153e-15,0.999997092569637,0.15436064200184774
28855a5d3a96a8718654d4c6,localized_defect,functional,inf,1.8995790165373016e-05,0.0031944193566083327,9.992007221626409e-16,0.9999979615775162,0.1528749719982443
09af7fc6e324843b02535c00,localized_defect,functional,inf,3.640842513052299e-05,0.000529700495475628,1.9108390468130843e-15,0.9999980136070504,0.15310529099951964
0f6eb42a9629f10acc842973,localized_defect,functional,inf,9.916170242327393e-05,0.000899252020729997,9.445715653037682e-16,0.9999978838640018,0.15237480900032097
e14b1c973029a440395afc09,localized_defect,functional,inf,2.1101740980915816e-05,0.005753468975874582,1.1050628273448665e-15,0.9999979637617967,0.1534470840015274
c7d68448e61ca8bc37b3fe01,localized_defect,functional,inf,1.4790650521538503e-05,0.0006249805306196357,1.4523705076749053e-15,0.9999979843775133,0.15249828399828402
39ac0ae5c30cdee0c89c51a5,localized_defect,functional,inf,1.9558260996998697e-05,0.00018835948152345097,1.3565876433800819e-15,0.9999980196072794,0.1521277120009472
1cd8158ca98671ef127c8de0,localized_defect,functional,inf,1.5955146389454316e-05,0.0009851410961602633,1.4309063668609985e-15,0.9999980014850531,0.15325788599875523
18f884ea0db1887c268614f0,localized_defect,functional,inf,1.9095259248692866e-05,0.000703810586395662,1.5662067874929082e-15,0.9999979767135434,0.15388915600124164
0887b6a0784e3e17a643401e,localized_defect,functional,inf,6.2541155119050285e-06,0.0008182197963569802,1.4861549543432457e-15,0.9999976391197686,0.1529830419967766
eb0f368bf04a69bbdccb4786,localized_defect,functional,inf,6.71170609249479e-05,0.005936628616159147,1.3125893394400606e-15,0.9999980168679587,0.15338154399796622
5548ce852a15dda4f09109f4,localized_defect,functional,inf,6.13199832499982e-05,0.012776471077609344,1.368147681738855e-15,0.999998113129052,0.15275951500007068
9e65445f3b1b15d26583c399,localized_defect,functional,inf,1.2050158435979004e-05,0.0006961563937930074,1.3402446833578186e-15,0.9999980356378776,0.15339791199949104
da93b664b6d9fc82b9722a72,localized_defect,functional,inf,3.366166754746196e-05,0.013365826330908808,1.2212011693834452e-15,0.9999976299989468,0.15338611099650734
732c316a63d980cd409c725b,localized_defect,functional,inf,1.0219148000307886e-05,0.0013895486025910064,1.4598721450606391e-15,0.9999973780970786,0.15348227299909922
e9d93277212fe20c095c6faa,localized_defect,functional,inf,1.9787839808616602e-05,0.0009607979103444627,1.603115617801342e-15,0.9999979607274787,0.15422454399958951
f613da04733f81fdcf643976,localized_defect,functional,inf,1.6439018606504625e-05,0.000520773568359467,1.2962489377177953e-15,0.9999980045732535,0.1562587500011432
c99ab9517245f5a742fbf4c0,localized_defect,functional,inf,2.121564868942255e-05,0.003914026506673546,1.1860799291636147e-15,0.9999978936341135,0.15436839999892982
ae8c079fbd03620273bed8da,localized_defect,functional,inf,5.4572765584342854e-05,0.0005842088893472521,1.5656370393632596e-15,0.9999977714027293,0.15447328599839238
b4227e57009d103fc3f8c25f,localized_defect,functional,inf,0.000145460877821845,0.00042743982027136466,1.1102230246251565e-15,0.9999979930742093,0.1532743810021202
8c95333897b3284d3da4f087,localized_defect,functional,inf,1.9833963519095254e-05,0.003412418279405048,1.093367305341656e-15,0.9999979508286898,0.15413685299790814
414a185f9fc829c25e262ff0,localized_defect,functional,inf,9.923584134725483e-06,0.003062584250776755,1.0465640552557211e-15,0.9999980735668036,0.15404584799762233
85e302344a260b4e2f103e55,localized_defect,functional,inf,3.247810023936079e-05,0.007062868962700899,1.2212453270876722e-15,0.9999997836725235,0.15346115000284044
6a2316cf0ba89a553da9f475,localized_defect,functional,inf,4.1883834491954656e-05,0.002536949107660118,1.5589510111255022e-15,0.999997866665767,0.15343578399915714
0e16aa23aa1ffc156edf6b60,localized_defect,functional,inf,2.677117636718064e-05,0.006367338746014545,1.1516169491787084e-15,0.9999977694234525,0.15394773599837208
ac0bf28cecaee0458d2b535e,localized_defect,functional,inf,1.3087612815261517e-05,0.0003038893179299714,1.8717247184230113e-15,0.9999979588749802,0.15305805699972552
bac5632a4af48b1841d31bf9,localized_defect,functional,inf,2.010416843299366e-05,0.004114642800051575,1.630524010928029e-15,0.9999979040887248,0.15402556600020034
0b6aeee6d88fa7b265c7e3ba,localized_defect,functional,inf,2.333154132551298e-05,0.010288733361096895,1.6142085218847766e-15,0.9999977922358378,0.15267917399978614
6245bccdbf00799ca89a1193,localized_defect,functional,inf,1.0091314641116256e-05,0.0003612495694191764,1.672379791918216e-15,0.9999977616702351,0.15364155899806065
ac4dc17928f88aac237145ed,localized_defect,functional,inf,1.7726978453205295e-05,0.009843648358331448,1.1918524425037753e-15,0.9999979961180367,0.1535188379966712
2f9c8a826a1825569a06b997,localized_defect,functional,inf,2.1787094108790988e-05,0.0017103866944191575,1.3571688949531442e-15,0.9999980228423461,0.15322849999938626
574d6852a884c3f91857103b,localized_defect,functional,inf,9.145583521624852e-06,0.000636598713512823,1.3809134613834488e-15,0.9999976226501143,0.15241287499884493
99581647faca05910946e0ec,localized_defect,functional,inf,2.1363318261051067e-05,0.002566011975285581,1.1513736255574073e-15,0.9999978901051412,0.15234145199792692
7e614cdfe09c4c8dadfd15f3,localized_defect,functional,inf,1.6390709922987235e-05,0.0014648196638609985,1.7310224030729491e-15,0.9999980073474389,0.1539204830005474
fd6862c49398a2a0cd27f6db,localized_defect,functional,inf,5.866245330875003e-05,0.0016613242877610136,1.4273467258947454e-15,0.9999981091962534,0.15376981499866815
7a09398ce1f7edcae9ed2990,localized_defect,functional,inf,4.540383107305429e-05,0.003920936509714266,1.1565947482581833e-15,0.9999976832425619,0.15253488899907097
5375283c889864205954f762,localized_defect,functional,inf,1.262047233590471e-05,0.0019597939050848717,1.230491213045208e-15,0.9999976954090399,0.152987989000394
debef3dbd67fec8422397889,localized_defect,functional,inf,1.876926791044582e-05,0.005085348775196052,1.446368212727501e-15,0.999997965456772,0.15292267599943443
7c19a64fb29ac2d64ab0d8b4,localized_defect,functional,inf,1.2078314481273398e-05,0.0005388854713752055,1.705990486466516e-15,0.9999979801657001,0.1541526299988618
acc27cc6baebd3abd4e120c8,localized_defect,functional,inf,2.0740244112947743e-05,0.0028273572960598116,1.3940611490781279e-15,0.9999979279665017,0.15323055900080362
3c86f9458800be9c75f577aa,localized_defect,functional,inf,1.140576214012482e-05,0.0002131413060879802,1.0950916651663178e-15,0.9999979465261982,0.1535525619983673
ce212a8eaa70aecf2323d0af,localized_defect,functional,inf,2.9640434552091065e-05,0.0029281450376897216,1.3322676295501878e-15,0.9999997989957569,0.15263156200308003
995edaa20cb770e7ef50e3f0,localized_defect,functional,inf,1.4294792432079918e-05,0.0041282430091984105,1.743574413427966e-15,0.9999977762701978,0.15433633000066038
53acdb0495f0668932481fb5,localized_defect,functional,inf,1.4440015253183237e-05,0.0012632146643951207,1.2035064032608957e-15,0.9999979315870655,0.1529501609984436
a3a4522373a0b592762e8819,localized_defect,functional,inf,1.7114937540204816e-05,0.00015706128302277666,1.2382175913636568e-15,0.9999979934616312,0.15285316099834745
4075c3f856364a80c5139e81,localized_defect,functional,inf,4.504091963405154e-05,0.0006225431331720254,1.4418506730571336e-15,0.9999976687673857,0.1598598930031585
48225cf784d93abb4cbbd4cc,localized_defect,functional,inf,2.2130679353827628e-05,0.004802116320469316,1.4060123564019823e-15,0.9999978670083273,0.1564235740006552
8110bef093fef5790678507e,localized_defect,functional,inf,2.0136646696702758e-05,0.0006681287950830251,1.454812935001808e-15,0.9999979549844594,0.1543714830004319
b2cfb367c94a99c04ce1e930,localized_defect,functional,inf,2.3927125600149323e-05,0.004609504847238303,1.3322676295501878e-15,0.999999815303423,0.15416860500045004
9fb7b6e0eec1d5d1fa101b2e,localized_defect,functional,inf,9.827903439358823e-06,0.001508821970302404,1.5345419030837018e-15,0.9999974052642161,0.15367297099874122
d9911e7dd3e18dfe9c334673,localized_defect,functional,inf,3.1514626305080386e-05,0.00524794818468673,1.2538885732951176e-15,0.9999976582490162,0.15316020799946273
e9bacae8da4cd9350e6e4c71,localized_defect,functional,inf,1.843041335987794e-05,0.0011586892359320082,1.1591767823418738e-15,0.9999979864319186,0.15333619699958945
aa170a62213669189d59acda,localized_defect,functional,inf,1.5288600966604067e-05,0.0007467332527701584,1.3443958999118664e-15,0.9999980050455572,0.15268914899934316
f65a0c416e33d51cecff5fac,localized_defect,functional,inf,2.1605480212223912e-05,0.004295533531712804,1.654616999536118e-15,0.9999978541155069,0.17379028900177218
e5d9723950918bf846ec0852,localized_defect,functional,inf,4.819900104532564e-05,0.0007984865194096383,1.126427478763e-15,0.9999980721498684,0.15259347399842227
289ba44d8179ac4ac4df7f4b,localized_defect,functional,inf,2.1008846238140542e-05,0.007602457325040746,1.3006275902024537e-15,0.9999979754262236,0.16343094500189181
aae5347de53522aa92f8f4f4,localized_defect,functional,inf,1.1183114606642928e-05,0.0008225691814962527,1.2123533104756605e-15,0.9999976939844915,0.15378009300184203
91389e76d89cf27377a78596,localized_defect,functional,inf,2.0013232658416353e-05,0.002478525392969773,1.2212453270876722e-15,0.9999979514615125,0.15333992700107046
61e7d9f39fc5f9c07493389d,localized_defect,functional,inf,9.407574875045305e-05,8.565407997489647e-05,1.150284590615565e-15,0.9999981667968866,0.15387440400081687
ee74c0dfd1838de92791c9e0,localized_defect,functional,inf,0.00012655447494515376,0.0021616331364115757,1.148650459421661e-15,0.9999979540016306,0.15318472699800623
2233c5ff617613946d7656a1,localized_defect,functional,inf,3.0209565080237057e-05,0.0035469196134050563,1.2553570807848682e-15,0.9999976761472156,0.15310385600241716
d6906f490c14aa1441202cb2,localized_defect,functional,inf,1.1675102725811402e-05,0.0004828879483170729,1.0052219081849484e-15,0.9999979578541541,0.1531884739997622
e30390f189ba5975d77451ac,localized_defect,functional,inf,1.8644304059626025e-05,0.005591893031582269,1.3380320603445253e-15,0.9999979791047453,0.1531809219995921
60ea9679b16b9308a890a5b0,localized_defect,functional,inf,1.14934156582295e-05,0.0010502664261317276,1.8542791345508983e-15,0.9999979697515273,0.15299588500056416
c80dcda9ad6a1ac900a98ac5,localized_defect,functional,inf,2.133283610953298e-05,0.0018241690534878494,1.6160181824144233e-15,0.9999979383611414,0.15410180400067475
7efeb5332dbc62e670cd8277,localized_defect,functional,inf,7.030386116844906e-06,0.0012033391619162548,9.925379169534836e-16,0.9999976914921431,0.1540150069995434
d3e7f45df03c7c93c9b35787,localized_defect,functional,inf,3.710214873360901e-05,0.008086411238723683,1.1628937704321502e-15,0.999997956235702,0.1543831350027176
d49eaa27273dcb9d0efc2ada,localized_defect,functional,inf,5.405410551186849e-05,0.012512848715600119,8.724841762166412e-16,0.9999981074289221,0.15407718399728765
9f7801fa12e81b22c3ae5eff,localized_defect,functional,inf,1.4981868009163411e-05,0.0001660419518129072,1.153970233248526e-15,0.9999980014062283,0.154309262001334
93146cb2c90acc71f9a5ee00,localized_defect,functional,inf,2.4506827705209465e-05,0.004466684549202398,2.2709341246704116e-15,0.9999978574841736,0.15358151799955522
a0be42dc352613910c0b2001,localized_defect,functional,inf,2.6973717951565163e-05,0.0017161135939582578,1.3519682848641992e-15,0.9999977365395495,0.1535535910006729
14075c54d33ef434671315ab,localized_defect,functional,inf,2.8147204596694563e-05,0.0022150842305865186,1.2955391771964158e-15,0.9999977706793141,0.15475679399969522
eb0e1735c38f2ac0987a7d15,localized_defect,functional,inf,1.3917934256322694e-05,0.0009069146459435559,1.158694389341443e-15,0.9999979099012705,0.15272542500315467
3ec35f8cf0942d81fd8e62e4,localized_defect,functional,inf,1.688720300672729e-05,0.0003815376859315508,1.5668096707515233e-15,0.9999980034645262,0.1532778180007881
0f4826fbae49a8ece240bb0a,localized_defect,functional,inf,1.3731468104751982e-05,0.000515275821555969,1.095914700343429e-15,0.9999979895779717,0.1529464769992046
5e3da7cf9e32a99dc0aa6884,localized_defect,functional,inf,5.8845342596823174e-05,0.0011831200855886568,1.3996199011949879e-15,0.9999971232199865,0.15266575799978455
903b5e92f675ce7b26f592ca,localized_defect,functional,inf,2.2052627623267676e-05,0.0045390694489179755,1.3322676295501878e-15,0.9999978725357599,0.15339421899989247
1c50c918d5b769a870f7b62c,localized_defect,functional,inf,1.651824621168537e-05,0.0006878118573708745,1.1111506012458407e-15,0.9999980917871051,0.15314111299812794
51ae34033d3654a77ff53b6c,localized_defect,functional,inf,2.2722722094500707e-05,0.001455328262021038,1.0188098358742493e-15,0.999997873232089,0.15402550699946005
6574c505410d9e0fc8642f77,localized_defect,functional,inf,1.6687308580909148e-05,0.0038869594289676563,1.2652192120391595e-15,0.9999979814266945,0.15377974700095365
6118899faacc1412a3ad5bfb,localized_defect,functional,inf,2.84195937411012e-05,0.0038358341130675555,2.1449179283196952e-15,0.9999998008256038,0.1532137430003786
7cdbe0ce87c12ada330af758,localized_defect,functional,inf,1.4567122771620286e-05,0.00018526059460906313,1.378737890615278e-15,0.9999980035507922,0.15354947000014363
7c1534f68ba4fd991c475104,localized_defect,functional,inf,1.72817737111132e-05,0.00140847274468499,1.5866125763617959e-15,0.9999979943717243,0.15302138900005957
3942d3847b1a43c8e15baa0e,localized_defect,functional,inf,2.485287856699252e-05,0.008326174158691172,1.3008631678587781e-15,0.9999977754513089,0.15370087400151533
148d8a1009c99decf18c695d,localized_defect,functional,inf,7.4395598231185486e-06,0.0007206730675078274,1.6593410698330735e-15,0.999996935182304,0.15258959499988123
e53f6b0267d43c2743a78670,localized_defect,functional,inf,2.229130958633192e-05,0.0064835432891073705,8.410628788170216e-16,0.9999979027136549,0.1528189470009238
a439b22bb3da5bb2a110b9a5,localized_defect,functional,inf,1.4738199747339037e-05,0.0015655067740649635,1.2081234944663385e-15,0.99999801006337,0.1541278760014393
43251ee60db67310065e9ec2,localized_defect,functional,inf,2.0653887601885248e-05,0.002104097418718828,1.2383463932107226e-15,0.9999978961012727,0.1538408790001995
2c5e2e2abf8c8ce019dc97a0,localized_defect,functional,inf,1.1611217243316023e-05,0.0019140428071653386,1.4171623475108945e-15,0.9999978690864603,0.15430182699856232
72799854213d34e016496e52,localized_defect,functional,inf,2.979994763131706e-05,0.009064881375435308,1.519663612818283e-15,0.9999997964917521,0.15331836199766258
c162dba281194a1a268c4523,localized_defect,functional,inf,0.0016202092999668565,0.0007277512308288569,1.2302156708877325e-15,0.9999977387824797,0.1535945149989857
692750f2854eaa952c0f0a8f,localized_defect,functional,inf,4.565531863056572e-05,0.00020618432540106324,1.4030181929276837e-15,0.9999981119016866,0.1528398129994457
2f00d6afcc137fe6d6837440,localized_defect,functional,inf,1.799012537761859e-05,0.0035848667236408407,1.266192702311209e-15,0.9999979836714247,0.1539312280001468
d0042c0cd8d9836d6590a785,localized_defect,functional,inf,7.562619771630951e-06,0.0027918632098492724,1.7661150236114026e-15,0.9999978534578842,0.1547445690011955
c9b99efb7045a6236a7fcee0,localized_defect,functional,inf,2.8315427167009277e-05,0.008276788689315672,1.5543122344752192e-15,0.9999998015340902,0.15408485099760583
041ac81f1f4fd416d8a8e05e,localized_defect,functional,inf,1.6899038377345703e-05,0.0005023914851472551,1.4498151365401583e-15,0.9999979970802217,0.15384158699816908
d0fbd2dd58fe8bf544aed8e9,localized_defect,functional,inf,1.3614694800367783e-05,0.0002584759367684147,1.2780837233430093e-15,0.9999979834047835,0.15242691499952343
751e0b31b39622b1b623d028,localized_defect,functional,inf,3.011356414822977e-05,0.003255434384330547,1.0968799196102075e-15,0.9999997974666932,0.15365765300157364
e267b76d4694feabb2b74e4b,localized_defect,functional,inf,6.535742529824649e-06,0.0019125755146675966,1.6380682044298332e-15,0.9999977069869421,0.15372097900035442
9e1285dc45cd39a162cb84b5,localized_defect,functional,inf,1.315377958225413e-05,0.0034465834795798017,1.3699402809032547e-15,0.9999979424237061,0.1539714409991575
7c74c0c21ee49ee057d1d99e,localized_defect,functional,inf,2.0790718980642196e-05,0.002192733950268133,8.887997449395328e-16,0.9999979214841406,0.15343837500040536
d16dd8356e90adb9e402aee5,localized_defect,functional,inf,9.134744579065807e-06,0.0005143436513316138,9.959694023853848e-16,0.9999971683314584,0.15379633900010958
97777a055c4bfc990d2be6bc,localized_defect,functional,inf,2.776210566368733e-05,0.005799061125334168,1.3322676295501878e-15,0.9999998000195396,0.15302711199910846
b715f0581239971b3dce12b4,localized_defect,functional,inf,2.825525292967528e-05,0.0008962638840638124,1.166118810343457e-15,0.9999973386910198,0.15294863000235637
9bda07aee9406150126c2d6d,localized_defect,functional,inf,2.336528016189465e-05,0.007633851750343896,1.2911537717526965e-15,0.9999977799465647,0.15362619400184485
c4946481c23720f0d546dc6c,localized_defect,functional,inf,1.2156786786149527e-05,0.0018327607990012045,1.3661036300587875e-15,0.9999979093817684,0.153804247998778
499b302a9caf8edfa4f067b8,localized_defect,functional,inf,2.5115959480530305e-05,0.0014663871866796032,1.7283075507674287e-15,0.999997984309135,0.15342488899841555
13ee24eeca3cc87f9a20176d,localized_defect,functional,inf,2.2913764664229365e-05,0.00992200114725232,1.6416605231681197e-15,0.9999978746919324,0.15241888300079154
e57bb2716e3981fe3bb2f507,localized_defect,functional,inf,1.4934660274495355e-05,0.0026558708939659463,1.33602366070829e-15,0.9999978747068236,0.15308752699638717
1f9a01a435282e41752d7652,localized_defect,functional,inf,1.774055588197996e-05,0.006804181322043178,1.3992694316470655e-15,0.9999979843276025,0.1534164540025813
76acbc29a1958cc399355c66,localized_defect,functional,inf,1.5135268195077442e-05,0.00011443230656728099,1.386843149003457e-15,0.9999980050916945,0.15300870800274424
94f6c1a7c0c33b0532ecb5c3,localized_defect,functional,inf,2.2437758915453727e-05,0.008844246794448596,1.8893440996885136e-15,0.9999977922637409,0.15273675700154854
a59b8119246b65d69d94a51e,localized_defect,functional,inf,7.963659953906646e-06,0.000635247762404681,1.4142414412564318e-15,0.9999975667320649,0.15266696799881174
e1c189a0e47656b60dfd8e27,localized_defect,functional,inf,2.1121286180595294e-05,0.001912165205048397,1.6878928593974564e-15,0.9999979402024974,0.15358147799997823
8bd855c1c671bae3aaa855db,localized_defect,functional,inf,5.305331462460064e-05,0.001364776717326182,1.1504503412537125e-15,0.9999980788907513,0.15442710500065004
2ae436982508b74d0836d7c0,localized_defect,functional,inf,0.00017070410879198566,0.0012715616560923927,9.731510988503317e-16,0.9999980164453159,0.1529241659991385
b5a87e504eed255c677b49ca,localized_defect,functional,inf,2.6276901389102997e-05,0.004335072547813954,1.3775906655838141e-15,0.9999977621860235,0.1531479910008784
797c6bc6bf5e2ff3b242d502,localized_defect,functional,inf,1.6487640932330047e-05,0.00011335480588235628,1.1102230246251565e-15,0.9999980031578556,0.15356495099695167
15d7132c6152fc48b9239708,localized_defect,functional,inf,1.9540081683219697e-05,0.010247981310675643,1.6575734641661206e-15,0.999999809072089,0.15395220199934556
4c90e0af239063e30127c60d,localized_defect,functional,inf,1.6556499368542216e-05,0.0004551957740752313,2.265301179248414e-15,0.9999980248035091,0.15341416399678565
9466d70921b33554223e378e,localized_defect,functional,inf,1.730240529078885e-05,0.003360757627203878,2.2106987953793053e-15,0.9999979954519236,0.1534075009985827
73186d6f074b7e7804836e17,localized_defect,functional,inf,1.4671714898069802e-05,0.00135612301061666,1.6231643194794356e-15,0.9999978871367559,0.15298486100073205
12a75e3959dfb777dea765ec,localized_defect,functional,inf,2.824527767621113e-05,0.004348105593184288,1.7696878903655575e-15,0.9999977431028348,0.15297533499688143
9c9545bae33cba58c9fc2bbe,localized_defect,functional,inf,2.4889241897488556e-05,0.0053842766622867536,2.283272771194695e-15,0.9999978424931273,0.15361270300127217
57b9f50206dc050067051fa6,localized_defect,functional,inf,1.373855076676501e-05,0.0005774427801347955,1.6270221512915134e-15,0.9999979792730637,0.15306324500124902
0851ee4c68d151a5c302bcb9,localized_defect,functional,inf,1.986739322110982e-05,0.006616644302327273,1.740635238603634e-15,0.99999785659743,0.15360792199862772
85e1cc83cf87cf7173273ba8,localized_defect,functional,inf,2.1161104955262522e-05,0.0014076214871302645,1.221676968120327e-15,0.9999972907711634,0.15359085599993705
cc9e1528709faf771cc46f07,harmonic_compact,functional,inf,1.6880127788635255e-05,8.815188499173269e-05,1.2114259766158253e-15,0.9999980012458503,0.17843671399896266
2b7b19457edea386e4683870,harmonic_compact,functional,inf,0.0004942581262759888,0.0013328376045771775,1.3542394590611725e-15,0.9999981336591786,0.17778553000243846
47046133e52c50e71b7051e0,harmonic_compact,functional,inf,2.4629563381317537e-05,0.004887926214854804,1.191464989692419e-15,0.9999978582062106,0.1778477119987656
0ae6b6e71187d787ed15db59,harmonic_compact,functional,inf,1.287454066711745e-05,0.00014381645079297387,1.8647507179916304e-15,0.9999979902779429,0.17687841500082868
6fad52c79ac7b1a186abc553,harmonic_compact,functional,inf,1.02116024927079e-05,0.0004716105972458124,1.5484530958563673e-15,0.9999978269965185,0.17664372400031425
ac133e1985bbcb17b985cdf9,harmonic_compact,functional,inf,2.0211979562058543e-05,0.0012084482777769481,2.212513735910106e-15,0.999997961897704,0.17651521500010858
818359b2358e40bef9ef2e19,harmonic_compact,functional,inf,1.653337908347923e-05,0.00039463920760507567,1.018058829159064e-15,0.9999980038832734,0.17673266400015564
5ee566080191f35613ea8321,harmonic_compact,functional,inf,4.150652342847096e-05,0.005730062948656047,1.9984014443252818e-15,0.99999979313669,0.17771713100228226
60d4f1b25b05414e3750cab2,harmonic_compact,functional,inf,1.4553798965177923e-05,0.0004275947954494497,1.3094321206960444e-15,0.999997992426513,0.17583330699926591
8c616eededf32b04987ed4d5,harmonic_compact,functional,inf,4.263019503753449e-05,0.0020467686995232046,1.1408485395506497e-15,0.9999975733917226,0.1762422379979398
fed6eb73ee389d2e2e6f7ebb,harmonic_compact,functional,inf,4.966844375527547e-05,0.0003711120380192599,9.992007221626409e-16,0.9999979340894899,0.17600593799943454
c8dfe56ced831da0cca53338,harmonic_compact,functional,inf,2.335054578923619e-05,0.007436585563997637,1.1847197109406236e-15,0.9999978963704425,0.17632372200023383
42cb5b7439d5dc69d0b9283a,harmonic_compact,functional,inf,3.224297889067172e-05,0.0004583724347685104,1.4283464892828934e-15,0.9999980443999794,0.17754808999961824
332d4821f4f3cfd063f4707d,harmonic_compact,functional,inf,2.0710724680244493e-05,0.00047870531863638394,1.452477787487408e-15,0.9999979470222201,0.1779452280024998
a81fc0987fb0d6a7aa050145,harmonic_compact,functional,inf,7.252075514974414e-06,0.001491568100446806,1.1254800777445996e-15,0.9999978714729372,0.17690665100235492
f669bb1ab71a08379e968161,harmonic_compact,functional,inf,3.556750949658015e-05,0.006458659902321683,2.0142711906806628e-15,0.999997634107106,0.17686869899989688
a9c5a7a102c18e43c79155f4,harmonic_compact,functional,inf,1.651665979645681e-05,0.0002865881940466869,1.4340618676943258e-15,0.999998018036438,0.17655444200136117
7676308cfa904ff715ab205d,harmonic_compact,functional,inf,1.9762106030788267e-05,0.001643639945946118,1.271002701032502e-15,0.9999979282124155,0.17662889799976256
aa009c09e77a8f2f2b267989,harmonic_compact,functional,inf,7.321682116773716e-06,0.0002491708458993253,1.6080527519837683e-15,0.9999976282782891,0.1763860860010027
36ba596354eca032332481c1,harmonic_compact,functional,inf,1.1883145769512788e-05,0.00014773921200017257,8.881784197001252e-16,0.9999979500096642,0.17692933199941763
cf4807dde3a4fa431c07a3c6,harmonic_compact,functional,inf,2.1498264392348035e-05,0.00426480599105441,1.6474476805730822e-15,0.9999978960363254,0.17673177000324358
8248c5e6e4d8bfcd826a4639,harmonic_compact,functional,inf,0.00011994176041872465,0.001190745128784079,1.5100943468684826e-15,0.9999977210935579,0.17759160900095594
c77c8da209ad55a15d8a94a9,harmonic_compact,functional,inf,1.8595762084343795e-05,0.0002789655071055478,1.6076547921439409e-15,0.9999979828648928,0.17722295299972757
88aff89c41d6d450bd4471c9,harmonic_compact,functional,inf,5.31537874709474e-06,0.0007874893544139996,1.929478867281699e-15,0.9999974084573021,0.1792197920003673
8bca703859e3dbb21396b8d9,harmonic_compact,functional,inf,1.8560708496490095e-05,0.00026760866511540716,1.8207296718409757e-15,0.9999979862741831,0.17723328699867125
bc1961f24d644e63c717a682,harmonic_compact,functional,inf,1.0566730890757935e-05,0.00011533591723792554,1.2190470102244653e-15,0.9999979494351949,0.17833869199967012
b7efe195da31ff86a696ce40,harmonic_compact,functional,inf,2.0837400235064075e-05,0.002582110812757692,1.4006995811311407e-15,0.9999979063169219,0.17741573600142146
8b0f589ae5be172150ade902,harmonic_compact,functional,inf,1.9145467078794154e-05,0.001962079108710311,2.0365009010673277e-15,0.9999979555497898,0.18749366599877249
e1314ec4889ba788af538860,harmonic_compact,functional,inf,1.4072008842839006e-05,0.00024196474065994543,1.4988495039154783e-15,0.9999978764075003,0.17644756300069275
c8370b2d311aec4248ae31a0,harmonic_compact,functional,inf,8.353248990468737e-05,0.004663889452398476,1.7075001057112696e-15,0.9999978073350257,0.17631353899923852
6b2c5e05ec35cd24f3c28a00,harmonic_compact,functional,inf,1.575039290203317e-05,0.000158331513243383,1.1795029356760252e-15,0.9999980030153082,0.17563640099979239
e9c81b9f6a9ae4ec043e68c1,harmonic_compact,functional,inf,7.819804129232944e-06,0.0002242404606889644,8.34066194027895e-16,0.999997782794495,0.17794576800224604
080f83ab2634fa94ae0a6ae8,harmonic_compact,functional,inf,2.5831052310891977e-05,0.0025238723493488445,1.330901496927984e-15,0.9999979627821785,0.17648489600105677
ec497d2d5ef209152006b481,harmonic_compact,functional,inf,2.559185342343814e-05,0.00039374145556283347,1.4143766038696305e-15,0.9999980533474214,0.17806263600141392
9fd597ce68c6e4341bc037ae,harmonic_compact,functional,inf,3.189349414681243e-05,0.004234830063173977,1.7323872929338307e-15,0.9999976097607955,0.17746849200193537
7be5b2e1ffd6df33b67685fe,harmonic_compact,functional,inf,2.053403535247302e-05,0.000722578888915483,1.2545551791555462e-15,0.9999979590182297,0.17812519400104065
46adb75f24a6e9a987c7798d,harmonic_compact,functional,inf,2.058202256709496e-05,0.0009107538701667933,1.247476358955183e-15,0.9999977737193847,0.17791106599906925
6ebfd63bf2e8bd6510330822,harmonic_compact,functional,inf,2.353197867678471e-05,0.012573800675655887,1.7534071486378446e-15,0.9999978336914518,0.17819324199808761
42b8e57aa0f784fcd079ad8f,harmonic_compact,functional,inf,9.326841141745159e-06,0.00016164034392902665,1.2684150622177423e-15,0.9999979005709169,0.17698963699876913
6c64249e676de17ec8d3da98,harmonic_compact,functional,inf,2.2423287134767926e-05,0.002343171736302298,8.307057263562125e-16,0.9999979099950593,0.17735255700245034
605d5f838c542a50980cabb9,harmonic_compact,functional,inf,0.00010929371597275312,0.00018878527461614532,1.2694918034141526e-15,0.9999981527013824,0.17749940700014122
e971d30f79cddf4967a9f5e3,harmonic_compact,functional,inf,1.7248816451989883e-05,0.00019938662000682474,1.4863770321839252e-15,0.9999979971416965,0.17925634399944101
233a209db6152ef8f5b0756f,harmonic_compact,functional,inf,9.025105860297352e-06,0.0013572010614631715,1.5354988229424244e-15,0.9999973978175203,0.17819989299823646
6e31e979be99d4b8e03cc649,harmonic_compact,functional,inf,1.6538711380222216e-05,8.82595945968932e-05,1.2446781207218013e-15,0.9999980028628391,0.17662087599819642
25615d058471777a72c290f7,harmonic_compact,functional,inf,3.910851296158142e-05,0.006964622742941289,1.476326048566142e-15,0.9999997964020549,0.17716681200181483
3fc2382604cfddeb101ed417,harmonic_compact,functional,inf,0.0004093833499059976,0.00023065922730535805,1.0617507772365518e-15,0.9999979797948282,0.17733764099830296
fbdd713e073bebc42604d45b,harmonic_compact,functional,inf,1.8808076717682375e-05,0.0012879920059091976,1.2117034300749942e-15,0.9999979719379448,0.17781356900013634
9f5ba868e98f265c428283e1,harmonic_compact,functional,inf,1.2814000589702943e-05,0.0002486688857665931,1.1258142007303145e-15,0.9999979797563923,0.1778678350019618
ab6561aecf19e948327d2895,harmonic_compact,functional,inf,3.629960404034177e-05,0.00525206235751322,1.7763568394002505e-15,0.99999980722868,0.1773757740011206
dc7623cfdac8a95e21637804,harmonic_compact,functional,inf,1.1829051089024948e-05,0.0019166113045585437,2.4075061219640746e-15,0.999997734832762,0.17703551099839387
7462cb114ba7083811874be1,harmonic_compact,functional,inf,1.8386852748562915e-05,9.185656439314303e-05,1.265137760213381e-15,0.9999979933732485,0.17692721099956543
ce2127c44fb189eb1f2fc178,harmonic_compact,functional,inf,3.682096942086348e-05,0.004713131476824847,1.2051052390168202e-15,0.9999976776273415,0.17776514700017287
63d854b60fc746273c643643,harmonic_compact,functional,inf,1.5578062435612424e-05,0.00034483586497323907,1.707396608794065e-15,0.9999980018883166,0.1772058120004658
d11ea1fba042945dfebdf3bc,harmonic_compact,functional,inf,3.0206587992519415e-05,0.002644989531117843,9.525523345414687e-16,0.9999979674968269,0.1774209270006395
4a0a8939fe3a1e26f7004cff,harmonic_compact,functional,inf,9.780617793922618e-06,0.0003090146482354708,1.2484413378738124e-15,0.9999979078767007,0.17704483600027743
0255371ca9c8f99eec149214,harmonic_compact,functional,inf,2.0880502855736502e-05,0.0020099262322448254,9.926225237614932e-16,0.9999979476827295,0.17676466299963067
61f6c0746b9c4f74f2cf4add,harmonic_compact,functional,inf,7.63676101069421e-06,0.0006692949080458027,1.2965478203048014e-15,0.9999976919475786,0.1762293560022954
064106c6e10c35b360860d92,harmonic_compact,functional,inf,3.90346923936545e-05,0.0024389791880165233,1.375252459930349e-15,0.9999976477307795,0.1777467419997265
914e6a889cd64d8df6d0c7d5,harmonic_compact,functional,inf,1.5218909447634648e-05,0.0006858380216664579,1.2542423594347157e-15,0.9999979989801717,0.177686476999952
2e5e1435ea1841727fea8048,harmonic_compact,functional,inf,1.7097338025782887e-05,0.001739271832588835,1.289643657543872e-15,0.999997528591593,0.1778937910021341
c814d05e891029011f538fcf,harmonic_compact,functional,inf,2.4680542046708565e-05,0.0002061408516590783,1.1169570263198689e-15,0.9999980028237698,0.17853005500001018
68b7b14d4da766a146c6cfe3,harmonic_compact,functional,inf,7.127886129228075e-05,0.00037412659413136007,1.6011508349441637e-15,0.9999980848884883,0.17774702799943043
e9f81a6c620c625483ac4c5d,harmonic_compact,functional,inf,2.684057168215234e-05,0.0013872106505546866,1.4326337049278964e-15,0.9999978124445557,0.17817862399897422
72d89aead7a77cd2f6e2eaf6,harmonic_compact,functional,inf,1.442053960280789e-05,0.0011285049334368703,1.3070898212082254e-15,0.9999980443207632,0.17715159200088237
879ece5071a20fa38abeee25,harmonic_compact,functional,inf,3.256542493412328e-05,0.014386498452254355,1.3322676295501878e-15,0.9999977461666799,0.17739028300275095
65bc1c84b78d3052ce220140,harmonic_compact,functional,inf,3.100206790159802e-05,0.0006919403101020751,8.867655830872451e-16,0.9999977349484198,0.17720523599928129
6b454ab01b96f2c3c060bd21,harmonic_compact,functional,inf,1.887865083122718e-05,0.0010000152059140052,1.696632867983208e-15,0.9999979776789266,0.1767977300005441
52fa9708f47ecdc648668362,harmonic_compact,functional,inf,2.7584986170325918e-05,0.0022482609895806234,8.403009570936618e-16,0.9999977359859122,0.17773919600222143
486df644dcbe726178231e99,harmonic_compact,functional,inf,2.993116237834447e-05,0.00012361178557946376,1.132718406057518e-15,0.9999980743611478,0.17774166600065655
276a5f9ac913065bddbf6d04,harmonic_compact,functional,inf,2.7242728198405612e-05,0.001035082130224472,1.4174787816334451e-15,0.9999978543025151,0.17793363500095438
5fdc10965c356e5421779847,harmonic_compact,functional,inf,1.2388998138350459e-05,0.0008789178170527203,1.0717083374377274e-15,0.9999979109175975,0.1777200790020288
794da63ea1a14fe598386e0a,harmonic_compact,functional,inf,2.2286314781744988e-05,0.0011441056574014513,1.5185250575707754e-15,0.9999979318546058,0.17696134200014058
79aa2b39ec744a2c360c7936,harmonic_compact,functional,inf,5.205331437615294e-05,0.0015532157415660067,1.3071370514181817e-15,0.9999982121208588,0.17812516299818526
8684f3d491a432770bcf0ef6,harmonic_compact,functional,inf,2.5593476591530862e-05,0.006111938920865155,1.3401661944722668e-15,0.9999977392566709,0.17815483099911944
9c6c8058a2aa0c3289a85df3,harmonic_compact,functional,inf,1.586240478192528e-05,8.956752587029732e-05,1.5071990585675492e-15,0.9999980051705227,0.17624981300104992
afee0015df2d3bdbefaa0ad9,harmonic_compact,functional,inf,4.3368611271848235e-06,0.00040934593755370105,1.0145881669883177e-15,0.9999975682529341,0.17750112300200271
2c55eb257019ffc5d49eca24,harmonic_compact,functional,inf,1.7231954853911164e-05,0.0001401146070280736,1.824231841173529e-15,0.9999980014634813,0.17703640000036103
2f9a05d931bb3878607c486d,harmonic_compact,functional,inf,0.00011492691917185018,0.0006313967840961187,1.5022856010941834e-15,0.9999981781753493,0.17666817200006335
b6af2d8e29793fbb6d3faa7e,harmonic_compact,functional,inf,3.0984240773870046e-05,0.0036669270184218673,1.3680428540187055e-15,0.9999978237116381,0.17585791799865547
5b091a6208a987a959d88fcd,harmonic_compact,functional,inf,1.094006270500234e-05,0.000502242568740683,1.3394187625930373e-15,0.9999979266787173,0.17708605099687702
8eb23b834eeaa80331554d23,harmonic_compact,functional,inf,6.541113689442932e-05,0.002230479567538195,1.1578591329418236e-15,0.9999980634283244,0.17711856499954592
6fe0ff8c745de9e916c26968,harmonic_compact,functional,inf,1.55231247746844e-05,8.964397298364615e-05,1.1769070963149804e-15,0.9999980073929381,0.17699652900046203
12dfd96e055d41070ef11467,harmonic_compact,functional,inf,2.0961596836215075e-05,0.005440404799806571,1.2301388171103032e-15,0.9999978608591091,0.17867717100307345
93fe12e0ab5ab472c402ca64,harmonic_compact,functional,inf,1.7425962011611793e-05,0.003347895761442359,1.7118773500333698e-15,0.9999979935991076,0.176911235001171
ee18d144c156fe16d698a689,harmonic_compact,functional,inf,4.681523546956021e-06,0.0003022386100843876,1.2640118660862507e-15,0.9999975853322906,0.17659079199802363
87aa4e4f23418364e7363d22,harmonic_compact,functional,inf,2.7073707191996305e-05,0.0024312847339270087,2.248460679412869e-15,0.9999978140980778,0.17703284300296218
f778fe1451a3950037d25d3a,harmonic_compact,functional,inf,1.2723217885226198e-05,0.0003497575931302184,9.504716460794212e-16,0.9999979724020851,0.17637638000087463
a70386701846045ad38b1260,harmonic_compact,functional,inf,2.746646852291995e-05,0.0016343203371058932,2.023592642455264e-15,0.9999977965891892,0.1771498550006072
7473081ac25af48f50bd7336,harmonic_compact,functional,inf,2.6785420223024924e-05,0.0006315586195146453,1.9237917151454117e-15,0.999998005520637,0.1795100570016075
bb26a97a19b3d9b0cf165348,harmonic_compact,functional,inf,2.1434927659275983e-05,0.002385821885459937,1.4898821283975104e-15,0.9999980161355557,0.17704702700211783
01dc01c2aa8da882481b1e29,harmonic_compact,functional,inf,1.4017337546299844e-05,9.215283660104955e-05,1.8952706680643416e-15,0.9999980090417815,0.17691457699766033
20990277e4f8e016cd04f2cd,harmonic_compact,functional,inf,3.0544951303338035e-05,0.002997421892706083,1.1102230246251565e-15,0.9999997970093896,0.17761673100176267
559bd0559172181520eee7e4,harmonic_compact,functional,inf,6.534742444022583e-05,0.0007870834452593502,1.405202471974479e-15,0.9999980759369236,0.1774252780014649
39afcca07e7726388eee6b36,harmonic_compact,functional,inf,2.301337998057541e-05,0.0031776947120913043,1.1719248674737757e-15,0.9999979025937211,0.17780756800129893
96cb18decdde487e02b738fc,harmonic_compact,functional,inf,2.544219970533136e-05,0.00569166341049632,1.9819079103159233e-15,0.9999978074442436,0.1774319869982719
78b72d3cdc4f9295a97a15f8,harmonic_compact,functional,inf,7.274149385252941e-05,8.603855434452726e-05,1.25508724247655e-15,0.9999981505557858,0.1773501120005676
38f6f7aab81f4b4dd022c6a8,harmonic_compact,functional,inf,2.193820863235185e-05,0.001339607381689836,1.0671683572870133e-15,0.9999979434698762,0.17727537199971266
41edf46c6acda537524c0d47,harmonic_compact,functional,inf,1.037134399665291e-05,0.0004920393582542367,1.5654912014897393e-15,0.99999783481808,0.1769666239997605
5bee30e82dc2bc78b5817840,harmonic_compact,functional,inf,1.3678798353872022e-05,0.000445063320540941,2.0851379408813858e-15,0.9999979794397716,0.17700127300122404
d7232c771baa8135c36c744c,harmonic_compact,functional,inf,2.5842286650941303e-05,0.004575233487593701,1.1169917023740743e-15,0.9999978011151471,0.17774363900025492
bec095bd5d34719c9d5924dc,harmonic_compact,functional,inf,0.001196004238512857,0.0005019026332584236,1.2911735714671592e-15,0.9999969898838724,0.17758042700006627
13c36db79bd13996d6b06367,harmonic_compact,functional,inf,1.7178748651679377e-05,0.0011494579273766275,1.85177575889323e-15,0.9999980012367053,0.17696423300003516
fd65a4ae01af10def8b1b127,harmonic_compact,functional,inf,3.603942964231549e-06,0.0002602694270731066,1.3065581798854266e-15,0.9999973733936208,0.1770720659988001
78ea054b826cc613eb6b4638,harmonic_compact,functional,inf,1.8603393584671732e-05,0.001291044454466589,1.3053145297641423e-15,0.9999979720221507,0.17649654500200995
9d86b783102019a0d98c5086,harmonic_compact,functional,inf,1.2059364442905696e-05,0.00038286577212352985,1.16672886944065e-15,0.9999979163257843,0.17732111599980271
e81d63302f6618012d62f85e,harmonic_compact,functional,inf,2.7829457341360225e-05,0.0016875978570423528,1.1102230246251565e-15,0.9999978074711909,0.17730555399975856
73439d17252a7f2aa8e5d119,harmonic_compact,functional,inf,2.4821231877455718e-05,0.0030402939364933706,1.2386801142466907e-15,0.9999978801477093,0.17656809899926884
9619d2f2f900e972234fe9dc,harmonic_compact,functional,inf,5.413807595504192e-05,0.0011547302014326243,1.3209114087528418e-15,0.9999979014890872,0.18168438100110507
6e7ac84ed9c720013646114a,harmonic_compact,functional,inf,2.5934218478190484e-05,0.006061668141215172,1.3322676295501878e-15,0.9999999999999982,0.17807771700245212
af584f4686bb52c5ae7e12c7,harmonic_compact,functional,inf,1.360140089847748e-05,0.00010680220646076428,1.4109856833996334e-15,0.999998002132398,0.179189492999285
de8b13689c1ab8ffe0c99477,harmonic_compact,functional,inf,1.8601628419593767e-05,0.0008665149292857421,1.1239182217660646e-15,0.999997988007054,0.17657417900045402
4727a1a7260132c7d9841cef,harmonic_compact,functional,inf,3.521861443185437e-05,0.003672321914847476,1.4777247968219537e-15,0.9999976696333431,0.17655501699846354
b442f28b571a1cf92c109c89,harmonic_compact,functional,inf,1.23067531288005e-05,0.0007431442414923528,1.3259932431263641e-15,0.9999979149714578,0.17813428299996303
057f4458b9fff0d7baee26f4,harmonic_compact,functional,inf,9.41387090280829e-06,0.0016606009566635157,1.268027873354963e-15,0.9999979344307713,0.1797701129980851
4de7506a61d739a058ee6cac,harmonic_compact,functional,inf,2.563528035808834e-05,0.0005994734975547368,1.0728077328210293e-15,0.9999978900747007,0.17665557199870818
bf37fb5bdd9b94297f7f9236,harmonic_compact,functional,inf,1.4197363118712412e-05,0.00018570600802593067,1.3418031601586124e-15,0.9999979964184261,0.17680611600007978
9ddebefaebc2fb4467ac81f2,harmonic_compact,functional,inf,2.941617794712967e-05,0.002261608650524669,1.4154741321037857e-15,0.9999977046455331,0.17729209199751494
45a334a0c460e6faa0af9a02,harmonic_compact,functional,inf,1.5253344129256815e-05,9.087383093445751e-05,1.40331912916464e-15,0.9999980055510546,0.17746858399914345
c0445664092d92761b41b5b7,harmonic_compact,functional,inf,2.88868434420523e-05,0.0021156031671838746,1.6846055072892321e-15,0.999997715939221,0.17753962500137277
513887e4cf87325c499496e1,harmonic_compact,functional,inf,1.2738426445865642e-05,0.0012832443774565877,1.3988051274148204e-15,0.9999980496551739,0.17719525700158556
fec532848d10163995ec327d,harmonic_compact,functional,inf,2.4189487877286447e-05,0.0005539974710800025,9.709757281215966e-16,0.9999979041901018,0.17902051400233177
be588355bc1c15a44c7565b9,harmonic_compact,functional,inf,2.6982005293881897e-05,0.0009609519157582477,1.9097255967565782e-15,0.9999978522546024,0.1772387829987565
2863e3e57003b814b5fbee52,harmonic_compact,functional,inf,1.491754481271913e-05,0.0009476784292372186,1.4618794041310659e-15,0.9999980017266137,0.17694536199996946
c2c5a9dd4240c30e02fafb8f,harmonic_compact,functional,inf,5.264337031634068e-05,0.005452684458046969,1.0729822173715895e-15,0.9999981115318725,0.1778723600000376
4171b30facb18fda51fa818d,harmonic_compact,functional,inf,7.65044800838405e-06,0.0003593717004521534,1.2209986432321368e-15,0.9999976962390585,0.1776618830008374
2fea2b36611e518c3307f0c1,harmonic_compact,functional,inf,2.236637755981709e-05,0.00385656978113982,1.3322676295501878e-15,0.9999979061550368,0.17819575699832058
bdf4d424848aba7e386944c6,harmonic_compact,functional,inf,4.1328519768654354e-05,0.0003072607546553877,1.0079969858284368e-15,0.999998065234175,0.17675699200117378
60b1f12f937346f9f17613d2,harmonic_compact,functional,inf,1.9482049813060548e-05,9.05412054177063e-05,2.2290487824506607e-15,0.9999979943929977,0.1762424379994627
ad2b9610606ba4437b564242,fourier_random,functional,inf,1.5400734621365031e-06,0.0002915744448517741,1.2691658179773794e-15,0.9999976349189281,0.3145500889986579
49d7d9686c55a6e7e539492a,fourier_random,functional,inf,2.8635104402149096e-05,0.0004277962873073619,1.4218436822312698e-15,0.999998056346299,0.3043473210018419
426c655124472a9150bdff63,fourier_random,functional,inf,0.03834814546131545,0.0005505052494575482,1.363559991237077e-15,0.9999988483812465,0.3065418639998825
b12819fe8a205a76e5e62933,fourier_random,functional,inf,2.854789917543879e-06,0.0012328130736627694,8.555497501276644e-16,0.9999979559653409,0.3036731829997734
39c313e39aa9b370ee5b556b,fourier_random,functional,inf,0.0001662240911809823,0.00010589870058041038,1.3056629826603335e-15,0.9999982910139639,0.3046607539981778
0dabd04134e99ee548bcc195,fourier_random,functional,inf,3.136792573172854e-05,0.001233530379043135,1.1102230246251565e-15,0.9999980685100781,0.30284283100263565
946ed940173d6e5d87b3d042,fourier_random,functional,inf,2.1356768229768496e-05,0.001219670729343831,1.6187962922273875e-15,0.999998021031303,0.30203942600201117
1a66d8df89b22ab0a08bc633,fourier_random,functional,inf,0.006464922623612885,0.00014873170997582104,1.4982093248511858e-15,0.9999984780409203,0.3023312600016652
281662007efa3a1265b83449,fourier_random,functional,inf,0.0006730425289425836,0.0002592166576442154,1.4608422001636578e-15,0.9999962649409981,0.3029267339989019
8b1ba6a10cbbba73d03155ef,fourier_random,functional,inf,0.00011528115614011289,0.0005914755755305988,1.2914846400970845e-15,0.9999979547021733,0.3029157919991121
f258c02d7ad44f6df1b98d21,fourier_random,functional,inf,6.605767593519109e-05,0.0002765407134773452,1.5506499482512301e-15,0.9999975110742524,0.30118324299837695
4f4b6151d562d2089a29a3e3,fourier_random,functional,inf,0.00013536312122275598,0.00021715596381707304,1.3241443743093241e-15,0.9999978030107334,0.3027210930013098
483e6f2fd372f641cc48a6d0,fourier_random,functional,inf,0.0005566241070226235,0.0001820414092351784,1.283423138552946e-15,0.9999970443299597,0.30580336899947724
9cc1b8b8674e00df7f7e879a,fourier_random,functional,inf,2.4596790193303843e-05,0.0014589120670709021,1.2510427205554048e-15,0.9999953379231926,0.3032926710002357
bcbff4eecbb9f759a3da4ae6,fourier_random,functional,inf,3.605090232716328e-05,0.0003991174618696213,8.881784197001252e-16,0.9999974991304212,0.30299570799979847
a8cc0af437eea5ee4d8191c9,fourier_random,functional,inf,7.353974025831853e-05,0.00047694860611789854,2.0401250270973654e-15,0.9999979381305665,0.30272293300004094
f4356035728da576fbd58b16,fourier_random,functional,inf,5.4340310030636104e-05,0.009878901190310421,1.0736374603080473e-15,0.9999979425379504,0.30248297399884905
25aabe1eb9766ecfe3db289d,fourier_random,functional,inf,0.0008968010083080694,0.0004525455625688804,1.0202362320647405e-15,0.9999971106940924,0.30318186200020136
9bfa3cde4a8e78045a108dad,fourier_random,functional,inf,0.015193715885711225,0.0005002996099735149,2.186035269593658e-15,0.9999972450863239,0.3027119420003146
3e232768954013a5f16b92c3,fourier_random,functional,inf,1.7488116423439082e-05,0.00015601862250926713,1.3036356991382379e-15,0.9999981104660511,0.30406601799768396
e1ac87b7f976c6d99e0d3590,fourier_random,functional,inf,4.360769326124621e-05,0.0004282295135231801,1.12451867689005e-15,0.9999979373472068,0.30325696100044297
4482824628fa78d4bf115cc4,fourier_random,functional,inf,2.3920482922489578e-06,0.00043471281776309424,9.973564173910839e-16,0.9999976516741904,0.30370074700113037
13f2063f12892f3e89dd2821,fourier_random,functional,inf,0.0003718885365689992,0.0004211152659536459,1.0259205357887471e-15,0.9999958568070254,0.30674845700195874
7d82cc2f739b83b2eb7cd4cc,fourier_random,functional,inf,1.8646446247100504e-05,0.0001673461590610394,1.474494737408005e-15,0.999998214862881,0.3029566719997092
ec13b99714e57408d18b33c9,fourier_random,functional,inf,0.00024746981804887896,0.0028283775267059076,1.3728656383237082e-15,0.9999977797611241,0.303054787000292
f878008dc02e0ece20ea8f4f,fourier_random,functional,inf,4.847194150880803e-06,0.004166743689927163,1.3774512438656591e-15,0.9999979827082932,0.3017906530003529
35abffc03141bca554df1a31,fourier_random,functional,inf,7.757024783901886e-05,0.00016545868801308195,1.1102230246251565e-15,0.9999982054615559,0.3039407050018781
ae901d1a3c99ea441cf65e76,fourier_random,functional,inf,1.267047570966084e-05,0.000588029534171655,1.7489329970002602e-15,0.999998036500041,0.3017486809985712
6195828856eb7741b0791c11,fourier_random,functional,inf,4.5911719316928206e-06,0.00040249591745226086,1.3110882431706687e-15,0.9999979934566818,0.30372297600115417
e0a96cfa978563474da869c9,fourier_random,functional,inf,3.8942164970706754e-05,0.0005680527549387935,1.5070567345321284e-15,0.99999753125721,0.30340905300181475
131ac8b01517c3cac190da37,fourier_random,functional,inf,1.9912790642842617e-05,0.0007671354288229888,1.769119665444635e-15,0.9999978765333666,0.30439107000347576
26e46de95ee6791e374e2638,fourier_random,functional,inf,0.000605187839529237,0.0009394633105915248,1.4196302753539048e-15,0.9999981812022375,0.3015421880008944
9571d392cd35b210f1a4c535,fourier_random,functional,inf,5.495307421825074e-06,0.0002315015047858406,1.6559020209809316e-15,0.999997947854571,0.3063570600024832
72c1c103aa90b7d8e35d79a2,fourier_random,functional,inf,9.029984174423335e-06,0.0021730264753466334,1.1951095923785e-15,0.9999975398758623,0.30218314299781923
ff8772d90f802fcf7a8ea9a5,fourier_random,functional,inf,5.828915190445796e-05,0.0011513876481368617,1.8696225234237267e-15,0.9999981613586155,0.30248016499899677
c0edc782e5bcf1abcd0463a3,fourier_random,functional,inf,5.786983356534022e-05,0.004562487425510665,1.3374473943990585e-15,0.9999979300476047,0.30350140999871655
64d1dca2428c89c12f5f4ee4,fourier_random,functional,inf,2.305671182090669e-06,0.0005073180889063035,1.2091660736902085e-15,0.9999980187461585,0.30232190099923173
83c1475a6cc84035e7f04dc4,fourier_random,functional,inf,4.857649582422628e-05,0.000125454945080322,1.9190223761947075e-15,0.9999980377436164,0.30287745600071503
d76f694cb37539d565cffcad,fourier_random,functional,inf,0.0012937825754882404,0.00031330208144686884,1.3017707285938268e-15,0.9999978701648001,0.30172630499873776
95315d9fc7c63fd00512fa87,fourier_random,functional,inf,0.0019344112561103836,0.00020760551628242363,9.992007221626409e-16,0.9999962248855605,0.302442970998527
79d7f5195396029a8ec15395,fourier_random,functional,inf,1.0489584405123895e-06,0.002760553431436971,1.5507476955732075e-15,0.9999974150816466,0.3019735239977308
006b5ad1a2d0165bf8a05960,fourier_random,functional,inf,1.784557786732883e-05,0.0031242449656381614,1.3310708407851365e-15,0.9999979071344395,0.3013474920007866
021ffeadc6da3cd42a71e609,fourier_random,functional,inf,3.0720475380656386e-05,0.0001608118686067967,1.3322676295501878e-15,0.9999977776343979,0.30652638799801935
a12e896df9715ff65d3ac3c5,fourier_random,functional,inf,3.433093529546407e-05,0.00045104227019403205,1.1839261559954527e-15,0.999997669596206,0.304459194001538
7690cf90262a37e38a824cf7,fourier_random,functional,inf,2.7827851666603313e-06,0.0015520843831405712,2.116558890043281e-15,0.9999965859001029,0.3030912159993022
91f7da404b1cdf3cbe69de7a,fourier_random,functional,inf,6.289324028541153e-05,0.0008368556256647244,1.236706583519802e-15,0.9999966101819532,0.3024662600000738
9eaf5d5bcefd66e8c386ec8b,fourier_random,functional,inf,3.649201631560644e-05,0.0002550699949804549,1.314780237741012e-15,0.9999974704629861,0.30197224900257424
d16f9f2bf3a3382ff827ecee,fourier_random,functional,inf,4.5318829128479575e-06,0.010646295673883286,1.6653345369377348e-15,0.9999997950534024,0.3012559359995066
e9c82621fa3a1c35c32d5ef1,fourier_random,functional,inf,0.0024472554904626216,0.0017883786812432794,1.1643784072666247e-15,0.9999982512867132,0.3026725060008175
62edefe693fb13d7e1d10793,fourier_random,functional,inf,0.00022229583302337696,0.0006246816176649944,1.1009232810360843e-15,0.9999960250728807,0.3022159960019053
c39cb8cc4ed7b1d479dc30d0,fourier_random,functional,inf,3.940736870157984e-05,0.001207101944098189,1.618078630697906e-15,0.9999971735965475,0.30168792799668154
bc0cc051b1c7abbdc31f323a,fourier_random,functional,inf,8.63778931665418e-06,0.0016718316464428833,1.2275170672981124e-15,0.9999979225762516,0.3016095100028906
e022e4c7e29ea7ef74c443b1,fourier_random,functional,inf,0.012659268890709554,0.0001853035601055104,1.0012001730580403e-15,0.999998224852165,0.30399352200038265
6b237d2e28e3871db46afab5,fourier_random,functional,inf,0.0004670646578871136,0.00040281328036576833,1.3910261396650962e-15,0.9999983828575402,0.30257153600177844
732adfcc1473ca9785f4c603,fourier_random,functional,inf,1.4273913207746901e-06,0.00023800167091186182,1.3452206183243909e-15,0.9999978267234804,0.30177884599834215
8db3806342163463f4ceb777,fourier_random,functional,inf,0.00010556660145293258,0.0002355736361786681,1.3932342594190852e-15,0.9999980533970344,0.3014021689996298
c641319c30199e4e3df71cab,fourier_random,functional,inf,0.0006808158853515736,0.0007354931628008864,1.4830927281969548e-15,0.9999980570963591,0.30234485500113806
5c238aa99125ce519c2d1dfd,fourier_random,functional,inf,2.722756715343379e-05,0.0010084705206002136,1.5640461813193885e-15,0.9999979833123844,0.3015663840014895
9327a6b4c620c9837bdc5a45,fourier_random,functional,inf,0.00016501415273515512,0.00017299157744072268,1.414229396262711e-15,0.9999978340187261,0.3016750669994508
16cf6d4bb12f889226f77663,fourier_random,functional,inf,8.345716501166316e-05,0.0007223590821365611,1.402843094421448e-15,0.9999979752933489,0.30236946000150056
c01c3f1ec11592ae0d35a99d,fourier_random,functional,inf,1.1135812183603286e-05,0.0005465105761693444,1.4389128559407251e-15,0.9999978297072156,0.30225807299939333
2ed2f969c60b50c952651bf8,fourier_random,functional,inf,9.376985295537746e-05,0.0017106734328032776,1.523420474830644e-15,0.99999793217405,0.3017021410014422
d16758536f1d5278f94a309d,fourier_random,functional,inf,6.047224245625452e-05,0.000340621798552456,1.3830397567594207e-15,0.9999979636922175,0.30471764400135726
49238df34f74bc2fffaec4d5,fourier_random,functional,inf,0.0005632834649855125,0.005081279043271186,1.2956068429551869e-15,0.9999975475547215,0.30122421300256974
8e4ce4df9a6482e6c193af50,fourier_random,functional,inf,4.398831898204496e-05,0.0003524156676174623,1.175325561000645e-15,0.9999973506301718,0.30144680199737195
d1c969cfd44de08f393514e4,fourier_random,functional,inf,0.0001551578203058812,0.0008267687084467966,1.112102553548014e-15,0.9999978797532473,0.30161519000103
9b9da4cdf4d2fe874d63a942,fourier_random,functional,inf,7.61985726073771e-05,0.0008086672015668577,1.4637660375134454e-15,0.9999975732726313,0.3021451770000567
0f5dd9c478c151b6225be9f6,fourier_random,functional,inf,0.0012873470117781651,0.0001641279205236112,8.881784197001252e-16,0.999998394769358,0.3020214530006342
8c660e0766756f26528faa33,fourier_random,functional,inf,4.717737360822263e-06,0.001234777404692512,1.3255378476243985e-15,0.9999972414096345,0.3008812480002234
b9b5bb61bea1f5aca1f195ca,fourier_random,functional,inf,5.734034891080956e-05,0.0001603371114540872,1.1974605502086587e-15,0.9999980016343777,0.3020321759977378
efb37463fd16d5ac4a11f100,fourier_random,functional,inf,4.481603544340633e-05,0.00018246758055244893,1.417397717780208e-15,0.9999977866936373,0.3019846540009894
97434f616fa0cfc58664697b,fourier_random,functional,inf,8.728718967867326e-06,0.0014199949365246154,1.1102230246251565e-15,0.999997784002072,0.30390338800134487
5eab10f6e31e1dabf8261ad1,fourier_random,functional,inf,0.0002811115968191862,0.0031849879784493444,1.6036482759414081e-15,0.9999978857604257,0.3026732889993582
e42d2260e4396b3c2a188b3b,fourier_random,functional,inf,0.0007203609966554958,0.00026564829973886486,2.218691003601047e-15,0.9999976815748544,0.30837786000120104
fb6b08556d14232cde8d54e2,fourier_random,functional,inf,0.002424198583843889,0.00015327492555310476,1.338760870265841e-15,0.9999982078104116,0.30172046100051375
56f002df25cc7a5094cd431d,fourier_random,functional,inf,0.0009016726668579201,0.0009215670881182052,1.2035673135542921e-15,0.9999978702112711,0.3013485169976775
44904693c678a9c6acf1bc4c,fourier_random,functional,inf,0.0001729900462276683,0.0002037679287838337,1.4470865768733974e-15,0.9999980487358642,0.3021380329992098
53c53a96ebafba0c423c628d,fourier_random,functional,inf,7.344503842524096e-05,0.002669483857208976,1.8112795942947092e-15,0.9999978865531371,0.30191098299837904
7d125b1eca23b3fd9be47564,fourier_random,functional,inf,0.00012774370178296197,0.0006569700189785829,1.3042047202076204e-15,0.9999975311105598,0.3012486359984905
b6b2200201b832134c899009,fourier_random,functional,inf,0.0008558764526334176,0.0003003268662106399,1.2274998637164976e-15,0.9999982138270331,0.30145954600084224
87231a9ab3ea657787c0d2aa,fourier_random,functional,inf,0.0007082618935267705,0.00031960123444409926,9.879361636235852e-16,0.9999978372613437,0.30232528499982436
760b2b405aa283e90b67016b,fourier_random,functional,inf,7.722722337670018e-05,0.0008224110200695027,1.1009332529378795e-15,0.9999978235860822,0.30112682500111987
3470490f54fdc4886a3a9880,fourier_random,functional,inf,1.7445207622596924e-05,0.0004034392769467877,1.7024408128786252e-15,0.9999978659935188,0.3040035420017375
050624c2a0af02082c794973,fourier_random,functional,inf,0.004323284673909655,0.0002518536197356675,1.3613027122289491e-15,0.9999983132963408,0.30080180300137727
7ec01fc2a33a453b4547f298,fourier_random,functional,inf,0.002731511640763524,0.0002011396933384075,1.2140601583543508e-15,0.9999980603404452,0.3024894529989979
149ff45cc97f713444bab4ab,fourier_random,functional,inf,5.170162522256523e-05,0.00102881650079939,9.657723188317777e-16,0.9999978018163996,0.3020528449997073
f1eaf2ac8af55bf7210d72e2,fourier_random,functional,inf,0.0001276869625992964,0.00012904180696047464,1.1511591441293805e-15,0.999998311373088,0.30169799700161093
86b953c18f3e89dd0f2d3abd,fourier_random,functional,inf,8.298370612936429e-06,0.01206321370541894,1.5411849203402138e-15,0.9999977979417459,0.30162196600213065
2729e93041b4f9788c5d432a,fourier_random,functional,inf,1.2677857219104095e-05,0.002045863809115919,1.020199495404283e-15,0.9999979098089256,0.30232159799925284
1e9a9d1808aec40e5b0b3fb8,fourier_random,functional,inf,0.00012766934130539778,0.00018794899753884307,1.5908874805423361e-15,0.9999981939561035,0.3030701179995958
0bc294f837798e5c2fa848f1,fourier_random,functional,inf,6.279343113390224e-06,0.0004186687008042324,1.2660550956732912e-15,0.9999979364452593,0.3046730189998925
c04e6041325932110a1a3642,fourier_random,functional,inf,0.04691602630660519,0.00025799700075593307,8.949044812179097e-16,0.9999979093803364,0.30347616199651384
793a072e9de725b7c6574988,fourier_random,functional,inf,0.0018884474392010095,0.0022352670765912815,1.295699470211766e-15,0.9999984380287261,0.30624043900024844
bb3ea67fd5d7fba78ca1f556,fourier_random,functional,inf,3.331894272463655e-06,0.0009755653973975841,1.6694054033561997e-15,0.9999978603672178,0.30385181000019656
e118a2cc9b244f20efcc97cf,fourier_random,functional,inf,0.0011707711466146795,0.00015000464133552006,1.1371298402982348e-15,0.9999983096488281,0.30269463199874735
749d7187d302116336a6e2e4,fourier_random,functional,inf,6.743892696511203e-06,0.0018791822995206198,8.582152549531378e-16,0.999997594854197,0.3026114990025235
3b34d95ad8b4f702715ed9cb,fourier_random,functional,inf,6.654211595989715e-05,0.0015529535322183568,1.0110476410428688e-15,0.9999980299665395,0.3016526529972907
3ae94662d4cbb8fe1e4083ce,fourier_random,functional,inf,4.009970023816481e-06,0.0006807010061953459,1.022228339804329e-15,0.9999971336085282,0.30351204899852746
09ef8e402d9e17549efa9fd6,fourier_random,functional,inf,8.427392690221371e-05,0.00042422971963221724,1.1820888557904178e-15,0.9999978866285074,0.3023736520008242
efa431efcc8dff14f2035f73,fourier_random,functional,inf,2.9884712590803297e-05,0.001584850551260467,1.244422271742086e-15,0.9999978554968725,0.302913745999831
86690efb131344bc93a47503,fourier_random,functional,inf,0.0001241876223695278,0.00014599361623447,1.270360545794952e-15,0.999997980024651,0.3042166459999862
24b76c905c67c69c5236691f,fourier_random,functional,inf,3.790536127107385e-05,0.0025885087511507633,1.4994486693639191e-15,0.9999976115563867,0.3040051370007859
791c1a70eaefccf15daf6a91,fourier_random,functional,inf,4.2577975480260555e-05,0.0006854312574967029,1.5931008197392805e-15,0.9999971332997254,0.3060610419997829
3db90472e6aa8aea3e946b73,fourier_random,functional,inf,1.481359783061256e-05,0.0012827118577801724,1.4523563560546826e-15,0.9999961432251886,0.3032203690017923
b7bae6a3b6d793f2d3b6b502,fourier_random,functional,inf,3.7640949643099874e-06,0.00048284035271204827,1.1017804023195602e-15,0.9999968315258914,0.30364255200038315
81c536c95123eaac8b2adae6,fourier_random,functional,inf,0.00012759211531315838,0.00012681824627188692,1.3531247143577585e-15,0.9999981802118204,0.30286493599851383
98329fe085ad4bbef6c08173,fourier_random,functional,inf,7.2865140720706475e-06,0.011253043147166821,1.8030769047376594e-15,0.9999977630558317,0.3023717729993223
df5d9e5dd04e37a9ed3032d5,fourier_random,functional,inf,5.3530776804261295e-06,0.00026380545720346583,1.4513910094665649e-15,0.9999975702447239,0.3032682200027921
9a0f602efc3f5d4df38df1d9,fourier_random,functional,inf,6.28292336690839e-06,0.0016534293279737756,1.4780931313078223e-15,0.9999964231333747,0.30194327299977886
0fa4c5f05cb035616bfbe097,fourier_random,functional,inf,3.386509188697672e-06,0.0015418989402104523,1.7405533515516084e-15,0.9999961880073314,0.302348613000504
24ba25bbf2e43a63e9ac6375,fourier_random,functional,inf,0.00012399249631588546,0.00039610166212626397,1.4108449835811253e-15,0.9999977285290311,0.30206317599731847
3d77be499117a084432d5f7c,fourier_random,functional,inf,0.0001266164898987664,0.0009733247383937875,1.3266769480588652e-15,0.9999975416293024,0.302721947999089
03bcb5e6a6158565185e62d2,fourier_random,functional,inf,1.2888232863019755e-05,0.01110141629362647,2.3027541008089483e-15,0.9999997739774574,0.3031141049978032
38c9e190c705920538123d64,fourier_random,functional,inf,6.17160505669733e-05,0.0023516550897354303,1.684005681092134e-15,0.9999979758769397,0.3025085619992751
8dd2e27a4d666129fdb806a0,fourier_random,functional,inf,1.554065782533789e-05,0.0002119812524027293,1.3941399744415569e-15,0.9999978947716208,0.3024984379990201
34c0417af1c82448235aea50,fourier_random,functional,inf,1.3811509279438774e-05,0.0015214147669416376,1.4163524137890825e-15,0.9999979187319477,0.3017865610017907
58d419155f5c0334c0057874,fourier_random,functional,inf,0.00033309201409466505,0.0059569571689160345,1.0479319467532577e-15,0.9999976113259534,0.3021366400025727
fddbbf3c93790c2bdd17074d,fourier_random,functional,inf,2.3247695057961266e-05,0.004112336238621817,1.4892693445607117e-15,0.9999974264957863,0.30207490300017525
e4022cbfd0c924764875504b,fourier_random,functional,inf,2.2708901452628242e-05,0.0007107558616358888,1.1790675540823111e-15,0.9999974726492161,0.30252219699832494
68646d9f494dbfc9f35f20ba,fourier_random,functional,inf,5.287922922197379e-05,0.0010424183836909666,1.323756541082541e-15,0.9999981701963158,0.30254325900023105
c0bba83011f2868f7f14d897,fourier_random,functional,inf,0.0010919559444425792,0.0001532892613515016,1.5181330839614113e-15,0.9999983706899878,0.30217500799699337
56f0d0fab16454f3bba76318,fourier_random,functional,inf,4.062754145697563e-05,0.001625980758924013,1.1520444871718292e-15,0.9999978996545145,0.3037890449995757
f996872122ada8aac987dea1,fourier_random,functional,inf,0.0002461976806737706,0.0001680294152301546,1.1158910298590876e-15,0.9999972855889164,0.30401017000258435
8db2dd036c1596b4081ec3db,fourier_random,functional,inf,9.721531383979394e-05,0.010238647485054923,1.386333361579563e-15,0.9999958552669906,0.3042911759985145
88d899fd4f9728d6ac7b63cd,fourier_random,functional,inf,8.896321188721401e-05,0.0003021074606887765,1.7019152883103159e-15,0.9999977182572959,0.3035880099996575
f94348e09ee9782d37418fcf,fourier_random,functional,inf,0.00019189562948454192,0.0001693791669837734,1.1498456286119499e-15,0.999998086955436,0.3024051669999608
5ae222ee755c5cb76c92b85d,fourier_random,functional,inf,0.00558152261043271,0.00013102380349279673,1.0558801876596162e-15,0.9999981090740011,0.30211159600003157
68360655531e8dee6ca52761,fourier_random,functional,inf,2.0659409355177217e-05,0.0015498108350952954,1.8223895325895173e-15,0.9999980353704515,0.30450282000310835
ef727abc86dd0c71efd3f578,chebyshev_random,functional,inf,9.196023360777142e-06,9.995225604547244e-05,9.762889243082204e-16,0.9999980250199084,0.2442050539975753
fdb8fdf4a851fca136f46e86,chebyshev_random,functional,inf,3.695600181599523e-05,8.499677308002255e-05,1.4546187337049856e-15,0.9999979475530385,0.2430907540001499
cedc133a5a138e433f8ee97b,chebyshev_random,functional,inf,0.0007715207819027527,7.238725676431152e-05,1.109615469653582e-15,0.9999982757045952,0.24235743999815895
36eadce91b6462f4b7859f77,chebyshev_random,functional,inf,8.809775216303532e-06,0.00011765791291381802,1.0955889504397398e-15,0.9999980358764716,0.24191098200026317
b3aadb0c02a963885b043f4a,chebyshev_random,functional,inf,2.8317293313517487e-05,0.00011654151329005608,1.803682836936874e-15,0.9999980003996058,0.24231598500045948
84282aed970c244d6a6df86a,chebyshev_random,functional,inf,0.0003351148335437629,8.714580283319015e-05,1.8067988329476556e-15,0.9999981380239941,0.24054562199671636
3e9bcc89ba9b0060662cce9d,chebyshev_random,functional,inf,2.8019104484795318e-05,9.342707083505309e-05,1.0717882031620215e-15,0.9999979712683813,0.24132796699996106
176f8f7a3dba1a572658f1c0,chebyshev_random,functional,inf,1.6712314891025695e-05,7.220300639205756e-05,1.5383537979790507e-15,0.9999979571238045,0.24218733800080372
848a786924dc8071434b7577,chebyshev_random,functional,inf,2.128946025356716e-05,7.218909460653034e-05,1.7129065960772033e-15,0.999997964210912,0.2407207100004598
274e853151ad53e27ae86187,chebyshev_random,functional,inf,9.604166716562366e-06,0.00011874422360471034,1.6235088402506081e-15,0.9999980023782316,0.24231690400119987
a7993609c9127ca11e5dd22d,chebyshev_random,functional,inf,0.0017697121227577548,0.0009915636988008787,1.6231383918529097e-15,0.9999982229828627,0.24191485999836004
3923db84cf3992317dcf0a67,chebyshev_random,functional,inf,0.0002249040928716479,0.00010915613690682092,1.4876503130467484e-15,0.999998180050093,0.24247509500128217
5ba14695895cc8c0c077471c,chebyshev_random,functional,inf,1.4397244277213193e-05,8.770957047129776e-05,1.2997190440186903e-15,0.9999979720011393,0.24068564900153433
8b439a2eb6537ee1aa0f2428,chebyshev_random,functional,inf,8.069237286829498e-05,8.408485304497137e-05,1.977268780902341e-15,0.9999979848877867,0.24070964400016237
821e0a75f229bbfbd9a11bf6,chebyshev_random,functional,inf,6.533988658632552e-05,0.00020072838716096345,1.5225578961385318e-15,0.9999979998234544,0.2419246409990592
aca696f29b12a7084491d891,chebyshev_random,functional,inf,8.506238360038333e-06,8.834112870339828e-05,1.508240728080674e-15,0.9999979991026596,0.24229891699724249
97bf8d108531702326703ddd,chebyshev_random,functional,inf,3.070404743714924e-05,9.616162536175219e-05,1.3719031383817176e-15,0.9999979922830903,0.24135786600163556
a8785ce9041f60e1ac8c38ca,chebyshev_random,functional,inf,7.472768088079722e-06,8.594868739014927e-05,1.3874494507676352e-15,0.9999980144714341,0.24097190099928412
2db326fef957a3e6ec3b6a6b,chebyshev_random,functional,inf,1.3563109321520813e-05,0.00012755985434041058,1.2808273864405456e-15,0.9999978814914146,0.24244343700047466
246f8d2a22d76bbdd569663a,chebyshev_random,functional,inf,4.34489931155787e-05,7.243139214355729e-05,9.2513365008614e-16,0.9999979525764294,0.242443078001088
9afa1a2524e0d05061913dc1,chebyshev_random,functional,inf,2.7806453270679218e-05,8.687693288541314e-05,1.3844227119831553e-15,0.9999981057985269,0.24337909699897864
5cf2596d274a2a1563784332,chebyshev_random,functional,inf,8.629430183554481e-05,0.00011734230301441831,1.882661218597782e-15,0.9999981687487755,0.24329381399729755
86c0155786371b31af2ff7dd,chebyshev_random,functional,inf,0.005724669630571083,9.816238821511195e-05,1.3109745937738972e-15,0.9999984866609751,0.2419530359984492
3b59a2d72533a05be5aaf2e6,chebyshev_random,functional,inf,2.1231656384134515e-05,9.329641555293383e-05,1.9178229010821187e-15,0.9999979671709142,0.24086199800149188
5b5a55f158e0b616a5efcb58,chebyshev_random,functional,inf,2.057115074408946e-05,0.0001123294083385653,1.2001107176949764e-15,0.999997986671006,0.24052049300007639
a0de8e08578b43caf87e3b8f,chebyshev_random,functional,inf,0.002200960727558684,8.415255769021083e-05,1.262862348730934e-15,0.9999984687729573,0.24257833500087145
ba3cda4d6ebf8398fe8a74d6,chebyshev_random,functional,inf,2.0543215855027794e-05,7.861653093378887e-05,1.0436464733023825e-15,0.9999979124639086,0.24276729800112662
692c532dd69f6107a2bea4e5,chebyshev_random,functional,inf,1.108253079864443e-05,0.00010870175664218236,1.532386413288703e-15,0.9999980253319172,0.24074731899963808
1482d744197ca4965f14c31a,chebyshev_random,functional,inf,3.808240774788598e-05,8.64539620754764e-05,1.5102684367945018e-15,0.9999979585814089,0.2425461719976738
5bf29e296a9023e9185afad6,chebyshev_random,functional,inf,3.0402071860989152e-05,0.00013126666560244222,1.4577717364225613e-15,0.9999981188681359,0.2418994740000926
e9342d916ae4d31e5c43c967,chebyshev_random,functional,inf,5.2160588198658666e-05,8.631664162044875e-05,1.3322676295501878e-15,0.9999982184868063,0.24302466700100922
e98eddda0f0db0be7e3cc32b,chebyshev_random,functional,inf,2.1009768816471086e-05,0.0001036923558754358,1.740221637918018e-15,0.9999979769893725,0.24248892399918986
365ac1766432cf4eb125412b,chebyshev_random,functional,inf,9.96782264646036e-06,0.00011016174839174562,1.3181049203578097e-15,0.9999980268224816,0.24110957000084454
8fe948b8dfe110ed39f2da04,chebyshev_random,functional,inf,0.0001158877056401974,0.0001009443675722502,1.6973316962111886e-15,0.9999982597771523,0.24050382600034936
25a60130a9bc0fd8fda68eaa,chebyshev_random,functional,inf,3.69876374245034e-05,0.0001347516940884263,1.4067451911678892e-15,0.99999820294625,0.24095814999964205
ddfa1cf369eb2595cf265b09,chebyshev_random,functional,inf,0.00019129804282864299,7.799910767517872e-05,1.2100546255735689e-15,0.9999979124902342,0.2410210919988458
90a82e6c4f9bcf1240ed26b6,chebyshev_random,functional,inf,1.026216732679776e-05,7.910799494658835e-05,2.141066150500223e-15,0.9999980158191158,0.24182010799995624
51130b6036c467405c079a5d,chebyshev_random,functional,inf,3.0112408168507154e-05,0.00011634306649504156,2.124461594503545e-15,0.9999980118916818,0.24105684100140934
80389d8815fbb5206a82bd04,chebyshev_random,functional,inf,3.830170957263451e-05,8.005220648608137e-05,1.3756035597128221e-15,0.9999979256968877,0.2403329830012808
cefbf4853e690c29b88eb21a,chebyshev_random,functional,inf,1.5158646132660845e-05,9.648375049139665e-05,1.3328577745880844e-15,0.9999979644689143,0.24070002699954784
f063cf5c736bccf95b2e9cb1,chebyshev_random,functional,inf,1.786909475790832e-05,0.0001175673887760138,2.0035854369164775e-15,0.9999980100751057,0.24156114400102524
8e51b9a77a1b523a407967b9,chebyshev_random,functional,inf,0.0012182387213805477,8.770162209409854e-05,2.10669872390771e-15,0.9999984468797976,0.24280021999948076
715846a0f375e6d5fade2e3c,chebyshev_random,functional,inf,2.9819188621775324e-05,9.483086480180208e-05,1.240728119671005e-15,0.9999979688760814,0.24280157400062308
bf8bff5de586a9768f891f0c,chebyshev_random,functional,inf,2.592312106249345e-05,9.15480572396146e-05,1.4538371581153605e-15,0.9999980025625861,0.2412596729991492
afdcf3a89ae88c9354892893,chebyshev_random,functional,inf,1.5141620791393832e-05,9.435171441325358e-05,1.3830386748071794e-15,0.9999978749028676,0.24586468399866135
1f4f436ad9a05ac6c884899a,chebyshev_random,functional,inf,2.639107558637591e-05,0.0001070108619340112,1.0364995851436416e-15,0.9999980947350855,0.24059110899906955
5afd1401f4948646ee259f04,chebyshev_random,functional,inf,0.0017408719190270875,8.394980065300848e-05,1.4705105685336454e-15,0.9999982714661688,0.2416905769969162
ca2f37a8b24e4a74b125334a,chebyshev_random,functional,inf,1.916043106295125e-05,0.00016125627621203843,1.1362036583903963e-15,0.9999979557041171,0.24133774399888352
a70fe45849ce6f1f53f70dc9,chebyshev_random,functional,inf,1.3348247282139889e-05,0.00010402109734988729,1.3018303790155647e-15,0.9999979439720815,0.2412861580014578
7bbea76d9ddf58d9423edbb4,chebyshev_random,functional,inf,6.002905764277764e-05,9.134826410206916e-05,1.1017544644919438e-15,0.9999979336694517,0.2409160780007369
4ae948c5ca84448c4c7a657c,chebyshev_random,functional,inf,0.010575666853950293,5.486186093865915e-05,1.3322676295501878e-15,0.9999983880887547,0.24094564499682747
0134055382a9cb6d8e2987b7,chebyshev_random,functional,inf,1.5393051321896145e-05,0.0001105525340450506,1.3799379923265323e-15,0.999998002185305,0.24231759500253247
3e7ccb110e49747fc61c2cd0,chebyshev_random,functional,inf,1.1595476286641245e-05,0.00010003959551144466,1.531132567716171e-15,0.9999979414087558,0.2411898120008118
92a240b12c1c922b2c0e1780,chebyshev_random,functional,inf,7.147175520358416e-05,9.413954418630773e-05,1.0301983947333993e-15,0.9999979232554255,0.24181397400025162
9c4cb433752f9f569a105520,chebyshev_random,functional,inf,1.4795474421565294e-05,0.00010160830980103105,1.855310396770785e-15,0.9999980259975961,0.242257100999268
be2511a55e7a0a7ea8047b07,chebyshev_random,functional,inf,2.8074617655074387e-05,7.214412707989619e-05,1.679014605343775e-15,0.99999792327593,0.24279816499984008
32e85529b175799eb4baa242,chebyshev_random,functional,inf,1.2924530166763782e-05,8.882166143515141e-05,1.188189002621729e-15,0.9999980854969404,0.24200631100029568
a93fa5459eda7869860038c7,chebyshev_random,functional,inf,1.5096430109932492e-05,0.0004918824229836842,1.3685158240450036e-15,0.9999980296232258,0.2410503669998434
e589adee6fe61f56fb08f28d,chebyshev_random,functional,inf,1.6954436658474286e-05,9.68839860623567e-05,1.0955826560549485e-15,0.9999980141614437,0.24038117099917145
fc365d3fd226923cdf03b1fa,chebyshev_random,functional,inf,2.7678870036127427e-05,9.748015282259126e-05,1.428168591318928e-15,0.9999980033063333,0.24076680700090947
b939bbfc54b2d057268c1220,chebyshev_random,functional,inf,9.523046237320376e-06,0.0001079589856550733,1.7400076165267615e-15,0.9999980355787097,0.2416219290025765
130e08b10b353f076359b2a3,chebyshev_random,functional,inf,0.02195011936980391,6.449429151041193e-05,1.2733077836741841e-15,0.9999985557648311,0.24166115900152363
99bcdec1a2e88bdd01df94a2,chebyshev_random,functional,inf,3.616050219129458e-05,0.00012057385814823362,1.099118340023665e-15,0.9999979372796642,0.2426583929991466
8065686d466d1b6691e7dcc0,chebyshev_random,functional,inf,6.162215053670962e-06,7.409955628668289e-05,1.3389823823105869e-15,0.9999979682347029,0.2410493339993991
373cf35c237cfb6f672c10b1,chebyshev_random,functional,inf,1.6644678211825376e-05,0.0001091740113975438,1.7292569371645505e-15,0.9999980038472956,0.24145882800075924
39f8e5599ce2edc1c97184a3,chebyshev_random,functional,inf,3.126458359501133e-05,8.076258719784858e-05,1.3370870002590978e-15,0.999998016752789,0.24183416099913302
e2b3947ce3e8b76000612470,chebyshev_random,functional,inf,0.006923395016980568,0.0010331352519372514,1.1103900480555638e-15,0.9999985301627375,0.241944057001092
6a6ccb54f940412e4d132300,chebyshev_random,functional,inf,2.501891396687526e-05,9.803233966440968e-05,1.530631127218261e-15,0.9999980513912616,0.24190288599857013
d9dd57860f9a5cd3154db782,chebyshev_random,functional,inf,3.288801084669524e-05,7.308909704473258e-05,1.4087672543483874e-15,0.999997907483194,0.25467376899905503
250944ece40a18d102111159,chebyshev_random,functional,inf,2.425378234663777e-05,0.00012841408682866506,1.7652592261532223e-15,0.9999980379063206,0.24077897600000142
bcb9a94804123405b5ba4d64,chebyshev_random,functional,inf,0.0006521918325902747,6.42728142236289e-05,1.1646236097834456e-15,0.9999981973302031,0.24568832499790005
d177da62b8adb688cf6605ac,chebyshev_random,functional,inf,1.7246946633414618e-05,0.00016175304843781422,1.1551317444598827e-15,0.9999979656790584,0.24132723200091277
462f25d2186c70ad4f050e2a,chebyshev_random,functional,inf,1.7397506793068574e-05,9.058222359956919e-05,1.023696842179492e-15,0.999998009581646,0.24286853400190012
be87878a9a6a54bf7c407071,chebyshev_random,functional,inf,1.2969267286486905e-05,8.104704761470647e-05,1.7600094284499736e-15,0.9999979684547917,0.24215063899828237
04e6d2434290252eba2cb970,chebyshev_random,functional,inf,1.2453262342582856e-05,0.0006732390208296467,1.408523001732425e-15,0.9999980137648414,0.24307915700046578
0f96144bb50205037f9a179d,chebyshev_random,functional,inf,4.768443932685321e-05,7.368658278744707e-05,1.2014470350239873e-15,0.9999979601657487,0.24235840999972424
e1fa8cbc1bc99598215f6d91,chebyshev_random,functional,inf,0.00015439161086876064,9.436052309814371e-05,1.6322781075963567e-15,0.999998247964734,0.24248915100179147
5ff6d1d7a6b8a99ab5aa218b,chebyshev_random,functional,inf,3.64806082500904e-05,0.0002144104557738178,1.689436793277407e-15,0.9999980677289958,0.2416724550021172
4637cb7f9d378602f60c428a,chebyshev_random,functional,inf,0.00024177332359929618,8.568350899311981e-05,1.2421295883295277e-15,0.9999979551413039,0.24185401700015063
8d89ca419b0cb791019b843d,chebyshev_random,functional,inf,1.2969803184774902e-05,8.977530987100772e-05,1.2042688398814488e-15,0.9999980429651936,0.24129378699944937
fae11512542e7056bb5d71c4,chebyshev_random,functional,inf,6.72822444992854e-05,7.536435134186088e-05,1.2159787785090039e-15,0.9999979877620067,0.24239061799744377
a474b17cb69114d76f3fed2a,chebyshev_random,functional,inf,2.9762997336381257e-05,0.0001287848179589477,1.0269068398222646e-15,0.9999981676725993,0.24097742000230937
08e281f3eefae158abe7c704,chebyshev_random,functional,inf,0.0008868321335739218,8.907810909372711e-05,2.056358055775879e-15,0.9999982784194674,0.2405140009977913
0cfd0ac02f25f1aff961c9ba,chebyshev_random,functional,inf,3.07268366492244e-05,0.00010068628288900781,1.3424222256187153e-15,0.999997952243231,0.2405486169991491
82e14688bdfceac324e2e557,chebyshev_random,functional,inf,1.73675813147774e-05,0.0001037652281188704,1.351641055596206e-15,0.9999980128256836,0.24074895099693094
709ae34c0bbe64f821da70d0,chebyshev_random,functional,inf,0.0003569644802509953,9.500276908732644e-05,1.7817396008608513e-15,0.9999983486698281,0.24050725800043438
a02d1ca2d9c7e53bf2bce2cb,chebyshev_random,functional,inf,4.1641476162351956e-05,0.00021681093015556507,1.4164959770202246e-15,0.9999980028938676,0.24141379199863877
a73b6125147499a47744aa86,chebyshev_random,functional,inf,1.3351861499122106e-05,8.485344728299372e-05,1.2566832754732415e-15,0.999998011586149,0.24140986199927283
5a3918dc5d984b73194f1f31,chebyshev_random,functional,inf,1.9493791864766993e-05,8.963408819487411e-05,9.332179161551963e-16,0.999997973781425,0.2408422119988245
9fdd24deee1ce48821a8f0eb,chebyshev_random,functional,inf,8.311425639787897e-06,8.794415476657898e-05,1.3360657066260486e-15,0.9999978820090495,0.2413085280022642
cdae6e20c92c20da5b530294,chebyshev_random,functional,inf,0.0009669446289398221,8.239295061805577e-05,1.691042446902721e-15,0.9999983272098804,0.24184372600211645
d2827458bf85aca1011797e6,chebyshev_random,functional,inf,1.6210411434137518e-05,0.00012694991369286923,1.281632661139937e-15,0.9999980248767916,0.24143456900128513
1708a96e21a09047034ddfcb,chebyshev_random,functional,inf,3.9630174831372204e-05,0.0002861028854750676,1.9247283642198445e-15,0.9999979692712955,0.24176708799859625
deef108e0b16db023fe89f7f,chebyshev_random,functional,inf,0.00019522061846419668,0.00010095388524100927,1.1217688463567574e-15,0.9999981483198096,0.24143266300234245
2ab5e66f83dcf3d17f348af6,chebyshev_random,functional,inf,1.1455058748576841e-05,0.00010610673517768607,1.1705215647824586e-15,0.999998035920897,0.24099364100038656
81db89779c16a5571c2ccd25,chebyshev_random,functional,inf,4.51019384916004e-05,7.870544909617188e-05,1.5310742445636833e-15,0.9999979670271472,0.24080870200123172
d49a0ab28363bc66543a5277,chebyshev_random,functional,inf,6.195779481718191e-05,7.669557440787615e-05,1.698891101056931e-15,0.9999979958560409,0.24164533200018923
a7cff3bbb63e771aa0a17db6,chebyshev_random,functional,inf,7.473309647212039e-06,0.00011239556604014791,1.5288855823835553e-15,0.9999979904241207,0.24157146799916518
ae631525d1ea7446ca830b4c,chebyshev_random,functional,inf,0.0007512470967059355,0.00010157036678988426,1.8034112901112345e-15,0.999998405676966,0.24096292499962146
15776ecbb5a10064653b1ae2,chebyshev_random,functional,inf,4.2925801263142146e-05,9.134971112386948e-05,1.5017074131122994e-15,0.999997973748778,0.24133229899962316
df9722aed57b8521c835855e,chebyshev_random,functional,inf,1.6494539836232013e-05,0.00010668222043167276,1.9336484996202428e-15,0.9999979948404352,0.24038524000206962
75d6ae41cd45778632ad2a41,chebyshev_random,functional,inf,0.00019289420833105462,7.725854848939031e-05,1.5579374184622694e-15,0.999998126281171,0.2420192159988801
b2dc2d64e6d11883a606f156,chebyshev_random,functional,inf,5.344005051632386e-05,0.00019317392004760593,1.717970985234225e-15,0.9999980249451932,0.24050229900240083
71269f0a9a5667daff12aab8,chebyshev_random,functional,inf,9.747144987562002e-05,6.813552092481606e-05,1.3803668471006377e-15,0.9999980272421904,0.24421569900005125
0b8dba6017b633d4b78c6180,chebyshev_random,functional,inf,1.478160529387084e-05,9.60542709352997e-05,1.3459851773412328e-15,0.9999980010047791,0.2416562750004232
ee2022a8e811e4513e641058,chebyshev_random,functional,inf,0.0001207477278471041,0.0006531872065012934,1.666621102850022e-15,0.9999982289730173,0.24254305599970394
805f014cd2cbc746072a8fb1,chebyshev_random,functional,inf,0.0030374995363648296,6.942255519072937e-05,1.5184511174718245e-15,0.9999983842215746,0.2413162810007634
b606dfdd56c627796b40c3e8,chebyshev_random,functional,inf,2.669434914341657e-05,0.0008212089146458867,1.8224293387150592e-15,0.9999979709906082,0.24116005500036408
0c04d8ba0f4afd559416f8b2,chebyshev_random,functional,inf,1.8340297931081e-05,9.815399499132377e-05,2.1026876813566205e-15,0.9999979072531315,0.24023553400184028
2067c1b028499fa52b1a19c1,chebyshev_random,functional,inf,6.524052207380287e-05,8.749636981494618e-05,1.6172920899765459e-15,0.9999982036240673,0.24001625899836654
134a67a5af00303c77ba0500,chebyshev_random,functional,inf,6.595251543407207e-06,0.00011665795076002274,1.2098334434974499e-15,0.9999980428861203,0.24179741900297813
f84f822f838318bec4df7d11,chebyshev_random,functional,inf,3.985806840995539e-05,7.68011753932468e-05,9.282874865372095e-16,0.9999979386709246,0.24119953899935354
c76355e7e6d3d7ff79ec6d0e,chebyshev_random,functional,inf,1.1506803576803228e-05,0.00037560338947813,1.173881507481028e-15,0.9999980239167198,0.24147718099993654
26c2e7922272261924f74ee9,chebyshev_random,functional,inf,0.001252875185925169,7.007903027981398e-05,1.0645205318911103e-15,0.9999983677140174,0.2408209960012755
baaed873686f6b7b2c1bd4c1,chebyshev_random,functional,inf,2.7925158446341945e-05,0.00012754668838562506,1.3500530533027872e-15,0.9999978983826214,0.24167119699995965
a3f92efa04e25e64f123d76e,chebyshev_random,functional,inf,1.4884086905055485e-05,0.00010777071583253571,1.2797612610160882e-15,0.9999981674546856,0.24022022599820048
43b861b5b674a87de4d0f631,chebyshev_random,functional,inf,0.00022531153918046995,9.454506707222922e-05,9.15986445062462e-16,0.9999982937487508,0.2419147479995445
da9079d067cb2b013d2817a1,chebyshev_random,functional,inf,0.001917041306040851,0.00011156697083437544,1.0792896660368799e-15,0.9999984127699314,0.24533452399919042
955e885fd2961aa50d681b8b,chebyshev_random,functional,inf,3.3275653786375165e-05,8.833322069059646e-05,1.0731290654473888e-15,0.9999981229235801,0.24128147000010358
7bb097d6ad7676a72ce4d0c0,chebyshev_random,functional,inf,1.7470209359218845e-05,8.255187471253133e-05,2.156841355275431e-15,0.999997912887996,0.24083342100129812
a0cb70ec9efa7512d1e0dcfa,chebyshev_random,functional,inf,1.257109757240217e-05,0.00010166255771273558,1.264994623057826e-15,0.9999980612325465,0.24137872500068625
b3bb22c8c2676d84d492c1b4,chebyshev_random,functional,inf,6.912060393565384e-05,9.820098051653666e-05,1.4816191228476577e-15,0.9999981619472196,0.24224153899922385
2bec89809aa9e0fc5e28aeb8,chebyshev_random,functional,inf,9.836168306713935e-06,0.000239616494041914,1.2941577348402345e-15,0.9999979648340959,0.24176955000075395
605f0320305b471aa3544c97,chebyshev_random,functional,inf,8.452923407513488e-05,7.437306348818724e-05,9.252669720259249e-16,0.9999980485495293,0.24257134399886127
6ed95b8ee15b943325617ab2,chebyshev_random,functional,inf,3.905676089841794e-06,8.290101454463343e-05,1.3322676295501878e-15,0.9999980439218956,0.24063229100283934
1112bcb259fab17fb319b689,chebyshev_random,functional,inf,4.9813555377126875e-05,0.00018824495601362813,1.1120903302640746e-15,0.9999979803407743,0.24114090599687188
cab55a9cfa9f34dc4dd802f9,chebyshev_random,functional,inf,3.506841075612136e-05,8.298488441359838e-05,1.4826530311116951e-15,0.9999979785966456,0.24236950500198873
1d168aa42df8ab6e78ad7ac9,chebyshev_random,functional,inf,1.7800174187014336e-05,0.00010063265198172452,1.228477547307551e-15,0.9999979014359041,0.24104720299874316
13f12eff29edb0c8a52fa91b,gaussian_random_field,functional,inf,9.861996089245282e-06,0.000733622159189998,1.3710194680088323e-15,0.9999981052819245,0.3171000839975022
9b3139d61f503a1b3d81558a,gaussian_random_field,functional,inf,1.251921010851693e-05,0.0005773832984528486,9.078117662837967e-16,0.9999979277934649,0.3134820289997151
69dfc5a605eb4251ec626b1d,gaussian_random_field,functional,inf,0.00011037207746923373,0.0012252716862234414,2.3403222258102585e-15,0.9999978579434046,0.31258933400022215
e87d3fb8f80d4706fdc281c4,gaussian_random_field,functional,inf,1.8296049439541574e-05,0.0013905193189978778,1.291338670059348e-15,0.9999973585950431,0.3128341950032336
81ac793e237869f13e110627,gaussian_random_field,functional,inf,2.4520233234709682e-05,0.0022990738875854214,8.711109672020246e-16,0.999997407096867,0.31283548999999766
1b775f3a111c9901bbf1afa0,gaussian_random_field,functional,inf,1.3288789334504016e-05,0.002162574962815931,1.5593583426630852e-15,0.9999965293364106,0.3137495890005084
7492b3e5b0736dae1888770e,gaussian_random_field,functional,inf,8.065177996227121e-05,0.002858452225908774,1.1258673790538086e-15,0.9999979437064029,0.31436800100345863
929b75bf67050039604cc1d1,gaussian_random_field,functional,inf,0.024700707477353343,0.000779915720704189,1.2274764277138746e-15,0.9999981831089381,0.31513750099838944
bcc67832c8620c86b4a26baa,gaussian_random_field,functional,inf,0.038593241310497926,0.001319707056827033,1.0730484426360598e-15,0.9999982539505509,0.3132784269982949
b9760b45d50ac132793f1375,gaussian_random_field,functional,inf,5.440601224799014e-06,0.003811394541355021,1.4587851934297655e-15,0.9999979421099789,0.3125296639991575
c1fe5dabd3dc6ffda86d094b,gaussian_random_field,functional,inf,6.841785086144877e-06,0.0030863309477263145,1.2736088103379756e-15,0.9999980282765042,0.31272836000061943
f02f6a969035c43da602808d,gaussian_random_field,functional,inf,4.383540023121105e-05,0.0012797419759357656,1.046180924575815e-15,0.9999978511257621,0.3130616350026685
d5c59a8be60513bd16706785,gaussian_random_field,functional,inf,0.027954852473090746,0.0003530370495731966,1.4990310526891409e-15,0.9999987214093874,0.3125797920001787
aebf735df6c10e3ffe03446b,gaussian_random_field,functional,inf,5.211708748611684e-06,0.001586164505983972,1.2169074226112163e-15,0.9999977622713667,0.31351082299806876
0d20fd0d389032b147cef802,gaussian_random_field,functional,inf,4.950626511108277e-07,0.0005914732738569626,1.3935191912443807e-15,0.9999976931628226,0.312944516997959
b1885c43019b92008e87a14c,gaussian_random_field,functional,inf,0.0011111755646553041,0.0008721534952088707,1.2559979095061495e-15,0.9999980624361064,0.31309665399749065
2a7bd3036fdde1d215a0348d,gaussian_random_field,functional,inf,0.0014927190471419067,0.001969491902851139,1.6107874084621259e-15,0.9999974656622798,0.31308379199981573
3fa35afb42b98a51c5c53d88,gaussian_random_field,functional,inf,1.0894395568515143e-05,0.0009633138578004178,1.304150429548649e-15,0.9999979396595479,0.31355305899705854
7edc0aac016cacb2483ce044,gaussian_random_field,functional,inf,2.985135133310956e-05,0.0010830653036838483,1.5699643937659667e-15,0.9999980894961548,0.31417275599960703
99bf68848bd00700d75784d0,gaussian_random_field,functional,inf,4.367675101234964e-05,0.001779302568963842,1.3322676295501878e-15,0.999997946146029,0.31359486400106107
6ad82fde733ce9ebca2e73d9,gaussian_random_field,functional,inf,2.71538672226602e-05,0.0005582857164001292,1.7945217496401527e-15,0.9999979688328218,0.3122132789976604
1d717d4f6d9bf7be368a4e07,gaussian_random_field,functional,inf,5.370162314392414e-06,0.0017102097890248813,1.1131910848117558e-15,0.9999978449763056,0.3135066430004372
0a9e8bc82f3dc0cc4ed2bff8,gaussian_random_field,functional,inf,0.00020117236080707148,0.00926960907028442,1.7763568394002505e-15,0.9999999999999978,0.3131134909999673
0fff6774d8229a68e2c8b8ac,gaussian_random_field,functional,inf,0.04084055589794333,0.0007388833377403694,1.905429572787433e-15,0.9999978344028039,0.3127543200025684
f62f0f8bea6b6025fedd1ea2,gaussian_random_field,functional,inf,4.298744945717606e-06,0.0013488731149995568,1.1033723904604612e-15,0.9999980397965853,0.31362622800224926
c7e0a0ab52b23e0bd994d6d2,gaussian_random_field,functional,inf,3.511322884521516e-05,0.00558316266488442,1.2746223816724695e-15,0.999997519902002,0.3123942470010661
7a620358b62298c5c6fbe0a3,gaussian_random_field,functional,inf,0.0013654610111111171,0.00040263433305140565,1.3143468926873536e-15,0.9999984053057884,0.31575668200093787
90510a8d0f5096c3eba4a118,gaussian_random_field,functional,inf,6.15821788217541e-06,0.0010711376110333207,1.0494982820577933e-15,0.9999979922656826,0.31385724800202297
6dfbba099b6d367a94c40dc2,gaussian_random_field,functional,inf,0.00147139139633141,0.0007281055598900736,1.0955149609983345e-15,0.9999983324264976,0.31333084399739164
9cc1088a1e9eef230167a3e7,gaussian_random_field,functional,inf,7.314644868604868e-06,0.0017068795145528902,1.0033912432891687e-15,0.9999979986133289,0.3117804009998508
572ccef4c08a1b025bbcc996,gaussian_random_field,functional,inf,1.3858487547320184e-05,0.0016004981286010331,9.87489899713301e-16,0.9999972679624487,0.3117464970018773
c20bd1453d84d12ff731899c,gaussian_random_field,functional,inf,0.003517605618927783,0.0005033034078697478,1.1347794726042917e-15,0.9999977993695791,0.31230228600179544
e89d195f634bc4a52a746aa7,gaussian_random_field,functional,inf,2.0149964538202543e-05,0.01426211968997062,1.1102230246251565e-15,0.999999688604726,0.3122793919974356
7d02868c22706c5c5247688f,gaussian_random_field,functional,inf,1.379634590737875e-05,0.0016756983102968945,1.317286265824487e-15,0.9999978994725035,0.31298275500012096
d0d9e7098fbfa203407e48e8,gaussian_random_field,functional,inf,6.0376137372560926e-06,0.002430729385839666,1.0940854239889963e-15,0.9999979922374497,0.31373665999853984
9f64e62098b805f957fc60a8,gaussian_random_field,functional,inf,0.0010287714700475843,0.0024988829775412905,1.6086722679311584e-15,0.9999982327982289,0.3146473019987752
f5a2886b9607e052acc8136d,gaussian_random_field,functional,inf,0.004576786046531114,0.0032153709496539912,1.3712356979259772e-15,0.9999958723198614,0.313622335997934
5823e092c3a718e92524091c,gaussian_random_field,functional,inf,7.321479185064129e-05,0.0021186190678122246,1.2212453270876722e-15,0.9999978218287209,0.3130088779980724
64bfcb892dd4805ca53a1e4c,gaussian_random_field,functional,inf,3.191329737311499e-06,0.0006320403535386064,1.4360636133186543e-15,0.9999964206464789,0.3126658939982008
a3a05348ab88ac1a23ec6c5a,gaussian_random_field,functional,inf,5.356840975744562e-06,0.007034959657573508,1.258068585649787e-15,0.9999975677786032,0.31328698699871893
21a6e23ffc289fe7acf83172,gaussian_random_field,functional,inf,0.000693801029781832,0.0028680591538524074,1.3462807015104534e-15,0.9999967137475922,0.3144249549986853
94bb7f14a5b5296d030fc157,gaussian_random_field,functional,inf,1.2296899010375626e-05,0.004353630870859765,1.1151282187890882e-15,0.9999977108474596,0.3133077980019152
68bdd1db4cffe27dc407b521,gaussian_random_field,functional,inf,2.6972374426664575e-05,0.007789900151385771,1.5595090480519259e-15,0.9999977973859643,0.31255438500011223
3f01a74c1a8116231d29d975,gaussian_random_field,functional,inf,0.00041082487927252063,0.00037946033516061354,1.6132400573879375e-15,0.9999982304544154,0.3134524689994578
bfdbcfd5d22c47d1de3b8b23,gaussian_random_field,functional,inf,0.00014094137987285206,0.0031089623545832125,1.2872878927070117e-15,0.9999976434329995,0.3129676489988924
320dfe29a91010982027d754,gaussian_random_field,functional,inf,2.501671600108025e-05,0.0013026908381759729,1.5755871060543818e-15,0.9999978342657982,0.31285367899909033
3d4096813917379fb804bc51,gaussian_random_field,functional,inf,1.6590886097698267e-06,0.008155574182492334,1.3813358975554593e-15,0.9999979804919283,0.3130825210027979
e069ebfcd154114860cd937c,gaussian_random_field,functional,inf,0.0027733894575266128,0.0008180612088861936,1.3112378071762296e-15,0.9999971553414939,0.3128903100005118
8a1f5dc722376bdf7e88e6d2,gaussian_random_field,functional,inf,0.00015334800534242597,0.0005634289165113687,1.5543122344752192e-15,0.9999977904176884,0.31385055299688247
9e2652ebd7689e74b377a8e3,gaussian_random_field,functional,inf,1.3286481833091226e-05,0.005280774776347709,1.4481223289757287e-15,0.999998022969051,0.31208225799855427
f192940289f9ccd9d5069781,gaussian_random_field,functional,inf,4.5174419654794e-06,0.005563964958410808,1.2212453270876722e-15,0.9999997685784233,0.31353581700022914
91f85e819d5106f984520523,gaussian_random_field,functional,inf,0.00022511396114934613,0.0020695245587966874,1.211264705009471e-15,0.9999980198760695,0.3138765269977739
c3132a63269b1515e15ebbd8,gaussian_random_field,functional,inf,1.886541445417506e-05,0.002403661866488206,1.3429235885767777e-15,0.9999978061800543,0.3130357509980968
ad0ad9a36e44c79394c64f00,gaussian_random_field,functional,inf,1.0658742821572357e-05,0.00574469422754408,1.3322676295501878e-15,0.999996888383057,0.31245202900026925
f3a80ec3d8f9925936ac3a06,gaussian_random_field,functional,inf,4.3041042178962204e-05,0.0006000049891771514,1.0812295197242897e-15,0.9999979135127474,0.3134215280006174
282c97b351a7c8bc78f68ac0,gaussian_random_field,functional,inf,0.0034817004672089676,0.00036635568960380566,1.3987753195090363e-15,0.9999973664982412,0.31334567399972
872eb5ce1dc2bf3556fd58bc,gaussian_random_field,functional,inf,6.555993090536722e-05,0.0006160672974287815,1.948216329353265e-15,0.9999982760707844,0.3202896519978822
130eb8d94092e7b554728876,gaussian_random_field,functional,inf,5.48228688529328e-06,0.0002676149506155863,1.3980599434321383e-15,0.9999975188604873,0.31335656399824074
47e4cc1d179a607744850d35,gaussian_random_field,functional,inf,4.594632736245436e-05,0.003010619049154547,1.5161858374226871e-15,0.9999977772400966,0.3119166510005016
e639e5b91c48084a82184aba,gaussian_random_field,functional,inf,0.0001310061894233734,0.003175661203007072,1.19807983660838e-15,0.9999968038040592,0.31197922700084746
230aec7d44de28bc220c3c28,gaussian_random_field,functional,inf,3.2407888858490964e-05,0.0003293357669914493,7.40522832125009e-16,0.9999977675646743,0.3115993389983487
ab749f56b0e7ac8554baf7b4,gaussian_random_field,functional,inf,3.882942833149211e-05,0.000738175400032213,1.4417725056289684e-15,0.9999979889796283,0.31279567199817393
3e82d99549059695b07405cd,gaussian_random_field,functional,inf,3.5594337473058e-05,0.0020822593013835864,9.579953392064953e-16,0.9999980729720315,0.31275238699890906
60b1ecd983bf66e63672efda,gaussian_random_field,functional,inf,0.00014575459456635852,0.004649386945410271,1.199754757564323e-15,0.9999979225516789,0.31239923300017836
44d81d0255fddabb38470c18,gaussian_random_field,functional,inf,2.982778448573471e-05,0.00025684772056225997,1.0668785321221312e-15,0.9999977100708723,0.3119023549988924
6688dfbd1cb4b1b241c2e46d,gaussian_random_field,functional,inf,5.363442128098932e-05,0.007462910445406749,1.4381326706640961e-15,0.9999974525337557,0.3128989780016127
7a5b3039d3d654239504e4f1,gaussian_random_field,functional,inf,0.001677185059398147,0.007110055352217335,1.554130291999961e-15,0.9999980327578287,0.31293174299935345
be0452189bb888b14b145d42,gaussian_random_field,functional,inf,1.405689745929115e-05,0.003665096315218026,1.134057802032496e-15,0.9999977551930389,0.3128396979991521
725f0a551eb0cd1f616f38ad,gaussian_random_field,functional,inf,1.7713003432737206e-05,0.0038823795569390292,9.68652235384289e-16,0.9999997920377096,0.3150670600007288
22c3e0f2416dc4f5917ece37,gaussian_random_field,functional,inf,0.0005062753133854816,0.0017511304400470815,1.3322676295501878e-15,0.9999983990139241,0.3124277230017469
23f3fc00af9c4cf376bb2501,gaussian_random_field,functional,inf,5.809385842738605e-06,0.005190023499368171,2.174134778263997e-15,0.9999974086092682,0.3127995719987666
d371ba91865eb69aa6144a40,gaussian_random_field,functional,inf,5.413378985304534e-06,0.0026318638370940936,1.3224624426541755e-15,0.9999980924304592,0.313235903999157
7a3de34f66b6a3d93ee9a0b8,gaussian_random_field,functional,inf,0.00026494806439860183,0.000485722829617647,9.947746816573488e-16,0.9999978540309888,0.3129436250019353
617377e57ef32a0ee1b90ce8,gaussian_random_field,functional,inf,1.3711253623313355e-05,0.0002969757441897777,9.539956239122406e-16,0.999997899654826,0.3136026110005332
251409ed9f1b6344610acbae,gaussian_random_field,functional,inf,5.917992471201271e-05,0.001313436657359071,1.2452197421302276e-15,0.9999975345346366,0.31277929399948334
4ccb2d76c3c853cb99213a6c,gaussian_random_field,functional,inf,0.0003193028151373867,0.004164326917490067,1.3263003835942913e-15,0.9999978559035303,0.3583525940011896
d011fc3e7c832235ebb61d59,gaussian_random_field,functional,inf,8.148363558920237e-06,0.0006441479009467166,1.0360326632914865e-15,0.9999976858493062,0.31362479599920334
d27ad377994af83be4ee1bf0,gaussian_random_field,functional,inf,0.0027944267244131493,0.0005990905553546232,1.4427771991469288e-15,0.9999967671200306,0.314306932999898
fcb67fd4301f65799ce68cbf,gaussian_random_field,functional,inf,0.0003347133868754962,0.013112284951547403,1.5543122344752192e-15,0.9999999999999991,0.3135436849988764
625dccddfa854e007059f622,gaussian_random_field,functional,inf,6.387099029785966e-06,0.002108259922810884,1.7614032088816489e-15,0.9999976932777419,0.3125227620002988
2d2e591fe7186ebaaa3f0538,gaussian_random_field,functional,inf,5.290147152581151e-05,0.0013043356937535815,1.5924457542305467e-15,0.9999979122260859,0.3127416679999442
5f736e496a23db440a75ce7d,gaussian_random_field,functional,inf,2.8463161892744996e-06,0.0007222621630655824,1.3322013984842515e-15,0.9999976870609186,0.3135677630016289
82c56cc44d7953c9581a7e47,gaussian_random_field,functional,inf,0.0020849460160211075,0.0009575208196120504,1.3224525343269247e-15,0.9999982151420768,0.31362020899905474
668d3e141c9a3d0690f59779,gaussian_random_field,functional,inf,3.2452290522419165e-05,0.007341471459365299,1.108668616318668e-15,0.9999979268536829,0.3122158459991624
5e5d0b6ea5788a1ecee05bc6,gaussian_random_field,functional,inf,2.2153199820518123e-05,0.0026276827331940924,1.0206581935059724e-15,0.9999978582799401,0.31277912099903915
af523639e1172941cc877b6f,gaussian_random_field,functional,inf,8.005936731567839e-05,0.0006171241059549078,1.4723896165602646e-15,0.9999977461100248,0.3130367690027924
658cb52ec0e849ffa20a6dfd,gaussian_random_field,functional,inf,8.413224918154699e-05,0.001964038743631109,1.4005024507530357e-15,0.9999979540390747,0.31312057499962975
1cc0a0c23a5bc802533c260f,gaussian_random_field,functional,inf,4.1940935384459004e-05,0.0022997740043381476,1.314992241081175e-15,0.9999969093268097,0.31337479700232507
83dd3a3e6757bca7ac893d55,gaussian_random_field,functional,inf,0.0035836725998421243,0.0005169369716136395,1.2044359157925002e-15,0.9999972421873145,0.3121600669983309
d8ef527235c8487c6c626219,gaussian_random_field,functional,inf,2.3264412723005294e-05,0.0013353599647980506,1.2871879558289925e-15,0.9999979311870664,0.31202574799681315
ea5e9f3472f462cd225bcf15,gaussian_random_field,functional,inf,3.1977884453868016e-05,0.001421724424879923,1.9376038284468527e-15,0.999998027006513,0.31324298399704276
7921e70ad27481d3d2b22351,gaussian_random_field,functional,inf,9.048187385071043e-06,0.001611839573917833,1.4435146085480554e-15,0.999997440168383,0.31284894599957624
e49dbc46875ee4c2b18d4621,gaussian_random_field,functional,inf,1.6693213676587204e-05,0.00044657938162363705,1.307504144216412e-15,0.9999979423308165,0.31320267699993565
2696e3c7977f00bbbbd3cdaa,gaussian_random_field,functional,inf,1.4910062906805929e-05,0.0006088557690463149,1.0139942374099947e-15,0.999997918299335,0.3139949020005588
44575e13f87cc5b7ef388137,gaussian_random_field,functional,inf,0.00010995712258331693,0.001051199973540208,1.007345830119421e-15,0.9999978192212245,0.3133251809995272
e6a41e5b3f96410ea7f6cfe5,gaussian_random_field,functional,inf,1.9056626575279015e-05,0.0005193702980404375,1.3152922325106584e-15,0.9999978406602796,0.3118426989967702
2d65553824e5df6b82693c2c,gaussian_random_field,functional,inf,1.6628810996555943e-05,0.0006265244714264869,1.6212824128627428e-15,0.9999978624955932,0.3160572630004026
b79128b8ca1329338f101828,gaussian_random_field,functional,inf,0.00025137784176839,0.0006533973599842501,1.1105920640693155e-15,0.9999979066807941,0.31444152599942754
145af2b6cef2450bcf3e7bb3,gaussian_random_field,functional,inf,2.3176576293665584e-06,0.005521842116734459,1.9541752849552327e-15,0.9999978011072552,0.3119617529991956
adf334c791e1284569a8ae84,gaussian_random_field,functional,inf,0.0018784229442942529,0.002618232954450789,1.5643102143379149e-15,0.999998116405788,0.3135896009989665
a00bbdd4cfa86acb27fb3340,gaussian_random_field,functional,inf,7.765320363694988e-06,0.00016562717199127819,1.2203384823517607e-15,0.9999980337902862,0.3139243240002543
f3110e669b7cf386162b0e4d,gaussian_random_field,functional,inf,2.8038791285365094e-05,0.0025590366365221147,1.3598980223660994e-15,0.9999978421366599,0.31987858100183075
2a42b0eed63c3cc883102dc0,gaussian_random_field,functional,inf,1.1741097532044839e-05,0.0017989977269684953,1.8812725717045046e-15,0.9999976453652452,0.31344319300114876
b6ba6c71ccf0b76683acd682,gaussian_random_field,functional,inf,6.699131888371978e-06,0.0008644018825594393,1.337612145057208e-15,0.9999977938689857,0.31303159999879426
2ec6eb7cf244cef7efd93b00,gaussian_random_field,functional,inf,0.0005473115250466813,0.0007546862123715148,9.992007221626409e-16,0.9999980258985125,0.3122097089981253
55c1eb0949c290d1a7b569b5,gaussian_random_field,functional,inf,0.00012345216891026026,0.007171736012733822,1.0356838657647103e-15,0.9999979176397942,0.3135571759994491
a7b7d2e5c364ae81b923675a,gaussian_random_field,functional,inf,1.6977390317915193e-05,0.008456609202152568,1.1957522699455687e-15,0.999997938953563,0.31310139300330775
f5c1bdd385d5e3542d4cb197,gaussian_random_field,functional,inf,4.4072991666935696e-05,0.001407595194904853,7.204459978312802e-16,0.9999970826868432,0.31361464300061925
5600c9f63a163fdc7e1d09d1,gaussian_random_field,functional,inf,0.0004322313466966821,0.0003054180485494998,1.3601832868706741e-15,0.9999977149553734,0.3142043970001396
ba0aff16e6da0de5b944daae,gaussian_random_field,functional,inf,0.0001460885477510264,0.004549386215217007,1.8647044962751626e-15,0.999999802909303,0.31289423199996236
294f6acdf3c88d2085633b2c,gaussian_random_field,functional,inf,0.0002556550002791167,0.0010012101226284566,1.5550007316406328e-15,0.9999980785144196,0.3133926769987738
364f000141605c83a0b9243d,gaussian_random_field,functional,inf,1.4802342889681705e-05,0.00026591269376364954,1.005321832083582e-15,0.9999980957662339,0.31311365500005195
73e48fb2e8fa018ea3498cc9,gaussian_random_field,functional,inf,3.5729825434063335e-05,0.006533336559328674,1.2397666685617194e-15,0.999998137711652,0.3138164929987397
4f963a8495ee8a954b444ad8,gaussian_random_field,functional,inf,5.021412063356511e-06,0.00993766470136949,2.0507470053379498e-15,0.9999979771532934,0.31227743300041766
be43433f82d8e2bbca493635,gaussian_random_field,functional,inf,0.00010231529524909672,0.0028154775576964158,1.6322805190303902e-15,0.9999979482173449,0.32009105600081966
97ba86b1f1ea220340b91827,gaussian_random_field,functional,inf,5.725836064873423e-06,0.00029463500450510615,1.1083646087667616e-15,0.9999982278145887,0.31441594699936104
b969333318ab1a06e1253540,gaussian_random_field,functional,inf,5.798633887265199e-06,0.005163466555259069,1.2288457910757596e-15,0.9999979193237286,0.3141282010001305
c7a65ed6ad55943c5d600044,gaussian_random_field,functional,inf,2.7540883193608387e-05,0.0077125942797847515,1.48014882167807e-15,0.9999970416099151,0.3135478990006959
90ed55b94e999bed54645455,gaussian_random_field,functional,inf,1.3825480326754603e-05,0.0017201910334830543,1.4594048075425523e-15,0.9999965017254818,0.313897777999955
146bf44006802b1f3080a333,gaussian_random_field,functional,inf,7.986441699649786e-07,0.0011913617382641568,1.0792948141880808e-15,0.9999977090785139,0.31309633000273607
44468ce961351565734f5b13,gaussian_random_field,functional,inf,0.00012458422133334123,0.0004897211459369504,1.3496267165673629e-15,0.9999980793165794,0.31261399300274206
b7db906597e6dd8ea740fca4,gaussian_random_field,functional,inf,9.931423550674593e-05,0.003714740226178139,1.4696151535305506e-15,0.9999980631514106,0.31368916100109345
9da64117531ea3a204b62c3c,gaussian_random_field,functional,inf,8.612389866609036e-06,0.001380958307490882,1.2899579369447012e-15,0.9999977227354901,0.3130098319998069
9f4ee02a9a7bbcc3f797867f,gaussian_random_field,functional,inf,0.0012245354724763479,0.0003797520893775367,1.5188909071281846e-15,0.999997658911851,0.3125790610029071
7987ed12caa546fbcfaf9f3d,gaussian_random_field,functional,inf,1.4985748809574827e-05,0.0004836675152020199,1.08704856680833e-15,0.9999978113304814,0.31533344800118357
e7ba8f7812c73b700635c11b,gaussian_random_field,functional,inf,5.334630439151728e-06,0.0015393237727737035,1.1912465381310102e-15,0.9999972727805067,0.3130035020003561
caf24b17639cf8293e2cb35c,gaussian_random_field,functional,inf,8.112006526103447e-06,0.007453014137512873,2.161859887625016e-15,0.9999979678188752,0.31367064099686104
076ba011c37bd6c51610009d,gaussian_random_field,functional,inf,1.933189311871602e-05,0.0011258656548629883,1.36661880165748e-15,0.9999979858572795,0.3143889129969466
b509266d717abde6296da5f0,reflected_potential,functional,inf,9.784369699448233e-05,0.004397933432272668,1.0703543620783185e-15,0.9999977285811432,0.1726436979988648
47cfcfccc354acc52f9f57a7,reflected_potential,functional,inf,0.0003493196019194462,0.012950893315324716,1.1102230246251565e-15,0.9999972492832976,0.1765896610013442
ee016d3fa180faff6e1afed9,reflected_potential,functional,inf,0.0020449353518871773,0.0036011980594969073,1.4140536218713827e-15,0.9999979169632841,0.16974356600258034
c7400c6f7517895a893bc9fe,reflected_potential,functional,inf,4.839889928036113e-05,0.009116292393139856,1.267253144687528e-15,0.9999973240996272,0.17330755999864778
d2d5642a3a2c5e7ba5acf0ff,reflected_potential,functional,inf,5.5381316358626555e-05,0.007274273533599912,1.4335078875195163e-15,0.9999970255593869,0.17140205100076855
b9ecf0547b77b59a33c2183d,reflected_potential,functional,inf,0.009106989658174984,0.00514324143471527,1.160136450142857e-15,0.9999982040987588,0.1687610129993118
89b75198dda877ea5ab9ee40,reflected_potential,functional,inf,0.00019059199623469662,0.004698023196879186,1.7183016491848283e-15,0.9999973983072292,0.174570973002119
4bfccf16b9e36255ba6409fa,reflected_potential,functional,inf,4.5730147572827904e-05,0.006249471789463919,1.3072322889181886e-15,0.9999973506687844,0.1807979149998573
c79bc3da58d02c4bc9fb744a,reflected_potential,functional,inf,4.988940494931077e-05,0.004192287092188327,9.76482787722448e-16,0.9999971360541133,0.1690668019982695
48c62afc9a0461048670b871,reflected_potential,functional,inf,0.00043534397145184663,0.0032818854044576614,1.4274638625470857e-15,0.999997631646219,0.17201095699783764
3e9703fca63f4b9d8f6c235e,reflected_potential,functional,inf,0.007198466452078801,0.007128888609478519,1.6123965993185344e-15,0.9999970304594322,0.16871886599983554
4e9b0ee4ff9cbba41be5026d,reflected_potential,functional,inf,4.059530090168754e-05,0.006998661675290668,1.4866936297274508e-15,0.9999975242607477,0.17199515600077575
79b02d7db509c5261f80d4a5,reflected_potential,functional,inf,4.2056875907126125e-05,0.007432822769778237,8.820361744853767e-16,0.9999974980217656,0.17136351900262525
ffc49e88c9f02f6d240ff22c,reflected_potential,functional,inf,0.0026831069392604574,0.010578917815388384,1.3322676295501878e-15,0.9999978213411589,0.1696633790015767
c718bfba888b1f11a0615bb3,reflected_potential,functional,inf,0.0015269182730615958,0.008380342321707734,1.2396257276167115e-15,0.9999980118395794,0.17232307700032834
2c186b5064b48d77b53ca0c8,reflected_potential,functional,inf,6.282102343569043e-05,0.0077692282016052746,1.1804655551266154e-15,0.9999970755060724,0.16834647599898744
be888d6065ef0b163f37364c,reflected_potential,functional,inf,0.00013196969381978899,0.0033845325516435928,1.4184160161986747e-15,0.9999974854095325,0.17242605299907154
714273a81a878b53e6c151c7,reflected_potential,functional,inf,0.0009192586077120452,0.00399298481404764,1.1944543223826742e-15,0.9999997821455516,0.1689505989997997
6dc102d1af1e2571104c1da6,reflected_potential,functional,inf,0.00514713466711207,0.0036968451007525203,1.2383131020828141e-15,0.999998138101214,0.1724881890004326
429e2bfcec60dc1fec1c7f80,reflected_potential,functional,inf,5.362894766872779e-05,0.004198738989287201,9.519939033495626e-16,0.9999971229701775,0.1688439970021136
5937c7d4dde01db7f951c756,reflected_potential,functional,inf,4.6940231518952855e-05,0.005922581087277206,1.3322676295501878e-15,0.9999973133202102,0.16881595199811272
b7b5992acb44217112b4f35c,reflected_potential,functional,inf,0.011154803037910572,0.010684765045346318,1.276433061424497e-15,0.9999981902380043,0.17241519700110075
031818367778bfa5c35a1c1e,reflected_potential,functional,inf,0.00023061408016023722,0.004079693371797582,1.7021120101804898e-15,0.9999997596548162,0.16800235399932717
ec26a653d02b0f832f552897,reflected_potential,functional,inf,6.32588429940753e-05,0.005925615864844637,9.708005088758202e-16,0.9999976319610212,0.17096599800061085
269050426cc11d087e067480,reflected_potential,functional,inf,5.268270642049363e-05,0.0045593356485309645,1.905157945725274e-15,0.9999971173001598,0.17133893899881514
addeeaec7fff71d97cbf4222,reflected_potential,functional,inf,0.00036890346043793346,0.007238525619509703,1.114017121689996e-15,0.9999978983051707,0.16870018400004483
fbabd6b99aacdf55dd924b48,reflected_potential,functional,inf,0.005608935957198841,0.00967111664434743,1.4177076360282537e-15,0.9999998122489263,0.17209236000053352
c6eb4b98c23dc0b06155af0e,reflected_potential,functional,inf,4.1739732262082955e-05,0.005069940369368228,1.1102230246251565e-15,0.9999975258091488,0.1703421559977869
7aef1287ffc8cb8d9699f12b,reflected_potential,functional,inf,0.0011382863591585014,0.013461557381232789,1.2622826440140446e-15,0.999996816511845,0.17207750200032024
c350dddf97e49e9660e268a4,reflected_potential,functional,inf,0.0007343224865778166,0.0031020169592267397,1.1409422566664374e-15,0.9999977444514814,0.16993640399959986
2aa2232779d75d51c8a6e94f,reflected_potential,functional,inf,6.38371431752719e-05,0.0038958916976344214,1.5035232708317984e-15,0.9999972148236418,0.17363387200020952
f14b11142ad352df4ce3b2e5,reflected_potential,functional,inf,5.45791286890668e-05,0.013036325567393977,1.6332403188412758e-15,0.999996890780127,0.17450021200056653
85a20188171489228d8f83f5,reflected_potential,functional,inf,0.0012508494865154218,0.00748410243329145,2.015077165553199e-15,0.9999979737702521,0.16896843799986527
091ac61b86f5032ff5a47f7c,reflected_potential,functional,inf,0.002232781201200851,0.007803227892887892,1.054149774725209e-15,0.9999997949715324,0.17206036299830885
06848b074312bfe0f0406f86,reflected_potential,functional,inf,5.259902678754315e-05,0.00463562570060357,1.2092657122895994e-15,0.9999997666280959,0.16877485700024408
162f6ceb29de9ad76cce169c,reflected_potential,functional,inf,3.960639411367103e-05,0.003270650605416006,1.6796550140250045e-15,0.999997576215171,0.16880288000174914
708d047393df7e7b5c8075aa,reflected_potential,functional,inf,0.00319664140462739,0.01450761951281537,1.4418818886304035e-15,0.9999971607013124,0.17180072699920856
681ebd44e31913818618f37b,reflected_potential,functional,inf,0.00020231540256988084,0.0061203247699048524,1.2842628889225197e-15,0.9999976628212637,0.16806158800318372
bef5c5094e42fc17100295ae,reflected_potential,functional,inf,4.698761162109455e-05,0.004890023660920946,9.780843665012712e-16,0.9999972896973551,0.172044906001247
0f9eea63de1615b3ef9da47a,reflected_potential,functional,inf,4.815092855434084e-05,0.010860377012542121,1.1102230246251565e-15,0.9999974273654771,0.17231435700159636
0fb982ac863fc7c727761494,reflected_potential,functional,inf,0.00023252477656191746,0.004567243542579491,8.483229006720336e-16,0.9999974416186003,0.16871404199991957
e6129e2adc5cb926ea222c43,reflected_potential,functional,inf,0.011469492847199425,0.003999062056583745,1.1755759502601513e-15,0.9999983074567628,0.17239463399891974
44588590d685b95467ef5749,reflected_potential,functional,inf,5.0995980919728963e-05,0.003939166294701978,1.2500544106847966e-15,0.999997170295236,0.1688127950001217
60f10a2a21871fb94fe85d62,reflected_potential,functional,inf,4.9282618968619516e-05,0.005470436259654869,1.874428289650849e-15,0.9999972671895841,0.16864958900259808
04c608b400daadbab8dc31e3,reflected_potential,functional,inf,0.004711455491975566,0.0074790878187780095,1.341669527140251e-15,0.9999979942277791,0.17182030599724385
1c6264b1b32b0c169d526a4d,reflected_potential,functional,inf,0.0008684454300387579,0.003326629666487788,1.1344678046607615e-15,0.9999997667406507,0.1683419330001925
5e49df6df49a02d82912de28,reflected_potential,functional,inf,0.00020273617285283355,0.01066411408443463,8.339457460023299e-16,0.9999977034726868,0.1716608200003975
a2f38f480ede961e2513e831,reflected_potential,functional,inf,9.681704941198627e-05,0.0033769034994820387,1.4227822130131183e-15,0.9999973376019253,0.16945173599742702
7664b8fd82f7415690817449,reflected_potential,functional,inf,0.0011820026803243228,0.003034120451092193,1.4759306127675854e-15,0.9999978420777735,0.17160344300282304
fb5f3db520dee03bf3b5d8bf,reflected_potential,functional,inf,0.00247722909110348,0.00824656446746798,1.5543122344752192e-15,0.9999997920341724,0.1685693369981891
59d4b149a9f764fd436ad41e,reflected_potential,functional,inf,3.8504869929701655e-05,0.0021839907306063925,1.4326217503442491e-15,0.9999976172803766,0.17111193199889385
d50fe17b75272c0401c293bc,reflected_potential,functional,inf,4.401816097155173e-05,0.012125024066688552,1.664486640581942e-15,0.9999973893348238,0.17271312800221494
99c918fe86c8583647fe1fe3,reflected_potential,functional,inf,0.008681731376558902,0.011522066112076765,1.2514129800745716e-15,0.9999976100064938,0.16823214499891037
c4758ac3082825e029a8133b,reflected_potential,functional,inf,0.000541235799356318,0.00542145843186146,1.323671818671728e-15,0.999997813692849,0.17146484600016265
79d94aa0ffa3b17bfb563ac6,reflected_potential,functional,inf,5.4432644161476536e-05,0.010381662871207247,1.215415427520478e-15,0.999996986017502,0.17053843399844482
d2a1d92cfa914ead90fb7176,reflected_potential,functional,inf,4.4708423990612394e-05,0.009492592670436006,1.3712842470560584e-15,0.9999975323210588,0.16942652400030056
aba52fc649165893daf486e4,reflected_potential,functional,inf,0.00014486425870902214,0.005154957501585418,1.3089342822127223e-15,0.9999997506426836,0.17428173799999058
f4c3bd6857c787af9519c009,reflected_potential,functional,inf,0.00710978518001491,0.0036526001198714524,1.316634424005619e-15,0.999999819689679,0.178195724998659
ef1bad989363bfd6e3562eb2,reflected_potential,functional,inf,4.9558764204398326e-05,0.004355542577623651,1.3754245786079474e-15,0.9999972028071754,0.17263277599704452
08d36be7efabe2e6e41667cc,reflected_potential,functional,inf,5.34127088814384e-05,0.004392972741886759,1.212769543572775e-15,0.9999971621161191,0.1729798109990952
d1e41d424378145094338100,reflected_potential,functional,inf,0.002931027854362447,0.0075588721889330215,1.6644365999418189e-15,0.9999981135011664,0.1699982430000091
b3ade3ddeb6911b29fa741f0,reflected_potential,functional,inf,0.000552673256530519,0.003981585616109571,1.5250451691616884e-15,0.9999976346131384,0.172869530000753
f523c19c6c80db31ff5d666b,reflected_potential,functional,inf,8.765070014528688e-05,0.008548492896950598,1.2895253463499898e-15,0.9999975402796615,0.16877418600051897
07f1af53635739e44e04eaa1,reflected_potential,functional,inf,5.901422328030026e-05,0.0034285522743567275,2.462199853561798e-15,0.9999972862334873,0.17221849799898337
12a873c4206bfa7c6a145f4a,reflected_potential,functional,inf,0.0008075395119134966,0.004330231666611801,1.6134357139905827e-15,0.9999978525826521,0.16828845600321074
7f7650c51b8f05705c91b4f3,reflected_potential,functional,inf,3.9173540664811186e-05,0.0028996050082800914,1.0287121969478732e-15,0.999997575145211,0.16944495499774348
7dd5d1125cda4603b56c6c62,reflected_potential,functional,inf,4.533489317651444e-05,0.008491055867728992,1.0384814973727319e-15,0.9999973480123231,0.16974030900018988
383c6b4095a19b36235cdcb5,reflected_potential,functional,inf,0.005359282968965193,0.004698313100082742,1.6175676496926105e-15,0.9999998053543263,0.17330747300002258
0c758099efb5d886d4c5bdc9,reflected_potential,functional,inf,0.00036300365680633955,0.006469810417731857,1.7763568394002505e-15,0.9999998006446161,0.16854128600243712
f8a6743aa719df6ce7a13c04,reflected_potential,functional,inf,5.430015905773526e-05,0.007390669654615375,1.0352519042681675e-15,0.9999970315094197,0.17168765400128905
514fd9f544dc5c8db5e654df,reflected_potential,functional,inf,7.920919785324954e-05,0.010039890400488674,1.5543122344752192e-15,0.9999997816186513,0.1713292390013521
aa6377758d6a01ba6b391526,reflected_potential,functional,inf,0.0002116378957385717,0.012176187009107163,1.1172185312096266e-15,0.999999750055515,0.16873309400034486
6d7f794d1fa2efee1eeff6bc,reflected_potential,functional,inf,0.010485254288608635,0.014424730191676128,1.783778314609424e-15,0.9999999999999993,0.171454196999548
f01049431ff85d6deaf956fe,reflected_potential,functional,inf,4.934854298286032e-05,0.004342650745774357,1.2130842066978413e-15,0.9999972444593759,0.1690842829993926
d4be31bc9b87a2e904b8fdeb,reflected_potential,functional,inf,5.093892831597559e-05,0.004621025043859295,1.2261128540314476e-15,0.9999971995320829,0.16827830699912738
23520c055a5fc3ffc2b29618,reflected_potential,functional,inf,0.005378321595668572,0.006387876970971166,1.0869709265278881e-15,0.999998207442018,0.17157222999958321
3910531f2ecd542de0e0f0dc,reflected_potential,functional,inf,0.0009416877106042553,0.007271516192362269,1.1204194697771258e-15,0.9999976385812533,0.16931865000151447
2bb5a1fb5e877b62681b1079,reflected_potential,functional,inf,0.00013126992332702453,0.005429988922182204,8.633129242935227e-16,0.9999975707621238,0.1721878700009256
52d77faf2276f71d555f0f68,reflected_potential,functional,inf,8.98514326132939e-05,0.0070843158883966105,1.1538044190448282e-15,0.9999997405815682,0.16888381099852268
283fa4bf291168dba0ab3422,reflected_potential,functional,inf,0.0017948169898609257,0.003780729432305899,9.7073951516239e-16,0.9999979652868553,0.17105495299983886
b9c3cccd3d7fb476db862614,reflected_potential,functional,inf,5.0928123175538594e-05,0.011361484631735549,1.153774500936995e-15,0.9999997691587568,0.17287497000143048
844a19e01bbdf9eaa0591a1d,reflected_potential,functional,inf,3.787536029399116e-05,0.00236226801634959,1.0240921645041982e-15,0.9999976142383898,0.1735798209992936
5554bbe720a7e33b3bee0e9b,reflected_potential,functional,inf,0.006049051975294969,0.010089056718214383,1.1266150671680361e-15,0.9999972684252552,0.16892304599969066
52374d9fd37e77833b74acab,reflected_potential,functional,inf,0.00033497973383677466,0.003339978971858368,7.672633450811572e-16,0.9999976639829191,0.17257750899807434
db760eb5bdadb2ae86eb10f7,reflected_potential,functional,inf,4.7219556429105506e-05,0.0039999786491670955,1.3156531142204526e-15,0.999997252145198,0.16857091800193302
be64d94bebb7e5d226655782,reflected_potential,functional,inf,4.963439658718378e-05,0.011831061453287522,1.0278811190165108e-15,0.9999997705737581,0.16860206999990623
730d5df836e112adaeabb71f,reflected_potential,functional,inf,0.0001614521120086184,0.0030749379875367458,1.7531401658297025e-15,0.9999974611093466,0.17298562900032266
ca7fae2eb3c574f9725d1ce4,reflected_potential,functional,inf,0.007449684520281904,0.004499685056192325,1.135432110301079e-15,0.9999982344585615,0.1692669840012968
eebcf91a92c2d72bbc37ed27,reflected_potential,functional,inf,5.310451323478965e-05,0.003996579496375889,1.4639865308292263e-15,0.9999971368950754,0.17120970700125326
fc3f572acdde784958f04a93,reflected_potential,functional,inf,5.065571785171264e-05,0.005007264138774751,1.1434871800734608e-15,0.9999972232631371,0.1716434139998455
fd995489ddacaa7727ea4ba4,reflected_potential,functional,inf,0.002465785348470258,0.005518771486208476,1.3435844909452577e-15,0.9999978830397035,0.16773187999933725
3bf1ef7586deb3cb86005342,reflected_potential,functional,inf,0.00014857096918301013,0.011974196142635906,1.6676311952230919e-15,0.9999997891794312,0.16873000399937155
41f17f4470eeaf5cab104044,reflected_potential,functional,inf,7.78826559186895e-05,0.004493504884837281,1.375030790811665e-15,0.9999974350292121,0.16830035200109705
1d484759918e29271bc2e51b,reflected_potential,functional,inf,0.0005509018314206906,0.007068366259737288,1.3266719920716564e-15,0.9999975340123771,0.1712200900001335
89aeba898ce9f59451795837,reflected_potential,functional,inf,0.003175242562036802,0.0036796089875406734,1.2345300275336595e-15,0.9999980551050351,0.1686447110005247
316a3b5fe34bf4b7d6dffff4,reflected_potential,functional,inf,5.488515987177191e-05,0.004905247314784959,1.2388134849005273e-15,0.9999970847623932,0.1728255550005997
02fc58d03e5fd753ab858d5a,reflected_potential,functional,inf,4.882631724854538e-05,0.005318914591831854,1.5440321852998598e-15,0.9999972750486839,0.17335313399962615
52621113e6fbd30921fc4353,reflected_potential,functional,inf,0.0064613554437257985,0.006295014031406788,1.089316475879112e-15,0.9999980933279145,0.17052572300235624
166fa4c8e7e70aab97e0a973,reflected_potential,functional,inf,0.00012124917314736849,0.007030158008960612,1.0121939825803952e-15,0.9999972362436413,0.17330017799758934
85b6f08acce2d6b7a4d87807,reflected_potential,functional,inf,4.548639949286266e-05,0.003958896216921615,1.4611901102093727e-15,0.9999976008978902,0.16871196899955976
1f3196e37ca5e2225e0d5876,reflected_potential,functional,inf,5.303344895297795e-05,0.0059814143133157084,1.2668591916814566e-15,0.9999970700805818,0.16944470400267164
5eceb5ea66a48c8fb937143e,reflected_potential,functional,inf,0.0006084763923267861,0.008064574179238476,1.1605783224766587e-15,0.9999998074373883,0.17721349699786515
f4b0993c580b8cdee9e545dd,reflected_potential,functional,inf,0.008829225840783909,0.01249648799184089,1.3580533350666093e-15,0.9999998190985584,0.16813456700037932
787c1a2b9cde0626074088d0,reflected_potential,functional,inf,4.8708870148049035e-05,0.007505430620037727,1.8640536390341567e-15,0.9999997724573219,0.1737445540020417
70505c9b3cd8e0e78531e80a,reflected_potential,functional,inf,3.980901560625048e-05,0.003480898455820014,1.490373480920005e-15,0.999997564772972,0.17283426599897211
6295b2579d3be75cf4f480bf,reflected_potential,functional,inf,0.0022579501289048177,0.011212865803132027,1.0841052173792868e-15,0.9999969195372365,0.16861348300153622
3a309d9c1603a2f6cded0f52,reflected_potential,functional,inf,0.0012494715710265481,0.0050992819600171055,8.881784197001252e-16,0.9999977495650598,0.1735969159999513
e55323815d1b3e41b3a9582b,reflected_potential,functional,inf,9.322526848886526e-05,0.004881965019755139,1.3779362898769822e-15,0.999997247815041,0.16872763600258622
c4e82e3367dbb015dbc57798,reflected_potential,functional,inf,0.00017119367845643243,0.00811093145822789,1.330065251760086e-15,0.9999977776958758,0.1725594790004834
2a5b1c4ceab04aa27669c7c5,reflected_potential,functional,inf,0.003433944018176759,0.004067249374926768,1.4532650207230811e-15,0.9999980074095675,0.17209192700101994
18db18da947b83fc94704182,reflected_potential,functional,inf,4.640793609347639e-05,0.012063048147887218,9.805731865618431e-16,0.999997360867086,0.1683643039978051
3731920b24b4333350357ecc,reflected_potential,functional,inf,5.4131598099380116e-05,0.005856465684496353,1.2968010416342294e-15,0.9999970676308344,0.16918864599938388
89a638cc45c125344b1abfc5,reflected_potential,functional,inf,0.015223709872890795,0.008057776479194393,1.450493100196154e-15,0.9999982927069941,0.17234098599874415
b29a3c9b6ea319a5fd479620,reflected_potential,functional,inf,0.00031771942057373344,0.00878478850231923,2.013467306321931e-15,0.9999973686443819,0.168605912997009
47039d3cd307e4b6bc072bb6,reflected_potential,functional,inf,5.292522164597566e-05,0.004634693166212176,1.4072805185182236e-15,0.999997346260755,0.17137566599922138
2b783e996e2fb2fb29976991,reflected_potential,functional,inf,4.958038915707396e-05,0.003547664179873152,1.3960571588200556e-15,0.9999971827512368,0.1723537990001205
eadef84a6e781cecb201735b,reflected_potential,functional,inf,0.00030072904469231757,0.0033659949296703726,9.252549900924163e-16,0.9999976465796303,0.1680660040001385
52b61055514517f9d6cce896,reflected_potential,functional,inf,0.0044297746015733875,0.007975114448637107,9.101494759523335e-16,0.9999969240174449,0.173353626003518
212727297956cad8f17668a7,reflected_potential,functional,inf,4.21534847079022e-05,0.012254407464062941,1.3088308143707157e-15,0.9999974869922169,0.16917037799794343
00a93efb987692241c6d1deb,reflected_potential,functional,inf,4.375442343697421e-05,0.013783731154329393,1.051187794721372e-15,0.9999974573560826,0.16942588500023703
40722a5d285257fae4c5f0cf,reflected_potential,functional,inf,0.001360024607260009,0.00789692289500724,1.412982669643471e-15,0.9999977041822216,0.17239787600192358
e3204de4a239a74b04ee9411,reflected_potential,functional,inf,0.0010448193729636322,0.004830880382142072,1.887379141862766e-15,0.9999998164587178,0.16831897600059165
1e66cca6011fc50e4355acf1,reflected_potential,functional,inf,5.1232983638014925e-05,0.005706804663607983,1.048970742280324e-15,0.9999970768184288,0.173139867001737
e0879138dd589b423c9d6c29,reflected_potential,functional,inf,6.795363485724616e-05,0.006047738255543915,1.477182423665385e-15,0.999997451780501,0.16785257200172055
f13360596ce20401ba851549,reflected_potential,functional,inf,0.0004354867357520327,0.0045216831615252535,1.2003524015478936e-15,0.9999975632769365,0.17202712200014503
7e50fc0d8f879a3953d271c6,reflected_potential,functional,inf,0.0031519750195032567,0.004838353709049123,2.0458669673003626e-15,0.9999998281922486,0.16841699900032836
4b187e3996e2841655261be3,reflected_potential,functional,inf,5.174897715567476e-05,0.004787426687144338,1.299271014980901e-15,0.9999971951674352,0.17328021700086538
8ce95ccf50027384943666a8,reflected_potential,functional,inf,4.890845533770197e-05,0.004531659586134613,1.1117771385064297e-15,0.9999972318300819,0.17363792900141561
ce2c673ac31fa8164547a4fa,smooth_perturbed,functional,inf,0.00019429893666167097,0.00036547993750726853,9.131522585644024e-16,0.9999978674610736,0.17152033499951358
4e9602af81d32ebec5bfed39,smooth_perturbed,functional,inf,2.280234478699449e-05,7.998509955321717e-05,1.625574317342274e-15,0.9999979501967232,0.1707072649987822
5f276e725104da82364f3719,smooth_perturbed,functional,inf,1.743707046728538e-05,8.731365493246852e-05,1.6867170474135898e-15,0.9999979932926166,0.16971806500077946
ea2fa7e2fdfde1a7fb0ed3e0,smooth_perturbed,functional,inf,6.519570188076054e-05,0.00017862964478686195,1.7623555327731495e-15,0.9999979043542201,0.16946664200077066
3b0e03e96886bf97a70561a9,smooth_perturbed,functional,inf,3.5601020515453526e-05,9.59985013815189e-05,1.9859370378820527e-15,0.9999979507361678,0.16988315699927625
fc522c7a1440a3be4840a794,smooth_perturbed,functional,inf,0.00022205880219419794,0.00035376654554391244,1.1102230246251565e-15,0.9999972640967961,0.17000835100043332
5e56aa7448cafc69438250f2,smooth_perturbed,functional,inf,0.0005341653932000875,0.0005508598179145001,2.3078244347553613e-15,0.9999964371581835,0.16965417000028538
911c9d24e665d76bbff2f356,smooth_perturbed,functional,inf,7.764519786582334e-05,0.00014834136493045556,1.6574636322797639e-15,0.9999979491797252,0.17090210000242223
2da770ebe7f5c2f4f5f26b21,smooth_perturbed,functional,inf,1.1842043862779854e-05,9.14655151824582e-05,1.397601959286133e-15,0.9999981146897272,0.1695007499984058
cf45119f7cb0affd54a43657,smooth_perturbed,functional,inf,2.9825964455692415e-06,0.00011963578218462671,1.4122220145839511e-15,0.9999978537640456,0.16921006300253794
cc931f3002c9779cb8bf7747,smooth_perturbed,functional,inf,1.5509486311903917e-05,0.00011088212921274878,1.9297145793402176e-15,0.9999980530025545,0.16876678399785305
494a4a787209acf491c344d3,smooth_perturbed,functional,inf,1.4143991875952914e-06,0.0006175629732954544,1.4821030564304671e-15,0.9999977017692712,0.16917362099775346
1d158f12334e0c7f5fadbc86,smooth_perturbed,functional,inf,1.8985990706559662e-05,9.747345499309028e-05,1.129982389638603e-15,0.9999981347070482,0.16919552100080182
e090d4e8078d2103dece61ae,smooth_perturbed,functional,inf,1.6607514949318997e-05,0.0001271069982942119,1.5621487433691395e-15,0.9999980495067408,0.16831262000050629
24b8b50716daee94bb445de7,smooth_perturbed,functional,inf,8.34350570027043e-06,0.00014513188047469465,9.49663558216962e-16,0.9999979867794057,0.16847898999913014
bda9c235d988cb0271743b8c,smooth_perturbed,functional,inf,2.281511964590214e-06,0.0003248113604168189,1.0964710536086553e-15,0.9999965724601365,0.16894063399740844
29140bb227706dde71d4ed30,smooth_perturbed,functional,inf,3.999810781724976e-06,0.00011009085589445547,1.262513766239083e-15,0.9999981027311979,0.17003620600007707
7f407d8f4f089ef826dc918e,smooth_perturbed,functional,inf,3.973710963098264e-05,0.00039912181236644717,1.3345469957993229e-15,0.9999979856858222,0.1685839189995022
258104e1e2e52d67c62b0ac9,smooth_perturbed,functional,inf,3.144727315679895e-05,0.0016107194281466532,1.31415412489309e-15,0.999997689385973,0.1699515770014841
923737c05183f84784851880,smooth_perturbed,functional,inf,8.729205335061826e-06,8.671554697895765e-05,1.0314238831919574e-15,0.9999980228342865,0.1697263659989403
347a81101828e3b83e247c37,smooth_perturbed,functional,inf,1.046317037768024e-05,9.199327967046865e-05,1.7252364191474799e-15,0.9999979769048826,0.1696303730022919
5d302029d7f7841d46aff242,smooth_perturbed,functional,inf,1.936130089166662e-05,8.827350836652226e-05,1.365019821996743e-15,0.9999979970303878,0.16948920499999076
b534e700657f7666c187ac79,smooth_perturbed,functional,inf,4.5620208665380715e-06,0.0004553188061767127,1.8374228740037622e-15,0.9999967130987277,0.16996591399947647
99f445cabe664e24701ffda6,smooth_perturbed,functional,inf,6.122289601042028e-05,0.00012647939498450152,1.504842118633346e-15,0.9999975527080504,0.17038316300022416
5b6de5d4a8d28e400018b175,smooth_perturbed,functional,inf,2.158886402395265e-05,9.06625910969236e-05,1.212015567264121e-15,0.9999979923687503,0.17020286999832024
41063e98efd017fe58cc97fd,smooth_perturbed,functional,inf,4.6403726245528636e-05,0.00019775226808072934,1.0895714101133923e-15,0.9999978279719278,0.1691101719989092
8df1fc05a3c54763aae0a9c8,smooth_perturbed,functional,inf,1.7286875037963963e-05,0.00013098199790830177,1.8352935340330877e-15,0.9999977595850557,0.1694163620013569
8473d03b205f283ea7b31b0c,smooth_perturbed,functional,inf,0.00010992227772998149,0.00022511995869665057,1.0525893067972832e-15,0.9999979839672122,0.16945604699867545
ff9c6f5bcaebb38c63815839,smooth_perturbed,functional,inf,7.592300286545466e-05,0.00011297055456965625,1.5426843650993247e-15,0.9999976537149484,0.16990554700169014
97b60d9c0d4ecb9476280dd1,smooth_perturbed,functional,inf,7.047714457914894e-05,0.0009829045385276317,1.3149255476526516e-15,0.9999979891390857,0.16981550800119294
4745ea09a5933abd0de224c9,smooth_perturbed,functional,inf,3.18986149742732e-05,0.0006600825817204696,1.1193768057669497e-15,0.999997748237732,0.16905594399941037
676931c968977c054291eab5,smooth_perturbed,functional,inf,9.556413287074063e-06,0.0006939250618854657,1.346217426524144e-15,0.9999967082103138,0.16891652599952067
73c51df23c6f14702dc53785,smooth_perturbed,functional,inf,3.079718699593508e-05,9.439583258424014e-05,1.7301100349289702e-15,0.9999979938972798,0.1690556689973164
125fb4b6a27edb2a8470f455,smooth_perturbed,functional,inf,2.2955252146844755e-05,0.00010021080563053793,1.6081551303286219e-15,0.9999979876851814,0.16971701600050437
ae053b554c4da17c273c5c35,smooth_perturbed,functional,inf,0.0003950865154129096,0.0003115313456683989,1.4330482680393669e-15,0.999997166948725,0.16895587100225384
2949b2255a7e6ba26d6fb75c,smooth_perturbed,functional,inf,1.4027364138885301e-05,8.853740801006086e-05,1.3035764306249479e-15,0.9999980124800513,0.1684106789980433
7f4b9bdab6ce806cfa33fe13,smooth_perturbed,functional,inf,1.609671534664117e-05,0.000297953226760962,1.6658965146571093e-15,0.9999979826216578,0.16903028799788444
f5c4fde4658de11c94e5faab,smooth_perturbed,functional,inf,3.881846247844614e-06,0.00016302830792025148,1.7030682219609329e-15,0.9999979302666933,0.1712391370019759
f5df2308342d69838f801120,smooth_perturbed,functional,inf,4.6709384257587524e-05,8.887595045012505e-05,1.7602153198971898e-15,0.9999981210559303,0.17785347799872397
ec5116897b0a10f192bf6481,smooth_perturbed,functional,inf,0.00012330391854560984,0.00040028581374971345,1.1665814760484378e-15,0.999997543849001,0.16962889799833647
61ff54c560912a7a79aa9ef5,smooth_perturbed,functional,inf,7.427254883442141e-06,0.00012964692396850606,1.5272773483434808e-15,0.9999980297608883,0.16910285999983898
984b51d540e2022f41c9f338,smooth_perturbed,functional,inf,1.515780446413009e-05,0.00014528283534429877,2.0262558528068956e-15,0.999998079884296,0.1693241150023823
ded4817068141d2d56bc7073,smooth_perturbed,functional,inf,3.4051061043408803e-06,0.00010894574978606461,1.2027096069769906e-15,0.9999981468149087,0.16864028399868403
94368143ab50399aba35b9ad,smooth_perturbed,functional,inf,2.968712586659122e-06,0.001718354985867401,1.1102230246251565e-15,0.9999977633785267,0.16834734999793
6d489e7f0598907c14cb9c06,smooth_perturbed,functional,inf,1.3051185803991846e-05,9.903515395753226e-05,1.4805078698771227e-15,0.9999980408106633,0.17483599999832222
d501ec5a4bedd38fb7a2aea0,smooth_perturbed,functional,inf,1.642071459998023e-05,8.885076331105327e-05,1.4498736933172533e-15,0.9999980077094526,0.16981000200030394
f49dfa927c629f52468d9a82,smooth_perturbed,functional,inf,0.0002132567100944375,0.00010023087624500207,1.6889910851506074e-15,0.9999982742437623,0.16991030399731244
a6e8e54b6cf74808abdff2b7,smooth_perturbed,functional,inf,9.745322556305885e-05,9.02180798234645e-05,1.6752544992317802e-15,0.9999982291458481,0.16890359700119006
4eec8d9613d51b074cc0838f,smooth_perturbed,functional,inf,1.108038618237023e-05,0.0009675931675127487,1.1312787768367474e-15,0.9999975925606056,0.1689535409968812
62535c87562b3e535c3afbdd,smooth_perturbed,functional,inf,6.081872964585465e-06,0.0001287602950029775,1.5185862509103833e-15,0.9999979675516224,0.16984819500066806
d8af1161a56649633c94d6bf,smooth_perturbed,functional,inf,5.948801759794573e-05,0.000252075707811249,1.7597292989226984e-15,0.9999979753715358,0.16884922400276992
646514567798170052de7e08,smooth_perturbed,functional,inf,5.886113423687684e-05,0.00015083818819899502,1.2906440954978801e-15,0.9999979840943293,0.17005564799910644
cbb90b7e58ffe300a7ceac3d,smooth_perturbed,functional,inf,7.08829037607289e-05,0.0002767489597515872,9.616848247974223e-16,0.9999945897937103,0.16917654200005927
2908feec7d4f1e38b6b7deed,smooth_perturbed,functional,inf,2.402154312713521e-05,7.801117230948967e-05,1.6258345238054656e-15,0.9999979347309568,0.1692796659990563
855e862c43ea252c7cd560ba,smooth_perturbed,functional,inf,8.042042970274588e-05,0.00040934496654009684,1.1709814408293536e-15,0.9999979844260172,0.16973036300259992
78e1d715a52793021dcc94d4,smooth_perturbed,functional,inf,3.96975027546947e-05,0.00016410046856002715,2.5819516061775656e-15,0.9999979885946904,0.16826047100039432
9bb2b84405c2e9759ee472ae,smooth_perturbed,functional,inf,9.008743948577113e-05,0.0005147262311188003,9.847782014627537e-16,0.9999979568348829,0.16944895499909762
e2459a61d639147a25777a41,smooth_perturbed,functional,inf,2.212044693573674e-05,9.519597442018996e-05,1.3216438807960948e-15,0.9999979098145595,0.17052481300197542
7b1277c61c2755455a2fcb43,smooth_perturbed,functional,inf,3.065583555054411e-05,7.653856959120994e-05,1.2111390011074396e-15,0.999997914274497,0.17120837999755167
d32549776836d3d4f98e357b,smooth_perturbed,functional,inf,0.0001685725985383008,0.0008997420115633966,1.1737352167975553e-15,0.9999978666274202,0.1695635329997458
eb1b7edd1256638d49d82a17,smooth_perturbed,functional,inf,0.0004004100873432788,0.00023452895973295195,1.3043596604082062e-15,0.999996384166537,0.16888972900051158
395e39fc9e2290f765efe8bb,smooth_perturbed,functional,inf,4.151530100709632e-05,0.00011164519636077612,1.6237739548099445e-15,0.99999794977289,0.1691578629979631
d37f786dcb6663c2f2c36aea,smooth_perturbed,functional,inf,4.988513605711341e-06,0.00011187403014562686,1.6067981475441651e-15,0.9999979485799706,0.17016349700134015
83f0e3d15b2bed7e76dc329b,smooth_perturbed,functional,inf,7.870566285378376e-06,8.651805231278204e-05,1.5530923309321754e-15,0.9999980254714914,0.17092296600094414
df0ccc0f993ef24315874290,smooth_perturbed,functional,inf,4.050006724075099e-05,0.00010892313337986587,1.089165238920364e-15,0.9999981174257734,0.1694955070015567
05c6e08f2d4f3636800f0660,smooth_perturbed,functional,inf,4.582227369803813e-06,9.254523044503979e-05,1.4470376128562614e-15,0.9999980672372253,0.1687867769978766
20bfcf5858a5e1f7147a510d,smooth_perturbed,functional,inf,2.0584447936113264e-06,0.002118475534745438,1.4259173538884198e-15,0.9999977877857229,0.17073786599939922
e7543dc9af07807f8176136c,smooth_perturbed,functional,inf,1.659106010504233e-05,8.869161960693116e-05,1.678466454029838e-15,0.999998005748884,0.1702556900017953
f51506b31703b453e58b767b,smooth_perturbed,functional,inf,1.7911062604251246e-05,0.0002005560942010643,1.4703312079701261e-15,0.9999980704988259,0.1708998670001165
0955e438cdfc62ac1d570b8f,smooth_perturbed,functional,inf,3.4983794124490656e-06,0.00010580427999198318,1.2573484101421229e-15,0.9999981217328671,0.1704450760007603
2ac79b31df52c356b3e89221,smooth_perturbed,functional,inf,1.6341667441926323e-06,0.00022609149297949277,1.1003378463743391e-15,0.999997141783604,0.17080035799881443
e02bb8f0eba68cec2fbc49af,smooth_perturbed,functional,inf,5.759604758314202e-05,0.00012471439808790316,1.1611968038369727e-15,0.9999981243477722,0.17135339500237023
3efb6c84a82acfa75ba0d31d,smooth_perturbed,functional,inf,1.5710087900503462e-05,0.00018466666122364826,1.562057014041936e-15,0.9999978988246925,0.1703453689988237
73d571c0562fff73cef4a7ac,smooth_perturbed,functional,inf,1.3919726369298255e-05,8.69689915218266e-05,1.1147553615218926e-15,0.9999979887357441,0.17009346499980893
2f703c35d8e86edd9a7da8b8,smooth_perturbed,functional,inf,1.2767442818042944e-05,8.789114549377769e-05,1.876370396638024e-15,0.9999980120038977,0.17055284500020207
8decf8c5e764f1b3f0fa4eea,smooth_perturbed,functional,inf,2.7144264291435152e-05,0.0007523574404105598,8.581262197393938e-16,0.999997869675055,0.16989307200128678
e204a95822c0ca7a0318eb91,smooth_perturbed,functional,inf,3.9334975173472714e-05,0.00012055802614684097,1.298124128352505e-15,0.9999979481181541,0.16925223599901074
4b873760dbb6e5202682a416,smooth_perturbed,functional,inf,0.0001323944406732457,0.00030912830758560514,1.7904119690263353e-15,0.9999973175907277,0.17211262800265104
c7c0fb8b38801c3c2e321997,smooth_perturbed,functional,inf,0.0008069115326872918,0.00028541222252302146,1.6251408480764203e-15,0.9999973397689179,0.1697247160009283
098745c4166cbfd2d8a8b93c,smooth_perturbed,functional,inf,2.7922706023080136e-05,8.938226200828115e-05,1.5059702236985533e-15,0.9999979792659558,0.16967234399999143
1fd7d00443c90020aacb7a4c,smooth_perturbed,functional,inf,0.00021598237509539488,0.0009728508252957809,1.1884762342867875e-15,0.9999979801699607,0.17056934500214993
bc99e74297521b32b06a0fdd,smooth_perturbed,functional,inf,1.2743366350774972e-05,0.0011400610431787775,1.4946399461011853e-15,0.9999971911060317,0.16983776900087832
cf57832c12ee2357addc762f,smooth_perturbed,functional,inf,6.075849056829315e-05,0.00011048570554442541,1.2840121191258022e-15,0.9999977484042555,0.16998984000019846
d26ae378b4f9bf55cf0f9361,smooth_perturbed,functional,inf,8.495329761624876e-06,0.0014818256986106916,1.263513427632574e-15,0.999997602037197,0.169794973997341
218a8fb5790bc19eaaf25a4b,smooth_perturbed,functional,inf,7.477678089811581e-05,0.00017979931712284862,1.2909716981204776e-15,0.9999979884837032,0.16962774899729993
7b69f1ef3af17bfe62cb1f8e,smooth_perturbed,functional,inf,0.00010691456790809113,8.323873998275939e-05,1.1672524377466146e-15,0.9999980218998358,0.1700470129981113
e21f6a61b3f0ec4b4d0229fa,smooth_perturbed,functional,inf,0.00016959878689748372,0.00011372941746336411,1.442227311871957e-15,0.9999976422447139,0.16913793799903942
640aa10e35931450c923f482,smooth_perturbed,functional,inf,1.7415802974286948e-05,8.982479504298613e-05,1.2920382138598888e-15,0.9999980030395124,0.16857389900178532
49250153ed52161f1b026ad6,smooth_perturbed,functional,inf,2.09505825398191e-05,8.86548247922196e-05,1.800592578169407e-15,0.9999979976092722,0.16903190499942866
11f6c0e806e7b7f44caca646,smooth_perturbed,functional,inf,6.015358016943533e-06,0.0004677240949493416,1.8306555504547882e-15,0.9999970116650553,0.1695584000008239
b576c57c1bbeeec3a6dcd412,smooth_perturbed,functional,inf,2.5977734103915804e-05,0.00010505560529358643,1.2745376114135623e-15,0.9999980572608568,0.16964587199981906
266dd230079cd3a972dc9e09,smooth_perturbed,functional,inf,4.871213120290822e-06,0.00046488134955578736,1.512689028898545e-15,0.9999977320224914,0.1691442269984691
56154d426788e9ff8abafb5f,smooth_perturbed,functional,inf,6.707340341980994e-06,0.0005729023572716503,1.3442809891242741e-15,0.9999978537775458,0.16908277599941357
1a377b1b460b070ef5b2f70b,smooth_perturbed,functional,inf,1.0936425861548999e-05,8.996929752180754e-05,1.3216747505434482e-15,0.9999980294116149,0.16971482699955232
6fa661894ce2ed73fbb2d63e,smooth_perturbed,functional,inf,0.0001535336823365186,0.00011491611568812823,1.834323180562803e-15,0.9999983956037815,0.17008244099997682
26f6fd395e3c9f5655e0426c,smooth_perturbed,functional,inf,1.2463795987446131e-05,0.00020033284500055974,1.1697713760233425e-15,0.9999980426607554,0.16970288699667435
c62b04bc771865947bdd3aff,smooth_perturbed,functional,inf,6.535405039805434e-06,0.00014529873024717008,1.4844324065804196e-15,0.9999979982433115,0.16840472600233625
59942c57a385604d59aa829a,smooth_perturbed,functional,inf,1.6004201846289155e-05,0.0004607600746764235,1.6397806973033236e-15,0.9999962765197936,0.16855049300284008
4587ffdbad482789109071cf,smooth_perturbed,functional,inf,3.612939805007227e-05,9.86241079877854e-05,1.1688662521038134e-15,0.9999981822624815,0.17031039699941175
43346ba68daa0b364a7411ea,smooth_perturbed,functional,inf,1.4684730719736791e-05,0.00014840439864353196,1.3935718241231408e-15,0.9999980392876856,0.16973002800295944
0ec35b14e1c6d30fc2fba07f,smooth_perturbed,functional,inf,9.306399773491938e-06,0.0001111715625956143,1.4699877665876966e-15,0.9999980568051846,0.16939882099904935
326a0790c117f63126169210,smooth_perturbed,functional,inf,3.179592366155719e-05,0.00030452255663727105,1.9223640394584533e-15,0.9999977061923753,0.17051840999920387
f86379653fd2bd70cceb1c1e,smooth_perturbed,functional,inf,1.733319848974053e-05,0.000594893163737098,2.064727739830998e-15,0.9999979690218201,0.16865588200016646
4bef0682a038eb371e4faa53,smooth_perturbed,functional,inf,3.2799963589600935e-05,9.30025293569106e-05,1.4043769904180662e-15,0.9999981841208639,0.16931490099887014
3a5134803deee4a7ce553888,smooth_perturbed,functional,inf,2.9587096600722372e-05,0.018607466596890637,2.3368396716752538e-15,0.9999957861538755,0.16863127800024813
13d4830f701927dccd5fc41a,smooth_perturbed,functional,inf,6.274928095277945e-05,0.00013725553235869977,1.3078902009297996e-15,0.9999979728446761,0.1687138050001522
c6991094058a633ecabe73e3,smooth_perturbed,functional,inf,3.734108373590884e-05,9.894147804284062e-05,1.0275103364661177e-15,0.999997986224894,0.16981956899689976
54b085303969c201f0d08e1a,smooth_perturbed,functional,inf,0.00024398740243389747,9.260324518265472e-05,1.3972691113821639e-15,0.9999981920708079,0.16961878000074648
b804645f64b25123d11e3825,smooth_perturbed,functional,inf,5.674808405812915e-05,0.00011273596587325102,1.758823534394194e-15,0.9999979819582985,0.17067772100199363
3870aeadc1de2395d3f75a20,smooth_perturbed,functional,inf,0.00010143243860482619,0.00021150273036156097,1.2822142613016181e-15,0.999997900803946,0.1706621509983961
bd028651f92bdf40608c8549,smooth_perturbed,functional,inf,1.7669467047139664e-05,8.53703758091163e-05,2.36097144588295e-15,0.9999979876926912,0.1713243459998921
9e5b786621540f3a5d5bc546,smooth_perturbed,functional,inf,2.1824189875401412e-05,9.196967764859727e-05,1.682931508675202e-15,0.9999979961623244,0.17083782299960149
39c1b9e4224a27c42d2f685e,smooth_perturbed,functional,inf,9.922476739865991e-05,0.00013156728138448036,1.6063101792570871e-15,0.999997480694955,0.17053650800153264
52f6637ee9641aba3c4c5aa5,smooth_perturbed,functional,inf,9.0587056247128e-06,0.0009575624699093801,1.2402666982379203e-15,0.9999968789780693,0.1699997629984864
cba38c1451339ea95d292a91,smooth_perturbed,functional,inf,3.856369290137278e-05,8.655066981021455e-05,1.8949318492761214e-15,0.9999980708774603,0.1699681989994133
230942dfd8abbd3d44a4807b,smooth_perturbed,functional,inf,0.00014753700362214349,0.00025028784328213365,1.2347043001164613e-15,0.9999979772150813,0.17027468800006318
005e6abe047b9c54265b52e4,smooth_perturbed,functional,inf,1.7978064984096622e-05,0.00012368949071215617,1.8671727162410212e-15,0.999997717910294,0.17335625499981688
628368feecf4e0568d26b1e9,smooth_perturbed,functional,inf,5.8739915780628774e-05,0.001575642768015478,1.778805150497571e-15,0.9999978069927113,0.16921310699763126
b7dd25451f9d670e21798ec2,smooth_perturbed,functional,inf,2.503977342543092e-05,0.00033479073386144585,9.185675532422608e-16,0.9999980114742368,0.170765193997795
3498a1cc868ba1a34957f474,smooth_perturbed,functional,inf,5.02462957193918e-06,0.00011427248872630035,1.1541506160606124e-15,0.999998125218435,0.16890972900000634
980e9b563c82c1392a62c575,smooth_perturbed,functional,inf,7.630170465590456e-07,0.0002559723128842479,1.3296658924356247e-15,0.999996699435482,0.16993078700033948
0c0ef024c2e21ea42ee72d65,smooth_perturbed,functional,inf,4.759606559114736e-05,0.00015533381713836127,1.586885487108099e-15,0.9999980308297853,0.16880772299919045
06be68dfd2711ac8e7169fa2,smooth_perturbed,functional,inf,9.788772520826644e-06,9.04386407463639e-05,1.467061737646723e-15,0.9999979692779817,0.17314538699793047
fdce02def38cf446ccefb1ee,smooth_perturbed,functional,inf,7.882455856618336e-06,8.878115774393025e-05,1.3433261012027427e-15,0.9999980325147079,0.1696657669999695
c91dc2ceee2db70dc6f6821d,smooth_perturbed,functional,inf,1.6382750155145e-05,0.0010875846325022619,1.0339791557359288e-15,0.9999977950006267,0.1700462110020453
ebb6e5ecf8fed4a456f93516,smooth_perturbed,functional,inf,3.4467784644756467e-06,0.00012678829217428283,1.2412053707698434e-15,0.9999978941393577,0.1686849590005295
a4753ed32dca43d648ca3c36,smooth_perturbed,functional,inf,9.97478422984342e-06,8.867266496186576e-05,1.4186948051994776e-15,0.999998084450381,0.16978075099905254
60f838c6fba19e12aac9fc17,smooth_perturbed,functional,inf,2.062396521399451e-05,0.0001342610643089439,1.6065299149812893e-15,0.999998055070358,0.1693057199991017
da083699b9851113a2d42e1b,composite_confining,functional,inf,6.800758202212575e-06,0.00022543290126628452,2.3442509939360617e-15,0.9999979883774563,0.23011432699786383
2cc430c128e823850c4c1223,composite_confining,functional,inf,9.067312137806556e-07,0.00015338352026872404,1.287346639046769e-15,0.9999979497501521,0.2276919200012344
b25e11cdb4957be9395398da,composite_confining,functional,inf,2.596623048256348e-06,0.00011476517500099148,1.33663380420311e-15,0.9999973212589826,0.22680043299988029
3fe375a7ae08c4514a169499,composite_confining,functional,inf,4.313879017922896e-06,0.001328436980558966,2.139772221153732e-15,0.9999979027595232,0.226955308997276
98ca5849687506c6fa58c193,composite_confining,functional,inf,2.164352572279984e-06,0.00045428980766978666,1.297867820344038e-15,0.9999980496789159,0.22575032500026282
11a5caa135fa6c14856f7466,composite_confining,functional,inf,1.0957726160576587e-06,0.00011083940852337137,1.979449301662e-15,0.9999979052276816,0.2258377840007597
14108620a179445b96169c75,composite_confining,functional,inf,6.136227780834675e-07,0.0001763269158508131,1.2923356512234862e-15,0.9999979585229793,0.22812472300211084
aa571b7a77295fd14a88a6ae,composite_confining,functional,inf,2.4805795718901776e-06,0.00012608945566342582,9.093304832456389e-16,0.9999979786010572,0.23031629799879738
0027a27825b5b32cb7cbd838,composite_confining,functional,inf,1.6998408989405347e-05,0.00010941409433825473,1.2159043455793392e-15,0.9999979474872385,0.22648777400172548
92fd8807902c33586460a358,composite_confining,functional,inf,7.864503839858049e-06,0.0031315817546354943,1.2995684263082249e-15,0.9999976098089919,0.22774257299897727
b93a976ef5c47ad94e89d7ab,composite_confining,functional,inf,1.6709904878206757e-05,0.00019230086606896433,1.660220961972578e-15,0.9999979605324445,0.2290564569993876
e64a29df550a38b2c7708d5e,composite_confining,functional,inf,1.9824722168908725e-06,0.0024732090124653496,1.4691377598685029e-15,0.9999979680096722,0.2289477500016801
7697680dde4f1bf563c5e890,composite_confining,functional,inf,2.4830167039897194e-06,0.00013615845254767627,1.2717990706665023e-15,0.9999980188844653,0.22729321099905064
284bcd93fa9416ae2e159fa6,composite_confining,functional,inf,4.978279354946772e-06,0.0001223658854256677,1.4496519642958232e-15,0.9999979946662533,0.22670364300211077
1baefe101d4088728df7e114,composite_confining,functional,inf,4.631927848647745e-06,0.00074399795826701,1.6766303924146099e-15,0.9999977606025242,0.2271821899994393
8cce73a1f1c131ada36ef4d0,composite_confining,functional,inf,4.2015150122370195e-06,0.00012611721718687715,1.1362653527995166e-15,0.9999975431879369,0.22650923499895725
d06338ede9be528d39e32c20,composite_confining,functional,inf,1.7897527817555334e-06,0.00013427523032138772,1.8514935058980028e-15,0.9999979681052841,0.2265010329974757
d6724809054eb9c685ca10d5,composite_confining,functional,inf,1.6465089023692934e-06,0.00011116171000217514,1.4939414996316987e-15,0.9999978778302113,0.22763466900141793
f609be192d4186d19f6550bd,composite_confining,functional,inf,2.5422131020828903e-05,0.00011522813716360455,1.3581337070079515e-15,0.9999979741503253,0.2257712509999692
29dead874e6cce046bb60ccf,composite_confining,functional,inf,3.1514807327867384e-06,0.0016830869556359622,1.37455877935429e-15,0.9999974644941683,0.2260547010009759
ad039e6cf685cf0edd998b6a,composite_confining,functional,inf,2.160461589269885e-06,0.00015484861004429746,1.1972680448425617e-15,0.9999979441259721,0.22858594799981802
45ed28b6d65c6764993105d4,composite_confining,functional,inf,4.042070936764923e-06,0.00014416863122493115,1.2533778538180965e-15,0.9999980177330132,0.22668174100181204
a4638dccb997176e34b59675,composite_confining,functional,inf,1.571550710766412e-06,0.0005812776105991988,1.2340638342983771e-15,0.9999978052924263,0.2272034640009224
428f1c7d2b3258eed31abc43,composite_confining,functional,inf,1.6244804880112052e-06,0.0002293962956247582,1.4330885655775488e-15,0.9999973896994877,0.22620850499879452
de6ed17901a78f31fe2053be,composite_confining,functional,inf,1.3509277084198137e-06,0.00016230545027671735,1.3537824804240435e-15,0.9999980679854478,0.22531901399997878
12396afba8c9ae2dffa0e8c7,composite_confining,functional,inf,1.3206749623844656e-06,0.00012194116236158124,1.0575522339563721e-15,0.9999980120379827,0.22596118400178966
98d892802bcdfa064cd6d890,composite_confining,functional,inf,4.222221553359129e-06,0.00010486847640777284,1.1102230246251565e-15,0.9999979162718994,0.22643771700313664
3b1db31de4aa4797a7420feb,composite_confining,functional,inf,1.810053229762635e-06,0.00036607294123641124,1.8868964148727376e-15,0.9999980505990959,0.22642875000019558
ece3a75f45d7b6b5c13b0338,composite_confining,functional,inf,0.0002685411811792873,0.00012031976731445865,1.3789749044141449e-15,0.9999979978563244,0.22516422400076408
5ce1ca2386707bbd214e7713,composite_confining,functional,inf,7.935090172379891e-06,0.00017621448686030536,1.2894173767652293e-15,0.9999978322232952,0.2255209040013142
8bafaa0cbd753d93e3b31386,composite_confining,functional,inf,2.6638435012878603e-06,0.00025742739518501537,1.3004562765145243e-15,0.999997998339444,0.2274534619973565
6da0cd01d59c692dcaee1931,composite_confining,functional,inf,9.122247177688756e-07,0.00014673505921906097,1.4332801760537007e-15,0.9999980063568128,0.22778817400103435
decf83d5fe41042db075a917,composite_confining,functional,inf,1.1025049353348127e-06,0.010220744153113307,1.7714081013123084e-15,0.9999977985369667,0.22722490000160178
4e5f550f205466bc03ff125e,composite_confining,functional,inf,1.115238392682191e-06,0.0001378028134008091,1.249574096228512e-15,0.9999973742846707,0.22652591500082053
ad906e5327d28ba07027357a,composite_confining,functional,inf,5.825511055994071e-05,0.00010480596473879002,1.0757088661004315e-15,0.9999978800504086,0.2261952820008446
a0421f3e07a3e16f576025e7,composite_confining,functional,inf,2.0166509607418946e-06,0.0003594486376619244,1.2849690299041173e-15,0.9999979424426816,0.22712459700051113
32ddc87732d784f36d930049,composite_confining,functional,inf,1.1413283329149405e-06,0.00015767478624995705,1.261251778402624e-15,0.9999977639245613,0.22678307899695938
9f02fbdae3043bb721fb5b96,composite_confining,functional,inf,1.856223349367731e-06,0.00016163444291445418,1.0854032828905434e-15,0.9999980453752259,0.22706107400153996
31da0054b032aa8a1021c64d,composite_confining,functional,inf,1.2767154009558267e-06,0.0002570669772726808,1.1485467346926131e-15,0.9999978137495792,0.2278000760015857
85cdf67908a67e10402a07b4,composite_confining,functional,inf,7.87416947723395e-07,0.0001439482669307425,1.744313860668503e-15,0.9999977381630785,0.22647698499713442
e97d97edc7fdefc0ec3f7626,composite_confining,functional,inf,2.607873577220368e-06,0.00020286274669663974,1.3436223993394535e-15,0.9999980669078273,0.22841548799988232
03df7a3de9cca1de6eedcad5,composite_confining,functional,inf,1.497662282862195e-06,0.00010477026581570158,1.3230834994706218e-15,0.9999979931613999,0.22742784000001848
ff18007d62dc840e31c85d58,composite_confining,functional,inf,1.8003365050302405e-06,0.00013013763359566801,1.0812197600546774e-15,0.999998054115584,0.22775515299872495
dd7582d05d582522c2435825,composite_confining,functional,inf,5.274141643049372e-06,0.0005078564548618733,1.784990925804886e-15,0.9999980295180656,0.22748352200142108
76a2d70559767e6f0d9d419f,composite_confining,functional,inf,0.00012525678216605805,0.00011168177810172909,2.033313469087209e-15,0.9999980246012389,0.22696000100040692
83322d88a034e6cb8de20038,composite_confining,functional,inf,9.791245227663281e-06,0.0006277753711855949,1.516075743292427e-15,0.9999975226646285,0.226848610000161
c243e1b3957eca20dc28dd05,composite_confining,functional,inf,9.733471873876114e-06,0.00014001085301352904,1.0766877944633105e-15,0.9999980004737367,0.2275884920018143
c0d9f05965d5396999718a2a,composite_confining,functional,inf,2.371957280571043e-06,0.00015793492003804747,8.781967131663092e-16,0.9999979304474881,0.2283642120019067
9d97498a03899afbf800b2a4,composite_confining,functional,inf,1.4583657351959354e-06,0.00010366780404445456,2.1017612135095935e-15,0.9999979751751567,0.22739073900083895
470ab24ad680dcd4fe462c8f,composite_confining,functional,inf,3.8064255468840134e-06,0.0002094720100438005,1.1715170369443661e-15,0.9999979682074271,0.22805209400030435
77c2a306f0ff1d4a6a8b69fa,composite_confining,functional,inf,4.1439913276575475e-06,0.004589525290155701,1.184541614323307e-15,0.9999978619443533,0.22848282800259767
99658c48591e7ed8028ba8fa,composite_confining,functional,inf,5.173205151659515e-07,0.00011781918505494017,1.460478390706174e-15,0.9999976862561964,0.22804446000009193
618ead23b2c46bf846b36401,composite_confining,functional,inf,9.427395444085632e-07,0.00015292813238260158,1.5684965580341081e-15,0.9999980348721567,0.2298683440021705
7c95e0b05d04deba24473f36,composite_confining,functional,inf,2.346815310365197e-06,0.00014034333376559,1.4229211231852938e-15,0.9999979776268242,0.22684475000278326
4dac504294ba08ec59b866f4,composite_confining,functional,inf,6.413721426908887e-06,0.00011637405430292568,1.632484990183859e-15,0.999997459658124,0.22710969999752706
271a3dd3db8c998315d57797,composite_confining,functional,inf,1.484950683955137e-05,0.0005285997511161072,1.3331198696828e-15,0.999997752777521,0.22706178199950955
315487783ef0c4f347e6d6e2,composite_confining,functional,inf,3.494991682065856e-06,0.00011842118024714033,1.5351349872590863e-15,0.999998017047689,0.22732531300061964
96da14a285e6a147da69e088,composite_confining,functional,inf,9.974238099712425e-07,0.00016881097925969252,1.1268053553026243e-15,0.9999980188699862,0.22823634300220874
aa6022bab8aa7aa21f92d742,composite_confining,functional,inf,8.674775068751565e-07,0.0001920930801661067,1.1006746078740322e-15,0.9999979547474361,0.2275229010010662
99ffdde2148050767700cdff,composite_confining,functional,inf,1.6597306733575669e-06,0.00011807668040638637,1.592791032240485e-15,0.9999979838689997,0.22737653399963165
819e1f92727243b58c8a7520,composite_confining,functional,inf,4.389853470748171e-06,0.002397093554976279,1.4090635969944131e-15,0.999997917438245,0.22832600499896216
ab954360dc23dfe6713c4c72,composite_confining,functional,inf,1.208800589370882e-06,0.00013393240215487347,1.1231200151396978e-15,0.9999976996228581,0.22772206899753655
6009477d5f037736f8c5b8cc,composite_confining,functional,inf,8.315461470475964e-07,0.0004919704937563846,1.2907140803456963e-15,0.999997764027309,0.22715273300127592
6285f23cba9146f7b49244d7,composite_confining,functional,inf,8.285172390035094e-07,0.00011834338055607277,1.3142788211535347e-15,0.999997417664984,0.22684246599965263
fec13cffd4491de01e2031d0,composite_confining,functional,inf,2.2915379062401424e-06,0.00013575600519949365,1.845137205519721e-15,0.9999980297876078,0.22662671400030376
6b68c973c4daed01617152cd,composite_confining,functional,inf,1.6177518727542743e-06,0.00014169255899016664,1.2488478256674704e-15,0.9999980358078897,0.22714096299750963
d5d9a262bf04190ba2f4ffed,composite_confining,functional,inf,1.570970762435539e-05,9.91123055323556e-05,1.253554102354436e-15,0.9999979548633948,0.22681830000146874
58556d30ad808fc3e29c4b50,composite_confining,functional,inf,1.3489654370567102e-05,0.0010580636152813174,1.4675172215551868e-15,0.9999979798142724,0.22727110599953448
ba8c5b3ff56a7fd740548f37,composite_confining,functional,inf,7.023469495281986e-06,0.0024015585523023512,1.3776437152736404e-15,0.9999978288129304,0.22748519200104056
badba8a9892681d9b6b85223,composite_confining,functional,inf,7.606704615665753e-07,0.0010661936947736386,1.1102230246251565e-15,0.9999976216726311,0.22697310299918172
beb37e1bffed0a91715fb7fb,composite_confining,functional,inf,2.2039240047630276e-06,0.0001961715377644892,1.1795152473805637e-15,0.9999980647121931,0.229054751998774
7a0ec2315df84b1281afa066,composite_confining,functional,inf,8.344511644491679e-07,0.00012796188238897222,1.5529667050415306e-15,0.9999980553065382,0.22744189000150072
b879f4750d01347cd82cacc9,composite_confining,functional,inf,2.5757078154738423e-06,0.0007915995268126927,1.5543122344752192e-15,0.999997727734917,0.22746056100004353
fca68e112445613ff7a44ad3,composite_confining,functional,inf,8.876929376391524e-06,0.00011497665290830598,1.0781152430950472e-15,0.9999978811729041,0.22652246199868387
58b44ab8a27a1573db5d21c1,composite_confining,functional,inf,0.00011976625928990688,0.0005107086190321797,1.1751582480326634e-15,0.9999980145082076,0.22892656999829342
af4b9aa554c78d86183f38ac,composite_confining,functional,inf,3.5385332919191885e-06,0.0013725568159387372,1.5525759749119201e-15,0.9999976880392443,0.2272975800005952
a20571cdce069685cfa62cf9,composite_confining,functional,inf,9.710533276854575e-07,0.00012687098638673318,1.610992760143273e-15,0.9999980538023531,0.22747266499936813
29dbf51f6106d6b6f072407d,composite_confining,functional,inf,2.636350160778526e-06,0.0014741029654310998,1.4337640206930623e-15,0.9999980485071924,0.22732120000000577
67bf15dcd75a16a1ace078ee,composite_confining,functional,inf,3.694790719576106e-05,0.00011095656579665057,1.3531163152675501e-15,0.9999980454120446,0.22724002999893855
921406159e35ce5ef0bb3171,composite_confining,functional,inf,2.9657011766303923e-06,0.00044828381950852745,1.2990697380597706e-15,0.999997961324702,0.2274812510004267
29a6aad677409f563eb55f12,composite_confining,functional,inf,1.3923911240311339e-05,0.00011577992660315612,1.2190881839985436e-15,0.9999979854535018,0.22854643699974986
4e6985d32d03cbb744639d2a,composite_confining,functional,inf,4.347425069186487e-06,0.00013972921744385738,1.3713806685492218e-15,0.9999977859730345,0.227407028000016
9dc525d7c329faab9c63d67d,composite_confining,functional,inf,1.0808290673567838e-06,0.00013806013549218124,1.8953747965971536e-15,0.9999979867774244,0.22720971499802545
28ec8d133465659ee137f51c,composite_confining,functional,inf,1.7354582426764018e-06,0.00016101108141705362,1.1531644705026053e-15,0.999998056406086,0.22722335600337829
8a6e2bf9f7dcf2493f28d9f4,composite_confining,functional,inf,4.449610689771218e-06,0.004031870101265067,1.5888856243236792e-15,0.9999978899785157,0.227274180000677
cf3960600685678b5298fff6,composite_confining,functional,inf,1.004190090615357e-06,0.00011006698110618848,1.7826502041623542e-15,0.9999978155444288,0.2268612010011566
a447cceb76d184fc2b404677,composite_confining,functional,inf,3.1402622047933373e-06,0.00015176211966098558,1.1000732529712296e-15,0.9999979241988041,0.2275135189993307
1fecf8ea2f268f981ba51a94,composite_confining,functional,inf,1.0082185144148439e-06,0.00016665231511056545,8.448001594529111e-16,0.9999980077179913,0.2270849270025792
989cabadddc0a8488c6e2cf9,composite_confining,functional,inf,8.134332168223056e-05,0.00012513309484730442,1.0857447992964947e-15,0.9999980060610073,0.22632942699783598
9e12c010ad67f2d12f812ed1,composite_confining,functional,inf,8.380620987477766e-06,0.0008048656298426136,1.6728497150212957e-15,0.999997795760783,0.22723365999991074
ced73a8733fc59c53912f123,composite_confining,functional,inf,1.924413929350097e-06,0.0002676815862312027,1.625934815541773e-15,0.9999979575232412,0.2287591469976178
30c801af47e4831dcc76600b,composite_confining,functional,inf,5.423779154932992e-07,0.00014155086329089913,1.2697597571660862e-15,0.9999978396639041,0.22873554800025886
e805a9bfa1f071d76f064708,composite_confining,functional,inf,1.2487387467775605e-06,0.00018485254999051044,1.1214720503607304e-15,0.9999980198577753,0.22835357000076328
a82c5adfce937b9c5e008b56,composite_confining,functional,inf,4.5089416885412614e-06,0.00013693209290515336,1.7822271336191813e-15,0.9999978723360541,0.22613601700140862
81ca703a4685415da7bed739,composite_confining,functional,inf,7.078281536139957e-05,0.00010467276473482052,1.5801843389710788e-15,0.9999979026391979,0.22641009900326026
874c5079e243c469499046a6,composite_confining,functional,inf,1.1645984120952162e-06,0.0014280658384683705,1.2142194979230313e-15,0.9999978760897201,0.22678658500080928
895331f137d46d4507b45f4b,composite_confining,functional,inf,3.8029029263573597e-06,0.00019676190789029243,1.8191182061798225e-15,0.9999980129916369,0.225746900003287
68bdb633cf6298ab9c3121c2,composite_confining,functional,inf,3.3567130615392384e-06,0.00012091702228696132,1.2064501520123326e-15,0.9999979955024989,0.2267972980007471
2e64ebfc731fd287f0933124,composite_confining,functional,inf,1.4630210673125087e-06,0.0001737240670565954,1.1910348183592763e-15,0.9999979925689462,0.22759120499904384
2afb75e59a7a8b62ceb269bf,composite_confining,functional,inf,2.0659982254120472e-06,0.0001384031419295824,1.4537243027778099e-15,0.9999977773998585,0.2271164999983739
7b15c45b5694ad6c30906c8a,composite_confining,functional,inf,1.6115181705596624e-06,0.0009857539441233728,1.399913542483718e-15,0.9999980266671401,0.22846057700007805
bdafa68bb7263b03f59de34a,composite_confining,functional,inf,5.899052937771494e-07,0.00012098028161981502,1.3908116320956073e-15,0.9999979725569181,0.23125171900028363
56e89413bdf1e87510538bef,composite_confining,functional,inf,2.156400473189618e-06,0.00010077142215304547,1.7480231438230012e-15,0.99999797239964,0.2324985259983805
f164da3674657d6da1bb3e4d,composite_confining,functional,inf,9.217138605076382e-07,0.0007002591949036074,1.7738906042031535e-15,0.9999978778537938,0.22604710900122882
ffad5c828a2f5e93d6e8f75a,composite_confining,functional,inf,2.4759547393135246e-05,0.00023526146531332063,1.876816404123579e-15,0.9999979798044898,0.22663795599873993
67833358deb6d1e02bed080e,composite_confining,functional,inf,9.635617218400994e-06,0.00036757272435650326,1.257656706959528e-15,0.9999979641280087,0.22665870399941923
3ab192a5bbebc3524dcf0fa0,composite_confining,functional,inf,4.876616343521875e-06,0.005798763584053934,1.5004083847164532e-15,0.9999977350001998,0.22720295600083773
15f370d51dba6674ada4be73,composite_confining,functional,inf,3.8627576873947833e-07,0.00013952813174139688,1.1056326076254002e-15,0.9999977306335973,0.2269663289989694
adf7a46bc55d8e8b5100b8f1,composite_confining,functional,inf,1.6810201287454684e-06,0.005498398175520076,1.538009263337583e-15,0.9999979149635537,0.22736546300075133
447d431cee105dbfdabb6aec,composite_confining,functional,inf,2.559693873184006e-06,0.0001149612306385661,1.1292963685906932e-15,0.9999980179302375,0.22608457499882206
88547102c46635cf3a8100ac,composite_confining,functional,inf,2.0110629513189978e-06,0.0017303487897191918,1.1918530471150458e-15,0.9999978938095305,0.22764684099820442
cdb0cb25515620a0bbe54598,composite_confining,functional,inf,2.3999711734454777e-06,0.00010998223179936077,1.387298829752149e-15,0.9999977235749583,0.22611240399783128
e0787fed1700c2375346a064,composite_confining,functional,inf,1.9916285187916307e-06,0.0002887525511848505,1.9403281180906585e-15,0.9999979779555389,0.22621588299807627
ff4b613dd4babafa0c57f366,composite_confining,functional,inf,6.43377576723311e-07,0.00014677673017346522,1.22989666348824e-15,0.9999979788254977,0.2264288400001533
1eab15a9c34710ce217debde,composite_confining,functional,inf,1.4448209044145046e-06,0.00013640031663085203,1.1498272647855297e-15,0.9999980131723919,0.22747030000027735
bd52d179169c737088dc274c,composite_confining,functional,inf,8.995354942298248e-06,0.0009394764828158534,1.1258398153789398e-15,0.9999979631499942,0.2263584299980721
3ada52de5d0a0b55be768763,composite_confining,functional,inf,7.788195553745634e-05,0.00012758974098246004,1.3058861168812592e-15,0.9999978407483979,0.22719280300225364
ab2ffd8b3cf5aa9c6976ba43,composite_confining,functional,inf,2.818473031756676e-06,0.0005982353071820256,1.3037629949876937e-15,0.9999977156485225,0.22710092100169277
743ff1a0ac70f69cf8595507,composite_confining,functional,inf,2.8069394574112015e-06,0.00018191288219090716,1.3331473226222938e-15,0.9999980520613538,0.22803597599704517
831236913a965955770603bf,composite_confining,functional,inf,1.4412590933766965e-06,0.00012262541694102466,1.9875334964266845e-15,0.9999980553094261,0.2271222849994956
e5dc49d0b509b26dced49146,composite_confining,functional,inf,1.7429359641496168e-06,0.00039297530185120007,1.1169794610591282e-15,0.9999974372292074,0.22843219499918632
1b6cc78fc48d5221b5990443,composite_confining,functional,inf,1.803067634857066e-06,0.00014084871196862813,1.3008837312757282e-15,0.9999969370093582,0.22727148899866734
3bdfdff06b9516b7613433e6,composite_confining,functional,inf,2.6143606736357252e-05,0.0001847338816338987,1.2038622925237185e-15,0.9999978356903569,0.22639365699797054
c60912d8dc28586d23dd16a8,composite_confining,functional,inf,1.2908308861065703e-06,0.000218914556614601,1.6791565310795466e-15,0.9999978489944635,0.22655593499803217
c0722edd5be601cbe59e9808,composite_confining,functional,inf,1.5142665777923272e-06,0.0001155295820544434,1.5767659224847047e-15,0.9999980408518004,0.22775223399730748
eb2785e600ffdaf130b92c23,composite_confining,functional,inf,3.3659570900687884e-06,0.00026859056583820206,1.1952933358680218e-15,0.9999980368950563,0.22566816700054915
858019227b96939b16e9f2af,composite_confining,functional,inf,2.5646309909542944e-06,0.00010306924556285884,1.4687849212456588e-15,0.9999979765843506,0.22850173500046367
fd329696494681557400f874,composite_confining,functional,inf,1.441044394786786e-06,0.00023493499205573523,1.3141624069235358e-15,0.999998060615279,0.2268930249992991
1831e9f38bbba2a0ca64be2d,procedural_composite,functional,inf,7.000244384957729e-06,0.0008657846193803569,1.184663068754593e-15,0.9999974496387392,0.324382560000231
5ccdcb824960bb83ef4b75cb,procedural_composite,functional,inf,1.4025763646100465e-05,0.00306567320645431,1.136320772354754e-15,0.9999979364147752,0.3225656370013894
490d6e0aa1d663bcca6480f3,procedural_composite,functional,inf,8.010438308888312e-06,0.0003930614229217605,1.1316453842229375e-15,0.9999979900213612,0.325219587997708
bec55d8165dda94fbd1d4826,procedural_composite,functional,inf,3.0699303365841973e-06,0.001193339847406618,9.717007644287009e-16,0.9999978474338895,0.32120845499957795
7d62ca7d87a1df1675f62f1c,procedural_composite,functional,inf,2.9146005466941605e-06,0.0008075788885420537,1.4591586370893566e-15,0.9999980517280384,0.32086637599786627
e6fad6254fdbb2ffcc0a2e06,procedural_composite,functional,inf,8.182992464756411e-06,0.0003161420197108682,1.5146650162138786e-15,0.9999979295793394,0.3215596080008254
c99a3c515854257943db265e,procedural_composite,functional,inf,2.0406018305084042e-05,0.0005003324919844162,1.557226690749406e-15,0.9999980701601654,0.3206776799997897
af08b6196278933caedd9700,procedural_composite,functional,inf,3.6857603711501805e-06,0.000275994016555762,1.3322676295501878e-15,0.9999979821914129,0.3203232759988168
677e32d4f96a54635a462010,procedural_composite,functional,inf,1.987066836664743e-06,0.00013025590741883372,1.3518044785396017e-15,0.9999979155143048,0.320968128999084
caefa8dd0963d25e23579034,procedural_composite,functional,inf,3.2704393187246098e-06,0.0001326468182829588,1.2255715188498286e-15,0.9999980597331276,0.32009908700274536
651dc3209ed2fef224f4ca0c,procedural_composite,functional,inf,1.22516871183751e-06,0.0013227909332922832,1.0267793060718488e-15,0.9999980060565185,0.32189465099872905
dbd7bad15e87e674da128359,procedural_composite,functional,inf,2.1590415489448505e-05,0.00019376815527303643,1.6897785422511652e-15,0.9999979739368577,0.32110015299986117
34484b23478e6dd3185c16c5,procedural_composite,functional,inf,2.2558379686833406e-06,0.006532983296182043,1.1115122584566443e-15,0.9999979341738285,0.32514970200281823
1a0777e65fc350d0382ba935,procedural_composite,functional,inf,6.110084031795161e-06,0.00017973465664522322,9.480163841840605e-16,0.9999980326499018,0.3211113809993549
e970e4892fda812ddd3cc332,procedural_composite,functional,inf,5.823638612475296e-07,0.00021894954222696276,1.5629462868752207e-15,0.9999977618168578,0.3202870070017525
6c0aa577675a6cb5be7ddbbc,procedural_composite,functional,inf,1.3566832977549579e-06,0.0014534803505629156,1.1616927062098812e-15,0.9999979327580945,0.32113819400183274
e6488b8d5677468a916acef0,procedural_composite,functional,inf,1.5332236188912802e-06,0.00016345394214082495,1.1121650506090142e-15,0.9999979785131212,0.3200663559982786
107faa62586cb56e2a9e13e7,procedural_composite,functional,inf,1.105173684655804e-05,0.00043245333301439293,1.0783671213305472e-15,0.9999978106427827,0.31980041100177914
e2292163dad9da9fe3e18151,procedural_composite,functional,inf,1.8262814290456011e-06,0.00017240209922315616,1.5181186528524253e-15,0.9999979998105469,0.3204454849983449
d53c8b7a2c4179c8b20e17f9,procedural_composite,functional,inf,3.314037126972476e-07,0.00020563283594943812,1.869967670275947e-15,0.9999960150745881,0.320748714999354
4a8a12165920bed0cbedc642,procedural_composite,functional,inf,1.9913185411117145e-05,0.0004611682335187973,1.6197539456997918e-15,0.999997579010212,0.3212543289992027
8d482e6271d1ec9dc7bcf36b,procedural_composite,functional,inf,5.58298906219761e-06,0.0004621678736290376,1.4826883541325906e-15,0.9999979604361654,0.32082468799853814
cf55fb00e7beb12a48503c63,procedural_composite,functional,inf,4.773861871915702e-07,0.0005560006598797987,1.710539855476672e-15,0.9999980488633144,0.3262133989992435
6300e46f5d573ea8b643e26c,procedural_composite,functional,inf,6.475738999743213e-06,0.004378768770665269,1.2212453270876722e-15,0.9999978163714879,0.3215422719986236
bddcc40f72c8874c0a7a6002,procedural_composite,functional,inf,1.1502708411674177e-05,9.833135844109368e-05,1.2592217082578406e-15,0.9999979795941798,0.32091146600214415
e5746fb21fc497ae046879f5,procedural_composite,functional,inf,7.409280469796145e-07,0.00016209167385588082,1.6087751693544564e-15,0.9999978224664031,0.3200420989996928
06f61ffc0296d5303a3699ac,procedural_composite,functional,inf,5.31831848091708e-06,0.0007795684034265671,1.4663628378292795e-15,0.9999978589885936,0.3199855899983959
d09ac7d8e242675991c10a7a,procedural_composite,functional,inf,2.458570891712825e-05,0.00012710791647138622,1.3759919815367722e-15,0.9999980271272554,0.31957477999822004
b86c6d085593aeaf909991c5,procedural_composite,functional,inf,1.2079977683764747e-06,0.0009562456413349992,1.3322676295501878e-15,0.9999979079982869,0.3203654009994352
8057d7c2f3a3741121f76a6b,procedural_composite,functional,inf,4.3368702064641295e-05,0.002089702667136122,1.3138088384788602e-15,0.9999976789101866,0.32028552100018715
0a2cee74966faa9fd2286185,procedural_composite,functional,inf,0.0001480516848443089,0.00012738218904886214,1.5799655538813593e-15,0.9999980085233754,0.32060712299789884
5de1a7eeda63bee92d37c1a2,procedural_composite,functional,inf,2.2978497974942358e-05,0.0013806334106800451,1.181821514278311e-15,0.9999978155227479,0.3210699549999845
64e4c5706f9f996fa8d5d51b,procedural_composite,functional,inf,0.00014712815110489374,0.00010215653754097864,8.881784197001252e-16,0.9999980256542556,0.3250441599993792
4db162974d4bd87a9c10c6eb,procedural_composite,functional,inf,8.623916850648535e-06,0.00354664149442031,1.5929212061016565e-15,0.9999998079437423,0.32133613800033345
65ace2d3b15a1784ebcf8c2f,procedural_composite,functional,inf,1.7480656914390877e-06,0.00016101690324714588,2.052942537589126e-15,0.9999979532572466,0.32096750300115673
8ba52854dea82099a7623c84,procedural_composite,functional,inf,1.077450207266081e-05,0.0012014176828170971,1.7711636253986772e-15,0.9999978970060509,0.3209075049999228
63d59926530f4952d8201f3b,procedural_composite,functional,inf,1.479582179650905e-06,0.00016273113931990414,9.992007221626409e-16,0.9999979995756004,0.3205502000018896
9c221c71b180c2f1ef6f9b5a,procedural_composite,functional,inf,4.26220743281183e-07,0.0001890462442707486,1.0598008002193746e-15,0.9999980070279044,0.32025330000033136
50d30a455ce3244b16896ab3,procedural_composite,functional,inf,1.0469167999049369e-05,0.00013253394739807769,2.200416582305017e-15,0.9999980594471263,0.3204561049969925
602a92e42bd1752dfa97c320,procedural_composite,functional,inf,6.670962375319949e-07,0.0006415608546592494,1.1291567037284164e-15,0.9999980331649666,0.32014329899902805
6f0d93ea091cccb007ed9f37,procedural_composite,functional,inf,5.250207731614652e-06,0.0001400761305707784,1.14368841217013e-15,0.999998048786937,0.31991903600282967
dcd67473cd4cc1ae9a09fe79,procedural_composite,functional,inf,4.916017129498217e-07,0.00015953100638747307,1.559276796402213e-15,0.9999977888861088,0.3206464950017107
97898ba213c69d179c9be673,procedural_composite,functional,inf,1.5997064885175428e-06,0.0007605773781296622,1.3322676295501878e-15,0.9999974464170445,0.32441094599926146
8f665a080b3535cc0fa79ace,procedural_composite,functional,inf,3.4375298935969486e-06,0.00011359981048315357,1.2878058066729508e-15,0.9999980225649768,0.32139500199991744
baa34e8bd6f3aa7a2c196e48,procedural_composite,functional,inf,2.84424731724827e-07,0.001815500605350755,1.919989233237242e-15,0.9999980107947517,0.3212003469998308
4a6f23e99a22b2f369028fb5,procedural_composite,functional,inf,2.3634241381377747e-05,0.003601337995858523,1.2887943053986668e-15,0.9999979165604864,0.32055689999833703
afd62be928d0770b97c5c0c2,procedural_composite,functional,inf,2.2601562390567242e-07,0.0001556343495954729,1.2837948956850352e-15,0.9999978795158221,0.32105303600110346
e16c0e6303683e722bf74964,procedural_composite,functional,inf,7.092093665422504e-05,0.003896062078607544,1.3322676295501878e-15,0.9999980584148124,0.32071772500057705
fb86769ac835a45fc8066b14,procedural_composite,functional,inf,2.927317394264265e-06,0.00014494378057462195,1.1744781178800876e-15,0.9999980256416565,0.3208540339983301
8ab21c52aae7214f10fe8053,procedural_composite,functional,inf,9.362584667819416e-06,0.00010169291261896326,1.2307625311743913e-15,0.9999979344386513,0.32058206900182995
e94f82d61428deb8806d6105,procedural_composite,functional,inf,1.9003423397582736e-06,0.0010770571096155354,1.38503985233871e-15,0.9999977884789192,0.3209537459988496
61bd46df501cf1732c8cb1b3,procedural_composite,functional,inf,3.502313870684314e-07,0.0001386075467688299,1.2063432009266576e-15,0.9999978286792208,0.32110939099948155
34bbe623a15e67496f1bad58,procedural_composite,functional,inf,5.80540198044864e-06,0.0006058424695280552,1.611823916541096e-15,0.9999980047803974,0.3253375860003871
ca35a8c253783c61242097eb,procedural_composite,functional,inf,1.049017575310809e-06,0.00022398099555164384,1.5309962459333492e-15,0.9999980926959227,0.3211106649978319
389c8a9f75fa4898f7ff3a54,procedural_composite,functional,inf,3.2851080414944897e-06,0.00014200923506475037,2.6207317451708045e-15,0.9999979978459103,0.32111051399988355
a5b18771c79d3ffe8df4ae76,procedural_composite,functional,inf,5.726729027422606e-06,0.0002829263530381913,1.7114991181021565e-15,0.9999970266035154,0.3203426740001305
7156970892d88ec410898212,procedural_composite,functional,inf,7.136274154862994e-06,0.00023019931715354341,1.1966742930741231e-15,0.9999979608734088,0.3201339570005075
561cbfa5a25f19cc94e8ff01,procedural_composite,functional,inf,1.3407814791969608e-05,0.0034798916157299203,1.085364137774898e-15,0.9999977416596995,0.3205504649995419
96fa57c0c46de9f3a00a2d8f,procedural_composite,functional,inf,5.748145087842258e-06,0.0007397585856202491,1.2255486772828394e-15,0.9999979644535164,0.321249414999329
e86ee52fbd6ea6baa4bae277,procedural_composite,functional,inf,1.8952274185728761e-06,0.0001368461112667691,1.1942218534912597e-15,0.9999979758102715,0.32039324899960775
89f9c59ac779b838d0216f6e,procedural_composite,functional,inf,6.153601333704731e-06,0.0005309404749454391,1.1177153459806989e-15,0.9999979681632349,0.3217539299985219
6aafb3978ed410f1f683f2bf,procedural_composite,functional,inf,9.782640688509326e-06,0.0006880548325927532,1.3322676295501878e-15,0.9999978635130126,0.3207915660022991
672cfb6e1e419755aa927935,procedural_composite,functional,inf,8.1609658591582e-06,0.0002354010034740002,1.1411250534286796e-15,0.9999980606366267,0.32549046100029955
7c62c5228198eb646cf9acdd,procedural_composite,functional,inf,6.044610878162889e-06,0.0019492357879661124,1.3322676295501878e-15,0.999997745716171,0.322182623000117
bf7a7acdc0650832ae7fc266,procedural_composite,functional,inf,2.4651977363476e-07,0.00011443103291254555,1.1390547566949045e-15,0.9999976535343211,0.32022465100089903
2a418f2612917a9fd3bae806,procedural_composite,functional,inf,3.207469277633595e-05,8.93592724891114e-05,1.8324101256192555e-15,0.9999979966145651,0.32004328399852966
a57fefab3b9e24bc2972030e,procedural_composite,functional,inf,6.687386415436324e-06,0.001139000328425158,1.4651595484697562e-15,0.9999980049511822,0.3206168000033358
d65226f5f05f58ea50b97b5e,procedural_composite,functional,inf,3.472103538804476e-05,0.0001304145196580955,1.1094973130929012e-15,0.9999980213622406,0.3194756760021846
393552f10766b570cce1e65f,procedural_composite,functional,inf,2.4537854437443907e-06,0.0004030317069808264,1.0545099620863492e-15,0.9999978566315902,0.3206093660010083
3bd1881625994b6889812a3e,procedural_composite,functional,inf,7.558211609777328e-06,0.0006435628737194304,1.2740107688136789e-15,0.9999978913007693,0.32090485300068394
2b76f20e6b8559f3f321f7e6,procedural_composite,functional,inf,2.156732910067482e-06,0.00016285067747907105,9.800644054298751e-16,0.99999771314331,0.31956995600194205
f94811f5368356042797b6b3,procedural_composite,functional,inf,1.7346379367632617e-05,0.0004067063847737879,2.0457437907363663e-15,0.9999979463315186,0.3202607650018763
d26419d52defc91f7856e417,procedural_composite,functional,inf,2.043656062309037e-06,0.00036888495849014157,1.222600945403655e-15,0.999998058506907,0.323886094000045
f2db97df2238bf08d874ccb8,procedural_composite,functional,inf,6.870332521547119e-07,0.0002465400336141737,1.2406431428397496e-15,0.999996697405881,0.3208795129976352
0c5810765df5fdf0d1d4859f,procedural_composite,functional,inf,2.6085164865901604e-07,0.002871123093946973,1.0560804046891978e-15,0.9999971937541657,0.32013548300164985
14fc8dc7d23b3e0605e27ffe,procedural_composite,functional,inf,1.052302905080503e-06,0.005508328622289067,1.30773641001511e-15,0.9999968253616904,0.3209554509994632
db234a19b1e4b8b8646d0086,procedural_composite,functional,inf,4.3483924002568315e-06,0.000122359599193392,1.2741253199294815e-15,0.9999979907119775,0.3207867780001834
3157506143ddfb780cddb323,procedural_composite,functional,inf,3.192717901411858e-06,0.0012488809800619836,1.5632801299109818e-15,0.999997976603625,0.32064970600185916
722ce4b2439122af19d727c8,procedural_composite,functional,inf,8.461859850829414e-07,0.00014545390278148927,1.6433949423525828e-15,0.9999979723276369,0.31999889600047027
aa3b0679bd294ec05340ad62,procedural_composite,functional,inf,5.761879329567545e-07,0.0012416580683320513,1.9707913382369807e-15,0.9999979386668594,0.31954132500322885
b9a3d1b1fe00efa42853d694,procedural_composite,functional,inf,8.962497058549571e-06,0.00020501437951210794,1.3555222220881416e-15,0.9999978400753019,0.3212333010014845
a3d10e50c3d202751d650f2b,procedural_composite,functional,inf,2.2006945772543382e-06,0.00014182525613800823,1.77493784868644e-15,0.9999979507953307,0.3211961419983709
1881a9e78d47e0dd53af3572,procedural_composite,functional,inf,1.4358118545251186e-05,0.0008901469300234773,1.29102324745365e-15,0.9999978258147313,0.3246868669994001
90d9f0a2f2c9d1e830f8ba69,procedural_composite,functional,inf,3.120759329693983e-05,0.00012297500663988823,1.0833407074531466e-15,0.9999973054969692,0.3219417619984597
4029fd9f74e022d8e3bc78fa,procedural_composite,functional,inf,3.6036183486797018e-06,0.00093473807663579,1.1054530617403558e-15,0.9999978408508705,0.32121109400031855
d36d57320b6b5541a770425f,procedural_composite,functional,inf,1.113511317715686e-05,0.00010165163751547682,1.1109736243199933e-15,0.9999979942407117,0.32086675000027753
02b229ae04b5cc7c4138bc29,procedural_composite,functional,inf,3.089724153878254e-06,0.0009532286065942714,1.4890327712963012e-15,0.9999979648785875,0.32148753199726343
7c82657a58a3bf2fade78a8c,procedural_composite,functional,inf,5.826526142070015e-07,0.00016326965393951778,1.748420404331502e-15,0.9999979837512187,0.3216657220000343
1cbaa26a658ed3bf73bc2b27,procedural_composite,functional,inf,2.0223033693529387e-05,0.00011330718571482803,1.206320288891474e-15,0.9999978896073288,0.3218348079972202
c7c2519b5aa11b5a64b25411,procedural_composite,functional,inf,1.2062729859813732e-05,0.00013736319073877142,1.2674761550307101e-15,0.9999980342979425,0.32051232300000265
bb9d92228fcf3cfa1ce5087c,procedural_composite,functional,inf,3.516723006973284e-08,0.0012204229172370403,1.5878279006021381e-15,0.9999973433432493,0.3200841509969905
ce12ce1912dcce0be4cfc81b,procedural_composite,functional,inf,1.80484221048136e-06,0.003066434703742766,1.3752990884278336e-15,0.9999980217378353,0.3208172859995102
fe73cd2ea60a5b6af94688d9,procedural_composite,functional,inf,2.169169329346592e-06,0.00013856584298868577,1.2421555858033874e-15,0.9999980626991486,0.3242461560002994
c65414b13db6f8f96e61d645,procedural_composite,functional,inf,1.0501168697937071e-06,0.00019889740209788254,1.0572936153701458e-15,0.9999980551539512,0.3205585540017637
e3ab7facd7222f681976131e,procedural_composite,functional,inf,0.0007369349905389024,0.00015767215641075905,1.3671165186198909e-15,0.9999980596912199,0.3211299080030585
aa4cc944be61fb3ea8d528ee,procedural_composite,functional,inf,2.151612894378237e-06,0.007083379679493757,1.2765487730829663e-15,0.999997095630078,0.32122669000091264
e1f256f1e784d59ebbf47f90,procedural_composite,functional,inf,9.005797207990986e-07,0.00021704363580661294,1.8080872242482067e-15,0.9999978056491335,0.32141506699917954
6cfee89d75be0320c0cbca59,procedural_composite,functional,inf,2.2500511074631238e-06,0.007041817468871044,1.1102230246251565e-15,0.9999980621295586,0.32170438100001775
3075efe6fc12355845fb2b22,procedural_composite,functional,inf,5.1476524408242005e-06,0.00012703704278759197,1.6182567969192096e-15,0.9999980118758566,0.3204094719985733
bf920ecb5b205ebffcf24e0b,procedural_composite,functional,inf,8.351187398278834e-07,0.00012791933046202544,8.242138379254616e-16,0.9999977675243558,0.32162138399871765
ffdd73d30c8e0ca9cd867b1a,procedural_composite,functional,inf,1.3886438966794657e-07,0.00028708269899628953,2.615070068014991e-15,0.9999978371303768,0.3215824059989245
878949f0b855a4041b73a46d,procedural_composite,functional,inf,3.0479217124654526e-05,0.0015374039268386576,1.2427353779469084e-15,0.9999978607446939,0.32013492599799065
74ac39756a66198a96b8425c,procedural_composite,functional,inf,2.2362934591559955e-07,0.00017522172228473623,8.881784197001252e-16,0.9999978385769406,0.3250682370016875
2499755ce95cffd0ad9327cd,procedural_composite,functional,inf,1.6105347733669505e-06,0.0032644233983321037,1.4501904637474837e-15,0.9999980279124021,0.32018482799685444
a900e1f863c64bdc48c1d1c4,procedural_composite,functional,inf,9.839211261571934e-07,0.0001772264895450818,1.3479744894682372e-15,0.9999980091465505,0.3213860400028352
ee363ed824e7a11e8dd77dd9,procedural_composite,functional,inf,6.451203619226633e-06,0.00012173240431346761,1.2399350782234682e-15,0.9999980378397326,0.32134848299756413
fc9338d96537fc39f2fbf143,procedural_composite,functional,inf,5.0751317779578396e-06,0.0010575148411981275,1.2311301189115265e-15,0.999997856618782,0.3211000509982114
091a1bcebdc209f2d19280ec,procedural_composite,functional,inf,1.78711996892414e-06,0.00019737386664987741,1.1102230246251565e-15,0.9999978856081183,0.3211512509988097
869321b6a6a4e09155282ba7,procedural_composite,functional,inf,1.9419198714151234e-06,0.0004959751417006193,1.3839559181662807e-15,0.999998051684861,0.32142002799810143
d7c823e38bea617df9ab4bc8,procedural_composite,functional,inf,6.753056959987298e-06,0.0003377931645497699,1.0303971458807222e-15,0.9999978764699138,0.3207303290000709
ea4019fe4553e308eda6d6d7,procedural_composite,functional,inf,3.2303506192883323e-06,0.0011167567950582649,1.6181431996043201e-15,0.9999978943483625,0.320838981999259
a9a853c5d2010f8c94f9d332,procedural_composite,functional,inf,3.485608116109957e-07,0.0037712911141715073,1.1888730341629407e-15,0.9999997627289582,0.32116524600132834
45b6579ce815dab9b5faceb7,procedural_composite,functional,inf,9.936543044712222e-07,0.000123098409414615,1.1102230246251565e-15,0.9999977569267438,0.32234306700047455
08415fe3bd9d5c166a6876cd,procedural_composite,functional,inf,1.2426959224068142e-05,0.0003889613112287945,1.4575015084876265e-15,0.9999978257467871,0.32011170699843206
b9dd1c547be1f7517854947b,procedural_composite,functional,inf,2.94221476089135e-06,0.0001652857284388976,1.4801565808984974e-15,0.9999979991458597,0.3213083579976228
7e91e92fe9e90799340db46c,procedural_composite,functional,inf,8.193448659346454e-05,0.00019222468070219384,1.782504982733908e-15,0.9999980529519247,0.32015488099932554
bc50e17f906266b44396fc32,procedural_composite,functional,inf,2.1614078489987106e-05,0.0034644455647137493,1.151398862488077e-15,0.9999976535594377,0.32015708800099674
eafd0c95ca0422dbea0c5194,procedural_composite,functional,inf,5.554309890807157e-06,0.0008041132858806763,1.1322069886244657e-15,0.9999979653695041,0.32004438099829713
982fd4bd78774113991b1f37,procedural_composite,functional,inf,2.7382199416223195e-05,0.00012270997141073596,1.0470787187436279e-15,0.9999977914582066,0.31971629100007704
a8b64157104933dd2c7bc90a,procedural_composite,functional,inf,0.0001548200003632204,0.006547296399251648,1.701619588438234e-15,0.9999980163187557,0.31922369400126627
431a7e9d812b908a9de0e154,procedural_composite,functional,inf,1.4141964474398279e-06,0.0001690004202553249,1.3059871404118953e-15,0.9999980313516977,0.3221531329982099
217e357de2ca344eb0556b85,procedural_composite,functional,inf,1.7008313596656178e-06,0.00012787466774083101,1.3177089806277377e-15,0.9999977497623815,0.3225620589983009
7bdeb85cb9afdef6f1cf019f,procedural_composite,functional,inf,4.969955679445696e-06,0.0009111472645202905,1.1240170340602194e-15,0.9999978895532383,0.32438616799845477
a628e83199893d731b2064cc,procedural_composite,functional,inf,2.0672733283669142e-06,0.0009787480721651625,1.364901848641543e-15,0.9999980275713464,0.3213962800000445
5bd7bdf0a4a9d3018efb2910,procedural_composite,functional,inf,8.990602699997518e-07,0.0005442777221191663,1.2705478871078345e-15,0.9999979969397003,0.32209083099951386
d09aa5a398a4b71f994268f0,procedural_composite,functional,inf,1.6231189663600557e-05,0.012473125714577137,1.1499932476404979e-15,0.9999978207854854,0.32159082100042724
e48e4d9d4b3a92e49e22d46e,procedural_composite,functional,inf,1.276911318949564e-06,0.000159062516451054,1.431842611588218e-15,0.9999979450803848,0.3219817940007488
c859629fd3fd75d7bc124648,procedural_composite,functional,inf,2.7325038122392702e-06,0.00016445237555034082,1.1476173215473223e-15,0.9999980874816459,0.32263059700198937
80a71395e6ddc51af5335fcd,asymptotically_constant,functional,5.109034798584357,0.00025278466911829624,2.807538054663367e-05,9.651625177145517e-16,0.9999998606582821,0.2804917520006711
420ab18ba97c730c11bc06d5,asymptotically_constant,functional,3.262690377719421,0.00042555018933250634,4.100042419245061e-05,1.3322676295501878e-15,0.9999998489168235,0.2774069379993307
0267db3440c5adca80d4d099,asymptotically_constant,functional,4.584123844865898,0.0003358350711182617,3.3576996507964537e-05,1.5738808231917992e-15,0.9999998556409045,0.27660243100035586
9fcb6beec544b41e9ebab5df,asymptotically_constant,functional,2.3712087452659922,0.000483367300379529,4.345608851416679e-05,1.2717470095090413e-15,0.9999998468803831,0.27736461099993903
97f8dae769f3ffee26df877c,asymptotically_constant,functional,5.672913156207089,0.0002479590614984929,2.786243338127568e-05,1.337327486752633e-15,0.999999860716273,0.27675319699847023
c54d806684d44c4130b4a1a1,asymptotically_constant,functional,2.7363029015045672,0.0005200986062929539,4.814009053825628e-05,1.7209357538227899e-15,0.9999998433958491,0.27680912699725013
ff37cfc3da82ae4c8a53803c,asymptotically_constant,functional,4.429491172134943,0.0003128970707791622,3.293120142166704e-05,1.3872357891323556e-15,0.9999998556116269,0.28076563099966734
b07d8b976af5bc981011248d,asymptotically_constant,functional,4.167237149963288,0.0002959991917939493,3.097837131722273e-05,1.2570902507323331e-15,0.9999998577614018,0.2786080719997699
0615efe6cbf29894898fe920,asymptotically_constant,functional,5.460803561015222,0.0002527753108717176,2.6979647293141044e-05,1.782132139422154e-15,0.9999998625492182,0.275520802999381
f0879bf690d1993fea1bc3d3,asymptotically_constant,functional,2.425181908133437,0.0004923735404857553,4.364529010861743e-05,1.1617986374413175e-15,0.9999998469821875,0.2782991370004311
2a4a84e4f9ce0dc1f52e23b9,asymptotically_constant,functional,3.513961226827531,0.00042388150018717063,4.130382762199356e-05,1.0274341915027037e-15,0.9999998483292329,0.27716355200027465
921ed81fe0c10f6878a7d136,asymptotically_constant,functional,4.042428681259976,0.00032335457186610187,3.3689720974700015e-05,1.317648384788586e-15,0.9999998550632937,0.2771427740008221
54a636b8605bd8275f095c11,asymptotically_constant,functional,4.887484755614906,0.00028415118585251254,3.0189608284243347e-05,1.621166737775537e-15,0.9999998586303352,0.27676127899758285
5ffbcb6a85fd847b0dfc8851,asymptotically_constant,functional,3.0376623565895446,0.0004612398666089371,4.193881830257163e-05,1.248749610200104e-15,0.9999998485846042,0.27527874700172106
be33587b21026d84141af539,asymptotically_constant,functional,5.24292283419919,0.0002999397569019809,3.1477245000227304e-05,2.1317901737077826e-15,0.9999998573699109,0.27655387600316317
804fb27e0fb9f7f984ea9f7a,asymptotically_constant,functional,3.696274154182989,0.00030642162989873037,3.274140422784932e-05,1.3945906808754663e-15,0.9999998556921393,0.2780564249987947
a41eb1e10e13a7073aa8a90f,asymptotically_constant,functional,6.1165953854208155,0.00021077511969019126,2.441013174375291e-05,1.8664971007851363e-15,0.999999864672176,0.275861188001727
17f27790f6d6e0d825cd08b0,asymptotically_constant,functional,2.54760789374059,0.00048267619199971465,4.478277143732057e-05,1.5497827306392314e-15,0.9999998455867887,0.27631385999848135
918579ec4027c6f95324c517,asymptotically_constant,functional,4.322008157082921,0.0003658774027610889,3.6190228797976026e-05,2.355805407201713e-15,0.9999998532383515,0.2780994640015706
dd012d01b96a0ae2316295f1,asymptotically_constant,functional,3.8969943893934698,0.0003472599602314406,3.429995713065191e-05,1.7331489870479046e-15,0.9999998552101427,0.2751495470001828
cea5797aea94b86a98ccaa22,asymptotically_constant,functional,4.191872575969342,0.00029096747513794293,3.1035848944531484e-05,1.8174673733616507e-15,0.9999998573869193,0.27625325200278894
df9e8551cca882afa328a211,asymptotically_constant,functional,2.8527940020501728,0.0005034885283410341,4.5535034219112594e-05,1.4432899320127035e-15,0.9999998457901225,0.2758678320024046
a9ce0e93b54faf1f8d91549b,asymptotically_constant,functional,4.843335484551723,0.000308220923269597,3.2255253864848924e-05,1.890031569857498e-15,0.999999856588653,0.2727346329993452
f4a8e44cf9e585e93a66d3b9,asymptotically_constant,functional,3.2342124708538567,0.00035456532263074416,3.512452043836816e-05,1.966782000620564e-15,0.999999854135293,0.27242388499871595
4c9d3c3525817c53df1af3e0,asymptotically_constant,functional,5.078900747818121,0.00027156398958550653,2.905294470011398e-05,1.7226905913513135e-15,0.9999998600416462,0.277536716999748
a062c23ab51d99406efc5b84,asymptotically_constant,functional,3.9353525926054314,0.00034071990722875833,3.517650004592313e-05,1.4312735922165414e-15,0.9999998535390604,0.27515594600117765
f63e982c104050b25c400fe1,asymptotically_constant,functional,4.345568279361849,0.00035201823525471176,3.484064274935845e-05,1.5401140185113758e-15,0.9999998542965298,0.2764442619991314
e8657f8ca85f372a7664efef,asymptotically_constant,functional,3.2469173329654346,0.00036440991190201706,3.6395796689892585e-05,2.5822275122156245e-15,0.9999998525552051,0.27499575299952994
241c5479350fecfe42cf82d3,asymptotically_constant,functional,5.241788670727063,0.00027522337705881825,2.9863863329004164e-05,1.5930247258069194e-15,0.9999998588068041,0.2744429760023195
aa4edf42ea48b56e2c427c5e,asymptotically_constant,functional,2.242398193944057,0.000555020764991548,5.085489565545587e-05,1.2114462763557784e-15,0.9999998411668353,0.2746256190002896
2ed3a5e6d3232d8fa22b04da,asymptotically_constant,functional,3.8419399527083424,0.000358947921133647,3.564976759380113e-05,1.3278242013204896e-15,0.9999998534107251,0.27489206600148464
b3f324ef18f2500bc7c051ba,asymptotically_constant,functional,3.8257648207139976,0.00030715072273031517,3.146144525200394e-05,1.6737714547403363e-15,0.9999998576055158,0.27553455799716176
6e7d5b1e50e9a7c5dd42be68,asymptotically_constant,functional,5.912811441775137,0.00023721649022104033,2.5788770701190388e-05,9.992007221626409e-16,0.9999998638863825,0.2738651219988242
bf0a1b0c90a9ea5a2f6818f5,asymptotically_constant,functional,2.691679417807679,0.00048524233648709674,4.591294113600412e-05,1.4528885718164864e-15,0.9999998448472533,0.27540654099720996
9ffe55e2373dbd8e494c2b33,asymptotically_constant,functional,3.805631855267844,0.0003752218272857939,3.6869103175468104e-05,2.540180445721154e-15,0.9999998523992087,0.2760986959983711
6352450696c3a5f83829e692,asymptotically_constant,functional,3.2242240963635727,0.0003861174550943508,3.685601640233891e-05,1.5477453849164265e-15,0.9999998524814707,0.27623468000092544
43ca3d2dd0d1fe0854ad94cb,asymptotically_constant,functional,4.8453023442395775,0.0002792298893035775,3.006659710693839e-05,1.3923372926939108e-15,0.999999858641298,0.2758438169985311
7b69018ad01812a3f995b05a,asymptotically_constant,functional,3.4763827443639546,0.00041828149938863076,4.1286737676824245e-05,1.86462150041168e-15,0.9999998481658046,0.2780282649982837
86d9524af7c055b591c79200,asymptotically_constant,functional,5.244052578382778,0.00028845950841339534,2.974364239461363e-05,1.4733173234832009e-15,0.9999998596592139,0.2788612549993559
18ec07d1a8b63e33de636125,asymptotically_constant,functional,3.468094853464338,0.00033490217813749167,3.381394550466293e-05,1.3139992142505612e-15,0.9999998550357491,0.27556372999970336
16313461d99e1d15f2201cef,asymptotically_constant,functional,4.574819775298765,0.0002745129485277346,2.9156000848549492e-05,1.3400472893191372e-15,0.9999998598312301,0.27460550899922964
2fd6dfa860a502c75f0ff8a0,asymptotically_constant,functional,3.2422290997133825,0.0003951317697572956,3.762953545753997e-05,2.3822293203254724e-15,0.9999998517373755,0.2777378589998989
7a79c8734d54c1395b67790e,asymptotically_constant,functional,4.301280657952365,0.00037291754728074205,3.6749347523991765e-05,1.3322676295501878e-15,0.9999998526747443,0.2768294560009963
1a63348e2dfccdec4e8304ac,asymptotically_constant,functional,3.316781442566212,0.0003706672759843767,3.7061215782593314e-05,1.903959098225297e-15,0.9999998521505916,0.27846289799708757
6c0ec997357e3a101615e225,asymptotically_constant,functional,5.743603647244589,0.00025476768441570194,2.7711593129839802e-05,1.5054948731926114e-15,0.9999998613723701,0.27699927099820343
27647907740c2a5b71b3ed7f,asymptotically_constant,functional,2.406293278957559,0.0005274701969832765,4.694573763666268e-05,1.0443555087929366e-15,0.9999998443398858,0.2768059829977574
c25e4d38933f831f2eae7808,asymptotically_constant,functional,4.367794779192016,0.00034024577356928716,3.4300743187487076e-05,1.3322676295501878e-15,0.9999998548563714,0.2764042269991478
2205d115028b5ddfdd8cdb2e,asymptotically_constant,functional,4.732987481109193,0.00026909799911868594,2.8553501629299282e-05,9.692128583712492e-16,0.9999998607706622,0.27604943299957085
a41bdf7936d4938d7a86a604,asymptotically_constant,functional,5.192432821840825,0.0002489701065805147,2.6426661857512194e-05,1.727738198982197e-15,0.9999998631542393,0.2748727339967445
b1ebaed0c735bea5ce066050,asymptotically_constant,functional,3.23179294446307,0.0004113380493963422,4.00459514698537e-05,1.1598061259483285e-15,0.9999998493821273,0.27551907699671574
3652429416ab10c0a54f4eb7,asymptotically_constant,functional,5.126708218972489,0.00033351072498345204,3.325691786180376e-05,1.8563936776445137e-15,0.9999998562583331,0.27558479700019234
9a75c8158ce4b2b942b0599d,asymptotically_constant,functional,3.026323538115534,0.00041088441304434436,3.951464261168369e-05,1.4634318798002303e-15,0.9999998502795664,0.27477822999935597
f14d10873978e94ce429a5c1,asymptotically_constant,functional,5.11395789579243,0.0002614416328732314,2.8383280445114233e-05,1.2690887290849045e-15,0.9999998603855171,0.2743267990008462
994cbcc8482b677bc8721604,asymptotically_constant,functional,2.0239410320766957,0.0006129702602652216,5.540809506263092e-05,2.2668539813661945e-15,0.9999998377288316,0.2771932850009762
d8ff8d2c9353b10f221a85f0,asymptotically_constant,functional,4.031258262847498,0.0003496676974342204,3.575528466798561e-05,1.887379141862766e-15,0.9999998531073756,0.27604463000170654
adc7470ebf5029f5864ba0e5,asymptotically_constant,functional,3.931210134969689,0.00030960562751879286,3.2089577870970954e-05,9.79649903516088e-16,0.9999998568087269,0.2768457079982909
bcfee7d248dbdaa5c2f31c39,asymptotically_constant,functional,5.948146010690756,0.00024091274565972063,2.6916140182779773e-05,1.5162688576415669e-15,0.9999998620473113,0.2769574260018999
3ed4b1f285c0f12be4e802eb,asymptotically_constant,functional,3.070872605746681,0.000410312759533404,4.070969021435319e-05,1.3096812444032971e-15,0.9999998485933601,0.2742989670005045
5671b7c2a6a267732425027c,asymptotically_constant,functional,3.632303573616687,0.00040268856190235944,3.849645899499007e-05,1.3947028250872976e-15,0.9999998510150374,0.2757862149992434
4306855213907ce62fb8ed9b,asymptotically_constant,functional,3.8601651473466916,0.00032301251911308966,3.3442852101083936e-05,1.4325301066760182e-15,0.9999998551684851,0.2744339230011974
078a3bcaa99273b5fe25f4db,asymptotically_constant,functional,4.439072513268679,0.00032243996905747234,3.296908694608009e-05,1.1078403798811488e-15,0.9999998561578097,0.2752748020029685
3c5c72fd9acef9c15ab5e93f,asymptotically_constant,functional,2.8468838224259994,0.0004713490792328988,4.442152390778999e-05,1.7763568394002505e-15,0.9999998459820058,0.2752872400014894
cc52b5b2e456e0be90bb0080,asymptotically_constant,functional,4.603704300779443,0.0003141211725165085,3.262735834579007e-05,1.3515070082698138e-15,0.9999998560698854,0.2754944539992721
d84f04e57770dea934cc8f84,asymptotically_constant,functional,2.974648493600899,0.0003645317739132608,3.635832300318569e-05,1.823897423832735e-15,0.9999998526881212,0.27467873800196685
1151c0b985aedeb8838ec31e,asymptotically_constant,functional,5.912909320247213,0.00022233106850301208,2.5403106865512032e-05,1.3322676295501878e-15,0.9999998635192091,0.2769926030014176
c6aeff5e46a48360f16a0199,asymptotically_constant,functional,2.917832506495529,0.00044472839126839277,4.199303750245929e-05,1.357638206343334e-15,0.9999998481066288,0.2773063919994456
9521a910706e86d5e4c38217,asymptotically_constant,functional,4.177011112584248,0.00036041715291620913,3.655325648596944e-05,1.3751969352883544e-15,0.9999998524134971,0.27580319000117015
d3ac230d75e858e640304428,asymptotically_constant,functional,4.034382768886118,0.000337427692959836,3.409993051044223e-05,1.235408943704484e-15,0.9999998550221839,0.2763396489972365
da095c8004280b55e2bbf55c,asymptotically_constant,functional,4.303233980382313,0.0003064015596319659,3.1111574569304347e-05,1.307053190639222e-15,0.9999998579482333,0.2759408109996002
8ca9968c1f8485afdc798449,asymptotically_constant,functional,2.726890391779868,0.0005020588950001418,4.5606661032076424e-05,1.5816386514182627e-15,0.99999984546515,0.2758959179991507
5acd42ac85aad14871469ca3,asymptotically_constant,functional,5.3217484323570865,0.00028574546617818824,3.052410654447271e-05,1.4153284163935933e-15,0.9999998582936355,0.27579626999795437
1bcccf80491b7ae4e31e9fbb,asymptotically_constant,functional,3.001704972744019,0.00038175307377286827,3.79456985699908e-05,1.7061364136030682e-15,0.9999998512483776,0.27617261100022006
7b46c5f175defbd4ee3bc85d,asymptotically_constant,functional,5.458945244571046,0.0002479355561941191,2.7532750921618316e-05,1.3019606933486106e-15,0.9999998613603215,0.27655410199804464
abb7bb36d56c017788889cee,asymptotically_constant,functional,3.5745486127970256,0.00038555548635697714,3.750111934783657e-05,1.4682039120336287e-15,0.9999998520483141,0.2744647260005877
ea63cd68abb2b475865fa3db,asymptotically_constant,functional,4.549467810671077,0.00035127737971304404,3.503115565879817e-05,1.5543122344752192e-15,0.9999998540728561,0.2762699730010354
c01cad0bd0206e08af48bef5,asymptotically_constant,functional,3.2276836074230886,0.000371744660569858,3.6341975661431396e-05,1.8032401588621215e-15,0.9999998529951758,0.27727645500272047
ea897af5c6e83bb55bfc6072,asymptotically_constant,functional,5.223475499978518,0.00028459907449691647,2.997616550706663e-05,1.742176473552722e-15,0.9999998591650604,0.27735722299985355
83674a094c028988b2a27b1c,asymptotically_constant,functional,2.48571691419175,0.0005282497191121272,4.965151326491774e-05,9.992007221626409e-16,0.9999998417998384,0.27541000400015037
96828be4cdf6cb700d3598df,asymptotically_constant,functional,3.559640749132301,0.00038460130965406523,3.742736263523228e-05,2.100276367064697e-15,0.99999985176973,0.27637128100104746
96cc4f7069acbea81258f06a,asymptotically_constant,functional,4.120887543748346,0.00029148793259354763,2.999222730042903e-05,1.405372421159851e-15,0.9999998592306506,0.2732642910013965
b4e39116708f34c73beb07b0,asymptotically_constant,functional,4.864076585600332,0.0002461862143586522,2.792871838617281e-05,1.5543122344752192e-15,0.9999998604884959,0.27669547199911904
2e33da4b1742f2dc7419bb11,asymptotically_constant,functional,3.2656611665245325,0.00042143203806507324,4.109517959028738e-05,1.3756565492776785e-15,0.9999998485799397,0.2763539439984015
58576a006eed44ad73a52d06,asymptotically_constant,functional,4.250778424109033,0.00035078882811799333,3.561645931031508e-05,1.5071908196822427e-15,0.9999998532629653,0.27677330399819766
85465a552ddc68cfdf942b91,asymptotically_constant,functional,2.7098579024485296,0.0004338428145890653,3.9983151151365045e-05,1.4217803610569252e-15,0.9999998501126698,0.277420570000686
caf4e85eb81a9df8210fdf13,asymptotically_constant,functional,5.984049636598549,0.00023936028055005867,2.6747660381996618e-05,1.063432326420368e-15,0.9999998622396501,0.27850010100155487
6be70910caca55a4b5d40c61,asymptotically_constant,functional,2.4995729878121846,0.0005693854881279544,5.171230746968819e-05,1.3322676295501878e-15,0.9999998409725434,0.2782959710020805
e14b4a3893a9b1205e6e9a5b,asymptotically_constant,functional,4.461668297660211,0.0003085960381621295,3.267731905100455e-05,1.4419528384964816e-15,0.999999855763004,0.27843209500133526
76ac0d72bc704accec3dd61a,asymptotically_constant,functional,3.908038384938658,0.00030350069589750667,3.109067118447958e-05,1.5244793695125684e-15,0.9999998577321347,0.2771223839990853
42a8d377787cfad5513cd2a0,asymptotically_constant,functional,5.599516923538188,0.0002426317873279222,2.6932743932666025e-05,1.5543122344752192e-15,0.9999998620704041,0.2785832740009937
346a7816b488d65ae6b6e783,asymptotically_constant,functional,2.285420228039836,0.000505100825598791,4.4642615481338554e-05,1.5543122344752192e-15,0.9999998462474063,0.2749832349982171
a96fc0977f9e03befa843dc4,asymptotically_constant,functional,3.6717926736423028,0.0004116243149691507,3.913208743455655e-05,9.947563182778515e-16,0.9999998507906913,0.2760292679995473
21f90799602ef67cb0940dce,asymptotically_constant,functional,3.645929860856585,0.0003506770244291692,3.538279407410245e-05,1.5166589261527032e-15,0.9999998537361505,0.275074738998228
96f7721fd13fff82c152e8e3,asymptotically_constant,functional,4.396089789232503,0.00030668211779470066,3.200921968153478e-05,1.802153381974667e-15,0.9999998567619965,0.2768447100024787
41a9416a0c1f9a986e2d1fcd,asymptotically_constant,functional,3.2575818292343506,0.0004038391913112132,3.9310747540379554e-05,1.6640014412371121e-15,0.9999998497518342,0.27651663800133974
e61288f6cdc6b2d1f509db2a,asymptotically_constant,functional,5.158696815293444,0.00029666570522585665,3.122762222355929e-05,1.2388093136411337e-15,0.999999857683971,0.27765922300022794
e9efa500ad7c4fe190da31f4,asymptotically_constant,functional,3.84644677266426,0.00030566387163055757,3.2740176296818366e-05,1.7763568394002505e-15,0.9999998556780166,0.27811233299871674
10c85a0f35418c167a85c0bb,asymptotically_constant,functional,5.121107812791045,0.0002458488499324001,2.688551617511742e-05,1.5854775363344848e-15,0.9999998621651774,0.27814193299855106
040dd99f909d43b4801de901,asymptotically_constant,functional,3.660080737113935,0.0003713834841805999,3.710281497966576e-05,8.7826882160433895e-16,0.9999998519654761,0.2746175440006482
73eb60982bc2b5ae3004d01d,asymptotically_constant,functional,5.099853271107667,0.000325994546723582,3.2558503217562606e-05,1.6523315071033559e-15,0.9999998570043749,0.27702327700171736
c2e247d0ce820734da8e617e,asymptotically_constant,functional,3.2140946340076404,0.0003914989637322027,3.795760301216375e-05,1.1829601332106384e-15,0.9999998515639732,0.2770619479997549
ce9407af725004299d81993d,asymptotically_constant,functional,5.26057197072188,0.0002569060640916962,2.8159364771354157e-05,1.113102706757296e-15,0.9999998605639546,0.27622858099857694
a48c63dd7c4968b0a8d77857,asymptotically_constant,functional,2.039941081806221,0.0005984187607548121,5.2869021911325745e-05,1.3671453307961825e-15,0.9999998398728727,0.2753177220001817
e85e006f8a21920af6771d42,asymptotically_constant,functional,4.529781450580993,0.00031378623523795464,3.303003954378639e-05,1.5543122344752192e-15,0.9999998556275215,0.27789856000163127
5c9a6fdb25d18cc6122a9d55,asymptotically_constant,functional,3.874046638402568,0.0003181726011953043,3.304286877968428e-05,1.2551070625858669e-15,0.9999998557693363,0.2763135710010829
060a6ba3f52cbd15a92a5975,asymptotically_constant,functional,6.389098152294357,0.00021770913973394196,2.522598456323088e-05,1.848926545701906e-15,0.999999863724798,0.27819618500143406
576adbf51ab897e9731ef279,asymptotically_constant,functional,2.8931692315052757,0.00043969915353312083,4.203913931376928e-05,1.5454866076273656e-15,0.999999847967822,0.27738090499769896
a91de6c6f01ee2e4069e9cfb,asymptotically_constant,functional,3.8765915525112113,0.00039080458457467027,3.7945255169476284e-05,1.1552957866800012e-15,0.9999998514127624,0.27738818199941306
3d0b341660faa26508554a95,asymptotically_constant,functional,4.040858668731296,0.0003158504445615804,3.207465177678745e-05,1.36677927437554e-15,0.9999998570809854,0.27663360399674275
fdec2642d2e6c17b40542105,asymptotically_constant,functional,4.529549011775492,0.0003157196969450828,3.223501983992414e-05,1.6588980117701066e-15,0.9999998570243689,0.2778553739990457
2f9a6f08132e4896cb4fabe6,asymptotically_constant,functional,3.130455713004082,0.0004466777116364501,4.2648568307785125e-05,2.977326936784157e-15,0.9999998474644349,0.27728321899849107
25e35752a1d203fa07fae087,asymptotically_constant,functional,4.42390959454505,0.0003283545884487561,3.3110448282787254e-05,1.0776897875505123e-15,0.9999998558593765,0.2760933630015643
2bc253798e85cb2e4e074a93,asymptotically_constant,functional,3.3051427576194907,0.00033492907630030535,3.337522396240442e-05,1.2597222620378063e-15,0.9999998557952926,0.2761258170030487
40f0c9748683c4fa14b4a875,asymptotically_constant,functional,5.6442555704278945,0.00023343734527475285,2.598487469197001e-05,1.1172784931331805e-15,0.9999998632513145,0.27651986300043063
9df66f48179dd37c96c604f5,asymptotically_constant,functional,2.554496780697729,0.0005131155397576425,4.7856268157316235e-05,1.2965877544876487e-15,0.9999998434686365,0.2752036469973973
f16f2fe5f9e57ac46fbe676e,asymptotically_constant,functional,3.445752902453961,0.0004171210660763259,4.015065248242009e-05,1.1102230246251565e-15,0.9999998495478758,0.2768763770000078
33093568f1fcfb5935ca7fdf,asymptotically_constant,functional,3.3911435322751196,0.0003739399682071904,3.5766857743839554e-05,8.02687829169182e-16,0.9999998538050252,0.2767338049998216
dbd0e1b492bb28fc46f2a037,asymptotically_constant,functional,5.039415788649528,0.0002765628106657051,2.952221520136215e-05,1.6357866091578558e-15,0.9999998594947652,0.2767167910024
d64166f612a0551e9116b7be,asymptotically_constant,functional,3.1915986689905083,0.0004833173014263555,4.4529388844958104e-05,1.6800918979958244e-15,0.999999846542652,0.2763536189995648
e7c4abad77c1eba26290619b,asymptotically_constant,functional,5.140514284364626,0.0002945334306934917,3.0425179303393264e-05,2.227228044052619e-15,0.9999998587301523,0.27577358900089166
04ce300fb5638391e83e525a,asymptotically_constant,functional,3.143725461645321,0.00035459685398261194,3.5090209888874236e-05,1.5139413698270123e-15,0.99999985386288,0.2757739910011878
a322860fb384a955c24efcb8,asymptotically_constant,functional,4.61180002662255,0.00028319657803953837,2.9767284153125225e-05,1.3527111123585407e-15,0.9999998593410729,0.27549962399643846
a795a24a49b9fe84c361073e,asymptotically_constant,functional,3.069549155935359,0.00040857370752371753,3.8988486036986605e-05,1.2641294527119196e-15,0.999999850602743,0.2753692709993629
11926dfeb5e6a36908b27b55,asymptotically_constant,functional,4.349523599371787,0.0003762016480356371,3.6102225077739074e-05,1.5543122344752192e-15,0.9999998537643875,0.2747062999987975
867ee97b096fe223857e0fed,asymptotically_constant,functional,2.876420206553007,0.00042256417416750437,4.049881865663172e-05,1.4866170813478823e-15,0.9999998494424059,0.2993348169984529
4150b5fdd045d9df8ab2849e,asymptotically_constant,functional,5.205218067475252,0.0002821716924306922,2.9613239298404997e-05,1.161822104138328e-15,0.9999998594839834,0.27777678799975547
4675ded10ae2d180af1e3116,asymptotically_constant,functional,2.4639733975033113,0.00050276758099283,4.531062153383823e-05,2.1744302325368608e-15,0.9999998451307885,0.27696492800168926
65a0d8451faf7a9f42e0a88f,asymptotically_constant,functional,4.228878712538725,0.000346039861173764,3.479310230823323e-05,1.7518062209764823e-15,0.9999998543561568,0.27637898300235975
163d117cd4d3c6a261f3fbff,asymptotically_constant,functional,4.6625463821774265,0.0002757804844966974,2.9774960286735245e-05,1.586987270436856e-15,0.9999998590278186,0.275952640997275
