category,output_route,state,hamiltonians,fidelity_mean,fidelity_median,fidelity_p90,fidelity_p95,fidelity_worst,h1_relative_mean,h1_relative_median,h1_relative_p90,h1_relative_p95,h1_relative_worst,energy_abs_error_mean,energy_abs_error_median,energy_abs_error_p90,energy_abs_error_p95,energy_abs_error_worst,independent_residual_head_mean,independent_residual_head_median,independent_residual_head_p90,independent_residual_head_p95,independent_residual_head_worst,density_integrated_absolute_error_mean,density_integrated_absolute_error_median,density_integrated_absolute_error_p90,density_integrated_absolute_error_p95,density_integrated_absolute_error_worst,persistent_node_correct_mean,persistent_node_correct_median,persistent_node_correct_p90,persistent_node_correct_p95,persistent_node_correct_worst,node_position_mae_normalized_mean,node_position_mae_normalized_median,node_position_mae_normalized_p90,node_position_mae_normalized_p95,node_position_mae_normalized_worst,gram_max_error_mean,gram_max_error_median,gram_max_error_p90,gram_max_error_p95,gram_max_error_worst,boundary_error_mean,boundary_error_median,boundary_error_p90,boundary_error_p95,boundary_error_worst,gap_error_mean,gap_error_median,gap_error_p90,gap_error_p95,gap_error_worst
ID_test,direct_topology,0,513,0.9987686454939031,0.9998743473508893,0.9999900979559166,0.999993931050036,0.7749405842602607,0.03594265868183852,0.02255404753867069,0.07873590945991255,0.10874328850390705,0.5184169256315775,5.40474292364807,0.0031332780966728535,0.03659143929027737,0.0575997056142686,654.7645855440775,0.10560416995653009,0.04529284798817457,0.1759576029615141,0.5997897506109564,0.9971272032581276,0.02335684651780393,0.012965752596229441,0.05809185721567867,0.07998984467417553,0.5211623582540744,1.0,1.0,1.0,1.0,1.0,0.0,0.0,0.0,0.0,0.0,0.08705900557413293,0.031334522184104534,0.2490503640185147,0.37933423140077266,0.5384146947793328,0.0,0.0,0.0,0.0,0.0,,,,,
ID_test,direct_topology,1,513,0.979384535117111,0.9995021392651,0.9999793011357764,0.9999831599778861,0.5581609610437503,0.08928541402408877,0.03886384230334136,0.23855806808454022,0.5075300055013791,0.8029026807317962,5.4152759358232965,0.00807312130679183,0.06707033857514542,0.11745301639374749,654.7985213566195,0.11160698771672507,0.05105509932909619,0.2612792390771389,0.5838241800118262,0.9997673104590803,0.07555201557956033,0.028493135271852897,0.21567870217122365,0.39411572148042784,1.2937161245718356,0.9259259259259259,1.0,1.0,1.0,0.0,0.010400651737977159,0.0008418410896860227,0.009611018969203342,0.09956100443534413,0.13820481535103107,0.08705900557413293,0.031334522184104534,0.2490503640185147,0.37933423140077266,0.5384146947793328,0.0,0.0,0.0,0.0,0.0,0.0243458245872855,0.00813388314341501,0.07094748012465722,0.09676017229026995,0.322225007124072
ID_test,direct_topology,2,513,0.9813291749864853,0.9986107465251286,0.9998625338369769,0.9998913467975231,0.4597524385226329,0.10661978560989958,0.05486011918529945,0.2858637959892057,0.431413718231652,0.8340344702391854,5.4226404389136516,0.012010931001217529,0.08617186031393193,0.1554899313967093,654.7971925420535,0.13506025842843938,0.05638481550161594,0.32453957332683564,0.6204074442667903,0.9998254332457605,0.09238137231123265,0.043216339809272114,0.23509903584808908,0.28616187549821637,1.3896264088193726,0.9259259259259259,1.0,1.0,1.0,0.0,0.008532286741357411,0.0012604986779173148,0.00999187350035061,0.0742774874746602,0.10167716818359043,0.08705900557413293,0.031334522184104534,0.2490503640185147,0.37933423140077266,0.5384146947793328,0.0,0.0,0.0,0.0,0.0,0.029031234125780216,0.01476613467707244,0.06173068998436194,0.10902392148914919,0.46305488702985675
ID_test,direct_topology,3,513,0.9829229593804726,0.9990113847143184,0.9999261154043712,0.9999590202525114,0.5354996010823542,0.10276767190585248,0.04776473722444163,0.2732400939974668,0.3863789617400221,0.8176671777769368,5.436338732089301,0.023656266764293665,0.12016515224698436,0.14489970274697242,654.7964621002731,0.11548419362571387,0.043762189695573904,0.26156130330064614,0.4738878555310204,0.9998405670436222,0.09513272242192929,0.04052928136211123,0.23350333775293622,0.35174022104242253,1.028768648364415,0.9259259259259259,1.0,1.0,1.0,0.0,0.007862739111595003,0.000895640332590643,0.009966197909610435,0.07127238937638321,0.09677221916215344,0.08705900557413293,0.031334522184104534,0.2490503640185147,0.37933423140077266,0.5384146947793328,0.0,0.0,0.0,0.0,0.0,0.0413333250781471,0.02114874819222834,0.10164544478969464,0.1389944167942678,0.546825397317007
ID_test,direct_topology,4,513,0.9830060280731546,0.9992249103022871,0.9999474868370923,0.9999649129072368,0.3562738057304684,0.09423032938195103,0.041663537493070835,0.26867204080954027,0.34876333817557986,0.7857892992774623,5.447004976834907,0.026639282999971314,0.1518086700852914,0.2485595563349501,654.7974724261761,0.08586822785157343,0.03264326523841441,0.1746971364456569,0.2594594497511253,0.9998537805866373,0.09499022218049415,0.03228490465522821,0.2606284885155249,0.35906619102983084,1.305185429692389,0.9259259259259259,1.0,1.0,1.0,0.0,0.007551479824801827,0.00072174769807206,0.009377884102844005,0.06964634421357069,0.09714128858420829,0.08705900557413293,0.031334522184104534,0.2490503640185147,0.37933423140077266,0.5384146947793328,0.0,0.0,0.0,0.0,0.0,0.06092695832445608,0.026879541290982356,0.15353016985359774,0.2704446386616114,0.7729046678986347
ID_test,direct_topology,5,513,0.9821808310257845,0.9992899048019025,0.9999160909331525,0.9999610236435035,0.4438123316174287,0.08925679997986848,0.03469749149248815,0.25989662504370387,0.3325678606116082,0.8952281379584547,5.458353358228202,0.023438852155798884,0.1651581280426584,0.3067301134594719,654.7967252206776,0.07473468461268853,0.023768820203703814,0.14757330896905999,0.22970375114815694,0.9998677762182159,0.09869487835768578,0.03488118315644492,0.2664611896546989,0.41851078423924476,1.3044807533194875,0.9259259259259259,1.0,1.0,1.0,0.0,0.007223492190338437,0.0005214441802323073,0.005738089244720595,0.07445402651679245,0.090739053822257,0.08705900557413293,0.031334522184104534,0.2490503640185147,0.37933423140077266,0.5384146947793328,0.0,0.0,0.0,0.0,0.0,0.06415123405084522,0.029311695695163564,0.1705560123148944,0.2669990104280679,0.7550323625049842
ID_test,direct_topology,6,513,0.9822967305313609,0.9994494981967709,0.9999122368001767,0.9999460687540882,0.4042797512075569,0.08602990021911389,0.032361722003305525,0.25397895883339694,0.329338031814032,1.5007637690163504,5.465057988947088,0.0393473898089578,0.1911751228807873,0.2963215180830367,654.7974624471154,0.0756268237526585,0.025382613417887327,0.1450268884182098,0.22750197529698632,0.9998667724113227,0.0950047102724774,0.028574263053348887,0.2710285550347752,0.4464284939488837,1.2198253736792974,0.9259259259259259,1.0,1.0,1.0,0.0,0.007676029793133792,0.0005081476486275685,0.006351396906676623,0.08924871201372275,0.09244621394726646,0.08705900557413293,0.031334522184104534,0.2490503640185147,0.37933423140077266,0.5384146947793328,0.0,0.0,0.0,0.0,0.0,0.06346630530859068,0.028344787049523923,0.17241204727365453,0.23237804923145416,0.6525588047136317
ID_test,direct_topology,7,513,0.9856836796627092,0.9994413577180354,0.9998444199542346,0.9998863086593193,0.13095808701032213,0.07743551720226755,0.033425248927275435,0.20103648028782276,0.31128125787068345,0.9243967446974589,5.446981575098614,0.03291419108332949,0.1436023123740981,0.1973790043685209,654.7978244504988,0.07624969163285239,0.027680508131621446,0.1274731503316958,0.23262793008284946,0.9998739009951292,0.0813367691305895,0.02804267215608837,0.17796011842537582,0.3572010818910014,1.7068825090916566,0.9259259259259259,1.0,1.0,1.0,0.0,0.007542672513547822,0.00048437810477027654,0.0047330735276496765,0.08965236000173042,0.09230477464145961,0.08705900557413293,0.031334522184104534,0.2490503640185147,0.37933423140077266,0.5384146947793328,0.0,0.0,0.0,0.0,0.0,0.04686853236524437,0.017437012455253864,0.10964220990971682,0.21954532974144417,0.5069282843471221
ID_test,direct_topology,8,513,0.989852163415054,0.99929020047036,0.9997874276990935,0.9998618456587856,0.5245135394131064,0.0729822381439005,0.037794815028607896,0.17188178496025233,0.2687353404249415,1.2067323466363526,5.455039063721404,0.03694757178657504,0.15284716427375714,0.2360554420911177,654.7978052459113,0.07955829186926917,0.03052225918636769,0.12353886897931518,0.22343929569510415,0.9998248738260507,0.06824847559181353,0.02886805041602474,0.1363649676835064,0.2916334516264064,1.0006808464821273,0.9376218323586745,1.0,1.0,1.0,0.0,0.007421115098672187,0.0005306935432168938,0.004354770875808734,0.08917288752305876,0.09104421068761503,0.08705900557413293,0.031334522184104534,0.2490503640185147,0.37933423140077266,0.5384146947793328,0.0,0.0,0.0,0.0,0.0,0.038303564823907725,0.02169706319084508,0.10048769672993885,0.13043302606789053,0.35100052287609884
ID_test,direct_topology,9,513,0.9892617661150969,0.9992150676627651,0.9997274443095343,0.9997693175916202,0.04977174434826489,0.07251280520127763,0.03938904434312755,0.12675464546305512,0.23657416894124944,1.7048903293642876,5.482759805805607,0.055953145282690464,0.2069332671803263,0.3482502247373291,654.7981075774175,0.08312637763819934,0.03501786513352403,0.10454308827786225,0.26069897446417756,0.9998429803808042,0.06620235204886131,0.030737632800496233,0.11199559651017918,0.22047451615940097,1.9228531390134471,1.0,1.0,1.0,1.0,1.0,0.0070721266245079946,0.00048464966287390786,0.0032321676602588495,0.08431578751328749,0.08945459444927539,0.08705900557413293,0.031334522184104534,0.2490503640185147,0.37933423140077266,0.5384146947793328,0.0,0.0,0.0,0.0,0.0,0.061012322346375984,0.023233399794269083,0.15513083699170807,0.2419327085830655,1.0500706264228743
ID_test,direct_topology,10,513,0.9898887711821045,0.9991768005217119,0.9997296789098823,0.9997840221725702,0.18589869206505022,0.0723138482449371,0.04390436271546467,0.13818233153177142,0.21500124087982278,1.265390317704124,5.569393604306857,0.09854225416905038,0.37638870906985167,0.6868947623332897,654.798208372087,0.09209465671924705,0.04148493086643175,0.13228716532249307,0.2588460280253634,0.9998417686344793,0.06110657992324458,0.030606444673916565,0.10701476556328578,0.17760051712227115,1.4908078527017619,1.0,1.0,1.0,1.0,1.0,0.006873302216631739,0.0005032198165372504,0.0025925797917223585,0.08126595058099523,0.08751631790000135,0.08705900557413293,0.031334522184104534,0.2490503640185147,0.37933423140077266,0.5384146947793328,0.0,0.0,0.0,0.0,0.0,0.1502943207217236,0.07105766037944239,0.31465227703062504,0.5536592654684734,3.976121439764402
ID_test,hybrid,0,513,0.9987691856083278,0.9998753782360292,0.9999900979559166,0.9999953096183414,0.7749405842602607,0.035787238184701524,0.02251441790014825,0.07873590945991255,0.10874328850390705,0.5184169256315775,5.404740614576292,0.0031332780966728535,0.03659143929027737,0.0575997056142686,654.7645855440775,0.10470519732379668,0.04263061007644368,0.1759576029615141,0.5997897506109564,0.9971272032581276,0.023254922674381187,0.012914263119849632,0.05809185721567867,0.07998984467417553,0.5211623582540744,1.0,1.0,1.0,1.0,1.0,0.0,0.0,0.0,0.0,0.0,0.08663798390949631,0.03110805584973116,0.2490503640185147,0.37933423140077266,0.5384146947793328,0.0,0.0,0.0,0.0,0.0,,,,,
ID_test,hybrid,1,513,0.9793888948731072,0.999509163794659,0.9999793011357764,0.9999831599778861,0.5581609610437503,0.08906976096239846,0.03861584064614554,0.23855806808454022,0.5075300055013791,0.8029026807317962,5.41525754069075,0.00807312130679183,0.06707033857514542,0.11745301639374749,654.7985213566195,0.11102289394018756,0.05105509932909619,0.2612792390771389,0.5838241800118262,0.9997673104590803,0.07535400265438043,0.028163028211560075,0.21567870217122365,0.39411572148042784,1.2937161245718356,0.9259259259259259,1.0,1.0,1.0,0.0,0.01039328942154594,0.0008318124076354638,0.009611018969203342,0.09956100443534413,0.13820481535103107,0.08663798390949631,0.03110805584973116,0.2490503640185147,0.37933423140077266,0.5384146947793328,0.0,0.0,0.0,0.0,0.0,0.024326979101414837,0.00813388314341501,0.07094748012465722,0.09676017229026995,0.322225007124072
ID_test,hybrid,2,513,0.9813393138786467,0.9986462485326358,0.9998630027096069,0.9998913467975231,0.4597524385226329,0.10641176314615204,0.05469107137291964,0.2858637959892057,0.431413718231652,0.8340344702391854,5.422601455307032,0.011972990519976356,0.08617186031393193,0.1554899313967093,654.7971925420535,0.1343670108918977,0.05638481550161594,0.3124840623857683,0.6204074442667903,0.9998254332457605,0.09213136795935721,0.042940193352803455,0.23509903584808908,0.28616187549821637,1.3896264088193726,0.9259259259259259,1.0,1.0,1.0,0.0,0.008518464702140457,0.0012604971000028907,0.00999187350035061,0.0742774874746602,0.10167716818359043,0.08663798390949631,0.03110805584973116,0.2490503640185147,0.37933423140077266,0.5384146947793328,0.0,0.0,0.0,0.0,0.0,0.029011711533169553,0.01476613467707244,0.06173068998436194,0.10902392148914919,0.46305488702985675
ID_test,hybrid,3,513,0.9829435411771605,0.9990363383480293,0.9999261154043712,0.9999590202525114,0.5354996010823542,0.10255188274235817,0.04754389967196759,0.2732400939974668,0.3863789617400221,0.8176671777769368,5.4359781128343245,0.023634470184053846,0.12016515224698436,0.14489970274697242,654.7964621002731,0.11507764250473562,0.043762189695573904,0.26156130330064614,0.4738878555310204,0.9998405670436222,0.09486084737448196,0.03983103853084553,0.23350333775293622,0.35174022104242253,1.028768648364415,0.9259259259259259,1.0,1.0,1.0,0.0,0.00785608053703381,0.0008907450475147505,0.009966197909610435,0.07127238937638321,0.09677221916215344,0.08663798390949631,0.03110805584973116,0.2490503640185147,0.37933423140077266,0.5384146947793328,0.0,0.0,0.0,0.0,0.0,0.04098480963265351,0.02095311825485524,0.10164544478969464,0.1389944167942678,0.546825397317007
ID_test,hybrid,4,513,0.9830243197673834,0.9992307595120189,0.9999474868370923,0.9999649129072368,0.3562738057304684,0.09402728382013215,0.041650408207498754,0.26867204080954027,0.34876333817557986,0.7857892992774623,5.446770067958544,0.026494385378107665,0.1518086700852914,0.2485595563349501,654.7974724261761,0.08551208364090164,0.03264326523841441,0.1746971364456569,0.2594594497511253,0.9998537805866373,0.09474300625963938,0.03154626567471588,0.2606284885155249,0.35906619102983084,1.305185429692389,0.9259259259259259,1.0,1.0,1.0,0.0,0.00754385393907314,0.0007217469571115011,0.009377884102844005,0.06964634421357069,0.09714128858420829,0.08663798390949631,0.03110805584973116,0.2490503640185147,0.37933423140077266,0.5384146947793328,0.0,0.0,0.0,0.0,0.0,0.06067948659198828,0.02673929087865412,0.15353016985359774,0.2704446386616114,0.7729046678986347
ID_test,hybrid,5,513,0.9822069537712947,0.9992899048019025,0.9999160909331525,0.9999610236435035,0.4438123316174287,0.0890800137676924,0.03469749149248815,0.25989662504370387,0.3325678606116082,0.8952281379584547,5.458158644910364,0.02329944654617666,0.1651581280426584,0.3067301134594719,654.7967252206776,0.0744522461845248,0.023768820203703814,0.14712602784006662,0.22970375114815694,0.9998677762182159,0.09845897986197238,0.03488118315644492,0.2664611896546989,0.41851078423924476,1.3044807533194875,0.9259259259259259,1.0,1.0,1.0,0.0,0.007218693586918497,0.0005214441802323073,0.005738089244720595,0.07445402651679245,0.090739053822257,0.08663798390949631,0.03110805584973116,0.2490503640185147,0.37933423140077266,0.5384146947793328,0.0,0.0,0.0,0.0,0.0,0.06404131177955182,0.029311695695163564,0.1705560123148944,0.2669990104280679,0.7550323625049842
ID_test,hybrid,6,513,0.9823122162392843,0.9994494981967709,0.9999122368001767,0.9999460687540882,0.4042797512075569,0.08587135204360292,0.032361722003305525,0.25397895883339694,0.329338031814032,1.5007637690163504,5.4645023974381965,0.03892586804912135,0.1911751228807873,0.2963215180830367,654.7974624471154,0.07520308980833428,0.025382613417887327,0.1365280461206742,0.2243226525104239,0.9998667724113227,0.0948600784420422,0.028574263053348887,0.2710285550347752,0.4464284939488837,1.2198253736792974,0.9259259259259259,1.0,1.0,1.0,0.0,0.0076712409099802155,0.0005081476486275685,0.006351396906676623,0.08924871201372275,0.09244621394726646,0.08663798390949631,0.03110805584973116,0.2490503640185147,0.37933423140077266,0.5384146947793328,0.0,0.0,0.0,0.0,0.0,0.0629995526693609,0.028344787049523923,0.17241204727365453,0.23237804923145416,0.6525588047136317
ID_test,hybrid,7,513,0.9857066653496807,0.9994413577180354,0.9998444199542346,0.9998863086593193,0.13095808701032213,0.07723923165421044,0.033425248927275435,0.20103648028782276,0.31128125787068345,0.9243967446974589,5.446846367182461,0.03258716677973572,0.1436023123740981,0.1973790043685209,654.7978244504988,0.07571135080272533,0.027680508131621446,0.12181633903972867,0.23262793008284946,0.9998739009951292,0.08113149250453695,0.02804267215608837,0.17796011842537582,0.3572010818910014,1.7068825090916566,0.9259259259259259,1.0,1.0,1.0,0.0,0.00753686126775659,0.00048437810477027654,0.0047330735276496765,0.08965236000173042,0.09230477464145961,0.08663798390949631,0.03110805584973116,0.2490503640185147,0.37933423140077266,0.5384146947793328,0.0,0.0,0.0,0.0,0.0,0.04625950388146377,0.016110359194537516,0.10964220990971682,0.21954532974144417,0.5069282843471221
ID_test,hybrid,8,513,0.9898646044621195,0.99929020047036,0.9997874276990935,0.9998618456587856,0.5245135394131064,0.07285626078953397,0.037794815028607896,0.17188178496025233,0.2687353404249415,1.2067323466363526,5.4547884108573665,0.03652737962456776,0.15284716427375714,0.2360554420911177,654.7978052459113,0.07933011532935148,0.03052225918636769,0.11334244163354587,0.22343929569510415,0.9998248738260507,0.06812844911231643,0.02886805041602474,0.1363649676835064,0.2916334516264064,1.0006808464821273,0.9376218323586745,1.0,1.0,1.0,0.0,0.007417572182566106,0.0005306935432168938,0.004354770875808734,0.08917288752305876,0.09104421068761503,0.08663798390949631,0.03110805584973116,0.2490503640185147,0.37933423140077266,0.5384146947793328,0.0,0.0,0.0,0.0,0.0,0.03770505509767713,0.021000316090542093,0.10033168894463512,0.12975311498688294,0.35100052287609884
ID_test,hybrid,9,513,0.9893009746061362,0.9992150676627651,0.9997274443095343,0.9997693175916202,0.04977174434826489,0.07224200808577225,0.03938904434312755,0.12626953935769514,0.23657416894124944,1.7048903293642876,5.482394641812736,0.055953145282690464,0.2069332671803263,0.3482502247373291,654.7981075774175,0.08293436092737803,0.03501786513352403,0.10454308827786225,0.26069897446417756,0.9998429803808042,0.06593965185736599,0.030737632800496233,0.11087296401608268,0.2166286788077292,1.9228531390134471,1.0,1.0,1.0,1.0,1.0,0.007064014440568785,0.00048464966287390786,0.0029986424514589216,0.08431578751328749,0.08945459444927539,0.08663798390949631,0.03110805584973116,0.2490503640185147,0.37933423140077266,0.5384146947793328,0.0,0.0,0.0,0.0,0.0,0.060609678912122864,0.022446243481752504,0.15513083699170807,0.2419327085830655,1.0500706264228743
ID_test,hybrid,10,513,0.9898993180290213,0.9991768005217119,0.9997296789098823,0.9997840221725702,0.18589869206505022,0.07215781125406391,0.04390436271546467,0.13668955627828658,0.21500124087982278,1.265390317704124,5.569365180443544,0.09854225416905038,0.37638870906985167,0.6868947623332897,654.798208372087,0.09186870453792238,0.04148493086643175,0.13228716532249307,0.2588460280253634,0.9998417686344793,0.06106799693935444,0.030606444673916565,0.10701476556328578,0.17760051712227115,1.4908078527017619,1.0,1.0,1.0,1.0,1.0,0.0068674193102217845,0.0005032198165372504,0.002592380387850994,0.08126595058099523,0.08751631790000135,0.08663798390949631,0.03110805584973116,0.2490503640185147,0.37933423140077266,0.5384146947793328,0.0,0.0,0.0,0.0,0.0,0.1500990306819593,0.07105766037944239,0.31465227703062504,0.5536592654684734,3.976121439764402
ID_test,initial_ritz,0,513,0.9998233427972929,0.999990410322135,0.9999981599684192,0.9999987409139062,0.9937968598297171,0.02355850868533741,0.01304954409412646,0.055739052235816065,0.07901972982271846,0.2037383482694403,0.0012967418271433563,8.524875447268876e-05,0.0028196311431829104,0.0060670103556113904,0.04062927101263725,0.09988071065384783,0.03912719860895672,0.16066613050242323,0.5677099817252482,0.9972586110764919,0.008754695943222809,0.004129125103453568,0.01705065750250828,0.03309880164503789,0.09480010011815336,0.9103313840155945,1.0,1.0,1.0,0.0,0.0,0.0,0.0,0.0,0.0,1.583953317230266e-06,1.5359940184200838e-06,1.9583438242376517e-06,2.1070945395162957e-06,3.1646608575908175e-06,0.0,0.0,0.0,0.0,0.0,,,,,
ID_test,initial_ritz,1,513,0.998479662360523,0.9999677602912969,0.9999962704798473,0.999997190132661,0.8990978791369226,0.038432574353470556,0.02036694497123114,0.0971558954533662,0.17404188981804858,0.35070824956756474,0.0026703294055492005,0.0003113392721370012,0.005766458492647479,0.014335800336916093,0.06744837890570787,0.11058936689368658,0.0436835236000709,0.262605912060985,0.6446727787904729,0.9968241588823342,0.02075462919779453,0.007779709352290903,0.04672851108301292,0.12027604524954207,0.2539271943040568,0.7797270955165692,1.0,1.0,1.0,0.0,0.00022211270988381292,5.364501063667503e-05,0.00036037343199737265,0.0006115211256462134,0.012047701965924697,1.583953317230266e-06,1.5359940184200838e-06,1.9583438242376517e-06,2.1070945395162957e-06,3.1646608575908175e-06,0.0,0.0,0.0,0.0,0.0,0.0018224028091069688,0.00031182534054918776,0.003757464616847585,0.007632892987263817,0.06252978898187278
ID_test,initial_ritz,2,513,0.997111006230665,0.9998563092989875,0.9999832412891304,0.9999958565085829,0.6608318555743143,0.05667725043304797,0.03353449667503251,0.13774327752861185,0.21862778334464603,0.6475003636791159,0.004721909679970168,0.0011344968082789286,0.013268448838751116,0.025204657912808383,0.08264422642439362,0.13086462105972088,0.04703204789836106,0.33348100183105417,0.6099606069642117,0.9972460432768238,0.03206866915242534,0.01586666943865275,0.07204815515487614,0.16127220915483836,0.8458563549120164,0.8187134502923976,1.0,1.0,1.0,0.0,0.0005305681154675421,0.0003502104840201602,0.0008001229351196908,0.0011589552247562728,0.02251718932720641,1.583953317230266e-06,1.5359940184200838e-06,1.9583438242376517e-06,2.1070945395162957e-06,3.1646608575908175e-06,0.0,0.0,0.0,0.0,0.0,0.002865168475744535,0.0007855360225841324,0.009234802536321233,0.013768815907417074,0.07582390376216819
ID_test,initial_ritz,3,513,0.9967960487610285,0.9998817662208476,0.9999858222068541,0.999993242785104,0.6524713295418166,0.05552759972107282,0.028281220381812314,0.1473311992102817,0.19421535228752454,0.6921424730379789,0.0051751108876479344,0.000893442793445054,0.015165464293314649,0.032590611529711995,0.10498293009715254,0.11361864519206079,0.03824405361177789,0.2695252351372043,0.6051035303476936,0.9976101305068271,0.03585084201403281,0.014397981362745376,0.09034291134101617,0.17250664793929718,0.843983736461364,0.7719298245614035,1.0,1.0,1.0,0.0,0.0002586915504558645,0.00018248099897909004,0.0003987297436074902,0.0009934557559071041,0.0029421324087839265,1.583953317230266e-06,1.5359940184200838e-06,1.9583438242376517e-06,2.1070945395162957e-06,3.1646608575908175e-06,0.0,0.0,0.0,0.0,0.0,0.002652727799852942,0.0007946310057718176,0.005938300029452574,0.011053671041500651,0.08986646936309739
ID_test,initial_ritz,4,513,0.9972447794661196,0.9998817513446737,0.9999928198532138,0.9999971140057293,0.8408491268173652,0.04880357046276768,0.02389626592502042,0.13726491074204367,0.1974721689366644,0.5766784037972124,0.00466238997528608,0.001222215144128569,0.014118760831938125,0.025534336310348023,0.14005092737501013,0.08307316769946306,0.024903390746679396,0.13545148767885096,0.2740124372187663,0.9978172761534664,0.03190416289318243,0.013699401494706954,0.09291686891551318,0.15375651150411765,0.5339410922303357,0.8635477582846004,1.0,1.0,1.0,0.0,0.00037726889995816197,0.00012832910301462447,0.0006714278285155574,0.001250629835704662,0.01543082301870458,1.583953317230266e-06,1.5359940184200838e-06,1.9583438242376517e-06,2.1070945395162957e-06,3.1646608575908175e-06,0.0,0.0,0.0,0.0,0.0,0.002920597240637627,0.0010392679283066641,0.0067187405430877865,0.012631037642242392,0.07168252274641329
ID_test,initial_ritz,5,513,0.997327313073498,0.9999228304512281,0.9999922463801626,0.9999935082514444,0.8252781396826945,0.042171500120600766,0.018345049557091958,0.10633295026486632,0.1733605052272366,0.48413023958291496,0.0037773640493002445,0.0016142420690599124,0.007353690452620133,0.018116813247306126,0.10891049464223146,0.06773107280206139,0.018973523278936814,0.08855707509015964,0.2250572287273626,0.9980181690984514,0.029517459124567626,0.012095835340857126,0.07584057183537465,0.14356767743895976,0.21695755490445628,0.9005847953216374,1.0,1.0,1.0,0.0,0.00021702470598295326,0.00013539207673581488,0.00039485521505547977,0.0006046995558139362,0.0042981352636978915,1.583953317230266e-06,1.5359940184200838e-06,1.9583438242376517e-06,2.1070945395162957e-06,3.1646608575908175e-06,0.0,0.0,0.0,0.0,0.0,0.0028918901754205893,0.0009533954332132666,0.006677289072432126,0.009482609840428502,0.10510469441296699
ID_test,initial_ritz,6,513,0.9973030367638103,0.9998822354812735,0.9999741912408429,0.9999961880573246,0.8289795641879133,0.04403231546906364,0.022943247940756396,0.09718887666466167,0.19027079356260618,0.5163151026859119,0.004041423547356729,0.0018939785016769406,0.008428710493386405,0.016962858884319757,0.06050284342352219,0.06818498665395913,0.019702283584467982,0.07954882670324326,0.17728525390210412,0.9980701544393878,0.032246072850255776,0.014191912990270908,0.07928227321114996,0.14612225812311513,0.36509861852421094,0.9610136452241715,1.0,1.0,1.0,0.0,0.0003826382898096938,0.00017145701696294233,0.0005679966151937532,0.0007586084777662482,0.04795839595575461,1.583953317230266e-06,1.5359940184200838e-06,1.9583438242376517e-06,2.1070945395162957e-06,3.1646608575908175e-06,0.0,0.0,0.0,0.0,0.0,0.0021693335264751155,0.0007755282768933114,0.003671461516932695,0.007705517372916936,0.10379790862113492
ID_test,initial_ritz,7,513,0.9974413233538706,0.9997804023154374,0.9999008208178005,0.9999575826332204,0.8952043456815003,0.04764351396805099,0.028476155973752137,0.09527526940549427,0.15451027863272424,0.31785849596444754,0.004173107958633332,0.002064675382519976,0.009593866665260454,0.014277563562110627,0.07204664737744437,0.06960597581516206,0.025176233509011818,0.07505264994326186,0.14720078150335955,0.9982217172182545,0.036902392734087616,0.01939458311573302,0.07540312788012922,0.1655849663020898,0.37735006499722756,0.98635477582846,1.0,1.0,1.0,0.0,0.0003190319664006568,0.0002458265826021666,0.0005830418192925088,0.0008608416273312544,0.0029618817589365616,1.583953317230266e-06,1.5359940184200838e-06,1.9583438242376517e-06,2.1070945395162957e-06,3.1646608575908175e-06,0.0,0.0,0.0,0.0,0.0,0.001981082777923121,0.0006134325599802537,0.004489930099782313,0.006792954531391614,0.05450866359102857
ID_test,initial_ritz,8,513,0.9972494484010114,0.9997111853830795,0.9998516382142494,0.9998902366346507,0.9267134171707633,0.05116402834396805,0.0331043410331369,0.09225729550152513,0.16267002622832666,0.46065100931653935,0.004650580499833681,0.0026691618622658453,0.009576746453187115,0.016653848540194714,0.06863036455826688,0.07311359486825676,0.027807831361032508,0.07842199042086433,0.15549747334304773,0.99810677173521,0.04010947543193634,0.019677328573974508,0.08838796511768411,0.18495974129753442,0.3363908191498669,0.9571150097465887,1.0,1.0,1.0,0.0,0.00040440181203253657,0.0002578613961348769,0.0005012994118094051,0.0008691802845289487,0.03619301092457196,1.583953317230266e-06,1.5359940184200838e-06,1.9583438242376517e-06,2.1070945395162957e-06,3.1646608575908175e-06,0.0,0.0,0.0,0.0,0.0,0.0020293662773021443,0.0009882954364179852,0.0042844460280335285,0.007024778396637287,0.04486600552984665
ID_test,initial_ritz,9,513,0.9933034107622605,0.9995925157699357,0.9998026532594129,0.9998339580403325,0.018716830408299988,0.0618832514808438,0.03653508671509749,0.09943577966882651,0.20075580465440962,1.7637900112821776,0.005110022558641855,0.0030400911384651508,0.009689570425181416,0.01375945585681108,0.10899767170714636,0.0753469080669517,0.03243489936606615,0.07844676578261642,0.1507900456609764,0.9979013544316738,0.05290503628161174,0.02570141413709622,0.11595944599249622,0.20036630669094585,1.9577714205838457,0.9200779727095516,1.0,1.0,1.0,0.0,0.00041604659435352657,0.0002802511440900537,0.0006699310063177266,0.0009841972377857273,0.007090797336648706,1.583953317230266e-06,1.5359940184200838e-06,1.9583438242376517e-06,2.1070945395162957e-06,3.1646608575908175e-06,0.0,0.0,0.0,0.0,0.0,0.002318926834740561,0.0007006567676910436,0.004245442750378636,0.006870520499500541,0.08776126422006936
ID_test,initial_ritz,10,513,0.9911896888599371,0.9994504087720535,0.9997817002581465,0.9998325157004594,0.0024426054648914648,0.06807855219949635,0.04312385906681537,0.1270242692794839,0.2415287390645001,1.2612280628376251,0.006294579132392039,0.0033312177761661843,0.01007159719554238,0.01328638827444628,0.3822334598868391,0.08139610886781931,0.036360146987902395,0.09608773329684374,0.16499684591564806,0.9982108309108726,0.05812632178322524,0.028553186088448042,0.11899996836969438,0.16918934627287074,1.4868517307879938,0.9259259259259259,1.0,1.0,1.0,0.0,0.0005826724501637297,0.00029749480740279424,0.0008196347512935611,0.0011835576786344316,0.03429183984344853,1.583953317230266e-06,1.5359940184200838e-06,1.9583438242376517e-06,2.1070945395162957e-06,3.1646608575908175e-06,0.0,0.0,0.0,0.0,0.0,0.00274386490317392,0.0006381622416986588,0.004305621202869503,0.006361050134603373,0.3327707674472107
anharmonic_wells,direct_topology,0,19,0.9999804064576094,0.9999838917107441,0.9999867573702855,0.9999871824842914,0.9999568031504701,0.00836418592483818,0.007700623125860528,0.010522200078643754,0.011149069023783077,0.011497228549519222,0.0003638141527562027,0.0004033680118744609,0.00048228812934982825,0.0004868962606009663,0.0005062827101448564,0.03777631640006979,0.03772911283757499,0.04210601922492229,0.042308494336520446,0.04350118685755485,0.005137752390938838,0.004785269131309851,0.007126451195806488,0.008226214889750158,0.00870239494381472,1.0,1.0,1.0,1.0,1.0,0.0,0.0,0.0,0.0,0.0,0.01572851142154227,0.015582502543145834,0.01635956262567578,0.016912696404390054,0.018749151215184803,0.0,0.0,0.0,0.0,0.0,,,,,
anharmonic_wells,direct_topology,1,19,0.9999393263142698,0.9999373121172916,0.9999799989808749,0.9999809573832253,0.999777607493017,0.013025670775967429,0.012922016067194057,0.015442646457162992,0.017410696219792732,0.02225453445885781,0.0012311004119852,0.0013534306851349376,0.0017342564165890638,0.0018610596603878646,0.001931691151272008,0.022920492651550266,0.02278511543392297,0.0245321844220196,0.025514917047434388,0.028639150587374682,0.008331135182370466,0.00832134294119357,0.01073717374766955,0.012125282593773313,0.01713955163260048,1.0,1.0,1.0,1.0,1.0,0.0005903056219111897,0.0005915447032496461,0.0009272531578328552,0.0010890011681897723,0.001298116620652862,0.01572851142154227,0.015582502543145834,0.01635956262567578,0.016912696404390054,0.018749151215184803,0.0,0.0,0.0,0.0,0.0,0.0008966191392184516,0.0009242653692134173,0.0013823113745709658,0.0014374105706840721,0.0015454297366963576
anharmonic_wells,direct_topology,2,19,0.9998308074642029,0.9998653263618236,0.9998855656989527,0.9998953991090563,0.9994947236940802,0.020280607390363223,0.018951380470744468,0.02453609280736153,0.02599700624684322,0.030225000792908414,0.004255419301771985,0.004380824132753425,0.005126188106192098,0.005189361918924561,0.00557231341293285,0.027335076639280007,0.02653545995651627,0.028977891889003845,0.030013696091866642,0.03225587322368643,0.016191726551497535,0.01551368269264744,0.018792147152852746,0.019147257948062723,0.021704887835338207,1.0,1.0,1.0,1.0,1.0,0.0003129876600032792,0.00024735214466184733,0.0006638449451229755,0.0008132225298588165,0.0009601296405532753,0.01572851142154227,0.015582502543145834,0.01635956262567578,0.016912696404390054,0.018749151215184803,0.0,0.0,0.0,0.0,0.0,0.005253233267422138,0.005967421980536791,0.006264667069084284,0.00652919037282541,0.006893293696789482
anharmonic_wells,direct_topology,3,19,0.9999304153711877,0.9999488348087314,0.9999693878456608,0.9999701157664017,0.999788775424578,0.010031725294995453,0.00957391814239682,0.013090300476370262,0.01445391858976571,0.016393831470879444,0.008504857742508443,0.00732619690464853,0.012491173631609339,0.016241677915807252,0.020802957399214783,0.013947918194833405,0.01371460809477056,0.014776971877930072,0.016338506718751512,0.016477692362764428,0.012191983836805085,0.01098117494548307,0.018916896191898874,0.019685851041510466,0.022750682249332955,1.0,1.0,1.0,1.0,1.0,0.00013098011777961115,7.911484770225678e-05,0.00026423260262093426,0.00041989216755445246,0.0004295551210734884,0.01572851142154227,0.015582502543145834,0.01635956262567578,0.016912696404390054,0.018749151215184803,0.0,0.0,0.0,0.0,0.0,0.004249438440736459,0.002682068133026849,0.00845464726903566,0.01472405304716149,0.018648571446301943
anharmonic_wells,direct_topology,4,19,0.9999626115566647,0.9999645157638147,0.999966271417515,0.999966538396509,0.9999415846281459,0.007692154363509389,0.007673834739395203,0.008165743226124872,0.00832460994455244,0.008617647284692902,0.02293897481756635,0.025629130509053688,0.029085403246464202,0.030135285891649974,0.03078457240394572,0.00765249706364024,0.007892557044539379,0.008646027860996434,0.008845912425687547,0.008958418222421622,0.007106661324071224,0.007201067025012544,0.007764645937764811,0.008222288867589836,0.010684727383567232,1.0,1.0,1.0,1.0,1.0,0.00010128926022571336,9.468503236065122e-05,0.0001229475299807228,0.0001528589193635198,0.00015578905503666382,0.01572851142154227,0.015582502543145834,0.01635956262567578,0.016912696404390054,0.018749151215184803,0.0,0.0,0.0,0.0,0.0,0.017849336537804936,0.018467903080400694,0.021816634155601287,0.02252129382128425,0.022727220648728785
anharmonic_wells,direct_topology,5,19,0.9998787721645374,0.9998758236990427,0.9999050328101062,0.999905708381572,0.9998385685405491,0.014108485441389446,0.01431899483213663,0.015096256906926715,0.015174145496636019,0.015286461648989124,0.010643503743904372,0.01168281415080008,0.012433446878367515,0.013118511508274318,0.014822300876859984,0.008247095971932746,0.008531876348765498,0.00916879539190032,0.009253560482887009,0.009448728439109823,0.011979026093757084,0.011767789024366364,0.012916992897197685,0.014077681395037385,0.0166573878063643,1.0,1.0,1.0,1.0,1.0,0.00030570097376334763,0.00031999855844588437,0.00036122263543180214,0.00036237242126581555,0.000366799929022262,0.01572851142154227,0.015582502543145834,0.01635956262567578,0.016912696404390054,0.018749151215184803,0.0,0.0,0.0,0.0,0.0,0.013435340287820207,0.014413134513836301,0.017876784650376454,0.018460066661716245,0.019332497351666866
anharmonic_wells,direct_topology,6,19,0.9998640049712528,0.9998620448586905,0.9998910430707284,0.9998953842059434,0.9998349639699224,0.020063610994700602,0.020565389410163924,0.021831443613297075,0.021979073460733804,0.022410810506034797,0.040129062430096764,0.041248414399587485,0.04741262957309953,0.04906188314647579,0.05071724330156879,0.019612062458471136,0.020184444412228768,0.021211156202177037,0.021328634274346638,0.02160608210690533,0.012981622980217525,0.01297944512412002,0.01353551199303377,0.013631107871464461,0.013701770431685432,1.0,1.0,1.0,1.0,1.0,0.00034085937171641074,0.00034577001920809,0.00039303407612229017,0.00039503396725851497,0.00040265205218800374,0.01572851142154227,0.015582502543145834,0.01635956262567578,0.016912696404390054,0.018749151215184803,0.0,0.0,0.0,0.0,0.0,0.029485558686192393,0.031012572292830054,0.035189975513840996,0.036013327684583714,0.0370787950234579
anharmonic_wells,direct_topology,7,19,0.9997671121480269,0.9997620514325022,0.9997857632051461,0.9997914079371844,0.9997463175945079,0.027652457410298783,0.02793360805436488,0.028695871274703803,0.02881418924376095,0.029033105052288326,0.040359946857790825,0.043009062796305564,0.0472156911757331,0.04829866430859226,0.04981609730352332,0.02545953235200955,0.025918035202163715,0.026758268318561183,0.02680715769946596,0.027065980225839628,0.011538037198320333,0.011495135008871414,0.012441204262478571,0.01251175530372724,0.012721218821415078,1.0,1.0,1.0,1.0,1.0,0.0003904654395871711,0.00039323137529365126,0.00040838447538136434,0.0004093513198122456,0.000411846230029154,0.01572851142154227,0.015582502543145834,0.01635956262567578,0.016912696404390054,0.018749151215184803,0.0,0.0,0.0,0.0,0.0,0.0014244085982938178,0.0014057414013617375,0.002595482787709891,0.0026520842023392884,0.00286269230332703
anharmonic_wells,direct_topology,8,19,0.9996520580449991,0.9996518480397406,0.9996704806338339,0.9996741115119182,0.9996259514541238,0.031274083441427424,0.0313614898775846,0.03187324803445962,0.03188294077968902,0.03195294393518709,0.004956682606313913,0.0043277843045670394,0.009103729555295103,0.009875224980129358,0.010698208100450302,0.027639989102015084,0.027971227423542737,0.028519469265743832,0.028559198288919497,0.028726067479169615,0.01312084718225987,0.013053265672565543,0.013441819986646786,0.013507427044752753,0.01392074620065192,1.0,1.0,1.0,1.0,1.0,0.00043816554514229704,0.00043653623005446935,0.00044932046337879813,0.0004502857104447595,0.0004513457708584667,0.01572851142154227,0.015582502543145834,0.01635956262567578,0.016912696404390054,0.018749151215184803,0.0,0.0,0.0,0.0,0.0,0.037605644513061864,0.038049611981693765,0.04509576016226262,0.04614866499705093,0.046525862940355545
anharmonic_wells,direct_topology,9,19,0.9995686249192239,0.9995635953971049,0.9996040551795812,0.9996098242719452,0.999539206874779,0.03639469610890335,0.03661594569780711,0.036995034852534914,0.03701719145239074,0.0371093630246407,0.01020254246145795,0.008944361788806532,0.018295322359693066,0.018807602870364794,0.022216487170273247,0.03269431672766437,0.03313751314173021,0.033448304423765,0.033493124434296605,0.033608725880894114,0.0134468495223033,0.013348657758260093,0.014143753227198134,0.014228979113541583,0.014317260622676225,1.0,1.0,1.0,1.0,1.0,0.00040411026802024945,0.0004041387325692176,0.00041129288010144274,0.0004124644796470659,0.0004193203278026166,0.01572851142154227,0.015582502543145834,0.01635956262567578,0.016912696404390054,0.018749151215184803,0.0,0.0,0.0,0.0,0.0,0.013905289111081295,0.013979428405614058,0.019502917301801224,0.02112595622080411,0.02190493430320828
anharmonic_wells,direct_topology,10,19,0.9996776814509412,0.9996799627257138,0.9996867863706793,0.9996894932893511,0.9996529216914348,0.03705655595456165,0.03721282648654849,0.03764810426156397,0.03767748910772116,0.037795149536354676,0.0769058397144151,0.06981092496217833,0.1119755926223593,0.15848119841683211,0.15864732795119085,0.03889679598523776,0.039213491442793465,0.03958082476320545,0.03961726665226542,0.039939537857374925,0.016463639413370163,0.016618358182698596,0.017273437254661916,0.017669174291155217,0.017828107778946396,1.0,1.0,1.0,1.0,1.0,0.00034683659104712704,0.0003510475548513693,0.00036366374988959206,0.000364960780122793,0.00037298947490577557,0.01572851142154227,0.015582502543145834,0.01635956262567578,0.016912696404390054,0.018749151215184803,0.0,0.0,0.0,0.0,0.0,0.0865585011111715,0.08236223621395222,0.12087073554008076,0.15491201774522842,0.16299331510645665
anharmonic_wells,hybrid,0,19,0.9999804064576094,0.9999838917107441,0.9999867573702855,0.9999871824842914,0.9999568031504701,0.00836418592483818,0.007700623125860528,0.010522200078643754,0.011149069023783077,0.011497228549519222,0.0003638141527562027,0.0004033680118744609,0.00048228812934982825,0.0004868962606009663,0.0005062827101448564,0.03777631640006979,0.03772911283757499,0.04210601922492229,0.042308494336520446,0.04350118685755485,0.005137752390938838,0.004785269131309851,0.007126451195806488,0.008226214889750158,0.00870239494381472,1.0,1.0,1.0,1.0,1.0,0.0,0.0,0.0,0.0,0.0,0.01572851142154227,0.015582502543145834,0.01635956262567578,0.016912696404390054,0.018749151215184803,0.0,0.0,0.0,0.0,0.0,,,,,
anharmonic_wells,hybrid,1,19,0.9999393263142698,0.9999373121172916,0.9999799989808749,0.9999809573832253,0.999777607493017,0.013025670775967429,0.012922016067194057,0.015442646457162992,0.017410696219792732,0.02225453445885781,0.0012311004119852,0.0013534306851349376,0.0017342564165890638,0.0018610596603878646,0.001931691151272008,0.022920492651550266,0.02278511543392297,0.0245321844220196,0.025514917047434388,0.028639150587374682,0.008331135182370466,0.00832134294119357,0.01073717374766955,0.012125282593773313,0.01713955163260048,1.0,1.0,1.0,1.0,1.0,0.0005903056219111897,0.0005915447032496461,0.0009272531578328552,0.0010890011681897723,0.001298116620652862,0.01572851142154227,0.015582502543145834,0.01635956262567578,0.016912696404390054,0.018749151215184803,0.0,0.0,0.0,0.0,0.0,0.0008966191392184516,0.0009242653692134173,0.0013823113745709658,0.0014374105706840721,0.0015454297366963576
anharmonic_wells,hybrid,2,19,0.9998308074642029,0.9998653263618236,0.9998855656989527,0.9998953991090563,0.9994947236940802,0.020280607390363223,0.018951380470744468,0.02453609280736153,0.02599700624684322,0.030225000792908414,0.004255419301771985,0.004380824132753425,0.005126188106192098,0.005189361918924561,0.00557231341293285,0.027335076639280007,0.02653545995651627,0.028977891889003845,0.030013696091866642,0.03225587322368643,0.016191726551497535,0.01551368269264744,0.018792147152852746,0.019147257948062723,0.021704887835338207,1.0,1.0,1.0,1.0,1.0,0.0003129876600032792,0.00024735214466184733,0.0006638449451229755,0.0008132225298588165,0.0009601296405532753,0.01572851142154227,0.015582502543145834,0.01635956262567578,0.016912696404390054,0.018749151215184803,0.0,0.0,0.0,0.0,0.0,0.005253233267422138,0.005967421980536791,0.006264667069084284,0.00652919037282541,0.006893293696789482
anharmonic_wells,hybrid,3,19,0.9999304153711877,0.9999488348087314,0.9999693878456608,0.9999701157664017,0.999788775424578,0.010031725294995453,0.00957391814239682,0.013090300476370262,0.01445391858976571,0.016393831470879444,0.008504857742508443,0.00732619690464853,0.012491173631609339,0.016241677915807252,0.020802957399214783,0.013947918194833405,0.01371460809477056,0.014776971877930072,0.016338506718751512,0.016477692362764428,0.012191983836805085,0.01098117494548307,0.018916896191898874,0.019685851041510466,0.022750682249332955,1.0,1.0,1.0,1.0,1.0,0.00013098011777961115,7.911484770225678e-05,0.00026423260262093426,0.00041989216755445246,0.0004295551210734884,0.01572851142154227,0.015582502543145834,0.01635956262567578,0.016912696404390054,0.018749151215184803,0.0,0.0,0.0,0.0,0.0,0.004249438440736459,0.002682068133026849,0.00845464726903566,0.01472405304716149,0.018648571446301943
anharmonic_wells,hybrid,4,19,0.9999626115566647,0.9999645157638147,0.999966271417515,0.999966538396509,0.9999415846281459,0.007692154363509389,0.007673834739395203,0.008165743226124872,0.00832460994455244,0.008617647284692902,0.02293897481756635,0.025629130509053688,0.029085403246464202,0.030135285891649974,0.03078457240394572,0.00765249706364024,0.007892557044539379,0.008646027860996434,0.008845912425687547,0.008958418222421622,0.007106661324071224,0.007201067025012544,0.007764645937764811,0.008222288867589836,0.010684727383567232,1.0,1.0,1.0,1.0,1.0,0.00010128926022571336,9.468503236065122e-05,0.0001229475299807228,0.0001528589193635198,0.00015578905503666382,0.01572851142154227,0.015582502543145834,0.01635956262567578,0.016912696404390054,0.018749151215184803,0.0,0.0,0.0,0.0,0.0,0.017849336537804936,0.018467903080400694,0.021816634155601287,0.02252129382128425,0.022727220648728785
anharmonic_wells,hybrid,5,19,0.9998787721645374,0.9998758236990427,0.9999050328101062,0.999905708381572,0.9998385685405491,0.014108485441389446,0.01431899483213663,0.015096256906926715,0.015174145496636019,0.015286461648989124,0.010643503743904372,0.01168281415080008,0.012433446878367515,0.013118511508274318,0.014822300876859984,0.008247095971932746,0.008531876348765498,0.00916879539190032,0.009253560482887009,0.009448728439109823,0.011979026093757084,0.011767789024366364,0.012916992897197685,0.014077681395037385,0.0166573878063643,1.0,1.0,1.0,1.0,1.0,0.00030570097376334763,0.00031999855844588437,0.00036122263543180214,0.00036237242126581555,0.000366799929022262,0.01572851142154227,0.015582502543145834,0.01635956262567578,0.016912696404390054,0.018749151215184803,0.0,0.0,0.0,0.0,0.0,0.013435340287820207,0.014413134513836301,0.017876784650376454,0.018460066661716245,0.019332497351666866
anharmonic_wells,hybrid,6,19,0.9998640049712528,0.9998620448586905,0.9998910430707284,0.9998953842059434,0.9998349639699224,0.020063610994700602,0.020565389410163924,0.021831443613297075,0.021979073460733804,0.022410810506034797,0.040129062430096764,0.041248414399587485,0.04741262957309953,0.04906188314647579,0.05071724330156879,0.019612062458471136,0.020184444412228768,0.021211156202177037,0.021328634274346638,0.02160608210690533,0.012981622980217525,0.01297944512412002,0.01353551199303377,0.013631107871464461,0.013701770431685432,1.0,1.0,1.0,1.0,1.0,0.00034085937171641074,0.00034577001920809,0.00039303407612229017,0.00039503396725851497,0.00040265205218800374,0.01572851142154227,0.015582502543145834,0.01635956262567578,0.016912696404390054,0.018749151215184803,0.0,0.0,0.0,0.0,0.0,0.029485558686192393,0.031012572292830054,0.035189975513840996,0.036013327684583714,0.0370787950234579
anharmonic_wells,hybrid,7,19,0.9997671121480269,0.9997620514325022,0.9997857632051461,0.9997914079371844,0.9997463175945079,0.027652457410298783,0.02793360805436488,0.028695871274703803,0.02881418924376095,0.029033105052288326,0.040359946857790825,0.043009062796305564,0.0472156911757331,0.04829866430859226,0.04981609730352332,0.02545953235200955,0.025918035202163715,0.026758268318561183,0.02680715769946596,0.027065980225839628,0.011538037198320333,0.011495135008871414,0.012441204262478571,0.01251175530372724,0.012721218821415078,1.0,1.0,1.0,1.0,1.0,0.0003904654395871711,0.00039323137529365126,0.00040838447538136434,0.0004093513198122456,0.000411846230029154,0.01572851142154227,0.015582502543145834,0.01635956262567578,0.016912696404390054,0.018749151215184803,0.0,0.0,0.0,0.0,0.0,0.0014244085982938178,0.0014057414013617375,0.002595482787709891,0.0026520842023392884,0.00286269230332703
anharmonic_wells,hybrid,8,19,0.9996520580449991,0.9996518480397406,0.9996704806338339,0.9996741115119182,0.9996259514541238,0.031274083441427424,0.0313614898775846,0.03187324803445962,0.03188294077968902,0.03195294393518709,0.004956682606313913,0.0043277843045670394,0.009103729555295103,0.009875224980129358,0.010698208100450302,0.027639989102015084,0.027971227423542737,0.028519469265743832,0.028559198288919497,0.028726067479169615,0.01312084718225987,0.013053265672565543,0.013441819986646786,0.013507427044752753,0.01392074620065192,1.0,1.0,1.0,1.0,1.0,0.00043816554514229704,0.00043653623005446935,0.00044932046337879813,0.0004502857104447595,0.0004513457708584667,0.01572851142154227,0.015582502543145834,0.01635956262567578,0.016912696404390054,0.018749151215184803,0.0,0.0,0.0,0.0,0.0,0.037605644513061864,0.038049611981693765,0.04509576016226262,0.04614866499705093,0.046525862940355545
anharmonic_wells,hybrid,9,19,0.9995686249192239,0.9995635953971049,0.9996040551795812,0.9996098242719452,0.999539206874779,0.03639469610890335,0.03661594569780711,0.036995034852534914,0.03701719145239074,0.0371093630246407,0.01020254246145795,0.008944361788806532,0.018295322359693066,0.018807602870364794,0.022216487170273247,0.03269431672766437,0.03313751314173021,0.033448304423765,0.033493124434296605,0.033608725880894114,0.0134468495223033,0.013348657758260093,0.014143753227198134,0.014228979113541583,0.014317260622676225,1.0,1.0,1.0,1.0,1.0,0.00040411026802024945,0.0004041387325692176,0.00041129288010144274,0.0004124644796470659,0.0004193203278026166,0.01572851142154227,0.015582502543145834,0.01635956262567578,0.016912696404390054,0.018749151215184803,0.0,0.0,0.0,0.0,0.0,0.013905289111081295,0.013979428405614058,0.019502917301801224,0.02112595622080411,0.02190493430320828
anharmonic_wells,hybrid,10,19,0.9996776814509412,0.9996799627257138,0.9996867863706793,0.9996894932893511,0.9996529216914348,0.03705655595456165,0.03721282648654849,0.03764810426156397,0.03767748910772116,0.037795149536354676,0.0769058397144151,0.06981092496217833,0.1119755926223593,0.15848119841683211,0.15864732795119085,0.03889679598523776,0.039213491442793465,0.03958082476320545,0.03961726665226542,0.039939537857374925,0.016463639413370163,0.016618358182698596,0.017273437254661916,0.017669174291155217,0.017828107778946396,1.0,1.0,1.0,1.0,1.0,0.00034683659104712704,0.0003510475548513693,0.00036366374988959206,0.000364960780122793,0.00037298947490577557,0.01572851142154227,0.015582502543145834,0.01635956262567578,0.016912696404390054,0.018749151215184803,0.0,0.0,0.0,0.0,0.0,0.0865585011111715,0.08236223621395222,0.12087073554008076,0.15491201774522842,0.16299331510645665
anharmonic_wells,initial_ritz,0,19,0.9999975575873576,0.9999975519608778,0.9999979626117259,0.9999980877329538,0.9999963319992964,0.004597432156029043,0.004678719767685456,0.00534787758967906,0.005465882932268099,0.005563937718920604,4.0476040411399186e-06,3.04931147798726e-06,9.021665414921108e-06,1.0688324700314221e-05,1.1064900429014202e-05,0.03176901218435124,0.03210092493289745,0.03889403421921227,0.03919232717107678,0.03977848423015732,0.0016479266299832894,0.0016746262358259146,0.0018934468784632208,0.001906479193898465,0.0019181991685087694,1.0,1.0,1.0,1.0,1.0,0.0,0.0,0.0,0.0,0.0,1.5597052930363543e-06,1.5088573300792163e-06,1.9371500224574232e-06,2.0426325595512823e-06,2.2795646446027718e-06,0.0,0.0,0.0,0.0,0.0,,,,,
anharmonic_wells,initial_ritz,1,19,0.9999925194843975,0.9999926553062658,0.9999934743795991,0.9999936096801397,0.9999900247819267,0.007937193613786631,0.007974996010317495,0.008533688527687941,0.008773960247162794,0.008847357664594628,4.347290440278712e-05,4.432203232174192e-05,5.1523218993865246e-05,5.2783511473808435e-05,5.633485361866697e-05,0.020934728655834303,0.020607481594133188,0.02250726445471916,0.023442129950914253,0.02376214906827484,0.0029810413082940693,0.0029545322153253597,0.0032219984740702143,0.003255456757285477,0.0033418047169584794,1.0,1.0,1.0,1.0,1.0,,,,,,1.5597052930363543e-06,1.5088573300792163e-06,1.9371500224574232e-06,2.0426325595512823e-06,2.2795646446027718e-06,0.0,0.0,0.0,0.0,0.0,4.042600022798706e-05,3.978167105977981e-05,5.130915796431878e-05,5.3062280391724665e-05,5.397587800448633e-05
anharmonic_wells,initial_ritz,2,19,0.999981321326388,0.9999832480013656,0.9999850435124321,0.9999855467141993,0.9999678583987137,0.013015120724865102,0.012656489136342722,0.014575910824763392,0.015124458025836382,0.016835669222309283,0.00010404363158990713,0.00011856391967168811,0.00012739602332141332,0.00012931323300420237,0.00014042292526195155,0.02486469868880085,0.024098247046268534,0.026456809689502644,0.02746654513789006,0.0296467885285874,0.004449349303409903,0.004097713337322891,0.0056097866496670834,0.006129285616952044,0.00684873109858077,1.0,1.0,1.0,1.0,1.0,0.0002239291826560768,0.0002130686858764881,0.00025408833362660087,0.0002668384763560419,0.00030960240806842976,1.5597052930363543e-06,1.5088573300792163e-06,1.9371500224574232e-06,2.0426325595512823e-06,2.2795646446027718e-06,0.0,0.0,0.0,0.0,0.0,6.349466986679381e-05,7.114330553070758e-05,8.804089310152641e-05,9.006699811376915e-05,9.466870441887654e-05
anharmonic_wells,initial_ritz,3,19,0.999992667014925,0.9999930662209037,0.999994145198835,0.9999944243639853,0.9999878596813937,0.007235659109057698,0.007240837742854002,0.007955147024988871,0.008268229515560546,0.00919845750189369,0.0005537612579728249,0.0005583279089820259,0.0006172593365617373,0.0006186604455798772,0.0006224325346257942,0.013134516466878998,0.01314028238125688,0.013418100288251685,0.013525625373174215,0.01424342747715757,0.0034310775501465644,0.003395073583085129,0.004018324712702255,0.004242639042183633,0.004916716666719742,1.0,1.0,1.0,1.0,1.0,8.908243539237817e-05,8.577215626559968e-05,9.935672992849664e-05,0.00010445128571416929,0.00012565977248009966,1.5597052930363543e-06,1.5088573300792163e-06,1.9371500224574232e-06,2.0426325595512823e-06,2.2795646446027718e-06,0.0,0.0,0.0,0.0,0.0,0.00044971762638291784,0.000442760402291853,0.0004907555104511685,0.0004929221216051327,0.0005029802226492741
anharmonic_wells,initial_ritz,4,19,0.999996922078532,0.9999970019016132,0.999997445406375,0.9999975246172823,0.999996006997108,0.0026576719233366948,0.0024944787823886786,0.003114700956034473,0.003161081490141182,0.0032439266654960743,0.0011194523112540288,0.001135144574751834,0.0012401230392738328,0.0012482890603738195,0.0012712133341215015,0.003206431494441281,0.0031025554988655967,0.003715807768921938,0.0037222227325151504,0.0037313922105729177,0.0017213658245249402,0.0016823295182303904,0.0018745120143247819,0.0020229962149878396,0.0021442211948312817,1.0,1.0,1.0,1.0,1.0,2.3189459782580963e-05,2.360470155939925e-05,2.5019093575198014e-05,2.509500150573494e-05,2.5356796733045223e-05,1.5597052930363543e-06,1.5088573300792163e-06,1.9371500224574232e-06,2.0426325595512823e-06,2.2795646446027718e-06,0.0,0.0,0.0,0.0,0.0,0.0005656910532812038,0.0005755701885075126,0.0006289670168719396,0.0006318085704371423,0.0006487807994957073
anharmonic_wells,initial_ritz,5,19,0.9999823374703501,0.9999822275325746,0.9999833281945233,0.9999834380794984,0.9999812086466702,0.007663158903853216,0.007673291587476146,0.008068531587051736,0.008158620747416538,0.008186674526063538,0.0017463874341862905,0.0017677020243098696,0.0019335026461588356,0.0019457002200510053,0.0019877519266646715,0.007127603119041827,0.007365979994476943,0.008172481344828144,0.00822371064563272,0.008437562997353681,0.0055347491967249725,0.005533028792364417,0.0056726204508388495,0.005698127114401459,0.0057097232294620465,1.0,1.0,1.0,1.0,1.0,9.385723961439334e-05,9.514787072809146e-05,0.00010043343198225966,0.00010106977113332971,0.00010269461094883406,1.5597052930363543e-06,1.5088573300792163e-06,1.9371500224574232e-06,2.0426325595512823e-06,2.2795646446027718e-06,0.0,0.0,0.0,0.0,0.0,0.0006269351229322618,0.0006353260178340037,0.0006955271795779261,0.0006984969656635086,0.00071653859254317
anharmonic_wells,initial_ritz,6,19,0.9999465996692556,0.9999449808744567,0.9999558133281523,0.9999573247149159,0.9999371672700469,0.017866818008563795,0.01824974976316607,0.0192522972606552,0.019351783838695565,0.019656951513882092,0.002131239417594194,0.0021320442543411033,0.002370999980889277,0.0023751219454967386,0.002406248199640082,0.018143872684222528,0.01860970561520685,0.01983157442611607,0.019939714895567902,0.02027565386497221,0.009759269952996379,0.009926785859434796,0.010285317742130111,0.010309828428445002,0.010427206755916279,1.0,1.0,1.0,1.0,1.0,0.0001610054459657576,0.00016413451569811686,0.00017896776415852442,0.00017944004372365648,0.00018238049163975394,1.5597052930363543e-06,1.5088573300792163e-06,1.9371500224574232e-06,2.0426325595512823e-06,2.2795646446027718e-06,0.0,0.0,0.0,0.0,0.0,0.00038485198340790374,0.0003836017168312722,0.00044751645814944396,0.0004696245146230016,0.00048168871327147755
anharmonic_wells,initial_ritz,7,19,0.9998463958374849,0.9998452072382501,0.9998590444804546,0.9998608832021308,0.9998355024680261,0.026001249037891163,0.026232352970205274,0.026820823740858604,0.026871554697318133,0.027061177885389896,0.0023414190739452266,0.0023405009821653167,0.0025963097628228125,0.002610941208220652,0.002626444309481002,0.024584066517339048,0.02498324842202791,0.025858740927388754,0.025947142367639692,0.02619056893349297,0.014508793103207726,0.014552394365759499,0.015175023049059846,0.015214116179282838,0.015270543944354125,1.0,1.0,1.0,1.0,1.0,0.0002211156396654583,0.00022029258751029847,0.0002294980198446859,0.00023021440506121172,0.00023234382195449064,1.5597052930363543e-06,1.5088573300792163e-06,1.9371500224574232e-06,2.0426325595512823e-06,2.2795646446027718e-06,0.0,0.0,0.0,0.0,0.0,0.0002101796563510324,0.00020940686008596998,0.0002459978357517656,0.0002517692959547624,0.00026261732322563347
anharmonic_wells,initial_ritz,8,19,0.9998210669251569,0.9998224194198647,0.9998271419747741,0.9998276108477852,0.9998046165602875,0.029093803986159503,0.02915889733411394,0.02948948919662941,0.029505857941447288,0.029530211764104173,0.003272586690656957,0.003307829623170555,0.003652270770582966,0.0036738145555800013,0.0037333685483540435,0.027433501007271977,0.027736691647180844,0.02834800878899389,0.028395943782810705,0.02855104290061788,0.016188870997391094,0.01612737966934716,0.016577956257668284,0.01666110421574615,0.017177821286126535,1.0,1.0,1.0,1.0,1.0,0.0002694238069851638,0.0002684423193304036,0.0002735023673987154,0.00027388790501209505,0.00027427060628007146,1.5597052930363543e-06,1.5088573300792163e-06,1.9371500224574232e-06,2.0426325595512823e-06,2.2795646446027718e-06,0.0,0.0,0.0,0.0,0.0,0.0009311676167117302,0.0009638692625770773,0.0011117631836846443,0.0011330443467917116,0.0011503728015376247
anharmonic_wells,initial_ritz,9,19,0.9997286740875976,0.9997280142566914,0.9997343496618958,0.9997366590824305,0.9997201276003181,0.03530596087756145,0.03547212998940568,0.035861592264827935,0.0358731098034177,0.035897146232404954,0.003530064684729068,0.00355643658823368,0.0039278532729259295,0.003938288912792576,0.003986618999625158,0.032651881687503735,0.03311297959843369,0.03339990949862624,0.03344004983351013,0.0335575679224858,0.018627991310292677,0.018569745506227427,0.019039098363722723,0.01906323353909619,0.0191285426779298,1.0,1.0,1.0,1.0,1.0,0.00026492075332970735,0.0002651749931114006,0.0002672522066816748,0.00026744990490844365,0.0002680774902428596,1.5597052930363543e-06,1.5088573300792163e-06,1.9371500224574232e-06,2.0426325595512823e-06,2.2795646446027718e-06,0.0,0.0,0.0,0.0,0.0,0.0002574779940721113,0.00025325045127111423,0.000301356864951785,0.000319680119086918,0.0003496581785249475
anharmonic_wells,initial_ritz,10,19,0.9997717828218529,0.9997728999185332,0.9997739468683963,0.9997751841357827,0.9997589236940404,0.03647422361247458,0.036641556707288477,0.03701216775726973,0.037086375424430926,0.037148784731040996,0.004859508994291445,0.004918358747321605,0.005422559831015761,0.005443200388014357,0.005565254552462484,0.03780590708025144,0.03835791022976394,0.03859596142780908,0.03872684920841496,0.03876421154201263,0.015440794635746246,0.015274947517777665,0.015793837879808932,0.016495954132681644,0.016726852621536017,1.0,1.0,1.0,1.0,1.0,0.000221957179067486,0.00021968015513500248,0.00022829600521734696,0.00023325388822707303,0.0002474272540704417,1.5597052930363543e-06,1.5088573300792163e-06,1.9371500224574232e-06,2.0426325595512823e-06,2.2795646446027718e-06,0.0,0.0,0.0,0.0,0.0,0.001329444309562377,0.001361922159087925,0.0015031168964830144,0.0015109025737214841,0.0015786355528373264
asymmetric_wells,direct_topology,0,1,0.9999396777623331,0.9999396777623331,0.9999396777623331,0.9999396777623331,0.9999396777623331,0.012364054395228294,0.012364054395228294,0.012364054395228294,0.012364054395228294,0.012364054395228294,0.0036552776918163943,0.0036552776918163943,0.0036552776918163943,0.0036552776918163943,0.0036552776918163943,0.007649085824765947,0.007649085824765947,0.007649085824765947,0.007649085824765947,0.007649085824765947,0.013801955330142099,0.013801955330142099,0.013801955330142099,0.013801955330142099,0.013801955330142099,1.0,1.0,1.0,1.0,1.0,0.0,0.0,0.0,0.0,0.0,0.020187360983954322,0.020187360983954322,0.020187360983954322,0.020187360983954322,0.020187360983954322,0.0,0.0,0.0,0.0,0.0,,,,,
asymmetric_wells,direct_topology,1,1,0.9997703817115989,0.9997703817115989,0.9997703817115989,0.9997703817115989,0.9997703817115989,0.015899317229744275,0.015899317229744275,0.015899317229744275,0.015899317229744275,0.015899317229744275,0.0029233419715970488,0.0029233419715970488,0.0029233419715970488,0.0029233419715970488,0.0029233419715970488,0.019440817649909306,0.019440817649909306,0.019440817649909306,0.019440817649909306,0.019440817649909306,0.02298773886102834,0.02298773886102834,0.02298773886102834,0.02298773886102834,0.02298773886102834,1.0,1.0,1.0,1.0,1.0,0.0007820766155811819,0.0007820766155811819,0.0007820766155811819,0.0007820766155811819,0.0007820766155811819,0.020187360983954322,0.020187360983954322,0.020187360983954322,0.020187360983954322,0.020187360983954322,0.0,0.0,0.0,0.0,0.0,0.006578619663413443,0.006578619663413443,0.006578619663413443,0.006578619663413443,0.006578619663413443
asymmetric_wells,direct_topology,2,1,0.9995083961960421,0.9995083961960421,0.9995083961960421,0.9995083961960421,0.9995083961960421,0.03395552450919814,0.03395552450919814,0.03395552450919814,0.03395552450919814,0.03395552450919814,0.012161520523891411,0.012161520523891411,0.012161520523891411,0.012161520523891411,0.012161520523891411,0.3886035041195839,0.3886035041195839,0.3886035041195839,0.3886035041195839,0.3886035041195839,0.035252195295779554,0.035252195295779554,0.035252195295779554,0.035252195295779554,0.035252195295779554,1.0,1.0,1.0,1.0,1.0,0.00035141173705402544,0.00035141173705402544,0.00035141173705402544,0.00035141173705402544,0.00035141173705402544,0.020187360983954322,0.020187360983954322,0.020187360983954322,0.020187360983954322,0.020187360983954322,0.0,0.0,0.0,0.0,0.0,0.01508486249548846,0.01508486249548846,0.01508486249548846,0.01508486249548846,0.01508486249548846
asymmetric_wells,direct_topology,3,1,0.999714985900056,0.999714985900056,0.999714985900056,0.999714985900056,0.999714985900056,0.02752496787117099,0.02752496787117099,0.02752496787117099,0.02752496787117099,0.02752496787117099,0.026385958031001078,0.026385958031001078,0.026385958031001078,0.026385958031001078,0.026385958031001078,0.10357201428303404,0.10357201428303404,0.10357201428303404,0.10357201428303404,0.10357201428303404,0.020513976065913153,0.020513976065913153,0.020513976065913153,0.020513976065913153,0.020513976065913153,1.0,1.0,1.0,1.0,1.0,0.000576036367086518,0.000576036367086518,0.000576036367086518,0.000576036367086518,0.000576036367086518,0.020187360983954322,0.020187360983954322,0.020187360983954322,0.020187360983954322,0.020187360983954322,0.0,0.0,0.0,0.0,0.0,0.03854747855489249,0.03854747855489249,0.03854747855489249,0.03854747855489249,0.03854747855489249
asymmetric_wells,direct_topology,4,1,0.9997561115861926,0.9997561115861926,0.9997561115861926,0.9997561115861926,0.9997561115861926,0.02236529174132843,0.02236529174132843,0.02236529174132843,0.02236529174132843,0.02236529174132843,0.016324909580883507,0.016324909580883507,0.016324909580883507,0.016324909580883507,0.016324909580883507,0.03262648899251067,0.03262648899251067,0.03262648899251067,0.03262648899251067,0.03262648899251067,0.013985683605796223,0.013985683605796223,0.013985683605796223,0.013985683605796223,0.013985683605796223,1.0,1.0,1.0,1.0,1.0,0.00047260532772340166,0.00047260532772340166,0.00047260532772340166,0.00047260532772340166,0.00047260532772340166,0.020187360983954322,0.020187360983954322,0.020187360983954322,0.020187360983954322,0.020187360983954322,0.0,0.0,0.0,0.0,0.0,0.010061048450117571,0.010061048450117571,0.010061048450117571,0.010061048450117571,0.010061048450117571
asymmetric_wells,direct_topology,5,1,0.9996388031363285,0.9996388031363285,0.9996388031363285,0.9996388031363285,0.9996388031363285,0.021447683205455988,0.021447683205455988,0.021447683205455988,0.021447683205455988,0.021447683205455988,0.04150453338254412,0.04150453338254412,0.04150453338254412,0.04150453338254412,0.04150453338254412,0.01988445944010028,0.01988445944010028,0.01988445944010028,0.01988445944010028,0.01988445944010028,0.025602224450938037,0.025602224450938037,0.025602224450938037,0.025602224450938037,0.025602224450938037,1.0,1.0,1.0,1.0,1.0,0.0004079583573280043,0.0004079583573280043,0.0004079583573280043,0.0004079583573280043,0.0004079583573280043,0.020187360983954322,0.020187360983954322,0.020187360983954322,0.020187360983954322,0.020187360983954322,0.0,0.0,0.0,0.0,0.0,0.057829442963427624,0.057829442963427624,0.057829442963427624,0.057829442963427624,0.057829442963427624
asymmetric_wells,direct_topology,6,1,0.9996520622345869,0.9996520622345869,0.9996520622345869,0.9996520622345869,0.9996520622345869,0.02111304021445055,0.02111304021445055,0.02111304021445055,0.02111304021445055,0.02111304021445055,0.06795704835221805,0.06795704835221805,0.06795704835221805,0.06795704835221805,0.06795704835221805,0.01976228549961126,0.01976228549961126,0.01976228549961126,0.01976228549961126,0.01976228549961126,0.022560640902992708,0.022560640902992708,0.022560640902992708,0.022560640902992708,0.022560640902992708,1.0,1.0,1.0,1.0,1.0,0.0004072886779719807,0.0004072886779719807,0.0004072886779719807,0.0004072886779719807,0.0004072886779719807,0.020187360983954322,0.020187360983954322,0.020187360983954322,0.020187360983954322,0.020187360983954322,0.0,0.0,0.0,0.0,0.0,0.10946158173476217,0.10946158173476217,0.10946158173476217,0.10946158173476217,0.10946158173476217
asymmetric_wells,direct_topology,7,1,0.9997437007588238,0.9997437007588238,0.9997437007588238,0.9997437007588238,0.9997437007588238,0.020078778860250626,0.020078778860250626,0.020078778860250626,0.020078778860250626,0.020078778860250626,0.0470619058819981,0.0470619058819981,0.0470619058819981,0.0470619058819981,0.0470619058819981,0.018611518586682238,0.018611518586682238,0.018611518586682238,0.018611518586682238,0.018611518586682238,0.020153284367721333,0.020153284367721333,0.020153284367721333,0.020153284367721333,0.020153284367721333,1.0,1.0,1.0,1.0,1.0,0.0003171394326803213,0.0003171394326803213,0.0003171394326803213,0.0003171394326803213,0.0003171394326803213,0.020187360983954322,0.020187360983954322,0.020187360983954322,0.020187360983954322,0.020187360983954322,0.0,0.0,0.0,0.0,0.0,0.020895142470219952,0.020895142470219952,0.020895142470219952,0.020895142470219952,0.020895142470219952
asymmetric_wells,direct_topology,8,1,0.9997978156899435,0.9997978156899435,0.9997978156899435,0.9997978156899435,0.9997978156899435,0.021078960069663765,0.021078960069663765,0.021078960069663765,0.021078960069663765,0.021078960069663765,0.040714393250435243,0.040714393250435243,0.040714393250435243,0.040714393250435243,0.040714393250435243,0.023037866622126982,0.023037866622126982,0.023037866622126982,0.023037866622126982,0.023037866622126982,0.01584104220897732,0.01584104220897732,0.01584104220897732,0.01584104220897732,0.01584104220897732,1.0,1.0,1.0,1.0,1.0,0.00034035259260705114,0.00034035259260705114,0.00034035259260705114,0.00034035259260705114,0.00034035259260705114,0.020187360983954322,0.020187360983954322,0.020187360983954322,0.020187360983954322,0.020187360983954322,0.0,0.0,0.0,0.0,0.0,0.006347512631562857,0.006347512631562857,0.006347512631562857,0.006347512631562857,0.006347512631562857
asymmetric_wells,direct_topology,9,1,0.9995869418978988,0.9995869418978988,0.9995869418978988,0.9995869418978988,0.9995869418978988,0.026297855492888864,0.026297855492888864,0.026297855492888864,0.026297855492888864,0.026297855492888864,0.06064275544634956,0.06064275544634956,0.06064275544634956,0.06064275544634956,0.06064275544634956,0.024283310416447476,0.024283310416447476,0.024283310416447476,0.024283310416447476,0.024283310416447476,0.02352763031045402,0.02352763031045402,0.02352763031045402,0.02352763031045402,0.02352763031045402,1.0,1.0,1.0,1.0,1.0,0.00034173412946639437,0.00034173412946639437,0.00034173412946639437,0.00034173412946639437,0.00034173412946639437,0.020187360983954322,0.020187360983954322,0.020187360983954322,0.020187360983954322,0.020187360983954322,0.0,0.0,0.0,0.0,0.0,0.019928362195914318,0.019928362195914318,0.019928362195914318,0.019928362195914318,0.019928362195914318
asymmetric_wells,direct_topology,10,1,0.9991351199818265,0.9991351199818265,0.9991351199818265,0.9991351199818265,0.9991351199818265,0.03958713353530688,0.03958713353530688,0.03958713353530688,0.03958713353530688,0.03958713353530688,0.18989955828953686,0.18989955828953686,0.18989955828953686,0.18989955828953686,0.18989955828953686,0.037805087652325875,0.037805087652325875,0.037805087652325875,0.037805087652325875,0.037805087652325875,0.03287109683630038,0.03287109683630038,0.03287109683630038,0.03287109683630038,0.03287109683630038,1.0,1.0,1.0,1.0,1.0,0.0005773008491601395,0.0005773008491601395,0.0005773008491601395,0.0005773008491601395,0.0005773008491601395,0.020187360983954322,0.020187360983954322,0.020187360983954322,0.020187360983954322,0.020187360983954322,0.0,0.0,0.0,0.0,0.0,0.1292568028431873,0.1292568028431873,0.1292568028431873,0.1292568028431873,0.1292568028431873
asymmetric_wells,hybrid,0,1,0.9999396777623331,0.9999396777623331,0.9999396777623331,0.9999396777623331,0.9999396777623331,0.012364054395228294,0.012364054395228294,0.012364054395228294,0.012364054395228294,0.012364054395228294,0.0036552776918163943,0.0036552776918163943,0.0036552776918163943,0.0036552776918163943,0.0036552776918163943,0.007649085824765947,0.007649085824765947,0.007649085824765947,0.007649085824765947,0.007649085824765947,0.013801955330142099,0.013801955330142099,0.013801955330142099,0.013801955330142099,0.013801955330142099,1.0,1.0,1.0,1.0,1.0,0.0,0.0,0.0,0.0,0.0,0.020187360983954322,0.020187360983954322,0.020187360983954322,0.020187360983954322,0.020187360983954322,0.0,0.0,0.0,0.0,0.0,,,,,
asymmetric_wells,hybrid,1,1,0.9997703817115989,0.9997703817115989,0.9997703817115989,0.9997703817115989,0.9997703817115989,0.015899317229744275,0.015899317229744275,0.015899317229744275,0.015899317229744275,0.015899317229744275,0.0029233419715970488,0.0029233419715970488,0.0029233419715970488,0.0029233419715970488,0.0029233419715970488,0.019440817649909306,0.019440817649909306,0.019440817649909306,0.019440817649909306,0.019440817649909306,0.02298773886102834,0.02298773886102834,0.02298773886102834,0.02298773886102834,0.02298773886102834,1.0,1.0,1.0,1.0,1.0,0.0007820766155811819,0.0007820766155811819,0.0007820766155811819,0.0007820766155811819,0.0007820766155811819,0.020187360983954322,0.020187360983954322,0.020187360983954322,0.020187360983954322,0.020187360983954322,0.0,0.0,0.0,0.0,0.0,0.006578619663413443,0.006578619663413443,0.006578619663413443,0.006578619663413443,0.006578619663413443
asymmetric_wells,hybrid,2,1,0.9995083961960421,0.9995083961960421,0.9995083961960421,0.9995083961960421,0.9995083961960421,0.03395552450919814,0.03395552450919814,0.03395552450919814,0.03395552450919814,0.03395552450919814,0.012161520523891411,0.012161520523891411,0.012161520523891411,0.012161520523891411,0.012161520523891411,0.3886035041195839,0.3886035041195839,0.3886035041195839,0.3886035041195839,0.3886035041195839,0.035252195295779554,0.035252195295779554,0.035252195295779554,0.035252195295779554,0.035252195295779554,1.0,1.0,1.0,1.0,1.0,0.00035141173705402544,0.00035141173705402544,0.00035141173705402544,0.00035141173705402544,0.00035141173705402544,0.020187360983954322,0.020187360983954322,0.020187360983954322,0.020187360983954322,0.020187360983954322,0.0,0.0,0.0,0.0,0.0,0.01508486249548846,0.01508486249548846,0.01508486249548846,0.01508486249548846,0.01508486249548846
asymmetric_wells,hybrid,3,1,0.999714985900056,0.999714985900056,0.999714985900056,0.999714985900056,0.999714985900056,0.02752496787117099,0.02752496787117099,0.02752496787117099,0.02752496787117099,0.02752496787117099,0.026385958031001078,0.026385958031001078,0.026385958031001078,0.026385958031001078,0.026385958031001078,0.10357201428303404,0.10357201428303404,0.10357201428303404,0.10357201428303404,0.10357201428303404,0.020513976065913153,0.020513976065913153,0.020513976065913153,0.020513976065913153,0.020513976065913153,1.0,1.0,1.0,1.0,1.0,0.000576036367086518,0.000576036367086518,0.000576036367086518,0.000576036367086518,0.000576036367086518,0.020187360983954322,0.020187360983954322,0.020187360983954322,0.020187360983954322,0.020187360983954322,0.0,0.0,0.0,0.0,0.0,0.03854747855489249,0.03854747855489249,0.03854747855489249,0.03854747855489249,0.03854747855489249
asymmetric_wells,hybrid,4,1,0.9997561115861926,0.9997561115861926,0.9997561115861926,0.9997561115861926,0.9997561115861926,0.02236529174132843,0.02236529174132843,0.02236529174132843,0.02236529174132843,0.02236529174132843,0.016324909580883507,0.016324909580883507,0.016324909580883507,0.016324909580883507,0.016324909580883507,0.03262648899251067,0.03262648899251067,0.03262648899251067,0.03262648899251067,0.03262648899251067,0.013985683605796223,0.013985683605796223,0.013985683605796223,0.013985683605796223,0.013985683605796223,1.0,1.0,1.0,1.0,1.0,0.00047260532772340166,0.00047260532772340166,0.00047260532772340166,0.00047260532772340166,0.00047260532772340166,0.020187360983954322,0.020187360983954322,0.020187360983954322,0.020187360983954322,0.020187360983954322,0.0,0.0,0.0,0.0,0.0,0.010061048450117571,0.010061048450117571,0.010061048450117571,0.010061048450117571,0.010061048450117571
asymmetric_wells,hybrid,5,1,0.9996388031363285,0.9996388031363285,0.9996388031363285,0.9996388031363285,0.9996388031363285,0.021447683205455988,0.021447683205455988,0.021447683205455988,0.021447683205455988,0.021447683205455988,0.04150453338254412,0.04150453338254412,0.04150453338254412,0.04150453338254412,0.04150453338254412,0.01988445944010028,0.01988445944010028,0.01988445944010028,0.01988445944010028,0.01988445944010028,0.025602224450938037,0.025602224450938037,0.025602224450938037,0.025602224450938037,0.025602224450938037,1.0,1.0,1.0,1.0,1.0,0.0004079583573280043,0.0004079583573280043,0.0004079583573280043,0.0004079583573280043,0.0004079583573280043,0.020187360983954322,0.020187360983954322,0.020187360983954322,0.020187360983954322,0.020187360983954322,0.0,0.0,0.0,0.0,0.0,0.057829442963427624,0.057829442963427624,0.057829442963427624,0.057829442963427624,0.057829442963427624
asymmetric_wells,hybrid,6,1,0.9996520622345869,0.9996520622345869,0.9996520622345869,0.9996520622345869,0.9996520622345869,0.02111304021445055,0.02111304021445055,0.02111304021445055,0.02111304021445055,0.02111304021445055,0.06795704835221805,0.06795704835221805,0.06795704835221805,0.06795704835221805,0.06795704835221805,0.01976228549961126,0.01976228549961126,0.01976228549961126,0.01976228549961126,0.01976228549961126,0.022560640902992708,0.022560640902992708,0.022560640902992708,0.022560640902992708,0.022560640902992708,1.0,1.0,1.0,1.0,1.0,0.0004072886779719807,0.0004072886779719807,0.0004072886779719807,0.0004072886779719807,0.0004072886779719807,0.020187360983954322,0.020187360983954322,0.020187360983954322,0.020187360983954322,0.020187360983954322,0.0,0.0,0.0,0.0,0.0,0.10946158173476217,0.10946158173476217,0.10946158173476217,0.10946158173476217,0.10946158173476217
asymmetric_wells,hybrid,7,1,0.9997437007588238,0.9997437007588238,0.9997437007588238,0.9997437007588238,0.9997437007588238,0.020078778860250626,0.020078778860250626,0.020078778860250626,0.020078778860250626,0.020078778860250626,0.0470619058819981,0.0470619058819981,0.0470619058819981,0.0470619058819981,0.0470619058819981,0.018611518586682238,0.018611518586682238,0.018611518586682238,0.018611518586682238,0.018611518586682238,0.020153284367721333,0.020153284367721333,0.020153284367721333,0.020153284367721333,0.020153284367721333,1.0,1.0,1.0,1.0,1.0,0.0003171394326803213,0.0003171394326803213,0.0003171394326803213,0.0003171394326803213,0.0003171394326803213,0.020187360983954322,0.020187360983954322,0.020187360983954322,0.020187360983954322,0.020187360983954322,0.0,0.0,0.0,0.0,0.0,0.020895142470219952,0.020895142470219952,0.020895142470219952,0.020895142470219952,0.020895142470219952
asymmetric_wells,hybrid,8,1,0.9997978156899435,0.9997978156899435,0.9997978156899435,0.9997978156899435,0.9997978156899435,0.021078960069663765,0.021078960069663765,0.021078960069663765,0.021078960069663765,0.021078960069663765,0.040714393250435243,0.040714393250435243,0.040714393250435243,0.040714393250435243,0.040714393250435243,0.023037866622126982,0.023037866622126982,0.023037866622126982,0.023037866622126982,0.023037866622126982,0.01584104220897732,0.01584104220897732,0.01584104220897732,0.01584104220897732,0.01584104220897732,1.0,1.0,1.0,1.0,1.0,0.00034035259260705114,0.00034035259260705114,0.00034035259260705114,0.00034035259260705114,0.00034035259260705114,0.020187360983954322,0.020187360983954322,0.020187360983954322,0.020187360983954322,0.020187360983954322,0.0,0.0,0.0,0.0,0.0,0.006347512631562857,0.006347512631562857,0.006347512631562857,0.006347512631562857,0.006347512631562857
asymmetric_wells,hybrid,9,1,0.9995869418978988,0.9995869418978988,0.9995869418978988,0.9995869418978988,0.9995869418978988,0.026297855492888864,0.026297855492888864,0.026297855492888864,0.026297855492888864,0.026297855492888864,0.06064275544634956,0.06064275544634956,0.06064275544634956,0.06064275544634956,0.06064275544634956,0.024283310416447476,0.024283310416447476,0.024283310416447476,0.024283310416447476,0.024283310416447476,0.02352763031045402,0.02352763031045402,0.02352763031045402,0.02352763031045402,0.02352763031045402,1.0,1.0,1.0,1.0,1.0,0.00034173412946639437,0.00034173412946639437,0.00034173412946639437,0.00034173412946639437,0.00034173412946639437,0.020187360983954322,0.020187360983954322,0.020187360983954322,0.020187360983954322,0.020187360983954322,0.0,0.0,0.0,0.0,0.0,0.019928362195914318,0.019928362195914318,0.019928362195914318,0.019928362195914318,0.019928362195914318
asymmetric_wells,hybrid,10,1,0.9991351199818265,0.9991351199818265,0.9991351199818265,0.9991351199818265,0.9991351199818265,0.03958713353530688,0.03958713353530688,0.03958713353530688,0.03958713353530688,0.03958713353530688,0.18989955828953686,0.18989955828953686,0.18989955828953686,0.18989955828953686,0.18989955828953686,0.037805087652325875,0.037805087652325875,0.037805087652325875,0.037805087652325875,0.037805087652325875,0.03287109683630038,0.03287109683630038,0.03287109683630038,0.03287109683630038,0.03287109683630038,1.0,1.0,1.0,1.0,1.0,0.0005773008491601395,0.0005773008491601395,0.0005773008491601395,0.0005773008491601395,0.0005773008491601395,0.020187360983954322,0.020187360983954322,0.020187360983954322,0.020187360983954322,0.020187360983954322,0.0,0.0,0.0,0.0,0.0,0.1292568028431873,0.1292568028431873,0.1292568028431873,0.1292568028431873,0.1292568028431873
asymmetric_wells,initial_ritz,0,1,0.9999971252984247,0.9999971252984247,0.9999971252984247,0.9999971252984247,0.9999971252984247,0.004685112640908222,0.004685112640908222,0.004685112640908222,0.004685112640908222,0.004685112640908222,3.012319657713647e-05,3.012319657713647e-05,3.012319657713647e-05,3.012319657713647e-05,3.012319657713647e-05,0.006712332352604565,0.006712332352604565,0.006712332352604565,0.006712332352604565,0.006712332352604565,0.0015230525313113053,0.0015230525313113053,0.0015230525313113053,0.0015230525313113053,0.0015230525313113053,1.0,1.0,1.0,1.0,1.0,,,,,,1.8454030835668433e-06,1.8454030835668433e-06,1.8454030835668433e-06,1.8454030835668433e-06,1.8454030835668433e-06,0.0,0.0,0.0,0.0,0.0,,,,,
asymmetric_wells,initial_ritz,1,1,0.9999946251595455,0.9999946251595455,0.9999946251595455,0.9999946251595455,0.9999946251595455,0.006359479125759043,0.006359479125759043,0.006359479125759043,0.006359479125759043,0.006359479125759043,0.00018873574141564653,0.00018873574141564653,0.00018873574141564653,0.00018873574141564653,0.00018873574141564653,0.01550682780066713,0.01550682780066713,0.01550682780066713,0.01550682780066713,0.01550682780066713,0.0032334203077708226,0.0032334203077708226,0.0032334203077708226,0.0032334203077708226,0.0032334203077708226,1.0,1.0,1.0,1.0,1.0,7.111671559005989e-05,7.111671559005989e-05,7.111671559005989e-05,7.111671559005989e-05,7.111671559005989e-05,1.8454030835668433e-06,1.8454030835668433e-06,1.8454030835668433e-06,1.8454030835668433e-06,1.8454030835668433e-06,0.0,0.0,0.0,0.0,0.0,0.00015861254483851006,0.00015861254483851006,0.00015861254483851006,0.00015861254483851006,0.00015861254483851006
asymmetric_wells,initial_ritz,2,1,0.999954444027267,0.999954444027267,0.999954444027267,0.999954444027267,0.999954444027267,0.01977416914536023,0.01977416914536023,0.01977416914536023,0.01977416914536023,0.01977416914536023,0.0001552377174949271,0.0001552377174949271,0.0001552377174949271,0.0001552377174949271,0.0001552377174949271,0.37707452248044604,0.37707452248044604,0.37707452248044604,0.37707452248044604,0.37707452248044604,0.00909131781581731,0.00909131781581731,0.00909131781581731,0.00909131781581731,0.00909131781581731,1.0,1.0,1.0,1.0,1.0,,,,,,1.8454030835668433e-06,1.8454030835668433e-06,1.8454030835668433e-06,1.8454030835668433e-06,1.8454030835668433e-06,0.0,0.0,0.0,0.0,0.0,3.349802392071943e-05,3.349802392071943e-05,3.349802392071943e-05,3.349802392071943e-05,3.349802392071943e-05
asymmetric_wells,initial_ritz,3,1,0.9999546909346855,0.9999546909346855,0.9999546909346855,0.9999546909346855,0.9999546909346855,0.020080585882306757,0.020080585882306757,0.020080585882306757,0.020080585882306757,0.020080585882306757,0.0005322148053026332,0.0005322148053026332,0.0005322148053026332,0.0005322148053026332,0.0005322148053026332,0.09819804356301105,0.09819804356301105,0.09819804356301105,0.09819804356301105,0.09819804356301105,0.009310834462691608,0.009310834462691608,0.009310834462691608,0.009310834462691608,0.009310834462691608,1.0,1.0,1.0,1.0,1.0,,,,,,1.8454030835668433e-06,1.8454030835668433e-06,1.8454030835668433e-06,1.8454030835668433e-06,1.8454030835668433e-06,0.0,0.0,0.0,0.0,0.0,0.0003769770878077061,0.0003769770878077061,0.0003769770878077061,0.0003769770878077061,0.0003769770878077061
asymmetric_wells,initial_ritz,4,1,0.9999669965192757,0.9999669965192757,0.9999669965192757,0.9999669965192757,0.9999669965192757,0.013691902355405943,0.013691902355405943,0.013691902355405943,0.013691902355405943,0.013691902355405943,0.0013588348496584857,0.0013588348496584857,0.0013588348496584857,0.0013588348496584857,0.0013588348496584857,0.029626896743910194,0.029626896743910194,0.029626896743910194,0.029626896743910194,0.029626896743910194,0.008754634064522242,0.008754634064522242,0.008754634064522242,0.008754634064522242,0.008754634064522242,1.0,1.0,1.0,1.0,1.0,,,,,,1.8454030835668433e-06,1.8454030835668433e-06,1.8454030835668433e-06,1.8454030835668433e-06,1.8454030835668433e-06,0.0,0.0,0.0,0.0,0.0,0.0008266200443558525,0.0008266200443558525,0.0008266200443558525,0.0008266200443558525,0.0008266200443558525
asymmetric_wells,initial_ritz,5,1,0.9999725834111208,0.9999725834111208,0.9999725834111208,0.9999725834111208,0.9999725834111208,0.008000919223427402,0.008000919223427402,0.008000919223427402,0.008000919223427402,0.008000919223427402,0.0021974159203859145,0.0021974159203859145,0.0021974159203859145,0.0021974159203859145,0.0021974159203859145,0.008583286768903605,0.008583286768903605,0.008583286768903605,0.008583286768903605,0.008583286768903605,0.008057214973942062,0.008057214973942062,0.008057214973942062,0.008057214973942062,0.008057214973942062,1.0,1.0,1.0,1.0,1.0,5.3555406128798605e-05,5.3555406128798605e-05,5.3555406128798605e-05,5.3555406128798605e-05,5.3555406128798605e-05,1.8454030835668433e-06,1.8454030835668433e-06,1.8454030835668433e-06,1.8454030835668433e-06,1.8454030835668433e-06,0.0,0.0,0.0,0.0,0.0,0.0008385810707274288,0.0008385810707274288,0.0008385810707274288,0.0008385810707274288,0.0008385810707274288
asymmetric_wells,initial_ritz,6,1,0.999953844430659,0.999953844430659,0.999953844430659,0.999953844430659,0.999953844430659,0.010305975823359481,0.010305975823359481,0.010305975823359481,0.010305975823359481,0.010305975823359481,0.002830500666641811,0.002830500666641811,0.002830500666641811,0.002830500666641811,0.002830500666641811,0.008580408468778718,0.008580408468778718,0.008580408468778718,0.008580408468778718,0.008580408468778718,0.008928222686304277,0.008928222686304277,0.008928222686304277,0.008928222686304277,0.008928222686304277,1.0,1.0,1.0,1.0,1.0,9.616081169678907e-05,9.616081169678907e-05,9.616081169678907e-05,9.616081169678907e-05,9.616081169678907e-05,1.8454030835668433e-06,1.8454030835668433e-06,1.8454030835668433e-06,1.8454030835668433e-06,1.8454030835668433e-06,0.0,0.0,0.0,0.0,0.0,0.0006330847462558964,0.0006330847462558964,0.0006330847462558964,0.0006330847462558964,0.0006330847462558964
asymmetric_wells,initial_ritz,7,1,0.9998590457755456,0.9998590457755456,0.9998590457755456,0.9998590457755456,0.9998590457755456,0.01868946404690799,0.01868946404690799,0.01868946404690799,0.01868946404690799,0.01868946404690799,0.0031733655718593212,0.0031733655718593212,0.0031733655718593212,0.0031733655718593212,0.0031733655718593212,0.015361612547027089,0.015361612547027089,0.015361612547027089,0.015361612547027089,0.015361612547027089,0.01622634052083044,0.01622634052083044,0.01622634052083044,0.01622634052083044,0.01622634052083044,1.0,1.0,1.0,1.0,1.0,0.00019943363705829755,0.00019943363705829755,0.00019943363705829755,0.00019943363705829755,0.00019943363705829755,1.8454030835668433e-06,1.8454030835668433e-06,1.8454030835668433e-06,1.8454030835668433e-06,1.8454030835668433e-06,0.0,0.0,0.0,0.0,0.0,0.00034286490521751034,0.00034286490521751034,0.00034286490521751034,0.00034286490521751034,0.00034286490521751034
asymmetric_wells,initial_ritz,8,1,0.9998808302530224,0.9998808302530224,0.9998808302530224,0.9998808302530224,0.9998808302530224,0.020326267539109644,0.020326267539109644,0.020326267539109644,0.020326267539109644,0.020326267539109644,0.003761877425223936,0.003761877425223936,0.003761877425223936,0.003761877425223936,0.003761877425223936,0.021657730348346324,0.021657730348346324,0.021657730348346324,0.021657730348346324,0.021657730348346324,0.011745314139243287,0.011745314139243287,0.011745314139243287,0.011745314139243287,0.011745314139243287,1.0,1.0,1.0,1.0,1.0,0.0001744727276924169,0.0001744727276924169,0.0001744727276924169,0.0001744727276924169,0.0001744727276924169,1.8454030835668433e-06,1.8454030835668433e-06,1.8454030835668433e-06,1.8454030835668433e-06,1.8454030835668433e-06,0.0,0.0,0.0,0.0,0.0,0.000588511853364615,0.000588511853364615,0.000588511853364615,0.000588511853364615,0.000588511853364615
asymmetric_wells,initial_ritz,9,1,0.9998003967301822,0.9998003967301822,0.9998003967301822,0.9998003967301822,0.9998003967301822,0.025257064818636994,0.025257064818636994,0.025257064818636994,0.025257064818636994,0.025257064818636994,0.004172765793884814,0.004172765793884814,0.004172765793884814,0.004172765793884814,0.004172765793884814,0.02247797973262413,0.02247797973262413,0.02247797973262413,0.02247797973262413,0.02247797973262413,0.019684012370006446,0.019684012370006446,0.019684012370006446,0.019684012370006446,0.019684012370006446,1.0,1.0,1.0,1.0,1.0,0.0002322295504211887,0.0002322295504211887,0.0002322295504211887,0.0002322295504211887,0.0002322295504211887,1.8454030835668433e-06,1.8454030835668433e-06,1.8454030835668433e-06,1.8454030835668433e-06,1.8454030835668433e-06,0.0,0.0,0.0,0.0,0.0,0.00041088836866087775,0.00041088836866087775,0.00041088836866087775,0.00041088836866087775,0.00041088836866087775
asymmetric_wells,initial_ritz,10,1,0.9993754971104104,0.9993754971104104,0.9993754971104104,0.9993754971104104,0.9993754971104104,0.0356603749711617,0.0356603749711617,0.0356603749711617,0.0356603749711617,0.0356603749711617,0.004133349196425051,0.004133349196425051,0.004133349196425051,0.004133349196425051,0.004133349196425051,0.02915518604066194,0.02915518604066194,0.02915518604066194,0.02915518604066194,0.02915518604066194,0.038789135802863195,0.038789135802863195,0.038789135802863195,0.038789135802863195,0.038789135802863195,1.0,1.0,1.0,1.0,1.0,0.0003559642853414503,0.0003559642853414503,0.0003559642853414503,0.0003559642853414503,0.0003559642853414503,1.8454030835668433e-06,1.8454030835668433e-06,1.8454030835668433e-06,1.8454030835668433e-06,1.8454030835668433e-06,0.0,0.0,0.0,0.0,0.0,3.941659745976267e-05,3.941659745976267e-05,3.941659745976267e-05,3.941659745976267e-05,3.941659745976267e-05
barriers,direct_topology,0,19,0.9998248100778162,0.9998753782360292,0.9999489386773632,0.9999648010389514,0.9995447974577564,0.022470646181623713,0.020295072713083236,0.03355977664246775,0.03496791034038763,0.03545814514503826,0.002167621286329968,0.001864132008515318,0.0036607577369510923,0.0038924214803064366,0.005504028455429966,0.05108675718333335,0.05393906491766076,0.07069365138982084,0.07316333331196197,0.07512062632768403,0.01607009596737772,0.016126394806481065,0.024850608804723187,0.026871039687701256,0.030217764028426478,1.0,1.0,1.0,1.0,1.0,0.0,0.0,0.0,0.0,0.0,0.10163491115874765,0.09197500496508874,0.1566499204435537,0.1728178095966585,0.21484654895672073,0.0,0.0,0.0,0.0,0.0,,,,,
barriers,direct_topology,1,19,0.9988299505748853,0.9991776510189311,0.9997519433390342,0.9998210047368583,0.996677215123206,0.04539681243422635,0.03316884011974041,0.07533011179047717,0.08380105080917911,0.09983452436220634,0.01483078263721196,0.012977176601520646,0.025297809076753452,0.029275148665074198,0.044499724018998155,0.04204973980700098,0.03222486746135686,0.05638236112267609,0.07906116576794266,0.13698893603432555,0.0440977224143859,0.04216745786284009,0.07523735232408756,0.08861915324318381,0.08909527037012618,1.0,1.0,1.0,1.0,1.0,0.0010540042727766714,0.0008262235356015276,0.002037065726247874,0.002775786687797464,0.005926714840051001,0.10163491115874765,0.09197500496508874,0.1566499204435537,0.1728178095966585,0.21484654895672073,0.0,0.0,0.0,0.0,0.0,0.014079432475261888,0.010703178909804212,0.027804530213487298,0.03123130059426,0.04291628602915731
barriers,direct_topology,2,19,0.994525888256343,0.9942898320348112,0.9985191667884926,0.9987775893200237,0.9852367640729098,0.09094796824370567,0.09929767371013244,0.13033343308531553,0.1423223847230062,0.14920299279474453,0.02115248514517317,0.014700598037417745,0.04465644469152656,0.05072162278599085,0.05587475861454605,0.05626639419950039,0.05161911305799851,0.08343299064033927,0.08643545387200666,0.08679804578948973,0.09656880939399184,0.08949631416535297,0.1517231367263433,0.16502170701424052,0.1895554003751307,1.0,1.0,1.0,1.0,1.0,0.003311258755109398,0.0021689811256722074,0.006469044239376685,0.00781453314042046,0.011718820352063177,0.10163491115874765,0.09197500496508874,0.1566499204435537,0.1728178095966585,0.21484654895672073,0.0,0.0,0.0,0.0,0.0,0.02637496642486101,0.02315131499066192,0.05666864726895149,0.05860866727558856,0.061374445181144766
barriers,direct_topology,3,19,0.9860261132867167,0.9896971631174342,0.9977878852980288,0.9980979102604542,0.9646545718743601,0.1335509166235478,0.12077652440549656,0.21351858427446013,0.22862032632715884,0.23714887786405664,0.024942804155975606,0.023449709759193027,0.050598352705019424,0.05388425376785896,0.07831934065877788,0.054408246319371786,0.04335524313140498,0.10018550464020085,0.11020280291195195,0.11083693200233985,0.13727669562666842,0.1259700673135105,0.21979748296706897,0.24596802133133663,0.25393221222463686,1.0,1.0,1.0,1.0,1.0,0.003577475892012332,0.003683094436190385,0.005295487420411416,0.006145518886952655,0.01003715822088457,0.10163491115874765,0.09197500496508874,0.1566499204435537,0.1728178095966585,0.21484654895672073,0.0,0.0,0.0,0.0,0.0,0.03340957193227998,0.019833583070621774,0.08158126699756697,0.09283450426787523,0.1284683927971515
barriers,direct_topology,4,19,0.9798840284399525,0.9898412031618882,0.997639005913691,0.9977944729243661,0.9195422372854138,0.13735143331343624,0.09711575821055733,0.29055072282452615,0.32374175218559814,0.37402358908380207,0.06788854648152493,0.0148016554583843,0.19724014397522088,0.31723381817136054,0.4523624841495888,0.0456510167756356,0.0344695906791012,0.10278687144532618,0.11087609392254141,0.12418777502448672,0.15924581913645744,0.1328228661033622,0.2856969745468644,0.30178251806990375,0.36897978477447685,1.0,1.0,1.0,1.0,1.0,0.0034028295872366946,0.002414374581725746,0.007277331546357468,0.008805923324006005,0.011499393686700764,0.10163491115874765,0.09197500496508874,0.1566499204435537,0.1728178095966585,0.21484654895672073,0.0,0.0,0.0,0.0,0.0,0.07289941215654809,0.0344153878374045,0.1801630087396076,0.24435810864822352,0.4284794548472206
barriers,direct_topology,5,19,0.9620267963753105,0.9915424588205537,0.998335672930702,0.999211656733721,0.6282225657434692,0.15596692304733314,0.11229318360627272,0.3037384537587798,0.45390054504062116,0.6839400348782073,0.08686184754309077,0.07819975814764613,0.18812822218996458,0.21339019299074916,0.2818061894618591,0.036447325923693895,0.029227646857748514,0.06680803894443804,0.07385996407519065,0.07970012749691234,0.2106167786117042,0.12140423492127163,0.4785469997538274,0.6816370363758685,0.9212208079724734,1.0,1.0,1.0,1.0,1.0,0.0020121108811704154,0.0019523593557409578,0.003853337992033963,0.004266708153834761,0.004934056430762879,0.10163491115874765,0.09197500496508874,0.1566499204435537,0.1728178095966585,0.21484654895672073,0.0,0.0,0.0,0.0,0.0,0.11331409637932409,0.07395655185357919,0.26957273578156754,0.2808106048701639,0.34870810981352474
barriers,direct_topology,6,19,0.9614922208711235,0.9922050157134376,0.9987769199958518,0.9991849259108245,0.7977625699710894,0.17280518970244615,0.09419901613152708,0.3683037798409462,0.4567358776900503,0.4658291180280243,0.058139324346768155,0.047983175344382456,0.13865549298987342,0.1481173356284078,0.16324043468953908,0.030252740232252474,0.02329556412835705,0.05026755756964426,0.05574192074789062,0.07646942421782375,0.2301949299697848,0.15675705658734956,0.5032883488696768,0.6398254546254397,0.6759475972519082,1.0,1.0,1.0,1.0,1.0,0.0024171850619817154,0.0011613385545694655,0.006291218205345479,0.00796200267003695,0.009016832344503567,0.10163491115874765,0.09197500496508874,0.1566499204435537,0.1728178095966585,0.21484654895672073,0.0,0.0,0.0,0.0,0.0,0.06736657868057962,0.02287877792217685,0.15948704193266977,0.20169419342225006,0.23161362943864727
barriers,direct_topology,7,19,0.982071710379524,0.99598447741427,0.998987295969379,0.9994896935782477,0.8690935834162538,0.11125099813327961,0.06918559993066645,0.2021511341585526,0.24996321716446157,0.39225543933191725,0.06731193701774564,0.029800994374641565,0.16906890884016493,0.1941324853165965,0.2276205909955693,0.031494172784823936,0.02580498160089282,0.047163248654169716,0.050169737813563466,0.050716514117000955,0.15620936084113013,0.10237769219064138,0.3442464467289882,0.38950713144215654,0.6061856734208775,1.0,1.0,1.0,1.0,1.0,0.001224051389729096,0.0009718049870881126,0.0023669814234749003,0.0026292555891831576,0.0031710658735883456,0.10163491115874765,0.09197500496508874,0.1566499204435537,0.1728178095966585,0.21484654895672073,0.0,0.0,0.0,0.0,0.0,0.04489150225036528,0.018543944463468076,0.10956113381651568,0.15102191790536382,0.1574908134389803
barriers,direct_topology,8,19,0.99179245425387,0.9982495040039652,0.9991548520841014,0.9992473057617841,0.9403154034560625,0.08193271539939126,0.04853053256464864,0.15587223790611376,0.20096622625686325,0.25056996302755646,0.07072569108042505,0.044034539665187555,0.16347655149802945,0.18593138224112607,0.25542952220831294,0.026520806919434106,0.022493708861370174,0.033855515819018245,0.04060482366102437,0.05121236475032829,0.10289270341366978,0.0625971817086107,0.1860367043836183,0.2924651902741585,0.42658169966491866,1.0,1.0,1.0,1.0,1.0,0.0012354673551144835,0.0008073461459162627,0.0022250061350466595,0.0031927752061114635,0.003856491628965145,0.10163491115874765,0.09197500496508874,0.1566499204435537,0.1728178095966585,0.21484654895672073,0.0,0.0,0.0,0.0,0.0,0.03678227599943147,0.013474441739517395,0.10498527432587579,0.13293661218028496,0.15742867166550756
barriers,direct_topology,9,19,0.9964407672644594,0.9986905167300829,0.9995534390271545,0.9996129462260339,0.9765835856526144,0.05913703631864008,0.04421824230958557,0.10933264638086305,0.1224825387910646,0.15676130794351578,0.07102562046795823,0.04165810582402418,0.14736367775669734,0.16334095291485773,0.1854622494140692,0.026835909578735693,0.024856680783546675,0.03214849873322242,0.03277732119484796,0.03771065596764365,0.0686948817755636,0.0474480419445459,0.14298215192839764,0.19235473728532482,0.2780784251669532,1.0,1.0,1.0,1.0,1.0,0.0007700153477231762,0.0006145722936334931,0.0014063025249342967,0.0016597337377836352,0.0019290282067662844,0.10163491115874765,0.09197500496508874,0.1566499204435537,0.1728178095966585,0.21484654895672073,0.0,0.0,0.0,0.0,0.0,0.02413171140278789,0.010573537117182674,0.05660303170577554,0.08759145688058144,0.12182682600965089
barriers,direct_topology,10,19,0.9971954653024171,0.9982704620871585,0.9992681280083081,0.9993033160281337,0.9872737915099792,0.05939054352410342,0.05419329462796042,0.08588622535965239,0.09899278013977489,0.10608138663701966,0.11809919655752675,0.0874247186859698,0.26124630891024586,0.3001003415511386,0.3573371671569969,0.03315909051372433,0.029853267005566314,0.04325984133141903,0.05234220358534155,0.052538253068287126,0.06233957028527248,0.04659853667310192,0.11770322408242967,0.14612491884488654,0.18531473441176197,1.0,1.0,1.0,1.0,1.0,0.0007758108243521438,0.0007330956971211979,0.0009537325167715377,0.0011975597349775534,0.001786099053063901,0.10163491115874765,0.09197500496508874,0.1566499204435537,0.1728178095966585,0.21484654895672073,0.0,0.0,0.0,0.0,0.0,0.0854943729318422,0.07386461926890142,0.1578188954630649,0.16701766909220928,0.22893470835566188
barriers,hybrid,0,19,0.9998248100778162,0.9998753782360292,0.9999489386773632,0.9999648010389514,0.9995447974577564,0.022470646181623713,0.020295072713083236,0.03355977664246775,0.03496791034038763,0.03545814514503826,0.002167621286329968,0.001864132008515318,0.0036607577369510923,0.0038924214803064366,0.005504028455429966,0.05108675718333335,0.05393906491766076,0.07069365138982084,0.07316333331196197,0.07512062632768403,0.01607009596737772,0.016126394806481065,0.024850608804723187,0.026871039687701256,0.030217764028426478,1.0,1.0,1.0,1.0,1.0,0.0,0.0,0.0,0.0,0.0,0.10163491115874765,0.09197500496508874,0.1566499204435537,0.1728178095966585,0.21484654895672073,0.0,0.0,0.0,0.0,0.0,,,,,
barriers,hybrid,1,19,0.9988299505748853,0.9991776510189311,0.9997519433390342,0.9998210047368583,0.996677215123206,0.04539681243422635,0.03316884011974041,0.07533011179047717,0.08380105080917911,0.09983452436220634,0.01483078263721196,0.012977176601520646,0.025297809076753452,0.029275148665074198,0.044499724018998155,0.04204973980700098,0.03222486746135686,0.05638236112267609,0.07906116576794266,0.13698893603432555,0.0440977224143859,0.04216745786284009,0.07523735232408756,0.08861915324318381,0.08909527037012618,1.0,1.0,1.0,1.0,1.0,0.0010540042727766714,0.0008262235356015276,0.002037065726247874,0.002775786687797464,0.005926714840051001,0.10163491115874765,0.09197500496508874,0.1566499204435537,0.1728178095966585,0.21484654895672073,0.0,0.0,0.0,0.0,0.0,0.014079432475261888,0.010703178909804212,0.027804530213487298,0.03123130059426,0.04291628602915731
barriers,hybrid,2,19,0.994525888256343,0.9942898320348112,0.9985191667884926,0.9987775893200237,0.9852367640729098,0.09094796824370567,0.09929767371013244,0.13033343308531553,0.1423223847230062,0.14920299279474453,0.02115248514517317,0.014700598037417745,0.04465644469152656,0.05072162278599085,0.05587475861454605,0.05626639419950039,0.05161911305799851,0.08343299064033927,0.08643545387200666,0.08679804578948973,0.09656880939399184,0.08949631416535297,0.1517231367263433,0.16502170701424052,0.1895554003751307,1.0,1.0,1.0,1.0,1.0,0.003311258755109398,0.0021689811256722074,0.006469044239376685,0.00781453314042046,0.011718820352063177,0.10163491115874765,0.09197500496508874,0.1566499204435537,0.1728178095966585,0.21484654895672073,0.0,0.0,0.0,0.0,0.0,0.02637496642486101,0.02315131499066192,0.05666864726895149,0.05860866727558856,0.061374445181144766
barriers,hybrid,3,19,0.9860261132867167,0.9896971631174342,0.9977878852980288,0.9980979102604542,0.9646545718743601,0.1335509166235478,0.12077652440549656,0.21351858427446013,0.22862032632715884,0.23714887786405664,0.024942804155975606,0.023449709759193027,0.050598352705019424,0.05388425376785896,0.07831934065877788,0.054408246319371786,0.04335524313140498,0.10018550464020085,0.11020280291195195,0.11083693200233985,0.13727669562666842,0.1259700673135105,0.21979748296706897,0.24596802133133663,0.25393221222463686,1.0,1.0,1.0,1.0,1.0,0.003577475892012332,0.003683094436190385,0.005295487420411416,0.006145518886952655,0.01003715822088457,0.10163491115874765,0.09197500496508874,0.1566499204435537,0.1728178095966585,0.21484654895672073,0.0,0.0,0.0,0.0,0.0,0.03340957193227998,0.019833583070621774,0.08158126699756697,0.09283450426787523,0.1284683927971515
barriers,hybrid,4,19,0.9798840284399525,0.9898412031618882,0.997639005913691,0.9977944729243661,0.9195422372854138,0.13735143331343624,0.09711575821055733,0.29055072282452615,0.32374175218559814,0.37402358908380207,0.06788854648152493,0.0148016554583843,0.19724014397522088,0.31723381817136054,0.4523624841495888,0.0456510167756356,0.0344695906791012,0.10278687144532618,0.11087609392254141,0.12418777502448672,0.15924581913645744,0.1328228661033622,0.2856969745468644,0.30178251806990375,0.36897978477447685,1.0,1.0,1.0,1.0,1.0,0.0034028295872366946,0.002414374581725746,0.007277331546357468,0.008805923324006005,0.011499393686700764,0.10163491115874765,0.09197500496508874,0.1566499204435537,0.1728178095966585,0.21484654895672073,0.0,0.0,0.0,0.0,0.0,0.07289941215654809,0.0344153878374045,0.1801630087396076,0.24435810864822352,0.4284794548472206
barriers,hybrid,5,19,0.9620267963753105,0.9915424588205537,0.998335672930702,0.999211656733721,0.6282225657434692,0.15596692304733314,0.11229318360627272,0.3037384537587798,0.45390054504062116,0.6839400348782073,0.08686184754309077,0.07819975814764613,0.18812822218996458,0.21339019299074916,0.2818061894618591,0.036447325923693895,0.029227646857748514,0.06680803894443804,0.07385996407519065,0.07970012749691234,0.2106167786117042,0.12140423492127163,0.4785469997538274,0.6816370363758685,0.9212208079724734,1.0,1.0,1.0,1.0,1.0,0.0020121108811704154,0.0019523593557409578,0.003853337992033963,0.004266708153834761,0.004934056430762879,0.10163491115874765,0.09197500496508874,0.1566499204435537,0.1728178095966585,0.21484654895672073,0.0,0.0,0.0,0.0,0.0,0.11331409637932409,0.07395655185357919,0.26957273578156754,0.2808106048701639,0.34870810981352474
barriers,hybrid,6,19,0.9614922208711235,0.9922050157134376,0.9987769199958518,0.9991849259108245,0.7977625699710894,0.17280518970244615,0.09419901613152708,0.3683037798409462,0.4567358776900503,0.4658291180280243,0.058139324346768155,0.047983175344382456,0.13865549298987342,0.1481173356284078,0.16324043468953908,0.030252740232252474,0.02329556412835705,0.05026755756964426,0.05574192074789062,0.07646942421782375,0.2301949299697848,0.15675705658734956,0.5032883488696768,0.6398254546254397,0.6759475972519082,1.0,1.0,1.0,1.0,1.0,0.0024171850619817154,0.0011613385545694655,0.006291218205345479,0.00796200267003695,0.009016832344503567,0.10163491115874765,0.09197500496508874,0.1566499204435537,0.1728178095966585,0.21484654895672073,0.0,0.0,0.0,0.0,0.0,0.06736657868057962,0.02287877792217685,0.15948704193266977,0.20169419342225006,0.23161362943864727
barriers,hybrid,7,19,0.982071710379524,0.99598447741427,0.998987295969379,0.9994896935782477,0.8690935834162538,0.11125099813327961,0.06918559993066645,0.2021511341585526,0.24996321716446157,0.39225543933191725,0.06731193701774564,0.029800994374641565,0.16906890884016493,0.1941324853165965,0.2276205909955693,0.031494172784823936,0.02580498160089282,0.047163248654169716,0.050169737813563466,0.050716514117000955,0.15620936084113013,0.10237769219064138,0.3442464467289882,0.38950713144215654,0.6061856734208775,1.0,1.0,1.0,1.0,1.0,0.001224051389729096,0.0009718049870881126,0.0023669814234749003,0.0026292555891831576,0.0031710658735883456,0.10163491115874765,0.09197500496508874,0.1566499204435537,0.1728178095966585,0.21484654895672073,0.0,0.0,0.0,0.0,0.0,0.04489150225036528,0.018543944463468076,0.10956113381651568,0.15102191790536382,0.1574908134389803
barriers,hybrid,8,19,0.99179245425387,0.9982495040039652,0.9991548520841014,0.9992473057617841,0.9403154034560625,0.08193271539939126,0.04853053256464864,0.15587223790611376,0.20096622625686325,0.25056996302755646,0.07072569108042505,0.044034539665187555,0.16347655149802945,0.18593138224112607,0.25542952220831294,0.026520806919434106,0.022493708861370174,0.033855515819018245,0.04060482366102437,0.05121236475032829,0.10289270341366978,0.0625971817086107,0.1860367043836183,0.2924651902741585,0.42658169966491866,1.0,1.0,1.0,1.0,1.0,0.0012354673551144835,0.0008073461459162627,0.0022250061350466595,0.0031927752061114635,0.003856491628965145,0.10163491115874765,0.09197500496508874,0.1566499204435537,0.1728178095966585,0.21484654895672073,0.0,0.0,0.0,0.0,0.0,0.03678227599943147,0.013474441739517395,0.10498527432587579,0.13293661218028496,0.15742867166550756
barriers,hybrid,9,19,0.9964407672644594,0.9986905167300829,0.9995534390271545,0.9996129462260339,0.9765835856526144,0.05913703631864008,0.04421824230958557,0.10933264638086305,0.1224825387910646,0.15676130794351578,0.07102562046795823,0.04165810582402418,0.14736367775669734,0.16334095291485773,0.1854622494140692,0.026835909578735693,0.024856680783546675,0.03214849873322242,0.03277732119484796,0.03771065596764365,0.0686948817755636,0.0474480419445459,0.14298215192839764,0.19235473728532482,0.2780784251669532,1.0,1.0,1.0,1.0,1.0,0.0007700153477231762,0.0006145722936334931,0.0014063025249342967,0.0016597337377836352,0.0019290282067662844,0.10163491115874765,0.09197500496508874,0.1566499204435537,0.1728178095966585,0.21484654895672073,0.0,0.0,0.0,0.0,0.0,0.02413171140278789,0.010573537117182674,0.05660303170577554,0.08759145688058144,0.12182682600965089
barriers,hybrid,10,19,0.9971954653024171,0.9982704620871585,0.9992681280083081,0.9993033160281337,0.9872737915099792,0.05939054352410342,0.05419329462796042,0.08588622535965239,0.09899278013977489,0.10608138663701966,0.11809919655752675,0.0874247186859698,0.26124630891024586,0.3001003415511386,0.3573371671569969,0.03315909051372433,0.029853267005566314,0.04325984133141903,0.05234220358534155,0.052538253068287126,0.06233957028527248,0.04659853667310192,0.11770322408242967,0.14612491884488654,0.18531473441176197,1.0,1.0,1.0,1.0,1.0,0.0007758108243521438,0.0007330956971211979,0.0009537325167715377,0.0011975597349775534,0.001786099053063901,0.10163491115874765,0.09197500496508874,0.1566499204435537,0.1728178095966585,0.21484654895672073,0.0,0.0,0.0,0.0,0.0,0.0854943729318422,0.07386461926890142,0.1578188954630649,0.16701766909220928,0.22893470835566188
barriers,initial_ritz,0,19,0.9999794344557414,0.999979918691366,0.9999945570853173,0.9999952978089877,0.9999422894289829,0.014729627333927532,0.016174716162199936,0.01971815512394495,0.022855311007895625,0.025814756408234902,0.00010141656839556783,0.00010097763401428761,0.00017230463295196945,0.0002592251728692482,0.0003869087429532181,0.04581595072290699,0.048218167080471434,0.06676514473925357,0.0675856127522446,0.07147008138349559,0.005747318284249557,0.006752070397562627,0.008135558422081118,0.008514353808975746,0.0086228756109569,1.0,1.0,1.0,1.0,1.0,0.0,0.0,0.0,0.0,0.0,1.4694705004276487e-06,1.3930621771685026e-06,1.7008131465212627e-06,1.7829989033324438e-06,2.1272398473826115e-06,0.0,0.0,0.0,0.0,0.0,,,,,
barriers,initial_ritz,1,19,0.9998533894089604,0.9999587200882241,0.9999779257675776,0.9999813555066337,0.9989006131509109,0.027201928851197543,0.018404955135521376,0.04006364598121805,0.04673629064906249,0.09761026360666573,0.0006506918860672796,0.00017952929441777954,0.0010006129349512838,0.0015695813454649206,0.006456564240631124,0.03747388061403047,0.030439808061454247,0.052197754812923686,0.06969518669367106,0.1312982564506555,0.013275107644223946,0.008512064664043185,0.02287237772008143,0.0245878891282239,0.03942940070175541,0.7894736842105263,1.0,1.0,1.0,0.0,0.00024016770092412425,0.00024016770092412425,0.0003079997199223481,0.0003164787222971261,0.0003249577246719041,1.4694705004276487e-06,1.3930621771685026e-06,1.7008131465212627e-06,1.7829989033324438e-06,2.1272398473826115e-06,0.0,0.0,0.0,0.0,0.0,0.0006550215924564506,0.00024118663883232472,0.0009526788339181857,0.0015419705440767317,0.006211526131104539
barriers,initial_ritz,2,19,0.9997141790212044,0.9997459062925541,0.9998786971640596,0.9999029290819339,0.999317506068646,0.04519887355607075,0.040834562806656136,0.059209703515947,0.0650645798955086,0.08372547973847222,0.0014150841883364333,0.000911386017754312,0.002558824069394472,0.0029792475265231167,0.004817295984806957,0.05100201973864575,0.04690721783005185,0.07880013254008614,0.08113658872017525,0.0819713659172705,0.021881904410814536,0.021418092051020035,0.03336777948168683,0.035400999979172405,0.03815860069593681,0.6842105263157895,1.0,1.0,1.0,0.0,0.0009366217518910927,0.000797775297016066,0.0016054467786249618,0.001696709266554365,0.0017879717544837686,1.4694705004276487e-06,1.3930621771685026e-06,1.7008131465212627e-06,1.7829989033324438e-06,2.1272398473826115e-06,0.0,0.0,0.0,0.0,0.0,0.0013318461326488821,0.0008732982485653018,0.0027446557914960748,0.003884169921350632,0.0044331185649411076
barriers,initial_ritz,3,19,0.9989764389745719,0.9994815460534275,0.9998590229063581,0.9998623515541543,0.9961664678071485,0.06140642843462302,0.050193264707601784,0.11140292602558932,0.13515564162539995,0.13678302959386127,0.0035988301097290157,0.0017061932284327952,0.012380264502748605,0.014063171012383833,0.014893563923491726,0.04780583815113946,0.040889291002868686,0.08851447330542421,0.10015658773597673,0.10174326384653622,0.03854195046633109,0.032079246084434916,0.07517145454329233,0.08597506000882019,0.09072855110864168,0.7894736842105263,1.0,1.0,1.0,0.0,0.0006135817168046769,0.0005271514661537718,0.0009423741529385864,0.000997431282767403,0.00105248841259622,1.4694705004276487e-06,1.3930621771685026e-06,1.7008131465212627e-06,1.7829989033324438e-06,2.1272398473826115e-06,0.0,0.0,0.0,0.0,0.0,0.0028345251631044684,0.0008460438391990621,0.01149076998507752,0.012171557441109777,0.014188439291961341
barriers,initial_ritz,4,19,0.998833492148101,0.9997799426315499,0.999976430143239,0.9999799914382735,0.9943671821323482,0.05230909095215612,0.03449496228341027,0.1399730662740104,0.151496609563334,0.1653910510984477,0.0039201251350946195,0.0005600983877651622,0.016965802906820926,0.017687851666239936,0.01971442210296548,0.036378486627591425,0.023972121145944346,0.09439491512651602,0.09842049672550353,0.09951562257139797,0.03431883647894408,0.018685581733717982,0.09542963436022914,0.0972745386012947,0.1020464729007608,0.8947368421052632,1.0,1.0,1.0,0.0,0.00035174024646132055,0.00021627653627928953,0.0009673902513354525,0.0011279730913130314,0.001174598310592816,1.4694705004276487e-06,1.3930621771685026e-06,1.7008131465212627e-06,1.7829989033324438e-06,2.1272398473826115e-06,0.0,0.0,0.0,0.0,0.0,0.0024230128018056327,0.0018023752814904093,0.00596028093316887,0.006836279452970961,0.006916763442481155
barriers,initial_ritz,5,19,0.999069686554402,0.9997226080689849,0.9998861518976074,0.9999012219231189,0.994526211727135,0.04471570076639912,0.03161149476967206,0.08182968792198139,0.08907770558807547,0.12710274348990128,0.0021901771666314666,0.0007292807755447939,0.005102034740251859,0.00645587155005368,0.012103667677229701,0.026009440567384686,0.01740515758921139,0.052202964663242216,0.05560085374623371,0.06263211946818828,0.032810601094268387,0.024464645490748525,0.05681808518871038,0.07299709534360356,0.09607598296680077,1.0,1.0,1.0,1.0,1.0,0.00021683257191073483,0.00022476589342000544,0.00025497245695883434,0.00029598574798654,0.0003456811758786356,1.4694705004276487e-06,1.3930621771685026e-06,1.7008131465212627e-06,1.7829989033324438e-06,2.1272398473826115e-06,0.0,0.0,0.0,0.0,0.0,0.0032694940123593487,0.0006780821037852824,0.010474144738106615,0.012120886675503683,0.012542218409714145
barriers,initial_ritz,6,19,0.9990048989480492,0.9996154412258935,0.9999008066880438,0.9999190855886564,0.9924512071456261,0.04622621641319056,0.034194366233467006,0.07922278281238909,0.09099408536905024,0.14980243038160312,0.0024513231518890535,0.001287698663281045,0.004778474581222536,0.006479021790749969,0.01759619629613063,0.02336638887936895,0.019313336115879695,0.03410408532758228,0.037505236549250746,0.06327305161898134,0.03610136641171926,0.029278518696843236,0.058483022565342095,0.07135715179246505,0.14258764168565857,1.0,1.0,1.0,1.0,1.0,0.00048190857127166704,0.0003338564324549251,0.0008565819822416033,0.0010512970099471922,0.0012211002456631577,1.4694705004276487e-06,1.3930621771685026e-06,1.7008131465212627e-06,1.7829989033324438e-06,2.1272398473826115e-06,0.0,0.0,0.0,0.0,0.0,0.0020760069952829277,0.0005717979555166508,0.005323694742398372,0.01078736469605288,0.011767857649096491
barriers,initial_ritz,7,19,0.999092487484376,0.999516214608871,0.9997720927635264,0.9998116223833552,0.9965677956860776,0.04752984415398293,0.044753863386992845,0.06583196276548361,0.07776820060011777,0.08081826464931846,0.001641794997689449,0.0011741971258585338,0.0025609850829683358,0.0038001252675279244,0.006887781081027278,0.026062666252493066,0.025567878065206693,0.033914942927282574,0.03462737683761839,0.040108901853190305,0.035014367200734066,0.027535854214234462,0.05799103389040713,0.06537138028108282,0.06876412706371005,1.0,1.0,1.0,1.0,1.0,0.0004754332252995445,0.0004534188611806413,0.0007376484162659985,0.0009203195838973734,0.0009255736116105273,1.4694705004276487e-06,1.3930621771685026e-06,1.7008131465212627e-06,1.7829989033324438e-06,2.1272398473826115e-06,0.0,0.0,0.0,0.0,0.0,0.0012824237364400819,0.00036921533236222714,0.00272100499852943,0.0036869722541641725,0.01070841521510335
barriers,initial_ritz,8,19,0.9992694991258805,0.9995886159091736,0.9997674791901406,0.9997773644508074,0.9972499228073659,0.04092624682222736,0.03585769285571641,0.05671627214297858,0.06501499794878093,0.07260453631380381,0.0012446993021241952,0.0014446709883833009,0.002157406897391567,0.0022559252372831287,0.00256889831017304,0.021299043880236606,0.021147339383530486,0.023050479638414764,0.02379234692508379,0.02657649684440234,0.03534619390855967,0.030414290988274306,0.05805709701568415,0.06985525378563588,0.08208629208058726,1.0,1.0,1.0,1.0,1.0,0.00038078537286756096,0.0003227343631144104,0.0005516212365320776,0.0006736484595328484,0.0007070864057990775,1.4694705004276487e-06,1.3930621771685026e-06,1.7008131465212627e-06,1.7829989033324438e-06,2.1272398473826115e-06,0.0,0.0,0.0,0.0,0.0,0.001555326583023346,0.0012217384849768642,0.0026021190526225083,0.0036367123704068123,0.004318882770854238
barriers,initial_ritz,9,19,0.9993939178913072,0.9995127774749308,0.999657459533494,0.9996740438757331,0.9981679038581022,0.041287454054916475,0.039672629812487564,0.047721264605521126,0.05395383093449335,0.06993447935255061,0.0016953475928449535,0.0016481746276788556,0.0023471437799452485,0.002642512660584905,0.002925647125178621,0.023301782122879266,0.023274815889904227,0.024106360907761155,0.025129356111211063,0.032134031332306495,0.03138013130163069,0.02934158033145609,0.04446541181511756,0.05338863949291566,0.05940411166320717,1.0,1.0,1.0,1.0,1.0,0.00036238204714286927,0.0003511019602804508,0.00048044870712732834,0.000547461875791258,0.0005717201170331722,1.4694705004276487e-06,1.3930621771685026e-06,1.7008131465212627e-06,1.7829989033324438e-06,2.1272398473826115e-06,0.0,0.0,0.0,0.0,0.0,0.0006207916428089149,0.00040338719965049563,0.0014693016437016479,0.00182194187879534,0.0023311640769745345
barriers,initial_ritz,10,19,0.9988023607714226,0.998949877150474,0.9995221553000949,0.9995384677620065,0.997031160648873,0.0510385657073714,0.04940136658335113,0.06158862102017808,0.06463359633542916,0.07261341350891448,0.0014014899226124293,0.0014485719455130663,0.0021967250653190714,0.002528451192694625,0.002569340314598989,0.027173728008223222,0.027475461028341988,0.028713378845551887,0.028825902006978144,0.029149697959395635,0.04576671975691789,0.041294075643408854,0.06890181839024258,0.07338583389628847,0.07823528112202682,1.0,1.0,1.0,1.0,1.0,0.0005250991669253038,0.0005249259312661824,0.0006932156174982522,0.0008269740235300215,0.0009648307125049714,1.4694705004276487e-06,1.3930621771685026e-06,1.7008131465212627e-06,1.7829989033324438e-06,2.1272398473826115e-06,0.0,0.0,0.0,0.0,0.0,0.0005623988590176484,0.0002499418120311958,0.0008291597106481416,0.0015256353781688255,0.0045003325927224225
changed_domain_same_physical_operator,direct_topology,0,1,0.9998946933797856,0.9998946933797856,0.9998946933797856,0.9998946933797856,0.9998946933797856,0.019018047893977482,0.019018047893977482,0.019018047893977482,0.019018047893977482,0.019018047893977482,0.005105192618175547,0.005105192618175547,0.005105192618175547,0.005105192618175547,0.005105192618175547,0.04886846423377605,0.04886846423377605,0.04886846423377605,0.04886846423377605,0.04886846423377605,0.013171811948029886,0.013171811948029886,0.013171811948029886,0.013171811948029886,0.013171811948029886,1.0,1.0,1.0,1.0,1.0,0.0,0.0,0.0,0.0,0.0,0.08157801324821885,0.08157801324821885,0.08157801324821885,0.08157801324821885,0.08157801324821885,0.0,0.0,0.0,0.0,0.0,,,,,
changed_domain_same_physical_operator,direct_topology,1,1,0.9978092784400407,0.9978092784400407,0.9978092784400407,0.9978092784400407,0.9978092784400407,0.0605261997616676,0.0605261997616676,0.0605261997616676,0.0605261997616676,0.0605261997616676,0.020017254135054507,0.020017254135054507,0.020017254135054507,0.020017254135054507,0.020017254135054507,0.04222880208572874,0.04222880208572874,0.04222880208572874,0.04222880208572874,0.04222880208572874,0.05800656597129893,0.05800656597129893,0.05800656597129893,0.05800656597129893,0.05800656597129893,1.0,1.0,1.0,1.0,1.0,0.0011213213144604971,0.0011213213144604971,0.0011213213144604971,0.0011213213144604971,0.0011213213144604971,0.08157801324821885,0.08157801324821885,0.08157801324821885,0.08157801324821885,0.08157801324821885,0.0,0.0,0.0,0.0,0.0,0.025122446753230054,0.025122446753230054,0.025122446753230054,0.025122446753230054,0.025122446753230054
changed_domain_same_physical_operator,direct_topology,2,1,0.9932783996487138,0.9932783996487138,0.9932783996487138,0.9932783996487138,0.9932783996487138,0.09194611014675344,0.09194611014675344,0.09194611014675344,0.09194611014675344,0.09194611014675344,0.009511891516493343,0.009511891516493343,0.009511891516493343,0.009511891516493343,0.009511891516493343,0.0764886871215175,0.0764886871215175,0.0764886871215175,0.0764886871215175,0.0764886871215175,0.1218745997839952,0.1218745997839952,0.1218745997839952,0.1218745997839952,0.1218745997839952,1.0,1.0,1.0,1.0,1.0,0.001175951756925055,0.001175951756925055,0.001175951756925055,0.001175951756925055,0.001175951756925055,0.08157801324821885,0.08157801324821885,0.08157801324821885,0.08157801324821885,0.08157801324821885,0.0,0.0,0.0,0.0,0.0,0.010505362618561165,0.010505362618561165,0.010505362618561165,0.010505362618561165,0.010505362618561165
changed_domain_same_physical_operator,direct_topology,3,1,0.9978822429639376,0.9978822429639376,0.9978822429639376,0.9978822429639376,0.9978822429639376,0.08778702009971837,0.08778702009971837,0.08778702009971837,0.08778702009971837,0.08778702009971837,0.11823414229660445,0.11823414229660445,0.11823414229660445,0.11823414229660445,0.11823414229660445,0.0634298039808381,0.0634298039808381,0.0634298039808381,0.0634298039808381,0.0634298039808381,0.07438438882913609,0.07438438882913609,0.07438438882913609,0.07438438882913609,0.07438438882913609,1.0,1.0,1.0,1.0,1.0,0.000914572441567508,0.000914572441567508,0.000914572441567508,0.000914572441567508,0.000914572441567508,0.08157801324821885,0.08157801324821885,0.08157801324821885,0.08157801324821885,0.08157801324821885,0.0,0.0,0.0,0.0,0.0,0.10872225078011111,0.10872225078011111,0.10872225078011111,0.10872225078011111,0.10872225078011111
changed_domain_same_physical_operator,direct_topology,4,1,0.9980204501203754,0.9980204501203754,0.9980204501203754,0.9980204501203754,0.9980204501203754,0.05659784698274205,0.05659784698274205,0.05659784698274205,0.05659784698274205,0.05659784698274205,0.061406688162472634,0.061406688162472634,0.061406688162472634,0.061406688162472634,0.061406688162472634,0.029646034975540046,0.029646034975540046,0.029646034975540046,0.029646034975540046,0.029646034975540046,0.07790321951684605,0.07790321951684605,0.07790321951684605,0.07790321951684605,0.07790321951684605,1.0,1.0,1.0,1.0,1.0,0.0005456181110591041,0.0005456181110591041,0.0005456181110591041,0.0005456181110591041,0.0005456181110591041,0.08157801324821885,0.08157801324821885,0.08157801324821885,0.08157801324821885,0.08157801324821885,0.0,0.0,0.0,0.0,0.0,0.17964083045907708,0.17964083045907708,0.17964083045907708,0.17964083045907708,0.17964083045907708
changed_domain_same_physical_operator,direct_topology,5,1,0.9969551774097279,0.9969551774097279,0.9969551774097279,0.9969551774097279,0.9969551774097279,0.0756724775985177,0.0756724775985177,0.0756724775985177,0.0756724775985177,0.0756724775985177,0.11982768117249876,0.11982768117249876,0.11982768117249876,0.11982768117249876,0.11982768117249876,0.02166670017916613,0.02166670017916613,0.02166670017916613,0.02166670017916613,0.02166670017916613,0.10023671099694687,0.10023671099694687,0.10023671099694687,0.10023671099694687,0.10023671099694687,1.0,1.0,1.0,1.0,1.0,0.00046283530053038637,0.00046283530053038637,0.00046283530053038637,0.00046283530053038637,0.00046283530053038637,0.08157801324821885,0.08157801324821885,0.08157801324821885,0.08157801324821885,0.08157801324821885,0.0,0.0,0.0,0.0,0.0,0.1812343693349714,0.1812343693349714,0.1812343693349714,0.1812343693349714,0.1812343693349714
changed_domain_same_physical_operator,direct_topology,6,1,0.99886341446833,0.99886341446833,0.99886341446833,0.99886341446833,0.99886341446833,0.03523984747920157,0.03523984747920157,0.03523984747920157,0.03523984747920157,0.03523984747920157,0.3595512447929483,0.3595512447929483,0.3595512447929483,0.3595512447929483,0.3595512447929483,0.0325324230126919,0.0325324230126919,0.0325324230126919,0.0325324230126919,0.0325324230126919,0.04322835138280563,0.04322835138280563,0.04322835138280563,0.04322835138280563,0.04322835138280563,1.0,1.0,1.0,1.0,1.0,0.0005911058667646703,0.0005911058667646703,0.0005911058667646703,0.0005911058667646703,0.0005911058667646703,0.08157801324821885,0.08157801324821885,0.08157801324821885,0.08157801324821885,0.08157801324821885,0.0,0.0,0.0,0.0,0.0,0.47937892596544707,0.47937892596544707,0.47937892596544707,0.47937892596544707,0.47937892596544707
changed_domain_same_physical_operator,direct_topology,7,1,0.9979828997294141,0.9979828997294141,0.9979828997294141,0.9979828997294141,0.9979828997294141,0.05181536336763626,0.05181536336763626,0.05181536336763626,0.05181536336763626,0.05181536336763626,2.8985844996428884,2.8985844996428884,2.8985844996428884,2.8985844996428884,2.8985844996428884,0.17050269994716225,0.17050269994716225,0.17050269994716225,0.17050269994716225,0.17050269994716225,0.04691703150479338,0.04691703150479338,0.04691703150479338,0.04691703150479338,0.04691703150479338,1.0,1.0,1.0,1.0,1.0,0.0010037416346458823,0.0010037416346458823,0.0010037416346458823,0.0010037416346458823,0.0010037416346458823,0.08157801324821885,0.08157801324821885,0.08157801324821885,0.08157801324821885,0.08157801324821885,0.0,0.0,0.0,0.0,0.0,3.2581357444358368,3.2581357444358368,3.2581357444358368,3.2581357444358368,3.2581357444358368
changed_domain_same_physical_operator,direct_topology,8,1,0.9981679557949966,0.9981679557949966,0.9981679557949966,0.9981679557949966,0.9981679557949966,0.05268219541731195,0.05268219541731195,0.05268219541731195,0.05268219541731195,0.05268219541731195,2.9442326540430557,2.9442326540430557,2.9442326540430557,2.9442326540430557,2.9442326540430557,0.1555774670929653,0.1555774670929653,0.1555774670929653,0.1555774670929653,0.1555774670929653,0.04717791976067376,0.04717791976067376,0.04717791976067376,0.04717791976067376,0.04717791976067376,1.0,1.0,1.0,1.0,1.0,0.0006803139616937742,0.0006803139616937742,0.0006803139616937742,0.0006803139616937742,0.0006803139616937742,0.08157801324821885,0.08157801324821885,0.08157801324821885,0.08157801324821885,0.08157801324821885,0.0,0.0,0.0,0.0,0.0,0.04564815440016723,0.04564815440016723,0.04564815440016723,0.04564815440016723,0.04564815440016723
changed_domain_same_physical_operator,direct_topology,9,1,0.9966474700082415,0.9966474700082415,0.9966474700082415,0.9966474700082415,0.9966474700082415,0.07715783134557422,0.07715783134557422,0.07715783134557422,0.07715783134557422,0.07715783134557422,3.1397202502617603,3.1397202502617603,3.1397202502617603,3.1397202502617603,3.1397202502617603,0.14985335102035127,0.14985335102035127,0.14985335102035127,0.14985335102035127,0.14985335102035127,0.06200557461595514,0.06200557461595514,0.06200557461595514,0.06200557461595514,0.06200557461595514,1.0,1.0,1.0,1.0,1.0,0.00104270110053826,0.00104270110053826,0.00104270110053826,0.00104270110053826,0.00104270110053826,0.08157801324821885,0.08157801324821885,0.08157801324821885,0.08157801324821885,0.08157801324821885,0.0,0.0,0.0,0.0,0.0,0.1954875962187046,0.1954875962187046,0.1954875962187046,0.1954875962187046,0.1954875962187046
changed_domain_same_physical_operator,direct_topology,10,1,0.9916518533417559,0.9916518533417559,0.9916518533417559,0.9916518533417559,0.9916518533417559,0.12466075993004859,0.12466075993004859,0.12466075993004859,0.12466075993004859,0.12466075993004859,2.4890683890200567,2.4890683890200567,2.4890683890200567,2.4890683890200567,2.4890683890200567,0.11456947536366513,0.11456947536366513,0.11456947536366513,0.11456947536366513,0.11456947536366513,0.12950383592618303,0.12950383592618303,0.12950383592618303,0.12950383592618303,0.12950383592618303,1.0,1.0,1.0,1.0,1.0,0.0012883002864503426,0.0012883002864503426,0.0012883002864503426,0.0012883002864503426,0.0012883002864503426,0.08157801324821885,0.08157801324821885,0.08157801324821885,0.08157801324821885,0.08157801324821885,0.0,0.0,0.0,0.0,0.0,0.6506518612417036,0.6506518612417036,0.6506518612417036,0.6506518612417036,0.6506518612417036
changed_domain_same_physical_operator,hybrid,0,1,0.9998946933797856,0.9998946933797856,0.9998946933797856,0.9998946933797856,0.9998946933797856,0.019018047893977482,0.019018047893977482,0.019018047893977482,0.019018047893977482,0.019018047893977482,0.005105192618175547,0.005105192618175547,0.005105192618175547,0.005105192618175547,0.005105192618175547,0.04886846423377605,0.04886846423377605,0.04886846423377605,0.04886846423377605,0.04886846423377605,0.013171811948029886,0.013171811948029886,0.013171811948029886,0.013171811948029886,0.013171811948029886,1.0,1.0,1.0,1.0,1.0,0.0,0.0,0.0,0.0,0.0,0.08157801324821885,0.08157801324821885,0.08157801324821885,0.08157801324821885,0.08157801324821885,0.0,0.0,0.0,0.0,0.0,,,,,
changed_domain_same_physical_operator,hybrid,1,1,0.9978092784400407,0.9978092784400407,0.9978092784400407,0.9978092784400407,0.9978092784400407,0.0605261997616676,0.0605261997616676,0.0605261997616676,0.0605261997616676,0.0605261997616676,0.020017254135054507,0.020017254135054507,0.020017254135054507,0.020017254135054507,0.020017254135054507,0.04222880208572874,0.04222880208572874,0.04222880208572874,0.04222880208572874,0.04222880208572874,0.05800656597129893,0.05800656597129893,0.05800656597129893,0.05800656597129893,0.05800656597129893,1.0,1.0,1.0,1.0,1.0,0.0011213213144604971,0.0011213213144604971,0.0011213213144604971,0.0011213213144604971,0.0011213213144604971,0.08157801324821885,0.08157801324821885,0.08157801324821885,0.08157801324821885,0.08157801324821885,0.0,0.0,0.0,0.0,0.0,0.025122446753230054,0.025122446753230054,0.025122446753230054,0.025122446753230054,0.025122446753230054
changed_domain_same_physical_operator,hybrid,2,1,0.9932783996487138,0.9932783996487138,0.9932783996487138,0.9932783996487138,0.9932783996487138,0.09194611014675344,0.09194611014675344,0.09194611014675344,0.09194611014675344,0.09194611014675344,0.009511891516493343,0.009511891516493343,0.009511891516493343,0.009511891516493343,0.009511891516493343,0.0764886871215175,0.0764886871215175,0.0764886871215175,0.0764886871215175,0.0764886871215175,0.1218745997839952,0.1218745997839952,0.1218745997839952,0.1218745997839952,0.1218745997839952,1.0,1.0,1.0,1.0,1.0,0.001175951756925055,0.001175951756925055,0.001175951756925055,0.001175951756925055,0.001175951756925055,0.08157801324821885,0.08157801324821885,0.08157801324821885,0.08157801324821885,0.08157801324821885,0.0,0.0,0.0,0.0,0.0,0.010505362618561165,0.010505362618561165,0.010505362618561165,0.010505362618561165,0.010505362618561165
changed_domain_same_physical_operator,hybrid,3,1,0.9978822429639376,0.9978822429639376,0.9978822429639376,0.9978822429639376,0.9978822429639376,0.08778702009971837,0.08778702009971837,0.08778702009971837,0.08778702009971837,0.08778702009971837,0.11823414229660445,0.11823414229660445,0.11823414229660445,0.11823414229660445,0.11823414229660445,0.0634298039808381,0.0634298039808381,0.0634298039808381,0.0634298039808381,0.0634298039808381,0.07438438882913609,0.07438438882913609,0.07438438882913609,0.07438438882913609,0.07438438882913609,1.0,1.0,1.0,1.0,1.0,0.000914572441567508,0.000914572441567508,0.000914572441567508,0.000914572441567508,0.000914572441567508,0.08157801324821885,0.08157801324821885,0.08157801324821885,0.08157801324821885,0.08157801324821885,0.0,0.0,0.0,0.0,0.0,0.10872225078011111,0.10872225078011111,0.10872225078011111,0.10872225078011111,0.10872225078011111
changed_domain_same_physical_operator,hybrid,4,1,0.9980204501203754,0.9980204501203754,0.9980204501203754,0.9980204501203754,0.9980204501203754,0.05659784698274205,0.05659784698274205,0.05659784698274205,0.05659784698274205,0.05659784698274205,0.061406688162472634,0.061406688162472634,0.061406688162472634,0.061406688162472634,0.061406688162472634,0.029646034975540046,0.029646034975540046,0.029646034975540046,0.029646034975540046,0.029646034975540046,0.07790321951684605,0.07790321951684605,0.07790321951684605,0.07790321951684605,0.07790321951684605,1.0,1.0,1.0,1.0,1.0,0.0005456181110591041,0.0005456181110591041,0.0005456181110591041,0.0005456181110591041,0.0005456181110591041,0.08157801324821885,0.08157801324821885,0.08157801324821885,0.08157801324821885,0.08157801324821885,0.0,0.0,0.0,0.0,0.0,0.17964083045907708,0.17964083045907708,0.17964083045907708,0.17964083045907708,0.17964083045907708
changed_domain_same_physical_operator,hybrid,5,1,0.9969551774097279,0.9969551774097279,0.9969551774097279,0.9969551774097279,0.9969551774097279,0.0756724775985177,0.0756724775985177,0.0756724775985177,0.0756724775985177,0.0756724775985177,0.11982768117249876,0.11982768117249876,0.11982768117249876,0.11982768117249876,0.11982768117249876,0.02166670017916613,0.02166670017916613,0.02166670017916613,0.02166670017916613,0.02166670017916613,0.10023671099694687,0.10023671099694687,0.10023671099694687,0.10023671099694687,0.10023671099694687,1.0,1.0,1.0,1.0,1.0,0.00046283530053038637,0.00046283530053038637,0.00046283530053038637,0.00046283530053038637,0.00046283530053038637,0.08157801324821885,0.08157801324821885,0.08157801324821885,0.08157801324821885,0.08157801324821885,0.0,0.0,0.0,0.0,0.0,0.1812343693349714,0.1812343693349714,0.1812343693349714,0.1812343693349714,0.1812343693349714
changed_domain_same_physical_operator,hybrid,6,1,0.99886341446833,0.99886341446833,0.99886341446833,0.99886341446833,0.99886341446833,0.03523984747920157,0.03523984747920157,0.03523984747920157,0.03523984747920157,0.03523984747920157,0.3595512447929483,0.3595512447929483,0.3595512447929483,0.3595512447929483,0.3595512447929483,0.0325324230126919,0.0325324230126919,0.0325324230126919,0.0325324230126919,0.0325324230126919,0.04322835138280563,0.04322835138280563,0.04322835138280563,0.04322835138280563,0.04322835138280563,1.0,1.0,1.0,1.0,1.0,0.0005911058667646703,0.0005911058667646703,0.0005911058667646703,0.0005911058667646703,0.0005911058667646703,0.08157801324821885,0.08157801324821885,0.08157801324821885,0.08157801324821885,0.08157801324821885,0.0,0.0,0.0,0.0,0.0,0.47937892596544707,0.47937892596544707,0.47937892596544707,0.47937892596544707,0.47937892596544707
changed_domain_same_physical_operator,hybrid,7,1,0.9979828997294141,0.9979828997294141,0.9979828997294141,0.9979828997294141,0.9979828997294141,0.05181536336763626,0.05181536336763626,0.05181536336763626,0.05181536336763626,0.05181536336763626,2.8985844996428884,2.8985844996428884,2.8985844996428884,2.8985844996428884,2.8985844996428884,0.17050269994716225,0.17050269994716225,0.17050269994716225,0.17050269994716225,0.17050269994716225,0.04691703150479338,0.04691703150479338,0.04691703150479338,0.04691703150479338,0.04691703150479338,1.0,1.0,1.0,1.0,1.0,0.0010037416346458823,0.0010037416346458823,0.0010037416346458823,0.0010037416346458823,0.0010037416346458823,0.08157801324821885,0.08157801324821885,0.08157801324821885,0.08157801324821885,0.08157801324821885,0.0,0.0,0.0,0.0,0.0,3.2581357444358368,3.2581357444358368,3.2581357444358368,3.2581357444358368,3.2581357444358368
changed_domain_same_physical_operator,hybrid,8,1,0.9981679557949966,0.9981679557949966,0.9981679557949966,0.9981679557949966,0.9981679557949966,0.05268219541731195,0.05268219541731195,0.05268219541731195,0.05268219541731195,0.05268219541731195,2.9442326540430557,2.9442326540430557,2.9442326540430557,2.9442326540430557,2.9442326540430557,0.1555774670929653,0.1555774670929653,0.1555774670929653,0.1555774670929653,0.1555774670929653,0.04717791976067376,0.04717791976067376,0.04717791976067376,0.04717791976067376,0.04717791976067376,1.0,1.0,1.0,1.0,1.0,0.0006803139616937742,0.0006803139616937742,0.0006803139616937742,0.0006803139616937742,0.0006803139616937742,0.08157801324821885,0.08157801324821885,0.08157801324821885,0.08157801324821885,0.08157801324821885,0.0,0.0,0.0,0.0,0.0,0.04564815440016723,0.04564815440016723,0.04564815440016723,0.04564815440016723,0.04564815440016723
changed_domain_same_physical_operator,hybrid,9,1,0.9966474700082415,0.9966474700082415,0.9966474700082415,0.9966474700082415,0.9966474700082415,0.07715783134557422,0.07715783134557422,0.07715783134557422,0.07715783134557422,0.07715783134557422,3.1397202502617603,3.1397202502617603,3.1397202502617603,3.1397202502617603,3.1397202502617603,0.14985335102035127,0.14985335102035127,0.14985335102035127,0.14985335102035127,0.14985335102035127,0.06200557461595514,0.06200557461595514,0.06200557461595514,0.06200557461595514,0.06200557461595514,1.0,1.0,1.0,1.0,1.0,0.00104270110053826,0.00104270110053826,0.00104270110053826,0.00104270110053826,0.00104270110053826,0.08157801324821885,0.08157801324821885,0.08157801324821885,0.08157801324821885,0.08157801324821885,0.0,0.0,0.0,0.0,0.0,0.1954875962187046,0.1954875962187046,0.1954875962187046,0.1954875962187046,0.1954875962187046
changed_domain_same_physical_operator,hybrid,10,1,0.9916518533417559,0.9916518533417559,0.9916518533417559,0.9916518533417559,0.9916518533417559,0.12466075993004859,0.12466075993004859,0.12466075993004859,0.12466075993004859,0.12466075993004859,2.4890683890200567,2.4890683890200567,2.4890683890200567,2.4890683890200567,2.4890683890200567,0.11456947536366513,0.11456947536366513,0.11456947536366513,0.11456947536366513,0.11456947536366513,0.12950383592618303,0.12950383592618303,0.12950383592618303,0.12950383592618303,0.12950383592618303,1.0,1.0,1.0,1.0,1.0,0.0012883002864503426,0.0012883002864503426,0.0012883002864503426,0.0012883002864503426,0.0012883002864503426,0.08157801324821885,0.08157801324821885,0.08157801324821885,0.08157801324821885,0.08157801324821885,0.0,0.0,0.0,0.0,0.0,0.6506518612417036,0.6506518612417036,0.6506518612417036,0.6506518612417036,0.6506518612417036
changed_domain_same_physical_operator,initial_ritz,0,1,0.9999965790045019,0.9999965790045019,0.9999965790045019,0.9999965790045019,0.9999965790045019,0.007877154393780245,0.007877154393780245,0.007877154393780245,0.007877154393780245,0.007877154393780245,2.7830557628671926e-05,2.7830557628671926e-05,2.7830557628671926e-05,2.7830557628671926e-05,2.7830557628671926e-05,0.03862264572614921,0.03862264572614921,0.03862264572614921,0.03862264572614921,0.03862264572614921,0.002132472761560839,0.002132472761560839,0.002132472761560839,0.002132472761560839,0.002132472761560839,1.0,1.0,1.0,1.0,1.0,,,,,,1.535332833091374e-06,1.535332833091374e-06,1.535332833091374e-06,1.535332833091374e-06,1.535332833091374e-06,0.0,0.0,0.0,0.0,0.0,,,,,
changed_domain_same_physical_operator,initial_ritz,1,1,0.9999522436807513,0.9999522436807513,0.9999522436807513,0.9999522436807513,0.9999522436807513,0.01940854288288742,0.01940854288288742,0.01940854288288742,0.01940854288288742,0.01940854288288742,0.00011645533744708558,0.00011645533744708558,0.00011645533744708558,0.00011645533744708558,0.00011645533744708558,0.027387831121941743,0.027387831121941743,0.027387831121941743,0.027387831121941743,0.027387831121941743,0.009476052133219438,0.009476052133219438,0.009476052133219438,0.009476052133219438,0.009476052133219438,1.0,1.0,1.0,1.0,1.0,2.1049970094061563e-05,2.1049970094061563e-05,2.1049970094061563e-05,2.1049970094061563e-05,2.1049970094061563e-05,1.535332833091374e-06,1.535332833091374e-06,1.535332833091374e-06,1.535332833091374e-06,1.535332833091374e-06,0.0,0.0,0.0,0.0,0.0,0.0001442858950757575,0.0001442858950757575,0.0001442858950757575,0.0001442858950757575,0.0001442858950757575
changed_domain_same_physical_operator,initial_ritz,2,1,0.9996066082887027,0.9996066082887027,0.9996066082887027,0.9996066082887027,0.9996066082887027,0.05880442537032084,0.05880442537032084,0.05880442537032084,0.05880442537032084,0.05880442537032084,0.004256192358778499,0.004256192358778499,0.004256192358778499,0.004256192358778499,0.004256192358778499,0.06619380921473733,0.06619380921473733,0.06619380921473733,0.06619380921473733,0.06619380921473733,0.0296394204097568,0.0296394204097568,0.0296394204097568,0.0296394204097568,0.0296394204097568,1.0,1.0,1.0,1.0,1.0,0.0007600614502009156,0.0007600614502009156,0.0007600614502009156,0.0007600614502009156,0.0007600614502009156,1.535332833091374e-06,1.535332833091374e-06,1.535332833091374e-06,1.535332833091374e-06,1.535332833091374e-06,0.0,0.0,0.0,0.0,0.0,0.004139737021331413,0.004139737021331413,0.004139737021331413,0.004139737021331413,0.004139737021331413
changed_domain_same_physical_operator,initial_ritz,3,1,0.9994569460227574,0.9994569460227574,0.9994569460227574,0.9994569460227574,0.9994569460227574,0.060286278494473745,0.060286278494473745,0.060286278494473745,0.060286278494473745,0.060286278494473745,0.005230888359836872,0.005230888359836872,0.005230888359836872,0.005230888359836872,0.005230888359836872,0.05855426457011069,0.05855426457011069,0.05855426457011069,0.05855426457011069,0.05855426457011069,0.031229565151694245,0.031229565151694245,0.031229565151694245,0.031229565151694245,0.031229565151694245,0.0,0.0,0.0,0.0,0.0,,,,,,1.535332833091374e-06,1.535332833091374e-06,1.535332833091374e-06,1.535332833091374e-06,1.535332833091374e-06,0.0,0.0,0.0,0.0,0.0,0.0009746960010583727,0.0009746960010583727,0.0009746960010583727,0.0009746960010583727,0.0009746960010583727
changed_domain_same_physical_operator,initial_ritz,4,1,0.9999036548807659,0.9999036548807659,0.9999036548807659,0.9999036548807659,0.9999036548807659,0.026933228275117443,0.026933228275117443,0.026933228275117443,0.026933228275117443,0.026933228275117443,0.001552180716183571,0.001552180716183571,0.001552180716183571,0.001552180716183571,0.001552180716183571,0.026198810653503143,0.026198810653503143,0.026198810653503143,0.026198810653503143,0.026198810653503143,0.01358513245806626,0.01358513245806626,0.01358513245806626,0.01358513245806626,0.01358513245806626,1.0,1.0,1.0,1.0,1.0,,,,,,1.535332833091374e-06,1.535332833091374e-06,1.535332833091374e-06,1.535332833091374e-06,1.535332833091374e-06,0.0,0.0,0.0,0.0,0.0,0.006783069076020443,0.006783069076020443,0.006783069076020443,0.006783069076020443,0.006783069076020443
changed_domain_same_physical_operator,initial_ritz,5,1,0.9997558395908241,0.9997558395908241,0.9997558395908241,0.9997558395908241,0.9997558395908241,0.02767552594036913,0.02767552594036913,0.02767552594036913,0.02767552594036913,0.02767552594036913,0.00277621210753054,0.00277621210753054,0.00277621210753054,0.00277621210753054,0.00277621210753054,0.014540120175857327,0.014540120175857327,0.014540120175857327,0.014540120175857327,0.014540120175857327,0.022804199579435157,0.022804199579435157,0.022804199579435157,0.022804199579435157,0.022804199579435157,1.0,1.0,1.0,1.0,1.0,0.00016126867306859942,0.00016126867306859942,0.00016126867306859942,0.00016126867306859942,0.00016126867306859942,1.535332833091374e-06,1.535332833091374e-06,1.535332833091374e-06,1.535332833091374e-06,1.535332833091374e-06,0.0,0.0,0.0,0.0,0.0,0.0012240313913469691,0.0012240313913469691,0.0012240313913469691,0.0012240313913469691,0.0012240313913469691
changed_domain_same_physical_operator,initial_ritz,6,1,0.9999386122371123,0.9999386122371123,0.9999386122371123,0.9999386122371123,0.9999386122371123,0.014252227851944828,0.014252227851944828,0.014252227851944828,0.014252227851944828,0.014252227851944828,0.00621872526169831,0.00621872526169831,0.00621872526169831,0.00621872526169831,0.00621872526169831,0.009730625307784091,0.009730625307784091,0.009730625307784091,0.009730625307784091,0.009730625307784091,0.011059133454074947,0.011059133454074947,0.011059133454074947,0.011059133454074947,0.011059133454074947,1.0,1.0,1.0,1.0,1.0,0.0001308402263978153,0.0001308402263978153,0.0001308402263978153,0.0001308402263978153,0.0001308402263978153,1.535332833091374e-06,1.535332833091374e-06,1.535332833091374e-06,1.535332833091374e-06,1.535332833091374e-06,0.0,0.0,0.0,0.0,0.0,0.00344251315416777,0.00344251315416777,0.00344251315416777,0.00344251315416777,0.00344251315416777
changed_domain_same_physical_operator,initial_ritz,7,1,0.9995055386482463,0.9995055386482463,0.9995055386482463,0.9995055386482463,0.9995055386482463,0.02969532924034221,0.02969532924034221,0.02969532924034221,0.02969532924034221,0.02969532924034221,0.006080493643244367,0.006080493643244367,0.006080493643244367,0.006080493643244367,0.006080493643244367,0.015843248456053977,0.015843248456053977,0.015843248456053977,0.015843248456053977,0.015843248456053977,0.031482430729558,0.031482430729558,0.031482430729558,0.031482430729558,0.031482430729558,1.0,1.0,1.0,1.0,1.0,0.00022195734965947287,0.00022195734965947287,0.00022195734965947287,0.00022195734965947287,0.00022195734965947287,1.535332833091374e-06,1.535332833091374e-06,1.535332833091374e-06,1.535332833091374e-06,1.535332833091374e-06,0.0,0.0,0.0,0.0,0.0,0.00013823161845394338,0.00013823161845394338,0.00013823161845394338,0.00013823161845394338,0.00013823161845394338
changed_domain_same_physical_operator,initial_ritz,8,1,0.9989298997791562,0.9989298997791562,0.9989298997791562,0.9989298997791562,0.9989298997791562,0.04466561758262543,0.04466561758262543,0.04466561758262543,0.04466561758262543,0.04466561758262543,0.004467297128819325,0.004467297128819325,0.004467297128819325,0.004467297128819325,0.004467297128819325,0.01870523437288504,0.01870523437288504,0.01870523437288504,0.01870523437288504,0.01870523437288504,0.049456957965812,0.049456957965812,0.049456957965812,0.049456957965812,0.049456957965812,1.0,1.0,1.0,1.0,1.0,0.00022811535466438093,0.00022811535466438093,0.00022811535466438093,0.00022811535466438093,0.00022811535466438093,1.535332833091374e-06,1.535332833091374e-06,1.535332833091374e-06,1.535332833091374e-06,1.535332833091374e-06,0.0,0.0,0.0,0.0,0.0,0.0016131965144250415,0.0016131965144250415,0.0016131965144250415,0.0016131965144250415,0.0016131965144250415
changed_domain_same_physical_operator,initial_ritz,9,1,0.9974981779691693,0.9974981779691693,0.9974981779691693,0.9974981779691693,0.9974981779691693,0.07282433173674743,0.07282433173674743,0.07282433173674743,0.07282433173674743,0.07282433173674743,0.0014426220526928546,0.0014426220526928546,0.0014426220526928546,0.0014426220526928546,0.0014426220526928546,0.02379376497151184,0.02379376497151184,0.02379376497151184,0.02379376497151184,0.02379376497151184,0.07729230925221939,0.07729230925221939,0.07729230925221939,0.07729230925221939,0.07729230925221939,1.0,1.0,1.0,1.0,1.0,0.0006791137053302469,0.0006791137053302469,0.0006791137053302469,0.0006791137053302469,0.0006791137053302469,1.535332833091374e-06,1.535332833091374e-06,1.535332833091374e-06,1.535332833091374e-06,1.535332833091374e-06,0.0,0.0,0.0,0.0,0.0,0.0030246750761264707,0.0030246750761264707,0.0030246750761264707,0.0030246750761264707,0.0030246750761264707
changed_domain_same_physical_operator,initial_ritz,10,1,0.9925911851871971,0.9925911851871971,0.9925911851871971,0.9925911851871971,0.9925911851871971,0.12228120179727725,0.12228120179727725,0.12228120179727725,0.12228120179727725,0.12228120179727725,0.02050912388333792,0.02050912388333792,0.02050912388333792,0.02050912388333792,0.02050912388333792,0.03591524813901432,0.03591524813901432,0.03591524813901432,0.03591524813901432,0.03591524813901432,0.1327033882583335,0.1327033882583335,0.1327033882583335,0.1327033882583335,0.1327033882583335,1.0,1.0,1.0,1.0,1.0,0.0010954022699274616,0.0010954022699274616,0.0010954022699274616,0.0010954022699274616,0.0010954022699274616,1.535332833091374e-06,1.535332833091374e-06,1.535332833091374e-06,1.535332833091374e-06,1.535332833091374e-06,0.0,0.0,0.0,0.0,0.0,0.021951745936030775,0.021951745936030775,0.021951745936030775,0.021951745936030775,0.021951745936030775
constant_potential_shift,direct_topology,0,1,0.9999284358729349,0.9999284358729349,0.9999284358729349,0.9999284358729349,0.9999284358729349,0.02398974218925289,0.02398974218925289,0.02398974218925289,0.02398974218925289,0.02398974218925289,0.029681389661638136,0.029681389661638136,0.029681389661638136,0.029681389661638136,0.029681389661638136,0.0321481145744025,0.0321481145744025,0.0321481145744025,0.0321481145744025,0.0321481145744025,0.010238023933429456,0.010238023933429456,0.010238023933429456,0.010238023933429456,0.010238023933429456,1.0,1.0,1.0,1.0,1.0,0.0,0.0,0.0,0.0,0.0,0.09141815391724367,0.09141815391724367,0.09141815391724367,0.09141815391724367,0.09141815391724367,0.0,0.0,0.0,0.0,0.0,,,,,
constant_potential_shift,direct_topology,1,1,0.9967531601353372,0.9967531601353372,0.9967531601353372,0.9967531601353372,0.9967531601353372,0.08049378003643905,0.08049378003643905,0.08049378003643905,0.08049378003643905,0.08049378003643905,0.0028202735771438725,0.0028202735771438725,0.0028202735771438725,0.0028202735771438725,0.0028202735771438725,0.7122821696509064,0.7122821696509064,0.7122821696509064,0.7122821696509064,0.7122821696509064,0.0659488484087059,0.0659488484087059,0.0659488484087059,0.0659488484087059,0.0659488484087059,1.0,1.0,1.0,1.0,1.0,0.0020787924119341234,0.0020787924119341234,0.0020787924119341234,0.0020787924119341234,0.0020787924119341234,0.09141815391724367,0.09141815391724367,0.09141815391724367,0.09141815391724367,0.09141815391724367,0.0,0.0,0.0,0.0,0.0,0.026861116084494263,0.026861116084494263,0.026861116084494263,0.026861116084494263,0.026861116084494263
constant_potential_shift,direct_topology,2,1,0.998027771928579,0.998027771928579,0.998027771928579,0.998027771928579,0.998027771928579,0.06983675740196722,0.06983675740196722,0.06983675740196722,0.06983675740196722,0.06983675740196722,0.03981829033100226,0.03981829033100226,0.03981829033100226,0.03981829033100226,0.03981829033100226,0.09001165182961551,0.09001165182961551,0.09001165182961551,0.09001165182961551,0.09001165182961551,0.05625251935581225,0.05625251935581225,0.05625251935581225,0.05625251935581225,0.05625251935581225,1.0,1.0,1.0,1.0,1.0,0.0007314908061792849,0.0007314908061792849,0.0007314908061792849,0.0007314908061792849,0.0007314908061792849,0.09141815391724367,0.09141815391724367,0.09141815391724367,0.09141815391724367,0.09141815391724367,0.0,0.0,0.0,0.0,0.0,0.03699801675385839,0.03699801675385839,0.03699801675385839,0.03699801675385839,0.03699801675385839
constant_potential_shift,direct_topology,3,1,0.9968096560565434,0.9968096560565434,0.9968096560565434,0.9968096560565434,0.9968096560565434,0.11336267111234279,0.11336267111234279,0.11336267111234279,0.11336267111234279,0.11336267111234279,0.20661895415988685,0.20661895415988685,0.20661895415988685,0.20661895415988685,0.20661895415988685,0.05635735564332452,0.05635735564332452,0.05635735564332452,0.05635735564332452,0.05635735564332452,0.07072612729161254,0.07072612729161254,0.07072612729161254,0.07072612729161254,0.07072612729161254,1.0,1.0,1.0,1.0,1.0,0.0016686208524041338,0.0016686208524041338,0.0016686208524041338,0.0016686208524041338,0.0016686208524041338,0.09141815391724367,0.09141815391724367,0.09141815391724367,0.09141815391724367,0.09141815391724367,0.0,0.0,0.0,0.0,0.0,0.2464372444908891,0.2464372444908891,0.2464372444908891,0.2464372444908891,0.2464372444908891
constant_potential_shift,direct_topology,4,1,0.9727280952324477,0.9727280952324477,0.9727280952324477,0.9727280952324477,0.9727280952324477,0.18250684182083898,0.18250684182083898,0.18250684182083898,0.18250684182083898,0.18250684182083898,0.1510890959706872,0.1510890959706872,0.1510890959706872,0.1510890959706872,0.1510890959706872,0.03953402793915451,0.03953402793915451,0.03953402793915451,0.03953402793915451,0.03953402793915451,0.2749995222855725,0.2749995222855725,0.2749995222855725,0.2749995222855725,0.2749995222855725,1.0,1.0,1.0,1.0,1.0,0.0029242744397039726,0.0029242744397039726,0.0029242744397039726,0.0029242744397039726,0.0029242744397039726,0.09141815391724367,0.09141815391724367,0.09141815391724367,0.09141815391724367,0.09141815391724367,0.0,0.0,0.0,0.0,0.0,0.05552985818919964,0.05552985818919964,0.05552985818919964,0.05552985818919964,0.05552985818919964
constant_potential_shift,direct_topology,5,1,0.9945431553582728,0.9945431553582728,0.9945431553582728,0.9945431553582728,0.9945431553582728,0.09303657730174836,0.09303657730174836,0.09303657730174836,0.09303657730174836,0.09303657730174836,0.09893328468372342,0.09893328468372342,0.09893328468372342,0.09893328468372342,0.09893328468372342,0.028511119647860822,0.028511119647860822,0.028511119647860822,0.028511119647860822,0.028511119647860822,0.1052526898393899,0.1052526898393899,0.1052526898393899,0.1052526898393899,0.1052526898393899,1.0,1.0,1.0,1.0,1.0,0.0012116686360210572,0.0012116686360210572,0.0012116686360210572,0.0012116686360210572,0.0012116686360210572,0.09141815391724367,0.09141815391724367,0.09141815391724367,0.09141815391724367,0.09141815391724367,0.0,0.0,0.0,0.0,0.0,0.05215581128696378,0.05215581128696378,0.05215581128696378,0.05215581128696378,0.05215581128696378
constant_potential_shift,direct_topology,6,1,0.9957493395427598,0.9957493395427598,0.9957493395427598,0.9957493395427598,0.9957493395427598,0.08296288643473704,0.08296288643473704,0.08296288643473704,0.08296288643473704,0.08296288643473704,0.12467436675415566,0.12467436675415566,0.12467436675415566,0.12467436675415566,0.12467436675415566,0.03835608648973368,0.03835608648973368,0.03835608648973368,0.03835608648973368,0.03835608648973368,0.10890518802224906,0.10890518802224906,0.10890518802224906,0.10890518802224906,0.10890518802224906,1.0,1.0,1.0,1.0,1.0,0.0008898052175966059,0.0008898052175966059,0.0008898052175966059,0.0008898052175966059,0.0008898052175966059,0.09141815391724367,0.09141815391724367,0.09141815391724367,0.09141815391724367,0.09141815391724367,0.0,0.0,0.0,0.0,0.0,0.025741082070432242,0.025741082070432242,0.025741082070432242,0.025741082070432242,0.025741082070432242
constant_potential_shift,direct_topology,7,1,0.996582656057661,0.996582656057661,0.996582656057661,0.996582656057661,0.996582656057661,0.06307499292960414,0.06307499292960414,0.06307499292960414,0.06307499292960414,0.06307499292960414,0.15897650432291854,0.15897650432291854,0.15897650432291854,0.15897650432291854,0.15897650432291854,0.03908183705202251,0.03908183705202251,0.03908183705202251,0.03908183705202251,0.03908183705202251,0.09442191609075631,0.09442191609075631,0.09442191609075631,0.09442191609075631,0.09442191609075631,1.0,1.0,1.0,1.0,1.0,0.0007281897701334852,0.0007281897701334852,0.0007281897701334852,0.0007281897701334852,0.0007281897701334852,0.09141815391724367,0.09141815391724367,0.09141815391724367,0.09141815391724367,0.09141815391724367,0.0,0.0,0.0,0.0,0.0,0.03430213756876288,0.03430213756876288,0.03430213756876288,0.03430213756876288,0.03430213756876288
constant_potential_shift,direct_topology,8,1,0.9973446824404084,0.9973446824404084,0.9973446824404084,0.9973446824404084,0.9973446824404084,0.06806789370600763,0.06806789370600763,0.06806789370600763,0.06806789370600763,0.06806789370600763,0.09421272338157305,0.09421272338157305,0.09421272338157305,0.09421272338157305,0.09421272338157305,0.03742953325938484,0.03742953325938484,0.03742953325938484,0.03742953325938484,0.03742953325938484,0.05428158984043602,0.05428158984043602,0.05428158984043602,0.05428158984043602,0.05428158984043602,1.0,1.0,1.0,1.0,1.0,0.0011516067269009267,0.0011516067269009267,0.0011516067269009267,0.0011516067269009267,0.0011516067269009267,0.09141815391724367,0.09141815391724367,0.09141815391724367,0.09141815391724367,0.09141815391724367,0.0,0.0,0.0,0.0,0.0,0.0647637809413455,0.0647637809413455,0.0647637809413455,0.0647637809413455,0.0647637809413455
constant_potential_shift,direct_topology,9,1,0.9858402239793246,0.9858402239793246,0.9858402239793246,0.9858402239793246,0.9858402239793246,0.11538200334816454,0.11538200334816454,0.11538200334816454,0.11538200334816454,0.11538200334816454,0.18255815615970494,0.18255815615970494,0.18255815615970494,0.18255815615970494,0.18255815615970494,0.046828886050386445,0.046828886050386445,0.046828886050386445,0.046828886050386445,0.046828886050386445,0.11893474057260539,0.11893474057260539,0.11893474057260539,0.11893474057260539,0.11893474057260539,1.0,1.0,1.0,1.0,1.0,0.002175067103733079,0.002175067103733079,0.002175067103733079,0.002175067103733079,0.002175067103733079,0.09141815391724367,0.09141815391724367,0.09141815391724367,0.09141815391724367,0.09141815391724367,0.0,0.0,0.0,0.0,0.0,0.0883454327781319,0.0883454327781319,0.0883454327781319,0.0883454327781319,0.0883454327781319
constant_potential_shift,direct_topology,10,1,0.9956044054156454,0.9956044054156454,0.9956044054156454,0.9956044054156454,0.9956044054156454,0.09282270446352485,0.09282270446352485,0.09282270446352485,0.09282270446352485,0.09282270446352485,0.03407983351936128,0.03407983351936128,0.03407983351936128,0.03407983351936128,0.03407983351936128,0.044835758052151696,0.044835758052151696,0.044835758052151696,0.044835758052151696,0.044835758052151696,0.08439091058075107,0.08439091058075107,0.08439091058075107,0.08439091058075107,0.08439091058075107,1.0,1.0,1.0,1.0,1.0,0.0012533259301221215,0.0012533259301221215,0.0012533259301221215,0.0012533259301221215,0.0012533259301221215,0.09141815391724367,0.09141815391724367,0.09141815391724367,0.09141815391724367,0.09141815391724367,0.0,0.0,0.0,0.0,0.0,0.14847832264034366,0.14847832264034366,0.14847832264034366,0.14847832264034366,0.14847832264034366
constant_potential_shift,hybrid,0,1,0.9999284358729349,0.9999284358729349,0.9999284358729349,0.9999284358729349,0.9999284358729349,0.02398974218925289,0.02398974218925289,0.02398974218925289,0.02398974218925289,0.02398974218925289,0.029681389661638136,0.029681389661638136,0.029681389661638136,0.029681389661638136,0.029681389661638136,0.0321481145744025,0.0321481145744025,0.0321481145744025,0.0321481145744025,0.0321481145744025,0.010238023933429456,0.010238023933429456,0.010238023933429456,0.010238023933429456,0.010238023933429456,1.0,1.0,1.0,1.0,1.0,0.0,0.0,0.0,0.0,0.0,0.09141815391724367,0.09141815391724367,0.09141815391724367,0.09141815391724367,0.09141815391724367,0.0,0.0,0.0,0.0,0.0,,,,,
constant_potential_shift,hybrid,1,1,0.9967531601353372,0.9967531601353372,0.9967531601353372,0.9967531601353372,0.9967531601353372,0.08049378003643905,0.08049378003643905,0.08049378003643905,0.08049378003643905,0.08049378003643905,0.0028202735771438725,0.0028202735771438725,0.0028202735771438725,0.0028202735771438725,0.0028202735771438725,0.7122821696509064,0.7122821696509064,0.7122821696509064,0.7122821696509064,0.7122821696509064,0.0659488484087059,0.0659488484087059,0.0659488484087059,0.0659488484087059,0.0659488484087059,1.0,1.0,1.0,1.0,1.0,0.0020787924119341234,0.0020787924119341234,0.0020787924119341234,0.0020787924119341234,0.0020787924119341234,0.09141815391724367,0.09141815391724367,0.09141815391724367,0.09141815391724367,0.09141815391724367,0.0,0.0,0.0,0.0,0.0,0.026861116084494263,0.026861116084494263,0.026861116084494263,0.026861116084494263,0.026861116084494263
constant_potential_shift,hybrid,2,1,0.998027771928579,0.998027771928579,0.998027771928579,0.998027771928579,0.998027771928579,0.06983675740196722,0.06983675740196722,0.06983675740196722,0.06983675740196722,0.06983675740196722,0.03981829033100226,0.03981829033100226,0.03981829033100226,0.03981829033100226,0.03981829033100226,0.09001165182961551,0.09001165182961551,0.09001165182961551,0.09001165182961551,0.09001165182961551,0.05625251935581225,0.05625251935581225,0.05625251935581225,0.05625251935581225,0.05625251935581225,1.0,1.0,1.0,1.0,1.0,0.0007314908061792849,0.0007314908061792849,0.0007314908061792849,0.0007314908061792849,0.0007314908061792849,0.09141815391724367,0.09141815391724367,0.09141815391724367,0.09141815391724367,0.09141815391724367,0.0,0.0,0.0,0.0,0.0,0.03699801675385839,0.03699801675385839,0.03699801675385839,0.03699801675385839,0.03699801675385839
constant_potential_shift,hybrid,3,1,0.9968096560565434,0.9968096560565434,0.9968096560565434,0.9968096560565434,0.9968096560565434,0.11336267111234279,0.11336267111234279,0.11336267111234279,0.11336267111234279,0.11336267111234279,0.20661895415988685,0.20661895415988685,0.20661895415988685,0.20661895415988685,0.20661895415988685,0.05635735564332452,0.05635735564332452,0.05635735564332452,0.05635735564332452,0.05635735564332452,0.07072612729161254,0.07072612729161254,0.07072612729161254,0.07072612729161254,0.07072612729161254,1.0,1.0,1.0,1.0,1.0,0.0016686208524041338,0.0016686208524041338,0.0016686208524041338,0.0016686208524041338,0.0016686208524041338,0.09141815391724367,0.09141815391724367,0.09141815391724367,0.09141815391724367,0.09141815391724367,0.0,0.0,0.0,0.0,0.0,0.2464372444908891,0.2464372444908891,0.2464372444908891,0.2464372444908891,0.2464372444908891
constant_potential_shift,hybrid,4,1,0.9727280952324477,0.9727280952324477,0.9727280952324477,0.9727280952324477,0.9727280952324477,0.18250684182083898,0.18250684182083898,0.18250684182083898,0.18250684182083898,0.18250684182083898,0.1510890959706872,0.1510890959706872,0.1510890959706872,0.1510890959706872,0.1510890959706872,0.03953402793915451,0.03953402793915451,0.03953402793915451,0.03953402793915451,0.03953402793915451,0.2749995222855725,0.2749995222855725,0.2749995222855725,0.2749995222855725,0.2749995222855725,1.0,1.0,1.0,1.0,1.0,0.0029242744397039726,0.0029242744397039726,0.0029242744397039726,0.0029242744397039726,0.0029242744397039726,0.09141815391724367,0.09141815391724367,0.09141815391724367,0.09141815391724367,0.09141815391724367,0.0,0.0,0.0,0.0,0.0,0.05552985818919964,0.05552985818919964,0.05552985818919964,0.05552985818919964,0.05552985818919964
constant_potential_shift,hybrid,5,1,0.9945431553582728,0.9945431553582728,0.9945431553582728,0.9945431553582728,0.9945431553582728,0.09303657730174836,0.09303657730174836,0.09303657730174836,0.09303657730174836,0.09303657730174836,0.09893328468372342,0.09893328468372342,0.09893328468372342,0.09893328468372342,0.09893328468372342,0.028511119647860822,0.028511119647860822,0.028511119647860822,0.028511119647860822,0.028511119647860822,0.1052526898393899,0.1052526898393899,0.1052526898393899,0.1052526898393899,0.1052526898393899,1.0,1.0,1.0,1.0,1.0,0.0012116686360210572,0.0012116686360210572,0.0012116686360210572,0.0012116686360210572,0.0012116686360210572,0.09141815391724367,0.09141815391724367,0.09141815391724367,0.09141815391724367,0.09141815391724367,0.0,0.0,0.0,0.0,0.0,0.05215581128696378,0.05215581128696378,0.05215581128696378,0.05215581128696378,0.05215581128696378
constant_potential_shift,hybrid,6,1,0.9957493395427598,0.9957493395427598,0.9957493395427598,0.9957493395427598,0.9957493395427598,0.08296288643473704,0.08296288643473704,0.08296288643473704,0.08296288643473704,0.08296288643473704,0.12467436675415566,0.12467436675415566,0.12467436675415566,0.12467436675415566,0.12467436675415566,0.03835608648973368,0.03835608648973368,0.03835608648973368,0.03835608648973368,0.03835608648973368,0.10890518802224906,0.10890518802224906,0.10890518802224906,0.10890518802224906,0.10890518802224906,1.0,1.0,1.0,1.0,1.0,0.0008898052175966059,0.0008898052175966059,0.0008898052175966059,0.0008898052175966059,0.0008898052175966059,0.09141815391724367,0.09141815391724367,0.09141815391724367,0.09141815391724367,0.09141815391724367,0.0,0.0,0.0,0.0,0.0,0.025741082070432242,0.025741082070432242,0.025741082070432242,0.025741082070432242,0.025741082070432242
constant_potential_shift,hybrid,7,1,0.996582656057661,0.996582656057661,0.996582656057661,0.996582656057661,0.996582656057661,0.06307499292960414,0.06307499292960414,0.06307499292960414,0.06307499292960414,0.06307499292960414,0.15897650432291854,0.15897650432291854,0.15897650432291854,0.15897650432291854,0.15897650432291854,0.03908183705202251,0.03908183705202251,0.03908183705202251,0.03908183705202251,0.03908183705202251,0.09442191609075631,0.09442191609075631,0.09442191609075631,0.09442191609075631,0.09442191609075631,1.0,1.0,1.0,1.0,1.0,0.0007281897701334852,0.0007281897701334852,0.0007281897701334852,0.0007281897701334852,0.0007281897701334852,0.09141815391724367,0.09141815391724367,0.09141815391724367,0.09141815391724367,0.09141815391724367,0.0,0.0,0.0,0.0,0.0,0.03430213756876288,0.03430213756876288,0.03430213756876288,0.03430213756876288,0.03430213756876288
constant_potential_shift,hybrid,8,1,0.9973446824404084,0.9973446824404084,0.9973446824404084,0.9973446824404084,0.9973446824404084,0.06806789370600763,0.06806789370600763,0.06806789370600763,0.06806789370600763,0.06806789370600763,0.09421272338157305,0.09421272338157305,0.09421272338157305,0.09421272338157305,0.09421272338157305,0.03742953325938484,0.03742953325938484,0.03742953325938484,0.03742953325938484,0.03742953325938484,0.05428158984043602,0.05428158984043602,0.05428158984043602,0.05428158984043602,0.05428158984043602,1.0,1.0,1.0,1.0,1.0,0.0011516067269009267,0.0011516067269009267,0.0011516067269009267,0.0011516067269009267,0.0011516067269009267,0.09141815391724367,0.09141815391724367,0.09141815391724367,0.09141815391724367,0.09141815391724367,0.0,0.0,0.0,0.0,0.0,0.0647637809413455,0.0647637809413455,0.0647637809413455,0.0647637809413455,0.0647637809413455
constant_potential_shift,hybrid,9,1,0.9858402239793246,0.9858402239793246,0.9858402239793246,0.9858402239793246,0.9858402239793246,0.11538200334816454,0.11538200334816454,0.11538200334816454,0.11538200334816454,0.11538200334816454,0.18255815615970494,0.18255815615970494,0.18255815615970494,0.18255815615970494,0.18255815615970494,0.046828886050386445,0.046828886050386445,0.046828886050386445,0.046828886050386445,0.046828886050386445,0.11893474057260539,0.11893474057260539,0.11893474057260539,0.11893474057260539,0.11893474057260539,1.0,1.0,1.0,1.0,1.0,0.002175067103733079,0.002175067103733079,0.002175067103733079,0.002175067103733079,0.002175067103733079,0.09141815391724367,0.09141815391724367,0.09141815391724367,0.09141815391724367,0.09141815391724367,0.0,0.0,0.0,0.0,0.0,0.0883454327781319,0.0883454327781319,0.0883454327781319,0.0883454327781319,0.0883454327781319
constant_potential_shift,hybrid,10,1,0.9956044054156454,0.9956044054156454,0.9956044054156454,0.9956044054156454,0.9956044054156454,0.09282270446352485,0.09282270446352485,0.09282270446352485,0.09282270446352485,0.09282270446352485,0.03407983351936128,0.03407983351936128,0.03407983351936128,0.03407983351936128,0.03407983351936128,0.044835758052151696,0.044835758052151696,0.044835758052151696,0.044835758052151696,0.044835758052151696,0.08439091058075107,0.08439091058075107,0.08439091058075107,0.08439091058075107,0.08439091058075107,1.0,1.0,1.0,1.0,1.0,0.0012533259301221215,0.0012533259301221215,0.0012533259301221215,0.0012533259301221215,0.0012533259301221215,0.09141815391724367,0.09141815391724367,0.09141815391724367,0.09141815391724367,0.09141815391724367,0.0,0.0,0.0,0.0,0.0,0.14847832264034366,0.14847832264034366,0.14847832264034366,0.14847832264034366,0.14847832264034366
constant_potential_shift,initial_ritz,0,1,0.9999788988190207,0.9999788988190207,0.9999788988190207,0.9999788988190207,0.9999788988190207,0.021926706075666554,0.021926706075666554,0.021926706075666554,0.021926706075666554,0.021926706075666554,0.0002954551259595206,0.0002954551259595206,0.0002954551259595206,0.0002954551259595206,0.0002954551259595206,0.030457790680297574,0.030457790680297574,0.030457790680297574,0.030457790680297574,0.030457790680297574,0.007028268744242615,0.007028268744242615,0.007028268744242615,0.007028268744242615,0.007028268744242615,1.0,1.0,1.0,1.0,1.0,,,,,,1.2491407307413382e-06,1.2491407307413382e-06,1.2491407307413382e-06,1.2491407307413382e-06,1.2491407307413382e-06,0.0,0.0,0.0,0.0,0.0,,,,,
constant_potential_shift,initial_ritz,1,1,0.9998072069192312,0.9998072069192312,0.9998072069192312,0.9998072069192312,0.9998072069192312,0.03424134616257939,0.03424134616257939,0.03424134616257939,0.03424134616257939,0.03424134616257939,0.0008961952338912837,0.0008961952338912837,0.0008961952338912837,0.0008961952338912837,0.0008961952338912837,0.6757765811030495,0.6757765811030495,0.6757765811030495,0.6757765811030495,0.6757765811030495,0.015139996369382005,0.015139996369382005,0.015139996369382005,0.015139996369382005,0.015139996369382005,1.0,1.0,1.0,1.0,1.0,,,,,,1.2491407307413382e-06,1.2491407307413382e-06,1.2491407307413382e-06,1.2491407307413382e-06,1.2491407307413382e-06,0.0,0.0,0.0,0.0,0.0,0.0006007401079317631,0.0006007401079317631,0.0006007401079317631,0.0006007401079317631,0.0006007401079317631
constant_potential_shift,initial_ritz,2,1,0.9993128650643767,0.9993128650643767,0.9993128650643767,0.9993128650643767,0.9993128650643767,0.05868241798670789,0.05868241798670789,0.05868241798670789,0.05868241798670789,0.05868241798670789,0.00038063869678595097,0.00038063869678595097,0.00038063869678595097,0.00038063869678595097,0.00038063869678595097,0.08646686793708183,0.08646686793708183,0.08646686793708183,0.08646686793708183,0.08646686793708183,0.038741102397946224,0.038741102397946224,0.038741102397946224,0.038741102397946224,0.038741102397946224,1.0,1.0,1.0,1.0,1.0,,,,,,1.2491407307413382e-06,1.2491407307413382e-06,1.2491407307413382e-06,1.2491407307413382e-06,1.2491407307413382e-06,0.0,0.0,0.0,0.0,0.0,0.0012768339306772347,0.0012768339306772347,0.0012768339306772347,0.0012768339306772347,0.0012768339306772347
constant_potential_shift,initial_ritz,3,1,0.9995003688919529,0.9995003688919529,0.9995003688919529,0.9995003688919529,0.9995003688919529,0.07368078798311628,0.07368078798311628,0.07368078798311628,0.07368078798311628,0.07368078798311628,0.0021520362118172542,0.0021520362118172542,0.0021520362118172542,0.0021520362118172542,0.0021520362118172542,0.029766892963380514,0.029766892963380514,0.029766892963380514,0.029766892963380514,0.029766892963380514,0.020366876849274407,0.020366876849274407,0.020366876849274407,0.020366876849274407,0.020366876849274407,1.0,1.0,1.0,1.0,1.0,,,,,,1.2491407307413382e-06,1.2491407307413382e-06,1.2491407307413382e-06,1.2491407307413382e-06,1.2491407307413382e-06,0.0,0.0,0.0,0.0,0.0,0.0017713975150313033,0.0017713975150313033,0.0017713975150313033,0.0017713975150313033,0.0017713975150313033
constant_potential_shift,initial_ritz,4,1,0.9997188118996261,0.9997188118996261,0.9997188118996261,0.9997188118996261,0.9997188118996261,0.031444066863784176,0.031444066863784176,0.031444066863784176,0.031444066863784176,0.031444066863784176,0.0014261244741051726,0.0014261244741051726,0.0014261244741051726,0.0014261244741051726,0.0014261244741051726,0.020269942398155792,0.020269942398155792,0.020269942398155792,0.020269942398155792,0.020269942398155792,0.018649038445541433,0.018649038445541433,0.018649038445541433,0.018649038445541433,0.018649038445541433,0.0,0.0,0.0,0.0,0.0,,,,,,1.2491407307413382e-06,1.2491407307413382e-06,1.2491407307413382e-06,1.2491407307413382e-06,1.2491407307413382e-06,0.0,0.0,0.0,0.0,0.0,0.003578160685922427,0.003578160685922427,0.003578160685922427,0.003578160685922427,0.003578160685922427
constant_potential_shift,initial_ritz,5,1,0.9994594150991423,0.9994594150991423,0.9994594150991423,0.9994594150991423,0.9994594150991423,0.04816924605099271,0.04816924605099271,0.04816924605099271,0.04816924605099271,0.04816924605099271,0.000537221832771273,0.000537221832771273,0.000537221832771273,0.000537221832771273,0.000537221832771273,0.01941595821708597,0.01941595821708597,0.01941595821708597,0.01941595821708597,0.01941595821708597,0.03243926013578799,0.03243926013578799,0.03243926013578799,0.03243926013578799,0.03243926013578799,1.0,1.0,1.0,1.0,1.0,0.000361377245941198,0.000361377245941198,0.000361377245941198,0.000361377245941198,0.000361377245941198,1.2491407307413382e-06,1.2491407307413382e-06,1.2491407307413382e-06,1.2491407307413382e-06,1.2491407307413382e-06,0.0,0.0,0.0,0.0,0.0,0.0008889026413338996,0.0008889026413338996,0.0008889026413338996,0.0008889026413338996,0.0008889026413338996
constant_potential_shift,initial_ritz,6,1,0.9988450176852128,0.9988450176852128,0.9988450176852128,0.9988450176852128,0.9988450176852128,0.06572894364858767,0.06572894364858767,0.06572894364858767,0.06572894364858767,0.06572894364858767,0.002139760214228126,0.002139760214228126,0.002139760214228126,0.002139760214228126,0.002139760214228126,0.030902642022633386,0.030902642022633386,0.030902642022633386,0.030902642022633386,0.030902642022633386,0.04509936234270413,0.04509936234270413,0.04509936234270413,0.04509936234270413,0.04509936234270413,1.0,1.0,1.0,1.0,1.0,0.00046291731426584834,0.00046291731426584834,0.00046291731426584834,0.00046291731426584834,0.00046291731426584834,1.2491407307413382e-06,1.2491407307413382e-06,1.2491407307413382e-06,1.2491407307413382e-06,1.2491407307413382e-06,0.0,0.0,0.0,0.0,0.0,0.002676982046999399,0.002676982046999399,0.002676982046999399,0.002676982046999399,0.002676982046999399
constant_potential_shift,initial_ritz,7,1,0.9995755508932251,0.9995755508932251,0.9995755508932251,0.9995755508932251,0.9995755508932251,0.043169051243376534,0.043169051243376534,0.043169051243376534,0.043169051243376534,0.043169051243376534,0.0010213346451841687,0.0010213346451841687,0.0010213346451841687,0.0010213346451841687,0.0010213346451841687,0.029821654522729703,0.029821654522729703,0.029821654522729703,0.029821654522729703,0.029821654522729703,0.027116933454075197,0.027116933454075197,0.027116933454075197,0.027116933454075197,0.027116933454075197,1.0,1.0,1.0,1.0,1.0,0.00036798452801958684,0.00036798452801958684,0.00036798452801958684,0.00036798452801958684,0.00036798452801958684,1.2491407307413382e-06,1.2491407307413382e-06,1.2491407307413382e-06,1.2491407307413382e-06,1.2491407307413382e-06,0.0,0.0,0.0,0.0,0.0,0.0031610948594122945,0.0031610948594122945,0.0031610948594122945,0.0031610948594122945,0.0031610948594122945
constant_potential_shift,initial_ritz,8,1,0.9990485333503192,0.9990485333503192,0.9990485333503192,0.9990485333503192,0.9990485333503192,0.0528876844330405,0.0528876844330405,0.0528876844330405,0.0528876844330405,0.0528876844330405,7.934630637773665e-05,7.934630637773665e-05,7.934630637773665e-05,7.934630637773665e-05,7.934630637773665e-05,0.033295769649155385,0.033295769649155385,0.033295769649155385,0.033295769649155385,0.033295769649155385,0.03456153159447278,0.03456153159447278,0.03456153159447278,0.03456153159447278,0.03456153159447278,1.0,1.0,1.0,1.0,1.0,0.0003956958824076615,0.0003956958824076615,0.0003956958824076615,0.0003956958824076615,0.0003956958824076615,1.2491407307413382e-06,1.2491407307413382e-06,1.2491407307413382e-06,1.2491407307413382e-06,1.2491407307413382e-06,0.0,0.0,0.0,0.0,0.0,0.0009419883388064321,0.0009419883388064321,0.0009419883388064321,0.0009419883388064321,0.0009419883388064321
constant_potential_shift,initial_ritz,9,1,0.9969739888617388,0.9969739888617388,0.9969739888617388,0.9969739888617388,0.9969739888617388,0.07879585468984339,0.07879585468984339,0.07879585468984339,0.07879585468984339,0.07879585468984339,0.0013693798510372446,0.0013693798510372446,0.0013693798510372446,0.0013693798510372446,0.0013693798510372446,0.03774928932027306,0.03774928932027306,0.03774928932027306,0.03774928932027306,0.03774928932027306,0.08215228072140214,0.08215228072140214,0.08215228072140214,0.08215228072140214,0.08215228072140214,1.0,1.0,1.0,1.0,1.0,0.0009842501366017279,0.0009842501366017279,0.0009842501366017279,0.0009842501366017279,0.0009842501366017279,1.2491407307413382e-06,1.2491407307413382e-06,1.2491407307413382e-06,1.2491407307413382e-06,1.2491407307413382e-06,0.0,0.0,0.0,0.0,0.0,0.0014487261574149812,0.0014487261574149812,0.0014487261574149812,0.0014487261574149812,0.0014487261574149812
constant_potential_shift,initial_ritz,10,1,0.9970432271895497,0.9970432271895497,0.9970432271895497,0.9970432271895497,0.9970432271895497,0.08637143501119529,0.08637143501119529,0.08637143501119529,0.08637143501119529,0.08637143501119529,0.0044352574230215325,0.0044352574230215325,0.0044352574230215325,0.0044352574230215325,0.0044352574230215325,0.04375106730901686,0.04375106730901686,0.04375106730901686,0.04375106730901686,0.04375106730901686,0.07270454612369343,0.07270454612369343,0.07270454612369343,0.07270454612369343,0.07270454612369343,1.0,1.0,1.0,1.0,1.0,0.0006853629984783981,0.0006853629984783981,0.0006853629984783981,0.0006853629984783981,0.0006853629984783981,1.2491407307413382e-06,1.2491407307413382e-06,1.2491407307413382e-06,1.2491407307413382e-06,1.2491407307413382e-06,0.0,0.0,0.0,0.0,0.0,0.003065877571984288,0.003065877571984288,0.003065877571984288,0.003065877571984288,0.003065877571984288
controlled_smooth_perturbations,direct_topology,0,1,0.9986731677960282,0.9986731677960282,0.9986731677960282,0.9986731677960282,0.9986731677960282,0.06623287853746732,0.06623287853746732,0.06623287853746732,0.06623287853746732,0.06623287853746732,0.03913038461393703,0.03913038461393703,0.03913038461393703,0.03913038461393703,0.03913038461393703,0.18033900414214113,0.18033900414214113,0.18033900414214113,0.18033900414214113,0.18033900414214113,0.042892141223371594,0.042892141223371594,0.042892141223371594,0.042892141223371594,0.042892141223371594,1.0,1.0,1.0,1.0,1.0,0.0,0.0,0.0,0.0,0.0,0.3143209802952784,0.3143209802952784,0.3143209802952784,0.3143209802952784,0.3143209802952784,0.0,0.0,0.0,0.0,0.0,,,,,
controlled_smooth_perturbations,direct_topology,1,1,0.993561247776721,0.993561247776721,0.993561247776721,0.993561247776721,0.993561247776721,0.1427709847806158,0.1427709847806158,0.1427709847806158,0.1427709847806158,0.1427709847806158,0.017356353834863558,0.017356353834863558,0.017356353834863558,0.017356353834863558,0.017356353834863558,0.8512823539746951,0.8512823539746951,0.8512823539746951,0.8512823539746951,0.8512823539746951,0.09340706008039197,0.09340706008039197,0.09340706008039197,0.09340706008039197,0.09340706008039197,1.0,1.0,1.0,1.0,1.0,0.01010502961032511,0.01010502961032511,0.01010502961032511,0.01010502961032511,0.01010502961032511,0.3143209802952784,0.3143209802952784,0.3143209802952784,0.3143209802952784,0.3143209802952784,0.0,0.0,0.0,0.0,0.0,0.021774030779073472,0.021774030779073472,0.021774030779073472,0.021774030779073472,0.021774030779073472
controlled_smooth_perturbations,direct_topology,2,1,0.9883905262292587,0.9883905262292587,0.9883905262292587,0.9883905262292587,0.9883905262292587,0.14157483724433642,0.14157483724433642,0.14157483724433642,0.14157483724433642,0.14157483724433642,0.1100879458697821,0.1100879458697821,0.1100879458697821,0.1100879458697821,0.1100879458697821,0.3239395534983661,0.3239395534983661,0.3239395534983661,0.3239395534983661,0.3239395534983661,0.19747217414960755,0.19747217414960755,0.19747217414960755,0.19747217414960755,0.19747217414960755,1.0,1.0,1.0,1.0,1.0,0.0067722242625639665,0.0067722242625639665,0.0067722242625639665,0.0067722242625639665,0.0067722242625639665,0.3143209802952784,0.3143209802952784,0.3143209802952784,0.3143209802952784,0.3143209802952784,0.0,0.0,0.0,0.0,0.0,0.09273159203491854,0.09273159203491854,0.09273159203491854,0.09273159203491854,0.09273159203491854
controlled_smooth_perturbations,direct_topology,3,1,0.9487417406580142,0.9487417406580142,0.9487417406580142,0.9487417406580142,0.9487417406580142,0.33025292951557317,0.33025292951557317,0.33025292951557317,0.33025292951557317,0.33025292951557317,0.0878961858307612,0.0878961858307612,0.0878961858307612,0.0878961858307612,0.0878961858307612,0.30935206237739343,0.30935206237739343,0.30935206237739343,0.30935206237739343,0.30935206237739343,0.28433851637997876,0.28433851637997876,0.28433851637997876,0.28433851637997876,0.28433851637997876,1.0,1.0,1.0,1.0,1.0,0.010654730128751906,0.010654730128751906,0.010654730128751906,0.010654730128751906,0.010654730128751906,0.3143209802952784,0.3143209802952784,0.3143209802952784,0.3143209802952784,0.3143209802952784,0.0,0.0,0.0,0.0,0.0,0.022191760039020902,0.022191760039020902,0.022191760039020902,0.022191760039020902,0.022191760039020902
controlled_smooth_perturbations,direct_topology,4,1,0.7610222762779965,0.7610222762779965,0.7610222762779965,0.7610222762779965,0.7610222762779965,0.5823573099837669,0.5823573099837669,0.5823573099837669,0.5823573099837669,0.5823573099837669,0.016856973331460523,0.016856973331460523,0.016856973331460523,0.016856973331460523,0.016856973331460523,0.27344666713343785,0.27344666713343785,0.27344666713343785,0.27344666713343785,0.27344666713343785,0.7962994788573197,0.7962994788573197,0.7962994788573197,0.7962994788573197,0.7962994788573197,1.0,1.0,1.0,1.0,1.0,0.00409432377508805,0.00409432377508805,0.00409432377508805,0.00409432377508805,0.00409432377508805,0.3143209802952784,0.3143209802952784,0.3143209802952784,0.3143209802952784,0.3143209802952784,0.0,0.0,0.0,0.0,0.0,0.07103921249930067,0.07103921249930067,0.07103921249930067,0.07103921249930067,0.07103921249930067
controlled_smooth_perturbations,direct_topology,5,1,0.9562029703516509,0.9562029703516509,0.9562029703516509,0.9562029703516509,0.9562029703516509,0.2313323394988729,0.2313323394988729,0.2313323394988729,0.2313323394988729,0.2313323394988729,0.08629076225031351,0.08629076225031351,0.08629076225031351,0.08629076225031351,0.08629076225031351,0.08937845743921508,0.08937845743921508,0.08937845743921508,0.08937845743921508,0.08937845743921508,0.31563658535560146,0.31563658535560146,0.31563658535560146,0.31563658535560146,0.31563658535560146,1.0,1.0,1.0,1.0,1.0,0.0023795359903983487,0.0023795359903983487,0.0023795359903983487,0.0023795359903983487,0.0023795359903983487,0.3143209802952784,0.3143209802952784,0.3143209802952784,0.3143209802952784,0.3143209802952784,0.0,0.0,0.0,0.0,0.0,0.10314773558177404,0.10314773558177404,0.10314773558177404,0.10314773558177404,0.10314773558177404
controlled_smooth_perturbations,direct_topology,6,1,0.9916978800707205,0.9916978800707205,0.9916978800707205,0.9916978800707205,0.9916978800707205,0.11491057059502102,0.11491057059502102,0.11491057059502102,0.11491057059502102,0.11491057059502102,0.06254770089043493,0.06254770089043493,0.06254770089043493,0.06254770089043493,0.06254770089043493,0.04250013588527439,0.04250013588527439,0.04250013588527439,0.04250013588527439,0.04250013588527439,0.12378912563338884,0.12378912563338884,0.12378912563338884,0.12378912563338884,0.12378912563338884,1.0,1.0,1.0,1.0,1.0,0.0017358778856464674,0.0017358778856464674,0.0017358778856464674,0.0017358778856464674,0.0017358778856464674,0.3143209802952784,0.3143209802952784,0.3143209802952784,0.3143209802952784,0.3143209802952784,0.0,0.0,0.0,0.0,0.0,0.14883846314074844,0.14883846314074844,0.14883846314074844,0.14883846314074844,0.14883846314074844
controlled_smooth_perturbations,direct_topology,7,1,0.9897303395309687,0.9897303395309687,0.9897303395309687,0.9897303395309687,0.9897303395309687,0.11063410891179776,0.11063410891179776,0.11063410891179776,0.11063410891179776,0.11063410891179776,0.062393460400365974,0.062393460400365974,0.062393460400365974,0.062393460400365974,0.062393460400365974,0.04321213271313304,0.04321213271313304,0.04321213271313304,0.04321213271313304,0.04321213271313304,0.12828128701118496,0.12828128701118496,0.12828128701118496,0.12828128701118496,0.12828128701118496,1.0,1.0,1.0,1.0,1.0,0.001710868279767246,0.001710868279767246,0.001710868279767246,0.001710868279767246,0.001710868279767246,0.3143209802952784,0.3143209802952784,0.3143209802952784,0.3143209802952784,0.3143209802952784,0.0,0.0,0.0,0.0,0.0,0.1249411612908009,0.1249411612908009,0.1249411612908009,0.1249411612908009,0.1249411612908009
controlled_smooth_perturbations,direct_topology,8,1,0.995522390922736,0.995522390922736,0.995522390922736,0.995522390922736,0.995522390922736,0.07587176231725981,0.07587176231725981,0.07587176231725981,0.07587176231725981,0.07587176231725981,0.17618668802903947,0.17618668802903947,0.17618668802903947,0.17618668802903947,0.17618668802903947,0.04103449301152115,0.04103449301152115,0.04103449301152115,0.04103449301152115,0.04103449301152115,0.08854541774255434,0.08854541774255434,0.08854541774255434,0.08854541774255434,0.08854541774255434,1.0,1.0,1.0,1.0,1.0,0.0010695396540653824,0.0010695396540653824,0.0010695396540653824,0.0010695396540653824,0.0010695396540653824,0.3143209802952784,0.3143209802952784,0.3143209802952784,0.3143209802952784,0.3143209802952784,0.0,0.0,0.0,0.0,0.0,0.23858014842940545,0.23858014842940545,0.23858014842940545,0.23858014842940545,0.23858014842940545
controlled_smooth_perturbations,direct_topology,9,1,0.9743232877972448,0.9743232877972448,0.9743232877972448,0.9743232877972448,0.9743232877972448,0.24091930032084677,0.24091930032084677,0.24091930032084677,0.24091930032084677,0.24091930032084677,0.01365424951695271,0.01365424951695271,0.01365424951695271,0.01365424951695271,0.01365424951695271,0.05848786878124624,0.05848786878124624,0.05848786878124624,0.05848786878124624,0.05848786878124624,0.21194508595537456,0.21194508595537456,0.21194508595537456,0.21194508595537456,0.21194508595537456,1.0,1.0,1.0,1.0,1.0,0.004199164389949989,0.004199164389949989,0.004199164389949989,0.004199164389949989,0.004199164389949989,0.3143209802952784,0.3143209802952784,0.3143209802952784,0.3143209802952784,0.3143209802952784,0.0,0.0,0.0,0.0,0.0,0.18984093754599218,0.18984093754599218,0.18984093754599218,0.18984093754599218,0.18984093754599218
controlled_smooth_perturbations,direct_topology,10,1,0.9757330397826228,0.9757330397826228,0.9757330397826228,0.9757330397826228,0.9757330397826228,0.1664656294010414,0.1664656294010414,0.1664656294010414,0.1664656294010414,0.1664656294010414,0.2354114581748883,0.2354114581748883,0.2354114581748883,0.2354114581748883,0.2354114581748883,0.048276844854347065,0.048276844854347065,0.048276844854347065,0.048276844854347065,0.048276844854347065,0.25023542576312924,0.25023542576312924,0.25023542576312924,0.25023542576312924,0.25023542576312924,1.0,1.0,1.0,1.0,1.0,0.0019024801652736349,0.0019024801652736349,0.0019024801652736349,0.0019024801652736349,0.0019024801652736349,0.3143209802952784,0.3143209802952784,0.3143209802952784,0.3143209802952784,0.3143209802952784,0.0,0.0,0.0,0.0,0.0,0.249065707691841,0.249065707691841,0.249065707691841,0.249065707691841,0.249065707691841
controlled_smooth_perturbations,hybrid,0,1,0.9986731677960282,0.9986731677960282,0.9986731677960282,0.9986731677960282,0.9986731677960282,0.06623287853746732,0.06623287853746732,0.06623287853746732,0.06623287853746732,0.06623287853746732,0.03913038461393703,0.03913038461393703,0.03913038461393703,0.03913038461393703,0.03913038461393703,0.18033900414214113,0.18033900414214113,0.18033900414214113,0.18033900414214113,0.18033900414214113,0.042892141223371594,0.042892141223371594,0.042892141223371594,0.042892141223371594,0.042892141223371594,1.0,1.0,1.0,1.0,1.0,0.0,0.0,0.0,0.0,0.0,0.3143209802952784,0.3143209802952784,0.3143209802952784,0.3143209802952784,0.3143209802952784,0.0,0.0,0.0,0.0,0.0,,,,,
controlled_smooth_perturbations,hybrid,1,1,0.993561247776721,0.993561247776721,0.993561247776721,0.993561247776721,0.993561247776721,0.1427709847806158,0.1427709847806158,0.1427709847806158,0.1427709847806158,0.1427709847806158,0.017356353834863558,0.017356353834863558,0.017356353834863558,0.017356353834863558,0.017356353834863558,0.8512823539746951,0.8512823539746951,0.8512823539746951,0.8512823539746951,0.8512823539746951,0.09340706008039197,0.09340706008039197,0.09340706008039197,0.09340706008039197,0.09340706008039197,1.0,1.0,1.0,1.0,1.0,0.01010502961032511,0.01010502961032511,0.01010502961032511,0.01010502961032511,0.01010502961032511,0.3143209802952784,0.3143209802952784,0.3143209802952784,0.3143209802952784,0.3143209802952784,0.0,0.0,0.0,0.0,0.0,0.021774030779073472,0.021774030779073472,0.021774030779073472,0.021774030779073472,0.021774030779073472
controlled_smooth_perturbations,hybrid,2,1,0.9883905262292587,0.9883905262292587,0.9883905262292587,0.9883905262292587,0.9883905262292587,0.14157483724433642,0.14157483724433642,0.14157483724433642,0.14157483724433642,0.14157483724433642,0.1100879458697821,0.1100879458697821,0.1100879458697821,0.1100879458697821,0.1100879458697821,0.3239395534983661,0.3239395534983661,0.3239395534983661,0.3239395534983661,0.3239395534983661,0.19747217414960755,0.19747217414960755,0.19747217414960755,0.19747217414960755,0.19747217414960755,1.0,1.0,1.0,1.0,1.0,0.0067722242625639665,0.0067722242625639665,0.0067722242625639665,0.0067722242625639665,0.0067722242625639665,0.3143209802952784,0.3143209802952784,0.3143209802952784,0.3143209802952784,0.3143209802952784,0.0,0.0,0.0,0.0,0.0,0.09273159203491854,0.09273159203491854,0.09273159203491854,0.09273159203491854,0.09273159203491854
controlled_smooth_perturbations,hybrid,3,1,0.9487417406580142,0.9487417406580142,0.9487417406580142,0.9487417406580142,0.9487417406580142,0.33025292951557317,0.33025292951557317,0.33025292951557317,0.33025292951557317,0.33025292951557317,0.0878961858307612,0.0878961858307612,0.0878961858307612,0.0878961858307612,0.0878961858307612,0.30935206237739343,0.30935206237739343,0.30935206237739343,0.30935206237739343,0.30935206237739343,0.28433851637997876,0.28433851637997876,0.28433851637997876,0.28433851637997876,0.28433851637997876,1.0,1.0,1.0,1.0,1.0,0.010654730128751906,0.010654730128751906,0.010654730128751906,0.010654730128751906,0.010654730128751906,0.3143209802952784,0.3143209802952784,0.3143209802952784,0.3143209802952784,0.3143209802952784,0.0,0.0,0.0,0.0,0.0,0.022191760039020902,0.022191760039020902,0.022191760039020902,0.022191760039020902,0.022191760039020902
controlled_smooth_perturbations,hybrid,4,1,0.7610222762779965,0.7610222762779965,0.7610222762779965,0.7610222762779965,0.7610222762779965,0.5823573099837669,0.5823573099837669,0.5823573099837669,0.5823573099837669,0.5823573099837669,0.016856973331460523,0.016856973331460523,0.016856973331460523,0.016856973331460523,0.016856973331460523,0.27344666713343785,0.27344666713343785,0.27344666713343785,0.27344666713343785,0.27344666713343785,0.7962994788573197,0.7962994788573197,0.7962994788573197,0.7962994788573197,0.7962994788573197,1.0,1.0,1.0,1.0,1.0,0.00409432377508805,0.00409432377508805,0.00409432377508805,0.00409432377508805,0.00409432377508805,0.3143209802952784,0.3143209802952784,0.3143209802952784,0.3143209802952784,0.3143209802952784,0.0,0.0,0.0,0.0,0.0,0.07103921249930067,0.07103921249930067,0.07103921249930067,0.07103921249930067,0.07103921249930067
controlled_smooth_perturbations,hybrid,5,1,0.9562029703516509,0.9562029703516509,0.9562029703516509,0.9562029703516509,0.9562029703516509,0.2313323394988729,0.2313323394988729,0.2313323394988729,0.2313323394988729,0.2313323394988729,0.08629076225031351,0.08629076225031351,0.08629076225031351,0.08629076225031351,0.08629076225031351,0.08937845743921508,0.08937845743921508,0.08937845743921508,0.08937845743921508,0.08937845743921508,0.31563658535560146,0.31563658535560146,0.31563658535560146,0.31563658535560146,0.31563658535560146,1.0,1.0,1.0,1.0,1.0,0.0023795359903983487,0.0023795359903983487,0.0023795359903983487,0.0023795359903983487,0.0023795359903983487,0.3143209802952784,0.3143209802952784,0.3143209802952784,0.3143209802952784,0.3143209802952784,0.0,0.0,0.0,0.0,0.0,0.10314773558177404,0.10314773558177404,0.10314773558177404,0.10314773558177404,0.10314773558177404
controlled_smooth_perturbations,hybrid,6,1,0.9916978800707205,0.9916978800707205,0.9916978800707205,0.9916978800707205,0.9916978800707205,0.11491057059502102,0.11491057059502102,0.11491057059502102,0.11491057059502102,0.11491057059502102,0.06254770089043493,0.06254770089043493,0.06254770089043493,0.06254770089043493,0.06254770089043493,0.04250013588527439,0.04250013588527439,0.04250013588527439,0.04250013588527439,0.04250013588527439,0.12378912563338884,0.12378912563338884,0.12378912563338884,0.12378912563338884,0.12378912563338884,1.0,1.0,1.0,1.0,1.0,0.0017358778856464674,0.0017358778856464674,0.0017358778856464674,0.0017358778856464674,0.0017358778856464674,0.3143209802952784,0.3143209802952784,0.3143209802952784,0.3143209802952784,0.3143209802952784,0.0,0.0,0.0,0.0,0.0,0.14883846314074844,0.14883846314074844,0.14883846314074844,0.14883846314074844,0.14883846314074844
controlled_smooth_perturbations,hybrid,7,1,0.9897303395309687,0.9897303395309687,0.9897303395309687,0.9897303395309687,0.9897303395309687,0.11063410891179776,0.11063410891179776,0.11063410891179776,0.11063410891179776,0.11063410891179776,0.062393460400365974,0.062393460400365974,0.062393460400365974,0.062393460400365974,0.062393460400365974,0.04321213271313304,0.04321213271313304,0.04321213271313304,0.04321213271313304,0.04321213271313304,0.12828128701118496,0.12828128701118496,0.12828128701118496,0.12828128701118496,0.12828128701118496,1.0,1.0,1.0,1.0,1.0,0.001710868279767246,0.001710868279767246,0.001710868279767246,0.001710868279767246,0.001710868279767246,0.3143209802952784,0.3143209802952784,0.3143209802952784,0.3143209802952784,0.3143209802952784,0.0,0.0,0.0,0.0,0.0,0.1249411612908009,0.1249411612908009,0.1249411612908009,0.1249411612908009,0.1249411612908009
controlled_smooth_perturbations,hybrid,8,1,0.995522390922736,0.995522390922736,0.995522390922736,0.995522390922736,0.995522390922736,0.07587176231725981,0.07587176231725981,0.07587176231725981,0.07587176231725981,0.07587176231725981,0.17618668802903947,0.17618668802903947,0.17618668802903947,0.17618668802903947,0.17618668802903947,0.04103449301152115,0.04103449301152115,0.04103449301152115,0.04103449301152115,0.04103449301152115,0.08854541774255434,0.08854541774255434,0.08854541774255434,0.08854541774255434,0.08854541774255434,1.0,1.0,1.0,1.0,1.0,0.0010695396540653824,0.0010695396540653824,0.0010695396540653824,0.0010695396540653824,0.0010695396540653824,0.3143209802952784,0.3143209802952784,0.3143209802952784,0.3143209802952784,0.3143209802952784,0.0,0.0,0.0,0.0,0.0,0.23858014842940545,0.23858014842940545,0.23858014842940545,0.23858014842940545,0.23858014842940545
controlled_smooth_perturbations,hybrid,9,1,0.9743232877972448,0.9743232877972448,0.9743232877972448,0.9743232877972448,0.9743232877972448,0.24091930032084677,0.24091930032084677,0.24091930032084677,0.24091930032084677,0.24091930032084677,0.01365424951695271,0.01365424951695271,0.01365424951695271,0.01365424951695271,0.01365424951695271,0.05848786878124624,0.05848786878124624,0.05848786878124624,0.05848786878124624,0.05848786878124624,0.21194508595537456,0.21194508595537456,0.21194508595537456,0.21194508595537456,0.21194508595537456,1.0,1.0,1.0,1.0,1.0,0.004199164389949989,0.004199164389949989,0.004199164389949989,0.004199164389949989,0.004199164389949989,0.3143209802952784,0.3143209802952784,0.3143209802952784,0.3143209802952784,0.3143209802952784,0.0,0.0,0.0,0.0,0.0,0.18984093754599218,0.18984093754599218,0.18984093754599218,0.18984093754599218,0.18984093754599218
controlled_smooth_perturbations,hybrid,10,1,0.9757330397826228,0.9757330397826228,0.9757330397826228,0.9757330397826228,0.9757330397826228,0.1664656294010414,0.1664656294010414,0.1664656294010414,0.1664656294010414,0.1664656294010414,0.2354114581748883,0.2354114581748883,0.2354114581748883,0.2354114581748883,0.2354114581748883,0.048276844854347065,0.048276844854347065,0.048276844854347065,0.048276844854347065,0.048276844854347065,0.25023542576312924,0.25023542576312924,0.25023542576312924,0.25023542576312924,0.25023542576312924,1.0,1.0,1.0,1.0,1.0,0.0019024801652736349,0.0019024801652736349,0.0019024801652736349,0.0019024801652736349,0.0019024801652736349,0.3143209802952784,0.3143209802952784,0.3143209802952784,0.3143209802952784,0.3143209802952784,0.0,0.0,0.0,0.0,0.0,0.249065707691841,0.249065707691841,0.249065707691841,0.249065707691841,0.249065707691841
controlled_smooth_perturbations,initial_ritz,0,1,0.9998771274334417,0.9998771274334417,0.9998771274334417,0.9998771274334417,0.9998771274334417,0.05001385162190855,0.05001385162190855,0.05001385162190855,0.05001385162190855,0.05001385162190855,0.0017196485299526554,0.0017196485299526554,0.0017196485299526554,0.0017196485299526554,0.0017196485299526554,0.1610834201607216,0.1610834201607216,0.1610834201607216,0.1610834201607216,0.1610834201607216,0.018044037776455538,0.018044037776455538,0.018044037776455538,0.018044037776455538,0.018044037776455538,1.0,1.0,1.0,1.0,1.0,,,,,,1.9381194503731436e-06,1.9381194503731436e-06,1.9381194503731436e-06,1.9381194503731436e-06,1.9381194503731436e-06,0.0,0.0,0.0,0.0,0.0,,,,,
controlled_smooth_perturbations,initial_ritz,1,1,0.9989141408115226,0.9989141408115226,0.9989141408115226,0.9989141408115226,0.9989141408115226,0.09944297170668161,0.09944297170668161,0.09944297170668161,0.09944297170668161,0.09944297170668161,0.00797100646853055,0.00797100646853055,0.00797100646853055,0.00797100646853055,0.00797100646853055,0.8205731158788172,0.8205731158788172,0.8205731158788172,0.8205731158788172,0.8205731158788172,0.04531288508540305,0.04531288508540305,0.04531288508540305,0.04531288508540305,0.04531288508540305,0.0,0.0,0.0,0.0,0.0,,,,,,1.9381194503731436e-06,1.9381194503731436e-06,1.9381194503731436e-06,1.9381194503731436e-06,1.9381194503731436e-06,0.0,0.0,0.0,0.0,0.0,0.006251357938577895,0.006251357938577895,0.006251357938577895,0.006251357938577895,0.006251357938577895
controlled_smooth_perturbations,initial_ritz,2,1,0.9986328860688589,0.9986328860688589,0.9986328860688589,0.9986328860688589,0.9986328860688589,0.10856132343755907,0.10856132343755907,0.10856132343755907,0.10856132343755907,0.10856132343755907,0.012712791374542842,0.012712791374542842,0.012712791374542842,0.012712791374542842,0.012712791374542842,0.3200633181513084,0.3200633181513084,0.3200633181513084,0.3200633181513084,0.3200633181513084,0.05022306105543155,0.05022306105543155,0.05022306105543155,0.05022306105543155,0.05022306105543155,0.0,0.0,0.0,0.0,0.0,,,,,,1.9381194503731436e-06,1.9381194503731436e-06,1.9381194503731436e-06,1.9381194503731436e-06,1.9381194503731436e-06,0.0,0.0,0.0,0.0,0.0,0.004741784906012292,0.004741784906012292,0.004741784906012292,0.004741784906012292,0.004741784906012292
controlled_smooth_perturbations,initial_ritz,3,1,0.9907131093502433,0.9907131093502433,0.9907131093502433,0.9907131093502433,0.9907131093502433,0.22595894369335323,0.22595894369335323,0.22595894369335323,0.22595894369335323,0.22595894369335323,0.055008727029491666,0.055008727029491666,0.055008727029491666,0.055008727029491666,0.055008727029491666,0.30160248384810906,0.30160248384810906,0.30160248384810906,0.30160248384810906,0.30160248384810906,0.12944072317681715,0.12944072317681715,0.12944072317681715,0.12944072317681715,0.12944072317681715,0.0,0.0,0.0,0.0,0.0,,,,,,1.9381194503731436e-06,1.9381194503731436e-06,1.9381194503731436e-06,1.9381194503731436e-06,1.9381194503731436e-06,0.0,0.0,0.0,0.0,0.0,0.042295935654948824,0.042295935654948824,0.042295935654948824,0.042295935654948824,0.042295935654948824
controlled_smooth_perturbations,initial_ritz,4,1,0.990238520920384,0.990238520920384,0.990238520920384,0.990238520920384,0.990238520920384,0.233902906796864,0.233902906796864,0.233902906796864,0.233902906796864,0.233902906796864,0.06582314268876033,0.06582314268876033,0.06582314268876033,0.06582314268876033,0.06582314268876033,0.2586617520681809,0.2586617520681809,0.2586617520681809,0.2586617520681809,0.2586617520681809,0.11755415178402265,0.11755415178402265,0.11755415178402265,0.11755415178402265,0.11755415178402265,1.0,1.0,1.0,1.0,1.0,0.0037727352070212857,0.0037727352070212857,0.0037727352070212857,0.0037727352070212857,0.0037727352070212857,1.9381194503731436e-06,1.9381194503731436e-06,1.9381194503731436e-06,1.9381194503731436e-06,1.9381194503731436e-06,0.0,0.0,0.0,0.0,0.0,0.010814415659268661,0.010814415659268661,0.010814415659268661,0.010814415659268661,0.010814415659268661
controlled_smooth_perturbations,initial_ritz,5,1,0.9961153243162197,0.9961153243162197,0.9961153243162197,0.9961153243162197,0.9961153243162197,0.11557080256653167,0.11557080256653167,0.11557080256653167,0.11557080256653167,0.11557080256653167,0.013471319849601038,0.013471319849601038,0.013471319849601038,0.013471319849601038,0.013471319849601038,0.0915051393718931,0.0915051393718931,0.0915051393718931,0.0915051393718931,0.0915051393718931,0.08773628820906042,0.08773628820906042,0.08773628820906042,0.08773628820906042,0.08773628820906042,1.0,1.0,1.0,1.0,1.0,,,,,,1.9381194503731436e-06,1.9381194503731436e-06,1.9381194503731436e-06,1.9381194503731436e-06,1.9381194503731436e-06,0.0,0.0,0.0,0.0,0.0,0.05235182283915929,0.05235182283915929,0.05235182283915929,0.05235182283915929,0.05235182283915929
controlled_smooth_perturbations,initial_ritz,6,1,0.9979696137170896,0.9979696137170896,0.9979696137170896,0.9979696137170896,0.9979696137170896,0.07400108633581794,0.07400108633581794,0.07400108633581794,0.07400108633581794,0.07400108633581794,0.0039470367516409866,0.0039470367516409866,0.0039470367516409866,0.0039470367516409866,0.0039470367516409866,0.03838892538011851,0.03838892538011851,0.03838892538011851,0.03838892538011851,0.03838892538011851,0.07043772215455615,0.07043772215455615,0.07043772215455615,0.07043772215455615,0.07043772215455615,1.0,1.0,1.0,1.0,1.0,0.000665947399404601,0.000665947399404601,0.000665947399404601,0.000665947399404601,0.000665947399404601,1.9381194503731436e-06,1.9381194503731436e-06,1.9381194503731436e-06,1.9381194503731436e-06,1.9381194503731436e-06,0.0,0.0,0.0,0.0,0.0,0.009524283097960051,0.009524283097960051,0.009524283097960051,0.009524283097960051,0.009524283097960051
controlled_smooth_perturbations,initial_ritz,7,1,0.9981309382549013,0.9981309382549013,0.9981309382549013,0.9981309382549013,0.9981309382549013,0.06562968457014763,0.06562968457014763,0.06562968457014763,0.06562968457014763,0.06562968457014763,0.002604451052881096,0.002604451052881096,0.002604451052881096,0.002604451052881096,0.002604451052881096,0.03834888664638894,0.03834888664638894,0.03834888664638894,0.03834888664638894,0.03834888664638894,0.06302581158651988,0.06302581158651988,0.06302581158651988,0.06302581158651988,0.06302581158651988,1.0,1.0,1.0,1.0,1.0,0.00046393335973956006,0.00046393335973956006,0.00046393335973956006,0.00046393335973956006,0.00046393335973956006,1.9381194503731436e-06,1.9381194503731436e-06,1.9381194503731436e-06,1.9381194503731436e-06,1.9381194503731436e-06,0.0,0.0,0.0,0.0,0.0,0.0013425856987598905,0.0013425856987598905,0.0013425856987598905,0.0013425856987598905,0.0013425856987598905
controlled_smooth_perturbations,initial_ritz,8,1,0.998233152818355,0.998233152818355,0.998233152818355,0.998233152818355,0.998233152818355,0.06503804795886851,0.06503804795886851,0.06503804795886851,0.06503804795886851,0.06503804795886851,0.0009366346232777545,0.0009366346232777545,0.0009366346232777545,0.0009366346232777545,0.0009366346232777545,0.034260306610575185,0.034260306610575185,0.034260306610575185,0.034260306610575185,0.034260306610575185,0.061271750666034255,0.061271750666034255,0.061271750666034255,0.061271750666034255,0.061271750666034255,1.0,1.0,1.0,1.0,1.0,0.000608700486112611,0.000608700486112611,0.000608700486112611,0.000608700486112611,0.000608700486112611,1.9381194503731436e-06,1.9381194503731436e-06,1.9381194503731436e-06,1.9381194503731436e-06,1.9381194503731436e-06,0.0,0.0,0.0,0.0,0.0,0.0016678164296033415,0.0016678164296033415,0.0016678164296033415,0.0016678164296033415,0.0016678164296033415
controlled_smooth_perturbations,initial_ritz,9,1,0.9859207974347706,0.9859207974347706,0.9859207974347706,0.9859207974347706,0.9859207974347706,0.18318211941471374,0.18318211941471374,0.18318211941471374,0.18318211941471374,0.18318211941471374,0.026373607309829517,0.026373607309829517,0.026373607309829517,0.026373607309829517,0.026373607309829517,0.056690402421681683,0.056690402421681683,0.056690402421681683,0.056690402421681683,0.056690402421681683,0.1728561241479667,0.1728561241479667,0.1728561241479667,0.1728561241479667,0.1728561241479667,1.0,1.0,1.0,1.0,1.0,0.0019455520049611106,0.0019455520049611106,0.0019455520049611106,0.0019455520049611106,0.0019455520049611106,1.9381194503731436e-06,1.9381194503731436e-06,1.9381194503731436e-06,1.9381194503731436e-06,1.9381194503731436e-06,0.0,0.0,0.0,0.0,0.0,0.025436972686551762,0.025436972686551762,0.025436972686551762,0.025436972686551762,0.025436972686551762
controlled_smooth_perturbations,initial_ritz,10,1,0.9780676453637759,0.9780676453637759,0.9780676453637759,0.9780676453637759,0.9780676453637759,0.1597035992941619,0.1597035992941619,0.1597035992941619,0.1597035992941619,0.1597035992941619,0.014980607192222273,0.014980607192222273,0.014980607192222273,0.014980607192222273,0.014980607192222273,0.04144208806135374,0.04144208806135374,0.04144208806135374,0.04144208806135374,0.04144208806135374,0.24410171812733295,0.24410171812733295,0.24410171812733295,0.24410171812733295,0.24410171812733295,1.0,1.0,1.0,1.0,1.0,0.0014672864114218397,0.0014672864114218397,0.0014672864114218397,0.0014672864114218397,0.0014672864114218397,1.9381194503731436e-06,1.9381194503731436e-06,1.9381194503731436e-06,1.9381194503731436e-06,1.9381194503731436e-06,0.0,0.0,0.0,0.0,0.0,0.011393000117607244,0.011393000117607244,0.011393000117607244,0.011393000117607244,0.011393000117607244
double_wells,direct_topology,0,19,0.9994643517201919,0.9997667335555905,0.9998794722086415,0.9999008975990612,0.9961431333043591,0.028642951494920344,0.026310829242116432,0.04217079020741946,0.05491379412965358,0.07134773270095243,0.00046563295416746087,0.00043786420344282817,0.0007840897093163156,0.0009175259730091589,0.0009400215828736513,0.11609115269894991,0.1042443467240491,0.14789764591823742,0.1567935848610795,0.18543724869785388,0.024507623318007425,0.017927263181949003,0.03779432015498469,0.04620431531199149,0.10830675848777102,1.0,1.0,1.0,1.0,1.0,0.0,0.0,0.0,0.0,0.0,0.02223934264665006,0.019935362374813692,0.02884478744695663,0.03004455187235195,0.03191670476180397,0.0,0.0,0.0,0.0,0.0,,,,,
double_wells,direct_topology,1,19,0.9986427869999517,0.9990781632319236,0.9994851637802641,0.9996255661142801,0.9957290202715338,0.045052868507203934,0.04013182069778258,0.06550922690016367,0.06707231480395182,0.07167073258133959,0.002529779636494934,0.001993258964162692,0.005113367297550475,0.005315855124532451,0.006524389613503656,0.07000242025046095,0.06681222016915093,0.08336576788197952,0.0968426026761625,0.10427802718897547,0.041087749880622255,0.0395300957128529,0.05191196440328193,0.06051893507655362,0.11289116261081693,1.0,1.0,1.0,1.0,1.0,0.0022688281439414456,0.002479914617013682,0.003397214899312187,0.003915876586695412,0.004557001363527132,0.02223934264665006,0.019935362374813692,0.02884478744695663,0.03004455187235195,0.03191670476180397,0.0,0.0,0.0,0.0,0.0,0.002162748550435739,0.001771245711407854,0.004487896473562181,0.0048331270285719465,0.005863776730688608
double_wells,direct_topology,2,19,0.9994749284486871,0.9997104904155053,0.9997957443753982,0.9998051667966484,0.9977459347652899,0.02582289206269127,0.023765302008713667,0.03623628824605134,0.03851121073321944,0.053114060566427125,0.00322433945195798,0.0027642633586384413,0.007170109588932049,0.0077965172181763106,0.00872382387911963,0.026518839885325562,0.025143839139187454,0.033973415834223995,0.03458111708320703,0.03558795932127284,0.032497858095687976,0.026609107660784795,0.05448719615261949,0.061717615014471094,0.06738808523939913,1.0,1.0,1.0,1.0,1.0,0.0007599750842042534,0.0006774468473058028,0.0012628642465580754,0.0014913224721963241,0.0017491557879047279,0.02223934264665006,0.019935362374813692,0.02884478744695663,0.03004455187235195,0.03191670476180397,0.0,0.0,0.0,0.0,0.0,0.0030743789883857595,0.002468451428045748,0.005077506952150966,0.00686570119110652,0.007417411842345789
double_wells,direct_topology,3,19,0.9998053875049201,0.9999086720467845,0.9999281810879725,0.9999316310194838,0.9992525162239017,0.018282922169986435,0.01601324196151881,0.02307969928887977,0.02485439353533583,0.03316632117936758,0.0021201960653054464,0.0019165042144595468,0.004289639486667074,0.0043768640686656195,0.004561571079471527,0.023135982957573895,0.022195467633102747,0.02661137481297307,0.02715767511685248,0.028902290891979706,0.01709083994623183,0.014107665096412675,0.023498252540919015,0.028192127246949198,0.0388212425800937,1.0,1.0,1.0,1.0,1.0,0.0004098733634706452,0.00039455996893192737,0.0006882021636205432,0.0007189188237701575,0.0007411332785525535,0.02223934264665006,0.019935362374813692,0.02884478744695663,0.03004455187235195,0.03191670476180397,0.0,0.0,0.0,0.0,0.0,0.002741153771861033,0.002228723344235073,0.005304774336343865,0.005727903665021954,0.008651527791961655
double_wells,direct_topology,4,19,0.9998731738331675,0.9999076099845485,0.9999445509165682,0.9999465672088034,0.9996564168853163,0.01505259107438637,0.014660277148372296,0.018124904138850872,0.018783417478558974,0.019855882526861705,0.007271408207390058,0.008440371396496671,0.011921347726496511,0.012026942007726204,0.012060674813481498,0.01953599601293607,0.019938170707354014,0.020578306638233217,0.020784429829990007,0.0209287705055116,0.014034075969570412,0.012001194262718196,0.018267147280672656,0.02060186696453294,0.023883498923447943,1.0,1.0,1.0,1.0,1.0,0.00023276652389028668,0.00023317650630314137,0.00038482829012761847,0.0005123706740653291,0.000609008559916564,0.02223934264665006,0.019935362374813692,0.02884478744695663,0.03004455187235195,0.03191670476180397,0.0,0.0,0.0,0.0,0.0,0.007194239737513448,0.007571793234871116,0.011853781371532522,0.01253238334658131,0.012692740889533205
double_wells,direct_topology,5,19,0.9998691003988912,0.9999283383871261,0.9999416897938012,0.9999423050101781,0.9994243827338537,0.018139031434206657,0.016100868019750237,0.02311010103931613,0.0275133604555216,0.029479108150976385,0.007498554202142989,0.007446921466390588,0.013781247249775096,0.015016330474112367,0.017046517552837592,0.02225393696655274,0.02163234564632698,0.02503107202097163,0.026125238510937628,0.02705282281230131,0.01418089301477462,0.012719137814965656,0.01950707865362167,0.02149211666841151,0.029548599988249755,1.0,1.0,1.0,1.0,1.0,0.00030482337497538724,0.00025003947764653,0.000588743460656608,0.0006049793331760533,0.0006831426681701084,0.02223934264665006,0.019935362374813692,0.02884478744695663,0.03004455187235195,0.03191670476180397,0.0,0.0,0.0,0.0,0.0,0.005181586260195311,0.003922843262240239,0.01241117330709609,0.013505788288809297,0.017148598382901392
double_wells,direct_topology,6,19,0.9996117224442386,0.9996925246863193,0.999728911602007,0.9997351996874347,0.9992166911922077,0.0307578083932012,0.02976097233624009,0.03588902195695835,0.03623681937282281,0.037837936708563585,0.009947912658795086,0.00956505599037083,0.01601510713382668,0.016260176403192304,0.016707154311257355,0.03203523335046709,0.0323244440491134,0.032763255229097156,0.03286103416145814,0.0329712948030286,0.018740062040767478,0.01677131571571984,0.02591351309514051,0.028862314288000318,0.031454775399863244,1.0,1.0,1.0,1.0,1.0,0.0006244073298395531,0.0005953274544047757,0.0008042125699882286,0.000819326806573698,0.0008403107699231063,0.02223934264665006,0.019935362374813692,0.02884478744695663,0.03004455187235195,0.03191670476180397,0.0,0.0,0.0,0.0,0.0,0.013894735755138596,0.015820635791330195,0.019577808501909023,0.02001252218651097,0.02116184256538034
double_wells,direct_topology,7,19,0.9996294762937082,0.9996571450115709,0.9996740703220252,0.9996781855683038,0.9994630657090218,0.03072500464554484,0.030865739969322875,0.031330459183112426,0.03148783116396118,0.032253879276934114,0.010001987525083108,0.0109084318471111,0.017277144509910868,0.018141008769559975,0.018197152933300487,0.03240054541758663,0.03248062207108686,0.033309296861118276,0.03360506904981445,0.03387508628120937,0.018002964701075617,0.017265576927450173,0.022018340066198086,0.02338000124162289,0.02480474231436374,1.0,1.0,1.0,1.0,1.0,0.0004962827784060074,0.0004924049630277227,0.0005294508962669823,0.0005394566779039369,0.0005602272048000225,0.02223934264665006,0.019935362374813692,0.02884478744695663,0.03004455187235195,0.03191670476180397,0.0,0.0,0.0,0.0,0.0,0.015424741743221136,0.018762298727862614,0.023003940330296492,0.02335350156454985,0.02341804291928451
double_wells,direct_topology,8,19,0.9996916712049565,0.9997119594506613,0.999744669782202,0.9997582849668962,0.9995715437117874,0.03211136844905883,0.03188744334656117,0.033696719826051484,0.033885659994010435,0.03398106849901827,0.0064713309125600076,0.00682235089825145,0.011919762102586872,0.012157033683034245,0.012430495327842017,0.03774448620356818,0.03774231415407175,0.038053447145300685,0.038123235682570665,0.03823818396769936,0.015021385318713956,0.014781700502473641,0.017005187805604602,0.017156592932667275,0.017278066186471194,1.0,1.0,1.0,1.0,1.0,0.00038415079810901777,0.00037844791785885177,0.00043211916332817674,0.0004382031016658372,0.00044309477412169925,0.02223934264665006,0.019935362374813692,0.02884478744695663,0.03004455187235195,0.03191670476180397,0.0,0.0,0.0,0.0,0.0,0.005243889808859779,0.0046322426772604786,0.00830334032132125,0.008745319719447935,0.011374802035049036
double_wells,direct_topology,9,19,0.9995646205709524,0.9995600151280752,0.9995996680103051,0.9996051607599359,0.9994745630635911,0.037726616194599064,0.037265931051146436,0.03924049175667798,0.03935975507533512,0.03969026231374911,0.02068964984362668,0.019966763135142784,0.03886392455933709,0.044271598552250414,0.04760415474481228,0.039222250971504884,0.03920192719172133,0.03989824874290006,0.03996336568678384,0.04009834820638787,0.021285719181059506,0.02074055429934844,0.02500182826803942,0.025251415691575532,0.026670989623350846,1.0,1.0,1.0,1.0,1.0,0.0004100381928477721,0.00039916529091903077,0.00046451060071756126,0.0004681576488262407,0.000477143655311845,0.02223934264665006,0.019935362374813692,0.02884478744695663,0.03004455187235195,0.03191670476180397,0.0,0.0,0.0,0.0,0.0,0.022776507353967704,0.018345897186632598,0.0421619609412854,0.05383582913580485,0.05442650564306373
double_wells,direct_topology,10,19,0.9992706125361972,0.9992725214392031,0.9993547090143284,0.9993547635321176,0.9990853839615417,0.04382789203477115,0.04372639285435523,0.04507665238115209,0.04532535550964206,0.046434310212576345,0.06745340530907552,0.060873727577598125,0.1126982090016886,0.15294976042501415,0.19356315093814036,0.04811909050418646,0.048051685705312076,0.048700846137472935,0.04902692401673775,0.05065255659502468,0.02304691042382003,0.02168341725959441,0.02521106550581514,0.025791523539670572,0.027949290908523557,1.0,1.0,1.0,1.0,1.0,0.0005105523987117321,0.0005067381009818159,0.0005359081890518578,0.0005444121849572171,0.0005709353463511192,0.02223934264665006,0.019935362374813692,0.02884478744695663,0.03004455187235195,0.03191670476180397,0.0,0.0,0.0,0.0,0.0,0.04819254770112399,0.04090696444245534,0.08810003171042327,0.10571588970159762,0.1496618364072857
double_wells,hybrid,0,19,0.9994643517201919,0.9997667335555905,0.9998794722086415,0.9999008975990612,0.9961431333043591,0.028642951494920344,0.026310829242116432,0.04217079020741946,0.05491379412965358,0.07134773270095243,0.00046563295416746087,0.00043786420344282817,0.0007840897093163156,0.0009175259730091589,0.0009400215828736513,0.11609115269894991,0.1042443467240491,0.14789764591823742,0.1567935848610795,0.18543724869785388,0.024507623318007425,0.017927263181949003,0.03779432015498469,0.04620431531199149,0.10830675848777102,1.0,1.0,1.0,1.0,1.0,0.0,0.0,0.0,0.0,0.0,0.02223934264665006,0.019935362374813692,0.02884478744695663,0.03004455187235195,0.03191670476180397,0.0,0.0,0.0,0.0,0.0,,,,,
double_wells,hybrid,1,19,0.9986427869999517,0.9990781632319236,0.9994851637802641,0.9996255661142801,0.9957290202715338,0.045052868507203934,0.04013182069778258,0.06550922690016367,0.06707231480395182,0.07167073258133959,0.002529779636494934,0.001993258964162692,0.005113367297550475,0.005315855124532451,0.006524389613503656,0.07000242025046095,0.06681222016915093,0.08336576788197952,0.0968426026761625,0.10427802718897547,0.041087749880622255,0.0395300957128529,0.05191196440328193,0.06051893507655362,0.11289116261081693,1.0,1.0,1.0,1.0,1.0,0.0022688281439414456,0.002479914617013682,0.003397214899312187,0.003915876586695412,0.004557001363527132,0.02223934264665006,0.019935362374813692,0.02884478744695663,0.03004455187235195,0.03191670476180397,0.0,0.0,0.0,0.0,0.0,0.002162748550435739,0.001771245711407854,0.004487896473562181,0.0048331270285719465,0.005863776730688608
double_wells,hybrid,2,19,0.9994749284486871,0.9997104904155053,0.9997957443753982,0.9998051667966484,0.9977459347652899,0.02582289206269127,0.023765302008713667,0.03623628824605134,0.03851121073321944,0.053114060566427125,0.00322433945195798,0.0027642633586384413,0.007170109588932049,0.0077965172181763106,0.00872382387911963,0.026518839885325562,0.025143839139187454,0.033973415834223995,0.03458111708320703,0.03558795932127284,0.032497858095687976,0.026609107660784795,0.05448719615261949,0.061717615014471094,0.06738808523939913,1.0,1.0,1.0,1.0,1.0,0.0007599750842042534,0.0006774468473058028,0.0012628642465580754,0.0014913224721963241,0.0017491557879047279,0.02223934264665006,0.019935362374813692,0.02884478744695663,0.03004455187235195,0.03191670476180397,0.0,0.0,0.0,0.0,0.0,0.0030743789883857595,0.002468451428045748,0.005077506952150966,0.00686570119110652,0.007417411842345789
double_wells,hybrid,3,19,0.9998053875049201,0.9999086720467845,0.9999281810879725,0.9999316310194838,0.9992525162239017,0.018282922169986435,0.01601324196151881,0.02307969928887977,0.02485439353533583,0.03316632117936758,0.0021201960653054464,0.0019165042144595468,0.004289639486667074,0.0043768640686656195,0.004561571079471527,0.023135982957573895,0.022195467633102747,0.02661137481297307,0.02715767511685248,0.028902290891979706,0.01709083994623183,0.014107665096412675,0.023498252540919015,0.028192127246949198,0.0388212425800937,1.0,1.0,1.0,1.0,1.0,0.0004098733634706452,0.00039455996893192737,0.0006882021636205432,0.0007189188237701575,0.0007411332785525535,0.02223934264665006,0.019935362374813692,0.02884478744695663,0.03004455187235195,0.03191670476180397,0.0,0.0,0.0,0.0,0.0,0.002741153771861033,0.002228723344235073,0.005304774336343865,0.005727903665021954,0.008651527791961655
double_wells,hybrid,4,19,0.9998731738331675,0.9999076099845485,0.9999445509165682,0.9999465672088034,0.9996564168853163,0.01505259107438637,0.014660277148372296,0.018124904138850872,0.018783417478558974,0.019855882526861705,0.007271408207390058,0.008440371396496671,0.011921347726496511,0.012026942007726204,0.012060674813481498,0.01953599601293607,0.019938170707354014,0.020578306638233217,0.020784429829990007,0.0209287705055116,0.014034075969570412,0.012001194262718196,0.018267147280672656,0.02060186696453294,0.023883498923447943,1.0,1.0,1.0,1.0,1.0,0.00023276652389028668,0.00023317650630314137,0.00038482829012761847,0.0005123706740653291,0.000609008559916564,0.02223934264665006,0.019935362374813692,0.02884478744695663,0.03004455187235195,0.03191670476180397,0.0,0.0,0.0,0.0,0.0,0.007194239737513448,0.007571793234871116,0.011853781371532522,0.01253238334658131,0.012692740889533205
double_wells,hybrid,5,19,0.9998691003988912,0.9999283383871261,0.9999416897938012,0.9999423050101781,0.9994243827338537,0.018139031434206657,0.016100868019750237,0.02311010103931613,0.0275133604555216,0.029479108150976385,0.007498554202142989,0.007446921466390588,0.013781247249775096,0.015016330474112367,0.017046517552837592,0.02225393696655274,0.02163234564632698,0.02503107202097163,0.026125238510937628,0.02705282281230131,0.01418089301477462,0.012719137814965656,0.01950707865362167,0.02149211666841151,0.029548599988249755,1.0,1.0,1.0,1.0,1.0,0.00030482337497538724,0.00025003947764653,0.000588743460656608,0.0006049793331760533,0.0006831426681701084,0.02223934264665006,0.019935362374813692,0.02884478744695663,0.03004455187235195,0.03191670476180397,0.0,0.0,0.0,0.0,0.0,0.005181586260195311,0.003922843262240239,0.01241117330709609,0.013505788288809297,0.017148598382901392
double_wells,hybrid,6,19,0.9996117224442386,0.9996925246863193,0.999728911602007,0.9997351996874347,0.9992166911922077,0.0307578083932012,0.02976097233624009,0.03588902195695835,0.03623681937282281,0.037837936708563585,0.009947912658795086,0.00956505599037083,0.01601510713382668,0.016260176403192304,0.016707154311257355,0.03203523335046709,0.0323244440491134,0.032763255229097156,0.03286103416145814,0.0329712948030286,0.018740062040767478,0.01677131571571984,0.02591351309514051,0.028862314288000318,0.031454775399863244,1.0,1.0,1.0,1.0,1.0,0.0006244073298395531,0.0005953274544047757,0.0008042125699882286,0.000819326806573698,0.0008403107699231063,0.02223934264665006,0.019935362374813692,0.02884478744695663,0.03004455187235195,0.03191670476180397,0.0,0.0,0.0,0.0,0.0,0.013894735755138596,0.015820635791330195,0.019577808501909023,0.02001252218651097,0.02116184256538034
double_wells,hybrid,7,19,0.9996294762937082,0.9996571450115709,0.9996740703220252,0.9996781855683038,0.9994630657090218,0.03072500464554484,0.030865739969322875,0.031330459183112426,0.03148783116396118,0.032253879276934114,0.010001987525083108,0.0109084318471111,0.017277144509910868,0.018141008769559975,0.018197152933300487,0.03240054541758663,0.03248062207108686,0.033309296861118276,0.03360506904981445,0.03387508628120937,0.018002964701075617,0.017265576927450173,0.022018340066198086,0.02338000124162289,0.02480474231436374,1.0,1.0,1.0,1.0,1.0,0.0004962827784060074,0.0004924049630277227,0.0005294508962669823,0.0005394566779039369,0.0005602272048000225,0.02223934264665006,0.019935362374813692,0.02884478744695663,0.03004455187235195,0.03191670476180397,0.0,0.0,0.0,0.0,0.0,0.015424741743221136,0.018762298727862614,0.023003940330296492,0.02335350156454985,0.02341804291928451
double_wells,hybrid,8,19,0.9996916712049565,0.9997119594506613,0.999744669782202,0.9997582849668962,0.9995715437117874,0.03211136844905883,0.03188744334656117,0.033696719826051484,0.033885659994010435,0.03398106849901827,0.0064713309125600076,0.00682235089825145,0.011919762102586872,0.012157033683034245,0.012430495327842017,0.03774448620356818,0.03774231415407175,0.038053447145300685,0.038123235682570665,0.03823818396769936,0.015021385318713956,0.014781700502473641,0.017005187805604602,0.017156592932667275,0.017278066186471194,1.0,1.0,1.0,1.0,1.0,0.00038415079810901777,0.00037844791785885177,0.00043211916332817674,0.0004382031016658372,0.00044309477412169925,0.02223934264665006,0.019935362374813692,0.02884478744695663,0.03004455187235195,0.03191670476180397,0.0,0.0,0.0,0.0,0.0,0.005243889808859779,0.0046322426772604786,0.00830334032132125,0.008745319719447935,0.011374802035049036
double_wells,hybrid,9,19,0.9995646205709524,0.9995600151280752,0.9995996680103051,0.9996051607599359,0.9994745630635911,0.037726616194599064,0.037265931051146436,0.03924049175667798,0.03935975507533512,0.03969026231374911,0.02068964984362668,0.019966763135142784,0.03886392455933709,0.044271598552250414,0.04760415474481228,0.039222250971504884,0.03920192719172133,0.03989824874290006,0.03996336568678384,0.04009834820638787,0.021285719181059506,0.02074055429934844,0.02500182826803942,0.025251415691575532,0.026670989623350846,1.0,1.0,1.0,1.0,1.0,0.0004100381928477721,0.00039916529091903077,0.00046451060071756126,0.0004681576488262407,0.000477143655311845,0.02223934264665006,0.019935362374813692,0.02884478744695663,0.03004455187235195,0.03191670476180397,0.0,0.0,0.0,0.0,0.0,0.022776507353967704,0.018345897186632598,0.0421619609412854,0.05383582913580485,0.05442650564306373
double_wells,hybrid,10,19,0.9992706125361972,0.9992725214392031,0.9993547090143284,0.9993547635321176,0.9990853839615417,0.04382789203477115,0.04372639285435523,0.04507665238115209,0.04532535550964206,0.046434310212576345,0.06745340530907552,0.060873727577598125,0.1126982090016886,0.15294976042501415,0.19356315093814036,0.04811909050418646,0.048051685705312076,0.048700846137472935,0.04902692401673775,0.05065255659502468,0.02304691042382003,0.02168341725959441,0.02521106550581514,0.025791523539670572,0.027949290908523557,1.0,1.0,1.0,1.0,1.0,0.0005105523987117321,0.0005067381009818159,0.0005359081890518578,0.0005444121849572171,0.0005709353463511192,0.02223934264665006,0.019935362374813692,0.02884478744695663,0.03004455187235195,0.03191670476180397,0.0,0.0,0.0,0.0,0.0,0.04819254770112399,0.04090696444245534,0.08810003171042327,0.10571588970159762,0.1496618364072857
double_wells,initial_ritz,0,19,0.9999897146453629,0.9999924098486599,0.999995470132936,0.9999960285030862,0.9999661038545755,0.011856140908279373,0.010837982002517867,0.018339874102639247,0.018575894657239217,0.019636100442812884,5.946709424281257e-05,3.452273595305755e-05,0.00016361623042850936,0.00016680723914199718,0.00018882848203238822,0.10290854732143302,0.09231241289970077,0.1377452082630574,0.14267726836984881,0.16710762398304133,0.0036905309397768315,0.0032583433900098655,0.005537029395607101,0.006188947130165517,0.007427712640275063,1.0,1.0,1.0,1.0,1.0,0.0,0.0,0.0,0.0,0.0,1.4795705577094022e-06,1.4943282969914762e-06,1.745484474113823e-06,1.7684539025175636e-06,1.9234920776156628e-06,0.0,0.0,0.0,0.0,0.0,,,,,
double_wells,initial_ritz,1,19,0.9999765807527641,0.9999853246318864,0.9999935145970522,0.9999940285510057,0.9999015715927392,0.015519416645035315,0.013919055157470364,0.023250681795711266,0.029306039478226246,0.032517627589046735,0.0001385471960156984,8.71363989169982e-05,0.0002976720557559707,0.000510054563662776,0.0006309602171523654,0.05902516424130031,0.0561710266414676,0.07494614147245536,0.08981075290382742,0.09536052429870134,0.005562225985707568,0.004718631901920158,0.008824406900670944,0.012672743627263514,0.013485115638794107,1.0,1.0,1.0,1.0,1.0,0.0003280710500327092,0.0002413992701790449,0.0009012673460319362,0.0010359736432346868,0.0011346892633062062,1.4795705577094022e-06,1.4943282969914762e-06,1.745484474113823e-06,1.7684539025175636e-06,1.9234920776156628e-06,0.0,0.0,0.0,0.0,0.0,0.00010293004099281548,7.188822107795367e-05,0.00023736783110521733,0.00034408455396215374,0.00044213173511997717
double_wells,initial_ritz,2,19,0.9999916387107095,0.9999953309702548,0.999997444984436,0.9999975713972132,0.9999723036899243,0.007489051233987858,0.006192482470632465,0.011868968419398567,0.013030054246506835,0.01507378319268698,0.00011337789470596651,0.00013633915723620937,0.0001457409268158738,0.00014705756338937446,0.0001567255004630841,0.018097294586056367,0.01697143063332785,0.026390066486935457,0.026564907151389476,0.026741932048978984,0.0034391638226420307,0.002541822245858796,0.006239267739137267,0.006600363343634589,0.007440588105597685,1.0,1.0,1.0,1.0,1.0,9.634261827633685e-05,6.952543009560614e-05,0.00020432429504829708,0.00022060263765215265,0.00026103309843754325,1.4795705577094022e-06,1.4943282969914762e-06,1.745484474113823e-06,1.7684539025175636e-06,1.9234920776156628e-06,0.0,0.0,0.0,0.0,0.0,0.0002504599305396903,0.0001832041323499567,0.0004048775821198002,0.0005096794292122947,0.0007524800682063848
double_wells,initial_ritz,3,19,0.9999807669755325,0.9999790910659021,0.9999864322039137,0.9999866410435181,0.9999729832545327,0.011550780352898835,0.011489981697395724,0.013615212140522678,0.013939146878661919,0.014462791949746378,0.00026293566336830105,0.00027358128959797945,0.0003253531634798801,0.00033091281768167215,0.00036535904501677763,0.02156692648480951,0.020987023923860492,0.025313167294274363,0.026319499415030014,0.028011173818881515,0.005572001978017771,0.0055400042661600465,0.0061560127896562785,0.006300568848485327,0.006752325511782586,1.0,1.0,1.0,1.0,1.0,9.025995794013106e-05,9.265235725921432e-05,0.00011842863563997578,0.00012655423951220127,0.0001307200714940111,1.4795705577094022e-06,1.4943282969914762e-06,1.745484474113823e-06,1.7684539025175636e-06,1.9234920776156628e-06,0.0,0.0,0.0,0.0,0.0,0.00015102292884430914,0.00013724213236177008,0.0002513870828054099,0.00027871292531838054,0.00032359823348904193
double_wells,initial_ritz,4,19,0.9999750667531985,0.9999749719682913,0.9999823681213668,0.9999834715398134,0.999967169333783,0.011221450699702458,0.011410293024830756,0.012415701675581222,0.012701784660406472,0.01270794071033458,0.0006734716190430406,0.0006815002320001984,0.0007234357436672667,0.0007366493260321236,0.0008282837410340527,0.01852019705906829,0.018951909587407015,0.019761549331183743,0.019916657694313215,0.01995638370348983,0.005804653446401717,0.005856282288905683,0.006659268301636831,0.006788164873538407,0.006818955989685361,1.0,1.0,1.0,1.0,1.0,7.810524844216545e-05,7.958605508095157e-05,9.00097700028096e-05,9.99545162059718e-05,0.00010012890111122921,1.4795705577094022e-06,1.4943282969914762e-06,1.745484474113823e-06,1.7684539025175636e-06,1.9234920776156628e-06,0.0,0.0,0.0,0.0,0.0,0.0004105359556747395,0.0004050690567618531,0.00045497038157416014,0.0004566896720397562,0.00046292469601727504
double_wells,initial_ritz,5,19,0.9999576999591312,0.9999594861314325,0.999968764092343,0.9999689977893562,0.9999360435607426,0.015488853370074046,0.014988819436176942,0.01787931846047917,0.019082535559619605,0.01925257591452935,0.0011599316341458557,0.0011729546361578524,0.0013698182507904555,0.0013718800531848264,0.0013856762643866816,0.021718266868370906,0.021405424712557963,0.023920088987422736,0.024852155435933252,0.025469046821565696,0.007512738204357569,0.007273698328137949,0.008741850327566986,0.008886295274223872,0.009498957388579456,1.0,1.0,1.0,1.0,1.0,0.00018435638933425344,0.000171202922065629,0.00022131127668299587,0.00023206989205296774,0.000249536200023204,1.4795705577094022e-06,1.4943282969914762e-06,1.745484474113823e-06,1.7684539025175636e-06,1.9234920776156628e-06,0.0,0.0,0.0,0.0,0.0,0.0004864600151028152,0.000540649008678562,0.0006522874222746999,0.0006814310370472532,0.0006838193684972627
double_wells,initial_ritz,6,19,0.9998649722809627,0.9998618563888746,0.9998819501287576,0.9998825704136024,0.999846780056418,0.026370846571536943,0.02653220245336325,0.02714635347957904,0.027204847782254415,0.02746523216053685,0.0011651079820993097,0.0011847064863088619,0.00129652752085061,0.0013141838393695424,0.0013927641178717032,0.03138068953964042,0.03158441306108808,0.03219216589687986,0.03233761835802536,0.03235472803423028,0.014213783719711203,0.014314607408663315,0.01486239684748051,0.014960769172170225,0.015133437494796512,1.0,1.0,1.0,1.0,1.0,0.00028672786858853304,0.00028694199141469934,0.0003023513424607689,0.00030625913344161764,0.0003073422098965813,1.4795705577094022e-06,1.4943282969914762e-06,1.745484474113823e-06,1.7684539025175636e-06,1.9234920776156628e-06,0.0,0.0,0.0,0.0,0.0,9.586518824846267e-05,0.00010512267085083238,0.0001395122249751246,0.00015600105571800238,0.00020178338757759207
double_wells,initial_ritz,7,19,0.999836498097842,0.999838427977536,0.9998450575433014,0.9998518244250835,0.9998076762031637,0.028576153581713164,0.0283529373173505,0.02944582233805207,0.02960882087134492,0.030081385846661608,0.001952065771302405,0.001960045895853746,0.0021151239574956904,0.0021391532783371137,0.0021467874837077794,0.03199265901382282,0.03216693968699756,0.03298244891462409,0.03320115352967768,0.033246573563670424,0.014514203672978232,0.014386146986933825,0.015660853825875332,0.016321341743600264,0.017095236908251987,1.0,1.0,1.0,1.0,1.0,0.0002774646835678755,0.000271040316005441,0.00029884821074401224,0.00030134785361771247,0.0003102848864703515,1.4795705577094022e-06,1.4943282969914762e-06,1.745484474113823e-06,1.7684539025175636e-06,1.9234920776156628e-06,0.0,0.0,0.0,0.0,0.0,0.0007869577892030951,0.0008451425083801922,0.0009258032713529652,0.0009345866423567271,0.000999676168056407
double_wells,initial_ritz,8,19,0.9998410263298927,0.9998426691390919,0.9998571737452623,0.999861990050913,0.9998064763989688,0.030711647395559028,0.030678370655652265,0.03154429506965308,0.03212597900038896,0.03226369070613313,0.0029786849795838677,0.0029763937758522374,0.0033050976923188814,0.0033229422783241703,0.0033293698983811737,0.03763898242891873,0.037666603156980887,0.03793351264134039,0.03797211167583868,0.03814528433988537,0.013211000978590655,0.013086386011220691,0.01469298312076274,0.015410844216502828,0.015602163032006509,1.0,1.0,1.0,1.0,1.0,0.00023964431374793308,0.00023470986249942813,0.0002602878464287744,0.0002687211325504347,0.0002768381608630562,1.4795705577094022e-06,1.4943282969914762e-06,1.745484474113823e-06,1.7684539025175636e-06,1.9234920776156628e-06,0.0,0.0,0.0,0.0,0.0,0.0010266192082814627,0.0010460277967467846,0.001182850544743097,0.0011915456776300014,0.001260149191102844
double_wells,initial_ritz,9,19,0.9997007085101342,0.9997092343687747,0.9997286036211523,0.9997298735287227,0.9996254635219605,0.03689820932723508,0.03664592581341153,0.038280937551863646,0.03865099060138616,0.0390212480170347,0.0035931198612944378,0.0035488270410608536,0.00396708341608587,0.004030539683706813,0.004035156842418175,0.038997787311846464,0.03898582907941291,0.0398161698092824,0.039866644355156355,0.04005328338193964,0.021643146459937705,0.0210476324835609,0.024538055170119165,0.024894924558988833,0.02552788480051794,1.0,1.0,1.0,1.0,1.0,0.0003035466906731471,0.0003000510754167336,0.0003322292526587977,0.0003346038227722542,0.00034578980519902393,1.4795705577094022e-06,1.4943282969914762e-06,1.745484474113823e-06,1.7684539025175636e-06,1.9234920776156628e-06,0.0,0.0,0.0,0.0,0.0,0.00061443488171057,0.0006049254982078978,0.0007167300221903261,0.0007326439818987396,0.0007390236080349055
double_wells,initial_ritz,10,19,0.9996414946232072,0.9996501035729475,0.9996836070826928,0.9996849965053719,0.999558486329055,0.04255006750462492,0.042513852707695324,0.04340521031767131,0.04361535088809977,0.04456070088652751,0.003963967422041935,0.0039559993075659605,0.004422611770211837,0.004469442048800065,0.004485062353094094,0.04716033930480751,0.047058056358526494,0.04755926575120566,0.04762447163053043,0.04779270785132307,0.021425110817121677,0.020686538969949618,0.02383713298966168,0.024770666247800055,0.02493836218342256,1.0,1.0,1.0,1.0,1.0,0.000315794707842287,0.0003119388006615758,0.0003458982493029991,0.00034612038840446305,0.00034642096195495396,1.4795705577094022e-06,1.4943282969914762e-06,1.745484474113823e-06,1.7684539025175636e-06,1.9234920776156628e-06,0.0,0.0,0.0,0.0,0.0,0.0003708475607474969,0.00037214544927888227,0.0004560266484809006,0.00047004453152448255,0.0005605308663918507
joint_parameter_extrapolation,direct_topology,0,2,0.9963354999274427,0.9963354999274427,0.999262956869831,0.9996288889876296,0.9926761787494573,0.07633168241693758,0.07633168241693758,0.13326914474574034,0.14038632753684066,0.147503510327941,0.0020518431157663386,0.0020518431157663386,0.002935850442064858,0.003046351357852173,0.0031568522736394877,0.156336904530094,0.156336904530094,0.2620934171045244,0.2753129811763282,0.288532545248132,0.05274623045966925,0.05274623045966925,0.09283123875622454,0.09784186479329393,0.10285249083036335,1.0,1.0,1.0,1.0,1.0,0.0,0.0,0.0,0.0,0.0,0.07056193637281113,0.07056193637281113,0.11455949984533655,0.12005919527940222,0.1255588907134679,0.0,0.0,0.0,0.0,0.0,,,,,
joint_parameter_extrapolation,direct_topology,1,2,0.9957860340785305,0.9957860340785305,0.9991407585341043,0.9995600990910511,0.991592628509063,0.08876603705997019,0.08876603705997019,0.153634371964916,0.1617429138280342,0.16985145569115245,0.0014727845866229217,0.0014727845866229217,0.001552715453892528,0.001562706812301229,0.0015726981707099297,0.14150206526144476,0.14150206526144476,0.24406624590477702,0.25688676848519354,0.2697072910656101,0.0809353570512987,0.0809353570512987,0.14151720648866908,0.14908993766834036,0.15666266884801167,1.0,1.0,1.0,1.0,1.0,0.00017104043585369988,0.00017104043585369988,0.00026474591135498983,0.00027645909579265105,0.0002881722802303123,0.07056193637281113,0.07056193637281113,0.11455949984533655,0.12005919527940222,0.1255588907134679,0.0,0.0,0.0,0.0,0.0,0.002577793744496071,0.002577793744496071,0.004299199104378748,0.004514374774364082,0.004729550444349417
joint_parameter_extrapolation,direct_topology,2,2,0.9992979967478344,0.9992979967478344,0.9997333214136391,0.9997877369968646,0.9987538409155786,0.04643320654005947,0.04643320654005947,0.06648219473078845,0.06898831825462957,0.0714944417784707,0.018656861354237275,0.018656861354237275,0.024258318737303865,0.024958500910187188,0.02565868308307051,0.04806480310004248,0.04806480310004248,0.05994361082775669,0.06142846179372097,0.06291331275968524,0.03474033885172007,0.03474033885172007,0.05422006538134523,0.056655031197548375,0.05908999701375152,1.0,1.0,1.0,1.0,1.0,0.0008287309917091668,0.0008287309917091668,0.0009679777498203871,0.0009853835945842896,0.0010027894393481922,0.07056193637281113,0.07056193637281113,0.11455949984533655,0.12005919527940222,0.1255588907134679,0.0,0.0,0.0,0.0,0.0,0.018756774938324283,0.018756774938324283,0.02553645999068921,0.026383920622234824,0.02723138125378044
joint_parameter_extrapolation,direct_topology,3,2,0.9974352694574662,0.9974352694574662,0.9993600978800962,0.9996007014329249,0.9950292339291787,0.0416023399371232,0.0416023399371232,0.05851105797815763,0.060624647733286935,0.06273823748841624,0.003237248578428664,0.003237248578428664,0.00438564819777505,0.004529198150193347,0.004672748102611646,0.0306849083861773,0.0306849083861773,0.038289337856188224,0.039239891539939585,0.04019044522369095,0.05183772276367328,0.05183772276367328,0.0859093601911556,0.09016831486959088,0.09442726954802617,1.0,1.0,1.0,1.0,1.0,0.0015440907953443586,0.0015440907953443586,0.00239428541832948,0.00250055974620262,0.0026068340740757604,0.07056193637281113,0.07056193637281113,0.11455949984533655,0.12005919527940222,0.1255588907134679,0.0,0.0,0.0,0.0,0.0,0.017221361830054294,0.017221361830054294,0.02023302035037795,0.02060947766541841,0.020985934980458865
joint_parameter_extrapolation,direct_topology,4,2,0.9992384154405268,0.9992384154405268,0.9998057720080388,0.9998766915789777,0.998529219731137,0.021040728658517274,0.021040728658517274,0.031424263793906296,0.03272220568582992,0.03402014757775355,0.011258534296580303,0.011258534296580303,0.01160041118181927,0.01164314579247414,0.011685880403129012,0.01612978650586096,0.01612978650586096,0.023446694824018413,0.02436130836378809,0.025275921903557774,0.02754368323260912,0.02754368323260912,0.04343223158830356,0.04541830013276536,0.04740436867722717,1.0,1.0,1.0,1.0,1.0,0.0007990988491475119,0.0007990988491475119,0.0014155018282661401,0.0014925522006559685,0.001569602573045797,0.07056193637281113,0.07056193637281113,0.11455949984533655,0.12005919527940222,0.1255588907134679,0.0,0.0,0.0,0.0,0.0,0.014495782875008967,0.014495782875008967,0.015302305609116384,0.015403120950879812,0.015503936292643239
joint_parameter_extrapolation,direct_topology,5,2,0.9987906425889628,0.9987906425889628,0.9996909830927674,0.9998035256557429,0.997665216959207,0.031593477560219435,0.031593477560219435,0.04920688393187534,0.051408559728332325,0.053610235524789315,0.007943808909240957,0.007943808909240957,0.00866523133400996,0.008755409137106086,0.00884558694020221,0.018626484796074226,0.018626484796074226,0.030367388902032288,0.03183500191527704,0.0333026149285218,0.035585864019069754,0.035585864019069754,0.05341127678488105,0.05563945338060746,0.05786762997633387,1.0,1.0,1.0,1.0,1.0,0.0006918131352729831,0.0006918131352729831,0.0011805205339243477,0.001241608958755768,0.0013026973835871887,0.07056193637281113,0.07056193637281113,0.11455949984533655,0.12005919527940222,0.1255588907134679,0.0,0.0,0.0,0.0,0.0,0.012160312327541556,0.012160312327541556,0.018173482569695355,0.018925128849964577,0.019676775130233803
joint_parameter_extrapolation,direct_topology,6,2,0.9992314467038744,0.9992314467038744,0.9998030542124834,0.9998745051510596,0.9985169373181132,0.027939766264976754,0.027939766264976754,0.041701217883481134,0.043421399335794184,0.04514158078810723,0.04252599587478989,0.04252599587478989,0.06141946714577986,0.06378115105465361,0.06614283496352735,0.021856026060560304,0.021856026060560304,0.03226723893104329,0.03356864053985366,0.03487004214866403,0.030852289280554224,0.030852289280554224,0.04872346065421924,0.05095735707592736,0.05319125349763549,1.0,1.0,1.0,1.0,1.0,0.0005370034049289633,0.0005370034049289633,0.0008235188570364176,0.0008593332885498493,0.0008951477200632811,0.07056193637281113,0.07056193637281113,0.11455949984533655,0.12005919527940222,0.1255588907134679,0.0,0.0,0.0,0.0,0.0,0.03458218696554893,0.03458218696554893,0.0527542358117699,0.05502574191754752,0.05729724802332514
joint_parameter_extrapolation,direct_topology,7,2,0.9996007466765293,0.9996007466765293,0.9997946647370431,0.9998189044946073,0.999358349100887,0.027076279288574284,0.027076279288574284,0.031816640803714366,0.03240918599310688,0.03300173118249939,0.035521679569245235,0.035521679569245235,0.045412349397024834,0.04664868312549728,0.04788501685396973,0.02406812548396596,0.02406812548396596,0.03027805066466762,0.031054291312255327,0.031830531959843034,0.027507373580195796,0.027507373580195796,0.04012588690822668,0.04170320107423054,0.0432805152402344,1.0,1.0,1.0,1.0,1.0,0.00026095369117429604,0.00026095369117429604,0.0003134942287382903,0.00032006179593378954,0.00032662936312928884,0.07056193637281113,0.07056193637281113,0.11455949984533655,0.12005919527940222,0.1255588907134679,0.0,0.0,0.0,0.0,0.0,0.011253501804012966,0.011253501804012966,0.01685695484844869,0.017557386479003154,0.018257818109557622
joint_parameter_extrapolation,direct_topology,8,2,0.9996866982690302,0.9996866982690302,0.9997671430730722,0.9997771986735775,0.9995861422639777,0.030071788138468437,0.030071788138468437,0.033795003486467565,0.034260405404967456,0.03472580732346735,0.043329677207063044,0.043329677207063044,0.057781895988199716,0.0595884233358418,0.061394950683483884,0.029226135198844497,0.029226135198844497,0.036530173233451285,0.03744317798777713,0.03835618274210298,0.01902656914919424,0.01902656914919424,0.023992470245398953,0.02461320788242454,0.02523394551945013,1.0,1.0,1.0,1.0,1.0,0.0004003103425742299,0.0004003103425742299,0.0004250630500886608,0.0004281571385279646,0.0004312512269672685,0.07056193637281113,0.07056193637281113,0.11455949984533655,0.12005919527940222,0.1255588907134679,0.0,0.0,0.0,0.0,0.0,0.0078079976378178095,0.0078079976378178095,0.012369546591174885,0.012939740210344518,0.013509933829514154
joint_parameter_extrapolation,direct_topology,9,2,0.9995380096686299,0.9995380096686299,0.9997232369805603,0.9997463903945516,0.9993064755287171,0.035723931100782313,0.035723931100782313,0.040847933820260876,0.0414884341601957,0.04212893450013052,0.025864352709876526,0.025864352709876526,0.026742987226382686,0.026852816540945956,0.026962645855509226,0.030882501565600767,0.030882501565600767,0.03605502864964155,0.036701594535146646,0.03734816042065175,0.02106892262973544,0.02106892262973544,0.026766623341740636,0.027478835930741283,0.028191048519741933,1.0,1.0,1.0,1.0,1.0,0.000427808146560613,0.000427808146560613,0.0005158588196710568,0.0005268651538098623,0.0005378714879486678,0.07056193637281113,0.07056193637281113,0.11455949984533655,0.12005919527940222,0.1255588907134679,0.0,0.0,0.0,0.0,0.0,0.043929626186297366,0.043929626186297366,0.07771473343544164,0.08193787184158467,0.08616101024772771
joint_parameter_extrapolation,direct_topology,10,2,0.9995141372013612,0.9995141372013612,0.9996548400653857,0.9996724279233887,0.9993382586213305,0.03915219654919003,0.03915219654919003,0.04377396657718768,0.04435168783068738,0.04492940908418709,0.12679248352362382,0.12679248352362382,0.15255806328503513,0.15577876075521155,0.15899945822538797,0.04017298359263412,0.04017298359263412,0.04824330910082329,0.049252099789346936,0.050260890477870586,0.022201819851448555,0.022201819851448555,0.02688734390164339,0.02747303440791774,0.028058724914192097,1.0,1.0,1.0,1.0,1.0,0.00042402579690377406,0.00042402579690377406,0.000506705641169448,0.0005170406217026572,0.0005273756022358665,0.07056193637281113,0.07056193637281113,0.11455949984533655,0.12005919527940222,0.1255588907134679,0.0,0.0,0.0,0.0,0.0,0.12569419037799112,0.12569419037799112,0.17215125230730366,0.17795838504846773,0.1837655177896318
joint_parameter_extrapolation,hybrid,0,2,0.9963354999274427,0.9963354999274427,0.999262956869831,0.9996288889876296,0.9926761787494573,0.07633168241693758,0.07633168241693758,0.13326914474574034,0.14038632753684066,0.147503510327941,0.0020518431157663386,0.0020518431157663386,0.002935850442064858,0.003046351357852173,0.0031568522736394877,0.156336904530094,0.156336904530094,0.2620934171045244,0.2753129811763282,0.288532545248132,0.05274623045966925,0.05274623045966925,0.09283123875622454,0.09784186479329393,0.10285249083036335,1.0,1.0,1.0,1.0,1.0,0.0,0.0,0.0,0.0,0.0,0.07056193637281113,0.07056193637281113,0.11455949984533655,0.12005919527940222,0.1255588907134679,0.0,0.0,0.0,0.0,0.0,,,,,
joint_parameter_extrapolation,hybrid,1,2,0.9957860340785305,0.9957860340785305,0.9991407585341043,0.9995600990910511,0.991592628509063,0.08876603705997019,0.08876603705997019,0.153634371964916,0.1617429138280342,0.16985145569115245,0.0014727845866229217,0.0014727845866229217,0.001552715453892528,0.001562706812301229,0.0015726981707099297,0.14150206526144476,0.14150206526144476,0.24406624590477702,0.25688676848519354,0.2697072910656101,0.0809353570512987,0.0809353570512987,0.14151720648866908,0.14908993766834036,0.15666266884801167,1.0,1.0,1.0,1.0,1.0,0.00017104043585369988,0.00017104043585369988,0.00026474591135498983,0.00027645909579265105,0.0002881722802303123,0.07056193637281113,0.07056193637281113,0.11455949984533655,0.12005919527940222,0.1255588907134679,0.0,0.0,0.0,0.0,0.0,0.002577793744496071,0.002577793744496071,0.004299199104378748,0.004514374774364082,0.004729550444349417
joint_parameter_extrapolation,hybrid,2,2,0.9992979967478344,0.9992979967478344,0.9997333214136391,0.9997877369968646,0.9987538409155786,0.04643320654005947,0.04643320654005947,0.06648219473078845,0.06898831825462957,0.0714944417784707,0.018656861354237275,0.018656861354237275,0.024258318737303865,0.024958500910187188,0.02565868308307051,0.04806480310004248,0.04806480310004248,0.05994361082775669,0.06142846179372097,0.06291331275968524,0.03474033885172007,0.03474033885172007,0.05422006538134523,0.056655031197548375,0.05908999701375152,1.0,1.0,1.0,1.0,1.0,0.0008287309917091668,0.0008287309917091668,0.0009679777498203871,0.0009853835945842896,0.0010027894393481922,0.07056193637281113,0.07056193637281113,0.11455949984533655,0.12005919527940222,0.1255588907134679,0.0,0.0,0.0,0.0,0.0,0.018756774938324283,0.018756774938324283,0.02553645999068921,0.026383920622234824,0.02723138125378044
joint_parameter_extrapolation,hybrid,3,2,0.9974352694574662,0.9974352694574662,0.9993600978800962,0.9996007014329249,0.9950292339291787,0.0416023399371232,0.0416023399371232,0.05851105797815763,0.060624647733286935,0.06273823748841624,0.003237248578428664,0.003237248578428664,0.00438564819777505,0.004529198150193347,0.004672748102611646,0.0306849083861773,0.0306849083861773,0.038289337856188224,0.039239891539939585,0.04019044522369095,0.05183772276367328,0.05183772276367328,0.0859093601911556,0.09016831486959088,0.09442726954802617,1.0,1.0,1.0,1.0,1.0,0.0015440907953443586,0.0015440907953443586,0.00239428541832948,0.00250055974620262,0.0026068340740757604,0.07056193637281113,0.07056193637281113,0.11455949984533655,0.12005919527940222,0.1255588907134679,0.0,0.0,0.0,0.0,0.0,0.017221361830054294,0.017221361830054294,0.02023302035037795,0.02060947766541841,0.020985934980458865
joint_parameter_extrapolation,hybrid,4,2,0.9992384154405268,0.9992384154405268,0.9998057720080388,0.9998766915789777,0.998529219731137,0.021040728658517274,0.021040728658517274,0.031424263793906296,0.03272220568582992,0.03402014757775355,0.011258534296580303,0.011258534296580303,0.01160041118181927,0.01164314579247414,0.011685880403129012,0.01612978650586096,0.01612978650586096,0.023446694824018413,0.02436130836378809,0.025275921903557774,0.02754368323260912,0.02754368323260912,0.04343223158830356,0.04541830013276536,0.04740436867722717,1.0,1.0,1.0,1.0,1.0,0.0007990988491475119,0.0007990988491475119,0.0014155018282661401,0.0014925522006559685,0.001569602573045797,0.07056193637281113,0.07056193637281113,0.11455949984533655,0.12005919527940222,0.1255588907134679,0.0,0.0,0.0,0.0,0.0,0.014495782875008967,0.014495782875008967,0.015302305609116384,0.015403120950879812,0.015503936292643239
joint_parameter_extrapolation,hybrid,5,2,0.9987906425889628,0.9987906425889628,0.9996909830927674,0.9998035256557429,0.997665216959207,0.031593477560219435,0.031593477560219435,0.04920688393187534,0.051408559728332325,0.053610235524789315,0.007943808909240957,0.007943808909240957,0.00866523133400996,0.008755409137106086,0.00884558694020221,0.018626484796074226,0.018626484796074226,0.030367388902032288,0.03183500191527704,0.0333026149285218,0.035585864019069754,0.035585864019069754,0.05341127678488105,0.05563945338060746,0.05786762997633387,1.0,1.0,1.0,1.0,1.0,0.0006918131352729831,0.0006918131352729831,0.0011805205339243477,0.001241608958755768,0.0013026973835871887,0.07056193637281113,0.07056193637281113,0.11455949984533655,0.12005919527940222,0.1255588907134679,0.0,0.0,0.0,0.0,0.0,0.012160312327541556,0.012160312327541556,0.018173482569695355,0.018925128849964577,0.019676775130233803
joint_parameter_extrapolation,hybrid,6,2,0.9992314467038744,0.9992314467038744,0.9998030542124834,0.9998745051510596,0.9985169373181132,0.027939766264976754,0.027939766264976754,0.041701217883481134,0.043421399335794184,0.04514158078810723,0.04252599587478989,0.04252599587478989,0.06141946714577986,0.06378115105465361,0.06614283496352735,0.021856026060560304,0.021856026060560304,0.03226723893104329,0.03356864053985366,0.03487004214866403,0.030852289280554224,0.030852289280554224,0.04872346065421924,0.05095735707592736,0.05319125349763549,1.0,1.0,1.0,1.0,1.0,0.0005370034049289633,0.0005370034049289633,0.0008235188570364176,0.0008593332885498493,0.0008951477200632811,0.07056193637281113,0.07056193637281113,0.11455949984533655,0.12005919527940222,0.1255588907134679,0.0,0.0,0.0,0.0,0.0,0.03458218696554893,0.03458218696554893,0.0527542358117699,0.05502574191754752,0.05729724802332514
joint_parameter_extrapolation,hybrid,7,2,0.9996007466765293,0.9996007466765293,0.9997946647370431,0.9998189044946073,0.999358349100887,0.027076279288574284,0.027076279288574284,0.031816640803714366,0.03240918599310688,0.03300173118249939,0.035521679569245235,0.035521679569245235,0.045412349397024834,0.04664868312549728,0.04788501685396973,0.02406812548396596,0.02406812548396596,0.03027805066466762,0.031054291312255327,0.031830531959843034,0.027507373580195796,0.027507373580195796,0.04012588690822668,0.04170320107423054,0.0432805152402344,1.0,1.0,1.0,1.0,1.0,0.00026095369117429604,0.00026095369117429604,0.0003134942287382903,0.00032006179593378954,0.00032662936312928884,0.07056193637281113,0.07056193637281113,0.11455949984533655,0.12005919527940222,0.1255588907134679,0.0,0.0,0.0,0.0,0.0,0.011253501804012966,0.011253501804012966,0.01685695484844869,0.017557386479003154,0.018257818109557622
joint_parameter_extrapolation,hybrid,8,2,0.9996866982690302,0.9996866982690302,0.9997671430730722,0.9997771986735775,0.9995861422639777,0.030071788138468437,0.030071788138468437,0.033795003486467565,0.034260405404967456,0.03472580732346735,0.043329677207063044,0.043329677207063044,0.057781895988199716,0.0595884233358418,0.061394950683483884,0.029226135198844497,0.029226135198844497,0.036530173233451285,0.03744317798777713,0.03835618274210298,0.01902656914919424,0.01902656914919424,0.023992470245398953,0.02461320788242454,0.02523394551945013,1.0,1.0,1.0,1.0,1.0,0.0004003103425742299,0.0004003103425742299,0.0004250630500886608,0.0004281571385279646,0.0004312512269672685,0.07056193637281113,0.07056193637281113,0.11455949984533655,0.12005919527940222,0.1255588907134679,0.0,0.0,0.0,0.0,0.0,0.0078079976378178095,0.0078079976378178095,0.012369546591174885,0.012939740210344518,0.013509933829514154
joint_parameter_extrapolation,hybrid,9,2,0.9995380096686299,0.9995380096686299,0.9997232369805603,0.9997463903945516,0.9993064755287171,0.035723931100782313,0.035723931100782313,0.040847933820260876,0.0414884341601957,0.04212893450013052,0.025864352709876526,0.025864352709876526,0.026742987226382686,0.026852816540945956,0.026962645855509226,0.030882501565600767,0.030882501565600767,0.03605502864964155,0.036701594535146646,0.03734816042065175,0.02106892262973544,0.02106892262973544,0.026766623341740636,0.027478835930741283,0.028191048519741933,1.0,1.0,1.0,1.0,1.0,0.000427808146560613,0.000427808146560613,0.0005158588196710568,0.0005268651538098623,0.0005378714879486678,0.07056193637281113,0.07056193637281113,0.11455949984533655,0.12005919527940222,0.1255588907134679,0.0,0.0,0.0,0.0,0.0,0.043929626186297366,0.043929626186297366,0.07771473343544164,0.08193787184158467,0.08616101024772771
joint_parameter_extrapolation,hybrid,10,2,0.9995141372013612,0.9995141372013612,0.9996548400653857,0.9996724279233887,0.9993382586213305,0.03915219654919003,0.03915219654919003,0.04377396657718768,0.04435168783068738,0.04492940908418709,0.12679248352362382,0.12679248352362382,0.15255806328503513,0.15577876075521155,0.15899945822538797,0.04017298359263412,0.04017298359263412,0.04824330910082329,0.049252099789346936,0.050260890477870586,0.022201819851448555,0.022201819851448555,0.02688734390164339,0.02747303440791774,0.028058724914192097,1.0,1.0,1.0,1.0,1.0,0.00042402579690377406,0.00042402579690377406,0.000506705641169448,0.0005170406217026572,0.0005273756022358665,0.07056193637281113,0.07056193637281113,0.11455949984533655,0.12005919527940222,0.1255588907134679,0.0,0.0,0.0,0.0,0.0,0.12569419037799112,0.12569419037799112,0.17215125230730366,0.17795838504846773,0.1837655177896318
joint_parameter_extrapolation,initial_ritz,0,2,0.9998591256680688,0.9998591256680688,0.9999704249559633,0.9999843373669501,0.9997200015582006,0.02968908462079395,0.02968908462079395,0.051104835717359375,0.05378180460443004,0.056458773491500726,0.001273484389566426,0.001273484389566426,0.002277240190227281,0.0024027096653098877,0.0025281791403924947,0.11777047130807994,0.11777047130807994,0.19608983109147818,0.20587975106440295,0.21566967103732773,0.0101382269087276,0.0101382269087276,0.017428061889369902,0.018339291261950188,0.019250520634530477,0.5,0.5,0.9,0.95,0.0,,,,,,1.617425943734041e-06,1.617425943734041e-06,1.7011478540274183e-06,1.7116130928140905e-06,1.7220783316007626e-06,0.0,0.0,0.0,0.0,0.0,,,,,
joint_parameter_extrapolation,initial_ritz,1,2,0.9998718507641877,0.9998718507641877,0.9999718134216439,0.9999843087538258,0.9997468974423674,0.03236342674236466,0.03236342674236466,0.05433619306109928,0.05708278885094111,0.05982938464078294,0.0012800827700640838,0.0012800827700640838,0.002217414531498729,0.0023345810016780597,0.0024517474718573906,0.1096866219643331,0.1096866219643331,0.18763627762366272,0.19737998458107892,0.20712369153849514,0.013005104863345551,0.013005104863345551,0.021823396887708953,0.02292568339075438,0.024027969893799805,1.0,1.0,1.0,1.0,1.0,0.0004843959505813697,0.0004843959505813697,0.0004843959505813697,0.0004843959505813697,0.0004843959505813697,1.617425943734041e-06,1.617425943734041e-06,1.7011478540274183e-06,1.7116130928140905e-06,1.7220783316007626e-06,0.0,0.0,0.0,0.0,0.0,8.303004903276179e-05,8.303004903276179e-05,8.830875343088796e-05,8.896859148065373e-05,8.96284295304195e-05
joint_parameter_extrapolation,initial_ritz,2,2,0.9999399119163268,0.9999399119163268,0.9999603964559335,0.9999629570233842,0.9999143062418187,0.023495763053496276,0.023495763053496276,0.027777403727645193,0.028312608811913807,0.028847813896182423,0.00029235628019996796,0.00029235628019996796,0.0004993897798179602,0.0005252689672702093,0.0005511481547224584,0.03798160406105392,0.03798160406105392,0.04306916560419281,0.043705110797085174,0.044341055989977535,0.010319368898046051,0.010319368898046051,0.012689024073822126,0.012985230970794135,0.013281437867766144,1.0,1.0,1.0,1.0,1.0,0.0002696570446282431,0.0002696570446282431,0.0003424789838694018,0.00035158172627454664,0.00036068446867969147,1.617425943734041e-06,1.617425943734041e-06,1.7011478540274183e-06,1.7116130928140905e-06,1.7220783316007626e-06,0.0,0.0,0.0,0.0,0.0,0.0009877264898641158,0.0009877264898641158,0.001718024751680769,0.0018093120344078505,0.0019005993171349322
joint_parameter_extrapolation,initial_ritz,3,2,0.9999588615619249,0.9999588615619249,0.9999691100644772,0.9999703911272962,0.9999460509337346,0.01747746210344343,0.01747746210344343,0.019317065002684514,0.019547015365089647,0.019776965727494784,0.00022822507345732213,0.00022822507345732213,0.0003635841502011683,0.00038050403479414905,0.00039742391938712984,0.026631040082998703,0.026631040082998703,0.03172029768300501,0.03235645488300579,0.032992612083006585,0.008769678361481422,0.008769678361481422,0.010049680841470347,0.010209681151468962,0.010369681461467578,1.0,1.0,1.0,1.0,1.0,0.00015986465053590137,0.00015986465053590137,0.00018196155914921815,0.00018472367272588273,0.00018748578630254734,1.617425943734041e-06,1.617425943734041e-06,1.7011478540274183e-06,1.7116130928140905e-06,1.7220783316007626e-06,0.0,0.0,0.0,0.0,0.0,0.00042799072045229813,0.00042799072045229813,0.0004792956858464148,0.0004857088065206794,0.000492121927194944
joint_parameter_extrapolation,initial_ritz,4,2,0.999979481239166,0.999979481239166,0.9999901985385314,0.9999915382009521,0.9999660846149592,0.008881267983945385,0.008881267983945385,0.011922050999077394,0.012302148875968895,0.012682246752860397,0.0008051203451351352,0.0008051203451351352,0.000988648374440393,0.00101158937810355,0.0010345303817667073,0.011740952370771324,0.011740952370771324,0.01671187456479091,0.017333239839043356,0.017954605113295805,0.005365771806901818,0.005365771806901818,0.006662051540757518,0.00682408650748948,0.006986121474221443,1.0,1.0,1.0,1.0,1.0,7.253336589625908e-05,7.253336589625908e-05,0.00010623275090241812,0.00011044517402818798,0.00011465759715395787,1.617425943734041e-06,1.617425943734041e-06,1.7011478540274183e-06,1.7116130928140905e-06,1.7220783316007626e-06,0.0,0.0,0.0,0.0,0.0,0.0006359214992053275,0.0006359214992053275,0.0006368694697447275,0.0006369879660621525,0.0006371064623795775
joint_parameter_extrapolation,initial_ritz,5,2,0.9999435602818003,0.9999435602818003,0.9999831692661448,0.9999881203891878,0.9998940490513698,0.014201065650047136,0.014201065650047136,0.02281560460926942,0.023892421979172202,0.02496923934907499,0.0010543464382326562,0.0010543464382326562,0.001483341341344513,0.001536965704233495,0.001590590067122477,0.01606639686035897,0.01606639686035897,0.027396022922542385,0.028812226180315308,0.030228429438088237,0.00802683799594669,0.00802683799594669,0.011979081331291337,0.012473111748209418,0.0129671421651275,1.0,1.0,1.0,1.0,1.0,0.00016251097250439327,0.00016251097250439327,0.0002505265918312854,0.00026152854424714694,0.00027253049666300846,1.617425943734041e-06,1.617425943734041e-06,1.7011478540274183e-06,1.7116130928140905e-06,1.7220783316007626e-06,0.0,0.0,0.0,0.0,0.0,0.0003068335922582488,0.0003068335922582488,0.0005062144667362656,0.0005311370760460177,0.0005560596853557698
joint_parameter_extrapolation,initial_ritz,6,2,0.9999008650694549,0.9999008650694549,0.9999557536497391,0.9999626147222747,0.9998322543440995,0.019221308936431675,0.019221308936431675,0.026264546567907783,0.027144951271842296,0.02802535597577681,0.0015275370124852028,0.0015275370124852028,0.0019896489324132014,0.0020474129224042014,0.0021051769123952013,0.019527575541819598,0.019527575541819598,0.0288932563718095,0.030063966475558236,0.031234676579306973,0.010753901152139523,0.010753901152139523,0.013947498010925713,0.014346697618273986,0.01474589722562226,1.0,1.0,1.0,1.0,1.0,0.00020109879302128024,0.00020109879302128024,0.00026749871506997206,0.0002757987053260585,0.000284098695582145,1.617425943734041e-06,1.617425943734041e-06,1.7011478540274183e-06,1.7116130928140905e-06,1.7220783316007626e-06,0.0,0.0,0.0,0.0,0.0,0.0004731905742525466,0.0004731905742525466,0.0005063075910686887,0.0005104472181707065,0.0005145868452727242
joint_parameter_extrapolation,initial_ritz,7,2,0.9998391805256752,0.9998391805256752,0.9998694367498511,0.999873218777873,0.9998013602454555,0.0248162101888103,0.0248162101888103,0.02808887253435563,0.0284979553275488,0.028907038120741965,0.002101951290131465,0.002101951290131465,0.0022819868761702277,0.0023044913244250733,0.0023269957726799184,0.023090652880590035,0.023090652880590035,0.029067268725170937,0.02981434570574355,0.03056142268631616,0.015101553526211432,0.015101553526211432,0.015699718374973238,0.015774488981068466,0.01584925958716369,1.0,1.0,1.0,1.0,1.0,0.0002528642520328186,0.0002528642520328186,0.00027166601167476526,0.0002740162316300086,0.00027636645158525194,1.617425943734041e-06,1.617425943734041e-06,1.7011478540274183e-06,1.7116130928140905e-06,1.7220783316007626e-06,0.0,0.0,0.0,0.0,0.0,0.0005744142776462624,0.0005744142776462624,0.0008564906115354987,0.0008917501532716531,0.0009270096950078077
joint_parameter_extrapolation,initial_ritz,8,2,0.999807538882973,0.999807538882973,0.9998379269250648,0.9998417254303262,0.9997695538303584,0.028980087182063304,0.028980087182063304,0.03218662041763607,0.03258743707208266,0.03298825372652926,0.0027243705816968333,0.0027243705816968333,0.00279375061647813,0.002802423120825792,0.0028110956251734542,0.028319301953210235,0.028319301953210235,0.035394238133066344,0.03627860515554836,0.03716297217803037,0.01623380253519171,0.01623380253519171,0.016913346132797512,0.016998289082498237,0.017083232032198963,1.0,1.0,1.0,1.0,1.0,0.00024911573435247017,0.00024911573435247017,0.00025085159100181987,0.0002510685730829886,0.0002512855551641573,1.617425943734041e-06,1.617425943734041e-06,1.7011478540274183e-06,1.7116130928140905e-06,1.7220783316007626e-06,0.0,0.0,0.0,0.0,0.0,0.0006224192915653681,0.0006224192915653681,0.000733074842822834,0.0007469067867300172,0.0007607387306372004
joint_parameter_extrapolation,initial_ritz,9,2,0.9996784316481975,0.9996784316481975,0.9997781002323276,0.9997905588053438,0.9995538459180349,0.03458130403048284,0.03458130403048284,0.03885829941383995,0.03939292383675958,0.03992754825967922,0.0032335699400662943,0.0032335699400662943,0.0032658121373994485,0.003269842412066093,0.0032738726867327372,0.030636356943581668,0.030636356943581668,0.03594642958368998,0.036610188663703525,0.03727394774371706,0.02238525434072792,0.02238525434072792,0.026966481704772623,0.02753913512527821,0.0281117885457838,1.0,1.0,1.0,1.0,1.0,0.0002981693903121516,0.0002981693903121516,0.0003438369603863305,0.00034954540664560287,0.00035525385290487523,1.617425943734041e-06,1.617425943734041e-06,1.7011478540274183e-06,1.7116130928140905e-06,1.7220783316007626e-06,0.0,0.0,0.0,0.0,0.0,0.000509199358369461,0.000509199358369461,0.0006108215904839121,0.0006235243694982185,0.0006362271485125248
joint_parameter_extrapolation,initial_ritz,10,2,0.9996819625787012,0.9996819625787012,0.9997196533507653,0.9997243646972732,0.9996348491136211,0.038166867712176,0.038166867712176,0.04212319053675241,0.042617730889824464,0.043112271242896516,0.003842168048159955,0.003842168048159955,0.004047178046387679,0.004072804296166144,0.004098430545944609,0.0372766637213905,0.0372766637213905,0.04511809436668934,0.0460982731973517,0.047078452028014056,0.020251433352439042,0.020251433352439042,0.020782875079111387,0.020849305294945428,0.020915735510779472,1.0,1.0,1.0,1.0,1.0,0.0002593312559682244,0.0002593312559682244,0.00029503135807873844,0.0002994938708425527,0.00030395638360636697,1.617425943734041e-06,1.617425943734041e-06,1.7011478540274183e-06,1.7116130928140905e-06,1.7220783316007626e-06,0.0,0.0,0.0,0.0,0.0,0.0006085981080936609,0.0006085981080936609,0.0007813659089882296,0.0008029618841000507,0.0008245578592118719
localized_defects,direct_topology,0,19,0.9876719511101067,0.9997300707000423,0.9999376956546643,0.9999657258309388,0.7749405842602607,0.0757898522645153,0.03912131142129959,0.1336526520704549,0.18703131453639532,0.5184169256315775,0.0472993968659424,0.007747400658792869,0.13577641852202116,0.18318129719132334,0.2461657759088065,0.24892679886811728,0.17781978028367093,0.5225832144205533,0.585238360383686,0.6564849550912358,0.05116825488848581,0.018059190891048345,0.07346279404845363,0.13096332081825757,0.5211623582540744,1.0,1.0,1.0,1.0,1.0,0.0,0.0,0.0,0.0,0.0,0.10643906492854471,0.06851296748061421,0.2065670687984854,0.22733090739380368,0.4038515591159743,0.0,0.0,0.0,0.0,0.0,,,,,
localized_defects,direct_topology,1,19,0.9829572407586025,0.9965989982964039,0.9988747049010196,0.9994854873610949,0.7819062850101773,0.11672758758895667,0.09486480098301105,0.17118392575431665,0.223359598658802,0.513787063403494,0.027414830086787998,0.023266451201569227,0.05964813524582055,0.06381338053104002,0.07605935042455503,0.20076978794109487,0.16376488228415542,0.3826679773216716,0.4741394083852297,0.4867903802350134,0.11422968806488491,0.07201852376669336,0.16477644280860096,0.22553296974989936,0.4938343671448947,1.0,1.0,1.0,1.0,1.0,0.002937403827021684,0.001996502972071156,0.004599090084677824,0.006965412023372718,0.019403253782315777,0.10643906492854471,0.06851296748061421,0.2065670687984854,0.22733090739380368,0.4038515591159743,0.0,0.0,0.0,0.0,0.0,0.06529536135485534,0.027035201087598493,0.16273656710385687,0.19164493796178603,0.322225007124072
localized_defects,direct_topology,2,19,0.972532774868829,0.9899614576670691,0.9973764560751047,0.9978329017975834,0.6836754962347251,0.15604919789806043,0.1295204710625341,0.21349896907274565,0.30787208205852595,0.6302216127106235,0.027954236586370633,0.014416536413499603,0.059149310516053336,0.08067747912301115,0.15546917802299998,0.21553399776434468,0.13353388676719682,0.377890309151216,0.4861757187507294,0.9409251569209228,0.1748030174847307,0.12848126695393433,0.25859774535463315,0.3199370824063159,0.7862117773324093,1.0,1.0,1.0,1.0,1.0,0.003237352748461385,0.003464347283552253,0.005475527904057141,0.007844391534752576,0.011044732737387965,0.10643906492854471,0.06851296748061421,0.2065670687984854,0.22733090739380368,0.4038515591159743,0.0,0.0,0.0,0.0,0.0,0.0369066793236942,0.028348087921571508,0.052467859236855256,0.07769281907803971,0.21792189523253835
localized_defects,direct_topology,3,19,0.9523123240687541,0.9875025347335853,0.9983531394244903,0.9989812793415427,0.5354996010823542,0.18687054851503643,0.11484041868389072,0.3525401239297287,0.5191922163678587,0.8176671777769368,0.04104963593589906,0.023634470184053846,0.10874963716922886,0.12339838969977687,0.13275502328425093,0.14683315327759128,0.10402986961909338,0.3685104543271799,0.45417547670713604,0.5581817489763656,0.22104396931197853,0.1592457650572739,0.39855831427461824,0.6727015325940825,1.028768648364415,1.0,1.0,1.0,1.0,1.0,0.004335113588813733,0.0035443458339834226,0.008492121777181491,0.009755138220647847,0.01849411620230034,0.10643906492854471,0.06851296748061421,0.2065670687984854,0.22733090739380368,0.4038515591159743,0.0,0.0,0.0,0.0,0.0,0.051886427373705364,0.03857858408181247,0.11343174315685677,0.13546033210915212,0.162674343524861
localized_defects,direct_topology,4,19,0.9461933911942113,0.9898033318271581,0.9991158670818391,0.9993035302744645,0.6451731149364216,0.20688149554167495,0.11487812062398951,0.5391877988005369,0.6657112500882247,0.690684244303044,0.06008961236324818,0.02972978030986262,0.145195822055763,0.18558235473953424,0.24931195833684217,0.1277550361904191,0.0665038187962124,0.2851828840538005,0.4925547659108055,0.6595660978566782,0.24673437506933082,0.17911008761899927,0.6270185950899717,0.824973857861879,0.8998856382519254,1.0,1.0,1.0,1.0,1.0,0.003877391419143136,0.00222606933251049,0.010702135420508454,0.01128024079337069,0.011450683398161575,0.10643906492854471,0.06851296748061421,0.2065670687984854,0.22733090739380368,0.4038515591159743,0.0,0.0,0.0,0.0,0.0,0.047853575869864655,0.044682045631867506,0.09910122982985545,0.12564712298308486,0.1269531945908957
localized_defects,direct_topology,5,19,0.9407790618692855,0.9930572459905852,0.9993691689505649,0.999577959590917,0.6026767245773192,0.1814661829432948,0.09410489092399224,0.4472513100552562,0.6700456321192032,0.6953205212623635,0.07674522358037383,0.03259455470928074,0.21519562982732493,0.27349283209035224,0.32873897309088784,0.07147528389174702,0.037935638688253163,0.15290868303274002,0.18361553614098675,0.25647080978722203,0.25121682087340014,0.13705819877078534,0.6032300016517655,0.7931553067793058,0.9560509769080104,1.0,1.0,1.0,1.0,1.0,0.0026477441259692923,0.0015628035933491391,0.005086200728626515,0.0077315221815652466,0.012117675488076836,0.10643906492854471,0.06851296748061421,0.2065670687984854,0.22733090739380368,0.4038515591159743,0.0,0.0,0.0,0.0,0.0,0.07295224677412988,0.035922179857728054,0.2089831640012096,0.31820592848092033,0.33902539994077285
localized_defects,direct_topology,6,19,0.9228041542946954,0.9957541145984316,0.9994477265420042,0.9997474358701494,0.735579260476512,0.21916864985411424,0.06529467800787894,0.5420137363363067,0.5692007613908537,0.6188049535079855,0.05652295112006942,0.039485346319199977,0.1236057426544108,0.15188760256588296,0.17624912381923563,0.05927035950917933,0.02476856596652518,0.1377772032624185,0.15527379056890261,0.18237695163048018,0.3030823116617463,0.11824604403379264,0.7588720731064046,0.7787544724822602,0.790257908943705,1.0,1.0,1.0,1.0,1.0,0.002880903601436674,0.0008287463023629013,0.006824817911829656,0.008292293299641628,0.010609549906216537,0.10643906492854471,0.06851296748061421,0.2065670687984854,0.22733090739380368,0.4038515591159743,0.0,0.0,0.0,0.0,0.0,0.08774687092529565,0.028323617087043118,0.30117037876898684,0.3188956695429158,0.3674615754849917
localized_defects,direct_topology,7,19,0.9148484239324598,0.9969851205491714,0.9995543296556914,0.9997536296080938,0.49459778224365514,0.22292135275823857,0.0584411798627543,0.5179860131550187,0.6358681883787197,0.9243967446974589,0.07272188414963228,0.04933610498184571,0.14050951970123354,0.1769819040035967,0.3655935800854051,0.056706963210848886,0.0352831923526414,0.11351598436294302,0.16495202689490085,0.19130039515936823,0.3009453956312805,0.06993834079013202,0.7511300444326507,0.8672262200922516,1.2027169389197365,1.0,1.0,1.0,1.0,1.0,0.0028746190664529193,0.0008038128436725943,0.007942138544937307,0.009212236267992968,0.010697086687293453,0.10643906492854471,0.06851296748061421,0.2065670687984854,0.22733090739380368,0.4038515591159743,0.0,0.0,0.0,0.0,0.0,0.08464303098494028,0.03297476056522264,0.2633496489223608,0.3044673932217255,0.3322741749248541
localized_defects,direct_topology,8,19,0.9341472660913596,0.9984404806785817,0.9995346272548331,0.9997413394428037,0.6408542449551681,0.19450402149619261,0.04991357612208691,0.4815002828741695,0.5225167466165567,0.7302924995528419,0.07507575619282433,0.04051935283879349,0.17071330789786895,0.22504772386084196,0.2639342072805313,0.05081726349989026,0.03749940077251511,0.09700663632220555,0.13519378556086883,0.15790852376331296,0.25152227801352284,0.04899263117387603,0.6578995881746805,0.7587034251425283,0.9674481315721767,1.0,1.0,1.0,1.0,1.0,0.002266087725000426,0.000946767239484683,0.005735198329725541,0.006371727767255761,0.008120787225573878,0.10643906492854471,0.06851296748061421,0.2065670687984854,0.22733090739380368,0.4038515591159743,0.0,0.0,0.0,0.0,0.0,0.08114510715633025,0.020302089469192985,0.23420498069530327,0.25510551536986625,0.35100052287609884
localized_defects,direct_topology,9,19,0.9429664580307561,0.9984317715992702,0.9995180952117446,0.9997492774527871,0.5726547498658134,0.18097486865122436,0.05277639860363914,0.461013286565049,0.5319794927589255,0.8509798548870396,0.04916117412008497,0.03355123909944702,0.11112881106774014,0.11869258979918511,0.13836489419632203,0.043814248490582595,0.03179043874282904,0.07494465009258525,0.11896422896685681,0.12235416545488448,0.23369055531857208,0.048558541662301447,0.6329903707077432,0.7290723098837618,1.1065194229801831,1.0,1.0,1.0,1.0,1.0,0.0022283031118052886,0.0008134596848271424,0.006815873559372112,0.007181904003767093,0.007211804004126461,0.10643906492854471,0.06851296748061421,0.2065670687984854,0.22733090739380368,0.4038515591159743,0.0,0.0,0.0,0.0,0.0,0.061809187645285965,0.02160124374153316,0.20401072795055109,0.21832168324733098,0.2519904051222053
localized_defects,direct_topology,10,19,0.9665914049328584,0.9986149637210848,0.9994591419511601,0.9995839079427713,0.7405158247244502,0.141464742580637,0.05145056229703605,0.3580348143549589,0.4162325012473744,0.49125736551163757,0.14557540558490772,0.1043108962483732,0.3088629953686473,0.3271542948582256,0.4169811122613991,0.04736975383944574,0.04464923309701584,0.07918611717214559,0.08893978195287731,0.10103076247875105,0.18182665648612856,0.04639659854116834,0.40920029717511475,0.4965734172462868,0.7484408930278323,1.0,1.0,1.0,1.0,1.0,0.0019354590877476295,0.0006943154340883506,0.006140033066400064,0.006678630061561435,0.006730648614707617,0.10643906492854471,0.06851296748061421,0.2065670687984854,0.22733090739380368,0.4038515591159743,0.0,0.0,0.0,0.0,0.0,0.12601406744263977,0.06428611728710765,0.32652849176430393,0.386636338337773,0.4050373101030731
localized_defects,hybrid,0,19,0.9876719511101067,0.9997300707000423,0.9999376956546643,0.9999657258309388,0.7749405842602607,0.0757898522645153,0.03912131142129959,0.1336526520704549,0.18703131453639532,0.5184169256315775,0.0472993968659424,0.007747400658792869,0.13577641852202116,0.18318129719132334,0.2461657759088065,0.24892679886811728,0.17781978028367093,0.5225832144205533,0.585238360383686,0.6564849550912358,0.05116825488848581,0.018059190891048345,0.07346279404845363,0.13096332081825757,0.5211623582540744,1.0,1.0,1.0,1.0,1.0,0.0,0.0,0.0,0.0,0.0,0.10643906492854471,0.06851296748061421,0.2065670687984854,0.22733090739380368,0.4038515591159743,0.0,0.0,0.0,0.0,0.0,,,,,
localized_defects,hybrid,1,19,0.9829572407586025,0.9965989982964039,0.9988747049010196,0.9994854873610949,0.7819062850101773,0.11672758758895667,0.09486480098301105,0.17118392575431665,0.223359598658802,0.513787063403494,0.027414830086787998,0.023266451201569227,0.05964813524582055,0.06381338053104002,0.07605935042455503,0.20076978794109487,0.16376488228415542,0.3826679773216716,0.4741394083852297,0.4867903802350134,0.11422968806488491,0.07201852376669336,0.16477644280860096,0.22553296974989936,0.4938343671448947,1.0,1.0,1.0,1.0,1.0,0.002937403827021684,0.001996502972071156,0.004599090084677824,0.006965412023372718,0.019403253782315777,0.10643906492854471,0.06851296748061421,0.2065670687984854,0.22733090739380368,0.4038515591159743,0.0,0.0,0.0,0.0,0.0,0.06529536135485534,0.027035201087598493,0.16273656710385687,0.19164493796178603,0.322225007124072
localized_defects,hybrid,2,19,0.972532774868829,0.9899614576670691,0.9973764560751047,0.9978329017975834,0.6836754962347251,0.15604919789806043,0.1295204710625341,0.21349896907274565,0.30787208205852595,0.6302216127106235,0.027954236586370633,0.014416536413499603,0.059149310516053336,0.08067747912301115,0.15546917802299998,0.21553399776434468,0.13353388676719682,0.377890309151216,0.4861757187507294,0.9409251569209228,0.1748030174847307,0.12848126695393433,0.25859774535463315,0.3199370824063159,0.7862117773324093,1.0,1.0,1.0,1.0,1.0,0.003237352748461385,0.003464347283552253,0.005475527904057141,0.007844391534752576,0.011044732737387965,0.10643906492854471,0.06851296748061421,0.2065670687984854,0.22733090739380368,0.4038515591159743,0.0,0.0,0.0,0.0,0.0,0.0369066793236942,0.028348087921571508,0.052467859236855256,0.07769281907803971,0.21792189523253835
localized_defects,hybrid,3,19,0.9523123240687541,0.9875025347335853,0.9983531394244903,0.9989812793415427,0.5354996010823542,0.18687054851503643,0.11484041868389072,0.3525401239297287,0.5191922163678587,0.8176671777769368,0.04104963593589906,0.023634470184053846,0.10874963716922886,0.12339838969977687,0.13275502328425093,0.14683315327759128,0.10402986961909338,0.3685104543271799,0.45417547670713604,0.5581817489763656,0.22104396931197853,0.1592457650572739,0.39855831427461824,0.6727015325940825,1.028768648364415,1.0,1.0,1.0,1.0,1.0,0.004335113588813733,0.0035443458339834226,0.008492121777181491,0.009755138220647847,0.01849411620230034,0.10643906492854471,0.06851296748061421,0.2065670687984854,0.22733090739380368,0.4038515591159743,0.0,0.0,0.0,0.0,0.0,0.051886427373705364,0.03857858408181247,0.11343174315685677,0.13546033210915212,0.162674343524861
localized_defects,hybrid,4,19,0.9461933911942113,0.9898033318271581,0.9991158670818391,0.9993035302744645,0.6451731149364216,0.20688149554167495,0.11487812062398951,0.5391877988005369,0.6657112500882247,0.690684244303044,0.06008961236324818,0.02972978030986262,0.145195822055763,0.18558235473953424,0.24931195833684217,0.1277550361904191,0.0665038187962124,0.2851828840538005,0.4925547659108055,0.6595660978566782,0.24673437506933082,0.17911008761899927,0.6270185950899717,0.824973857861879,0.8998856382519254,1.0,1.0,1.0,1.0,1.0,0.003877391419143136,0.00222606933251049,0.010702135420508454,0.01128024079337069,0.011450683398161575,0.10643906492854471,0.06851296748061421,0.2065670687984854,0.22733090739380368,0.4038515591159743,0.0,0.0,0.0,0.0,0.0,0.047853575869864655,0.044682045631867506,0.09910122982985545,0.12564712298308486,0.1269531945908957
localized_defects,hybrid,5,19,0.9407790618692855,0.9930572459905852,0.9993691689505649,0.999577959590917,0.6026767245773192,0.1814661829432948,0.09410489092399224,0.4472513100552562,0.6700456321192032,0.6953205212623635,0.07674522358037383,0.03259455470928074,0.21519562982732493,0.27349283209035224,0.32873897309088784,0.07147528389174702,0.037935638688253163,0.15290868303274002,0.18361553614098675,0.25647080978722203,0.25121682087340014,0.13705819877078534,0.6032300016517655,0.7931553067793058,0.9560509769080104,1.0,1.0,1.0,1.0,1.0,0.0026477441259692923,0.0015628035933491391,0.005086200728626515,0.0077315221815652466,0.012117675488076836,0.10643906492854471,0.06851296748061421,0.2065670687984854,0.22733090739380368,0.4038515591159743,0.0,0.0,0.0,0.0,0.0,0.07295224677412988,0.035922179857728054,0.2089831640012096,0.31820592848092033,0.33902539994077285
localized_defects,hybrid,6,19,0.9228041542946954,0.9957541145984316,0.9994477265420042,0.9997474358701494,0.735579260476512,0.21916864985411424,0.06529467800787894,0.5420137363363067,0.5692007613908537,0.6188049535079855,0.05652295112006942,0.039485346319199977,0.1236057426544108,0.15188760256588296,0.17624912381923563,0.05927035950917933,0.02476856596652518,0.1377772032624185,0.15527379056890261,0.18237695163048018,0.3030823116617463,0.11824604403379264,0.7588720731064046,0.7787544724822602,0.790257908943705,1.0,1.0,1.0,1.0,1.0,0.002880903601436674,0.0008287463023629013,0.006824817911829656,0.008292293299641628,0.010609549906216537,0.10643906492854471,0.06851296748061421,0.2065670687984854,0.22733090739380368,0.4038515591159743,0.0,0.0,0.0,0.0,0.0,0.08774687092529565,0.028323617087043118,0.30117037876898684,0.3188956695429158,0.3674615754849917
localized_defects,hybrid,7,19,0.9148484239324598,0.9969851205491714,0.9995543296556914,0.9997536296080938,0.49459778224365514,0.22292135275823857,0.0584411798627543,0.5179860131550187,0.6358681883787197,0.9243967446974589,0.07272188414963228,0.04933610498184571,0.14050951970123354,0.1769819040035967,0.3655935800854051,0.056706963210848886,0.0352831923526414,0.11351598436294302,0.16495202689490085,0.19130039515936823,0.3009453956312805,0.06993834079013202,0.7511300444326507,0.8672262200922516,1.2027169389197365,1.0,1.0,1.0,1.0,1.0,0.0028746190664529193,0.0008038128436725943,0.007942138544937307,0.009212236267992968,0.010697086687293453,0.10643906492854471,0.06851296748061421,0.2065670687984854,0.22733090739380368,0.4038515591159743,0.0,0.0,0.0,0.0,0.0,0.08464303098494028,0.03297476056522264,0.2633496489223608,0.3044673932217255,0.3322741749248541
localized_defects,hybrid,8,19,0.9341472660913596,0.9984404806785817,0.9995346272548331,0.9997413394428037,0.6408542449551681,0.19450402149619261,0.04991357612208691,0.4815002828741695,0.5225167466165567,0.7302924995528419,0.07507575619282433,0.04051935283879349,0.17071330789786895,0.22504772386084196,0.2639342072805313,0.05081726349989026,0.03749940077251511,0.09700663632220555,0.13519378556086883,0.15790852376331296,0.25152227801352284,0.04899263117387603,0.6578995881746805,0.7587034251425283,0.9674481315721767,1.0,1.0,1.0,1.0,1.0,0.002266087725000426,0.000946767239484683,0.005735198329725541,0.006371727767255761,0.008120787225573878,0.10643906492854471,0.06851296748061421,0.2065670687984854,0.22733090739380368,0.4038515591159743,0.0,0.0,0.0,0.0,0.0,0.08114510715633025,0.020302089469192985,0.23420498069530327,0.25510551536986625,0.35100052287609884
localized_defects,hybrid,9,19,0.9429664580307561,0.9984317715992702,0.9995180952117446,0.9997492774527871,0.5726547498658134,0.18097486865122436,0.05277639860363914,0.461013286565049,0.5319794927589255,0.8509798548870396,0.04916117412008497,0.03355123909944702,0.11112881106774014,0.11869258979918511,0.13836489419632203,0.043814248490582595,0.03179043874282904,0.07494465009258525,0.11896422896685681,0.12235416545488448,0.23369055531857208,0.048558541662301447,0.6329903707077432,0.7290723098837618,1.1065194229801831,1.0,1.0,1.0,1.0,1.0,0.0022283031118052886,0.0008134596848271424,0.006815873559372112,0.007181904003767093,0.007211804004126461,0.10643906492854471,0.06851296748061421,0.2065670687984854,0.22733090739380368,0.4038515591159743,0.0,0.0,0.0,0.0,0.0,0.061809187645285965,0.02160124374153316,0.20401072795055109,0.21832168324733098,0.2519904051222053
localized_defects,hybrid,10,19,0.9665914049328584,0.9986149637210848,0.9994591419511601,0.9995839079427713,0.7405158247244502,0.141464742580637,0.05145056229703605,0.3580348143549589,0.4162325012473744,0.49125736551163757,0.14557540558490772,0.1043108962483732,0.3088629953686473,0.3271542948582256,0.4169811122613991,0.04736975383944574,0.04464923309701584,0.07918611717214559,0.08893978195287731,0.10103076247875105,0.18182665648612856,0.04639659854116834,0.40920029717511475,0.4965734172462868,0.7484408930278323,1.0,1.0,1.0,1.0,1.0,0.0019354590877476295,0.0006943154340883506,0.006140033066400064,0.006678630061561435,0.006730648614707617,0.10643906492854471,0.06851296748061421,0.2065670687984854,0.22733090739380368,0.4038515591159743,0.0,0.0,0.0,0.0,0.0,0.12601406744263977,0.06428611728710765,0.32652849176430393,0.386636338337773,0.4050373101030731
localized_defects,initial_ritz,0,19,0.9994721660016108,0.9999245530732841,0.9999837355555854,0.9999852937386604,0.9937968598297171,0.05438579633573502,0.03719276743959258,0.12201695326787823,0.1535451290908286,0.2037383482694403,0.003955245582450458,0.0007552865606759163,0.011039808572437597,0.01978928307745398,0.02902700033662442,0.23730460580047913,0.16066582879610258,0.49522513461170287,0.5558685534565829,0.6082174700283793,0.019673678095659907,0.010720475443655,0.056024383730682664,0.05874973174509488,0.06468095102365141,0.9473684210526315,1.0,1.0,1.0,0.0,0.0,0.0,0.0,0.0,0.0,1.4260020889141151e-06,1.3628055866021782e-06,1.6385523741613283e-06,1.6549905849316812e-06,1.7736679071012063e-06,0.0,0.0,0.0,0.0,0.0,,,,,
localized_defects,initial_ritz,1,19,0.9992906832940256,0.9998752541478658,0.999970087461452,0.9999729248999958,0.9940635013224525,0.05559660259235304,0.04268324588586237,0.09711191218255508,0.12071940257273037,0.18811640002528768,0.0035179066444312192,0.0010793883644106828,0.008320518530720578,0.010104879036773776,0.022922896126961412,0.1905294360579133,0.14208091151558366,0.3776447335877123,0.4512315078173332,0.5159785250768324,0.024200520613433793,0.015856507104816866,0.045678101055119893,0.0714835312093045,0.08181490006873833,0.631578947368421,1.0,1.0,1.0,0.0,0.00011306779177982619,0.00010977790408842582,0.00020497697482883346,0.0002168768586713844,0.00022877674251393535,1.4260020889141151e-06,1.3628055866021782e-06,1.6385523741613283e-06,1.6549905849316812e-06,1.7736679071012063e-06,0.0,0.0,0.0,0.0,0.0,0.004156934671315843,0.0034245257162723863,0.007885471715630742,0.009739059103346496,0.017712451681778152
localized_defects,initial_ritz,2,19,0.9810603430945776,0.9996929637826061,0.9999276746599888,0.9999336428523962,0.6608318555743143,0.10044760580500292,0.055884856483101625,0.18043448572914428,0.26075944922572036,0.6475003636791159,0.007696193716024807,0.0021626729795158894,0.020566719798167075,0.035332712306429294,0.0477946720663025,0.17970795248648716,0.12291949575138526,0.3663217738753404,0.42313751161521285,0.4895614273692706,0.07452107086735613,0.026297864640300064,0.08358322836550804,0.16863567727888704,0.8458563549120164,0.6842105263157895,1.0,1.0,1.0,0.0,0.0005715512105771675,0.0005804506733132701,0.0008150756870170294,0.0008419893778100207,0.0008689030686030123,1.4260020889141151e-06,1.3628055866021782e-06,1.6385523741613283e-06,1.6549905849316812e-06,1.7736679071012063e-06,0.0,0.0,0.0,0.0,0.0,0.005046643257174778,0.0012656590816493285,0.015964497735818775,0.02491133786493158,0.025267395195246012
localized_defects,initial_ritz,3,19,0.9746130009248978,0.9997648136493756,0.9999098909445674,0.9999416846050643,0.6524713295418166,0.1156730682549625,0.04356618589143878,0.23956390670586053,0.4249647794123016,0.6921424730379789,0.015721284935500752,0.0011112100693999594,0.04409987135123914,0.09619807363198393,0.10498293009715254,0.141785716720933,0.08126601211602763,0.393136843738982,0.47147424520603126,0.5746956406222912,0.10090122493660582,0.022991102950483948,0.19077264723132892,0.5675865815839375,0.843983736461364,0.7368421052631579,1.0,1.0,1.0,0.0,0.00115648612452364,0.00033125545520348756,0.0025314259431552617,0.002660418166169754,0.0027894103891842464,1.4260020889141151e-06,1.3628055866021782e-06,1.6385523741613283e-06,1.6549905849316812e-06,1.7736679071012063e-06,0.0,0.0,0.0,0.0,0.0,0.013819131063375267,0.0021744131430860847,0.034747593324413975,0.0604560791640747,0.08986646936309739
localized_defects,initial_ritz,4,19,0.9838210004953934,0.9997285695864015,0.9999440865966618,0.9999658473645768,0.8408491268173652,0.11309408451567875,0.04063345421218092,0.3840510117394264,0.4690014233249697,0.5766784037972124,0.018255534135848617,0.000853594892687326,0.05887528469700075,0.1067067733238498,0.14005092737501013,0.11730963126409095,0.053403839957444514,0.23234998472952897,0.5077830907521931,0.6547253496032494,0.062149850140182414,0.023449497923557446,0.11318791485415668,0.16152000360093163,0.5339410922303357,0.8421052631578947,1.0,1.0,1.0,0.0,0.0016594950143603757,0.0005803216478491675,0.00513089849653976,0.006090679485773931,0.007050460475008107,1.4260020889141151e-06,1.3628055866021782e-06,1.6385523741613283e-06,1.6549905849316812e-06,1.7736679071012063e-06,0.0,0.0,0.0,0.0,0.0,0.011916359194297442,0.0014525409440571124,0.04729101733574671,0.05859361422453992,0.07168252274641329
localized_defects,initial_ritz,5,19,0.9902535802360285,0.9997539220519482,0.9999817974044672,0.9999882237045893,0.8410572011198403,0.07191232740321088,0.031174479612549946,0.14263761963776675,0.19831391284046376,0.43281130502351234,0.00848041811252634,0.0016826116414021541,0.026517980839424908,0.03602585993613381,0.045742502702950105,0.06912998595101849,0.025955395825841204,0.15681509581301845,0.20655764555771755,0.32243255481914224,0.035260647386120864,0.024099585072432823,0.08244345410466983,0.10245209938968818,0.12463557281784886,0.8947368421052632,1.0,1.0,1.0,0.0,0.0007238373600038653,0.000143519640571808,0.002356969676064518,0.0034804755766072765,0.0042981352636978915,1.4260020889141151e-06,1.3628055866021782e-06,1.6385523741613283e-06,1.6549905849316812e-06,1.7736679071012063e-06,0.0,0.0,0.0,0.0,0.0,0.012371486108044675,0.0011407891917336599,0.030507771750851276,0.09404038741129894,0.10510469441296699
localized_defects,initial_ritz,6,19,0.9950321846191901,0.9998677521792214,0.9999691538056903,0.9999702072293767,0.945648999376373,0.06699966673955605,0.022610884541653706,0.13699317801769498,0.18857880536679741,0.2652412899813498,0.00702460140349227,0.0024319595461763654,0.015978353614394786,0.024731496982761617,0.028291551139831395,0.05156834443557176,0.016514562216726456,0.12844818678975917,0.13401136180394782,0.17693463886519797,0.06067398785504535,0.018213105368222085,0.12781688867458452,0.18386641676008353,0.36509861852421094,1.0,1.0,1.0,1.0,1.0,0.0006563908847945712,0.0001299500122896395,0.00146155811662621,0.0027045156086621574,0.005067544269829397,1.4260020889141151e-06,1.3628055866021782e-06,1.6385523741613283e-06,1.6549905849316812e-06,1.7736679071012063e-06,0.0,0.0,0.0,0.0,0.0,0.004723102100574402,0.0010649613467101915,0.013373262644251576,0.02189718215814217,0.026312715942655718
localized_defects,initial_ritz,7,19,0.9923973208096681,0.999758415393582,0.9998744801513977,0.9998781125199923,0.9297633960785793,0.08887534993981655,0.031002275749297873,0.23825997594496237,0.29581318856136846,0.31785849596444754,0.012682927034837971,0.0022889752598880264,0.0445157804287792,0.04727287238207567,0.06610241301692366,0.05548701676551858,0.025267933798800678,0.11345327007535036,0.18817587949375542,0.24000896563748036,0.0731986048120608,0.020548726933916205,0.19462288961673582,0.2168948014715395,0.37735006499722756,0.9473684210526315,1.0,1.0,1.0,0.0,0.0006438288345396534,0.0002692631772297113,0.0015272077206849371,0.002022430082832036,0.0027747384619123397,1.4260020889141151e-06,1.3628055866021782e-06,1.6385523741613283e-06,1.6549905849316812e-06,1.7736679071012063e-06,0.0,0.0,0.0,0.0,0.0,0.007235521981262912,0.0003259806414428468,0.023819019275833665,0.0375952962539349,0.05450866359102857
localized_defects,initial_ritz,8,19,0.9955135834283539,0.9996694784341983,0.9998000700392736,0.9998288807529008,0.9815163585570753,0.07413438945725391,0.03460414102645377,0.15293235907495717,0.16004912205981786,0.16138408320325848,0.007207974156280272,0.0025630459792687077,0.017919884771583836,0.021613647195103072,0.025008804567337783,0.04258814559881182,0.03116546350242242,0.0778008472870588,0.10459993686694416,0.12490568614247213,0.0678631185251413,0.025526264499376224,0.16702898872049324,0.17505141932713744,0.20243594611292215,0.8947368421052632,1.0,1.0,1.0,0.0,0.0006983467964211407,0.00027918971764924407,0.0014521744072452498,0.0017254496372316173,0.002178399828479747,1.4260020889141151e-06,1.3628055866021782e-06,1.6385523741613283e-06,1.6549905849316812e-06,1.7736679071012063e-06,0.0,0.0,0.0,0.0,0.0,0.007053778682075029,0.0004714829505498841,0.022191417922177326,0.03472129679607565,0.04486600552984665
localized_defects,initial_ritz,9,19,0.9790911891272553,0.9995528459871854,0.999792333699575,0.9998040924417213,0.786589705470716,0.1164911305955638,0.04636192065407073,0.2916685200345388,0.3625982114286821,0.607027057841491,0.015218793526123922,0.0029137792985038935,0.0427036019237035,0.07166514598871151,0.10899767170714636,0.04088204552002616,0.02550949519255865,0.06821899897486562,0.12299643539451462,0.1351962388333527,0.0960820774434209,0.027352637171023438,0.2815950976607596,0.3134868322775272,0.33976704280536885,0.9473684210526315,1.0,1.0,1.0,0.0,0.0011299459626837405,0.00035214822014377717,0.003751281239076008,0.0037613609524465587,0.003788850643601146,1.4260020889141151e-06,1.3628055866021782e-06,1.6385523741613283e-06,1.6549905849316812e-06,1.7736679071012063e-06,0.0,0.0,0.0,0.0,0.0,0.01084499670382563,0.0006926572937544506,0.028432565599309432,0.04703358112939981,0.08776126422006936
localized_defects,initial_ritz,10,19,0.979553797069215,0.9993371696704314,0.9996093742822165,0.999669802975084,0.8253654190877712,0.11223021915255105,0.04761413964214758,0.22415243257988549,0.2917852075174411,0.38006013264000466,0.01005395455542789,0.0032411160568992514,0.028197097221768698,0.038470663577210636,0.04553757975520245,0.04044885830313578,0.029589694148835367,0.05953301403590519,0.08946787355890526,0.08953217119993932,0.12200929534757708,0.03476489153273035,0.30843172712013905,0.3230197270493298,0.4352999293454587,1.0,1.0,1.0,1.0,1.0,0.0018727823769871853,0.00046438273030402364,0.003413694299463507,0.0050967065869675105,0.014849997911685104,1.4260020889141151e-06,1.3628055866021782e-06,1.6385523741613283e-06,1.6549905849316812e-06,1.7736679071012063e-06,0.0,0.0,0.0,0.0,0.0,0.009465351653246742,0.00043020451848896357,0.02123395494909414,0.05665359909362021,0.07131222103860146
multiple_barriers,direct_topology,0,1,0.9991923079712303,0.9991923079712303,0.9991923079712303,0.9991923079712303,0.9991923079712303,0.05315898055594049,0.05315898055594049,0.05315898055594049,0.05315898055594049,0.05315898055594049,0.030692042772713757,0.030692042772713757,0.030692042772713757,0.030692042772713757,0.030692042772713757,0.039595213976854046,0.039595213976854046,0.039595213976854046,0.039595213976854046,0.039595213976854046,0.03305167506140369,0.03305167506140369,0.03305167506140369,0.03305167506140369,0.03305167506140369,1.0,1.0,1.0,1.0,1.0,0.0,0.0,0.0,0.0,0.0,0.12495643172407069,0.12495643172407069,0.12495643172407069,0.12495643172407069,0.12495643172407069,0.0,0.0,0.0,0.0,0.0,,,,,
multiple_barriers,direct_topology,1,1,0.9773660440188386,0.9773660440188386,0.9773660440188386,0.9773660440188386,0.9773660440188386,0.1928304892669655,0.1928304892669655,0.1928304892669655,0.1928304892669655,0.1928304892669655,0.001867451064851311,0.001867451064851311,0.001867451064851311,0.001867451064851311,0.001867451064851311,0.03728945001273756,0.03728945001273756,0.03728945001273756,0.03728945001273756,0.03728945001273756,0.1580904987733926,0.1580904987733926,0.1580904987733926,0.1580904987733926,0.1580904987733926,1.0,1.0,1.0,1.0,1.0,0.001891991047406195,0.001891991047406195,0.001891991047406195,0.001891991047406195,0.001891991047406195,0.12495643172407069,0.12495643172407069,0.12495643172407069,0.12495643172407069,0.12495643172407069,0.0,0.0,0.0,0.0,0.0,0.03255949383756507,0.03255949383756507,0.03255949383756507,0.03255949383756507,0.03255949383756507
multiple_barriers,direct_topology,2,1,0.9846621960106505,0.9846621960106505,0.9846621960106505,0.9846621960106505,0.9846621960106505,0.13832444503618013,0.13832444503618013,0.13832444503618013,0.13832444503618013,0.13832444503618013,0.000301669645456748,0.000301669645456748,0.000301669645456748,0.000301669645456748,0.000301669645456748,0.03884179866553355,0.03884179866553355,0.03884179866553355,0.03884179866553355,0.03884179866553355,0.18126038694655489,0.18126038694655489,0.18126038694655489,0.18126038694655489,0.18126038694655489,1.0,1.0,1.0,1.0,1.0,0.00454338726941891,0.00454338726941891,0.00454338726941891,0.00454338726941891,0.00454338726941891,0.12495643172407069,0.12495643172407069,0.12495643172407069,0.12495643172407069,0.12495643172407069,0.0,0.0,0.0,0.0,0.0,0.001565781419394563,0.001565781419394563,0.001565781419394563,0.001565781419394563,0.001565781419394563
multiple_barriers,direct_topology,3,1,0.9657245067270557,0.9657245067270557,0.9657245067270557,0.9657245067270557,0.9657245067270557,0.20728093146630572,0.20728093146630572,0.20728093146630572,0.20728093146630572,0.20728093146630572,0.014874637553802472,0.014874637553802472,0.014874637553802472,0.014874637553802472,0.014874637553802472,0.02503507359435342,0.02503507359435342,0.02503507359435342,0.02503507359435342,0.02503507359435342,0.2889673031578067,0.2889673031578067,0.2889673031578067,0.2889673031578067,0.2889673031578067,1.0,1.0,1.0,1.0,1.0,0.005898470084283987,0.005898470084283987,0.005898470084283987,0.005898470084283987,0.005898470084283987,0.12495643172407069,0.12495643172407069,0.12495643172407069,0.12495643172407069,0.12495643172407069,0.0,0.0,0.0,0.0,0.0,0.01517630719925922,0.01517630719925922,0.01517630719925922,0.01517630719925922,0.01517630719925922
multiple_barriers,direct_topology,4,1,0.9574267758026476,0.9574267758026476,0.9574267758026476,0.9574267758026476,0.9574267758026476,0.20729259332295144,0.20729259332295144,0.20729259332295144,0.20729259332295144,0.20729259332295144,0.012637368257177428,0.012637368257177428,0.012637368257177428,0.012637368257177428,0.012637368257177428,0.03866691223347387,0.03866691223347387,0.03866691223347387,0.03866691223347387,0.03866691223347387,0.28730167095837755,0.28730167095837755,0.28730167095837755,0.28730167095837755,0.28730167095837755,1.0,1.0,1.0,1.0,1.0,0.006193552883017873,0.006193552883017873,0.006193552883017873,0.006193552883017873,0.006193552883017873,0.12495643172407069,0.12495643172407069,0.12495643172407069,0.12495643172407069,0.12495643172407069,0.0,0.0,0.0,0.0,0.0,0.0275120058109799,0.0275120058109799,0.0275120058109799,0.0275120058109799,0.0275120058109799
multiple_barriers,direct_topology,5,1,0.9926467169826723,0.9926467169826723,0.9926467169826723,0.9926467169826723,0.9926467169826723,0.08727529519408472,0.08727529519408472,0.08727529519408472,0.08727529519408472,0.08727529519408472,0.00875075633847544,0.00875075633847544,0.00875075633847544,0.00875075633847544,0.00875075633847544,0.01678323255502672,0.01678323255502672,0.01678323255502672,0.01678323255502672,0.01678323255502672,0.1286460358833717,0.1286460358833717,0.1286460358833717,0.1286460358833717,0.1286460358833717,1.0,1.0,1.0,1.0,1.0,0.0014106783971570497,0.0014106783971570497,0.0014106783971570497,0.0014106783971570497,0.0014106783971570497,0.12495643172407069,0.12495643172407069,0.12495643172407069,0.12495643172407069,0.12495643172407069,0.0,0.0,0.0,0.0,0.0,0.0038866119187019876,0.0038866119187019876,0.0038866119187019876,0.0038866119187019876,0.0038866119187019876
multiple_barriers,direct_topology,6,1,0.9988462161857703,0.9988462161857703,0.9988462161857703,0.9988462161857703,0.9988462161857703,0.04518896965018096,0.04518896965018096,0.04518896965018096,0.04518896965018096,0.04518896965018096,0.018779162871092048,0.018779162871092048,0.018779162871092048,0.018779162871092048,0.018779162871092048,0.015428223819428839,0.015428223819428839,0.015428223819428839,0.015428223819428839,0.015428223819428839,0.047544501595060365,0.047544501595060365,0.047544501595060365,0.047544501595060365,0.047544501595060365,1.0,1.0,1.0,1.0,1.0,0.0008355967413381067,0.0008355967413381067,0.0008355967413381067,0.0008355967413381067,0.0008355967413381067,0.12495643172407069,0.12495643172407069,0.12495643172407069,0.12495643172407069,0.12495643172407069,0.0,0.0,0.0,0.0,0.0,0.010028406532616607,0.010028406532616607,0.010028406532616607,0.010028406532616607,0.010028406532616607
multiple_barriers,direct_topology,7,1,0.9983530292698416,0.9983530292698416,0.9983530292698416,0.9983530292698416,0.9983530292698416,0.05772406412412363,0.05772406412412363,0.05772406412412363,0.05772406412412363,0.05772406412412363,0.0016505456668056695,0.0016505456668056695,0.0016505456668056695,0.0016505456668056695,0.0016505456668056695,0.02758404236298824,0.02758404236298824,0.02758404236298824,0.02758404236298824,0.02758404236298824,0.050828695215997935,0.050828695215997935,0.050828695215997935,0.050828695215997935,0.050828695215997935,1.0,1.0,1.0,1.0,1.0,0.0008210112505493719,0.0008210112505493719,0.0008210112505493719,0.0008210112505493719,0.0008210112505493719,0.12495643172407069,0.12495643172407069,0.12495643172407069,0.12495643172407069,0.12495643172407069,0.0,0.0,0.0,0.0,0.0,0.020429708537897717,0.020429708537897717,0.020429708537897717,0.020429708537897717,0.020429708537897717
multiple_barriers,direct_topology,8,1,0.9990759117841523,0.9990759117841523,0.9990759117841523,0.9990759117841523,0.9990759117841523,0.03666621094245118,0.03666621094245118,0.03666621094245118,0.03666621094245118,0.03666621094245118,0.041028588704737246,0.041028588704737246,0.041028588704737246,0.041028588704737246,0.041028588704737246,0.019823798073763943,0.019823798073763943,0.019823798073763943,0.019823798073763943,0.019823798073763943,0.03433697716733961,0.03433697716733961,0.03433697716733961,0.03433697716733961,0.03433697716733961,1.0,1.0,1.0,1.0,1.0,0.0005451619464076757,0.0005451619464076757,0.0005451619464076757,0.0005451619464076757,0.0005451619464076757,0.12495643172407069,0.12495643172407069,0.12495643172407069,0.12495643172407069,0.12495643172407069,0.0,0.0,0.0,0.0,0.0,0.042679134371542915,0.042679134371542915,0.042679134371542915,0.042679134371542915,0.042679134371542915
multiple_barriers,direct_topology,9,1,0.9991841830321,0.9991841830321,0.9991841830321,0.9991841830321,0.9991841830321,0.0415443609295664,0.0415443609295664,0.0415443609295664,0.0415443609295664,0.0415443609295664,0.052306897627453,0.052306897627453,0.052306897627453,0.052306897627453,0.052306897627453,0.021000075400332472,0.021000075400332472,0.021000075400332472,0.021000075400332472,0.021000075400332472,0.031397237974963105,0.031397237974963105,0.031397237974963105,0.031397237974963105,0.031397237974963105,1.0,1.0,1.0,1.0,1.0,0.0005767796977157619,0.0005767796977157619,0.0005767796977157619,0.0005767796977157619,0.0005767796977157619,0.12495643172407069,0.12495643172407069,0.12495643172407069,0.12495643172407069,0.12495643172407069,0.0,0.0,0.0,0.0,0.0,0.011278308922715752,0.011278308922715752,0.011278308922715752,0.011278308922715752,0.011278308922715752
multiple_barriers,direct_topology,10,1,0.9988542544263019,0.9988542544263019,0.9988542544263019,0.9988542544263019,0.9988542544263019,0.05087556364581132,0.05087556364581132,0.05087556364581132,0.05087556364581132,0.05087556364581132,0.18828459764916872,0.18828459764916872,0.18828459764916872,0.18828459764916872,0.18828459764916872,0.033402195112297195,0.033402195112297195,0.033402195112297195,0.033402195112297195,0.033402195112297195,0.03972251649905942,0.03972251649905942,0.03972251649905942,0.03972251649905942,0.03972251649905942,1.0,1.0,1.0,1.0,1.0,0.0005607663218678368,0.0005607663218678368,0.0005607663218678368,0.0005607663218678368,0.0005607663218678368,0.12495643172407069,0.12495643172407069,0.12495643172407069,0.12495643172407069,0.12495643172407069,0.0,0.0,0.0,0.0,0.0,0.13597770002171572,0.13597770002171572,0.13597770002171572,0.13597770002171572,0.13597770002171572
multiple_barriers,hybrid,0,1,0.9991923079712303,0.9991923079712303,0.9991923079712303,0.9991923079712303,0.9991923079712303,0.05315898055594049,0.05315898055594049,0.05315898055594049,0.05315898055594049,0.05315898055594049,0.030692042772713757,0.030692042772713757,0.030692042772713757,0.030692042772713757,0.030692042772713757,0.039595213976854046,0.039595213976854046,0.039595213976854046,0.039595213976854046,0.039595213976854046,0.03305167506140369,0.03305167506140369,0.03305167506140369,0.03305167506140369,0.03305167506140369,1.0,1.0,1.0,1.0,1.0,0.0,0.0,0.0,0.0,0.0,0.12495643172407069,0.12495643172407069,0.12495643172407069,0.12495643172407069,0.12495643172407069,0.0,0.0,0.0,0.0,0.0,,,,,
multiple_barriers,hybrid,1,1,0.9773660440188386,0.9773660440188386,0.9773660440188386,0.9773660440188386,0.9773660440188386,0.1928304892669655,0.1928304892669655,0.1928304892669655,0.1928304892669655,0.1928304892669655,0.001867451064851311,0.001867451064851311,0.001867451064851311,0.001867451064851311,0.001867451064851311,0.03728945001273756,0.03728945001273756,0.03728945001273756,0.03728945001273756,0.03728945001273756,0.1580904987733926,0.1580904987733926,0.1580904987733926,0.1580904987733926,0.1580904987733926,1.0,1.0,1.0,1.0,1.0,0.001891991047406195,0.001891991047406195,0.001891991047406195,0.001891991047406195,0.001891991047406195,0.12495643172407069,0.12495643172407069,0.12495643172407069,0.12495643172407069,0.12495643172407069,0.0,0.0,0.0,0.0,0.0,0.03255949383756507,0.03255949383756507,0.03255949383756507,0.03255949383756507,0.03255949383756507
multiple_barriers,hybrid,2,1,0.9846621960106505,0.9846621960106505,0.9846621960106505,0.9846621960106505,0.9846621960106505,0.13832444503618013,0.13832444503618013,0.13832444503618013,0.13832444503618013,0.13832444503618013,0.000301669645456748,0.000301669645456748,0.000301669645456748,0.000301669645456748,0.000301669645456748,0.03884179866553355,0.03884179866553355,0.03884179866553355,0.03884179866553355,0.03884179866553355,0.18126038694655489,0.18126038694655489,0.18126038694655489,0.18126038694655489,0.18126038694655489,1.0,1.0,1.0,1.0,1.0,0.00454338726941891,0.00454338726941891,0.00454338726941891,0.00454338726941891,0.00454338726941891,0.12495643172407069,0.12495643172407069,0.12495643172407069,0.12495643172407069,0.12495643172407069,0.0,0.0,0.0,0.0,0.0,0.001565781419394563,0.001565781419394563,0.001565781419394563,0.001565781419394563,0.001565781419394563
multiple_barriers,hybrid,3,1,0.9657245067270557,0.9657245067270557,0.9657245067270557,0.9657245067270557,0.9657245067270557,0.20728093146630572,0.20728093146630572,0.20728093146630572,0.20728093146630572,0.20728093146630572,0.014874637553802472,0.014874637553802472,0.014874637553802472,0.014874637553802472,0.014874637553802472,0.02503507359435342,0.02503507359435342,0.02503507359435342,0.02503507359435342,0.02503507359435342,0.2889673031578067,0.2889673031578067,0.2889673031578067,0.2889673031578067,0.2889673031578067,1.0,1.0,1.0,1.0,1.0,0.005898470084283987,0.005898470084283987,0.005898470084283987,0.005898470084283987,0.005898470084283987,0.12495643172407069,0.12495643172407069,0.12495643172407069,0.12495643172407069,0.12495643172407069,0.0,0.0,0.0,0.0,0.0,0.01517630719925922,0.01517630719925922,0.01517630719925922,0.01517630719925922,0.01517630719925922
multiple_barriers,hybrid,4,1,0.9574267758026476,0.9574267758026476,0.9574267758026476,0.9574267758026476,0.9574267758026476,0.20729259332295144,0.20729259332295144,0.20729259332295144,0.20729259332295144,0.20729259332295144,0.012637368257177428,0.012637368257177428,0.012637368257177428,0.012637368257177428,0.012637368257177428,0.03866691223347387,0.03866691223347387,0.03866691223347387,0.03866691223347387,0.03866691223347387,0.28730167095837755,0.28730167095837755,0.28730167095837755,0.28730167095837755,0.28730167095837755,1.0,1.0,1.0,1.0,1.0,0.006193552883017873,0.006193552883017873,0.006193552883017873,0.006193552883017873,0.006193552883017873,0.12495643172407069,0.12495643172407069,0.12495643172407069,0.12495643172407069,0.12495643172407069,0.0,0.0,0.0,0.0,0.0,0.0275120058109799,0.0275120058109799,0.0275120058109799,0.0275120058109799,0.0275120058109799
multiple_barriers,hybrid,5,1,0.9926467169826723,0.9926467169826723,0.9926467169826723,0.9926467169826723,0.9926467169826723,0.08727529519408472,0.08727529519408472,0.08727529519408472,0.08727529519408472,0.08727529519408472,0.00875075633847544,0.00875075633847544,0.00875075633847544,0.00875075633847544,0.00875075633847544,0.01678323255502672,0.01678323255502672,0.01678323255502672,0.01678323255502672,0.01678323255502672,0.1286460358833717,0.1286460358833717,0.1286460358833717,0.1286460358833717,0.1286460358833717,1.0,1.0,1.0,1.0,1.0,0.0014106783971570497,0.0014106783971570497,0.0014106783971570497,0.0014106783971570497,0.0014106783971570497,0.12495643172407069,0.12495643172407069,0.12495643172407069,0.12495643172407069,0.12495643172407069,0.0,0.0,0.0,0.0,0.0,0.0038866119187019876,0.0038866119187019876,0.0038866119187019876,0.0038866119187019876,0.0038866119187019876
multiple_barriers,hybrid,6,1,0.9988462161857703,0.9988462161857703,0.9988462161857703,0.9988462161857703,0.9988462161857703,0.04518896965018096,0.04518896965018096,0.04518896965018096,0.04518896965018096,0.04518896965018096,0.018779162871092048,0.018779162871092048,0.018779162871092048,0.018779162871092048,0.018779162871092048,0.015428223819428839,0.015428223819428839,0.015428223819428839,0.015428223819428839,0.015428223819428839,0.047544501595060365,0.047544501595060365,0.047544501595060365,0.047544501595060365,0.047544501595060365,1.0,1.0,1.0,1.0,1.0,0.0008355967413381067,0.0008355967413381067,0.0008355967413381067,0.0008355967413381067,0.0008355967413381067,0.12495643172407069,0.12495643172407069,0.12495643172407069,0.12495643172407069,0.12495643172407069,0.0,0.0,0.0,0.0,0.0,0.010028406532616607,0.010028406532616607,0.010028406532616607,0.010028406532616607,0.010028406532616607
multiple_barriers,hybrid,7,1,0.9983530292698416,0.9983530292698416,0.9983530292698416,0.9983530292698416,0.9983530292698416,0.05772406412412363,0.05772406412412363,0.05772406412412363,0.05772406412412363,0.05772406412412363,0.0016505456668056695,0.0016505456668056695,0.0016505456668056695,0.0016505456668056695,0.0016505456668056695,0.02758404236298824,0.02758404236298824,0.02758404236298824,0.02758404236298824,0.02758404236298824,0.050828695215997935,0.050828695215997935,0.050828695215997935,0.050828695215997935,0.050828695215997935,1.0,1.0,1.0,1.0,1.0,0.0008210112505493719,0.0008210112505493719,0.0008210112505493719,0.0008210112505493719,0.0008210112505493719,0.12495643172407069,0.12495643172407069,0.12495643172407069,0.12495643172407069,0.12495643172407069,0.0,0.0,0.0,0.0,0.0,0.020429708537897717,0.020429708537897717,0.020429708537897717,0.020429708537897717,0.020429708537897717
multiple_barriers,hybrid,8,1,0.9990759117841523,0.9990759117841523,0.9990759117841523,0.9990759117841523,0.9990759117841523,0.03666621094245118,0.03666621094245118,0.03666621094245118,0.03666621094245118,0.03666621094245118,0.041028588704737246,0.041028588704737246,0.041028588704737246,0.041028588704737246,0.041028588704737246,0.019823798073763943,0.019823798073763943,0.019823798073763943,0.019823798073763943,0.019823798073763943,0.03433697716733961,0.03433697716733961,0.03433697716733961,0.03433697716733961,0.03433697716733961,1.0,1.0,1.0,1.0,1.0,0.0005451619464076757,0.0005451619464076757,0.0005451619464076757,0.0005451619464076757,0.0005451619464076757,0.12495643172407069,0.12495643172407069,0.12495643172407069,0.12495643172407069,0.12495643172407069,0.0,0.0,0.0,0.0,0.0,0.042679134371542915,0.042679134371542915,0.042679134371542915,0.042679134371542915,0.042679134371542915
multiple_barriers,hybrid,9,1,0.9991841830321,0.9991841830321,0.9991841830321,0.9991841830321,0.9991841830321,0.0415443609295664,0.0415443609295664,0.0415443609295664,0.0415443609295664,0.0415443609295664,0.052306897627453,0.052306897627453,0.052306897627453,0.052306897627453,0.052306897627453,0.021000075400332472,0.021000075400332472,0.021000075400332472,0.021000075400332472,0.021000075400332472,0.031397237974963105,0.031397237974963105,0.031397237974963105,0.031397237974963105,0.031397237974963105,1.0,1.0,1.0,1.0,1.0,0.0005767796977157619,0.0005767796977157619,0.0005767796977157619,0.0005767796977157619,0.0005767796977157619,0.12495643172407069,0.12495643172407069,0.12495643172407069,0.12495643172407069,0.12495643172407069,0.0,0.0,0.0,0.0,0.0,0.011278308922715752,0.011278308922715752,0.011278308922715752,0.011278308922715752,0.011278308922715752
multiple_barriers,hybrid,10,1,0.9988542544263019,0.9988542544263019,0.9988542544263019,0.9988542544263019,0.9988542544263019,0.05087556364581132,0.05087556364581132,0.05087556364581132,0.05087556364581132,0.05087556364581132,0.18828459764916872,0.18828459764916872,0.18828459764916872,0.18828459764916872,0.18828459764916872,0.033402195112297195,0.033402195112297195,0.033402195112297195,0.033402195112297195,0.033402195112297195,0.03972251649905942,0.03972251649905942,0.03972251649905942,0.03972251649905942,0.03972251649905942,1.0,1.0,1.0,1.0,1.0,0.0005607663218678368,0.0005607663218678368,0.0005607663218678368,0.0005607663218678368,0.0005607663218678368,0.12495643172407069,0.12495643172407069,0.12495643172407069,0.12495643172407069,0.12495643172407069,0.0,0.0,0.0,0.0,0.0,0.13597770002171572,0.13597770002171572,0.13597770002171572,0.13597770002171572,0.13597770002171572
multiple_barriers,initial_ritz,0,1,0.9998232552023608,0.9998232552023608,0.9998232552023608,0.9998232552023608,0.9998232552023608,0.04411239238338733,0.04411239238338733,0.04411239238338733,0.04411239238338733,0.04411239238338733,0.0011376757072840693,0.0011376757072840693,0.0011376757072840693,0.0011376757072840693,0.0011376757072840693,0.03794162007624636,0.03794162007624636,0.03794162007624636,0.03794162007624636,0.03794162007624636,0.022402645391275892,0.022402645391275892,0.022402645391275892,0.022402645391275892,0.022402645391275892,1.0,1.0,1.0,1.0,1.0,,,,,,1.304715177674609e-06,1.304715177674609e-06,1.304715177674609e-06,1.304715177674609e-06,1.304715177674609e-06,0.0,0.0,0.0,0.0,0.0,,,,,
multiple_barriers,initial_ritz,1,1,0.9995122206354494,0.9995122206354494,0.9995122206354494,0.9995122206354494,0.9995122206354494,0.055690906987923484,0.055690906987923484,0.055690906987923484,0.055690906987923484,0.055690906987923484,0.0019055229494309156,0.0019055229494309156,0.0019055229494309156,0.0019055229494309156,0.0019055229494309156,0.027559714967317118,0.027559714967317118,0.027559714967317118,0.027559714967317118,0.027559714967317118,0.024301220392227433,0.024301220392227433,0.024301220392227433,0.024301220392227433,0.024301220392227433,0.0,0.0,0.0,0.0,0.0,,,,,,1.304715177674609e-06,1.304715177674609e-06,1.304715177674609e-06,1.304715177674609e-06,1.304715177674609e-06,0.0,0.0,0.0,0.0,0.0,0.0007678472421468463,0.0007678472421468463,0.0007678472421468463,0.0007678472421468463,0.0007678472421468463
multiple_barriers,initial_ritz,2,1,0.999442500021679,0.999442500021679,0.999442500021679,0.999442500021679,0.999442500021679,0.060731833830251644,0.060731833830251644,0.060731833830251644,0.060731833830251644,0.060731833830251644,0.0026232494829612207,0.0026232494829612207,0.0026232494829612207,0.0026232494829612207,0.0026232494829612207,0.034917761949166834,0.034917761949166834,0.034917761949166834,0.034917761949166834,0.034917761949166834,0.0332667203747484,0.0332667203747484,0.0332667203747484,0.0332667203747484,0.0332667203747484,1.0,1.0,1.0,1.0,1.0,0.0006180950853673553,0.0006180950853673553,0.0006180950853673553,0.0006180950853673553,0.0006180950853673553,1.304715177674609e-06,1.304715177674609e-06,1.304715177674609e-06,1.304715177674609e-06,1.304715177674609e-06,0.0,0.0,0.0,0.0,0.0,0.0007177265335303051,0.0007177265335303051,0.0007177265335303051,0.0007177265335303051,0.0007177265335303051
multiple_barriers,initial_ritz,3,1,0.999669316686993,0.999669316686993,0.999669316686993,0.999669316686993,0.999669316686993,0.04316009829660167,0.04316009829660167,0.04316009829660167,0.04316009829660167,0.04316009829660167,0.0011786822773132144,0.0011786822773132144,0.0011786822773132144,0.0011786822773132144,0.0011786822773132144,0.021186723726488072,0.021186723726488072,0.021186723726488072,0.021186723726488072,0.021186723726488072,0.02623221833664805,0.02623221833664805,0.02623221833664805,0.02623221833664805,0.02623221833664805,1.0,1.0,1.0,1.0,1.0,,,,,,1.304715177674609e-06,1.304715177674609e-06,1.304715177674609e-06,1.304715177674609e-06,1.304715177674609e-06,0.0,0.0,0.0,0.0,0.0,0.0014445672056480063,0.0014445672056480063,0.0014445672056480063,0.0014445672056480063,0.0014445672056480063
multiple_barriers,initial_ritz,4,1,0.9992272811327965,0.9992272811327965,0.9992272811327965,0.9992272811327965,0.9992272811327965,0.06893732086534907,0.06893732086534907,0.06893732086534907,0.06893732086534907,0.06893732086534907,0.003666647856103822,0.003666647856103822,0.003666647856103822,0.003666647856103822,0.003666647856103822,0.03121086989621171,0.03121086989621171,0.03121086989621171,0.03121086989621171,0.03121086989621171,0.039538701654406004,0.039538701654406004,0.039538701654406004,0.039538701654406004,0.039538701654406004,1.0,1.0,1.0,1.0,1.0,0.00030363799414084754,0.00030363799414084754,0.00030363799414084754,0.00030363799414084754,0.00030363799414084754,1.304715177674609e-06,1.304715177674609e-06,1.304715177674609e-06,1.304715177674609e-06,1.304715177674609e-06,0.0,0.0,0.0,0.0,0.0,0.0024879655787906074,0.0024879655787906074,0.0024879655787906074,0.0024879655787906074,0.0024879655787906074
multiple_barriers,initial_ritz,5,1,0.9995820304837806,0.9995820304837806,0.9995820304837806,0.9995820304837806,0.9995820304837806,0.036031674156046765,0.036031674156046765,0.036031674156046765,0.036031674156046765,0.036031674156046765,0.0001582307068126454,0.0001582307068126454,0.0001582307068126454,0.0001582307068126454,0.0001582307068126454,0.012787183021799441,0.012787183021799441,0.012787183021799441,0.012787183021799441,0.012787183021799441,0.030235312140360567,0.030235312140360567,0.030235312140360567,0.030235312140360567,0.030235312140360567,1.0,1.0,1.0,1.0,1.0,0.00041223042614765143,0.00041223042614765143,0.00041223042614765143,0.00041223042614765143,0.00041223042614765143,1.304715177674609e-06,1.304715177674609e-06,1.304715177674609e-06,1.304715177674609e-06,1.304715177674609e-06,0.0,0.0,0.0,0.0,0.0,0.0035084171492911764,0.0035084171492911764,0.0035084171492911764,0.0035084171492911764,0.0035084171492911764
multiple_barriers,initial_ritz,6,1,0.9997104487250521,0.9997104487250521,0.9997104487250521,0.9997104487250521,0.9997104487250521,0.03337199618730085,0.03337199618730085,0.03337199618730085,0.03337199618730085,0.03337199618730085,0.000198726164549079,0.000198726164549079,0.000198726164549079,0.000198726164549079,0.000198726164549079,0.014881636799360165,0.014881636799360165,0.014881636799360165,0.014881636799360165,0.014881636799360165,0.0228289742468887,0.0228289742468887,0.0228289742468887,0.0228289742468887,0.0228289742468887,1.0,1.0,1.0,1.0,1.0,0.0003314108414403919,0.0003314108414403919,0.0003314108414403919,0.0003314108414403919,0.0003314108414403919,1.304715177674609e-06,1.304715177674609e-06,1.304715177674609e-06,1.304715177674609e-06,1.304715177674609e-06,0.0,0.0,0.0,0.0,0.0,0.0003569568713617244,0.0003569568713617244,0.0003569568713617244,0.0003569568713617244,0.0003569568713617244
multiple_barriers,initial_ritz,7,1,0.9994006690308451,0.9994006690308451,0.9994006690308451,0.9994006690308451,0.9994006690308451,0.05189719642592203,0.05189719642592203,0.05189719642592203,0.05189719642592203,0.05189719642592203,0.0014743543368496148,0.0014743543368496148,0.0014743543368496148,0.0014743543368496148,0.0014743543368496148,0.027284465161587296,0.027284465161587296,0.027284465161587296,0.027284465161587296,0.027284465161587296,0.031018749701818164,0.031018749701818164,0.031018749701818164,0.031018749701818164,0.031018749701818164,1.0,1.0,1.0,1.0,1.0,0.00043755565553697844,0.00043755565553697844,0.00043755565553697844,0.00043755565553697844,0.00043755565553697844,1.304715177674609e-06,1.304715177674609e-06,1.304715177674609e-06,1.304715177674609e-06,1.304715177674609e-06,0.0,0.0,0.0,0.0,0.0,0.0016730805013986938,0.0016730805013986938,0.0016730805013986938,0.0016730805013986938,0.0016730805013986938
multiple_barriers,initial_ritz,8,1,0.9997802072992872,0.9997802072992872,0.9997802072992872,0.9997802072992872,0.9997802072992872,0.030253216354201057,0.030253216354201057,0.030253216354201057,0.030253216354201057,0.030253216354201057,0.0016046461388192768,0.0016046461388192768,0.0016046461388192768,0.0016046461388192768,0.0016046461388192768,0.018593274621937203,0.018593274621937203,0.018593274621937203,0.018593274621937203,0.018593274621937203,0.01944461589427712,0.01944461589427712,0.01944461589427712,0.01944461589427712,0.01944461589427712,1.0,1.0,1.0,1.0,1.0,0.00024308621465067917,0.00024308621465067917,0.00024308621465067917,0.00024308621465067917,0.00024308621465067917,1.304715177674609e-06,1.304715177674609e-06,1.304715177674609e-06,1.304715177674609e-06,1.304715177674609e-06,0.0,0.0,0.0,0.0,0.0,0.0030790004756688916,0.0030790004756688916,0.0030790004756688916,0.0030790004756688916,0.0030790004756688916
multiple_barriers,initial_ritz,9,1,0.9995260025735718,0.9995260025735718,0.9995260025735718,0.9995260025735718,0.9995260025735718,0.03902999275687758,0.03902999275687758,0.03902999275687758,0.03902999275687758,0.03902999275687758,0.0015304159990350286,0.0015304159990350286,0.0015304159990350286,0.0015304159990350286,0.0015304159990350286,0.019654086941321813,0.019654086941321813,0.019654086941321813,0.019654086941321813,0.019654086941321813,0.030324723971648385,0.030324723971648385,0.030324723971648385,0.030324723971648385,0.030324723971648385,1.0,1.0,1.0,1.0,1.0,0.00033826071988552,0.00033826071988552,0.00033826071988552,0.00033826071988552,0.00033826071988552,1.304715177674609e-06,1.304715177674609e-06,1.304715177674609e-06,1.304715177674609e-06,1.304715177674609e-06,0.0,0.0,0.0,0.0,0.0,7.42301397842482e-05,7.42301397842482e-05,7.42301397842482e-05,7.42301397842482e-05,7.42301397842482e-05
multiple_barriers,initial_ritz,10,1,0.9990412448508806,0.9990412448508806,0.9990412448508806,0.9990412448508806,0.9990412448508806,0.04867553776778524,0.04867553776778524,0.04867553776778524,0.04867553776778524,0.04867553776778524,0.0010759451528308261,0.0010759451528308261,0.0010759451528308261,0.0010759451528308261,0.0010759451528308261,0.02551971695610625,0.02551971695610625,0.02551971695610625,0.02551971695610625,0.02551971695610625,0.04194842351797151,0.04194842351797151,0.04194842351797151,0.04194842351797151,0.04194842351797151,1.0,1.0,1.0,1.0,1.0,0.0003936344399193721,0.0003936344399193721,0.0003936344399193721,0.0003936344399193721,0.0003936344399193721,1.304715177674609e-06,1.304715177674609e-06,1.304715177674609e-06,1.304715177674609e-06,1.304715177674609e-06,0.0,0.0,0.0,0.0,0.0,0.0004544708462042024,0.0004544708462042024,0.0004544708462042024,0.0004544708462042024,0.0004544708462042024
multiwell_potentials,direct_topology,0,1,0.9999640535151678,0.9999640535151678,0.9999640535151678,0.9999640535151678,0.9999640535151678,0.01033565867289123,0.01033565867289123,0.01033565867289123,0.01033565867289123,0.01033565867289123,0.0002798306589475441,0.0002798306589475441,0.0002798306589475441,0.0002798306589475441,0.0002798306589475441,0.006695285860577189,0.006695285860577189,0.006695285860577189,0.006695285860577189,0.006695285860577189,0.009372021458198153,0.009372021458198153,0.009372021458198153,0.009372021458198153,0.009372021458198153,1.0,1.0,1.0,1.0,1.0,0.0,0.0,0.0,0.0,0.0,0.018661707604074283,0.018661707604074283,0.018661707604074283,0.018661707604074283,0.018661707604074283,0.0,0.0,0.0,0.0,0.0,,,,,
multiwell_potentials,direct_topology,1,1,0.999729212066721,0.999729212066721,0.999729212066721,0.999729212066721,0.999729212066721,0.01842953779409102,0.01842953779409102,0.01842953779409102,0.01842953779409102,0.01842953779409102,0.0036935895146978925,0.0036935895146978925,0.0036935895146978925,0.0036935895146978925,0.0036935895146978925,0.007117747700721886,0.007117747700721886,0.007117747700721886,0.007117747700721886,0.007117747700721886,0.026464598458729,0.026464598458729,0.026464598458729,0.026464598458729,0.026464598458729,1.0,1.0,1.0,1.0,1.0,0.00016650689561698243,0.00016650689561698243,0.00016650689561698243,0.00016650689561698243,0.00016650689561698243,0.018661707604074283,0.018661707604074283,0.018661707604074283,0.018661707604074283,0.018661707604074283,0.0,0.0,0.0,0.0,0.0,0.0034137588557503484,0.0034137588557503484,0.0034137588557503484,0.0034137588557503484,0.0034137588557503484
multiwell_potentials,direct_topology,2,1,0.999838765618818,0.999838765618818,0.999838765618818,0.999838765618818,0.999838765618818,0.0223813378084568,0.0223813378084568,0.0223813378084568,0.0223813378084568,0.0223813378084568,0.003336825024388368,0.003336825024388368,0.003336825024388368,0.003336825024388368,0.003336825024388368,0.01657066603015587,0.01657066603015587,0.01657066603015587,0.01657066603015587,0.01657066603015587,0.01287373995093332,0.01287373995093332,0.01287373995093332,0.01287373995093332,0.01287373995093332,1.0,1.0,1.0,1.0,1.0,0.0004175895413268908,0.0004175895413268908,0.0004175895413268908,0.0004175895413268908,0.0004175895413268908,0.018661707604074283,0.018661707604074283,0.018661707604074283,0.018661707604074283,0.018661707604074283,0.0,0.0,0.0,0.0,0.0,0.0003567644903095246,0.0003567644903095246,0.0003567644903095246,0.0003567644903095246,0.0003567644903095246
multiwell_potentials,direct_topology,3,1,0.9992761424477846,0.9992761424477846,0.9992761424477846,0.9992761424477846,0.9992761424477846,0.03151674267155866,0.03151674267155866,0.03151674267155866,0.03151674267155866,0.03151674267155866,0.02239438646591374,0.02239438646591374,0.02239438646591374,0.02239438646591374,0.02239438646591374,0.013020817898403236,0.013020817898403236,0.013020817898403236,0.013020817898403236,0.013020817898403236,0.02817310367375782,0.02817310367375782,0.02817310367375782,0.02817310367375782,0.02817310367375782,1.0,1.0,1.0,1.0,1.0,0.001106321340835748,0.001106321340835748,0.001106321340835748,0.001106321340835748,0.001106321340835748,0.018661707604074283,0.018661707604074283,0.018661707604074283,0.018661707604074283,0.018661707604074283,0.0,0.0,0.0,0.0,0.0,0.019057561441525372,0.019057561441525372,0.019057561441525372,0.019057561441525372,0.019057561441525372
multiwell_potentials,direct_topology,4,1,0.9993533073166789,0.9993533073166789,0.9993533073166789,0.9993533073166789,0.9993533073166789,0.02817017628631946,0.02817017628631946,0.02817017628631946,0.02817017628631946,0.02817017628631946,0.021552799612002183,0.021552799612002183,0.021552799612002183,0.021552799612002183,0.021552799612002183,0.006583966798195557,0.006583966798195557,0.006583966798195557,0.006583966798195557,0.006583966798195557,0.03309271991740754,0.03309271991740754,0.03309271991740754,0.03309271991740754,0.03309271991740754,1.0,1.0,1.0,1.0,1.0,0.0007225532480746688,0.0007225532480746688,0.0007225532480746688,0.0007225532480746688,0.0007225532480746688,0.018661707604074283,0.018661707604074283,0.018661707604074283,0.018661707604074283,0.018661707604074283,0.0,0.0,0.0,0.0,0.0,0.04394718607791592,0.04394718607791592,0.04394718607791592,0.04394718607791592,0.04394718607791592
multiwell_potentials,direct_topology,5,1,0.9990369234702702,0.9990369234702702,0.9990369234702702,0.9990369234702702,0.9990369234702702,0.03149797032448438,0.03149797032448438,0.03149797032448438,0.03149797032448438,0.03149797032448438,0.010133710571075483,0.010133710571075483,0.010133710571075483,0.010133710571075483,0.010133710571075483,0.004688432583707572,0.004688432583707572,0.004688432583707572,0.004688432583707572,0.004688432583707572,0.04031879220215222,0.04031879220215222,0.04031879220215222,0.04031879220215222,0.04031879220215222,1.0,1.0,1.0,1.0,1.0,0.0007242786749277405,0.0007242786749277405,0.0007242786749277405,0.0007242786749277405,0.0007242786749277405,0.018661707604074283,0.018661707604074283,0.018661707604074283,0.018661707604074283,0.018661707604074283,0.0,0.0,0.0,0.0,0.0,0.031686510183077665,0.031686510183077665,0.031686510183077665,0.031686510183077665,0.031686510183077665
multiwell_potentials,direct_topology,6,1,0.9995642650696889,0.9995642650696889,0.9995642650696889,0.9995642650696889,0.9995642650696889,0.02221093687381852,0.02221093687381852,0.02221093687381852,0.02221093687381852,0.02221093687381852,0.0386063886301784,0.0386063886301784,0.0386063886301784,0.0386063886301784,0.0386063886301784,0.008641140822199607,0.008641140822199607,0.008641140822199607,0.008641140822199607,0.008641140822199607,0.030053667993211422,0.030053667993211422,0.030053667993211422,0.030053667993211422,0.030053667993211422,1.0,1.0,1.0,1.0,1.0,0.00026298612024789133,0.00026298612024789133,0.00026298612024789133,0.00026298612024789133,0.00026298612024789133,0.018661707604074283,0.018661707604074283,0.018661707604074283,0.018661707604074283,0.018661707604074283,0.0,0.0,0.0,0.0,0.0,0.048740099201253884,0.048740099201253884,0.048740099201253884,0.048740099201253884,0.048740099201253884
multiwell_potentials,direct_topology,7,1,0.9993928596162654,0.9993928596162654,0.9993928596162654,0.9993928596162654,0.9993928596162654,0.02903236730875315,0.02903236730875315,0.02903236730875315,0.02903236730875315,0.02903236730875315,0.04208525580159517,0.04208525580159517,0.04208525580159517,0.04208525580159517,0.04208525580159517,0.014079718014188086,0.014079718014188086,0.014079718014188086,0.014079718014188086,0.014079718014188086,0.036766887034393465,0.036766887034393465,0.036766887034393465,0.036766887034393465,0.036766887034393465,1.0,1.0,1.0,1.0,1.0,0.0002988309524843583,0.0002988309524843583,0.0002988309524843583,0.0002988309524843583,0.0002988309524843583,0.018661707604074283,0.018661707604074283,0.018661707604074283,0.018661707604074283,0.018661707604074283,0.0,0.0,0.0,0.0,0.0,0.0034788671714167663,0.0034788671714167663,0.0034788671714167663,0.0034788671714167663,0.0034788671714167663
multiwell_potentials,direct_topology,8,1,0.9993046810274494,0.9993046810274494,0.9993046810274494,0.9993046810274494,0.9993046810274494,0.03642465127325451,0.03642465127325451,0.03642465127325451,0.03642465127325451,0.03642465127325451,0.01233574359449463,0.01233574359449463,0.01233574359449463,0.01233574359449463,0.01233574359449463,0.017055427412005962,0.017055427412005962,0.017055427412005962,0.017055427412005962,0.017055427412005962,0.035964891936220836,0.035964891936220836,0.035964891936220836,0.035964891936220836,0.035964891936220836,1.0,1.0,1.0,1.0,1.0,0.0006318384399755252,0.0006318384399755252,0.0006318384399755252,0.0006318384399755252,0.0006318384399755252,0.018661707604074283,0.018661707604074283,0.018661707604074283,0.018661707604074283,0.018661707604074283,0.0,0.0,0.0,0.0,0.0,0.0544209993960898,0.0544209993960898,0.0544209993960898,0.0544209993960898,0.0544209993960898
multiwell_potentials,direct_topology,9,1,0.9993485666712777,0.9993485666712777,0.9993485666712777,0.9993485666712777,0.9993485666712777,0.03758415814923437,0.03758415814923437,0.03758415814923437,0.03758415814923437,0.03758415814923437,0.15946798958889818,0.15946798958889818,0.15946798958889818,0.15946798958889818,0.15946798958889818,0.026206877056714133,0.026206877056714133,0.026206877056714133,0.026206877056714133,0.026206877056714133,0.029528300863010018,0.029528300863010018,0.029528300863010018,0.029528300863010018,0.029528300863010018,1.0,1.0,1.0,1.0,1.0,0.0005996329197417474,0.0005996329197417474,0.0005996329197417474,0.0005996329197417474,0.0005996329197417474,0.018661707604074283,0.018661707604074283,0.018661707604074283,0.018661707604074283,0.018661707604074283,0.0,0.0,0.0,0.0,0.0,0.14713224599440355,0.14713224599440355,0.14713224599440355,0.14713224599440355,0.14713224599440355
multiwell_potentials,direct_topology,10,1,0.9991257641255828,0.9991257641255828,0.9991257641255828,0.9991257641255828,0.9991257641255828,0.03941659244804727,0.03941659244804727,0.03941659244804727,0.03941659244804727,0.03941659244804727,0.22430240920241395,0.22430240920241395,0.22430240920241395,0.22430240920241395,0.22430240920241395,0.031018555127107328,0.031018555127107328,0.031018555127107328,0.031018555127107328,0.031018555127107328,0.02959173141327892,0.02959173141327892,0.02959173141327892,0.02959173141327892,0.02959173141327892,1.0,1.0,1.0,1.0,1.0,0.0005228618461067566,0.0005228618461067566,0.0005228618461067566,0.0005228618461067566,0.0005228618461067566,0.018661707604074283,0.018661707604074283,0.018661707604074283,0.018661707604074283,0.018661707604074283,0.0,0.0,0.0,0.0,0.0,0.38377039879131214,0.38377039879131214,0.38377039879131214,0.38377039879131214,0.38377039879131214
multiwell_potentials,hybrid,0,1,0.9999640535151678,0.9999640535151678,0.9999640535151678,0.9999640535151678,0.9999640535151678,0.01033565867289123,0.01033565867289123,0.01033565867289123,0.01033565867289123,0.01033565867289123,0.0002798306589475441,0.0002798306589475441,0.0002798306589475441,0.0002798306589475441,0.0002798306589475441,0.006695285860577189,0.006695285860577189,0.006695285860577189,0.006695285860577189,0.006695285860577189,0.009372021458198153,0.009372021458198153,0.009372021458198153,0.009372021458198153,0.009372021458198153,1.0,1.0,1.0,1.0,1.0,0.0,0.0,0.0,0.0,0.0,0.018661707604074283,0.018661707604074283,0.018661707604074283,0.018661707604074283,0.018661707604074283,0.0,0.0,0.0,0.0,0.0,,,,,
multiwell_potentials,hybrid,1,1,0.999729212066721,0.999729212066721,0.999729212066721,0.999729212066721,0.999729212066721,0.01842953779409102,0.01842953779409102,0.01842953779409102,0.01842953779409102,0.01842953779409102,0.0036935895146978925,0.0036935895146978925,0.0036935895146978925,0.0036935895146978925,0.0036935895146978925,0.007117747700721886,0.007117747700721886,0.007117747700721886,0.007117747700721886,0.007117747700721886,0.026464598458729,0.026464598458729,0.026464598458729,0.026464598458729,0.026464598458729,1.0,1.0,1.0,1.0,1.0,0.00016650689561698243,0.00016650689561698243,0.00016650689561698243,0.00016650689561698243,0.00016650689561698243,0.018661707604074283,0.018661707604074283,0.018661707604074283,0.018661707604074283,0.018661707604074283,0.0,0.0,0.0,0.0,0.0,0.0034137588557503484,0.0034137588557503484,0.0034137588557503484,0.0034137588557503484,0.0034137588557503484
multiwell_potentials,hybrid,2,1,0.999838765618818,0.999838765618818,0.999838765618818,0.999838765618818,0.999838765618818,0.0223813378084568,0.0223813378084568,0.0223813378084568,0.0223813378084568,0.0223813378084568,0.003336825024388368,0.003336825024388368,0.003336825024388368,0.003336825024388368,0.003336825024388368,0.01657066603015587,0.01657066603015587,0.01657066603015587,0.01657066603015587,0.01657066603015587,0.01287373995093332,0.01287373995093332,0.01287373995093332,0.01287373995093332,0.01287373995093332,1.0,1.0,1.0,1.0,1.0,0.0004175895413268908,0.0004175895413268908,0.0004175895413268908,0.0004175895413268908,0.0004175895413268908,0.018661707604074283,0.018661707604074283,0.018661707604074283,0.018661707604074283,0.018661707604074283,0.0,0.0,0.0,0.0,0.0,0.0003567644903095246,0.0003567644903095246,0.0003567644903095246,0.0003567644903095246,0.0003567644903095246
multiwell_potentials,hybrid,3,1,0.9992761424477846,0.9992761424477846,0.9992761424477846,0.9992761424477846,0.9992761424477846,0.03151674267155866,0.03151674267155866,0.03151674267155866,0.03151674267155866,0.03151674267155866,0.02239438646591374,0.02239438646591374,0.02239438646591374,0.02239438646591374,0.02239438646591374,0.013020817898403236,0.013020817898403236,0.013020817898403236,0.013020817898403236,0.013020817898403236,0.02817310367375782,0.02817310367375782,0.02817310367375782,0.02817310367375782,0.02817310367375782,1.0,1.0,1.0,1.0,1.0,0.001106321340835748,0.001106321340835748,0.001106321340835748,0.001106321340835748,0.001106321340835748,0.018661707604074283,0.018661707604074283,0.018661707604074283,0.018661707604074283,0.018661707604074283,0.0,0.0,0.0,0.0,0.0,0.019057561441525372,0.019057561441525372,0.019057561441525372,0.019057561441525372,0.019057561441525372
multiwell_potentials,hybrid,4,1,0.9993533073166789,0.9993533073166789,0.9993533073166789,0.9993533073166789,0.9993533073166789,0.02817017628631946,0.02817017628631946,0.02817017628631946,0.02817017628631946,0.02817017628631946,0.021552799612002183,0.021552799612002183,0.021552799612002183,0.021552799612002183,0.021552799612002183,0.006583966798195557,0.006583966798195557,0.006583966798195557,0.006583966798195557,0.006583966798195557,0.03309271991740754,0.03309271991740754,0.03309271991740754,0.03309271991740754,0.03309271991740754,1.0,1.0,1.0,1.0,1.0,0.0007225532480746688,0.0007225532480746688,0.0007225532480746688,0.0007225532480746688,0.0007225532480746688,0.018661707604074283,0.018661707604074283,0.018661707604074283,0.018661707604074283,0.018661707604074283,0.0,0.0,0.0,0.0,0.0,0.04394718607791592,0.04394718607791592,0.04394718607791592,0.04394718607791592,0.04394718607791592
multiwell_potentials,hybrid,5,1,0.9990369234702702,0.9990369234702702,0.9990369234702702,0.9990369234702702,0.9990369234702702,0.03149797032448438,0.03149797032448438,0.03149797032448438,0.03149797032448438,0.03149797032448438,0.010133710571075483,0.010133710571075483,0.010133710571075483,0.010133710571075483,0.010133710571075483,0.004688432583707572,0.004688432583707572,0.004688432583707572,0.004688432583707572,0.004688432583707572,0.04031879220215222,0.04031879220215222,0.04031879220215222,0.04031879220215222,0.04031879220215222,1.0,1.0,1.0,1.0,1.0,0.0007242786749277405,0.0007242786749277405,0.0007242786749277405,0.0007242786749277405,0.0007242786749277405,0.018661707604074283,0.018661707604074283,0.018661707604074283,0.018661707604074283,0.018661707604074283,0.0,0.0,0.0,0.0,0.0,0.031686510183077665,0.031686510183077665,0.031686510183077665,0.031686510183077665,0.031686510183077665
multiwell_potentials,hybrid,6,1,0.9995642650696889,0.9995642650696889,0.9995642650696889,0.9995642650696889,0.9995642650696889,0.02221093687381852,0.02221093687381852,0.02221093687381852,0.02221093687381852,0.02221093687381852,0.0386063886301784,0.0386063886301784,0.0386063886301784,0.0386063886301784,0.0386063886301784,0.008641140822199607,0.008641140822199607,0.008641140822199607,0.008641140822199607,0.008641140822199607,0.030053667993211422,0.030053667993211422,0.030053667993211422,0.030053667993211422,0.030053667993211422,1.0,1.0,1.0,1.0,1.0,0.00026298612024789133,0.00026298612024789133,0.00026298612024789133,0.00026298612024789133,0.00026298612024789133,0.018661707604074283,0.018661707604074283,0.018661707604074283,0.018661707604074283,0.018661707604074283,0.0,0.0,0.0,0.0,0.0,0.048740099201253884,0.048740099201253884,0.048740099201253884,0.048740099201253884,0.048740099201253884
multiwell_potentials,hybrid,7,1,0.9993928596162654,0.9993928596162654,0.9993928596162654,0.9993928596162654,0.9993928596162654,0.02903236730875315,0.02903236730875315,0.02903236730875315,0.02903236730875315,0.02903236730875315,0.04208525580159517,0.04208525580159517,0.04208525580159517,0.04208525580159517,0.04208525580159517,0.014079718014188086,0.014079718014188086,0.014079718014188086,0.014079718014188086,0.014079718014188086,0.036766887034393465,0.036766887034393465,0.036766887034393465,0.036766887034393465,0.036766887034393465,1.0,1.0,1.0,1.0,1.0,0.0002988309524843583,0.0002988309524843583,0.0002988309524843583,0.0002988309524843583,0.0002988309524843583,0.018661707604074283,0.018661707604074283,0.018661707604074283,0.018661707604074283,0.018661707604074283,0.0,0.0,0.0,0.0,0.0,0.0034788671714167663,0.0034788671714167663,0.0034788671714167663,0.0034788671714167663,0.0034788671714167663
multiwell_potentials,hybrid,8,1,0.9993046810274494,0.9993046810274494,0.9993046810274494,0.9993046810274494,0.9993046810274494,0.03642465127325451,0.03642465127325451,0.03642465127325451,0.03642465127325451,0.03642465127325451,0.01233574359449463,0.01233574359449463,0.01233574359449463,0.01233574359449463,0.01233574359449463,0.017055427412005962,0.017055427412005962,0.017055427412005962,0.017055427412005962,0.017055427412005962,0.035964891936220836,0.035964891936220836,0.035964891936220836,0.035964891936220836,0.035964891936220836,1.0,1.0,1.0,1.0,1.0,0.0006318384399755252,0.0006318384399755252,0.0006318384399755252,0.0006318384399755252,0.0006318384399755252,0.018661707604074283,0.018661707604074283,0.018661707604074283,0.018661707604074283,0.018661707604074283,0.0,0.0,0.0,0.0,0.0,0.0544209993960898,0.0544209993960898,0.0544209993960898,0.0544209993960898,0.0544209993960898
multiwell_potentials,hybrid,9,1,0.9993485666712777,0.9993485666712777,0.9993485666712777,0.9993485666712777,0.9993485666712777,0.03758415814923437,0.03758415814923437,0.03758415814923437,0.03758415814923437,0.03758415814923437,0.15946798958889818,0.15946798958889818,0.15946798958889818,0.15946798958889818,0.15946798958889818,0.026206877056714133,0.026206877056714133,0.026206877056714133,0.026206877056714133,0.026206877056714133,0.029528300863010018,0.029528300863010018,0.029528300863010018,0.029528300863010018,0.029528300863010018,1.0,1.0,1.0,1.0,1.0,0.0005996329197417474,0.0005996329197417474,0.0005996329197417474,0.0005996329197417474,0.0005996329197417474,0.018661707604074283,0.018661707604074283,0.018661707604074283,0.018661707604074283,0.018661707604074283,0.0,0.0,0.0,0.0,0.0,0.14713224599440355,0.14713224599440355,0.14713224599440355,0.14713224599440355,0.14713224599440355
multiwell_potentials,hybrid,10,1,0.9991257641255828,0.9991257641255828,0.9991257641255828,0.9991257641255828,0.9991257641255828,0.03941659244804727,0.03941659244804727,0.03941659244804727,0.03941659244804727,0.03941659244804727,0.22430240920241395,0.22430240920241395,0.22430240920241395,0.22430240920241395,0.22430240920241395,0.031018555127107328,0.031018555127107328,0.031018555127107328,0.031018555127107328,0.031018555127107328,0.02959173141327892,0.02959173141327892,0.02959173141327892,0.02959173141327892,0.02959173141327892,1.0,1.0,1.0,1.0,1.0,0.0005228618461067566,0.0005228618461067566,0.0005228618461067566,0.0005228618461067566,0.0005228618461067566,0.018661707604074283,0.018661707604074283,0.018661707604074283,0.018661707604074283,0.018661707604074283,0.0,0.0,0.0,0.0,0.0,0.38377039879131214,0.38377039879131214,0.38377039879131214,0.38377039879131214,0.38377039879131214
multiwell_potentials,initial_ritz,0,1,0.9999972796357481,0.9999972796357481,0.9999972796357481,0.9999972796357481,0.9999972796357481,0.005472203680676634,0.005472203680676634,0.005472203680676634,0.005472203680676634,0.005472203680676634,9.463990246372234e-06,9.463990246372234e-06,9.463990246372234e-06,9.463990246372234e-06,9.463990246372234e-06,0.005891330495750799,0.005891330495750799,0.005891330495750799,0.005891330495750799,0.005891330495750799,0.0019271214652327332,0.0019271214652327332,0.0019271214652327332,0.0019271214652327332,0.0019271214652327332,1.0,1.0,1.0,1.0,1.0,,,,,,1.503783301659567e-06,1.503783301659567e-06,1.503783301659567e-06,1.503783301659567e-06,1.503783301659567e-06,0.0,0.0,0.0,0.0,0.0,,,,,
multiwell_potentials,initial_ritz,1,1,0.9999948350444275,0.9999948350444275,0.9999948350444275,0.9999948350444275,0.9999948350444275,0.006520812390287138,0.006520812390287138,0.006520812390287138,0.006520812390287138,0.006520812390287138,9.478027244935738e-05,9.478027244935738e-05,9.478027244935738e-05,9.478027244935738e-05,9.478027244935738e-05,0.006257319678443468,0.006257319678443468,0.006257319678443468,0.006257319678443468,0.006257319678443468,0.0026633244736665447,0.0026633244736665447,0.0026633244736665447,0.0026633244736665447,0.0026633244736665447,1.0,1.0,1.0,1.0,1.0,,,,,,1.503783301659567e-06,1.503783301659567e-06,1.503783301659567e-06,1.503783301659567e-06,1.503783301659567e-06,0.0,0.0,0.0,0.0,0.0,8.531628220298515e-05,8.531628220298515e-05,8.531628220298515e-05,8.531628220298515e-05,8.531628220298515e-05
multiwell_potentials,initial_ritz,2,1,0.9999654137551703,0.9999654137551703,0.9999654137551703,0.9999654137551703,0.9999654137551703,0.017840155069598757,0.017840155069598757,0.017840155069598757,0.017840155069598757,0.017840155069598757,5.094016721063355e-05,5.094016721063355e-05,5.094016721063355e-05,5.094016721063355e-05,5.094016721063355e-05,0.01593577733017441,0.01593577733017441,0.01593577733017441,0.01593577733017441,0.01593577733017441,0.008072972416549386,0.008072972416549386,0.008072972416549386,0.008072972416549386,0.008072972416549386,1.0,1.0,1.0,1.0,1.0,,,,,,1.503783301659567e-06,1.503783301659567e-06,1.503783301659567e-06,1.503783301659567e-06,1.503783301659567e-06,0.0,0.0,0.0,0.0,0.0,4.3840105238723837e-05,4.3840105238723837e-05,4.3840105238723837e-05,4.3840105238723837e-05,4.3840105238723837e-05
multiwell_potentials,initial_ritz,3,1,0.9999680811023215,0.9999680811023215,0.9999680811023215,0.9999680811023215,0.9999680811023215,0.014987132381943338,0.014987132381943338,0.014987132381943338,0.014987132381943338,0.014987132381943338,0.0004179155186481154,0.0004179155186481154,0.0004179155186481154,0.0004179155186481154,0.0004179155186481154,0.010734906940935785,0.010734906940935785,0.010734906940935785,0.010734906940935785,0.010734906940935785,0.008332798328736537,0.008332798328736537,0.008332798328736537,0.008332798328736537,0.008332798328736537,1.0,1.0,1.0,1.0,1.0,0.00018058494839886827,0.00018058494839886827,0.00018058494839886827,0.00018058494839886827,0.00018058494839886827,1.503783301659567e-06,1.503783301659567e-06,1.503783301659567e-06,1.503783301659567e-06,1.503783301659567e-06,0.0,0.0,0.0,0.0,0.0,0.00036697535143748183,0.00036697535143748183,0.00036697535143748183,0.00036697535143748183,0.00036697535143748183
multiwell_potentials,initial_ritz,4,1,0.9999907045857558,0.9999907045857558,0.9999907045857558,0.9999907045857558,0.9999907045857558,0.006024640240089621,0.006024640240089621,0.006024640240089621,0.006024640240089621,0.006024640240089621,0.001014710992856216,0.001014710992856216,0.001014710992856216,0.001014710992856216,0.001014710992856216,0.0039837281175213535,0.0039837281175213535,0.0039837281175213535,0.0039837281175213535,0.0039837281175213535,0.00416684133918075,0.00416684133918075,0.00416684133918075,0.00416684133918075,0.00416684133918075,1.0,1.0,1.0,1.0,1.0,2.288932160093587e-05,2.288932160093587e-05,2.288932160093587e-05,2.288932160093587e-05,2.288932160093587e-05,1.503783301659567e-06,1.503783301659567e-06,1.503783301659567e-06,1.503783301659567e-06,1.503783301659567e-06,0.0,0.0,0.0,0.0,0.0,0.0005967954742081005,0.0005967954742081005,0.0005967954742081005,0.0005967954742081005,0.0005967954742081005
multiwell_potentials,initial_ritz,5,1,0.9999916996791965,0.9999916996791965,0.9999916996791965,0.9999916996791965,0.9999916996791965,0.004223709684432853,0.004223709684432853,0.004223709684432853,0.004223709684432853,0.004223709684432853,0.0015670926053772405,0.0015670926053772405,0.0015670926053772405,0.0015670926053772405,0.0015670926053772405,0.002223895432955183,0.002223895432955183,0.002223895432955183,0.002223895432955183,0.002223895432955183,0.0035992255863810958,0.0035992255863810958,0.0035992255863810958,0.0035992255863810958,0.0035992255863810958,1.0,1.0,1.0,1.0,1.0,4.323539537812757e-05,4.323539537812757e-05,4.323539537812757e-05,4.323539537812757e-05,4.323539537812757e-05,1.503783301659567e-06,1.503783301659567e-06,1.503783301659567e-06,1.503783301659567e-06,1.503783301659567e-06,0.0,0.0,0.0,0.0,0.0,0.0005523816125210246,0.0005523816125210246,0.0005523816125210246,0.0005523816125210246,0.0005523816125210246
multiwell_potentials,initial_ritz,6,1,0.999961214287877,0.999961214287877,0.999961214287877,0.999961214287877,0.999961214287877,0.012315317868835938,0.012315317868835938,0.012315317868835938,0.012315317868835938,0.012315317868835938,0.0020132231099339037,0.0020132231099339037,0.0020132231099339037,0.0020132231099339037,0.0020132231099339037,0.006449261759051522,0.006449261759051522,0.006449261759051522,0.006449261759051522,0.006449261759051522,0.00821783356087009,0.00821783356087009,0.00821783356087009,0.00821783356087009,0.00821783356087009,1.0,1.0,1.0,1.0,1.0,0.00010586063267504883,0.00010586063267504883,0.00010586063267504883,0.00010586063267504883,0.00010586063267504883,1.503783301659567e-06,1.503783301659567e-06,1.503783301659567e-06,1.503783301659567e-06,1.503783301659567e-06,0.0,0.0,0.0,0.0,0.0,0.00044613050455666325,0.00044613050455666325,0.00044613050455666325,0.00044613050455666325,0.00044613050455666325
multiwell_potentials,initial_ritz,7,1,0.9998510870177889,0.9998510870177889,0.9998510870177889,0.9998510870177889,0.9998510870177889,0.02241646587398982,0.02241646587398982,0.02241646587398982,0.02241646587398982,0.02241646587398982,0.002147589504801317,0.002147589504801317,0.002147589504801317,0.002147589504801317,0.002147589504801317,0.013013343726757253,0.013013343726757253,0.013013343726757253,0.013013343726757253,0.013013343726757253,0.014573420272796348,0.014573420272796348,0.014573420272796348,0.014573420272796348,0.014573420272796348,1.0,1.0,1.0,1.0,1.0,0.00021055672143546685,0.00021055672143546685,0.00021055672143546685,0.00021055672143546685,0.00021055672143546685,1.503783301659567e-06,1.503783301659567e-06,1.503783301659567e-06,1.503783301659567e-06,1.503783301659567e-06,0.0,0.0,0.0,0.0,0.0,0.00013436639486741342,0.00013436639486741342,0.00013436639486741342,0.00013436639486741342,0.00013436639486741342
multiwell_potentials,initial_ritz,8,1,0.9998233460524117,0.9998233460524117,0.9998233460524117,0.9998233460524117,0.9998233460524117,0.025994571688570507,0.025994571688570507,0.025994571688570507,0.025994571688570507,0.025994571688570507,0.0025934836152465834,0.0025934836152465834,0.0025934836152465834,0.0025934836152465834,0.0025934836152465834,0.016869368673230627,0.016869368673230627,0.016869368673230627,0.016869368673230627,0.016869368673230627,0.014283093012352185,0.014283093012352185,0.014283093012352185,0.014283093012352185,0.014283093012352185,1.0,1.0,1.0,1.0,1.0,0.0002404029530408689,0.0002404029530408689,0.0002404029530408689,0.0002404029530408689,0.0002404029530408689,1.503783301659567e-06,1.503783301659567e-06,1.503783301659567e-06,1.503783301659567e-06,1.503783301659567e-06,0.0,0.0,0.0,0.0,0.0,0.0004458941104452663,0.0004458941104452663,0.0004458941104452663,0.0004458941104452663,0.0004458941104452663
multiwell_potentials,initial_ritz,9,1,0.999674102234078,0.999674102234078,0.999674102234078,0.999674102234078,0.999674102234078,0.031993949852344356,0.031993949852344356,0.031993949852344356,0.031993949852344356,0.031993949852344356,0.0028245989333806065,0.0028245989333806065,0.0028245989333806065,0.0028245989333806065,0.0028245989333806065,0.019715139858862633,0.019715139858862633,0.019715139858862633,0.019715139858862633,0.019715139858862633,0.020680875455218375,0.020680875455218375,0.020680875455218375,0.020680875455218375,0.020680875455218375,1.0,1.0,1.0,1.0,1.0,0.0002726398068422974,0.0002726398068422974,0.0002726398068422974,0.0002726398068422974,0.0002726398068422974,1.503783301659567e-06,1.503783301659567e-06,1.503783301659567e-06,1.503783301659567e-06,1.503783301659567e-06,0.0,0.0,0.0,0.0,0.0,0.00023111531813402308,0.00023111531813402308,0.00023111531813402308,0.00023111531813402308,0.00023111531813402308
multiwell_potentials,initial_ritz,10,1,0.9993932735043072,0.9993932735043072,0.9993932735043072,0.9993932735043072,0.9993932735043072,0.0364548635556061,0.0364548635556061,0.0364548635556061,0.0364548635556061,0.0364548635556061,0.003122212379617295,0.003122212379617295,0.003122212379617295,0.003122212379617295,0.003122212379617295,0.023559704316782143,0.023559704316782143,0.023559704316782143,0.023559704316782143,0.023559704316782143,0.025701434260265443,0.025701434260265443,0.025701434260265443,0.025701434260265443,0.025701434260265443,1.0,1.0,1.0,1.0,1.0,0.00028649279385044643,0.00028649279385044643,0.00028649279385044643,0.00028649279385044643,0.00028649279385044643,1.503783301659567e-06,1.503783301659567e-06,1.503783301659567e-06,1.503783301659567e-06,1.503783301659567e-06,0.0,0.0,0.0,0.0,0.0,0.0002976134462366886,0.0002976134462366886,0.0002976134462366886,0.0002976134462366886,0.0002976134462366886
near_continuum_states,direct_topology,0,1,0.999859431999072,0.999859431999072,0.999859431999072,0.999859431999072,0.999859431999072,0.022170217539172334,0.022170217539172334,0.022170217539172334,0.022170217539172334,0.022170217539172334,1.747171690791305e-05,1.747171690791305e-05,1.747171690791305e-05,1.747171690791305e-05,1.747171690791305e-05,0.9613691755650957,0.9613691755650957,0.9613691755650957,0.9613691755650957,0.9613691755650957,0.012126536053467758,0.012126536053467758,0.012126536053467758,0.012126536053467758,0.012126536053467758,1.0,1.0,1.0,1.0,1.0,0.0,0.0,0.0,0.0,0.0,0.37933417276587933,0.37933417276587933,0.37933417276587933,0.37933417276587933,0.37933417276587933,0.0,0.0,0.0,0.0,0.0,,,,,
near_continuum_states,direct_topology,1,1,0.8242165390861923,0.8242165390861923,0.8242165390861923,0.8242165390861923,0.8242165390861923,0.4349646445841372,0.4349646445841372,0.4349646445841372,0.4349646445841372,0.4349646445841372,0.0019980478418142322,0.0019980478418142322,0.0019980478418142322,0.0019980478418142322,0.0019980478418142322,0.17793355081912707,0.17793355081912707,0.17793355081912707,0.17793355081912707,0.17793355081912707,0.3132692381187242,0.3132692381187242,0.3132692381187242,0.3132692381187242,0.3132692381187242,0.0,0.0,0.0,0.0,0.0,0.12263660329231302,0.12263660329231302,0.12263660329231302,0.12263660329231302,0.12263660329231302,0.37933417276587933,0.37933417276587933,0.37933417276587933,0.37933417276587933,0.37933417276587933,0.0,0.0,0.0,0.0,0.0,0.0020155195587221453,0.0020155195587221453,0.0020155195587221453,0.0020155195587221453,0.0020155195587221453
near_continuum_states,direct_topology,2,1,0.9208174205795834,0.9208174205795834,0.9208174205795834,0.9208174205795834,0.9208174205795834,0.2903764343062433,0.2903764343062433,0.2903764343062433,0.2903764343062433,0.2903764343062433,0.002968297479212678,0.002968297479212678,0.002968297479212678,0.002968297479212678,0.002968297479212678,0.2103823468134584,0.2103823468134584,0.2103823468134584,0.2103823468134584,0.2103823468134584,0.14250126559291076,0.14250126559291076,0.14250126559291076,0.14250126559291076,0.14250126559291076,0.0,0.0,0.0,0.0,0.0,0.08616736294648558,0.08616736294648558,0.08616736294648558,0.08616736294648558,0.08616736294648558,0.37933417276587933,0.37933417276587933,0.37933417276587933,0.37933417276587933,0.37933417276587933,0.0,0.0,0.0,0.0,0.0,0.0009702496373984459,0.0009702496373984459,0.0009702496373984459,0.0009702496373984459,0.0009702496373984459
near_continuum_states,direct_topology,3,1,0.9522202362901917,0.9522202362901917,0.9522202362901917,0.9522202362901917,0.9522202362901917,0.22535151712469909,0.22535151712469909,0.22535151712469909,0.22535151712469909,0.22535151712469909,0.002672449063278348,0.002672449063278348,0.002672449063278348,0.002672449063278348,0.002672449063278348,0.261561433287599,0.261561433287599,0.261561433287599,0.261561433287599,0.261561433287599,0.10183809968335525,0.10183809968335525,0.10183809968335525,0.10183809968335525,0.10183809968335525,0.0,0.0,0.0,0.0,0.0,0.07606444391145185,0.07606444391145185,0.07606444391145185,0.07606444391145185,0.07606444391145185,0.37933417276587933,0.37933417276587933,0.37933417276587933,0.37933417276587933,0.37933417276587933,0.0,0.0,0.0,0.0,0.0,0.00029584841593433,0.00029584841593433,0.00029584841593433,0.00029584841593433,0.00029584841593433
near_continuum_states,direct_topology,4,1,0.9694266440001037,0.9694266440001037,0.9694266440001037,0.9694266440001037,0.9694266440001037,0.18036671069733157,0.18036671069733157,0.18036671069733157,0.18036671069733157,0.18036671069733157,0.002581394233929668,0.002581394233929668,0.002581394233929668,0.002581394233929668,0.002581394233929668,0.290158340679055,0.290158340679055,0.290158340679055,0.290158340679055,0.290158340679055,0.08126682458670427,0.08126682458670427,0.08126682458670427,0.08126682458670427,0.08126682458670427,0.0,0.0,0.0,0.0,0.0,0.0782242532526517,0.0782242532526517,0.0782242532526517,0.0782242532526517,0.0782242532526517,0.37933417276587933,0.37933417276587933,0.37933417276587933,0.37933417276587933,0.37933417276587933,0.0,0.0,0.0,0.0,0.0,9.105482934868014e-05,9.105482934868014e-05,9.105482934868014e-05,9.105482934868014e-05,9.105482934868014e-05
near_continuum_states,direct_topology,5,1,0.9772962179515481,0.9772962179515481,0.9772962179515481,0.9772962179515481,0.9772962179515481,0.15551373980818425,0.15551373980818425,0.15551373980818425,0.15551373980818425,0.15551373980818425,0.0024856721678019333,0.0024856721678019333,0.0024856721678019333,0.0024856721678019333,0.0024856721678019333,0.6697954227750614,0.6697954227750614,0.6697954227750614,0.6697954227750614,0.6697954227750614,0.07769578561650814,0.07769578561650814,0.07769578561650814,0.07769578561650814,0.07769578561650814,0.0,0.0,0.0,0.0,0.0,0.08286583622876098,0.08286583622876098,0.08286583622876098,0.08286583622876098,0.08286583622876098,0.37933417276587933,0.37933417276587933,0.37933417276587933,0.37933417276587933,0.37933417276587933,0.0,0.0,0.0,0.0,0.0,9.57220661277347e-05,9.57220661277347e-05,9.57220661277347e-05,9.57220661277347e-05,9.57220661277347e-05
near_continuum_states,direct_topology,6,1,0.9837210834684501,0.9837210834684501,0.9837210834684501,0.9837210834684501,0.9837210834684501,0.1316287473063396,0.1316287473063396,0.1316287473063396,0.1316287473063396,0.1316287473063396,0.0024212459536354647,0.0024212459536354647,0.0024212459536354647,0.0024212459536354647,0.0024212459536354647,0.8055630226805899,0.8055630226805899,0.8055630226805899,0.8055630226805899,0.8055630226805899,0.05315231583199759,0.05315231583199759,0.05315231583199759,0.05315231583199759,0.05315231583199759,0.0,0.0,0.0,0.0,0.0,0.09106108096129129,0.09106108096129129,0.09106108096129129,0.09106108096129129,0.09106108096129129,0.37933417276587933,0.37933417276587933,0.37933417276587933,0.37933417276587933,0.37933417276587933,0.0,0.0,0.0,0.0,0.0,6.442621416646865e-05,6.442621416646865e-05,6.442621416646865e-05,6.442621416646865e-05,6.442621416646865e-05
near_continuum_states,direct_topology,7,1,0.9876653726905339,0.9876653726905339,0.9876653726905339,0.9876653726905339,0.9876653726905339,0.11442959789043873,0.11442959789043873,0.11442959789043873,0.11442959789043873,0.11442959789043873,0.002437617805062242,0.002437617805062242,0.002437617805062242,0.002437617805062242,0.002437617805062242,0.8452507634786294,0.8452507634786294,0.8452507634786294,0.8452507634786294,0.8452507634786294,0.05229837278560494,0.05229837278560494,0.05229837278560494,0.05229837278560494,0.05229837278560494,0.0,0.0,0.0,0.0,0.0,0.09147954588616225,0.09147954588616225,0.09147954588616225,0.09147954588616225,0.09147954588616225,0.37933417276587933,0.37933417276587933,0.37933417276587933,0.37933417276587933,0.37933417276587933,0.0,0.0,0.0,0.0,0.0,1.637185142677744e-05,1.637185142677744e-05,1.637185142677744e-05,1.637185142677744e-05,1.637185142677744e-05
near_continuum_states,direct_topology,8,1,0.9885444710584205,0.9885444710584205,0.9885444710584205,0.9885444710584205,0.9885444710584205,0.11003151792722102,0.11003151792722102,0.11003151792722102,0.11003151792722102,0.11003151792722102,0.002439406745505357,0.002439406745505357,0.002439406745505357,0.002439406745505357,0.002439406745505357,0.9351831450542268,0.9351831450542268,0.9351831450542268,0.9351831450542268,0.9351831450542268,0.05857991884532596,0.05857991884532596,0.05857991884532596,0.05857991884532596,0.05857991884532596,0.0,0.0,0.0,0.0,0.0,0.09048999284235806,0.09048999284235806,0.09048999284235806,0.09048999284235806,0.09048999284235806,0.37933417276587933,0.37933417276587933,0.37933417276587933,0.37933417276587933,0.37933417276587933,0.0,0.0,0.0,0.0,0.0,1.7889404431148392e-06,1.7889404431148392e-06,1.7889404431148392e-06,1.7889404431148392e-06,1.7889404431148392e-06
near_continuum_states,direct_topology,9,1,0.9914427318421707,0.9914427318421707,0.9914427318421707,0.9914427318421707,0.9914427318421707,0.09538975026106707,0.09538975026106707,0.09538975026106707,0.09538975026106707,0.09538975026106707,0.0024262569488064933,0.0024262569488064933,0.0024262569488064933,0.0024262569488064933,0.0024262569488064933,0.9247967330302468,0.9247967330302468,0.9247967330302468,0.9247967330302468,0.9247967330302468,0.03450963654146012,0.03450963654146012,0.03450963654146012,0.03450963654146012,0.03450963654146012,1.0,1.0,1.0,1.0,1.0,0.08704492305075927,0.08704492305075927,0.08704492305075927,0.08704492305075927,0.08704492305075927,0.37933417276587933,0.37933417276587933,0.37933417276587933,0.37933417276587933,0.37933417276587933,0.0,0.0,0.0,0.0,0.0,1.3149796698863625e-05,1.3149796698863625e-05,1.3149796698863625e-05,1.3149796698863625e-05,1.3149796698863625e-05
near_continuum_states,direct_topology,10,1,0.988952623848677,0.988952623848677,0.988952623848677,0.988952623848677,0.988952623848677,0.10695108133202928,0.10695108133202928,0.10695108133202928,0.10695108133202928,0.10695108133202928,0.0024064664269096703,0.0024064664269096703,0.0024064664269096703,0.0024064664269096703,0.0024064664269096703,0.9233075382192129,0.9233075382192129,0.9233075382192129,0.9233075382192129,0.9233075382192129,0.04663819440727864,0.04663819440727864,0.04663819440727864,0.04663819440727864,0.04663819440727864,1.0,1.0,1.0,1.0,1.0,0.0843414314560787,0.0843414314560787,0.0843414314560787,0.0843414314560787,0.0843414314560787,0.37933417276587933,0.37933417276587933,0.37933417276587933,0.37933417276587933,0.37933417276587933,0.0,0.0,0.0,0.0,0.0,1.9790521896823066e-05,1.9790521896823066e-05,1.9790521896823066e-05,1.9790521896823066e-05,1.9790521896823066e-05
near_continuum_states,hybrid,0,1,0.999859431999072,0.999859431999072,0.999859431999072,0.999859431999072,0.999859431999072,0.022170217539172334,0.022170217539172334,0.022170217539172334,0.022170217539172334,0.022170217539172334,1.747171690791305e-05,1.747171690791305e-05,1.747171690791305e-05,1.747171690791305e-05,1.747171690791305e-05,0.9613691755650957,0.9613691755650957,0.9613691755650957,0.9613691755650957,0.9613691755650957,0.012126536053467758,0.012126536053467758,0.012126536053467758,0.012126536053467758,0.012126536053467758,1.0,1.0,1.0,1.0,1.0,0.0,0.0,0.0,0.0,0.0,0.37933417276587933,0.37933417276587933,0.37933417276587933,0.37933417276587933,0.37933417276587933,0.0,0.0,0.0,0.0,0.0,,,,,
near_continuum_states,hybrid,1,1,0.8242165390861923,0.8242165390861923,0.8242165390861923,0.8242165390861923,0.8242165390861923,0.4349646445841372,0.4349646445841372,0.4349646445841372,0.4349646445841372,0.4349646445841372,0.0019980478418142322,0.0019980478418142322,0.0019980478418142322,0.0019980478418142322,0.0019980478418142322,0.17793355081912707,0.17793355081912707,0.17793355081912707,0.17793355081912707,0.17793355081912707,0.3132692381187242,0.3132692381187242,0.3132692381187242,0.3132692381187242,0.3132692381187242,0.0,0.0,0.0,0.0,0.0,0.12263660329231302,0.12263660329231302,0.12263660329231302,0.12263660329231302,0.12263660329231302,0.37933417276587933,0.37933417276587933,0.37933417276587933,0.37933417276587933,0.37933417276587933,0.0,0.0,0.0,0.0,0.0,0.0020155195587221453,0.0020155195587221453,0.0020155195587221453,0.0020155195587221453,0.0020155195587221453
near_continuum_states,hybrid,2,1,0.9208174205795834,0.9208174205795834,0.9208174205795834,0.9208174205795834,0.9208174205795834,0.2903764343062433,0.2903764343062433,0.2903764343062433,0.2903764343062433,0.2903764343062433,0.002968297479212678,0.002968297479212678,0.002968297479212678,0.002968297479212678,0.002968297479212678,0.2103823468134584,0.2103823468134584,0.2103823468134584,0.2103823468134584,0.2103823468134584,0.14250126559291076,0.14250126559291076,0.14250126559291076,0.14250126559291076,0.14250126559291076,0.0,0.0,0.0,0.0,0.0,0.08616736294648558,0.08616736294648558,0.08616736294648558,0.08616736294648558,0.08616736294648558,0.37933417276587933,0.37933417276587933,0.37933417276587933,0.37933417276587933,0.37933417276587933,0.0,0.0,0.0,0.0,0.0,0.0009702496373984459,0.0009702496373984459,0.0009702496373984459,0.0009702496373984459,0.0009702496373984459
near_continuum_states,hybrid,3,1,0.9522202362901917,0.9522202362901917,0.9522202362901917,0.9522202362901917,0.9522202362901917,0.22535151712469909,0.22535151712469909,0.22535151712469909,0.22535151712469909,0.22535151712469909,0.002672449063278348,0.002672449063278348,0.002672449063278348,0.002672449063278348,0.002672449063278348,0.261561433287599,0.261561433287599,0.261561433287599,0.261561433287599,0.261561433287599,0.10183809968335525,0.10183809968335525,0.10183809968335525,0.10183809968335525,0.10183809968335525,0.0,0.0,0.0,0.0,0.0,0.07606444391145185,0.07606444391145185,0.07606444391145185,0.07606444391145185,0.07606444391145185,0.37933417276587933,0.37933417276587933,0.37933417276587933,0.37933417276587933,0.37933417276587933,0.0,0.0,0.0,0.0,0.0,0.00029584841593433,0.00029584841593433,0.00029584841593433,0.00029584841593433,0.00029584841593433
near_continuum_states,hybrid,4,1,0.9694266440001037,0.9694266440001037,0.9694266440001037,0.9694266440001037,0.9694266440001037,0.18036671069733157,0.18036671069733157,0.18036671069733157,0.18036671069733157,0.18036671069733157,0.002581394233929668,0.002581394233929668,0.002581394233929668,0.002581394233929668,0.002581394233929668,0.290158340679055,0.290158340679055,0.290158340679055,0.290158340679055,0.290158340679055,0.08126682458670427,0.08126682458670427,0.08126682458670427,0.08126682458670427,0.08126682458670427,0.0,0.0,0.0,0.0,0.0,0.0782242532526517,0.0782242532526517,0.0782242532526517,0.0782242532526517,0.0782242532526517,0.37933417276587933,0.37933417276587933,0.37933417276587933,0.37933417276587933,0.37933417276587933,0.0,0.0,0.0,0.0,0.0,9.105482934868014e-05,9.105482934868014e-05,9.105482934868014e-05,9.105482934868014e-05,9.105482934868014e-05
near_continuum_states,hybrid,5,1,0.9772962179515481,0.9772962179515481,0.9772962179515481,0.9772962179515481,0.9772962179515481,0.15551373980818425,0.15551373980818425,0.15551373980818425,0.15551373980818425,0.15551373980818425,0.0024856721678019333,0.0024856721678019333,0.0024856721678019333,0.0024856721678019333,0.0024856721678019333,0.6697954227750614,0.6697954227750614,0.6697954227750614,0.6697954227750614,0.6697954227750614,0.07769578561650814,0.07769578561650814,0.07769578561650814,0.07769578561650814,0.07769578561650814,0.0,0.0,0.0,0.0,0.0,0.08286583622876098,0.08286583622876098,0.08286583622876098,0.08286583622876098,0.08286583622876098,0.37933417276587933,0.37933417276587933,0.37933417276587933,0.37933417276587933,0.37933417276587933,0.0,0.0,0.0,0.0,0.0,9.57220661277347e-05,9.57220661277347e-05,9.57220661277347e-05,9.57220661277347e-05,9.57220661277347e-05
near_continuum_states,hybrid,6,1,0.9837210834684501,0.9837210834684501,0.9837210834684501,0.9837210834684501,0.9837210834684501,0.1316287473063396,0.1316287473063396,0.1316287473063396,0.1316287473063396,0.1316287473063396,0.0024212459536354647,0.0024212459536354647,0.0024212459536354647,0.0024212459536354647,0.0024212459536354647,0.8055630226805899,0.8055630226805899,0.8055630226805899,0.8055630226805899,0.8055630226805899,0.05315231583199759,0.05315231583199759,0.05315231583199759,0.05315231583199759,0.05315231583199759,0.0,0.0,0.0,0.0,0.0,0.09106108096129129,0.09106108096129129,0.09106108096129129,0.09106108096129129,0.09106108096129129,0.37933417276587933,0.37933417276587933,0.37933417276587933,0.37933417276587933,0.37933417276587933,0.0,0.0,0.0,0.0,0.0,6.442621416646865e-05,6.442621416646865e-05,6.442621416646865e-05,6.442621416646865e-05,6.442621416646865e-05
near_continuum_states,hybrid,7,1,0.9876653726905339,0.9876653726905339,0.9876653726905339,0.9876653726905339,0.9876653726905339,0.11442959789043873,0.11442959789043873,0.11442959789043873,0.11442959789043873,0.11442959789043873,0.002437617805062242,0.002437617805062242,0.002437617805062242,0.002437617805062242,0.002437617805062242,0.8452507634786294,0.8452507634786294,0.8452507634786294,0.8452507634786294,0.8452507634786294,0.05229837278560494,0.05229837278560494,0.05229837278560494,0.05229837278560494,0.05229837278560494,0.0,0.0,0.0,0.0,0.0,0.09147954588616225,0.09147954588616225,0.09147954588616225,0.09147954588616225,0.09147954588616225,0.37933417276587933,0.37933417276587933,0.37933417276587933,0.37933417276587933,0.37933417276587933,0.0,0.0,0.0,0.0,0.0,1.637185142677744e-05,1.637185142677744e-05,1.637185142677744e-05,1.637185142677744e-05,1.637185142677744e-05
near_continuum_states,hybrid,8,1,0.9885444710584205,0.9885444710584205,0.9885444710584205,0.9885444710584205,0.9885444710584205,0.11003151792722102,0.11003151792722102,0.11003151792722102,0.11003151792722102,0.11003151792722102,0.002439406745505357,0.002439406745505357,0.002439406745505357,0.002439406745505357,0.002439406745505357,0.9351831450542268,0.9351831450542268,0.9351831450542268,0.9351831450542268,0.9351831450542268,0.05857991884532596,0.05857991884532596,0.05857991884532596,0.05857991884532596,0.05857991884532596,0.0,0.0,0.0,0.0,0.0,0.09048999284235806,0.09048999284235806,0.09048999284235806,0.09048999284235806,0.09048999284235806,0.37933417276587933,0.37933417276587933,0.37933417276587933,0.37933417276587933,0.37933417276587933,0.0,0.0,0.0,0.0,0.0,1.7889404431148392e-06,1.7889404431148392e-06,1.7889404431148392e-06,1.7889404431148392e-06,1.7889404431148392e-06
near_continuum_states,hybrid,9,1,0.9914427318421707,0.9914427318421707,0.9914427318421707,0.9914427318421707,0.9914427318421707,0.09538975026106707,0.09538975026106707,0.09538975026106707,0.09538975026106707,0.09538975026106707,0.0024262569488064933,0.0024262569488064933,0.0024262569488064933,0.0024262569488064933,0.0024262569488064933,0.9247967330302468,0.9247967330302468,0.9247967330302468,0.9247967330302468,0.9247967330302468,0.03450963654146012,0.03450963654146012,0.03450963654146012,0.03450963654146012,0.03450963654146012,1.0,1.0,1.0,1.0,1.0,0.08704492305075927,0.08704492305075927,0.08704492305075927,0.08704492305075927,0.08704492305075927,0.37933417276587933,0.37933417276587933,0.37933417276587933,0.37933417276587933,0.37933417276587933,0.0,0.0,0.0,0.0,0.0,1.3149796698863625e-05,1.3149796698863625e-05,1.3149796698863625e-05,1.3149796698863625e-05,1.3149796698863625e-05
near_continuum_states,hybrid,10,1,0.988952623848677,0.988952623848677,0.988952623848677,0.988952623848677,0.988952623848677,0.10695108133202928,0.10695108133202928,0.10695108133202928,0.10695108133202928,0.10695108133202928,0.0024064664269096703,0.0024064664269096703,0.0024064664269096703,0.0024064664269096703,0.0024064664269096703,0.9233075382192129,0.9233075382192129,0.9233075382192129,0.9233075382192129,0.9233075382192129,0.04663819440727864,0.04663819440727864,0.04663819440727864,0.04663819440727864,0.04663819440727864,1.0,1.0,1.0,1.0,1.0,0.0843414314560787,0.0843414314560787,0.0843414314560787,0.0843414314560787,0.0843414314560787,0.37933417276587933,0.37933417276587933,0.37933417276587933,0.37933417276587933,0.37933417276587933,0.0,0.0,0.0,0.0,0.0,1.9790521896823066e-05,1.9790521896823066e-05,1.9790521896823066e-05,1.9790521896823066e-05,1.9790521896823066e-05
near_continuum_states,initial_ritz,0,1,0.9998457275907982,0.9998457275907982,0.9998457275907982,0.9998457275907982,0.9998457275907982,0.02245478485906635,0.02245478485906635,0.02245478485906635,0.02245478485906635,0.02245478485906635,0.0003329032223495787,0.0003329032223495787,0.0003329032223495787,0.0003329032223495787,0.0003329032223495787,0.9613402125090013,0.9613402125090013,0.9613402125090013,0.9613402125090013,0.9613402125090013,0.014685759185457664,0.014685759185457664,0.014685759185457664,0.014685759185457664,0.014685759185457664,1.0,1.0,1.0,1.0,1.0,,,,,,1.697504569464492e-06,1.697504569464492e-06,1.697504569464492e-06,1.697504569464492e-06,1.697504569464492e-06,0.0,0.0,0.0,0.0,0.0,,,,,
near_continuum_states,initial_ritz,1,1,0.9788550296421396,0.9788550296421396,0.9788550296421396,0.9788550296421396,0.9788550296421396,0.1546804428994677,0.1546804428994677,0.1546804428994677,0.1546804428994677,0.1546804428994677,0.0010311682390897747,0.0010311682390897747,0.0010311682390897747,0.0010311682390897747,0.0010311682390897747,0.9535139588089342,0.9535139588089342,0.9535139588089342,0.9535139588089342,0.9535139588089342,0.15775517059591507,0.15775517059591507,0.15775517059591507,0.15775517059591507,0.15775517059591507,0.0,0.0,0.0,0.0,0.0,,,,,,1.697504569464492e-06,1.697504569464492e-06,1.697504569464492e-06,1.697504569464492e-06,1.697504569464492e-06,0.0,0.0,0.0,0.0,0.0,0.000698265016740196,0.000698265016740196,0.000698265016740196,0.000698265016740196,0.000698265016740196
near_continuum_states,initial_ritz,2,1,0.9763160488364877,0.9763160488364877,0.9763160488364877,0.9763160488364877,0.9763160488364877,0.16090459542324612,0.16090459542324612,0.16090459542324612,0.16090459542324612,0.16090459542324612,0.0006144520365591877,0.0006144520365591877,0.0006144520365591877,0.0006144520365591877,0.0006144520365591877,0.9574348590088634,0.9574348590088634,0.9574348590088634,0.9574348590088634,0.9574348590088634,0.16127200594957516,0.16127200594957516,0.16127200594957516,0.16127200594957516,0.16127200594957516,0.0,0.0,0.0,0.0,0.0,,,,,,1.697504569464492e-06,1.697504569464492e-06,1.697504569464492e-06,1.697504569464492e-06,1.697504569464492e-06,0.0,0.0,0.0,0.0,0.0,0.00041671620253058705,0.00041671620253058705,0.00041671620253058705,0.00041671620253058705,0.00041671620253058705
near_continuum_states,initial_ritz,3,1,0.979734738531256,0.979734738531256,0.979734738531256,0.979734738531256,0.979734738531256,0.14725825020685224,0.14725825020685224,0.14725825020685224,0.14725825020685224,0.14725825020685224,0.0003473587969768932,0.0003473587969768932,0.0003473587969768932,0.0003473587969768932,0.0003473587969768932,0.9634275984863031,0.9634275984863031,0.9634275984863031,0.9634275984863031,0.9634275984863031,0.16753150891836038,0.16753150891836038,0.16753150891836038,0.16753150891836038,0.16753150891836038,1.0,1.0,1.0,1.0,1.0,,,,,,1.697504569464492e-06,1.697504569464492e-06,1.697504569464492e-06,1.697504569464492e-06,1.697504569464492e-06,0.0,0.0,0.0,0.0,0.0,0.00026709323958229447,0.00026709323958229447,0.00026709323958229447,0.00026709323958229447,0.00026709323958229447
near_continuum_states,initial_ritz,4,1,0.981664026317929,0.981664026317929,0.981664026317929,0.981664026317929,0.981664026317929,0.13910965010361773,0.13910965010361773,0.13910965010361773,0.13910965010361773,0.13910965010361773,0.00022520129270597877,0.00022520129270597877,0.00022520129270597877,0.00022520129270597877,0.00022520129270597877,0.9671831249617429,0.9671831249617429,0.9671831249617429,0.9671831249617429,0.9671831249617429,0.15561000149520715,0.15561000149520715,0.15561000149520715,0.15561000149520715,0.15561000149520715,0.0,0.0,0.0,0.0,0.0,,,,,,1.697504569464492e-06,1.697504569464492e-06,1.697504569464492e-06,1.697504569464492e-06,1.697504569464492e-06,0.0,0.0,0.0,0.0,0.0,0.00012215750427091443,0.00012215750427091443,0.00012215750427091443,0.00012215750427091443,0.00012215750427091443
near_continuum_states,initial_ritz,5,1,0.9827818374192323,0.9827818374192323,0.9827818374192323,0.9827818374192323,0.9827818374192323,0.13397082998920662,0.13397082998920662,0.13397082998920662,0.13397082998920662,0.13397082998920662,0.0001543768054603767,0.0001543768054603767,0.0001543768054603767,0.0001543768054603767,0.0001543768054603767,0.9687061818295458,0.9687061818295458,0.9687061818295458,0.9687061818295458,0.9687061818295458,0.1435686957124894,0.1435686957124894,0.1435686957124894,0.1435686957124894,0.1435686957124894,0.0,0.0,0.0,0.0,0.0,,,,,,1.697504569464492e-06,1.697504569464492e-06,1.697504569464492e-06,1.697504569464492e-06,1.697504569464492e-06,0.0,0.0,0.0,0.0,0.0,7.082448724560209e-05,7.082448724560209e-05,7.082448724560209e-05,7.082448724560209e-05,7.082448724560209e-05
near_continuum_states,initial_ritz,6,1,0.9813503845075272,0.9813503845075272,0.9813503845075272,0.9813503845075272,0.9813503845075272,0.1389529849818401,0.1389529849818401,0.1389529849818401,0.1389529849818401,0.1389529849818401,0.00012415736298154734,0.00012415736298154734,0.00012415736298154734,0.00012415736298154734,0.00012415736298154734,0.9685733118752737,0.9685733118752737,0.9685733118752737,0.9685733118752737,0.9685733118752737,0.14576402987054116,0.14576402987054116,0.14576402987054116,0.14576402987054116,0.14576402987054116,0.0,0.0,0.0,0.0,0.0,,,,,,1.697504569464492e-06,1.697504569464492e-06,1.697504569464492e-06,1.697504569464492e-06,1.697504569464492e-06,0.0,0.0,0.0,0.0,0.0,3.021944247882935e-05,3.021944247882935e-05,3.021944247882935e-05,3.021944247882935e-05,3.021944247882935e-05
near_continuum_states,initial_ritz,7,1,0.9822386706629052,0.9822386706629052,0.9822386706629052,0.9822386706629052,0.9822386706629052,0.13503817249538635,0.13503817249538635,0.13503817249538635,0.13503817249538635,0.13503817249538635,7.911754006295624e-05,7.911754006295624e-05,7.911754006295624e-05,7.911754006295624e-05,7.911754006295624e-05,0.9698398283182005,0.9698398283182005,0.9698398283182005,0.9698398283182005,0.9698398283182005,0.16558567483745612,0.16558567483745612,0.16558567483745612,0.16558567483745612,0.16558567483745612,1.0,1.0,1.0,1.0,1.0,,,,,,1.697504569464492e-06,1.697504569464492e-06,1.697504569464492e-06,1.697504569464492e-06,1.697504569464492e-06,0.0,0.0,0.0,0.0,0.0,4.50398229185911e-05,4.50398229185911e-05,4.50398229185911e-05,4.50398229185911e-05,4.50398229185911e-05
near_continuum_states,initial_ritz,8,1,0.979658452773838,0.979658452773838,0.979658452773838,0.979658452773838,0.979658452773838,0.14428189538529868,0.14428189538529868,0.14428189538529868,0.14428189538529868,0.14428189538529868,7.446059175131303e-05,7.446059175131303e-05,7.446059175131303e-05,7.446059175131303e-05,7.446059175131303e-05,0.9602208078596782,0.9602208078596782,0.9602208078596782,0.9602208078596782,0.9602208078596782,0.1872912284050124,0.1872912284050124,0.1872912284050124,0.1872912284050124,0.1872912284050124,0.0,0.0,0.0,0.0,0.0,,,,,,1.697504569464492e-06,1.697504569464492e-06,1.697504569464492e-06,1.697504569464492e-06,1.697504569464492e-06,0.0,0.0,0.0,0.0,0.0,4.656948311643205e-06,4.656948311643205e-06,4.656948311643205e-06,4.656948311643205e-06,4.656948311643205e-06
near_continuum_states,initial_ritz,9,1,0.9792875718452004,0.9792875718452004,0.9792875718452004,0.9792875718452004,0.9792875718452004,0.14539818073628027,0.14539818073628027,0.14539818073628027,0.14539818073628027,0.14539818073628027,5.563505766525978e-05,5.563505766525978e-05,5.563505766525978e-05,5.563505766525978e-05,5.563505766525978e-05,0.964724045755731,0.964724045755731,0.964724045755731,0.964724045755731,0.964724045755731,0.18478228648629472,0.18478228648629472,0.18478228648629472,0.18478228648629472,0.18478228648629472,0.0,0.0,0.0,0.0,0.0,,,,,,1.697504569464492e-06,1.697504569464492e-06,1.697504569464492e-06,1.697504569464492e-06,1.697504569464492e-06,0.0,0.0,0.0,0.0,0.0,1.8825534086053253e-05,1.8825534086053253e-05,1.8825534086053253e-05,1.8825534086053253e-05,1.8825534086053253e-05
near_continuum_states,initial_ritz,10,1,0.9823965995491227,0.9823965995491227,0.9823965995491227,0.9823965995491227,0.9823965995491227,0.13431342396425705,0.13431342396425705,0.13431342396425705,0.13431342396425705,0.13431342396425705,5.326080077816542e-05,5.326080077816542e-05,5.326080077816542e-05,5.326080077816542e-05,5.326080077816542e-05,0.9691652375983804,0.9691652375983804,0.9691652375983804,0.9691652375983804,0.9691652375983804,0.13727758716567826,0.13727758716567826,0.13727758716567826,0.13727758716567826,0.13727758716567826,0.0,0.0,0.0,0.0,0.0,,,,,,1.697504569464492e-06,1.697504569464492e-06,1.697504569464492e-06,1.697504569464492e-06,1.697504569464492e-06,0.0,0.0,0.0,0.0,0.0,2.3742568870943614e-06,2.3742568870943614e-06,2.3742568870943614e-06,2.3742568870943614e-06,2.3742568870943614e-06
nonuniform_resolution,direct_topology,0,1,0.9999707926871659,0.9999707926871659,0.9999707926871659,0.9999707926871659,0.9999707926871659,0.009432894225186584,0.009432894225186584,0.009432894225186584,0.009432894225186584,0.009432894225186584,0.0019026549980292184,0.0019026549980292184,0.0019026549980292184,0.0019026549980292184,0.0019026549980292184,0.026280465762472022,0.026280465762472022,0.026280465762472022,0.026280465762472022,0.026280465762472022,0.006745320214697498,0.006745320214697498,0.006745320214697498,0.006745320214697498,0.006745320214697498,1.0,1.0,1.0,1.0,1.0,0.0,0.0,0.0,0.0,0.0,0.017978299404056614,0.017978299404056614,0.017978299404056614,0.017978299404056614,0.017978299404056614,0.0,0.0,0.0,0.0,0.0,,,,,
nonuniform_resolution,direct_topology,1,1,0.9999507124347667,0.9999507124347667,0.9999507124347667,0.9999507124347667,0.9999507124347667,0.013232591072259178,0.013232591072259178,0.013232591072259178,0.013232591072259178,0.013232591072259178,0.004978783237544526,0.004978783237544526,0.004978783237544526,0.004978783237544526,0.004978783237544526,0.016478609119765623,0.016478609119765623,0.016478609119765623,0.016478609119765623,0.016478609119765623,0.008066245882835566,0.008066245882835566,0.008066245882835566,0.008066245882835566,0.008066245882835566,1.0,1.0,1.0,1.0,1.0,0.00045091546564588527,0.00045091546564588527,0.00045091546564588527,0.00045091546564588527,0.00045091546564588527,0.017978299404056614,0.017978299404056614,0.017978299404056614,0.017978299404056614,0.017978299404056614,0.0,0.0,0.0,0.0,0.0,0.006881438235573745,0.006881438235573745,0.006881438235573745,0.006881438235573745,0.006881438235573745
nonuniform_resolution,direct_topology,2,1,0.999387333935333,0.999387333935333,0.999387333935333,0.999387333935333,0.999387333935333,0.026248246972435205,0.026248246972435205,0.026248246972435205,0.026248246972435205,0.026248246972435205,0.01571078891371913,0.01571078891371913,0.01571078891371913,0.01571078891371913,0.01571078891371913,0.030614468586696152,0.030614468586696152,0.030614468586696152,0.030614468586696152,0.030614468586696152,0.03570658002685384,0.03570658002685384,0.03570658002685384,0.03570658002685384,0.03570658002685384,1.0,1.0,1.0,1.0,1.0,0.0008663396191082436,0.0008663396191082436,0.0008663396191082436,0.0008663396191082436,0.0008663396191082436,0.017978299404056614,0.017978299404056614,0.017978299404056614,0.017978299404056614,0.017978299404056614,0.0,0.0,0.0,0.0,0.0,0.020689572151263658,0.020689572151263658,0.020689572151263658,0.020689572151263658,0.020689572151263658
nonuniform_resolution,direct_topology,3,1,0.9998713801196788,0.9998713801196788,0.9998713801196788,0.9998713801196788,0.9998713801196788,0.017820294626255766,0.017820294626255766,0.017820294626255766,0.017820294626255766,0.017820294626255766,0.010740599429527098,0.010740599429527098,0.010740599429527098,0.010740599429527098,0.010740599429527098,0.019933163489290563,0.019933163489290563,0.019933163489290563,0.019933163489290563,0.019933163489290563,0.011873875636718226,0.011873875636718226,0.011873875636718226,0.011873875636718226,0.011873875636718226,1.0,1.0,1.0,1.0,1.0,0.00033522936671230737,0.00033522936671230737,0.00033522936671230737,0.00033522936671230737,0.00033522936671230737,0.017978299404056614,0.017978299404056614,0.017978299404056614,0.017978299404056614,0.017978299404056614,0.0,0.0,0.0,0.0,0.0,0.02645138834324623,0.02645138834324623,0.02645138834324623,0.02645138834324623,0.02645138834324623
nonuniform_resolution,direct_topology,4,1,0.9998491759631059,0.9998491759631059,0.9998491759631059,0.9998491759631059,0.9998491759631059,0.013862778520029215,0.013862778520029215,0.013862778520029215,0.013862778520029215,0.013862778520029215,0.04138356672914867,0.04138356672914867,0.04138356672914867,0.04138356672914867,0.04138356672914867,0.008583511708000443,0.008583511708000443,0.008583511708000443,0.008583511708000443,0.008583511708000443,0.012419707462330652,0.012419707462330652,0.012419707462330652,0.012419707462330652,0.012419707462330652,1.0,1.0,1.0,1.0,1.0,0.0003879528483280578,0.0003879528483280578,0.0003879528483280578,0.0003879528483280578,0.0003879528483280578,0.017978299404056614,0.017978299404056614,0.017978299404056614,0.017978299404056614,0.017978299404056614,0.0,0.0,0.0,0.0,0.0,0.052124166158675767,0.052124166158675767,0.052124166158675767,0.052124166158675767,0.052124166158675767
nonuniform_resolution,direct_topology,5,1,0.9999010610326139,0.9999010610326139,0.9999010610326139,0.9999010610326139,0.9999010610326139,0.008283779864343734,0.008283779864343734,0.008283779864343734,0.008283779864343734,0.008283779864343734,0.0039341217299178055,0.0039341217299178055,0.0039341217299178055,0.0039341217299178055,0.0039341217299178055,0.004162971562690712,0.004162971562690712,0.004162971562690712,0.004162971562690712,0.004162971562690712,0.011470364952860506,0.011470364952860506,0.011470364952860506,0.011470364952860506,0.011470364952860506,1.0,1.0,1.0,1.0,1.0,0.0001259112181691076,0.0001259112181691076,0.0001259112181691076,0.0001259112181691076,0.0001259112181691076,0.017978299404056614,0.017978299404056614,0.017978299404056614,0.017978299404056614,0.017978299404056614,0.0,0.0,0.0,0.0,0.0,0.03744944499923086,0.03744944499923086,0.03744944499923086,0.03744944499923086,0.03744944499923086
nonuniform_resolution,direct_topology,6,1,0.9999165493601639,0.9999165493601639,0.9999165493601639,0.9999165493601639,0.9999165493601639,0.011220878259122605,0.011220878259122605,0.011220878259122605,0.011220878259122605,0.011220878259122605,0.10826918447423317,0.10826918447423317,0.10826918447423317,0.10826918447423317,0.10826918447423317,0.011657009235900094,0.011657009235900094,0.011657009235900094,0.011657009235900094,0.011657009235900094,0.011079506641595818,0.011079506641595818,0.011079506641595818,0.011079506641595818,0.011079506641595818,1.0,1.0,1.0,1.0,1.0,0.00010627904493269911,0.00010627904493269911,0.00010627904493269911,0.00010627904493269911,0.00010627904493269911,0.017978299404056614,0.017978299404056614,0.017978299404056614,0.017978299404056614,0.017978299404056614,0.0,0.0,0.0,0.0,0.0,0.10433506274431537,0.10433506274431537,0.10433506274431537,0.10433506274431537,0.10433506274431537
nonuniform_resolution,direct_topology,7,1,0.9997974797904837,0.9997974797904837,0.9997974797904837,0.9997974797904837,0.9997974797904837,0.02208193219859728,0.02208193219859728,0.02208193219859728,0.02208193219859728,0.02208193219859728,0.04565679348613472,0.04565679348613472,0.04565679348613472,0.04565679348613472,0.04565679348613472,0.015258729675149912,0.015258729675149912,0.015258729675149912,0.015258729675149912,0.015258729675149912,0.012064991815734314,0.012064991815734314,0.012064991815734314,0.012064991815734314,0.012064991815734314,1.0,1.0,1.0,1.0,1.0,0.00033855883416503927,0.00033855883416503927,0.00033855883416503927,0.00033855883416503927,0.00033855883416503927,0.017978299404056614,0.017978299404056614,0.017978299404056614,0.017978299404056614,0.017978299404056614,0.0,0.0,0.0,0.0,0.0,0.06261239098809845,0.06261239098809845,0.06261239098809845,0.06261239098809845,0.06261239098809845
nonuniform_resolution,direct_topology,8,1,0.9997216738308135,0.9997216738308135,0.9997216738308135,0.9997216738308135,0.9997216738308135,0.02759376880307181,0.02759376880307181,0.02759376880307181,0.02759376880307181,0.02759376880307181,0.04171398111751756,0.04171398111751756,0.04171398111751756,0.04171398111751756,0.04171398111751756,0.019305305082348664,0.019305305082348664,0.019305305082348664,0.019305305082348664,0.019305305082348664,0.016106554011595386,0.016106554011595386,0.016106554011595386,0.016106554011595386,0.016106554011595386,1.0,1.0,1.0,1.0,1.0,0.0003746154261141276,0.0003746154261141276,0.0003746154261141276,0.0003746154261141276,0.0003746154261141276,0.017978299404056614,0.017978299404056614,0.017978299404056614,0.017978299404056614,0.017978299404056614,0.0,0.0,0.0,0.0,0.0,0.0039428123686171546,0.0039428123686171546,0.0039428123686171546,0.0039428123686171546,0.0039428123686171546
nonuniform_resolution,direct_topology,9,1,0.9996619451002351,0.9996619451002351,0.9996619451002351,0.9996619451002351,0.9996619451002351,0.03304540279199855,0.03304540279199855,0.03304540279199855,0.03304540279199855,0.03304540279199855,0.11486505188030982,0.11486505188030982,0.11486505188030982,0.11486505188030982,0.11486505188030982,0.024009541036670606,0.024009541036670606,0.024009541036670606,0.024009541036670606,0.024009541036670606,0.018746981534565717,0.018746981534565717,0.018746981534565717,0.018746981534565717,0.018746981534565717,1.0,1.0,1.0,1.0,1.0,0.0003650093594588475,0.0003650093594588475,0.0003650093594588475,0.0003650093594588475,0.0003650093594588475,0.017978299404056614,0.017978299404056614,0.017978299404056614,0.017978299404056614,0.017978299404056614,0.0,0.0,0.0,0.0,0.0,0.15657903299782738,0.15657903299782738,0.15657903299782738,0.15657903299782738,0.15657903299782738
nonuniform_resolution,direct_topology,10,1,0.9995404158774801,0.9995404158774801,0.9995404158774801,0.9995404158774801,0.9995404158774801,0.038298810750435716,0.038298810750435716,0.038298810750435716,0.038298810750435716,0.038298810750435716,0.07140069907144664,0.07140069907144664,0.07140069907144664,0.07140069907144664,0.07140069907144664,0.02643976558434918,0.02643976558434918,0.02643976558434918,0.02643976558434918,0.02643976558434918,0.021781392294358236,0.021781392294358236,0.021781392294358236,0.021781392294358236,0.021781392294358236,1.0,1.0,1.0,1.0,1.0,0.00036727551172867937,0.00036727551172867937,0.00036727551172867937,0.00036727551172867937,0.00036727551172867937,0.017978299404056614,0.017978299404056614,0.017978299404056614,0.017978299404056614,0.017978299404056614,0.0,0.0,0.0,0.0,0.0,0.18626575095175646,0.18626575095175646,0.18626575095175646,0.18626575095175646,0.18626575095175646
nonuniform_resolution,hybrid,0,1,0.9999707926871659,0.9999707926871659,0.9999707926871659,0.9999707926871659,0.9999707926871659,0.009432894225186584,0.009432894225186584,0.009432894225186584,0.009432894225186584,0.009432894225186584,0.0019026549980292184,0.0019026549980292184,0.0019026549980292184,0.0019026549980292184,0.0019026549980292184,0.026280465762472022,0.026280465762472022,0.026280465762472022,0.026280465762472022,0.026280465762472022,0.006745320214697498,0.006745320214697498,0.006745320214697498,0.006745320214697498,0.006745320214697498,1.0,1.0,1.0,1.0,1.0,0.0,0.0,0.0,0.0,0.0,0.017978299404056614,0.017978299404056614,0.017978299404056614,0.017978299404056614,0.017978299404056614,0.0,0.0,0.0,0.0,0.0,,,,,
nonuniform_resolution,hybrid,1,1,0.9999507124347667,0.9999507124347667,0.9999507124347667,0.9999507124347667,0.9999507124347667,0.013232591072259178,0.013232591072259178,0.013232591072259178,0.013232591072259178,0.013232591072259178,0.004978783237544526,0.004978783237544526,0.004978783237544526,0.004978783237544526,0.004978783237544526,0.016478609119765623,0.016478609119765623,0.016478609119765623,0.016478609119765623,0.016478609119765623,0.008066245882835566,0.008066245882835566,0.008066245882835566,0.008066245882835566,0.008066245882835566,1.0,1.0,1.0,1.0,1.0,0.00045091546564588527,0.00045091546564588527,0.00045091546564588527,0.00045091546564588527,0.00045091546564588527,0.017978299404056614,0.017978299404056614,0.017978299404056614,0.017978299404056614,0.017978299404056614,0.0,0.0,0.0,0.0,0.0,0.006881438235573745,0.006881438235573745,0.006881438235573745,0.006881438235573745,0.006881438235573745
nonuniform_resolution,hybrid,2,1,0.999387333935333,0.999387333935333,0.999387333935333,0.999387333935333,0.999387333935333,0.026248246972435205,0.026248246972435205,0.026248246972435205,0.026248246972435205,0.026248246972435205,0.01571078891371913,0.01571078891371913,0.01571078891371913,0.01571078891371913,0.01571078891371913,0.030614468586696152,0.030614468586696152,0.030614468586696152,0.030614468586696152,0.030614468586696152,0.03570658002685384,0.03570658002685384,0.03570658002685384,0.03570658002685384,0.03570658002685384,1.0,1.0,1.0,1.0,1.0,0.0008663396191082436,0.0008663396191082436,0.0008663396191082436,0.0008663396191082436,0.0008663396191082436,0.017978299404056614,0.017978299404056614,0.017978299404056614,0.017978299404056614,0.017978299404056614,0.0,0.0,0.0,0.0,0.0,0.020689572151263658,0.020689572151263658,0.020689572151263658,0.020689572151263658,0.020689572151263658
nonuniform_resolution,hybrid,3,1,0.9998713801196788,0.9998713801196788,0.9998713801196788,0.9998713801196788,0.9998713801196788,0.017820294626255766,0.017820294626255766,0.017820294626255766,0.017820294626255766,0.017820294626255766,0.010740599429527098,0.010740599429527098,0.010740599429527098,0.010740599429527098,0.010740599429527098,0.019933163489290563,0.019933163489290563,0.019933163489290563,0.019933163489290563,0.019933163489290563,0.011873875636718226,0.011873875636718226,0.011873875636718226,0.011873875636718226,0.011873875636718226,1.0,1.0,1.0,1.0,1.0,0.00033522936671230737,0.00033522936671230737,0.00033522936671230737,0.00033522936671230737,0.00033522936671230737,0.017978299404056614,0.017978299404056614,0.017978299404056614,0.017978299404056614,0.017978299404056614,0.0,0.0,0.0,0.0,0.0,0.02645138834324623,0.02645138834324623,0.02645138834324623,0.02645138834324623,0.02645138834324623
nonuniform_resolution,hybrid,4,1,0.9998491759631059,0.9998491759631059,0.9998491759631059,0.9998491759631059,0.9998491759631059,0.013862778520029215,0.013862778520029215,0.013862778520029215,0.013862778520029215,0.013862778520029215,0.04138356672914867,0.04138356672914867,0.04138356672914867,0.04138356672914867,0.04138356672914867,0.008583511708000443,0.008583511708000443,0.008583511708000443,0.008583511708000443,0.008583511708000443,0.012419707462330652,0.012419707462330652,0.012419707462330652,0.012419707462330652,0.012419707462330652,1.0,1.0,1.0,1.0,1.0,0.0003879528483280578,0.0003879528483280578,0.0003879528483280578,0.0003879528483280578,0.0003879528483280578,0.017978299404056614,0.017978299404056614,0.017978299404056614,0.017978299404056614,0.017978299404056614,0.0,0.0,0.0,0.0,0.0,0.052124166158675767,0.052124166158675767,0.052124166158675767,0.052124166158675767,0.052124166158675767
nonuniform_resolution,hybrid,5,1,0.9999010610326139,0.9999010610326139,0.9999010610326139,0.9999010610326139,0.9999010610326139,0.008283779864343734,0.008283779864343734,0.008283779864343734,0.008283779864343734,0.008283779864343734,0.0039341217299178055,0.0039341217299178055,0.0039341217299178055,0.0039341217299178055,0.0039341217299178055,0.004162971562690712,0.004162971562690712,0.004162971562690712,0.004162971562690712,0.004162971562690712,0.011470364952860506,0.011470364952860506,0.011470364952860506,0.011470364952860506,0.011470364952860506,1.0,1.0,1.0,1.0,1.0,0.0001259112181691076,0.0001259112181691076,0.0001259112181691076,0.0001259112181691076,0.0001259112181691076,0.017978299404056614,0.017978299404056614,0.017978299404056614,0.017978299404056614,0.017978299404056614,0.0,0.0,0.0,0.0,0.0,0.03744944499923086,0.03744944499923086,0.03744944499923086,0.03744944499923086,0.03744944499923086
nonuniform_resolution,hybrid,6,1,0.9999165493601639,0.9999165493601639,0.9999165493601639,0.9999165493601639,0.9999165493601639,0.011220878259122605,0.011220878259122605,0.011220878259122605,0.011220878259122605,0.011220878259122605,0.10826918447423317,0.10826918447423317,0.10826918447423317,0.10826918447423317,0.10826918447423317,0.011657009235900094,0.011657009235900094,0.011657009235900094,0.011657009235900094,0.011657009235900094,0.011079506641595818,0.011079506641595818,0.011079506641595818,0.011079506641595818,0.011079506641595818,1.0,1.0,1.0,1.0,1.0,0.00010627904493269911,0.00010627904493269911,0.00010627904493269911,0.00010627904493269911,0.00010627904493269911,0.017978299404056614,0.017978299404056614,0.017978299404056614,0.017978299404056614,0.017978299404056614,0.0,0.0,0.0,0.0,0.0,0.10433506274431537,0.10433506274431537,0.10433506274431537,0.10433506274431537,0.10433506274431537
nonuniform_resolution,hybrid,7,1,0.9997974797904837,0.9997974797904837,0.9997974797904837,0.9997974797904837,0.9997974797904837,0.02208193219859728,0.02208193219859728,0.02208193219859728,0.02208193219859728,0.02208193219859728,0.04565679348613472,0.04565679348613472,0.04565679348613472,0.04565679348613472,0.04565679348613472,0.015258729675149912,0.015258729675149912,0.015258729675149912,0.015258729675149912,0.015258729675149912,0.012064991815734314,0.012064991815734314,0.012064991815734314,0.012064991815734314,0.012064991815734314,1.0,1.0,1.0,1.0,1.0,0.00033855883416503927,0.00033855883416503927,0.00033855883416503927,0.00033855883416503927,0.00033855883416503927,0.017978299404056614,0.017978299404056614,0.017978299404056614,0.017978299404056614,0.017978299404056614,0.0,0.0,0.0,0.0,0.0,0.06261239098809845,0.06261239098809845,0.06261239098809845,0.06261239098809845,0.06261239098809845
nonuniform_resolution,hybrid,8,1,0.9997216738308135,0.9997216738308135,0.9997216738308135,0.9997216738308135,0.9997216738308135,0.02759376880307181,0.02759376880307181,0.02759376880307181,0.02759376880307181,0.02759376880307181,0.04171398111751756,0.04171398111751756,0.04171398111751756,0.04171398111751756,0.04171398111751756,0.019305305082348664,0.019305305082348664,0.019305305082348664,0.019305305082348664,0.019305305082348664,0.016106554011595386,0.016106554011595386,0.016106554011595386,0.016106554011595386,0.016106554011595386,1.0,1.0,1.0,1.0,1.0,0.0003746154261141276,0.0003746154261141276,0.0003746154261141276,0.0003746154261141276,0.0003746154261141276,0.017978299404056614,0.017978299404056614,0.017978299404056614,0.017978299404056614,0.017978299404056614,0.0,0.0,0.0,0.0,0.0,0.0039428123686171546,0.0039428123686171546,0.0039428123686171546,0.0039428123686171546,0.0039428123686171546
nonuniform_resolution,hybrid,9,1,0.9996619451002351,0.9996619451002351,0.9996619451002351,0.9996619451002351,0.9996619451002351,0.03304540279199855,0.03304540279199855,0.03304540279199855,0.03304540279199855,0.03304540279199855,0.11486505188030982,0.11486505188030982,0.11486505188030982,0.11486505188030982,0.11486505188030982,0.024009541036670606,0.024009541036670606,0.024009541036670606,0.024009541036670606,0.024009541036670606,0.018746981534565717,0.018746981534565717,0.018746981534565717,0.018746981534565717,0.018746981534565717,1.0,1.0,1.0,1.0,1.0,0.0003650093594588475,0.0003650093594588475,0.0003650093594588475,0.0003650093594588475,0.0003650093594588475,0.017978299404056614,0.017978299404056614,0.017978299404056614,0.017978299404056614,0.017978299404056614,0.0,0.0,0.0,0.0,0.0,0.15657903299782738,0.15657903299782738,0.15657903299782738,0.15657903299782738,0.15657903299782738
nonuniform_resolution,hybrid,10,1,0.9995404158774801,0.9995404158774801,0.9995404158774801,0.9995404158774801,0.9995404158774801,0.038298810750435716,0.038298810750435716,0.038298810750435716,0.038298810750435716,0.038298810750435716,0.07140069907144664,0.07140069907144664,0.07140069907144664,0.07140069907144664,0.07140069907144664,0.02643976558434918,0.02643976558434918,0.02643976558434918,0.02643976558434918,0.02643976558434918,0.021781392294358236,0.021781392294358236,0.021781392294358236,0.021781392294358236,0.021781392294358236,1.0,1.0,1.0,1.0,1.0,0.00036727551172867937,0.00036727551172867937,0.00036727551172867937,0.00036727551172867937,0.00036727551172867937,0.017978299404056614,0.017978299404056614,0.017978299404056614,0.017978299404056614,0.017978299404056614,0.0,0.0,0.0,0.0,0.0,0.18626575095175646,0.18626575095175646,0.18626575095175646,0.18626575095175646,0.18626575095175646
nonuniform_resolution,initial_ritz,0,1,0.9999981676828384,0.9999981676828384,0.9999981676828384,0.9999981676828384,0.9999981676828384,0.004567873895985117,0.004567873895985117,0.004567873895985117,0.004567873895985117,0.004567873895985117,4.728161546085907e-05,4.728161546085907e-05,4.728161546085907e-05,4.728161546085907e-05,4.728161546085907e-05,0.022598939840216815,0.022598939840216815,0.022598939840216815,0.022598939840216815,0.022598939840216815,0.0013457186269534634,0.0013457186269534634,0.0013457186269534634,0.0013457186269534634,0.0013457186269534634,1.0,1.0,1.0,1.0,1.0,,,,,,2.0777483563660937e-06,2.0777483563660937e-06,2.0777483563660937e-06,2.0777483563660937e-06,2.0777483563660937e-06,0.0,0.0,0.0,0.0,0.0,,,,,
nonuniform_resolution,initial_ritz,1,1,0.9999936313268839,0.9999936313268839,0.9999936313268839,0.9999936313268839,0.9999936313268839,0.007520625584088781,0.007520625584088781,0.007520625584088781,0.007520625584088781,0.007520625584088781,0.0002394842032513722,0.0002394842032513722,0.0002394842032513722,0.0002394842032513722,0.0002394842032513722,0.014225777642540531,0.014225777642540531,0.014225777642540531,0.014225777642540531,0.014225777642540531,0.0024884052225743387,0.0024884052225743387,0.0024884052225743387,0.0024884052225743387,0.0024884052225743387,1.0,1.0,1.0,1.0,1.0,,,,,,2.0777483563660937e-06,2.0777483563660937e-06,2.0777483563660937e-06,2.0777483563660937e-06,2.0777483563660937e-06,0.0,0.0,0.0,0.0,0.0,0.00019220258779051314,0.00019220258779051314,0.00019220258779051314,0.00019220258779051314,0.00019220258779051314
nonuniform_resolution,initial_ritz,2,1,0.9999839800073381,0.9999839800073381,0.9999839800073381,0.9999839800073381,0.9999839800073381,0.01634887936529279,0.01634887936529279,0.01634887936529279,0.01634887936529279,0.01634887936529279,0.00039358729933924863,0.00039358729933924863,0.00039358729933924863,0.00039358729933924863,0.00039358729933924863,0.027189198357241547,0.027189198357241547,0.027189198357241547,0.027189198357241547,0.027189198357241547,0.004388152731095586,0.004388152731095586,0.004388152731095586,0.004388152731095586,0.004388152731095586,1.0,1.0,1.0,1.0,1.0,,,,,,2.0777483563660937e-06,2.0777483563660937e-06,2.0777483563660937e-06,2.0777483563660937e-06,2.0777483563660937e-06,0.0,0.0,0.0,0.0,0.0,0.00015410309608787642,0.00015410309608787642,0.00015410309608787642,0.00015410309608787642,0.00015410309608787642
nonuniform_resolution,initial_ritz,3,1,0.9999772338834045,0.9999772338834045,0.9999772338834045,0.9999772338834045,0.9999772338834045,0.015196676692499871,0.015196676692499871,0.015196676692499871,0.015196676692499871,0.015196676692499871,0.001115002834877199,0.001115002834877199,0.001115002834877199,0.001115002834877199,0.001115002834877199,0.019340167676488,0.019340167676488,0.019340167676488,0.019340167676488,0.019340167676488,0.005799522388159983,0.005799522388159983,0.005799522388159983,0.005799522388159983,0.005799522388159983,1.0,1.0,1.0,1.0,1.0,0.000146962790944513,0.000146962790944513,0.000146962790944513,0.000146962790944513,0.000146962790944513,2.0777483563660937e-06,2.0777483563660937e-06,2.0777483563660937e-06,2.0777483563660937e-06,2.0777483563660937e-06,0.0,0.0,0.0,0.0,0.0,0.0007214155355379503,0.0007214155355379503,0.0007214155355379503,0.0007214155355379503,0.0007214155355379503
nonuniform_resolution,initial_ritz,4,1,0.9999906154578142,0.9999906154578142,0.9999906154578142,0.9999906154578142,0.9999906154578142,0.0057689356239896605,0.0057689356239896605,0.0057689356239896605,0.0057689356239896605,0.0057689356239896605,0.0025118015924299186,0.0025118015924299186,0.0025118015924299186,0.0025118015924299186,0.0025118015924299186,0.00574732812992624,0.00574732812992624,0.00574732812992624,0.00574732812992624,0.00574732812992624,0.003512527326350436,0.003512527326350436,0.003512527326350436,0.003512527326350436,0.003512527326350436,1.0,1.0,1.0,1.0,1.0,4.807733722713793e-05,4.807733722713793e-05,4.807733722713793e-05,4.807733722713793e-05,4.807733722713793e-05,2.0777483563660937e-06,2.0777483563660937e-06,2.0777483563660937e-06,2.0777483563660937e-06,2.0777483563660937e-06,0.0,0.0,0.0,0.0,0.0,0.0013967987575527196,0.0013967987575527196,0.0013967987575527196,0.0013967987575527196,0.0013967987575527196
nonuniform_resolution,initial_ritz,5,1,0.999977756519768,0.999977756519768,0.999977756519768,0.999977756519768,0.999977756519768,0.0067747166748042655,0.0067747166748042655,0.0067747166748042655,0.0067747166748042655,0.0067747166748042655,0.0037581688185408524,0.0037581688185408524,0.0037581688185408524,0.0037581688185408524,0.0037581688185408524,0.002992584324250584,0.002992584324250584,0.002992584324250584,0.002992584324250584,0.002992584324250584,0.005687291835074647,0.005687291835074647,0.005687291835074647,0.005687291835074647,0.005687291835074647,1.0,1.0,1.0,1.0,1.0,8.823158903826967e-05,8.823158903826967e-05,8.823158903826967e-05,8.823158903826967e-05,8.823158903826967e-05,2.0777483563660937e-06,2.0777483563660937e-06,2.0777483563660937e-06,2.0777483563660937e-06,2.0777483563660937e-06,0.0,0.0,0.0,0.0,0.0,0.0012463672261109338,0.0012463672261109338,0.0012463672261109338,0.0012463672261109338,0.0012463672261109338
nonuniform_resolution,initial_ritz,6,1,0.999963597664465,0.999963597664465,0.999963597664465,0.999963597664465,0.999963597664465,0.010579876075504948,0.010579876075504948,0.010579876075504948,0.010579876075504948,0.010579876075504948,0.005103081111196062,0.005103081111196062,0.005103081111196062,0.005103081111196062,0.005103081111196062,0.007231018185849822,0.007231018185849822,0.007231018185849822,0.007231018185849822,0.007231018185849822,0.007224547028784382,0.007224547028784382,0.007224547028784382,0.007224547028784382,0.007224547028784382,1.0,1.0,1.0,1.0,1.0,9.328556531593804e-05,9.328556531593804e-05,9.328556531593804e-05,9.328556531593804e-05,9.328556531593804e-05,2.0777483563660937e-06,2.0777483563660937e-06,2.0777483563660937e-06,2.0777483563660937e-06,2.0777483563660937e-06,0.0,0.0,0.0,0.0,0.0,0.0013449122926552093,0.0013449122926552093,0.0013449122926552093,0.0013449122926552093,0.0013449122926552093
nonuniform_resolution,initial_ritz,7,1,0.9998675771477386,0.9998675771477386,0.9998675771477386,0.9998675771477386,0.9998675771477386,0.021333520899646293,0.021333520899646293,0.021333520899646293,0.021333520899646293,0.021333520899646293,0.005699270140187451,0.005699270140187451,0.005699270140187451,0.005699270140187451,0.005699270140187451,0.014652038043227383,0.014652038043227383,0.014652038043227383,0.014652038043227383,0.014652038043227383,0.014351879992585508,0.014351879992585508,0.014351879992585508,0.014351879992585508,0.014351879992585508,1.0,1.0,1.0,1.0,1.0,0.00022496484888800814,0.00022496484888800814,0.00022496484888800814,0.00022496484888800814,0.00022496484888800814,2.0777483563660937e-06,2.0777483563660937e-06,2.0777483563660937e-06,2.0777483563660937e-06,2.0777483563660937e-06,0.0,0.0,0.0,0.0,0.0,0.0005961890289913896,0.0005961890289913896,0.0005961890289913896,0.0005961890289913896,0.0005961890289913896
nonuniform_resolution,initial_ritz,8,1,0.9997968757342095,0.9997968757342095,0.9997968757342095,0.9997968757342095,0.9997968757342095,0.026350568804884476,0.026350568804884476,0.026350568804884476,0.026350568804884476,0.026350568804884476,0.0066397471087285,0.0066397471087285,0.0066397471087285,0.0066397471087285,0.0066397471087285,0.0188495550921287,0.0188495550921287,0.0188495550921287,0.0188495550921287,0.0188495550921287,0.017415160632532768,0.017415160632532768,0.017415160632532768,0.017415160632532768,0.017415160632532768,1.0,1.0,1.0,1.0,1.0,0.0002516235657570295,0.0002516235657570295,0.0002516235657570295,0.0002516235657570295,0.0002516235657570295,2.0777483563660937e-06,2.0777483563660937e-06,2.0777483563660937e-06,2.0777483563660937e-06,2.0777483563660937e-06,0.0,0.0,0.0,0.0,0.0,0.0009404769685410486,0.0009404769685410486,0.0009404769685410486,0.0009404769685410486,0.0009404769685410486
nonuniform_resolution,initial_ritz,9,1,0.9997207682725222,0.9997207682725222,0.9997207682725222,0.9997207682725222,0.9997207682725222,0.03278976370348463,0.03278976370348463,0.03278976370348463,0.03278976370348463,0.03278976370348463,0.007088912353088617,0.007088912353088617,0.007088912353088617,0.007088912353088617,0.007088912353088617,0.023240238145571798,0.023240238145571798,0.023240238145571798,0.023240238145571798,0.023240238145571798,0.021652715358063485,0.021652715358063485,0.021652715358063485,0.021652715358063485,0.021652715358063485,1.0,1.0,1.0,1.0,1.0,0.000262437982501075,0.000262437982501075,0.000262437982501075,0.000262437982501075,0.000262437982501075,2.0777483563660937e-06,2.0777483563660937e-06,2.0777483563660937e-06,2.0777483563660937e-06,2.0777483563660937e-06,0.0,0.0,0.0,0.0,0.0,0.00044916524436011684,0.00044916524436011684,0.00044916524436011684,0.00044916524436011684,0.00044916524436011684
nonuniform_resolution,initial_ritz,10,1,0.9995843548124191,0.9995843548124191,0.9995843548124191,0.9995843548124191,0.9995843548124191,0.03819555233401761,0.03819555233401761,0.03819555233401761,0.03819555233401761,0.03819555233401761,0.007839259557286482,0.007839259557286482,0.007839259557286482,0.007839259557286482,0.007839259557286482,0.025998168216377508,0.025998168216377508,0.025998168216377508,0.025998168216377508,0.025998168216377508,0.027468454067698787,0.027468454067698787,0.027468454067698787,0.027468454067698787,0.027468454067698787,1.0,1.0,1.0,1.0,1.0,0.0002617694046662041,0.0002617694046662041,0.0002617694046662041,0.0002617694046662041,0.0002617694046662041,2.0777483563660937e-06,2.0777483563660937e-06,2.0777483563660937e-06,2.0777483563660937e-06,2.0777483563660937e-06,0.0,0.0,0.0,0.0,0.0,0.0007503472041978654,0.0007503472041978654,0.0007503472041978654,0.0007503472041978654,0.0007503472041978654
random_smooth_potentials,direct_topology,0,38,0.9973001518154332,0.999140210276956,0.9998535151287232,0.9998867976331093,0.9656831413885237,0.06166032809178859,0.04573406640983488,0.1050219737024915,0.12362191158874947,0.25812016208049016,0.026388464493492483,0.020764243289926432,0.0579510634166094,0.07195578085191452,0.10163177982474103,0.15447565650345535,0.053434326234601454,0.39476064315643894,0.5068148904639045,0.9362154684804811,0.05419195524555055,0.03767889011213431,0.08483335673795661,0.14261883321004415,0.3019696738798481,1.0,1.0,1.0,1.0,1.0,0.0,0.0,0.0,0.0,0.0,0.18253949608468037,0.15338320398042943,0.32312572865756245,0.3477600998160309,0.4776136886802243,0.0,0.0,0.0,0.0,0.0,,,,,
random_smooth_potentials,direct_topology,1,38,0.9696492117056688,0.9941258186071604,0.9986022911940321,0.9993550213940793,0.5581609610437503,0.14278577207809184,0.08568127558426261,0.35059820319953633,0.40636494659617883,0.8029026807317962,0.03318469981219633,0.030286261614594245,0.0690164407568612,0.07638024899539304,0.08541838156288284,0.20608374631779544,0.13405706458876174,0.4391640846846855,0.7002909005622623,0.7854594873085203,0.18119824877019564,0.11281437556606574,0.37618263307993466,0.4233089238642726,1.2937161245718356,1.0,1.0,1.0,1.0,1.0,0.002777213935013369,0.0019206538210855574,0.006672659832193996,0.008027858724078692,0.01812949987953839,0.18253949608468037,0.15338320398042943,0.32312572865756245,0.3477600998160309,0.4776136886802243,0.0,0.0,0.0,0.0,0.0,0.03343151694898876,0.027089120111508547,0.0655177617755435,0.07012503299353273,0.09042107239227071
random_smooth_potentials,direct_topology,2,38,0.9359228737736331,0.976424541120757,0.9967192075645065,0.998654414781666,0.4597524385226329,0.2378841325305824,0.16950860929707295,0.4553085039572541,0.6376206282010883,0.8340344702391854,0.04589360854542069,0.02513763048737827,0.10971757843421023,0.12981893550622078,0.1794485550008278,0.3267889623230085,0.23356481926224926,0.6495692442836036,0.7300078580327096,0.9078505123501742,0.304608127676855,0.23188047847413806,0.5383084507117312,0.8111277559664994,1.3896264088193726,1.0,1.0,1.0,1.0,1.0,0.006088456200624605,0.0035841949746482143,0.016733201486549238,0.019087638206989412,0.0261633207271502,0.18253949608468037,0.15338320398042943,0.32312572865756245,0.3477600998160309,0.4776136886802243,0.0,0.0,0.0,0.0,0.0,0.055842975088456065,0.038156985232910445,0.1647883110491614,0.18501667526456275,0.22179920448652934
random_smooth_potentials,direct_topology,3,38,0.9484573607311686,0.9722805110535138,0.9966782135855701,0.9979271550009547,0.7691284670665802,0.2136174479041204,0.1802208755821666,0.4103559796112227,0.448104814315856,0.5673416617486611,0.07994413026232187,0.059605117192395696,0.1355958154562781,0.15771537207922218,0.6519280831559595,0.20884567869075538,0.1765568313672997,0.3428052889575958,0.46211870038005615,0.7832320360968378,0.2871615915464201,0.2550299221714709,0.5960436376705103,0.7629659902258226,0.8377045373339126,1.0,1.0,1.0,1.0,1.0,0.004369666427672412,0.0030971080434613035,0.009853768213237782,0.010186639933720891,0.012918128917807647,0.18253949608468037,0.15338320398042943,0.32312572865756245,0.3477600998160309,0.4776136886802243,0.0,0.0,0.0,0.0,0.0,0.07543698267294631,0.054204616806785566,0.14337270718295156,0.17849200982380184,0.546825397317007
random_smooth_potentials,direct_topology,4,38,0.9467561874489782,0.9795444967336863,0.9983889408374641,0.9992112309681799,0.3562738057304684,0.18926371847579668,0.143642623466382,0.33774833671977256,0.47561573545887215,0.7857892992774623,0.0866293657875451,0.05942902134399608,0.22509121459653275,0.25672576996866375,0.2941751376658903,0.11416581983784586,0.1026446239546797,0.19440951496124884,0.20923733961998356,0.23854097692377169,0.27029318912442585,0.20820874630171415,0.5137740295514364,0.7394038101157898,1.305185429692389,1.0,1.0,1.0,1.0,1.0,0.003190608945073558,0.0023070535602144416,0.007094533750888893,0.008508238555536543,0.012324120782919518,0.18253949608468037,0.15338320398042943,0.32312572865756245,0.3477600998160309,0.4776136886802243,0.0,0.0,0.0,0.0,0.0,0.10317692550914205,0.051832934250053864,0.27484135288645534,0.3394201388966883,0.6492024794456486
random_smooth_potentials,direct_topology,5,38,0.9528781719498961,0.9803406112903255,0.997860622262816,0.9992984798740829,0.5103907620787798,0.1964448669031886,0.16111434194298085,0.4059065609096618,0.5066195496452859,0.8952281379584547,0.12503521515183944,0.09309031130906398,0.23741276645524403,0.28619196518073303,0.6380022104549146,0.08660310311574321,0.06764543183830427,0.13664073232102478,0.1757433443506621,0.3639458885783777,0.24834280184276783,0.17666174582762134,0.47711352406150087,0.6494829546084854,1.1072239170205798,1.0,1.0,1.0,1.0,1.0,0.0030796854411713113,0.002323106339782958,0.006464821650818375,0.009239150047719876,0.012481727996501909,0.18253949608468037,0.15338320398042943,0.32312572865756245,0.3477600998160309,0.4776136886802243,0.0,0.0,0.0,0.0,0.0,0.11895359212402558,0.08272085381196081,0.1980089590182512,0.36938132972684884,0.7550323625049842
random_smooth_potentials,direct_topology,6,38,0.9383164424325703,0.9797748122412936,0.9988536910796959,0.999205268416761,0.4042797512075569,0.2177675594749534,0.12734090172956913,0.46611454771642413,0.6699221035565823,1.5007637690163504,0.13827661437842403,0.12512373392357978,0.29657802417335005,0.31596462003660775,0.41450759393509307,0.07280645383058391,0.060033756458735404,0.12041067352658481,0.15212501735555423,0.3235835117630847,0.27927998859160635,0.2195183060954136,0.5628026675023708,0.7368683562469047,1.1938292552783027,1.0,1.0,1.0,1.0,1.0,0.0027036457968909796,0.0015977983563951186,0.006442549473216627,0.006960322137029973,0.009095295259151977,0.18253949608468037,0.15338320398042943,0.32312572865756245,0.3477600998160309,0.4776136886802243,0.0,0.0,0.0,0.0,0.0,0.14012305561969435,0.10984287012630589,0.2947482237792204,0.4357734157268613,0.6525588047136317
random_smooth_potentials,direct_topology,7,38,0.9414150598766057,0.9887614368053776,0.9984085061204298,0.9990131732520154,0.13095808701032213,0.18090153148896437,0.11332904033466815,0.4477650333156658,0.5031830196258037,0.8595487417608851,0.11240905062221229,0.09244691172436759,0.21267543772653225,0.29333368795276843,0.40905320482318563,0.06617940027185257,0.05269730170004629,0.12188225117608906,0.1635545203883875,0.25173764667057297,0.24950396088832585,0.15404181462711353,0.480089946854781,0.7348108949261745,1.7068825090916566,1.0,1.0,1.0,1.0,1.0,0.002924753571040394,0.0014802173223879686,0.00487089213682707,0.012465387977276325,0.022149738721455262,0.18253949608468037,0.15338320398042943,0.32312572865756245,0.3477600998160309,0.4776136886802243,0.0,0.0,0.0,0.0,0.0,0.0684373146554395,0.06231946708331915,0.15220803829255236,0.16920339335648224,0.2538543478525872
random_smooth_potentials,direct_topology,8,38,0.9603608882004832,0.9939473173373286,0.998405386336629,0.9993883649051126,0.5245135394131064,0.17553814017535946,0.09603365751119027,0.4187758825713134,0.4563400931306905,1.2067323466363526,0.13161405580534521,0.09812979770093722,0.32785432388159036,0.369350972166561,0.41841917571208675,0.066389306069719,0.04825378578329959,0.10171862077769094,0.12448824447861523,0.3720355402356078,0.19945417764870932,0.12492069216445126,0.45525037477818464,0.6275108741891223,1.0006808464821273,1.0,1.0,1.0,1.0,1.0,0.0023526611869862115,0.0016307042367877632,0.005259134262131364,0.00599469136407969,0.008588415917019056,0.18253949608468037,0.15338320398042943,0.32312572865756245,0.3477600998160309,0.4776136886802243,0.0,0.0,0.0,0.0,0.0,0.08287288840485366,0.06131248477339235,0.19702207071628558,0.22061237659067925,0.30903427175258535
random_smooth_potentials,direct_topology,9,38,0.9305886783812728,0.9911186263942524,0.997995968539694,0.9989259960215152,0.04977174434826489,0.20227747098467153,0.10557233773451992,0.31235069127563797,0.6924756589817511,1.7048903293642876,0.1977333650010353,0.1640183715845478,0.39687192666317633,0.43676063313652663,0.7108646327480699,0.06663670038987142,0.054756946322664014,0.10992472126247853,0.13466580067953926,0.2664494027085017,0.24783866923534537,0.1273307183050415,0.49366082199125005,0.9095749711757358,1.9228531390134471,1.0,1.0,1.0,1.0,1.0,0.0019695516905338705,0.0014270805437415883,0.0034881122257029618,0.0056531187664568185,0.011183709736865806,0.18253949608468037,0.15338320398042943,0.32312572865756245,0.3477600998160309,0.4776136886802243,0.0,0.0,0.0,0.0,0.0,0.12016712198441741,0.08072170175983784,0.2939760850753398,0.34062812735085757,0.4212965096345158
random_smooth_potentials,direct_topology,10,38,0.9406552386285446,0.9908453742765282,0.9980211815978641,0.9987007246203066,0.18589869206505022,0.17149076820446518,0.0955687996560938,0.23135926081011143,0.8930969898003127,0.987742633116063,0.27114078641801137,0.219111322010197,0.6432751676419282,0.7005615352641757,0.8332415723424349,0.07421189298349098,0.056264742153597835,0.12668676521951142,0.15260146961817905,0.24688674090862872,0.19568488014101595,0.1165322594288996,0.3329725846859059,0.9548759930234231,1.1347194403551664,1.0,1.0,1.0,1.0,1.0,0.0026934701576900623,0.0012307672476342354,0.0032552910717669184,0.0064031353859348005,0.02742047160666637,0.18253949608468037,0.15338320398042943,0.32312572865756245,0.3477600998160309,0.4776136886802243,0.0,0.0,0.0,0.0,0.0,0.21058321203340616,0.14988999565510186,0.45208548455272474,0.5998794478594554,0.8464459315030881
random_smooth_potentials,hybrid,0,38,0.9973001518154332,0.999140210276956,0.9998535151287232,0.9998867976331093,0.9656831413885237,0.06166032809178859,0.04573406640983488,0.1050219737024915,0.12362191158874947,0.25812016208049016,0.026388464493492483,0.020764243289926432,0.0579510634166094,0.07195578085191452,0.10163177982474103,0.15447565650345535,0.053434326234601454,0.39476064315643894,0.5068148904639045,0.9362154684804811,0.05419195524555055,0.03767889011213431,0.08483335673795661,0.14261883321004415,0.3019696738798481,1.0,1.0,1.0,1.0,1.0,0.0,0.0,0.0,0.0,0.0,0.18253949608468037,0.15338320398042943,0.32312572865756245,0.3477600998160309,0.4776136886802243,0.0,0.0,0.0,0.0,0.0,,,,,
random_smooth_potentials,hybrid,1,38,0.9696492117056688,0.9941258186071604,0.9986022911940321,0.9993550213940793,0.5581609610437503,0.14278577207809184,0.08568127558426261,0.35059820319953633,0.40636494659617883,0.8029026807317962,0.03318469981219633,0.030286261614594245,0.0690164407568612,0.07638024899539304,0.08541838156288284,0.20608374631779544,0.13405706458876174,0.4391640846846855,0.7002909005622623,0.7854594873085203,0.18119824877019564,0.11281437556606574,0.37618263307993466,0.4233089238642726,1.2937161245718356,1.0,1.0,1.0,1.0,1.0,0.002777213935013369,0.0019206538210855574,0.006672659832193996,0.008027858724078692,0.01812949987953839,0.18253949608468037,0.15338320398042943,0.32312572865756245,0.3477600998160309,0.4776136886802243,0.0,0.0,0.0,0.0,0.0,0.03343151694898876,0.027089120111508547,0.0655177617755435,0.07012503299353273,0.09042107239227071
random_smooth_potentials,hybrid,2,38,0.9359228737736331,0.976424541120757,0.9967192075645065,0.998654414781666,0.4597524385226329,0.2378841325305824,0.16950860929707295,0.4553085039572541,0.6376206282010883,0.8340344702391854,0.04589360854542069,0.02513763048737827,0.10971757843421023,0.12981893550622078,0.1794485550008278,0.3267889623230085,0.23356481926224926,0.6495692442836036,0.7300078580327096,0.9078505123501742,0.304608127676855,0.23188047847413806,0.5383084507117312,0.8111277559664994,1.3896264088193726,1.0,1.0,1.0,1.0,1.0,0.006088456200624605,0.0035841949746482143,0.016733201486549238,0.019087638206989412,0.0261633207271502,0.18253949608468037,0.15338320398042943,0.32312572865756245,0.3477600998160309,0.4776136886802243,0.0,0.0,0.0,0.0,0.0,0.055842975088456065,0.038156985232910445,0.1647883110491614,0.18501667526456275,0.22179920448652934
random_smooth_potentials,hybrid,3,38,0.9484573607311686,0.9722805110535138,0.9966782135855701,0.9979271550009547,0.7691284670665802,0.2136174479041204,0.1802208755821666,0.4103559796112227,0.448104814315856,0.5673416617486611,0.07994413026232187,0.059605117192395696,0.1355958154562781,0.15771537207922218,0.6519280831559595,0.20884567869075538,0.1765568313672997,0.3428052889575958,0.46211870038005615,0.7832320360968378,0.2871615915464201,0.2550299221714709,0.5960436376705103,0.7629659902258226,0.8377045373339126,1.0,1.0,1.0,1.0,1.0,0.004369666427672412,0.0030971080434613035,0.009853768213237782,0.010186639933720891,0.012918128917807647,0.18253949608468037,0.15338320398042943,0.32312572865756245,0.3477600998160309,0.4776136886802243,0.0,0.0,0.0,0.0,0.0,0.07543698267294631,0.054204616806785566,0.14337270718295156,0.17849200982380184,0.546825397317007
random_smooth_potentials,hybrid,4,38,0.9467561874489782,0.9795444967336863,0.9983889408374641,0.9992112309681799,0.3562738057304684,0.18926371847579668,0.143642623466382,0.33774833671977256,0.47561573545887215,0.7857892992774623,0.0866293657875451,0.05942902134399608,0.22509121459653275,0.25672576996866375,0.2941751376658903,0.11416581983784586,0.1026446239546797,0.19440951496124884,0.20923733961998356,0.23854097692377169,0.27029318912442585,0.20820874630171415,0.5137740295514364,0.7394038101157898,1.305185429692389,1.0,1.0,1.0,1.0,1.0,0.003190608945073558,0.0023070535602144416,0.007094533750888893,0.008508238555536543,0.012324120782919518,0.18253949608468037,0.15338320398042943,0.32312572865756245,0.3477600998160309,0.4776136886802243,0.0,0.0,0.0,0.0,0.0,0.10317692550914205,0.051832934250053864,0.27484135288645534,0.3394201388966883,0.6492024794456486
random_smooth_potentials,hybrid,5,38,0.9528781719498961,0.9803406112903255,0.997860622262816,0.9992984798740829,0.5103907620787798,0.1964448669031886,0.16111434194298085,0.4059065609096618,0.5066195496452859,0.8952281379584547,0.12503521515183944,0.09309031130906398,0.23741276645524403,0.28619196518073303,0.6380022104549146,0.08660310311574321,0.06764543183830427,0.13664073232102478,0.1757433443506621,0.3639458885783777,0.24834280184276783,0.17666174582762134,0.47711352406150087,0.6494829546084854,1.1072239170205798,1.0,1.0,1.0,1.0,1.0,0.0030796854411713113,0.002323106339782958,0.006464821650818375,0.009239150047719876,0.012481727996501909,0.18253949608468037,0.15338320398042943,0.32312572865756245,0.3477600998160309,0.4776136886802243,0.0,0.0,0.0,0.0,0.0,0.11895359212402558,0.08272085381196081,0.1980089590182512,0.36938132972684884,0.7550323625049842
random_smooth_potentials,hybrid,6,38,0.9383164424325703,0.9797748122412936,0.9988536910796959,0.999205268416761,0.4042797512075569,0.2177675594749534,0.12734090172956913,0.46611454771642413,0.6699221035565823,1.5007637690163504,0.13827661437842403,0.12512373392357978,0.29657802417335005,0.31596462003660775,0.41450759393509307,0.07280645383058391,0.060033756458735404,0.12041067352658481,0.15212501735555423,0.3235835117630847,0.27927998859160635,0.2195183060954136,0.5628026675023708,0.7368683562469047,1.1938292552783027,1.0,1.0,1.0,1.0,1.0,0.0027036457968909796,0.0015977983563951186,0.006442549473216627,0.006960322137029973,0.009095295259151977,0.18253949608468037,0.15338320398042943,0.32312572865756245,0.3477600998160309,0.4776136886802243,0.0,0.0,0.0,0.0,0.0,0.14012305561969435,0.10984287012630589,0.2947482237792204,0.4357734157268613,0.6525588047136317
random_smooth_potentials,hybrid,7,38,0.9414150598766057,0.9887614368053776,0.9984085061204298,0.9990131732520154,0.13095808701032213,0.18090153148896437,0.11332904033466815,0.4477650333156658,0.5031830196258037,0.8595487417608851,0.11240905062221229,0.09244691172436759,0.21267543772653225,0.29333368795276843,0.40905320482318563,0.06617940027185257,0.05269730170004629,0.12188225117608906,0.1635545203883875,0.25173764667057297,0.24950396088832585,0.15404181462711353,0.480089946854781,0.7348108949261745,1.7068825090916566,1.0,1.0,1.0,1.0,1.0,0.002924753571040394,0.0014802173223879686,0.00487089213682707,0.012465387977276325,0.022149738721455262,0.18253949608468037,0.15338320398042943,0.32312572865756245,0.3477600998160309,0.4776136886802243,0.0,0.0,0.0,0.0,0.0,0.0684373146554395,0.06231946708331915,0.15220803829255236,0.16920339335648224,0.2538543478525872
random_smooth_potentials,hybrid,8,38,0.9603608882004832,0.9939473173373286,0.998405386336629,0.9993883649051126,0.5245135394131064,0.17553814017535946,0.09603365751119027,0.4187758825713134,0.4563400931306905,1.2067323466363526,0.13161405580534521,0.09812979770093722,0.32785432388159036,0.369350972166561,0.41841917571208675,0.066389306069719,0.04825378578329959,0.10171862077769094,0.12448824447861523,0.3720355402356078,0.19945417764870932,0.12492069216445126,0.45525037477818464,0.6275108741891223,1.0006808464821273,1.0,1.0,1.0,1.0,1.0,0.0023526611869862115,0.0016307042367877632,0.005259134262131364,0.00599469136407969,0.008588415917019056,0.18253949608468037,0.15338320398042943,0.32312572865756245,0.3477600998160309,0.4776136886802243,0.0,0.0,0.0,0.0,0.0,0.08287288840485366,0.06131248477339235,0.19702207071628558,0.22061237659067925,0.30903427175258535
random_smooth_potentials,hybrid,9,38,0.9305886783812728,0.9911186263942524,0.997995968539694,0.9989259960215152,0.04977174434826489,0.20227747098467153,0.10557233773451992,0.31235069127563797,0.6924756589817511,1.7048903293642876,0.1977333650010353,0.1640183715845478,0.39687192666317633,0.43676063313652663,0.7108646327480699,0.06663670038987142,0.054756946322664014,0.10992472126247853,0.13466580067953926,0.2664494027085017,0.24783866923534537,0.1273307183050415,0.49366082199125005,0.9095749711757358,1.9228531390134471,1.0,1.0,1.0,1.0,1.0,0.0019695516905338705,0.0014270805437415883,0.0034881122257029618,0.0056531187664568185,0.011183709736865806,0.18253949608468037,0.15338320398042943,0.32312572865756245,0.3477600998160309,0.4776136886802243,0.0,0.0,0.0,0.0,0.0,0.12016712198441741,0.08072170175983784,0.2939760850753398,0.34062812735085757,0.4212965096345158
random_smooth_potentials,hybrid,10,38,0.9406552386285446,0.9908453742765282,0.9980211815978641,0.9987007246203066,0.18589869206505022,0.17149076820446518,0.0955687996560938,0.23135926081011143,0.8930969898003127,0.987742633116063,0.27114078641801137,0.219111322010197,0.6432751676419282,0.7005615352641757,0.8332415723424349,0.07421189298349098,0.056264742153597835,0.12668676521951142,0.15260146961817905,0.24688674090862872,0.19568488014101595,0.1165322594288996,0.3329725846859059,0.9548759930234231,1.1347194403551664,1.0,1.0,1.0,1.0,1.0,0.0026934701576900623,0.0012307672476342354,0.0032552910717669184,0.0064031353859348005,0.02742047160666637,0.18253949608468037,0.15338320398042943,0.32312572865756245,0.3477600998160309,0.4776136886802243,0.0,0.0,0.0,0.0,0.0,0.21058321203340616,0.14988999565510186,0.45208548455272474,0.5998794478594554,0.8464459315030881
random_smooth_potentials,initial_ritz,0,38,0.999882707334787,0.9999495373616559,0.9999871639967913,0.9999899420344477,0.9989136265686555,0.029757456490947076,0.024683995327857994,0.0575467189990358,0.06619187434095326,0.09455089989480275,0.0007114198467854396,0.00026815066431495893,0.0021486183182825476,0.0029524942422123994,0.005510765766658654,0.13845586343257857,0.0459657422069491,0.3319217788385698,0.5104396379373837,0.9043505951992759,0.011759079899815257,0.009287206169043926,0.020062936015134255,0.02924949362433039,0.04994926810483406,0.7105263157894737,1.0,1.0,1.0,0.0,0.0,0.0,0.0,0.0,0.0,1.6208221568079685e-06,1.6175527116080168e-06,1.9434301833265445e-06,2.113215744026231e-06,2.3870167988881974e-06,0.0,0.0,0.0,0.0,0.0,,,,,
random_smooth_potentials,initial_ritz,1,38,0.9980910664685795,0.9998267324276939,0.9999633253824164,0.9999736153293065,0.9588173455235044,0.057009877313032684,0.036744506902384844,0.13963650932868554,0.15608462953741117,0.2960270882150015,0.003569538162262266,0.0009053924535173952,0.011752273982799818,0.020302070288748093,0.027405350139807716,0.18400395870396105,0.11256106431995665,0.417255958063431,0.6186069687191484,0.7143597061336312,0.028620483354782632,0.019209607379003728,0.04538195270788457,0.07262887430035171,0.21062043205889822,0.631578947368421,1.0,1.0,1.0,0.0,0.0001719315599832113,7.416484118914601e-05,0.00037504744514584595,0.00041063118435039043,0.00044621492355493496,1.6208221568079685e-06,1.6175527116080168e-06,1.9434301833265445e-06,2.113215744026231e-06,2.3870167988881974e-06,0.0,0.0,0.0,0.0,0.0,0.003250450327948494,0.0009607517291526646,0.010815738524925173,0.01548247181717515,0.027104491113571383
random_smooth_potentials,initial_ritz,2,38,0.9969489979744014,0.9992347858725235,0.9999064576694134,0.9999200686060318,0.9574236469068924,0.09342536658912245,0.07326070717641123,0.16568680128433277,0.27885859578517863,0.35256885870974575,0.010014009915864711,0.004487296402718721,0.020206036484438233,0.047612284215556196,0.08264422642439362,0.29017771227444605,0.21345146193009162,0.620948439129591,0.7314742810585814,0.8616388716283812,0.048516965334675984,0.035970348103720545,0.0951446740156102,0.14491497005035173,0.1919154692723115,0.6052631578947368,1.0,1.0,1.0,0.0,0.003478954468939576,0.0003413908308575964,0.009066208381417877,0.015791698854312135,0.02251718932720641,1.6208221568079685e-06,1.6175527116080168e-06,1.9434301833265445e-06,2.113215744026231e-06,2.3870167988881974e-06,0.0,0.0,0.0,0.0,0.0,0.008123569120318886,0.002180693433031955,0.019145941612704043,0.024242111493861226,0.07582390376216819
random_smooth_potentials,initial_ritz,3,38,0.9974683075283863,0.9993445930237606,0.9998746919552347,0.9999359540316707,0.9777923974188493,0.08747575098796279,0.06324189419026618,0.18906213115173623,0.19673851287405733,0.27473396160533237,0.010081784211015413,0.0031841003710992855,0.03675680903051872,0.039197132872088536,0.05833717788875381,0.17811535211963628,0.1492747929980837,0.2963161241735241,0.36483464362112417,0.8639402846671661,0.05292292957914308,0.03470122558594896,0.1136391330842686,0.1266894362243498,0.2136788702548948,0.47368421052631576,0.0,1.0,1.0,0.0,0.0006639125241686758,0.0004174319242678478,0.001460710451095786,0.0016943377986901268,0.0019279651462844678,1.6208221568079685e-06,1.6175527116080168e-06,1.9434301833265445e-06,2.113215744026231e-06,2.3870167988881974e-06,0.0,0.0,0.0,0.0,0.0,0.006774971226960948,0.002386185079324088,0.017212831001956093,0.024775781633245626,0.033377793217507445
random_smooth_potentials,initial_ritz,4,38,0.997968380123853,0.9993092440458125,0.9999233393508294,0.9999442045252633,0.9891137361741492,0.07141568439685043,0.06028253336312915,0.14023790148470855,0.17202001713817128,0.1932742042788299,0.006937274092635337,0.0026338207326450647,0.01846358552056711,0.02643460473057133,0.039272310863631255,0.09479927257009876,0.08646997878169774,0.16671378806392384,0.1911116157449321,0.26990956846804637,0.047634267054522034,0.038900533831821044,0.1123681894045958,0.12770239252568374,0.13642859764712295,0.7105263157894737,1.0,1.0,1.0,0.0,0.0015490547828459617,0.0005780955036678902,0.002895726922360762,0.0046468199380027,0.01543082301870458,1.6208221568079685e-06,1.6175527116080168e-06,1.9434301833265445e-06,2.113215744026231e-06,2.3870167988881974e-06,0.0,0.0,0.0,0.0,0.0,0.007990180346000636,0.003056842931319581,0.021881920414022857,0.03159575741421086,0.048218420682133445
random_smooth_potentials,initial_ritz,5,38,0.9979971337198971,0.9994020277400701,0.9998965114154547,0.9999283579026322,0.9827260714856216,0.06825067018731198,0.04769187967019143,0.13208854421380883,0.14732088192887305,0.3782300555103335,0.007159472947283176,0.0018318866582165416,0.01497369120836097,0.017668747927441282,0.10891049464223146,0.06894561347787692,0.0504127522345968,0.10636961042667663,0.1600843185720339,0.38787774229122757,0.04732553060342457,0.03449509926090102,0.09056461477863745,0.12779456632382447,0.15957658608931957,0.868421052631579,1.0,1.0,1.0,0.0,0.0005228784910320869,0.0003039075106937199,0.0008334705957078917,0.0014742436034436684,0.0035747722254151904,1.6208221568079685e-06,1.6175527116080168e-06,1.9434301833265445e-06,2.113215744026231e-06,2.3870167988881974e-06,0.0,0.0,0.0,0.0,0.0,0.0064880074370160115,0.0018245321025576189,0.011968959802776367,0.020381851984286013,0.10091602997400884
random_smooth_potentials,initial_ritz,6,38,0.9964511714555656,0.9993551359798941,0.9998776702866715,0.9998962292860584,0.9247300351768333,0.07206588004309372,0.045833464712033894,0.13964535975185213,0.2323638758729939,0.5163151026859119,0.006383386801853843,0.0022082220838512967,0.016148550764015966,0.03737332967179735,0.05176028948480482,0.054387172775869984,0.04008151447187273,0.0842512429673391,0.1367709374065703,0.33127975572877105,0.046063527795107355,0.03357286360379793,0.0879834720918851,0.12788497441963137,0.2200293830566587,0.9736842105263158,1.0,1.0,1.0,0.0,0.0006360492963170273,0.00034339605116100305,0.0014202246126399883,0.002107300019134461,0.004215470605307292,1.6208221568079685e-06,1.6175527116080168e-06,1.9434301833265445e-06,2.113215744026231e-06,2.3870167988881974e-06,0.0,0.0,0.0,0.0,0.0,0.007967503156914168,0.001450144481875526,0.01644626690461761,0.03490623438989781,0.10379790862113492
random_smooth_potentials,initial_ritz,7,38,0.9950074878554397,0.9988689170915133,0.9996769071588011,0.9997181464578433,0.8952043456815003,0.07007275778484093,0.05304731756589355,0.11358801203312893,0.17870583718572142,0.26675784828426885,0.006567952676811159,0.002202536526356491,0.010538303027895926,0.02696586032559639,0.07204664737744437,0.055000021184689295,0.04137806167712229,0.10000709292598678,0.14275481393027675,0.24329554621287813,0.05618867536979526,0.04408416983543262,0.09559752208062178,0.127685446894168,0.25495943513956093,0.9210526315789473,1.0,1.0,1.0,0.0,0.0005674127765227053,0.0004741411953547732,0.0009058797239024552,0.001203349457586495,0.0029618817589365616,1.6208221568079685e-06,1.6175527116080168e-06,1.9434301833265445e-06,2.113215744026231e-06,2.3870167988881974e-06,0.0,0.0,0.0,0.0,0.0,0.004415411459272389,0.0011820139884015646,0.012204786528349065,0.024343269440660977,0.0308402457403254
random_smooth_potentials,initial_ritz,8,38,0.9953577653153601,0.9984803921787013,0.9996406550906131,0.9997323289185425,0.9267134171707633,0.08134736767407022,0.05807550587744733,0.1678082507731613,0.19456925979220066,0.46065100931653935,0.007105394544527959,0.00207625954934354,0.018665478327926796,0.03374547381789394,0.06318508523905209,0.05630969207224668,0.04016649003302124,0.07177572228129986,0.11747796614599235,0.37150954672724346,0.06556230518708361,0.048672296720424335,0.13476982435699478,0.16241606455038965,0.3363908191498669,0.9736842105263158,1.0,1.0,1.0,0.0,0.0016997349787490012,0.00046191568227425665,0.0014769103019721004,0.0026976001739800323,0.03619301092457196,1.6208221568079685e-06,1.6175527116080168e-06,1.9434301833265445e-06,2.113215744026231e-06,2.3870167988881974e-06,0.0,0.0,0.0,0.0,0.0,0.004338004236435062,0.0011892355519016462,0.011623430496617487,0.020643447342560996,0.031832421365869834
random_smooth_potentials,initial_ritz,9,38,0.9515214021311621,0.997223320899147,0.999447520926049,0.9995492125596293,0.018716830408299988,0.16500973097006158,0.06623456357052443,0.19139811165337503,0.5438318711655156,1.7637900112821776,0.009873429176991147,0.002730382737709647,0.027374509906751998,0.05151750989370203,0.0850860191093612,0.05215173186221237,0.03689984547872639,0.06666253627796212,0.12671576989449293,0.3260456250376523,0.17318446783472083,0.06838136713430756,0.2164052582483214,0.5543508158734265,1.9577714205838457,0.9736842105263158,1.0,1.0,1.0,0.0,0.0010726143776867453,0.0005237926607548685,0.002096662558542885,0.003212966877010815,0.007090797336648706,1.6208221568079685e-06,1.6175527116080168e-06,1.9434301833265445e-06,2.113215744026231e-06,2.3870167988881974e-06,0.0,0.0,0.0,0.0,0.0,0.00899814613781834,0.0018239034336515747,0.03802341170723765,0.043948459898302886,0.08207849687862634
random_smooth_potentials,initial_ritz,10,38,0.9413009311153909,0.9959232327329579,0.9990384459387878,0.9991202250019611,0.0024426054648914648,0.15842675762182604,0.08251144626170101,0.1876236420835823,0.802380877880826,1.246658318011077,0.02100825721612401,0.0035912276840539548,0.03163670536674613,0.09079281943449134,0.3822334598868391,0.05713103437627337,0.0416600666035393,0.1064477399039145,0.13930145165311947,0.2584498034116285,0.18025464961591042,0.09008551765670839,0.2910353286737117,0.9627716061443946,1.1098406895444586,1.0,1.0,1.0,1.0,1.0,0.00233635205053973,0.0007452647190428398,0.00198568558432593,0.007259438286798472,0.03429183984344853,1.6208221568079685e-06,1.6175527116080168e-06,1.9434301833265445e-06,2.113215744026231e-06,2.3870167988881974e-06,0.0,0.0,0.0,0.0,0.0,0.014973219893905619,0.0015192008052284933,0.017154081996774463,0.05450186829390983,0.3327707674472107
seen_basis_reparameterization,direct_topology,0,16,0.9999745275125504,0.9999854115898734,0.9999899946829,0.9999903390895073,0.9999364435276716,0.011351262728079563,0.01062453004847148,0.014386570402264518,0.015126800439935358,0.015317658472667561,0.0013678521512289765,0.0009038925737647752,0.003040255310941209,0.003334169824753541,0.0035664143324467545,0.002263383756411135,0.0022311607178511503,0.002407529638150309,0.0024907408553527023,0.0025768696368972774,0.007599656702954305,0.006399436869119772,0.01222845179960679,0.012473898395629627,0.013050558798377979,1.0,1.0,1.0,1.0,1.0,0.0,0.0,0.0,0.0,0.0,0.021735882756817808,0.02040365575903208,0.02864105808932569,0.029522317417778454,0.03138810956354705,0.0,0.0,0.0,0.0,0.0,,,,,
seen_basis_reparameterization,direct_topology,1,16,0.9999297534659245,0.9999427043452869,0.9999729794058447,0.9999744452356708,0.9998492899286474,0.018044299534408066,0.01672806755391388,0.026143500837735884,0.026954901792152628,0.02836904508012636,0.005832917541319815,0.005635919323994987,0.009236376164548421,0.010014722010389221,0.010320953516435694,0.0049893447703915055,0.004677285930254519,0.007266216519626884,0.007434500425703948,0.007879737302109368,0.00951065613517039,0.008771856963355456,0.014306844821205197,0.014674364709834756,0.01564256608644693,1.0,1.0,1.0,1.0,1.0,6.0800896945225674e-05,4.2368852457050205e-05,0.00013276451844961546,0.00014905411116388387,0.0001526377065200363,0.021735882756817808,0.02040365575903208,0.02864105808932569,0.029522317417778454,0.03138810956354705,0.0,0.0,0.0,0.0,0.0,0.004657316707553649,0.0046417280546111606,0.006529200009441016,0.006800176764111265,0.00706419852757989
seen_basis_reparameterization,direct_topology,2,16,0.9991453456024934,0.9992348239186974,0.9994281345525935,0.999436554238613,0.9986168965564108,0.06482725761736169,0.06330751807067983,0.07193143637687735,0.0734045205065257,0.07451573718229883,0.0029307781785401776,0.0026051926294909933,0.005244305626402657,0.006287666876264808,0.007869155279609075,0.02794516051842074,0.027623586345416673,0.03211640412264609,0.032436755577918766,0.03330656325765816,0.01999122466702892,0.01920200920743273,0.0243744800805326,0.024729907114059948,0.025612356860831333,1.0,1.0,1.0,1.0,1.0,0.0014596992242309102,0.001416503309424731,0.0016417677548494105,0.001661790121868515,0.001697565191594432,0.021735882756817808,0.02040365575903208,0.02864105808932569,0.029522317417778454,0.03138810956354705,0.0,0.0,0.0,0.0,0.0,0.008763695719859993,0.008189832113727924,0.011055459282571345,0.012300145400292228,0.013008515658881059
seen_basis_reparameterization,direct_topology,3,16,0.9993663181051432,0.9994239042878936,0.9995433402298508,0.9995550403060149,0.9989591116839488,0.05497835074567857,0.05347072376183179,0.06267115310259151,0.06383435812708677,0.06568947482339219,0.008729734245433468,0.00817764772781171,0.015486949951935003,0.017268030078064767,0.018386695601003922,0.027240412105820136,0.026976407333283645,0.03025745811267569,0.030514297081967536,0.03119676668954129,0.02669308792573251,0.023107562729208594,0.041129587646632854,0.042555996003093406,0.04610760548569069,1.0,1.0,1.0,1.0,1.0,0.0008197259317675994,0.0008210011206510033,0.0008470776046715253,0.0008485592495728341,0.0008510393609476811,0.021735882756817808,0.02040365575903208,0.02864105808932569,0.029522317417778454,0.03138810956354705,0.0,0.0,0.0,0.0,0.0,0.007323730518605298,0.006576478516448159,0.014037722433156485,0.016642893411256576,0.019991012387592377
seen_basis_reparameterization,direct_topology,4,16,0.9991712133821018,0.9993001391289862,0.9995210079811769,0.9995308618437249,0.9984020659175935,0.053813563169893046,0.05134237666949957,0.06527452465777353,0.06656700304621899,0.06939234386807415,0.0097304939961195,0.00762872935038339,0.01819797980536375,0.01986003716053153,0.02181743299923511,0.038330633767038436,0.03776779857532493,0.045150894492944085,0.045662398069330784,0.04704143670228518,0.0258995045803977,0.024103693388322585,0.03228632858391968,0.03310832934771707,0.035028166965027224,1.0,1.0,1.0,1.0,1.0,0.0009021779934952985,0.0008846249117470924,0.0010631498835566894,0.0010812091113876349,0.0011062892989321868,0.021735882756817808,0.02040365575903208,0.02864105808932569,0.029522317417778454,0.03138810956354705,0.0,0.0,0.0,0.0,0.0,0.0018961651047633143,0.0022269816371280893,0.0032198353001815505,0.0034111361807673823,0.0034307373982311873
seen_basis_reparameterization,direct_topology,5,16,0.9995488013132465,0.9995852089467077,0.9996563276440578,0.9996607733727263,0.9992914869976997,0.04147455450317211,0.040424136637612226,0.04890280609122882,0.049796874154024826,0.05141661272091252,0.02749992554421654,0.027340673144907957,0.04623719459287923,0.05270343459879223,0.06139791505712289,0.03460865522432589,0.03371250847472329,0.04426555428269384,0.04517489877761015,0.04703905072851166,0.01972583429786797,0.018634536913395658,0.02425553979740662,0.02476228544215612,0.026069444074275458,1.0,1.0,1.0,1.0,1.0,0.0005907886529141785,0.0005773678717732274,0.0006651800083833053,0.0006780427481638794,0.0007105152416403564,0.021735882756817808,0.02040365575903208,0.02864105808932569,0.029522317417778454,0.03138810956354705,0.0,0.0,0.0,0.0,0.0,0.02108932325773552,0.02392378354163549,0.033749493876555015,0.035594632194452025,0.03958048205788778
seen_basis_reparameterization,direct_topology,6,16,0.9997166004597497,0.9997635523958044,0.9998315662440698,0.9998350372029684,0.9995199410767466,0.02183990696273437,0.020380153073043385,0.028595255331713067,0.02907946864053382,0.030075117210068784,0.021295211613011955,0.02061657280259821,0.024619088839245684,0.02652076827163219,0.030452504755185572,0.014935245900741453,0.013758465038584832,0.0224123534196397,0.02323712551039741,0.024771932313884366,0.01739208202538086,0.015801984098458996,0.02303370538855878,0.0237432755118799,0.02401896719194966,1.0,1.0,1.0,1.0,1.0,0.0003282592865732466,0.00031121801380902883,0.0004032917698258662,0.0004058232805943336,0.000411567808362519,0.021735882756817808,0.02040365575903208,0.02864105808932569,0.029522317417778454,0.03138810956354705,0.0,0.0,0.0,0.0,0.0,0.01943137350166757,0.01847519355704552,0.03420156439486233,0.039890036108634286,0.0482469216762631
seen_basis_reparameterization,direct_topology,7,16,0.9998819043069677,0.9998843255146544,0.9998887384943113,0.9998906500947573,0.9998685200846179,0.012545202515654157,0.01226601413291813,0.013533552909762752,0.01377558783744712,0.014125312144106074,0.02138361904209085,0.01963286678874132,0.031691371577886596,0.0329804033009633,0.03647789218190489,0.007883044409064455,0.007621983629239654,0.008746879163651695,0.009214913448679151,0.0099461161381067,0.013458333186505047,0.012508541305727656,0.015903745339078106,0.016485203572628376,0.016880464183117207,1.0,1.0,1.0,1.0,1.0,0.00017840612873009103,0.00018023820171968123,0.0001880471829226556,0.00018939904520698804,0.0001894295806170416,0.021735882756817808,0.02040365575903208,0.02864105808932569,0.029522317417778454,0.03138810956354705,0.0,0.0,0.0,0.0,0.0,0.004417591357229966,0.0052243190429202,0.006565066982504142,0.007507447502726583,0.01023666075969043
seen_basis_reparameterization,direct_topology,8,16,0.9996946779061144,0.9997375985938621,0.999762861634482,0.999764550003299,0.9995054755179581,0.018965025156575423,0.018030332268798042,0.02212004288004782,0.022856650035400675,0.024306327268587384,0.019426998116485905,0.01801073149823873,0.026941217017080632,0.029229286153880985,0.03478612530514802,0.03054213338395034,0.02916427060585898,0.03837804444904831,0.039531402215223006,0.04179534497373395,0.016820984631649702,0.014878271276162213,0.02243461015526451,0.023343999536063507,0.023578546848982536,1.0,1.0,1.0,1.0,1.0,0.00021574184835425624,0.00021065008037041304,0.00024461204685920934,0.0002512602696390262,0.000266055978097961,0.021735882756817808,0.02040365575903208,0.02864105808932569,0.029522317417778454,0.03138810956354705,0.0,0.0,0.0,0.0,0.0,0.0067549398186998455,0.007520341093811833,0.009763257640757583,0.011469867813438173,0.015867863984135866
seen_basis_reparameterization,direct_topology,9,16,0.9996462773159184,0.9996704997399057,0.9997012672343093,0.9997074425940927,0.9995066480979163,0.02574143428886371,0.025472899965649807,0.02756863353348097,0.027768976307390766,0.027968845239760533,0.027592500229739636,0.02500436798991368,0.037695242092936176,0.0428303856912442,0.05167581074603689,0.05070497409780783,0.048677771826813175,0.0634097270481809,0.06551024524889407,0.06914656930901936,0.016554024158610126,0.015348367041700391,0.021866121812440287,0.02268349010630723,0.022755841743110253,1.0,1.0,1.0,1.0,1.0,0.00028776107199576415,0.00028881778182377165,0.00029984371927578525,0.00030252589948058094,0.00030687280708789714,0.021735882756817808,0.02040365575903208,0.02864105808932569,0.029522317417778454,0.03138810956354705,0.0,0.0,0.0,0.0,0.0,0.008165502113253731,0.00648115576295627,0.0138552464862296,0.015386204420080762,0.01688968544088887
seen_basis_reparameterization,direct_topology,10,16,0.9996783442200001,0.999734418528913,0.9997572371292422,0.9997584751768531,0.999370267004363,0.025073135277176556,0.024555431948495056,0.027163112593533094,0.0276998881517241,0.029272217306275272,0.029706824962926426,0.02804228938101261,0.042600501277742175,0.04441303272065111,0.04527195814496032,0.0785586572184849,0.07522128148942844,0.09945605518600553,0.10235347361647343,0.10887193559534677,0.016419523693131176,0.014260212083183493,0.02312887974697018,0.02429058585193461,0.027378769332582032,1.0,1.0,1.0,1.0,1.0,0.0002548785957830669,0.00025234155121849565,0.00026416771576101496,0.0002708547223172905,0.00028099621612062096,0.021735882756817808,0.02040365575903208,0.02864105808932569,0.029522317417778454,0.03138810956354705,0.0,0.0,0.0,0.0,0.0,0.004775998932183889,0.004458727703213761,0.00824079023463753,0.00927215519929625,0.012211119631004408
seen_basis_reparameterization,hybrid,0,16,0.9999745275125504,0.9999854115898734,0.9999899946829,0.9999903390895073,0.9999364435276716,0.011351262728079563,0.01062453004847148,0.014386570402264518,0.015126800439935358,0.015317658472667561,0.0013678521512289765,0.0009038925737647752,0.003040255310941209,0.003334169824753541,0.0035664143324467545,0.002263383756411135,0.0022311607178511503,0.002407529638150309,0.0024907408553527023,0.0025768696368972774,0.007599656702954305,0.006399436869119772,0.01222845179960679,0.012473898395629627,0.013050558798377979,1.0,1.0,1.0,1.0,1.0,0.0,0.0,0.0,0.0,0.0,0.021735882756817808,0.02040365575903208,0.02864105808932569,0.029522317417778454,0.03138810956354705,0.0,0.0,0.0,0.0,0.0,,,,,
seen_basis_reparameterization,hybrid,1,16,0.9999297534659245,0.9999427043452869,0.9999729794058447,0.9999744452356708,0.9998492899286474,0.018044299534408066,0.01672806755391388,0.026143500837735884,0.026954901792152628,0.02836904508012636,0.005832917541319815,0.005635919323994987,0.009236376164548421,0.010014722010389221,0.010320953516435694,0.0049893447703915055,0.004677285930254519,0.007266216519626884,0.007434500425703948,0.007879737302109368,0.00951065613517039,0.008771856963355456,0.014306844821205197,0.014674364709834756,0.01564256608644693,1.0,1.0,1.0,1.0,1.0,6.0800896945225674e-05,4.2368852457050205e-05,0.00013276451844961546,0.00014905411116388387,0.0001526377065200363,0.021735882756817808,0.02040365575903208,0.02864105808932569,0.029522317417778454,0.03138810956354705,0.0,0.0,0.0,0.0,0.0,0.004657316707553649,0.0046417280546111606,0.006529200009441016,0.006800176764111265,0.00706419852757989
seen_basis_reparameterization,hybrid,2,16,0.9991453456024934,0.9992348239186974,0.9994281345525935,0.999436554238613,0.9986168965564108,0.06482725761736169,0.06330751807067983,0.07193143637687735,0.0734045205065257,0.07451573718229883,0.0029307781785401776,0.0026051926294909933,0.005244305626402657,0.006287666876264808,0.007869155279609075,0.02794516051842074,0.027623586345416673,0.03211640412264609,0.032436755577918766,0.03330656325765816,0.01999122466702892,0.01920200920743273,0.0243744800805326,0.024729907114059948,0.025612356860831333,1.0,1.0,1.0,1.0,1.0,0.0014596992242309102,0.001416503309424731,0.0016417677548494105,0.001661790121868515,0.001697565191594432,0.021735882756817808,0.02040365575903208,0.02864105808932569,0.029522317417778454,0.03138810956354705,0.0,0.0,0.0,0.0,0.0,0.008763695719859993,0.008189832113727924,0.011055459282571345,0.012300145400292228,0.013008515658881059
seen_basis_reparameterization,hybrid,3,16,0.9993663181051432,0.9994239042878936,0.9995433402298508,0.9995550403060149,0.9989591116839488,0.05497835074567857,0.05347072376183179,0.06267115310259151,0.06383435812708677,0.06568947482339219,0.008729734245433468,0.00817764772781171,0.015486949951935003,0.017268030078064767,0.018386695601003922,0.027240412105820136,0.026976407333283645,0.03025745811267569,0.030514297081967536,0.03119676668954129,0.02669308792573251,0.023107562729208594,0.041129587646632854,0.042555996003093406,0.04610760548569069,1.0,1.0,1.0,1.0,1.0,0.0008197259317675994,0.0008210011206510033,0.0008470776046715253,0.0008485592495728341,0.0008510393609476811,0.021735882756817808,0.02040365575903208,0.02864105808932569,0.029522317417778454,0.03138810956354705,0.0,0.0,0.0,0.0,0.0,0.007323730518605298,0.006576478516448159,0.014037722433156485,0.016642893411256576,0.019991012387592377
seen_basis_reparameterization,hybrid,4,16,0.9991712133821018,0.9993001391289862,0.9995210079811769,0.9995308618437249,0.9984020659175935,0.053813563169893046,0.05134237666949957,0.06527452465777353,0.06656700304621899,0.06939234386807415,0.0097304939961195,0.00762872935038339,0.01819797980536375,0.01986003716053153,0.02181743299923511,0.038330633767038436,0.03776779857532493,0.045150894492944085,0.045662398069330784,0.04704143670228518,0.0258995045803977,0.024103693388322585,0.03228632858391968,0.03310832934771707,0.035028166965027224,1.0,1.0,1.0,1.0,1.0,0.0009021779934952985,0.0008846249117470924,0.0010631498835566894,0.0010812091113876349,0.0011062892989321868,0.021735882756817808,0.02040365575903208,0.02864105808932569,0.029522317417778454,0.03138810956354705,0.0,0.0,0.0,0.0,0.0,0.0018961651047633143,0.0022269816371280893,0.0032198353001815505,0.0034111361807673823,0.0034307373982311873
seen_basis_reparameterization,hybrid,5,16,0.9995488013132465,0.9995852089467077,0.9996563276440578,0.9996607733727263,0.9992914869976997,0.04147455450317211,0.040424136637612226,0.04890280609122882,0.049796874154024826,0.05141661272091252,0.02749992554421654,0.027340673144907957,0.04623719459287923,0.05270343459879223,0.06139791505712289,0.03460865522432589,0.03371250847472329,0.04426555428269384,0.04517489877761015,0.04703905072851166,0.01972583429786797,0.018634536913395658,0.02425553979740662,0.02476228544215612,0.026069444074275458,1.0,1.0,1.0,1.0,1.0,0.0005907886529141785,0.0005773678717732274,0.0006651800083833053,0.0006780427481638794,0.0007105152416403564,0.021735882756817808,0.02040365575903208,0.02864105808932569,0.029522317417778454,0.03138810956354705,0.0,0.0,0.0,0.0,0.0,0.02108932325773552,0.02392378354163549,0.033749493876555015,0.035594632194452025,0.03958048205788778
seen_basis_reparameterization,hybrid,6,16,0.9997166004597497,0.9997635523958044,0.9998315662440698,0.9998350372029684,0.9995199410767466,0.02183990696273437,0.020380153073043385,0.028595255331713067,0.02907946864053382,0.030075117210068784,0.021295211613011955,0.02061657280259821,0.024619088839245684,0.02652076827163219,0.030452504755185572,0.014935245900741453,0.013758465038584832,0.0224123534196397,0.02323712551039741,0.024771932313884366,0.01739208202538086,0.015801984098458996,0.02303370538855878,0.0237432755118799,0.02401896719194966,1.0,1.0,1.0,1.0,1.0,0.0003282592865732466,0.00031121801380902883,0.0004032917698258662,0.0004058232805943336,0.000411567808362519,0.021735882756817808,0.02040365575903208,0.02864105808932569,0.029522317417778454,0.03138810956354705,0.0,0.0,0.0,0.0,0.0,0.01943137350166757,0.01847519355704552,0.03420156439486233,0.039890036108634286,0.0482469216762631
seen_basis_reparameterization,hybrid,7,16,0.9998819043069677,0.9998843255146544,0.9998887384943113,0.9998906500947573,0.9998685200846179,0.012545202515654157,0.01226601413291813,0.013533552909762752,0.01377558783744712,0.014125312144106074,0.02138361904209085,0.01963286678874132,0.031691371577886596,0.0329804033009633,0.03647789218190489,0.007883044409064455,0.007621983629239654,0.008746879163651695,0.009214913448679151,0.0099461161381067,0.013458333186505047,0.012508541305727656,0.015903745339078106,0.016485203572628376,0.016880464183117207,1.0,1.0,1.0,1.0,1.0,0.00017840612873009103,0.00018023820171968123,0.0001880471829226556,0.00018939904520698804,0.0001894295806170416,0.021735882756817808,0.02040365575903208,0.02864105808932569,0.029522317417778454,0.03138810956354705,0.0,0.0,0.0,0.0,0.0,0.004417591357229966,0.0052243190429202,0.006565066982504142,0.007507447502726583,0.01023666075969043
seen_basis_reparameterization,hybrid,8,16,0.9996946779061144,0.9997375985938621,0.999762861634482,0.999764550003299,0.9995054755179581,0.018965025156575423,0.018030332268798042,0.02212004288004782,0.022856650035400675,0.024306327268587384,0.019426998116485905,0.01801073149823873,0.026941217017080632,0.029229286153880985,0.03478612530514802,0.03054213338395034,0.02916427060585898,0.03837804444904831,0.039531402215223006,0.04179534497373395,0.016820984631649702,0.014878271276162213,0.02243461015526451,0.023343999536063507,0.023578546848982536,1.0,1.0,1.0,1.0,1.0,0.00021574184835425624,0.00021065008037041304,0.00024461204685920934,0.0002512602696390262,0.000266055978097961,0.021735882756817808,0.02040365575903208,0.02864105808932569,0.029522317417778454,0.03138810956354705,0.0,0.0,0.0,0.0,0.0,0.0067549398186998455,0.007520341093811833,0.009763257640757583,0.011469867813438173,0.015867863984135866
seen_basis_reparameterization,hybrid,9,16,0.9996462773159184,0.9996704997399057,0.9997012672343093,0.9997074425940927,0.9995066480979163,0.02574143428886371,0.025472899965649807,0.02756863353348097,0.027768976307390766,0.027968845239760533,0.027592500229739636,0.02500436798991368,0.037695242092936176,0.0428303856912442,0.05167581074603689,0.05070497409780783,0.048677771826813175,0.0634097270481809,0.06551024524889407,0.06914656930901936,0.016554024158610126,0.015348367041700391,0.021866121812440287,0.02268349010630723,0.022755841743110253,1.0,1.0,1.0,1.0,1.0,0.00028776107199576415,0.00028881778182377165,0.00029984371927578525,0.00030252589948058094,0.00030687280708789714,0.021735882756817808,0.02040365575903208,0.02864105808932569,0.029522317417778454,0.03138810956354705,0.0,0.0,0.0,0.0,0.0,0.008165502113253731,0.00648115576295627,0.0138552464862296,0.015386204420080762,0.01688968544088887
seen_basis_reparameterization,hybrid,10,16,0.9996783442200001,0.999734418528913,0.9997572371292422,0.9997584751768531,0.999370267004363,0.025073135277176556,0.024555431948495056,0.027163112593533094,0.0276998881517241,0.029272217306275272,0.029706824962926426,0.02804228938101261,0.042600501277742175,0.04441303272065111,0.04527195814496032,0.0785586572184849,0.07522128148942844,0.09945605518600553,0.10235347361647343,0.10887193559534677,0.016419523693131176,0.014260212083183493,0.02312887974697018,0.02429058585193461,0.027378769332582032,1.0,1.0,1.0,1.0,1.0,0.0002548785957830669,0.00025234155121849565,0.00026416771576101496,0.0002708547223172905,0.00028099621612062096,0.021735882756817808,0.02040365575903208,0.02864105808932569,0.029522317417778454,0.03138810956354705,0.0,0.0,0.0,0.0,0.0,0.004775998932183889,0.004458727703213761,0.00824079023463753,0.00927215519929625,0.012211119631004408
seen_basis_reparameterization,initial_ritz,0,16,0.9999958945243339,0.999995745731176,0.9999969268011766,0.9999970158270471,0.9999947838181282,0.007351968649477557,0.007328643496296086,0.008629265835332033,0.008808714759594589,0.009190633450613004,1.7126933461619753e-05,1.5130547539765615e-05,3.226156658753254e-05,3.473744754489694e-05,3.951450837114123e-05,0.0021013630131259727,0.0021126801723768823,0.0021876513175578685,0.002202934736999013,0.002206115463656623,0.0019295116571250094,0.0019728322817078436,0.0021579576167402794,0.002216055672212153,0.0023197434978650443,1.0,1.0,1.0,1.0,1.0,,,,,,1.6168023904694628e-06,1.6402984817087685e-06,1.8911622290951335e-06,1.910267390214937e-06,1.9203982458693147e-06,0.0,0.0,0.0,0.0,0.0,,,,,
seen_basis_reparameterization,initial_ritz,1,16,0.9999806737958297,0.9999850936294953,0.9999924312303301,0.9999928793496378,0.9999554792958034,0.014132284835337076,0.01312162328176605,0.020263292626084145,0.021086014059789826,0.022231796478225804,0.00011347953976942327,6.0174010660940525e-05,0.0002859352094679579,0.00032915447733117276,0.0003701796317461259,0.0046458745777605195,0.004360103785769245,0.0067219911131621785,0.006875659204473448,0.007300389751125856,0.006277946052113737,0.005816021596143019,0.009464594920269603,0.00970363998887603,0.010419838592297235,1.0,1.0,1.0,1.0,1.0,3.9546264968321797e-05,3.807546645652231e-05,5.685442046016569e-05,5.97704283053152e-05,6.708864931493735e-05,1.6168023904694628e-06,1.6402984817087685e-06,1.8911622290951335e-06,1.910267390214937e-06,1.9203982458693147e-06,0.0,0.0,0.0,0.0,0.0,0.0001168191428503329,7.841375267991779e-05,0.0002840862705970615,0.00032426169115185033,0.00036478519676030885
seen_basis_reparameterization,initial_ritz,2,16,0.9996823844922312,0.9996944729033903,0.9997518768991671,0.9997571842296729,0.9995751127486092,0.057000695687615364,0.05634862867369296,0.061558797700393325,0.06293287015737958,0.06322072522024523,0.003956538525256209,0.00391294180750279,0.004828802489206918,0.004887157952655041,0.004948864213895732,0.02741691439191435,0.027154761264346225,0.031323269030494094,0.031630888478239444,0.03241238685342407,0.023182166285546313,0.022721388381669767,0.026949553212915523,0.027420174259796797,0.028034145013304094,1.0,1.0,1.0,1.0,1.0,0.0008224699656471695,0.0008195414949079161,0.0008683228771724407,0.0008759853772140782,0.0008808231912984891,1.6168023904694628e-06,1.6402984817087685e-06,1.8911622290951335e-06,1.910267390214937e-06,1.9203982458693147e-06,0.0,0.0,0.0,0.0,0.0,0.0038596739738961106,0.0037646909099917636,0.004527110467897888,0.004658802421006358,0.004735055319916803
seen_basis_reparameterization,initial_ritz,3,16,0.9997350310516664,0.9997488156827896,0.9997968813366191,0.9997990997548616,0.9996194473135418,0.04734129765050029,0.046770904024309695,0.05059850522035944,0.0514959997558398,0.051947729023351846,0.002900204616458041,0.002849067222558954,0.0034626608318757413,0.0034998666779872956,0.0035184349463541764,0.02675004811830501,0.026583136705425992,0.02938336359808525,0.029598225649319663,0.030118229388491635,0.02274389608106732,0.02223842445544577,0.02651248833510167,0.026954857038123316,0.02789458185676251,0.75,1.0,1.0,1.0,0.0,,,,,,1.6168023904694628e-06,1.6402984817087685e-06,1.8911622290951335e-06,1.910267390214937e-06,1.9203982458693147e-06,0.0,0.0,0.0,0.0,0.0,0.0010563339087981682,0.00103290573916337,0.0013661416573311769,0.0013872912746677457,0.0014304292675415553
seen_basis_reparameterization,initial_ritz,4,16,0.9997282837208086,0.9997492559949706,0.9997965978771679,0.9997991230901211,0.99959212895998,0.047079222398969646,0.04607351447191438,0.05201682140308733,0.052990261606770464,0.05380736192248959,0.0030526555422372426,0.00295180751170232,0.003888122865595811,0.004039198763390761,0.0040558155556915665,0.03758390462394892,0.0371332990151307,0.043953001846433824,0.044394694687973114,0.04564204364239108,0.020266948187129992,0.019558027972891287,0.024112119506369822,0.024577625498431992,0.0254883383153342,0.5625,1.0,1.0,1.0,0.0,,,,,,1.6168023904694628e-06,1.6402984817087685e-06,1.8911622290951335e-06,1.910267390214937e-06,1.9203982458693147e-06,0.0,0.0,0.0,0.0,0.0,0.00020312181504356097,0.00013816403491873075,0.0004856913593105361,0.0005535393130207122,0.0006020154240706788
seen_basis_reparameterization,initial_ritz,5,16,0.9997873402189648,0.9998055494544977,0.999859704713187,0.9998623657248468,0.9996558397331273,0.03661724266876182,0.03588812523047259,0.04301744202914383,0.04367684160286707,0.044774340541939635,0.0014943192444069053,0.001350177875508951,0.002224871564756814,0.002441619493862568,0.002501623489770566,0.0341308470776292,0.0333648550485029,0.04385771670524259,0.04471327142912404,0.04637283924646666,0.01818582954680678,0.017483360020869247,0.021677659603445427,0.02200777611158938,0.022919558569039142,1.0,1.0,1.0,1.0,1.0,0.000307524167540277,0.000304962736228675,0.00035434836685590296,0.0003581989740610184,0.00036572730753674454,1.6168023904694628e-06,1.6402984817087685e-06,1.8911622290951335e-06,1.910267390214937e-06,1.9203982458693147e-06,0.0,0.0,0.0,0.0,0.0,0.0015583362978303372,0.0015669964750593124,0.001806909932149825,0.0018843495043658898,0.002070563844997153
seen_basis_reparameterization,initial_ritz,6,16,0.9999305253617978,0.9999466927748597,0.999974626580914,0.9999756825495804,0.9998372476497298,0.01438043858082955,0.013265734801429757,0.021154490793888488,0.0216495883496734,0.023067966213734355,0.0008182743190056074,0.0008851155330016347,0.0011330474851778405,0.0011945758926343863,0.0013621002446875252,0.013363728924325077,0.012180300421350636,0.0209033375524817,0.02164633972206848,0.023141009184009957,0.011007799737055218,0.010131366497522061,0.016089521896395648,0.016560271961162873,0.017575610780894445,1.0,1.0,1.0,1.0,1.0,9.512865955037033e-05,8.750308738772513e-05,0.00014889062897730735,0.00015349927636049005,0.00016312431278429614,1.6168023904694628e-06,1.6402984817087685e-06,1.8911622290951335e-06,1.910267390214937e-06,1.9203982458693147e-06,0.0,0.0,0.0,0.0,0.0,0.0023125935634125128,0.0022926335013004895,0.0028488675176365774,0.002887040017892195,0.00290516976260502
seen_basis_reparameterization,initial_ritz,7,16,0.999956959008468,0.9999584724000972,0.9999636677610753,0.9999643533688221,0.9999435070362889,0.006534600320725529,0.006535041865823852,0.007377591839905655,0.007532091360558215,0.007540872908416298,0.001323608787707764,0.0013293532618248172,0.0015408245647141605,0.0015855596152449802,0.0016342089391070402,0.004506080736725128,0.004070550098457421,0.005724901062953521,0.00597442650833134,0.006355679784863813,0.007393911082583657,0.00720415005936091,0.008905622002256832,0.009113104392853505,0.009435457727737013,1.0,1.0,1.0,1.0,1.0,4.118378152641063e-05,4.0950914847156e-05,4.868112380782401e-05,5.087269090629249e-05,5.326232625696084e-05,1.6168023904694628e-06,1.6402984817087685e-06,1.8911622290951335e-06,1.910267390214937e-06,1.9203982458693147e-06,0.0,0.0,0.0,0.0,0.0,0.0005053344687021566,0.00041096718683908406,0.0008576186406648034,0.0009502668933838443,0.001009762756101651
seen_basis_reparameterization,initial_ritz,8,16,0.9997872429571502,0.9997891926770179,0.9998053445776982,0.9998099111114722,0.9997570520340748,0.018347228692136425,0.0180016813586633,0.020380138002702955,0.020603258031503677,0.020931800040540845,0.0008531402726100201,0.0008395346817531291,0.0010213275267743072,0.001072530825379392,0.001156446362939434,0.029625760543602445,0.028663413126471405,0.036717845751169306,0.03747731363156112,0.03895353683863356,0.0172229241773151,0.016941216243139125,0.018436812856155876,0.01860595263341213,0.018634081267082957,1.0,1.0,1.0,1.0,1.0,0.0001364694620299705,0.00012983929450906945,0.00015680790202534316,0.00015940789234233463,0.00016051930683075698,1.6168023904694628e-06,1.6402984817087685e-06,1.8911622290951335e-06,1.910267390214937e-06,1.9203982458693147e-06,0.0,0.0,0.0,0.0,0.0,0.0004704685150977439,0.00045742910650714563,0.0005945966978226913,0.0006181177926374293,0.0006186322834187408
seen_basis_reparameterization,initial_ritz,9,16,0.9997002780463279,0.9997242483873321,0.9997615552685997,0.9997647341143625,0.9995467388603748,0.02519499084965418,0.024801296202829524,0.02715783352419769,0.02732760175944129,0.027649526820466456,0.000367497583293408,0.00038026019032555425,0.00048316758890365463,0.0004991032826331399,0.0005058641668789221,0.04930130383753256,0.04797247059047875,0.060779838258118946,0.062147447467214796,0.06415930092440933,0.019935733304381486,0.01894443806859989,0.0254400656110887,0.025991980963148177,0.0270053189777398,1.0,1.0,1.0,1.0,1.0,0.0002034916940975083,0.00020426942771123097,0.00022399881508760997,0.00022501068847074302,0.00022535185825541112,1.6168023904694628e-06,1.6402984817087685e-06,1.8911622290951335e-06,1.910267390214937e-06,1.9203982458693147e-06,0.0,0.0,0.0,0.0,0.0,0.00048564268931661214,0.00048143897106234235,0.0005500011021117857,0.0005768652084516823,0.0006505821960605118
seen_basis_reparameterization,initial_ritz,10,16,0.9997178360520393,0.9997670821668833,0.9997993133905498,0.9997998099303631,0.9994478099192801,0.024412523678722885,0.024027751172357406,0.025978181635700377,0.026416547439820092,0.02753909140877688,0.0003903623865371131,0.000427558866923583,0.0005293053567063666,0.0005601229873715141,0.0006040086773388964,0.07747864818162772,0.07479952720966018,0.09757559899551765,0.0998019137935033,0.10480843198541423,0.016885898369789647,0.015700105808435408,0.020836349662705943,0.021690976264632917,0.024239430050945494,1.0,1.0,1.0,1.0,1.0,0.00017381537466507643,0.00017410199605587381,0.00018089587004682176,0.00018403741792337604,0.00018589714384362484,1.6168023904694628e-06,1.6402984817087685e-06,1.8911622290951335e-06,1.910267390214937e-06,1.9203982458693147e-06,0.0,0.0,0.0,0.0,0.0,3.7783650930711676e-05,3.086286205178368e-05,6.779383638733094e-05,7.848511058794472e-05,9.81445104599743e-05
single_parameter_extrapolation,direct_topology,0,2,0.9999772326844947,0.9999772326844947,0.9999913667536283,0.99999313351227,0.9999595650980776,0.014673669864648074,0.014673669864648074,0.020385699869803993,0.02109970362044848,0.021813707371092974,0.006114656714957367,0.006114656714957367,0.008492989275449702,0.008790280845511244,0.009087572415572787,0.037942548234933184,0.037942548234933184,0.04896918373658926,0.05034751317429627,0.051725842612003275,0.006220533203387361,0.006220533203387361,0.009090167085876347,0.00944887132118747,0.009807575556498594,1.0,1.0,1.0,1.0,1.0,0.0,0.0,0.0,0.0,0.0,0.016937016534180872,0.016937016534180872,0.018054289487076224,0.018193948606188143,0.01833360772530006,0.0,0.0,0.0,0.0,0.0,,,,,
single_parameter_extrapolation,direct_topology,1,2,0.9998065911610654,0.9998065911610654,0.9999448348627247,0.9999621153254321,0.9996337865339913,0.027536785914930764,0.027536785914930764,0.04203101844714319,0.043842797513669735,0.04565457658019629,0.022840241845550446,0.022840241845550446,0.03742495441170992,0.03924804348247985,0.04107113255324979,0.029700495921479445,0.029700495921479445,0.04280977113757476,0.04444843053958667,0.04608708994159859,0.01836089958985332,0.01836089958985332,0.028877336774317197,0.030191891422375182,0.03150644607043317,1.0,1.0,1.0,1.0,1.0,0.0003970900802962953,0.0003970900802962953,0.0004845593930401216,0.0004954930571330999,0.0005064267212260781,0.016937016534180872,0.016937016534180872,0.018054289487076224,0.018193948606188143,0.01833360772530006,0.0,0.0,0.0,0.0,0.0,0.025813157546165866,0.025813157546165866,0.045289595484291234,0.047724150226556905,0.050158704968822576
single_parameter_extrapolation,direct_topology,2,2,0.9995826496196554,0.9995826496196554,0.9997909862876851,0.9998170283711888,0.9993222287846181,0.036161392022658785,0.036161392022658785,0.0452550631581617,0.04639177205009956,0.047528480942037425,0.02521752436062874,0.02521752436062874,0.036018425462249135,0.037368538099951686,0.03871865073765424,0.03683257667281803,0.03683257667281803,0.039730071530319495,0.04009225838750718,0.04045444524469486,0.017718311611200473,0.017718311611200473,0.02364776777242154,0.024388949792574173,0.025130131812726806,1.0,1.0,1.0,1.0,1.0,0.0009276997043673148,0.0009276997043673148,0.001147393540717125,0.0011748552702608513,0.0012023169998045776,0.016937016534180872,0.016937016534180872,0.018054289487076224,0.018193948606188143,0.01833360772530006,0.0,0.0,0.0,0.0,0.0,0.03173201708472484,0.03173201708472484,0.03363384309678748,0.033871571348295305,0.03410929959980313
single_parameter_extrapolation,direct_topology,3,2,0.9996501803856017,0.9996501803856017,0.9998030500626025,0.9998221587722277,0.9994590932893506,0.03079538433173814,0.03079538433173814,0.037089897266533695,0.03787671138338314,0.03866352550023258,0.07838635704807384,0.07838635704807384,0.13653935762650046,0.14380848269880378,0.15107760777110713,0.023641621674306786,0.023641621674306786,0.025611652531274898,0.025857906388395913,0.026104160245516927,0.018571907860641577,0.018571907860641577,0.02601038875454649,0.026940198866284605,0.02787000897802272,1.0,1.0,1.0,1.0,1.0,0.0006546928063357544,0.0006546928063357544,0.0007924225605799179,0.0008096387798604384,0.0008268549991409588,0.016937016534180872,0.016937016534180872,0.018054289487076224,0.018193948606188143,0.01833360772530006,0.0,0.0,0.0,0.0,0.0,0.09188748342509934,0.09188748342509934,0.12986646451502298,0.13461383715126343,0.13936120978750388
single_parameter_extrapolation,direct_topology,4,2,0.999745143439815,0.999745143439815,0.9999071054009655,0.9999273506461094,0.9995426909883769,0.019930681004719446,0.019930681004719446,0.02923388597414394,0.030396786595322002,0.031559687216500064,0.030377377138147033,0.030377377138147033,0.037447523588477874,0.03833129189476923,0.03921506020106058,0.010586409135165807,0.010586409135165807,0.013458846203488733,0.013817900837029098,0.014176955470569463,0.01745040577912275,0.01745040577912275,0.025261985711492387,0.02623843320303859,0.027214880694584796,1.0,1.0,1.0,1.0,1.0,0.0002748238910077202,0.0002748238910077202,0.0004711160212588469,0.0004956525375402378,0.0005201890538216286,0.016937016534180872,0.016937016534180872,0.018054289487076224,0.018193948606188143,0.01833360772530006,0.0,0.0,0.0,0.0,0.0,0.10876373418622087,0.10876373418622087,0.15984658831431667,0.16623194508032862,0.1726173018463406
single_parameter_extrapolation,direct_topology,5,2,0.9996973168391076,0.9996973168391076,0.9998722097320997,0.9998940713437238,0.9994787007228674,0.016851785549392304,0.016851785549392304,0.022591655132621367,0.023309138830525003,0.024026622528428635,0.066687190209886,0.066687190209886,0.10118056461352917,0.10549223641398457,0.10980390821443997,0.006883026701572349,0.006883026701572349,0.009224393561561246,0.009517064419059858,0.00980973527655847,0.02215429435231779,0.02215429435231779,0.029234015339706085,0.03011898046312962,0.031003945586553158,1.0,1.0,1.0,1.0,1.0,0.0002566308943125294,0.0002566308943125294,0.000397126528192068,0.0004146884824270103,0.00043225043666195265,0.016937016534180872,0.016937016534180872,0.018054289487076224,0.018193948606188143,0.01833360772530006,0.0,0.0,0.0,0.0,0.0,0.073494095142701,0.073494095142701,0.11977370086027897,0.1255586515749762,0.13134360228967346
single_parameter_extrapolation,direct_topology,6,2,0.9997734899573751,0.9997734899573751,0.9999114677882189,0.9999287150170744,0.9996010176688206,0.019004754387199542,0.019004754387199542,0.025086217269526395,0.025846400129817253,0.02660658299010811,0.15741600826206348,0.15741600826206348,0.23339539575908272,0.2428928191962101,0.25239024263333754,0.011190312737738387,0.011190312737738387,0.013068155846605695,0.013302886235214108,0.013537616623822522,0.0169601417868556,0.0169601417868556,0.02368583215623838,0.024526543452411228,0.025367254748584075,1.0,1.0,1.0,1.0,1.0,0.0002882650640573811,0.0002882650640573811,0.0003763203002687914,0.0003873272047952177,0.000398334109321644,0.016937016534180872,0.016937016534180872,0.018054289487076224,0.018193948606188143,0.01833360772530006,0.0,0.0,0.0,0.0,0.0,0.09072881805217747,0.09072881805217747,0.13221483114555355,0.13740058278222556,0.14258633441889756
single_parameter_extrapolation,direct_topology,7,2,0.9996483210270778,0.9996483210270778,0.9998046298834873,0.9998241684905385,0.999452934956566,0.02483095701066302,0.02483095701066302,0.026667699480162742,0.026897292288850207,0.027126885097537672,0.10538642405582532,0.10538642405582532,0.12816920036081053,0.1310170473989337,0.13386489443705685,0.015431461642086584,0.015431461642086584,0.01613396423985079,0.016221777064571317,0.01630958988929184,0.018582458973861495,0.018582458973861495,0.024042031938812443,0.02472447855943131,0.02540692518005018,1.0,1.0,1.0,1.0,1.0,0.00040120166509303816,0.00040120166509303816,0.0004618822870285393,0.0004694673647704769,0.0004770524425124145,0.016937016534180872,0.016937016534180872,0.018054289487076224,0.018193948606188143,0.01833360772530006,0.0,0.0,0.0,0.0,0.0,0.06649576399004253,0.06649576399004253,0.10811943135503306,0.11332238977565687,0.11852534819628069
single_parameter_extrapolation,direct_topology,8,2,0.9996608341549329,0.9996608341549329,0.9997620355116371,0.9997746856812251,0.9995343324590528,0.03149590223116613,0.03149590223116613,0.03512719459482215,0.03558110614027916,0.03603501768573616,0.1299957881925593,0.1299957881925593,0.16564947496003982,0.17010618580597486,0.17456289665190994,0.020837541300816047,0.020837541300816047,0.021414663538729815,0.021486803818469038,0.021558944098208258,0.01649432163500502,0.01649432163500502,0.019435950827899236,0.01980365447701101,0.02017135812612279,1.0,1.0,1.0,1.0,1.0,0.0004047311059677212,0.0004047311059677212,0.00043343899389050345,0.0004370274798808512,0.000440615965871199,0.016937016534180872,0.016937016534180872,0.018054289487076224,0.018193948606188143,0.01833360772530006,0.0,0.0,0.0,0.0,0.0,0.02460936413673398,0.02460936413673398,0.03748027459922927,0.03908913840704118,0.04069800221485309
single_parameter_extrapolation,direct_topology,9,2,0.9995519212574052,0.9995519212574052,0.9997257429284631,0.9997474706373453,0.999334644168583,0.03439702638938956,0.03439702638938956,0.037061654576320505,0.03739473309968687,0.03772781162305324,0.047981052914404465,0.047981052914404465,0.08194269947086977,0.08618790529042791,0.09043311110998609,0.022792170540548315,0.022792170540548315,0.02409791091015457,0.02426112845635535,0.024424346002556132,0.020427003533140243,0.020427003533140243,0.02560048944376317,0.026247175182591034,0.026893860921418898,1.0,1.0,1.0,1.0,1.0,0.00040034431187661683,0.00040034431187661683,0.0004665210125813538,0.00047479310016944586,0.000483065187757538,0.016937016534180872,0.016937016534180872,0.018054289487076224,0.018193948606188143,0.01833360772530006,0.0,0.0,0.0,0.0,0.0,0.0925481613737551,0.0925481613737551,0.16258314537133725,0.171337518371035,0.18009189137073278
single_parameter_extrapolation,direct_topology,10,2,0.999574758668476,0.999574758668476,0.9996678783463218,0.9996795183060524,0.9994583590711688,0.0345227261012784,0.0345227261012784,0.03501524792581207,0.035076813153878776,0.03513837838194549,0.17117977688991548,0.17117977688991548,0.2861167979057756,0.3004839255327581,0.3148510531597406,0.02602769907455034,0.02602769907455034,0.029299040841147633,0.02970795856197229,0.030116876282796953,0.02320952938405486,0.02320952938405486,0.02868560619069773,0.02937011579152809,0.030054625392358446,1.0,1.0,1.0,1.0,1.0,0.00032313880922892757,0.00032313880922892757,0.0003257751954263103,0.00032610474370098314,0.000326434291975656,0.016937016534180872,0.016937016534180872,0.018054289487076224,0.018193948606188143,0.01833360772530006,0.0,0.0,0.0,0.0,0.0,0.12872771869433386,0.12872771869433386,0.2052798973786704,0.21484891971421244,0.22441794204975452
single_parameter_extrapolation,hybrid,0,2,0.9999772326844947,0.9999772326844947,0.9999913667536283,0.99999313351227,0.9999595650980776,0.014673669864648074,0.014673669864648074,0.020385699869803993,0.02109970362044848,0.021813707371092974,0.006114656714957367,0.006114656714957367,0.008492989275449702,0.008790280845511244,0.009087572415572787,0.037942548234933184,0.037942548234933184,0.04896918373658926,0.05034751317429627,0.051725842612003275,0.006220533203387361,0.006220533203387361,0.009090167085876347,0.00944887132118747,0.009807575556498594,1.0,1.0,1.0,1.0,1.0,0.0,0.0,0.0,0.0,0.0,0.016937016534180872,0.016937016534180872,0.018054289487076224,0.018193948606188143,0.01833360772530006,0.0,0.0,0.0,0.0,0.0,,,,,
single_parameter_extrapolation,hybrid,1,2,0.9998065911610654,0.9998065911610654,0.9999448348627247,0.9999621153254321,0.9996337865339913,0.027536785914930764,0.027536785914930764,0.04203101844714319,0.043842797513669735,0.04565457658019629,0.022840241845550446,0.022840241845550446,0.03742495441170992,0.03924804348247985,0.04107113255324979,0.029700495921479445,0.029700495921479445,0.04280977113757476,0.04444843053958667,0.04608708994159859,0.01836089958985332,0.01836089958985332,0.028877336774317197,0.030191891422375182,0.03150644607043317,1.0,1.0,1.0,1.0,1.0,0.0003970900802962953,0.0003970900802962953,0.0004845593930401216,0.0004954930571330999,0.0005064267212260781,0.016937016534180872,0.016937016534180872,0.018054289487076224,0.018193948606188143,0.01833360772530006,0.0,0.0,0.0,0.0,0.0,0.025813157546165866,0.025813157546165866,0.045289595484291234,0.047724150226556905,0.050158704968822576
single_parameter_extrapolation,hybrid,2,2,0.9995826496196554,0.9995826496196554,0.9997909862876851,0.9998170283711888,0.9993222287846181,0.036161392022658785,0.036161392022658785,0.0452550631581617,0.04639177205009956,0.047528480942037425,0.02521752436062874,0.02521752436062874,0.036018425462249135,0.037368538099951686,0.03871865073765424,0.03683257667281803,0.03683257667281803,0.039730071530319495,0.04009225838750718,0.04045444524469486,0.017718311611200473,0.017718311611200473,0.02364776777242154,0.024388949792574173,0.025130131812726806,1.0,1.0,1.0,1.0,1.0,0.0009276997043673148,0.0009276997043673148,0.001147393540717125,0.0011748552702608513,0.0012023169998045776,0.016937016534180872,0.016937016534180872,0.018054289487076224,0.018193948606188143,0.01833360772530006,0.0,0.0,0.0,0.0,0.0,0.03173201708472484,0.03173201708472484,0.03363384309678748,0.033871571348295305,0.03410929959980313
single_parameter_extrapolation,hybrid,3,2,0.9996501803856017,0.9996501803856017,0.9998030500626025,0.9998221587722277,0.9994590932893506,0.03079538433173814,0.03079538433173814,0.037089897266533695,0.03787671138338314,0.03866352550023258,0.07838635704807384,0.07838635704807384,0.13653935762650046,0.14380848269880378,0.15107760777110713,0.023641621674306786,0.023641621674306786,0.025611652531274898,0.025857906388395913,0.026104160245516927,0.018571907860641577,0.018571907860641577,0.02601038875454649,0.026940198866284605,0.02787000897802272,1.0,1.0,1.0,1.0,1.0,0.0006546928063357544,0.0006546928063357544,0.0007924225605799179,0.0008096387798604384,0.0008268549991409588,0.016937016534180872,0.016937016534180872,0.018054289487076224,0.018193948606188143,0.01833360772530006,0.0,0.0,0.0,0.0,0.0,0.09188748342509934,0.09188748342509934,0.12986646451502298,0.13461383715126343,0.13936120978750388
single_parameter_extrapolation,hybrid,4,2,0.999745143439815,0.999745143439815,0.9999071054009655,0.9999273506461094,0.9995426909883769,0.019930681004719446,0.019930681004719446,0.02923388597414394,0.030396786595322002,0.031559687216500064,0.030377377138147033,0.030377377138147033,0.037447523588477874,0.03833129189476923,0.03921506020106058,0.010586409135165807,0.010586409135165807,0.013458846203488733,0.013817900837029098,0.014176955470569463,0.01745040577912275,0.01745040577912275,0.025261985711492387,0.02623843320303859,0.027214880694584796,1.0,1.0,1.0,1.0,1.0,0.0002748238910077202,0.0002748238910077202,0.0004711160212588469,0.0004956525375402378,0.0005201890538216286,0.016937016534180872,0.016937016534180872,0.018054289487076224,0.018193948606188143,0.01833360772530006,0.0,0.0,0.0,0.0,0.0,0.10876373418622087,0.10876373418622087,0.15984658831431667,0.16623194508032862,0.1726173018463406
single_parameter_extrapolation,hybrid,5,2,0.9996973168391076,0.9996973168391076,0.9998722097320997,0.9998940713437238,0.9994787007228674,0.016851785549392304,0.016851785549392304,0.022591655132621367,0.023309138830525003,0.024026622528428635,0.066687190209886,0.066687190209886,0.10118056461352917,0.10549223641398457,0.10980390821443997,0.006883026701572349,0.006883026701572349,0.009224393561561246,0.009517064419059858,0.00980973527655847,0.02215429435231779,0.02215429435231779,0.029234015339706085,0.03011898046312962,0.031003945586553158,1.0,1.0,1.0,1.0,1.0,0.0002566308943125294,0.0002566308943125294,0.000397126528192068,0.0004146884824270103,0.00043225043666195265,0.016937016534180872,0.016937016534180872,0.018054289487076224,0.018193948606188143,0.01833360772530006,0.0,0.0,0.0,0.0,0.0,0.073494095142701,0.073494095142701,0.11977370086027897,0.1255586515749762,0.13134360228967346
single_parameter_extrapolation,hybrid,6,2,0.9997734899573751,0.9997734899573751,0.9999114677882189,0.9999287150170744,0.9996010176688206,0.019004754387199542,0.019004754387199542,0.025086217269526395,0.025846400129817253,0.02660658299010811,0.15741600826206348,0.15741600826206348,0.23339539575908272,0.2428928191962101,0.25239024263333754,0.011190312737738387,0.011190312737738387,0.013068155846605695,0.013302886235214108,0.013537616623822522,0.0169601417868556,0.0169601417868556,0.02368583215623838,0.024526543452411228,0.025367254748584075,1.0,1.0,1.0,1.0,1.0,0.0002882650640573811,0.0002882650640573811,0.0003763203002687914,0.0003873272047952177,0.000398334109321644,0.016937016534180872,0.016937016534180872,0.018054289487076224,0.018193948606188143,0.01833360772530006,0.0,0.0,0.0,0.0,0.0,0.09072881805217747,0.09072881805217747,0.13221483114555355,0.13740058278222556,0.14258633441889756
single_parameter_extrapolation,hybrid,7,2,0.9996483210270778,0.9996483210270778,0.9998046298834873,0.9998241684905385,0.999452934956566,0.02483095701066302,0.02483095701066302,0.026667699480162742,0.026897292288850207,0.027126885097537672,0.10538642405582532,0.10538642405582532,0.12816920036081053,0.1310170473989337,0.13386489443705685,0.015431461642086584,0.015431461642086584,0.01613396423985079,0.016221777064571317,0.01630958988929184,0.018582458973861495,0.018582458973861495,0.024042031938812443,0.02472447855943131,0.02540692518005018,1.0,1.0,1.0,1.0,1.0,0.00040120166509303816,0.00040120166509303816,0.0004618822870285393,0.0004694673647704769,0.0004770524425124145,0.016937016534180872,0.016937016534180872,0.018054289487076224,0.018193948606188143,0.01833360772530006,0.0,0.0,0.0,0.0,0.0,0.06649576399004253,0.06649576399004253,0.10811943135503306,0.11332238977565687,0.11852534819628069
single_parameter_extrapolation,hybrid,8,2,0.9996608341549329,0.9996608341549329,0.9997620355116371,0.9997746856812251,0.9995343324590528,0.03149590223116613,0.03149590223116613,0.03512719459482215,0.03558110614027916,0.03603501768573616,0.1299957881925593,0.1299957881925593,0.16564947496003982,0.17010618580597486,0.17456289665190994,0.020837541300816047,0.020837541300816047,0.021414663538729815,0.021486803818469038,0.021558944098208258,0.01649432163500502,0.01649432163500502,0.019435950827899236,0.01980365447701101,0.02017135812612279,1.0,1.0,1.0,1.0,1.0,0.0004047311059677212,0.0004047311059677212,0.00043343899389050345,0.0004370274798808512,0.000440615965871199,0.016937016534180872,0.016937016534180872,0.018054289487076224,0.018193948606188143,0.01833360772530006,0.0,0.0,0.0,0.0,0.0,0.02460936413673398,0.02460936413673398,0.03748027459922927,0.03908913840704118,0.04069800221485309
single_parameter_extrapolation,hybrid,9,2,0.9995519212574052,0.9995519212574052,0.9997257429284631,0.9997474706373453,0.999334644168583,0.03439702638938956,0.03439702638938956,0.037061654576320505,0.03739473309968687,0.03772781162305324,0.047981052914404465,0.047981052914404465,0.08194269947086977,0.08618790529042791,0.09043311110998609,0.022792170540548315,0.022792170540548315,0.02409791091015457,0.02426112845635535,0.024424346002556132,0.020427003533140243,0.020427003533140243,0.02560048944376317,0.026247175182591034,0.026893860921418898,1.0,1.0,1.0,1.0,1.0,0.00040034431187661683,0.00040034431187661683,0.0004665210125813538,0.00047479310016944586,0.000483065187757538,0.016937016534180872,0.016937016534180872,0.018054289487076224,0.018193948606188143,0.01833360772530006,0.0,0.0,0.0,0.0,0.0,0.0925481613737551,0.0925481613737551,0.16258314537133725,0.171337518371035,0.18009189137073278
single_parameter_extrapolation,hybrid,10,2,0.999574758668476,0.999574758668476,0.9996678783463218,0.9996795183060524,0.9994583590711688,0.0345227261012784,0.0345227261012784,0.03501524792581207,0.035076813153878776,0.03513837838194549,0.17117977688991548,0.17117977688991548,0.2861167979057756,0.3004839255327581,0.3148510531597406,0.02602769907455034,0.02602769907455034,0.029299040841147633,0.02970795856197229,0.030116876282796953,0.02320952938405486,0.02320952938405486,0.02868560619069773,0.02937011579152809,0.030054625392358446,1.0,1.0,1.0,1.0,1.0,0.00032313880922892757,0.00032313880922892757,0.0003257751954263103,0.00032610474370098314,0.000326434291975656,0.016937016534180872,0.016937016534180872,0.018054289487076224,0.018193948606188143,0.01833360772530006,0.0,0.0,0.0,0.0,0.0,0.12872771869433386,0.12872771869433386,0.2052798973786704,0.21484891971421244,0.22441794204975452
single_parameter_extrapolation,initial_ritz,0,2,0.9999950217497201,0.9999950217497201,0.9999975039830672,0.9999978142622357,0.9999919189580362,0.009875363270318535,0.009875363270318535,0.014262480320758716,0.014810869952063738,0.015359259583368761,0.00014941401129864307,0.00014941401129864307,0.00021832096355149931,0.00022693433258310635,0.0002355477016147134,0.03362736778961459,0.03362736778961459,0.044643609019227815,0.046020639172929464,0.04739766932663112,0.0023507445553896575,0.0023507445553896575,0.0034126646557109093,0.0035454046682510654,0.003678144680791222,1.0,1.0,1.0,1.0,1.0,,,,,,1.5527774941404004e-06,1.5527774941404004e-06,1.6192398602399293e-06,1.6275476560023706e-06,1.6358554517648116e-06,0.0,0.0,0.0,0.0,0.0,,,,,
single_parameter_extrapolation,initial_ritz,1,2,0.9999870908326882,0.9999870908326882,0.9999949484762621,0.9999959306817088,0.999977268778221,0.014295463652347873,0.014295463652347873,0.02063521585277102,0.02142768487782391,0.022220153902876804,0.0006189150175475167,0.0006189150175475167,0.00082660579415621,0.0008525671412322966,0.0008785284883083833,0.025254894461696115,0.025254894461696115,0.035653929392046625,0.03695380875834044,0.038253688124634255,0.004531048638489435,0.004531048638489435,0.006570166490037469,0.006825056221480973,0.007079945952924477,1.0,1.0,1.0,1.0,1.0,,,,,,1.5527774941404004e-06,1.5527774941404004e-06,1.6192398602399293e-06,1.6275476560023706e-06,1.6358554517648116e-06,0.0,0.0,0.0,0.0,0.0,0.0004695010062488736,0.0004695010062488736,0.0006082848306047106,0.0006256328086491902,0.0006429807866936699
single_parameter_extrapolation,initial_ritz,2,2,0.999915499715813,0.999915499715813,0.9999551890735624,0.9999601502432811,0.9998658880186261,0.030004525092325582,0.030004525092325582,0.036391918832223154,0.03719034304971035,0.03798876726719755,0.0020141514053064746,0.0020141514053064746,0.0035362483505610776,0.0037265104687179028,0.003916772586874728,0.034380974513033874,0.034380974513033874,0.03659698252047255,0.036873983521402386,0.03715098452233222,0.012319861887199138,0.012319861887199138,0.01629380409871499,0.016790546875154473,0.017287289651593953,1.0,1.0,1.0,1.0,1.0,0.00032573862608904726,0.00032573862608904726,0.00035345883952033277,0.00035692386619924345,0.0003603888928781541,1.5527774941404004e-06,1.5527774941404004e-06,1.6192398602399293e-06,1.6275476560023706e-06,1.6358554517648116e-06,0.0,0.0,0.0,0.0,0.0,0.001643007710807387,0.001643007710807387,0.0027591968210145534,0.0028987204597904492,0.003038244098566345
single_parameter_extrapolation,initial_ritz,3,2,0.9999645690773746,0.9999645690773746,0.9999699029137391,0.9999705696432847,0.999957901781919,0.019709560559795947,0.019709560559795947,0.021331929857574473,0.021534726019796786,0.021737522182019103,0.0010722169095567224,0.0010722169095567224,0.0012667262418007753,0.0012910399083312818,0.0013153535748617884,0.021464627643911875,0.021464627643911875,0.02242342004695291,0.02254326909733304,0.022663118147713168,0.007576632853355897,0.007576632853355897,0.007896834378889073,0.007936859569580719,0.007976884760272366,1.0,1.0,1.0,1.0,1.0,0.00020390432556383466,0.00020390432556383466,0.00021687385947978668,0.00021849505121928066,0.00022011624295877467,1.5527774941404004e-06,1.5527774941404004e-06,1.6192398602399293e-06,1.6275476560023706e-06,1.6358554517648116e-06,0.0,0.0,0.0,0.0,0.0,0.0021457578468733196,0.0021457578468733196,0.0028993054434731215,0.0029934988930480967,0.003087692342623072
single_parameter_extrapolation,initial_ritz,4,2,0.9999720136059934,0.9999720136059934,0.999988701207771,0.9999907871579932,0.9999511541037714,0.0116399580540732,0.0116399580540732,0.01641666795594126,0.017013756693674765,0.017610845431408274,0.0018503557300659779,0.0018503557300659779,0.0031109089797132228,0.0032684781359191284,0.003426047292125034,0.009053265429157128,0.009053265429157128,0.011880779542814822,0.012234218807022034,0.012587658071229246,0.006806327928659998,0.006806327928659998,0.009259265320898708,0.009565882494928546,0.009872499668958385,1.0,1.0,1.0,1.0,1.0,3.030535852672133e-05,3.030535852672133e-05,3.030535852672133e-05,3.030535852672133e-05,3.030535852672133e-05,1.5527774941404004e-06,1.5527774941404004e-06,1.6192398602399293e-06,1.6275476560023706e-06,1.6358554517648116e-06,0.0,0.0,0.0,0.0,0.0,0.001607219064760912,0.001607219064760912,0.002009998786762779,0.0020603462520130122,0.0021106937172632456
single_parameter_extrapolation,initial_ritz,5,2,0.9999795279340609,0.9999795279340609,0.9999900819457692,0.9999914011972327,0.9999663354194254,0.007556126683975122,0.007556126683975122,0.010674481848683803,0.011064276244272388,0.011454070639860973,0.003482193280846424,0.003482193280846424,0.0049104824360599155,0.005089018580461601,0.005267554724863288,0.00431740361051812,0.00431740361051812,0.006250540710950556,0.00649218284850461,0.0067338249860586655,0.005176834027850193,0.005176834027850193,0.006854713426903336,0.007064448351784979,0.007274183276666622,1.0,1.0,1.0,1.0,1.0,7.184365364833087e-05,7.184365364833087e-05,8.73209291103029e-05,8.92555885430494e-05,9.119024797579592e-05,1.5527774941404004e-06,1.5527774941404004e-06,1.6192398602399293e-06,1.6275476560023706e-06,1.6358554517648116e-06,0.0,0.0,0.0,0.0,0.0,0.0016318375507804461,0.0016318375507804461,0.0017995734563466925,0.0018205404445424734,0.0018415074327382541
single_parameter_extrapolation,initial_ritz,6,2,0.999949462443293,0.999949462443293,0.9999654200821968,0.9999674147870597,0.9999295153946633,0.013554191859500006,0.013554191859500006,0.015370319359591813,0.015597335297103289,0.015824351234614766,0.004261300296694692,0.004261300296694692,0.006430068820407975,0.006701164885872135,0.006972260951336295,0.008782180520847095,0.008782180520847095,0.00954640499698471,0.009641933056501911,0.009737461116019112,0.008934736877180514,0.008934736877180514,0.010670820159433434,0.010887830569715049,0.011104840979996665,1.0,1.0,1.0,1.0,1.0,0.00010833936827098448,0.00010833936827098448,0.00011605248410375318,0.00011701662358284926,0.00011798076306194535,1.5527774941404004e-06,1.5527774941404004e-06,1.6192398602399293e-06,1.6275476560023706e-06,1.6358554517648116e-06,0.0,0.0,0.0,0.0,0.0,0.000925599210624739,0.000925599210624739,0.0015488848233033536,0.0016267955248881803,0.0017047062264730073
single_parameter_extrapolation,initial_ritz,7,2,0.9998844258987805,0.9998844258987805,0.9998902899597053,0.9998910229673209,0.9998770958226244,0.02164794843845261,0.02164794843845261,0.022099760773237786,0.022156237315085932,0.022212713856934078,0.004245433274774335,0.004245433274774335,0.007011222299708031,0.0073569459278247425,0.007702669555941455,0.01444393891600797,0.01444393891600797,0.015386822739150053,0.015504683217042813,0.015622543694935574,0.013636526474488462,0.013636526474488462,0.014210830581565399,0.014282618594950015,0.014354406608334633,1.0,1.0,1.0,1.0,1.0,0.00017474193115312497,0.00017474193115312497,0.00021823784904646134,0.0002236748387831284,0.00022911182851979544,1.5527774941404004e-06,1.5527774941404004e-06,1.6192398602399293e-06,1.6275476560023706e-06,1.6358554517648116e-06,0.0,0.0,0.0,0.0,0.0,0.0007462756265255166,0.0007462756265255166,0.0007589692440618023,0.0007605559462538381,0.0007621426484458738
single_parameter_extrapolation,initial_ritz,8,2,0.9997684421749944,0.9997684421749944,0.9998293699392498,0.9998369859097817,0.9996922824696752,0.03059065291550217,0.03059065291550217,0.03372886320794914,0.034121139494505015,0.03451341578106089,0.006743873214531959,0.006743873214531959,0.008796943038848325,0.009053576766887872,0.009310210494927418,0.02025682403847946,0.02025682403847946,0.020878099687234274,0.020955759143328628,0.021033418599422978,0.017660115657862515,0.017660115657862515,0.019466715829182583,0.019692540850597594,0.0199183658720126,1.0,1.0,1.0,1.0,1.0,0.0002589838726355239,0.0002589838726355239,0.000265159492817402,0.00026593144534013674,0.0002667033978628715,1.5527774941404004e-06,1.5527774941404004e-06,1.6192398602399293e-06,1.6275476560023706e-06,1.6358554517648116e-06,0.0,0.0,0.0,0.0,0.0,0.0032866369333648393,0.0032866369333648393,0.00462991372886794,0.0047978233283058275,0.004965732927743716
single_parameter_extrapolation,initial_ritz,9,2,0.9997238763019449,0.9997238763019449,0.9997869959910465,0.9997948859521842,0.999644976690568,0.03345169565657992,0.03345169565657992,0.035360982136732784,0.03559964294675189,0.035838303756771,0.007353505491724199,0.007353505491724199,0.009927877242193083,0.010249673711001694,0.010571470179810305,0.02238811478521227,0.02238811478521227,0.023677092643268692,0.023838214875525742,0.023999337107782796,0.020678249627144814,0.020678249627144814,0.023870112672874897,0.02426909555359116,0.02466807843430742,1.0,1.0,1.0,1.0,1.0,0.00024366236605361815,0.00024366236605361815,0.00024595434114205335,0.00024624083802810774,0.0002465273349141621,1.5527774941404004e-06,1.5527774941404004e-06,1.6192398602399293e-06,1.6275476560023706e-06,1.6358554517648116e-06,0.0,0.0,0.0,0.0,0.0,0.000651627407690647,0.000651627407690647,0.0011393332294444391,0.001200296457163663,0.0012612596848828872
single_parameter_extrapolation,initial_ritz,10,2,0.9996866662459618,0.9996866662459618,0.9997213038402879,0.9997256335395787,0.9996433692530542,0.033924549013524694,0.033924549013524694,0.03483577744545715,0.0349496809994487,0.03506358455344026,0.007057195407981887,0.007057195407981887,0.010917098503920109,0.011399586390912386,0.011882074277904664,0.024565385020357013,0.024565385020357013,0.026901165307596755,0.027193137843501723,0.02748511037940669,0.022035228384925554,0.022035228384925554,0.024050659303503676,0.02430258816832594,0.024554517033148204,1.0,1.0,1.0,1.0,1.0,0.00020225387081064462,0.00020225387081064462,0.00021176660591047013,0.00021295569779794833,0.00021414478968542652,1.5527774941404004e-06,1.5527774941404004e-06,1.6192398602399293e-06,1.6275476560023706e-06,1.6358554517648116e-06,0.0,0.0,0.0,0.0,0.0,0.0016069141818366717,0.0016069141818366717,0.001843962248830522,0.0018735932572047532,0.0019032242655789844
unseen_analytical_functional_forms,direct_topology,0,192,0.7285793112267293,0.9991991772450484,0.9999784140792308,0.9999843657975472,2.008764307724227e-05,0.3465286336410367,0.05331915769270607,0.9786783006375334,1.0080355667962617,1.0136648624165692,10.236991862516,0.003178132812340362,33.21129611405783,50.22452172676265,72.25116878968839,0.26183068758745315,0.13632775129521812,0.6710119110540442,0.78037141560713,0.8492197232219406,0.5694365684647411,0.044571621872207645,1.6509867989165248,1.9991588384425016,1.9995778089653267,1.0,1.0,1.0,1.0,1.0,0.0,0.0,0.0,0.0,0.0,0.32155850749306986,0.07881229021826827,0.8812841190151371,0.8858660595492993,0.8937843523904837,0.0,0.0,0.0,0.0,0.0,,,,,
unseen_analytical_functional_forms,direct_topology,1,192,0.7965821965061588,0.9975990695622202,0.9998848326663317,0.999927539054461,1.3214785910437497e-05,0.34322767624159073,0.06958083388129957,0.9435500586499795,1.0094624277570063,1.0138454612617622,2.3399415268376647,0.010413399897667097,8.5013626238129,9.973726555310101,21.415206614456395,0.1705076208844686,0.0870032950409106,0.3389764391353815,0.827247096285644,0.8846288232623088,0.42187491775882374,0.06421878233535375,1.0974603363396367,1.9996614630198313,1.9998137862718957,1.0,1.0,1.0,1.0,1.0,0.023510416810430146,0.001490953225695248,0.07065012430351347,0.07093587341345266,0.07145268254671182,0.32155850749306986,0.07881229021826827,0.8812841190151371,0.8858660595492993,0.8937843523904837,0.0,0.0,0.0,0.0,0.0,9.153062882476009,0.010796120806280118,30.09316025020935,54.77721990976282,93.66637540414479
unseen_analytical_functional_forms,direct_topology,2,192,0.772085659456808,0.9927604504237835,0.9989690057315288,0.9991998325341757,0.0010401497397146086,0.37025823947643016,0.11312109491331232,0.9432315007688086,1.0112576399806343,1.0142473675673247,3.5586650139916443,0.014002866352139876,8.629889039601746,27.220830618160143,58.00250275075501,0.22985978846185326,0.08755161486224036,0.5693495553689113,0.8003602387129483,0.865096341244327,0.5024815388407639,0.13381266926019264,1.2821991050863233,1.9886096105758628,1.992959614296876,1.0,1.0,1.0,1.0,1.0,0.02339231769528165,0.0015841987727624137,0.07014908806744072,0.07076763982873846,0.07168706115823144,0.32155850749306986,0.07881229021826827,0.8812841190151371,0.8858660595492993,0.8937843523904837,0.0,0.0,0.0,0.0,0.0,3.957449735811103,0.01868544179226861,11.654717784936318,23.69450893157508,36.58729613629862
unseen_analytical_functional_forms,direct_topology,3,192,0.6758520123277894,0.9936173704059028,0.9993839680918574,0.9994469120089656,0.0011469022404006113,0.4091279483187658,0.09854404411635467,1.0975804557795872,1.113651096746993,1.1456002407797456,5.03192434373148,0.028406544147235424,14.55563845853731,39.662674874951946,75.76607055492138,0.25409089938977925,0.06926127457685666,0.67856045015858,0.7771091462539688,0.8480317501122012,0.5492116766840117,0.1364131909644169,1.3836352571361465,1.9398070578395323,1.9598857060209158,1.0,1.0,1.0,1.0,1.0,0.0258645520227048,0.0008861136231462928,0.07923869430731034,0.08012308884946315,0.0812720714762846,0.32155850749306986,0.07881229021826827,0.8812841190151371,0.8858660595492993,0.8937843523904837,0.0,0.0,0.0,0.0,0.0,2.0991052753152677,0.03220003200387822,5.955037958013238,12.114335406107465,17.76356780416637
unseen_analytical_functional_forms,direct_topology,4,192,0.692796454083091,0.9991357421419527,0.9995121989627382,0.999530433084031,0.00647752315290424,0.37986703342079203,0.05336955811475636,1.0654151752026182,1.0851807429842937,1.1304938631491293,6.33405101354822,0.09667682361802066,18.444414073406517,46.61989947579679,85.64657330010874,0.27329416430008824,0.03988865483483732,0.7556782362447627,0.8086213831394131,0.8715403691037749,0.5286080457145104,0.034629928776705454,1.4393055485538768,1.9511820501426511,1.9647170956810556,1.0,1.0,1.0,1.0,1.0,0.030605201420043523,0.0008844592439831506,0.09127920754410782,0.09233793552233116,0.10000836164092926,0.32155850749306986,0.07881229021826827,0.8812841190151371,0.8858660595492993,0.8937843523904837,0.0,0.0,0.0,0.0,0.0,1.4067109947175471,0.12457791107163518,3.8544782641602753,6.9510269028448155,9.880502745187357
unseen_analytical_functional_forms,direct_topology,5,192,0.7247512299883766,0.9989629177711667,0.9994836674394609,0.9995667694188397,0.0008510015202850946,0.3566450490012228,0.04291727223274157,1.019512025320901,1.0231666491094265,1.0655885260853906,7.205969402522926,0.10724543352361371,20.963433895192473,50.94139121646298,91.65970278003914,0.29095862921775195,0.03361673446358317,0.8191752432004327,0.84649462003089,0.8840161641544585,0.4988217050701076,0.0471698014477094,1.3110010889419017,1.9881678774540592,1.9896890293428249,1.0,1.0,1.0,1.0,1.0,0.0342027993133121,0.0005171840357245119,0.09997971007799303,0.11664743625305704,0.12008881778706712,0.32155850749306986,0.07881229021826827,0.8812841190151371,0.8858660595492993,0.8937843523904837,0.0,0.0,0.0,0.0,0.0,0.9563102079057177,0.20145161666218891,2.488094462825254,4.314635858374361,6.013129479930399
unseen_analytical_functional_forms,direct_topology,6,192,0.811889402436253,0.9993456042433799,0.999606123066833,0.9997104646156857,1.0868012496328409e-06,0.31432785957983406,0.03355867930550929,0.9233351392211347,1.0279160492361386,1.031822155662752,7.833299414544043,0.12880718307249395,22.758919589251416,53.77302683847483,95.54925782654755,0.2776915536014361,0.028658437505994616,0.7897045623424077,0.831552677497209,0.8869569842356919,0.4374791125693566,0.04007759520434406,1.1135698168136605,1.9913227542402447,1.9945299263489726,1.0,1.0,1.0,1.0,1.0,0.03215547965654102,0.0003734126009446721,0.08908375186555498,0.12745579050648562,0.13234504950344744,0.32155850749306986,0.07881229021826827,0.8812841190151371,0.8858660595492993,0.8937843523904837,0.0,0.0,0.0,0.0,0.0,0.7081123685486258,0.23575191819536934,1.794110984537707,2.857507856532777,3.8895550465084057
unseen_analytical_functional_forms,direct_topology,7,192,0.7969933023538962,0.999623838378012,0.9997374976942707,0.9997962660824546,0.00014917743999806276,0.3218074003346753,0.029250300373498628,0.9848754715390433,1.0334147076553653,1.058453367471901,8.175969548367007,0.061908568271582975,23.750280935636454,55.69580301532592,98.17205049362065,0.29595111352049225,0.023332643818584138,0.856451992912608,0.8668336509651515,0.8861353553469005,0.4052599380422719,0.028993449972402573,1.0284826416267148,1.9825837771037318,1.9878915803692019,1.0,1.0,1.0,1.0,1.0,0.03627131525308164,0.00027191762303459635,0.08703383947637944,0.19464266376457778,0.2018305071852336,0.32155850749306986,0.07881229021826827,0.8812841190151371,0.8858660595492993,0.8937843523904837,0.0,0.0,0.0,0.0,0.0,0.3948295346758331,0.07068104280958476,0.9884510507319249,1.9523132220948733,2.6227926670730994
unseen_analytical_functional_forms,direct_topology,8,192,0.8894545096326518,0.9989610845228463,0.9994459990157187,0.9995743999282621,0.00020144534202289947,0.2401045187502845,0.04180336955132679,0.6021538465625303,1.0381879115279082,1.0458507319321548,8.438630930263892,0.1495174190290478,24.302948925825355,57.028144244770296,99.98734536419613,0.28964714467428326,0.03442056540293029,0.8115381707207832,0.8287248362824612,0.885085318017639,0.2963000577293125,0.043153253947504015,0.618801661683648,1.9729482905902047,1.9811968374588478,1.0,1.0,1.0,1.0,1.0,0.03457628105814397,0.0006124165656010978,0.0826291569702822,0.18557168803999632,0.1920713819549375,0.32155850749306986,0.07881229021826827,0.8812841190151371,0.8858660595492993,0.8937843523904837,0.0,0.0,0.0,0.0,0.0,0.2648982382112864,0.09335817265406421,0.5737409004670895,1.34864221537842,1.8152948705754852
unseen_analytical_functional_forms,direct_topology,9,192,0.8735929687933125,0.996424552951837,0.99962091976841,0.9996823869017215,9.256365893117942e-08,0.28988324880939514,0.07538267567789861,0.7642192119883403,1.052619978939869,1.0580219197204555,8.564556525743658,0.17244998776787535,24.49667242218254,57.95910280099957,101.26195490166111,0.23733104404845143,0.05023447325693611,0.6321833085974421,0.8341088016388869,0.8887236703677164,0.25962130956095053,0.06766581024646107,0.3558174377116856,1.9957745546298293,1.9965985420064936,1.0,1.0,1.0,1.0,1.0,0.03611786015096767,0.0013121583956531729,0.07559838222156416,0.22517768505283617,0.23378939036099328,0.32155850749306986,0.07881229021826827,0.8812841190151371,0.8858660595492993,0.8937843523904837,0.0,0.0,0.0,0.0,0.0,0.23178763078673784,0.1894115534678562,0.3807055554677909,0.9412297581629702,1.2746095374649826
unseen_analytical_functional_forms,direct_topology,10,192,0.7283126194496626,0.9989548687527163,0.9997161929752162,0.9997341321193275,3.2453611110936386e-06,0.3872998497107753,0.040326133384126835,1.1177817853533103,1.16390079456605,1.2538902640070637,8.69834254951535,0.20127890750415167,24.78896655210501,58.60793155353263,102.16090565434706,0.26791598188487326,0.07798865538775723,0.6717625635554751,0.8343198667579812,0.8888591432133256,0.3916943654367133,0.04152363601146966,0.8740565774546563,1.9953672223321082,1.9964115522295844,1.0,1.0,1.0,1.0,1.0,0.042312364727084086,0.0005180383850145352,0.08044798442595749,0.2987519028415123,0.30588194762457566,0.32155850749306986,0.07881229021826827,0.8812841190151371,0.8858660595492993,0.8937843523904837,0.0,0.0,0.0,0.0,0.0,0.24872918239034605,0.28544631357119954,0.4426311878357689,0.6591690690099611,0.8989507526859484
unseen_analytical_functional_forms,hybrid,0,192,0.7285793112267293,0.9991991772450484,0.9999784140792308,0.9999843657975472,2.008764307724227e-05,0.3465286336410367,0.05331915769270607,0.9786783006375334,1.0080355667962617,1.0136648624165692,10.236991862516,0.003178132812340362,33.21129611405783,50.22452172676265,72.25116878968839,0.26183068758745315,0.13632775129521812,0.6710119110540442,0.78037141560713,0.8492197232219406,0.5694365684647411,0.044571621872207645,1.6509867989165248,1.9991588384425016,1.9995778089653267,1.0,1.0,1.0,1.0,1.0,0.0,0.0,0.0,0.0,0.0,0.32155850749306986,0.07881229021826827,0.8812841190151371,0.8858660595492993,0.8937843523904837,0.0,0.0,0.0,0.0,0.0,,,,,
unseen_analytical_functional_forms,hybrid,1,192,0.7965821965061588,0.9975990695622202,0.9998848326663317,0.999927539054461,1.3214785910437497e-05,0.34322767624159073,0.06958083388129957,0.9435500586499795,1.0094624277570063,1.0138454612617622,2.3399415268376647,0.010413399897667097,8.5013626238129,9.973726555310101,21.415206614456395,0.1705076208844686,0.0870032950409106,0.3389764391353815,0.827247096285644,0.8846288232623088,0.42187491775882374,0.06421878233535375,1.0974603363396367,1.9996614630198313,1.9998137862718957,1.0,1.0,1.0,1.0,1.0,0.023510416810430146,0.001490953225695248,0.07065012430351347,0.07093587341345266,0.07145268254671182,0.32155850749306986,0.07881229021826827,0.8812841190151371,0.8858660595492993,0.8937843523904837,0.0,0.0,0.0,0.0,0.0,9.153062882476009,0.010796120806280118,30.09316025020935,54.77721990976282,93.66637540414479
unseen_analytical_functional_forms,hybrid,2,192,0.772085659456808,0.9927604504237835,0.9989690057315288,0.9991998325341757,0.0010401497397146086,0.37025823947643016,0.11312109491331232,0.9432315007688086,1.0112576399806343,1.0142473675673247,3.5586650139916443,0.014002866352139876,8.629889039601746,27.220830618160143,58.00250275075501,0.22985978846185326,0.08755161486224036,0.5693495553689113,0.8003602387129483,0.865096341244327,0.5024815388407639,0.13381266926019264,1.2821991050863233,1.9886096105758628,1.992959614296876,1.0,1.0,1.0,1.0,1.0,0.02339231769528165,0.0015841987727624137,0.07014908806744072,0.07076763982873846,0.07168706115823144,0.32155850749306986,0.07881229021826827,0.8812841190151371,0.8858660595492993,0.8937843523904837,0.0,0.0,0.0,0.0,0.0,3.957449735811103,0.01868544179226861,11.654717784936318,23.69450893157508,36.58729613629862
unseen_analytical_functional_forms,hybrid,3,192,0.6758520123277894,0.9936173704059028,0.9993839680918574,0.9994469120089656,0.0011469022404006113,0.4091279483187658,0.09854404411635467,1.0975804557795872,1.113651096746993,1.1456002407797456,5.03192434373148,0.028406544147235424,14.55563845853731,39.662674874951946,75.76607055492138,0.25409089938977925,0.06926127457685666,0.67856045015858,0.7771091462539688,0.8480317501122012,0.5492116766840117,0.1364131909644169,1.3836352571361465,1.9398070578395323,1.9598857060209158,1.0,1.0,1.0,1.0,1.0,0.0258645520227048,0.0008861136231462928,0.07923869430731034,0.08012308884946315,0.0812720714762846,0.32155850749306986,0.07881229021826827,0.8812841190151371,0.8858660595492993,0.8937843523904837,0.0,0.0,0.0,0.0,0.0,2.0991052753152677,0.03220003200387822,5.955037958013238,12.114335406107465,17.76356780416637
unseen_analytical_functional_forms,hybrid,4,192,0.692796454083091,0.9991357421419527,0.9995121989627382,0.999530433084031,0.00647752315290424,0.37986703342079203,0.05336955811475636,1.0654151752026182,1.0851807429842937,1.1304938631491293,6.33405101354822,0.09667682361802066,18.444414073406517,46.61989947579679,85.64657330010874,0.27329416430008824,0.03988865483483732,0.7556782362447627,0.8086213831394131,0.8715403691037749,0.5286080457145104,0.034629928776705454,1.4393055485538768,1.9511820501426511,1.9647170956810556,1.0,1.0,1.0,1.0,1.0,0.030605201420043523,0.0008844592439831506,0.09127920754410782,0.09233793552233116,0.10000836164092926,0.32155850749306986,0.07881229021826827,0.8812841190151371,0.8858660595492993,0.8937843523904837,0.0,0.0,0.0,0.0,0.0,1.4067109947175471,0.12457791107163518,3.8544782641602753,6.9510269028448155,9.880502745187357
unseen_analytical_functional_forms,hybrid,5,192,0.7247512299883766,0.9989629177711667,0.9994836674394609,0.9995667694188397,0.0008510015202850946,0.3566450490012228,0.04291727223274157,1.019512025320901,1.0231666491094265,1.0655885260853906,7.205969402522926,0.10724543352361371,20.963433895192473,50.94139121646298,91.65970278003914,0.29095862921775195,0.03361673446358317,0.8191752432004327,0.84649462003089,0.8840161641544585,0.4988217050701076,0.0471698014477094,1.3110010889419017,1.9881678774540592,1.9896890293428249,1.0,1.0,1.0,1.0,1.0,0.0342027993133121,0.0005171840357245119,0.09997971007799303,0.11664743625305704,0.12008881778706712,0.32155850749306986,0.07881229021826827,0.8812841190151371,0.8858660595492993,0.8937843523904837,0.0,0.0,0.0,0.0,0.0,0.9563102079057177,0.20145161666218891,2.488094462825254,4.314635858374361,6.013129479930399
unseen_analytical_functional_forms,hybrid,6,192,0.811889402436253,0.9993456042433799,0.999606123066833,0.9997104646156857,1.0868012496328409e-06,0.31432785957983406,0.03355867930550929,0.9233351392211347,1.0279160492361386,1.031822155662752,7.833299414544043,0.12880718307249395,22.758919589251416,53.77302683847483,95.54925782654755,0.2776915536014361,0.028658437505994616,0.7897045623424077,0.831552677497209,0.8869569842356919,0.4374791125693566,0.04007759520434406,1.1135698168136605,1.9913227542402447,1.9945299263489726,1.0,1.0,1.0,1.0,1.0,0.03215547965654102,0.0003734126009446721,0.08908375186555498,0.12745579050648562,0.13234504950344744,0.32155850749306986,0.07881229021826827,0.8812841190151371,0.8858660595492993,0.8937843523904837,0.0,0.0,0.0,0.0,0.0,0.7081123685486258,0.23575191819536934,1.794110984537707,2.857507856532777,3.8895550465084057
unseen_analytical_functional_forms,hybrid,7,192,0.7969933023538962,0.999623838378012,0.9997374976942707,0.9997962660824546,0.00014917743999806276,0.3218074003346753,0.029250300373498628,0.9848754715390433,1.0334147076553653,1.058453367471901,8.175969548367007,0.061908568271582975,23.750280935636454,55.69580301532592,98.17205049362065,0.29595111352049225,0.023332643818584138,0.856451992912608,0.8668336509651515,0.8861353553469005,0.4052599380422719,0.028993449972402573,1.0284826416267148,1.9825837771037318,1.9878915803692019,1.0,1.0,1.0,1.0,1.0,0.03627131525308164,0.00027191762303459635,0.08703383947637944,0.19464266376457778,0.2018305071852336,0.32155850749306986,0.07881229021826827,0.8812841190151371,0.8858660595492993,0.8937843523904837,0.0,0.0,0.0,0.0,0.0,0.3948295346758331,0.07068104280958476,0.9884510507319249,1.9523132220948733,2.6227926670730994
unseen_analytical_functional_forms,hybrid,8,192,0.8894545096326518,0.9989610845228463,0.9994459990157187,0.9995743999282621,0.00020144534202289947,0.2401045187502845,0.04180336955132679,0.6021538465625303,1.0381879115279082,1.0458507319321548,8.438630930263892,0.1495174190290478,24.302948925825355,57.028144244770296,99.98734536419613,0.28964714467428326,0.03442056540293029,0.8115381707207832,0.8287248362824612,0.885085318017639,0.2963000577293125,0.043153253947504015,0.618801661683648,1.9729482905902047,1.9811968374588478,1.0,1.0,1.0,1.0,1.0,0.03457628105814397,0.0006124165656010978,0.0826291569702822,0.18557168803999632,0.1920713819549375,0.32155850749306986,0.07881229021826827,0.8812841190151371,0.8858660595492993,0.8937843523904837,0.0,0.0,0.0,0.0,0.0,0.2648982382112864,0.09335817265406421,0.5737409004670895,1.34864221537842,1.8152948705754852
unseen_analytical_functional_forms,hybrid,9,192,0.8735929687933125,0.996424552951837,0.99962091976841,0.9996823869017215,9.256365893117942e-08,0.28988324880939514,0.07538267567789861,0.7642192119883403,1.052619978939869,1.0580219197204555,8.564556525743658,0.17244998776787535,24.49667242218254,57.95910280099957,101.26195490166111,0.23733104404845143,0.05023447325693611,0.6321833085974421,0.8341088016388869,0.8887236703677164,0.25962130956095053,0.06766581024646107,0.3558174377116856,1.9957745546298293,1.9965985420064936,1.0,1.0,1.0,1.0,1.0,0.03611786015096767,0.0013121583956531729,0.07559838222156416,0.22517768505283617,0.23378939036099328,0.32155850749306986,0.07881229021826827,0.8812841190151371,0.8858660595492993,0.8937843523904837,0.0,0.0,0.0,0.0,0.0,0.23178763078673784,0.1894115534678562,0.3807055554677909,0.9412297581629702,1.2746095374649826
unseen_analytical_functional_forms,hybrid,10,192,0.7283126194496626,0.9989548687527163,0.9997161929752162,0.9997341321193275,3.2453611110936386e-06,0.3872998497107753,0.040326133384126835,1.1177817853533103,1.16390079456605,1.2538902640070637,8.69834254951535,0.20127890750415167,24.78896655210501,58.60793155353263,102.16090565434706,0.26791598188487326,0.07798865538775723,0.6717625635554751,0.8343198667579812,0.8888591432133256,0.3916943654367133,0.04152363601146966,0.8740565774546563,1.9953672223321082,1.9964115522295844,1.0,1.0,1.0,1.0,1.0,0.042312364727084086,0.0005180383850145352,0.08044798442595749,0.2987519028415123,0.30588194762457566,0.32155850749306986,0.07881229021826827,0.8812841190151371,0.8858660595492993,0.8937843523904837,0.0,0.0,0.0,0.0,0.0,0.24872918239034605,0.28544631357119954,0.4426311878357689,0.6591690690099611,0.8989507526859484
unseen_analytical_functional_forms,initial_ritz,0,192,0.8830699415612027,0.9999837718510471,0.9999959491074962,0.9999963466854734,0.0006559368463674463,0.271995516960222,0.013633749125685955,0.77297138153479,1.0129841157964181,1.0210164486024293,11.923331526017416,0.00010926956178503033,21.36185707194183,102.61068804179241,167.14041286927824,0.27361976119549475,0.07079637908498707,0.851817610175362,0.8809652421484294,0.9144191250999775,0.31945433807172763,0.005329961428319916,0.7746339473416407,1.9882633474260523,1.9939104887908412,0.6666666666666666,1.0,1.0,1.0,0.0,0.0,0.0,0.0,0.0,0.0,3.557017157117953e-05,1.7186373300059898e-06,0.00012605136592486188,0.00013068340651634647,0.00014851452664832454,0.0,0.0,0.0,0.0,0.0,,,,,
unseen_analytical_functional_forms,initial_ritz,1,192,0.8163091214845727,0.9998505000644768,0.9999862319240227,0.9999891559966803,0.0004279030118776652,0.32066017907650474,0.03838684050746479,0.9095617773410462,1.007747510756152,1.010619959215712,6.721565145127037,0.0010760088026898762,13.158484249970417,53.167747514221105,79.54711752799966,0.2769088869534243,0.07685713531472949,0.8969974444250131,0.9196965275543594,0.9405897787556394,0.41998783689134705,0.01837696394219226,1.117791920175908,1.9946761546592813,1.9968438558571409,0.6666666666666666,1.0,1.0,1.0,0.0,7.109176492856872e-05,8.402024624472573e-05,8.523304944384828e-05,8.544900251591918e-05,8.622814613676476e-05,3.557017157117953e-05,1.7186373300059898e-06,0.00012605136592486188,0.00013068340651634647,0.00014851452664832454,0.0,0.0,0.0,0.0,0.0,5.202489283370598,0.000970486972487139,8.127403896680123,49.41822266015955,87.59329534127858
unseen_analytical_functional_forms,initial_ritz,2,192,0.7686034979009809,0.9996028976537951,0.9997350761667368,0.9997579666904374,0.0003703069495739189,0.3659111724848753,0.05631334720174997,1.0053584816943804,1.0132775812857648,1.02230677663746,3.8911265853974775,0.003803244413541851,7.225475638028758,31.012074220661876,44.54604642450744,0.283058282259164,0.07225122072448187,0.9164670569464187,0.9365986246059105,0.9534553772402751,0.4530414602735197,0.03034523014950728,1.1822226182706421,1.9970977995029764,1.9977139532796213,0.6666666666666666,1.0,1.0,1.0,0.0,0.000828465779997927,0.0008324833617537252,0.0008883910647977246,0.0009029752970200514,0.0009202816295471052,3.557017157117953e-05,1.7186373300059898e-06,0.00012605136592486188,0.00013068340651634647,0.00014851452664832454,0.0,0.0,0.0,0.0,0.0,2.8339582393468263,0.003656805332714619,5.9050677786001735,22.22784244769599,35.00107110349222
unseen_analytical_functional_forms,initial_ritz,3,192,0.7220131001048067,0.9994225042599647,0.9997963505388398,0.9998086815571787,6.8338734165336e-05,0.40621375964948264,0.05699931664580989,1.1486975829657817,1.1603266685746247,1.1756346912147249,2.592868335448129,0.0035610801283758597,4.89643395137907,19.675189184126566,27.647766877939944,0.2754595598659405,0.06129742870189544,0.9233092926401965,0.9433228455820645,0.9606046943437312,0.4767172292128077,0.03460581740390746,1.239577173326559,1.999545649231137,1.9996548664777676,0.59375,1.0,1.0,1.0,0.0,,,,,,3.557017157117953e-05,1.7186373300059898e-06,0.00012605136592486188,0.00013068340651634647,0.00014851452664832454,0.0,0.0,0.0,0.0,0.0,1.2988180264283418,0.0010959713595950493,2.270359969612221,11.293510639948405,16.898279546567494
unseen_analytical_functional_forms,initial_ritz,4,192,0.6944906231962916,0.9997381013530198,0.9997842056755016,0.9997890714405804,8.72110392973115e-08,0.42678993307270247,0.04643517774539665,1.2562190614361926,1.2687493085939585,1.2888935095825265,1.7203876167510437,0.0030614723346316097,3.2571405092312857,12.978779038586943,17.923312430634667,0.27000051210142956,0.0366168352397413,0.9265817793559267,0.9425796057153585,0.9613925065114063,0.47385627514905365,0.022869209589401748,1.2526629635112148,1.9992462086992686,1.9996339750362755,0.515625,1.0,1.0,1.0,0.0,,,,,,3.557017157117953e-05,1.7186373300059898e-06,0.00012605136592486188,0.00013068340651634647,0.00014851452664832454,0.0,0.0,0.0,0.0,0.0,0.8727260670008589,0.0025630481953460293,1.6538269999696014,6.749273689948418,9.724454447305277
unseen_analytical_functional_forms,initial_ritz,5,192,0.6793737824735501,0.9997783795007069,0.9998827696300553,0.9998841934147488,1.003612589562075e-05,0.44392916010473343,0.03706381624897721,1.3500076781132355,1.3590943366988557,1.3772440068708496,1.1833319842175134,0.0014953516872000527,2.2922762221390713,8.71554684638075,11.973729131429366,0.2611947639693439,0.03320739245457527,0.9314918320484062,0.9468938037044246,0.9657156788605294,0.463452614371677,0.018948455378559,1.2011844704203851,1.9994711873326,1.9996205045710982,0.6666666666666666,1.0,1.0,1.0,0.0,0.00020853309656922135,0.0001271660316739578,0.00036153019579480625,0.0003775689428526635,0.00039571983544420464,3.557017157117953e-05,1.7186373300059898e-06,0.00012605136592486188,0.00013068340651634647,0.00014851452664832454,0.0,0.0,0.0,0.0,0.0,0.5370556325335305,0.0014476594978698465,0.9867634710098173,4.2536594824444665,5.949583299205301
unseen_analytical_functional_forms,initial_ritz,6,192,0.6746666200800527,0.9998141220257397,0.9999507938475244,0.9999601367570006,7.917112595492654e-08,0.46157497279169685,0.025645383476456975,1.4351262702758456,1.4433327356271828,1.4542292586450452,0.8178372821103709,0.0008012483962449579,1.6351976378082413,5.864939048961453,8.091435838003235,0.25255882468334095,0.017103279653082816,0.9323077343923248,0.9487065451613854,0.9683971044512844,0.4706658778963078,0.01970194413635562,1.2497342742193494,1.9999669876804445,1.9999951341120468,0.6770833333333334,1.0,1.0,1.0,0.0,0.00011788592389982217,0.0001230475565132907,0.00014933017933466047,0.0001726367135203859,0.00020197357264577743,3.557017157117953e-05,1.7186373300059898e-06,0.00012605136592486188,0.00013068340651634647,0.00014851452664832454,0.0,0.0,0.0,0.0,0.0,0.36620876124563334,0.002299287022661023,0.6586969851341706,2.8517660934178477,3.8822932934261303
unseen_analytical_functional_forms,initial_ritz,7,192,0.690792524164154,0.9998008053426253,0.9999338700974071,0.9999426693417363,8.131641828567953e-09,0.4371646173907977,0.02787889105078216,1.3428515162172254,1.3523927220482426,1.3672140278757914,0.5134981758514638,0.0012227268889568599,0.9268144219570047,3.9527273116331565,5.470406037904013,0.2529781737273835,0.0211262064225614,0.9371120368261487,0.9482255726219982,0.9657711240288795,0.4530178164361524,0.017517582102367278,1.1569567337431703,1.999882864546641,1.9999647452651474,0.6666666666666666,1.0,1.0,1.0,0.0,0.0001668857108102871,0.00020102686384119027,0.00020451895122652395,0.0002048964206504827,0.000206935993437631,3.557017157117953e-05,1.7186373300059898e-06,0.00012605136592486188,0.00013068340651634647,0.00014851452664832454,0.0,0.0,0.0,0.0,0.0,0.3048343967102564,0.0004807308607635008,0.7194356795695569,1.950366820498804,2.6210298000992225
unseen_analytical_functional_forms,initial_ritz,8,192,0.6736093342966688,0.9995011947327608,0.9997617463743482,0.9997848990840005,9.242658222053291e-07,0.44588418286486453,0.036744561819753885,1.3603346521075859,1.3668712377086663,1.3763314636291941,0.4183948590656598,0.0017878383443408197,0.9881068293514006,2.6225600945662375,3.6542094682623656,0.24954581172720844,0.028887051220059246,0.9000416145454769,0.9282125462742563,0.9604199145930084,0.48088348404752024,0.024806492351312017,1.276508083144708,1.9999494158681002,1.9999884640220444,0.6666666666666666,1.0,1.0,1.0,0.0,0.00025105878618947417,0.00029977773678595943,0.00031254231646977033,0.0003142065939528472,0.00031708874482110836,3.557017157117953e-05,1.7186373300059898e-06,0.00012605136592486188,0.00013068340651634647,0.00014851452664832454,0.0,0.0,0.0,0.0,0.0,0.11622543138016266,0.0010723989264689315,0.06873196690120267,1.3494422527624534,1.8161965696416473
unseen_analytical_functional_forms,initial_ritz,9,192,0.6659351776482177,0.9973581986038036,0.9997293113811412,0.9997428494337897,5.960144015971209e-06,0.4169399632283078,0.06986393843237103,1.1688864677044664,1.1838974921925598,1.4306176494126934,0.39713537036603946,0.004936777319654695,1.2367709866673238,1.669995017951461,2.3789013643606154,0.24946359652795355,0.047216128219025655,0.8535964648615105,0.8756670047482602,0.9181417031628945,0.4213461282214132,0.07992090121615758,0.9575810207416932,1.999413783700153,1.9997504654916667,0.6822916666666666,1.0,1.0,1.0,0.0,0.0005563627010760641,0.0005696789667169655,0.0009128700678457556,0.0009251278782362332,0.0009532887444537641,3.557017157117953e-05,1.7186373300059898e-06,0.00012605136592486188,0.00013068340651634647,0.00014851452664832454,0.0,0.0,0.0,0.0,0.0,0.1268250758248883,0.003155091396362053,0.26613399363535284,0.9413220976786562,1.2753081039017502
unseen_analytical_functional_forms,initial_ritz,10,192,0.6692146182196465,0.9994472609366463,0.9997711698023697,0.99978133516746,0.00010039584952149977,1.148470439126345,0.03720511964444227,4.122284287191648,4.2779226040984035,4.518537562580456,1.5813524117191324,0.0015794301873790495,6.00190773960097,8.172697370488459,12.304599475683773,0.3125758035829471,0.07360026638162445,0.9982344965523969,0.999055449810343,0.9999447273185358,0.6067987895674898,0.029755263966532164,1.7399730611929642,1.910362940457077,1.958169552153485,0.7708333333333334,1.0,1.0,1.0,0.0,0.00022216500653120133,0.00024133779933427265,0.00025372385379885407,0.00025487765029379286,0.0002575334846715377,3.557017157117953e-05,1.7186373300059898e-06,0.00012605136592486188,0.00013068340651634647,0.00014851452664832454,0.0,0.0,0.0,0.0,0.0,1.2529246868816821,0.00337333231180148,5.246894647926093,7.081128246741186,11.133928973042117
valid_spatial_reflection,direct_topology,0,1,0.9999059073931267,0.9999059073931267,0.9999059073931267,0.9999059073931267,0.9999059073931267,0.027791287349998733,0.027791287349998733,0.027791287349998733,0.027791287349998733,0.027791287349998733,0.0336737087686938,0.0336737087686938,0.0336737087686938,0.0336737087686938,0.0336737087686938,0.015282144691689337,0.015282144691689337,0.015282144691689337,0.015282144691689337,0.015282144691689337,0.010941727094162192,0.010941727094162192,0.010941727094162192,0.010941727094162192,0.010941727094162192,1.0,1.0,1.0,1.0,1.0,0.0,0.0,0.0,0.0,0.0,0.07974409203545979,0.07974409203545979,0.07974409203545979,0.07974409203545979,0.07974409203545979,0.0,0.0,0.0,0.0,0.0,,,,,
valid_spatial_reflection,direct_topology,1,1,0.9973780369442379,0.9973780369442379,0.9973780369442379,0.9973780369442379,0.9973780369442379,0.07310833056619925,0.07310833056619925,0.07310833056619925,0.07310833056619925,0.07310833056619925,0.014792224108149732,0.014792224108149732,0.014792224108149732,0.014792224108149732,0.014792224108149732,0.04417991489924389,0.04417991489924389,0.04417991489924389,0.04417991489924389,0.04417991489924389,0.06446059669590239,0.06446059669590239,0.06446059669590239,0.06446059669590239,0.06446059669590239,1.0,1.0,1.0,1.0,1.0,0.001769489757459953,0.001769489757459953,0.001769489757459953,0.001769489757459953,0.001769489757459953,0.07974409203545979,0.07974409203545979,0.07974409203545979,0.07974409203545979,0.07974409203545979,0.0,0.0,0.0,0.0,0.0,0.018881484660544068,0.018881484660544068,0.018881484660544068,0.018881484660544068,0.018881484660544068
valid_spatial_reflection,direct_topology,2,1,0.9984795834453086,0.9984795834453086,0.9984795834453086,0.9984795834453086,0.9984795834453086,0.051035849574686355,0.051035849574686355,0.051035849574686355,0.051035849574686355,0.051035849574686355,0.03349781379901984,0.03349781379901984,0.03349781379901984,0.03349781379901984,0.03349781379901984,0.10292366032042928,0.10292366032042928,0.10292366032042928,0.10292366032042928,0.10292366032042928,0.0470210316433718,0.0470210316433718,0.0470210316433718,0.0470210316433718,0.0470210316433718,1.0,1.0,1.0,1.0,1.0,0.0003174234162004885,0.0003174234162004885,0.0003174234162004885,0.0003174234162004885,0.0003174234162004885,0.07974409203545979,0.07974409203545979,0.07974409203545979,0.07974409203545979,0.07974409203545979,0.0,0.0,0.0,0.0,0.0,0.018705589690870106,0.018705589690870106,0.018705589690870106,0.018705589690870106,0.018705589690870106
valid_spatial_reflection,direct_topology,3,1,0.9902687406212448,0.9902687406212448,0.9902687406212448,0.9902687406212448,0.9902687406212448,0.17009283812234774,0.17009283812234774,0.17009283812234774,0.17009283812234774,0.17009283812234774,0.19934975049701453,0.19934975049701453,0.19934975049701453,0.19934975049701453,0.19934975049701453,0.27469410060728794,0.27469410060728794,0.27469410060728794,0.27469410060728794,0.27469410060728794,0.14728526874503453,0.14728526874503453,0.14728526874503453,0.14728526874503453,0.14728526874503453,1.0,1.0,1.0,1.0,1.0,0.0018022863068913404,0.0018022863068913404,0.0018022863068913404,0.0018022863068913404,0.0018022863068913404,0.07974409203545979,0.07974409203545979,0.07974409203545979,0.07974409203545979,0.07974409203545979,0.0,0.0,0.0,0.0,0.0,0.23284756429603437,0.23284756429603437,0.23284756429603437,0.23284756429603437,0.23284756429603437
valid_spatial_reflection,direct_topology,4,1,0.9698899381720377,0.9698899381720377,0.9698899381720377,0.9698899381720377,0.9698899381720377,0.17680665512490062,0.17680665512490062,0.17680665512490062,0.17680665512490062,0.17680665512490062,0.14611002196937495,0.14611002196937495,0.14611002196937495,0.14611002196937495,0.14611002196937495,0.4042978695759472,0.4042978695759472,0.4042978695759472,0.4042978695759472,0.4042978695759472,0.293019871195499,0.293019871195499,0.293019871195499,0.293019871195499,0.293019871195499,1.0,1.0,1.0,1.0,1.0,0.002845904718295708,0.002845904718295708,0.002845904718295708,0.002845904718295708,0.002845904718295708,0.07974409203545979,0.07974409203545979,0.07974409203545979,0.07974409203545979,0.07974409203545979,0.0,0.0,0.0,0.0,0.0,0.053239728527639585,0.053239728527639585,0.053239728527639585,0.053239728527639585,0.053239728527639585
valid_spatial_reflection,direct_topology,5,1,0.9935791167806906,0.9935791167806906,0.9935791167806906,0.9935791167806906,0.9935791167806906,0.08898843360180139,0.08898843360180139,0.08898843360180139,0.08898843360180139,0.08898843360180139,0.0900885812478256,0.0900885812478256,0.0900885812478256,0.0900885812478256,0.0900885812478256,0.6735009409395737,0.6735009409395737,0.6735009409395737,0.6735009409395737,0.6735009409395737,0.12009837793495105,0.12009837793495105,0.12009837793495105,0.12009837793495105,0.12009837793495105,1.0,1.0,1.0,1.0,1.0,0.0018554763785507413,0.0018554763785507413,0.0018554763785507413,0.0018554763785507413,0.0018554763785507413,0.07974409203545979,0.07974409203545979,0.07974409203545979,0.07974409203545979,0.07974409203545979,0.0,0.0,0.0,0.0,0.0,0.056021440721549354,0.056021440721549354,0.056021440721549354,0.056021440721549354,0.056021440721549354
valid_spatial_reflection,direct_topology,6,1,0.9965247143873048,0.9965247143873048,0.9965247143873048,0.9965247143873048,0.9965247143873048,0.07117340733428837,0.07117340733428837,0.07117340733428837,0.07117340733428837,0.07117340733428837,0.11631338481293252,0.11631338481293252,0.11631338481293252,0.11631338481293252,0.11631338481293252,0.24928446835529447,0.24928446835529447,0.24928446835529447,0.24928446835529447,0.24928446835529447,0.088571250678042,0.088571250678042,0.088571250678042,0.088571250678042,0.088571250678042,1.0,1.0,1.0,1.0,1.0,0.0008588026800424142,0.0008588026800424142,0.0008588026800424142,0.0008588026800424142,0.0008588026800424142,0.07974409203545979,0.07974409203545979,0.07974409203545979,0.07974409203545979,0.07974409203545979,0.0,0.0,0.0,0.0,0.0,0.026224803565106924,0.026224803565106924,0.026224803565106924,0.026224803565106924,0.026224803565106924
valid_spatial_reflection,direct_topology,7,1,0.9971004196828538,0.9971004196828538,0.9971004196828538,0.9971004196828538,0.9971004196828538,0.06146883497734512,0.06146883497734512,0.06146883497734512,0.06146883497734512,0.06146883497734512,0.1533703298539244,0.1533703298539244,0.1533703298539244,0.1533703298539244,0.1533703298539244,0.19244654262896385,0.19244654262896385,0.19244654262896385,0.19244654262896385,0.19244654262896385,0.08010298138995636,0.08010298138995636,0.08010298138995636,0.08010298138995636,0.08010298138995636,1.0,1.0,1.0,1.0,1.0,0.0007987325734886148,0.0007987325734886148,0.0007987325734886148,0.0007987325734886148,0.0007987325734886148,0.07974409203545979,0.07974409203545979,0.07974409203545979,0.07974409203545979,0.07974409203545979,0.0,0.0,0.0,0.0,0.0,0.037056945040991884,0.037056945040991884,0.037056945040991884,0.037056945040991884,0.037056945040991884
valid_spatial_reflection,direct_topology,8,1,0.9969043797821564,0.9969043797821564,0.9969043797821564,0.9969043797821564,0.9969043797821564,0.06289530576577033,0.06289530576577033,0.06289530576577033,0.06289530576577033,0.06289530576577033,0.10111255706077227,0.10111255706077227,0.10111255706077227,0.10111255706077227,0.10111255706077227,0.12081988031940948,0.12081988031940948,0.12081988031940948,0.12081988031940948,0.12081988031940948,0.06688403234952121,0.06688403234952121,0.06688403234952121,0.06688403234952121,0.06688403234952121,1.0,1.0,1.0,1.0,1.0,0.0013672538657712328,0.0013672538657712328,0.0013672538657712328,0.0013672538657712328,0.0013672538657712328,0.07974409203545979,0.07974409203545979,0.07974409203545979,0.07974409203545979,0.07974409203545979,0.0,0.0,0.0,0.0,0.0,0.052257772793152135,0.052257772793152135,0.052257772793152135,0.052257772793152135,0.052257772793152135
valid_spatial_reflection,direct_topology,9,1,0.9814675639234369,0.9814675639234369,0.9814675639234369,0.9814675639234369,0.9814675639234369,0.1200468611566672,0.1200468611566672,0.1200468611566672,0.1200468611566672,0.1200468611566672,0.2199418317349613,0.2199418317349613,0.2199418317349613,0.2199418317349613,0.2199418317349613,0.13584609857021024,0.13584609857021024,0.13584609857021024,0.13584609857021024,0.13584609857021024,0.13246142196691946,0.13246142196691946,0.13246142196691946,0.13246142196691946,0.13246142196691946,1.0,1.0,1.0,1.0,1.0,0.002231833063299353,0.002231833063299353,0.002231833063299353,0.002231833063299353,0.002231833063299353,0.07974409203545979,0.07974409203545979,0.07974409203545979,0.07974409203545979,0.07974409203545979,0.0,0.0,0.0,0.0,0.0,0.11882927467418902,0.11882927467418902,0.11882927467418902,0.11882927467418902,0.11882927467418902
valid_spatial_reflection,direct_topology,10,1,0.996615174590939,0.996615174590939,0.996615174590939,0.996615174590939,0.996615174590939,0.07347101554765058,0.07347101554765058,0.07347101554765058,0.07347101554765058,0.07347101554765058,0.07218257952918794,0.07218257952918794,0.07218257952918794,0.07218257952918794,0.07218257952918794,0.10330361883329382,0.10330361883329382,0.10330361883329382,0.10330361883329382,0.10330361883329382,0.08117143299851838,0.08117143299851838,0.08117143299851838,0.08117143299851838,0.08117143299851838,1.0,1.0,1.0,1.0,1.0,0.0008884289505506261,0.0008884289505506261,0.0008884289505506261,0.0008884289505506261,0.0008884289505506261,0.07974409203545979,0.07974409203545979,0.07974409203545979,0.07974409203545979,0.07974409203545979,0.0,0.0,0.0,0.0,0.0,0.14775925220577335,0.14775925220577335,0.14775925220577335,0.14775925220577335,0.14775925220577335
valid_spatial_reflection,hybrid,0,1,0.9999059073931267,0.9999059073931267,0.9999059073931267,0.9999059073931267,0.9999059073931267,0.027791287349998733,0.027791287349998733,0.027791287349998733,0.027791287349998733,0.027791287349998733,0.0336737087686938,0.0336737087686938,0.0336737087686938,0.0336737087686938,0.0336737087686938,0.015282144691689337,0.015282144691689337,0.015282144691689337,0.015282144691689337,0.015282144691689337,0.010941727094162192,0.010941727094162192,0.010941727094162192,0.010941727094162192,0.010941727094162192,1.0,1.0,1.0,1.0,1.0,0.0,0.0,0.0,0.0,0.0,0.07974409203545979,0.07974409203545979,0.07974409203545979,0.07974409203545979,0.07974409203545979,0.0,0.0,0.0,0.0,0.0,,,,,
valid_spatial_reflection,hybrid,1,1,0.9973780369442379,0.9973780369442379,0.9973780369442379,0.9973780369442379,0.9973780369442379,0.07310833056619925,0.07310833056619925,0.07310833056619925,0.07310833056619925,0.07310833056619925,0.014792224108149732,0.014792224108149732,0.014792224108149732,0.014792224108149732,0.014792224108149732,0.04417991489924389,0.04417991489924389,0.04417991489924389,0.04417991489924389,0.04417991489924389,0.06446059669590239,0.06446059669590239,0.06446059669590239,0.06446059669590239,0.06446059669590239,1.0,1.0,1.0,1.0,1.0,0.001769489757459953,0.001769489757459953,0.001769489757459953,0.001769489757459953,0.001769489757459953,0.07974409203545979,0.07974409203545979,0.07974409203545979,0.07974409203545979,0.07974409203545979,0.0,0.0,0.0,0.0,0.0,0.018881484660544068,0.018881484660544068,0.018881484660544068,0.018881484660544068,0.018881484660544068
valid_spatial_reflection,hybrid,2,1,0.9984795834453086,0.9984795834453086,0.9984795834453086,0.9984795834453086,0.9984795834453086,0.051035849574686355,0.051035849574686355,0.051035849574686355,0.051035849574686355,0.051035849574686355,0.03349781379901984,0.03349781379901984,0.03349781379901984,0.03349781379901984,0.03349781379901984,0.10292366032042928,0.10292366032042928,0.10292366032042928,0.10292366032042928,0.10292366032042928,0.0470210316433718,0.0470210316433718,0.0470210316433718,0.0470210316433718,0.0470210316433718,1.0,1.0,1.0,1.0,1.0,0.0003174234162004885,0.0003174234162004885,0.0003174234162004885,0.0003174234162004885,0.0003174234162004885,0.07974409203545979,0.07974409203545979,0.07974409203545979,0.07974409203545979,0.07974409203545979,0.0,0.0,0.0,0.0,0.0,0.018705589690870106,0.018705589690870106,0.018705589690870106,0.018705589690870106,0.018705589690870106
valid_spatial_reflection,hybrid,3,1,0.9902687406212448,0.9902687406212448,0.9902687406212448,0.9902687406212448,0.9902687406212448,0.17009283812234774,0.17009283812234774,0.17009283812234774,0.17009283812234774,0.17009283812234774,0.19934975049701453,0.19934975049701453,0.19934975049701453,0.19934975049701453,0.19934975049701453,0.27469410060728794,0.27469410060728794,0.27469410060728794,0.27469410060728794,0.27469410060728794,0.14728526874503453,0.14728526874503453,0.14728526874503453,0.14728526874503453,0.14728526874503453,1.0,1.0,1.0,1.0,1.0,0.0018022863068913404,0.0018022863068913404,0.0018022863068913404,0.0018022863068913404,0.0018022863068913404,0.07974409203545979,0.07974409203545979,0.07974409203545979,0.07974409203545979,0.07974409203545979,0.0,0.0,0.0,0.0,0.0,0.23284756429603437,0.23284756429603437,0.23284756429603437,0.23284756429603437,0.23284756429603437
valid_spatial_reflection,hybrid,4,1,0.9698899381720377,0.9698899381720377,0.9698899381720377,0.9698899381720377,0.9698899381720377,0.17680665512490062,0.17680665512490062,0.17680665512490062,0.17680665512490062,0.17680665512490062,0.14611002196937495,0.14611002196937495,0.14611002196937495,0.14611002196937495,0.14611002196937495,0.4042978695759472,0.4042978695759472,0.4042978695759472,0.4042978695759472,0.4042978695759472,0.293019871195499,0.293019871195499,0.293019871195499,0.293019871195499,0.293019871195499,1.0,1.0,1.0,1.0,1.0,0.002845904718295708,0.002845904718295708,0.002845904718295708,0.002845904718295708,0.002845904718295708,0.07974409203545979,0.07974409203545979,0.07974409203545979,0.07974409203545979,0.07974409203545979,0.0,0.0,0.0,0.0,0.0,0.053239728527639585,0.053239728527639585,0.053239728527639585,0.053239728527639585,0.053239728527639585
valid_spatial_reflection,hybrid,5,1,0.9935791167806906,0.9935791167806906,0.9935791167806906,0.9935791167806906,0.9935791167806906,0.08898843360180139,0.08898843360180139,0.08898843360180139,0.08898843360180139,0.08898843360180139,0.0900885812478256,0.0900885812478256,0.0900885812478256,0.0900885812478256,0.0900885812478256,0.6735009409395737,0.6735009409395737,0.6735009409395737,0.6735009409395737,0.6735009409395737,0.12009837793495105,0.12009837793495105,0.12009837793495105,0.12009837793495105,0.12009837793495105,1.0,1.0,1.0,1.0,1.0,0.0018554763785507413,0.0018554763785507413,0.0018554763785507413,0.0018554763785507413,0.0018554763785507413,0.07974409203545979,0.07974409203545979,0.07974409203545979,0.07974409203545979,0.07974409203545979,0.0,0.0,0.0,0.0,0.0,0.056021440721549354,0.056021440721549354,0.056021440721549354,0.056021440721549354,0.056021440721549354
valid_spatial_reflection,hybrid,6,1,0.9965247143873048,0.9965247143873048,0.9965247143873048,0.9965247143873048,0.9965247143873048,0.07117340733428837,0.07117340733428837,0.07117340733428837,0.07117340733428837,0.07117340733428837,0.11631338481293252,0.11631338481293252,0.11631338481293252,0.11631338481293252,0.11631338481293252,0.24928446835529447,0.24928446835529447,0.24928446835529447,0.24928446835529447,0.24928446835529447,0.088571250678042,0.088571250678042,0.088571250678042,0.088571250678042,0.088571250678042,1.0,1.0,1.0,1.0,1.0,0.0008588026800424142,0.0008588026800424142,0.0008588026800424142,0.0008588026800424142,0.0008588026800424142,0.07974409203545979,0.07974409203545979,0.07974409203545979,0.07974409203545979,0.07974409203545979,0.0,0.0,0.0,0.0,0.0,0.026224803565106924,0.026224803565106924,0.026224803565106924,0.026224803565106924,0.026224803565106924
valid_spatial_reflection,hybrid,7,1,0.9971004196828538,0.9971004196828538,0.9971004196828538,0.9971004196828538,0.9971004196828538,0.06146883497734512,0.06146883497734512,0.06146883497734512,0.06146883497734512,0.06146883497734512,0.1533703298539244,0.1533703298539244,0.1533703298539244,0.1533703298539244,0.1533703298539244,0.19244654262896385,0.19244654262896385,0.19244654262896385,0.19244654262896385,0.19244654262896385,0.08010298138995636,0.08010298138995636,0.08010298138995636,0.08010298138995636,0.08010298138995636,1.0,1.0,1.0,1.0,1.0,0.0007987325734886148,0.0007987325734886148,0.0007987325734886148,0.0007987325734886148,0.0007987325734886148,0.07974409203545979,0.07974409203545979,0.07974409203545979,0.07974409203545979,0.07974409203545979,0.0,0.0,0.0,0.0,0.0,0.037056945040991884,0.037056945040991884,0.037056945040991884,0.037056945040991884,0.037056945040991884
valid_spatial_reflection,hybrid,8,1,0.9969043797821564,0.9969043797821564,0.9969043797821564,0.9969043797821564,0.9969043797821564,0.06289530576577033,0.06289530576577033,0.06289530576577033,0.06289530576577033,0.06289530576577033,0.10111255706077227,0.10111255706077227,0.10111255706077227,0.10111255706077227,0.10111255706077227,0.12081988031940948,0.12081988031940948,0.12081988031940948,0.12081988031940948,0.12081988031940948,0.06688403234952121,0.06688403234952121,0.06688403234952121,0.06688403234952121,0.06688403234952121,1.0,1.0,1.0,1.0,1.0,0.0013672538657712328,0.0013672538657712328,0.0013672538657712328,0.0013672538657712328,0.0013672538657712328,0.07974409203545979,0.07974409203545979,0.07974409203545979,0.07974409203545979,0.07974409203545979,0.0,0.0,0.0,0.0,0.0,0.052257772793152135,0.052257772793152135,0.052257772793152135,0.052257772793152135,0.052257772793152135
valid_spatial_reflection,hybrid,9,1,0.9814675639234369,0.9814675639234369,0.9814675639234369,0.9814675639234369,0.9814675639234369,0.1200468611566672,0.1200468611566672,0.1200468611566672,0.1200468611566672,0.1200468611566672,0.2199418317349613,0.2199418317349613,0.2199418317349613,0.2199418317349613,0.2199418317349613,0.13584609857021024,0.13584609857021024,0.13584609857021024,0.13584609857021024,0.13584609857021024,0.13246142196691946,0.13246142196691946,0.13246142196691946,0.13246142196691946,0.13246142196691946,1.0,1.0,1.0,1.0,1.0,0.002231833063299353,0.002231833063299353,0.002231833063299353,0.002231833063299353,0.002231833063299353,0.07974409203545979,0.07974409203545979,0.07974409203545979,0.07974409203545979,0.07974409203545979,0.0,0.0,0.0,0.0,0.0,0.11882927467418902,0.11882927467418902,0.11882927467418902,0.11882927467418902,0.11882927467418902
valid_spatial_reflection,hybrid,10,1,0.996615174590939,0.996615174590939,0.996615174590939,0.996615174590939,0.996615174590939,0.07347101554765058,0.07347101554765058,0.07347101554765058,0.07347101554765058,0.07347101554765058,0.07218257952918794,0.07218257952918794,0.07218257952918794,0.07218257952918794,0.07218257952918794,0.10330361883329382,0.10330361883329382,0.10330361883329382,0.10330361883329382,0.10330361883329382,0.08117143299851838,0.08117143299851838,0.08117143299851838,0.08117143299851838,0.08117143299851838,1.0,1.0,1.0,1.0,1.0,0.0008884289505506261,0.0008884289505506261,0.0008884289505506261,0.0008884289505506261,0.0008884289505506261,0.07974409203545979,0.07974409203545979,0.07974409203545979,0.07974409203545979,0.07974409203545979,0.0,0.0,0.0,0.0,0.0,0.14775925220577335,0.14775925220577335,0.14775925220577335,0.14775925220577335,0.14775925220577335
valid_spatial_reflection,initial_ritz,0,1,0.9999523568145339,0.9999523568145339,0.9999523568145339,0.9999523568145339,0.9999523568145339,0.026444689713300083,0.026444689713300083,0.026444689713300083,0.026444689713300083,0.026444689713300083,7.539477744877843e-05,7.539477744877843e-05,7.539477744877843e-05,7.539477744877843e-05,7.539477744877843e-05,0.01448215867423832,0.01448215867423832,0.01448215867423832,0.01448215867423832,0.01448215867423832,0.010200339018355434,0.010200339018355434,0.010200339018355434,0.010200339018355434,0.010200339018355434,1.0,1.0,1.0,1.0,1.0,,,,,,1.333808836934125e-06,1.333808836934125e-06,1.333808836934125e-06,1.333808836934125e-06,1.333808836934125e-06,0.0,0.0,0.0,0.0,0.0,,,,,
valid_spatial_reflection,initial_ritz,1,1,0.9998462404034699,0.9998462404034699,0.9998462404034699,0.9998462404034699,0.9998462404034699,0.034065627101771724,0.034065627101771724,0.034065627101771724,0.034065627101771724,0.034065627101771724,0.0009767807136276119,0.0009767807136276119,0.0009767807136276119,0.0009767807136276119,0.0009767807136276119,0.040190868657845366,0.040190868657845366,0.040190868657845366,0.040190868657845366,0.040190868657845366,0.014692369958453142,0.014692369958453142,0.014692369958453142,0.014692369958453142,0.014692369958453142,1.0,1.0,1.0,1.0,1.0,,,,,,1.333808836934125e-06,1.333808836934125e-06,1.333808836934125e-06,1.333808836934125e-06,1.333808836934125e-06,0.0,0.0,0.0,0.0,0.0,0.0009013859361788334,0.0009013859361788334,0.0009013859361788334,0.0009013859361788334,0.0009013859361788334
valid_spatial_reflection,initial_ritz,2,1,0.9997036702740945,0.9997036702740945,0.9997036702740945,0.9997036702740945,0.9997036702740945,0.04075719313579928,0.04075719313579928,0.04075719313579928,0.04075719313579928,0.04075719313579928,0.0022715295771398303,0.0022715295771398303,0.0022715295771398303,0.0022715295771398303,0.0022715295771398303,0.09747826442817324,0.09747826442817324,0.09747826442817324,0.09747826442817324,0.09747826442817324,0.024717043159450697,0.024717043159450697,0.024717043159450697,0.024717043159450697,0.024717043159450697,1.0,1.0,1.0,1.0,1.0,,,,,,1.333808836934125e-06,1.333808836934125e-06,1.333808836934125e-06,1.333808836934125e-06,1.333808836934125e-06,0.0,0.0,0.0,0.0,0.0,0.0012947488635122184,0.0012947488635122184,0.0012947488635122184,0.0012947488635122184,0.0012947488635122184
valid_spatial_reflection,initial_ritz,3,1,0.9993835669265488,0.9993835669265488,0.9993835669265488,0.9993835669265488,0.9993835669265488,0.08001272471444759,0.08001272471444759,0.08001272471444759,0.08001272471444759,0.08001272471444759,0.0027276382664132015,0.0027276382664132015,0.0027276382664132015,0.0027276382664132015,0.0027276382664132015,0.21182487703161668,0.21182487703161668,0.21182487703161668,0.21182487703161668,0.21182487703161668,0.026660745523393415,0.026660745523393415,0.026660745523393415,0.026660745523393415,0.026660745523393415,1.0,1.0,1.0,1.0,1.0,0.0013482681705489297,0.0013482681705489297,0.0013482681705489297,0.0013482681705489297,0.0013482681705489297,1.333808836934125e-06,1.333808836934125e-06,1.333808836934125e-06,1.333808836934125e-06,1.333808836934125e-06,0.0,0.0,0.0,0.0,0.0,0.004999167843553032,0.004999167843553032,0.004999167843553032,0.004999167843553032,0.004999167843553032
valid_spatial_reflection,initial_ritz,4,1,0.9996215105092835,0.9996215105092835,0.9996215105092835,0.9996215105092835,0.9996215105092835,0.03415856603535399,0.03415856603535399,0.03415856603535399,0.03415856603535399,0.03415856603535399,0.001427167555388742,0.001427167555388742,0.001427167555388742,0.001427167555388742,0.001427167555388742,0.2978412648972519,0.2978412648972519,0.2978412648972519,0.2978412648972519,0.2978412648972519,0.02305927259036227,0.02305927259036227,0.02305927259036227,0.02305927259036227,0.02305927259036227,1.0,1.0,1.0,1.0,1.0,,,,,,1.333808836934125e-06,1.333808836934125e-06,1.333808836934125e-06,1.333808836934125e-06,1.333808836934125e-06,0.0,0.0,0.0,0.0,0.0,0.0041548058218019435,0.0041548058218019435,0.0041548058218019435,0.0041548058218019435,0.0041548058218019435
valid_spatial_reflection,initial_ritz,5,1,0.9995883089070398,0.9995883089070398,0.9995883089070398,0.9995883089070398,0.9995883089070398,0.04235819166993221,0.04235819166993221,0.04235819166993221,0.04235819166993221,0.04235819166993221,0.0009953282313537315,0.0009953282313537315,0.0009953282313537315,0.0009953282313537315,0.0009953282313537315,0.3440447058578202,0.3440447058578202,0.3440447058578202,0.3440447058578202,0.3440447058578202,0.027557595120853647,0.027557595120853647,0.027557595120853647,0.027557595120853647,0.027557595120853647,1.0,1.0,1.0,1.0,1.0,0.00046596526856751235,0.00046596526856751235,0.00046596526856751235,0.00046596526856751235,0.00046596526856751235,1.333808836934125e-06,1.333808836934125e-06,1.333808836934125e-06,1.333808836934125e-06,1.333808836934125e-06,0.0,0.0,0.0,0.0,0.0,0.0004318542251962043,0.0004318542251962043,0.0004318542251962043,0.0004318542251962043,0.0004318542251962043
valid_spatial_reflection,initial_ritz,6,1,0.9990217703856187,0.9990217703856187,0.9990217703856187,0.9990217703856187,0.9990217703856187,0.05826061237573344,0.05826061237573344,0.05826061237573344,0.05826061237573344,0.05826061237573344,0.0010469090522713387,0.0010469090522713387,0.0010469090522713387,0.0010469090522713387,0.0010469090522713387,0.174744917008892,0.174744917008892,0.174744917008892,0.174744917008892,0.174744917008892,0.043447427763475724,0.043447427763475724,0.043447427763475724,0.043447427763475724,0.043447427763475724,1.0,1.0,1.0,1.0,1.0,0.00031465037720237467,0.00031465037720237467,0.00031465037720237467,0.00031465037720237467,0.00031465037720237467,1.333808836934125e-06,1.333808836934125e-06,1.333808836934125e-06,1.333808836934125e-06,1.333808836934125e-06,0.0,0.0,0.0,0.0,0.0,0.002042252184786264,0.002042252184786264,0.002042252184786264,0.002042252184786264,0.002042252184786264
valid_spatial_reflection,initial_ritz,7,1,0.9993694053905051,0.9993694053905051,0.9993694053905051,0.9993694053905051,0.9993694053905051,0.04496569891436468,0.04496569891436468,0.04496569891436468,0.04496569891436468,0.04496569891436468,0.0005745382279478406,0.0005745382279478406,0.0005745382279478406,0.0005745382279478406,0.0005745382279478406,0.14562559335606387,0.14562559335606387,0.14562559335606387,0.14562559335606387,0.14562559335606387,0.032263506550792354,0.032263506550792354,0.032263506550792354,0.032263506550792354,0.032263506550792354,1.0,1.0,1.0,1.0,1.0,0.000347739232509675,0.000347739232509675,0.000347739232509675,0.000347739232509675,0.000347739232509675,1.333808836934125e-06,1.333808836934125e-06,1.333808836934125e-06,1.333808836934125e-06,1.333808836934125e-06,0.0,0.0,0.0,0.0,0.0,0.0016214472802191793,0.0016214472802191793,0.0016214472802191793,0.0016214472802191793,0.0016214472802191793
valid_spatial_reflection,initial_ritz,8,1,0.9991781880299613,0.9991781880299613,0.9991781880299613,0.9991781880299613,0.9991781880299613,0.04597255171888688,0.04597255171888688,0.04597255171888688,0.04597255171888688,0.04597255171888688,0.000902605660015432,0.000902605660015432,0.000902605660015432,0.000902605660015432,0.000902605660015432,0.1016264789271637,0.1016264789271637,0.1016264789271637,0.1016264789271637,0.1016264789271637,0.03363277329178019,0.03363277329178019,0.03363277329178019,0.03363277329178019,0.03363277329178019,1.0,1.0,1.0,1.0,1.0,0.0004610305890532901,0.0004610305890532901,0.0004610305890532901,0.0004610305890532901,0.0004610305890532901,1.333808836934125e-06,1.333808836934125e-06,1.333808836934125e-06,1.333808836934125e-06,1.333808836934125e-06,0.0,0.0,0.0,0.0,0.0,0.00032806743206759137,0.00032806743206759137,0.00032806743206759137,0.00032806743206759137,0.00032806743206759137
valid_spatial_reflection,initial_ritz,9,1,0.9969848405906582,0.9969848405906582,0.9969848405906582,0.9969848405906582,0.9969848405906582,0.07461917450950602,0.07461917450950602,0.07461917450950602,0.07461917450950602,0.07461917450950602,0.0011726845232784555,0.0011726845232784555,0.0011726845232784555,0.0011726845232784555,0.0011726845232784555,0.09399387274877014,0.09399387274877014,0.09399387274877014,0.09399387274877014,0.09399387274877014,0.07996858576629512,0.07996858576629512,0.07996858576629512,0.07996858576629512,0.07996858576629512,1.0,1.0,1.0,1.0,1.0,0.0009985121633871675,0.0009985121633871675,0.0009985121633871675,0.0009985121633871675,0.0009985121633871675,1.333808836934125e-06,1.333808836934125e-06,1.333808836934125e-06,1.333808836934125e-06,1.333808836934125e-06,0.0,0.0,0.0,0.0,0.0,0.0020752901832938875,0.0020752901832938875,0.0020752901832938875,0.0020752901832938875,0.0020752901832938875
valid_spatial_reflection,initial_ritz,10,1,0.9981728489615994,0.9981728489615994,0.9981728489615994,0.9981728489615994,0.9981728489615994,0.06815035927826457,0.06815035927826457,0.06815035927826457,0.06815035927826457,0.06815035927826457,0.0012672705532095208,0.0012672705532095208,0.0012672705532095208,0.0012672705532095208,0.0012672705532095208,0.0965670243378502,0.0965670243378502,0.0965670243378502,0.0965670243378502,0.0965670243378502,0.05409915743159462,0.05409915743159462,0.05409915743159462,0.05409915743159462,0.05409915743159462,1.0,1.0,1.0,1.0,1.0,0.0004889515873261044,0.0004889515873261044,0.0004889515873261044,0.0004889515873261044,0.0004889515873261044,1.333808836934125e-06,1.333808836934125e-06,1.333808836934125e-06,1.333808836934125e-06,1.333808836934125e-06,0.0,0.0,0.0,0.0,0.0,9.458602993106524e-05,9.458602993106524e-05,9.458602993106524e-05,9.458602993106524e-05,9.458602993106524e-05
variable_uniform_resolution,direct_topology,0,1,0.9999423816282934,0.9999423816282934,0.9999423816282934,0.9999423816282934,0.9999423816282934,0.012856546446737291,0.012856546446737291,0.012856546446737291,0.012856546446737291,0.012856546446737291,0.0018001350090155466,0.0018001350090155466,0.0018001350090155466,0.0018001350090155466,0.0018001350090155466,0.03034445099162744,0.03034445099162744,0.03034445099162744,0.03034445099162744,0.03034445099162744,0.010253852485908758,0.010253852485908758,0.010253852485908758,0.010253852485908758,0.010253852485908758,1.0,1.0,1.0,1.0,1.0,0.0,0.0,0.0,0.0,0.0,0.02586329309238579,0.02586329309238579,0.02586329309238579,0.02586329309238579,0.02586329309238579,0.0,0.0,0.0,0.0,0.0,,,,,
variable_uniform_resolution,direct_topology,1,1,0.9999315109243856,0.9999315109243856,0.9999315109243856,0.9999315109243856,0.9999315109243856,0.016489967078000118,0.016489967078000118,0.016489967078000118,0.016489967078000118,0.016489967078000118,0.009405024158565034,0.009405024158565034,0.009405024158565034,0.009405024158565034,0.009405024158565034,0.019851087369058287,0.019851087369058287,0.019851087369058287,0.019851087369058287,0.019851087369058287,0.00980128107391948,0.00980128107391948,0.00980128107391948,0.00980128107391948,0.00980128107391948,1.0,1.0,1.0,1.0,1.0,0.00050539362906593,0.00050539362906593,0.00050539362906593,0.00050539362906593,0.00050539362906593,0.02586329309238579,0.02586329309238579,0.02586329309238579,0.02586329309238579,0.02586329309238579,0.0,0.0,0.0,0.0,0.0,0.01120515916758058,0.01120515916758058,0.01120515916758058,0.01120515916758058,0.01120515916758058
variable_uniform_resolution,direct_topology,2,1,0.9987891094117994,0.9987891094117994,0.9987891094117994,0.9987891094117994,0.9987891094117994,0.034373467226868376,0.034373467226868376,0.034373467226868376,0.034373467226868376,0.034373467226868376,0.01077123279189296,0.01077123279189296,0.01077123279189296,0.01077123279189296,0.01077123279189296,0.03241884738057723,0.03241884738057723,0.03241884738057723,0.03241884738057723,0.03241884738057723,0.05291025073425368,0.05291025073425368,0.05291025073425368,0.05291025073425368,0.05291025073425368,1.0,1.0,1.0,1.0,1.0,0.000993140380983597,0.000993140380983597,0.000993140380983597,0.000993140380983597,0.000993140380983597,0.02586329309238579,0.02586329309238579,0.02586329309238579,0.02586329309238579,0.02586329309238579,0.0,0.0,0.0,0.0,0.0,0.020176256950457994,0.020176256950457994,0.020176256950457994,0.020176256950457994,0.020176256950457994
variable_uniform_resolution,direct_topology,3,1,0.9998413055030441,0.9998413055030441,0.9998413055030441,0.9998413055030441,0.9998413055030441,0.019644336839829215,0.019644336839829215,0.019644336839829215,0.019644336839829215,0.019644336839829215,0.014390311038413817,0.014390311038413817,0.014390311038413817,0.014390311038413817,0.014390311038413817,0.019768155016936684,0.019768155016936684,0.019768155016936684,0.019768155016936684,0.019768155016936684,0.01680857511166703,0.01680857511166703,0.01680857511166703,0.01680857511166703,0.01680857511166703,1.0,1.0,1.0,1.0,1.0,0.0002294003080151205,0.0002294003080151205,0.0002294003080151205,0.0002294003080151205,0.0002294003080151205,0.02586329309238579,0.02586329309238579,0.02586329309238579,0.02586329309238579,0.02586329309238579,0.0,0.0,0.0,0.0,0.0,0.025161543830306776,0.025161543830306776,0.025161543830306776,0.025161543830306776,0.025161543830306776
variable_uniform_resolution,direct_topology,4,1,0.9997087463171926,0.9997087463171926,0.9997087463171926,0.9997087463171926,0.9997087463171926,0.0213557082482005,0.0213557082482005,0.0213557082482005,0.0213557082482005,0.0213557082482005,0.05457669722231273,0.05457669722231273,0.05457669722231273,0.05457669722231273,0.05457669722231273,0.011249278529545432,0.011249278529545432,0.011249278529545432,0.011249278529545432,0.011249278529545432,0.017075724276793703,0.017075724276793703,0.017075724276793703,0.017075724276793703,0.017075724276793703,1.0,1.0,1.0,1.0,1.0,0.0005910795321831106,0.0005910795321831106,0.0005910795321831106,0.0005910795321831106,0.0005910795321831106,0.02586329309238579,0.02586329309238579,0.02586329309238579,0.02586329309238579,0.02586329309238579,0.0,0.0,0.0,0.0,0.0,0.06896700826072655,0.06896700826072655,0.06896700826072655,0.06896700826072655,0.06896700826072655
variable_uniform_resolution,direct_topology,5,1,0.9998298239523467,0.9998298239523467,0.9998298239523467,0.9998298239523467,0.9998298239523467,0.012824419398752543,0.012824419398752543,0.012824419398752543,0.012824419398752543,0.012824419398752543,0.006569647190980632,0.006569647190980632,0.006569647190980632,0.006569647190980632,0.006569647190980632,0.005752748878285101,0.005752748878285101,0.005752748878285101,0.005752748878285101,0.005752748878285101,0.01446041463119534,0.01446041463119534,0.01446041463119534,0.01446041463119534,0.01446041463119534,1.0,1.0,1.0,1.0,1.0,0.00020753901965855941,0.00020753901965855941,0.00020753901965855941,0.00020753901965855941,0.00020753901965855941,0.02586329309238579,0.02586329309238579,0.02586329309238579,0.02586329309238579,0.02586329309238579,0.0,0.0,0.0,0.0,0.0,0.06114634441329336,0.06114634441329336,0.06114634441329336,0.06114634441329336,0.06114634441329336
variable_uniform_resolution,direct_topology,6,1,0.9998567718917032,0.9998567718917032,0.9998567718917032,0.9998567718917032,0.9998567718917032,0.013804060395041508,0.013804060395041508,0.013804060395041508,0.013804060395041508,0.013804060395041508,0.15283963048863747,0.15283963048863747,0.15283963048863747,0.15283963048863747,0.15283963048863747,0.014679235015573156,0.014679235015573156,0.014679235015573156,0.014679235015573156,0.014679235015573156,0.013855799253966673,0.013855799253966673,0.013855799253966673,0.013855799253966673,0.013855799253966673,1.0,1.0,1.0,1.0,1.0,0.00020511233732679025,0.00020511233732679025,0.00020511233732679025,0.00020511233732679025,0.00020511233732679025,0.02586329309238579,0.02586329309238579,0.02586329309238579,0.02586329309238579,0.02586329309238579,0.0,0.0,0.0,0.0,0.0,0.1594092776796181,0.1594092776796181,0.1594092776796181,0.1594092776796181,0.1594092776796181
variable_uniform_resolution,direct_topology,7,1,0.9997315190356966,0.9997315190356966,0.9997315190356966,0.9997315190356966,0.9997315190356966,0.02271137628938898,0.02271137628938898,0.02271137628938898,0.02271137628938898,0.02271137628938898,0.05030500210429878,0.05030500210429878,0.05030500210429878,0.05030500210429878,0.05030500210429878,0.01470586814891058,0.01470586814891058,0.01470586814891058,0.01470586814891058,0.01470586814891058,0.014877510629505776,0.014877510629505776,0.014877510629505776,0.014877510629505776,0.014877510629505776,1.0,1.0,1.0,1.0,1.0,0.0003441904769804629,0.0003441904769804629,0.0003441904769804629,0.0003441904769804629,0.0003441904769804629,0.02586329309238579,0.02586329309238579,0.02586329309238579,0.02586329309238579,0.02586329309238579,0.0,0.0,0.0,0.0,0.0,0.10253462838433869,0.10253462838433869,0.10253462838433869,0.10253462838433869,0.10253462838433869
variable_uniform_resolution,direct_topology,8,1,0.9996576837409229,0.9996576837409229,0.9996576837409229,0.9996576837409229,0.9996576837409229,0.028705692450872837,0.028705692450872837,0.028705692450872837,0.028705692450872837,0.028705692450872837,0.06018855997493944,0.06018855997493944,0.06018855997493944,0.06018855997493944,0.06018855997493944,0.019192744639731474,0.019192744639731474,0.019192744639731474,0.019192744639731474,0.019192744639731474,0.018753041656181323,0.018753041656181323,0.018753041656181323,0.018753041656181323,0.018753041656181323,1.0,1.0,1.0,1.0,1.0,0.000390952063949581,0.000390952063949581,0.000390952063949581,0.000390952063949581,0.000390952063949581,0.02586329309238579,0.02586329309238579,0.02586329309238579,0.02586329309238579,0.02586329309238579,0.0,0.0,0.0,0.0,0.0,0.009883557870640658,0.009883557870640658,0.009883557870640658,0.009883557870640658,0.009883557870640658
variable_uniform_resolution,direct_topology,9,1,0.9995479837010893,0.9995479837010893,0.9995479837010893,0.9995479837010893,0.9995479837010893,0.03486888940270222,0.03486888940270222,0.03486888940270222,0.03486888940270222,0.03486888940270222,0.20384286560101295,0.20384286560101295,0.20384286560101295,0.20384286560101295,0.20384286560101295,0.02531211118692578,0.02531211118692578,0.02531211118692578,0.02531211118692578,0.02531211118692578,0.021602649288625625,0.021602649288625625,0.021602649288625625,0.021602649288625625,0.021602649288625625,1.0,1.0,1.0,1.0,1.0,0.00040274335995912577,0.00040274335995912577,0.00040274335995912577,0.00040274335995912577,0.00040274335995912577,0.02586329309238579,0.02586329309238579,0.02586329309238579,0.02586329309238579,0.02586329309238579,0.0,0.0,0.0,0.0,0.0,0.2640314255759524,0.2640314255759524,0.2640314255759524,0.2640314255759524,0.2640314255759524
variable_uniform_resolution,direct_topology,10,1,0.9994059272597914,0.9994059272597914,0.9994059272597914,0.9994059272597914,0.9994059272597914,0.040877462104314165,0.040877462104314165,0.040877462104314165,0.040877462104314165,0.040877462104314165,0.01738649313882945,0.01738649313882945,0.01738649313882945,0.01738649313882945,0.01738649313882945,0.02576615345541598,0.02576615345541598,0.02576615345541598,0.02576615345541598,0.02576615345541598,0.025970056464833524,0.025970056464833524,0.025970056464833524,0.025970056464833524,0.025970056464833524,1.0,1.0,1.0,1.0,1.0,0.0004473123682568465,0.0004473123682568465,0.0004473123682568465,0.0004473123682568465,0.0004473123682568465,0.02586329309238579,0.02586329309238579,0.02586329309238579,0.02586329309238579,0.02586329309238579,0.0,0.0,0.0,0.0,0.0,0.2212293587398424,0.2212293587398424,0.2212293587398424,0.2212293587398424,0.2212293587398424
variable_uniform_resolution,hybrid,0,1,0.9999423816282934,0.9999423816282934,0.9999423816282934,0.9999423816282934,0.9999423816282934,0.012856546446737291,0.012856546446737291,0.012856546446737291,0.012856546446737291,0.012856546446737291,0.0018001350090155466,0.0018001350090155466,0.0018001350090155466,0.0018001350090155466,0.0018001350090155466,0.03034445099162744,0.03034445099162744,0.03034445099162744,0.03034445099162744,0.03034445099162744,0.010253852485908758,0.010253852485908758,0.010253852485908758,0.010253852485908758,0.010253852485908758,1.0,1.0,1.0,1.0,1.0,0.0,0.0,0.0,0.0,0.0,0.02586329309238579,0.02586329309238579,0.02586329309238579,0.02586329309238579,0.02586329309238579,0.0,0.0,0.0,0.0,0.0,,,,,
variable_uniform_resolution,hybrid,1,1,0.9999315109243856,0.9999315109243856,0.9999315109243856,0.9999315109243856,0.9999315109243856,0.016489967078000118,0.016489967078000118,0.016489967078000118,0.016489967078000118,0.016489967078000118,0.009405024158565034,0.009405024158565034,0.009405024158565034,0.009405024158565034,0.009405024158565034,0.019851087369058287,0.019851087369058287,0.019851087369058287,0.019851087369058287,0.019851087369058287,0.00980128107391948,0.00980128107391948,0.00980128107391948,0.00980128107391948,0.00980128107391948,1.0,1.0,1.0,1.0,1.0,0.00050539362906593,0.00050539362906593,0.00050539362906593,0.00050539362906593,0.00050539362906593,0.02586329309238579,0.02586329309238579,0.02586329309238579,0.02586329309238579,0.02586329309238579,0.0,0.0,0.0,0.0,0.0,0.01120515916758058,0.01120515916758058,0.01120515916758058,0.01120515916758058,0.01120515916758058
variable_uniform_resolution,hybrid,2,1,0.9987891094117994,0.9987891094117994,0.9987891094117994,0.9987891094117994,0.9987891094117994,0.034373467226868376,0.034373467226868376,0.034373467226868376,0.034373467226868376,0.034373467226868376,0.01077123279189296,0.01077123279189296,0.01077123279189296,0.01077123279189296,0.01077123279189296,0.03241884738057723,0.03241884738057723,0.03241884738057723,0.03241884738057723,0.03241884738057723,0.05291025073425368,0.05291025073425368,0.05291025073425368,0.05291025073425368,0.05291025073425368,1.0,1.0,1.0,1.0,1.0,0.000993140380983597,0.000993140380983597,0.000993140380983597,0.000993140380983597,0.000993140380983597,0.02586329309238579,0.02586329309238579,0.02586329309238579,0.02586329309238579,0.02586329309238579,0.0,0.0,0.0,0.0,0.0,0.020176256950457994,0.020176256950457994,0.020176256950457994,0.020176256950457994,0.020176256950457994
variable_uniform_resolution,hybrid,3,1,0.9998413055030441,0.9998413055030441,0.9998413055030441,0.9998413055030441,0.9998413055030441,0.019644336839829215,0.019644336839829215,0.019644336839829215,0.019644336839829215,0.019644336839829215,0.014390311038413817,0.014390311038413817,0.014390311038413817,0.014390311038413817,0.014390311038413817,0.019768155016936684,0.019768155016936684,0.019768155016936684,0.019768155016936684,0.019768155016936684,0.01680857511166703,0.01680857511166703,0.01680857511166703,0.01680857511166703,0.01680857511166703,1.0,1.0,1.0,1.0,1.0,0.0002294003080151205,0.0002294003080151205,0.0002294003080151205,0.0002294003080151205,0.0002294003080151205,0.02586329309238579,0.02586329309238579,0.02586329309238579,0.02586329309238579,0.02586329309238579,0.0,0.0,0.0,0.0,0.0,0.025161543830306776,0.025161543830306776,0.025161543830306776,0.025161543830306776,0.025161543830306776
variable_uniform_resolution,hybrid,4,1,0.9997087463171926,0.9997087463171926,0.9997087463171926,0.9997087463171926,0.9997087463171926,0.0213557082482005,0.0213557082482005,0.0213557082482005,0.0213557082482005,0.0213557082482005,0.05457669722231273,0.05457669722231273,0.05457669722231273,0.05457669722231273,0.05457669722231273,0.011249278529545432,0.011249278529545432,0.011249278529545432,0.011249278529545432,0.011249278529545432,0.017075724276793703,0.017075724276793703,0.017075724276793703,0.017075724276793703,0.017075724276793703,1.0,1.0,1.0,1.0,1.0,0.0005910795321831106,0.0005910795321831106,0.0005910795321831106,0.0005910795321831106,0.0005910795321831106,0.02586329309238579,0.02586329309238579,0.02586329309238579,0.02586329309238579,0.02586329309238579,0.0,0.0,0.0,0.0,0.0,0.06896700826072655,0.06896700826072655,0.06896700826072655,0.06896700826072655,0.06896700826072655
variable_uniform_resolution,hybrid,5,1,0.9998298239523467,0.9998298239523467,0.9998298239523467,0.9998298239523467,0.9998298239523467,0.012824419398752543,0.012824419398752543,0.012824419398752543,0.012824419398752543,0.012824419398752543,0.006569647190980632,0.006569647190980632,0.006569647190980632,0.006569647190980632,0.006569647190980632,0.005752748878285101,0.005752748878285101,0.005752748878285101,0.005752748878285101,0.005752748878285101,0.01446041463119534,0.01446041463119534,0.01446041463119534,0.01446041463119534,0.01446041463119534,1.0,1.0,1.0,1.0,1.0,0.00020753901965855941,0.00020753901965855941,0.00020753901965855941,0.00020753901965855941,0.00020753901965855941,0.02586329309238579,0.02586329309238579,0.02586329309238579,0.02586329309238579,0.02586329309238579,0.0,0.0,0.0,0.0,0.0,0.06114634441329336,0.06114634441329336,0.06114634441329336,0.06114634441329336,0.06114634441329336
variable_uniform_resolution,hybrid,6,1,0.9998567718917032,0.9998567718917032,0.9998567718917032,0.9998567718917032,0.9998567718917032,0.013804060395041508,0.013804060395041508,0.013804060395041508,0.013804060395041508,0.013804060395041508,0.15283963048863747,0.15283963048863747,0.15283963048863747,0.15283963048863747,0.15283963048863747,0.014679235015573156,0.014679235015573156,0.014679235015573156,0.014679235015573156,0.014679235015573156,0.013855799253966673,0.013855799253966673,0.013855799253966673,0.013855799253966673,0.013855799253966673,1.0,1.0,1.0,1.0,1.0,0.00020511233732679025,0.00020511233732679025,0.00020511233732679025,0.00020511233732679025,0.00020511233732679025,0.02586329309238579,0.02586329309238579,0.02586329309238579,0.02586329309238579,0.02586329309238579,0.0,0.0,0.0,0.0,0.0,0.1594092776796181,0.1594092776796181,0.1594092776796181,0.1594092776796181,0.1594092776796181
variable_uniform_resolution,hybrid,7,1,0.9997315190356966,0.9997315190356966,0.9997315190356966,0.9997315190356966,0.9997315190356966,0.02271137628938898,0.02271137628938898,0.02271137628938898,0.02271137628938898,0.02271137628938898,0.05030500210429878,0.05030500210429878,0.05030500210429878,0.05030500210429878,0.05030500210429878,0.01470586814891058,0.01470586814891058,0.01470586814891058,0.01470586814891058,0.01470586814891058,0.014877510629505776,0.014877510629505776,0.014877510629505776,0.014877510629505776,0.014877510629505776,1.0,1.0,1.0,1.0,1.0,0.0003441904769804629,0.0003441904769804629,0.0003441904769804629,0.0003441904769804629,0.0003441904769804629,0.02586329309238579,0.02586329309238579,0.02586329309238579,0.02586329309238579,0.02586329309238579,0.0,0.0,0.0,0.0,0.0,0.10253462838433869,0.10253462838433869,0.10253462838433869,0.10253462838433869,0.10253462838433869
variable_uniform_resolution,hybrid,8,1,0.9996576837409229,0.9996576837409229,0.9996576837409229,0.9996576837409229,0.9996576837409229,0.028705692450872837,0.028705692450872837,0.028705692450872837,0.028705692450872837,0.028705692450872837,0.06018855997493944,0.06018855997493944,0.06018855997493944,0.06018855997493944,0.06018855997493944,0.019192744639731474,0.019192744639731474,0.019192744639731474,0.019192744639731474,0.019192744639731474,0.018753041656181323,0.018753041656181323,0.018753041656181323,0.018753041656181323,0.018753041656181323,1.0,1.0,1.0,1.0,1.0,0.000390952063949581,0.000390952063949581,0.000390952063949581,0.000390952063949581,0.000390952063949581,0.02586329309238579,0.02586329309238579,0.02586329309238579,0.02586329309238579,0.02586329309238579,0.0,0.0,0.0,0.0,0.0,0.009883557870640658,0.009883557870640658,0.009883557870640658,0.009883557870640658,0.009883557870640658
variable_uniform_resolution,hybrid,9,1,0.9995479837010893,0.9995479837010893,0.9995479837010893,0.9995479837010893,0.9995479837010893,0.03486888940270222,0.03486888940270222,0.03486888940270222,0.03486888940270222,0.03486888940270222,0.20384286560101295,0.20384286560101295,0.20384286560101295,0.20384286560101295,0.20384286560101295,0.02531211118692578,0.02531211118692578,0.02531211118692578,0.02531211118692578,0.02531211118692578,0.021602649288625625,0.021602649288625625,0.021602649288625625,0.021602649288625625,0.021602649288625625,1.0,1.0,1.0,1.0,1.0,0.00040274335995912577,0.00040274335995912577,0.00040274335995912577,0.00040274335995912577,0.00040274335995912577,0.02586329309238579,0.02586329309238579,0.02586329309238579,0.02586329309238579,0.02586329309238579,0.0,0.0,0.0,0.0,0.0,0.2640314255759524,0.2640314255759524,0.2640314255759524,0.2640314255759524,0.2640314255759524
variable_uniform_resolution,hybrid,10,1,0.9994059272597914,0.9994059272597914,0.9994059272597914,0.9994059272597914,0.9994059272597914,0.040877462104314165,0.040877462104314165,0.040877462104314165,0.040877462104314165,0.040877462104314165,0.01738649313882945,0.01738649313882945,0.01738649313882945,0.01738649313882945,0.01738649313882945,0.02576615345541598,0.02576615345541598,0.02576615345541598,0.02576615345541598,0.02576615345541598,0.025970056464833524,0.025970056464833524,0.025970056464833524,0.025970056464833524,0.025970056464833524,1.0,1.0,1.0,1.0,1.0,0.0004473123682568465,0.0004473123682568465,0.0004473123682568465,0.0004473123682568465,0.0004473123682568465,0.02586329309238579,0.02586329309238579,0.02586329309238579,0.02586329309238579,0.02586329309238579,0.0,0.0,0.0,0.0,0.0,0.2212293587398424,0.2212293587398424,0.2212293587398424,0.2212293587398424,0.2212293587398424
variable_uniform_resolution,initial_ritz,0,1,0.9999972124843947,0.9999972124843947,0.9999972124843947,0.9999972124843947,0.9999972124843947,0.00525792607596752,0.00525792607596752,0.00525792607596752,0.00525792607596752,0.00525792607596752,4.251324387882782e-05,4.251324387882782e-05,4.251324387882782e-05,4.251324387882782e-05,4.251324387882782e-05,0.025247933981992314,0.025247933981992314,0.025247933981992314,0.025247933981992314,0.025247933981992314,0.0016268591162538946,0.0016268591162538946,0.0016268591162538946,0.0016268591162538946,0.0016268591162538946,1.0,1.0,1.0,1.0,1.0,,,,,,1.7968618444275108e-06,1.7968618444275108e-06,1.7968618444275108e-06,1.7968618444275108e-06,1.7968618444275108e-06,0.0,0.0,0.0,0.0,0.0,,,,,
variable_uniform_resolution,initial_ritz,1,1,0.9999921023131392,0.9999921023131392,0.9999921023131392,0.9999921023131392,0.9999921023131392,0.009401650594508804,0.009401650594508804,0.009401650594508804,0.009401650594508804,0.009401650594508804,0.00020825136938906752,0.00020825136938906752,0.00020825136938906752,0.00020825136938906752,0.00020825136938906752,0.016657179487756548,0.016657179487756548,0.016657179487756548,0.016657179487756548,0.016657179487756548,0.0031387358535979624,0.0031387358535979624,0.0031387358535979624,0.0031387358535979624,0.0031387358535979624,1.0,1.0,1.0,1.0,1.0,,,,,,1.7968618444275108e-06,1.7968618444275108e-06,1.7968618444275108e-06,1.7968618444275108e-06,1.7968618444275108e-06,0.0,0.0,0.0,0.0,0.0,0.0001657381255102397,0.0001657381255102397,0.0001657381255102397,0.0001657381255102397,0.0001657381255102397
variable_uniform_resolution,initial_ritz,2,1,0.9999880560344543,0.9999880560344543,0.9999880560344543,0.9999880560344543,0.9999880560344543,0.015164494460389014,0.015164494460389014,0.015164494460389014,0.015164494460389014,0.015164494460389014,0.000467497058860733,0.000467497058860733,0.000467497058860733,0.000467497058860733,0.000467497058860733,0.02589452565809493,0.02589452565809493,0.02589452565809493,0.02589452565809493,0.02589452565809493,0.004052837007871968,0.004052837007871968,0.004052837007871968,0.004052837007871968,0.004052837007871968,1.0,1.0,1.0,1.0,1.0,,,,,,1.7968618444275108e-06,1.7968618444275108e-06,1.7968618444275108e-06,1.7968618444275108e-06,1.7968618444275108e-06,0.0,0.0,0.0,0.0,0.0,0.0002592456894716655,0.0002592456894716655,0.0002592456894716655,0.0002592456894716655,0.0002592456894716655
variable_uniform_resolution,initial_ritz,3,1,0.9999781669443172,0.9999781669443172,0.9999781669443172,0.9999781669443172,0.9999781669443172,0.014447505960239396,0.014447505960239396,0.014447505960239396,0.014447505960239396,0.014447505960239396,0.0011870052457658709,0.0011870052457658709,0.0011870052457658709,0.0011870052457658709,0.0011870052457658709,0.018904837178881417,0.018904837178881417,0.018904837178881417,0.018904837178881417,0.018904837178881417,0.005511369550988439,0.005511369550988439,0.005511369550988439,0.005511369550988439,0.005511369550988439,1.0,1.0,1.0,1.0,1.0,0.00013008075550135207,0.00013008075550135207,0.00013008075550135207,0.00013008075550135207,0.00013008075550135207,1.7968618444275108e-06,1.7968618444275108e-06,1.7968618444275108e-06,1.7968618444275108e-06,1.7968618444275108e-06,0.0,0.0,0.0,0.0,0.0,0.0007195081869051378,0.0007195081869051378,0.0007195081869051378,0.0007195081869051378,0.0007195081869051378
variable_uniform_resolution,initial_ritz,4,1,0.9999878416982625,0.9999878416982625,0.9999878416982625,0.9999878416982625,0.9999878416982625,0.006729775441417041,0.006729775441417041,0.006729775441417041,0.006729775441417041,0.006729775441417041,0.002524676195701403,0.002524676195701403,0.002524676195701403,0.002524676195701403,0.002524676195701403,0.006776773517960793,0.006776773517960793,0.006776773517960793,0.006776773517960793,0.006776773517960793,0.003543948109779634,0.003543948109779634,0.003543948109779634,0.003543948109779634,0.003543948109779634,1.0,1.0,1.0,1.0,1.0,5.6774150307679174e-05,5.6774150307679174e-05,5.6774150307679174e-05,5.6774150307679174e-05,5.6774150307679174e-05,1.7968618444275108e-06,1.7968618444275108e-06,1.7968618444275108e-06,1.7968618444275108e-06,1.7968618444275108e-06,0.0,0.0,0.0,0.0,0.0,0.0013376709499355321,0.0013376709499355321,0.0013376709499355321,0.0013376709499355321,0.0013376709499355321
variable_uniform_resolution,initial_ritz,5,1,0.9999541482055935,0.9999541482055935,0.9999541482055935,0.9999541482055935,0.9999541482055935,0.010172280357531024,0.010172280357531024,0.010172280357531024,0.010172280357531024,0.010172280357531024,0.003660894038267415,0.003660894038267415,0.003660894038267415,0.003660894038267415,0.003660894038267415,0.004572085166995713,0.004572085166995713,0.004572085166995713,0.004572085166995713,0.004572085166995713,0.008766761908589656,0.008766761908589656,0.008766761908589656,0.008766761908589656,0.008766761908589656,1.0,1.0,1.0,1.0,1.0,0.00010912818471115984,0.00010912818471115984,0.00010912818471115984,0.00010912818471115984,0.00010912818471115984,1.7968618444275108e-06,1.7968618444275108e-06,1.7968618444275108e-06,1.7968618444275108e-06,1.7968618444275108e-06,0.0,0.0,0.0,0.0,0.0,0.0011362178425660119,0.0011362178425660119,0.0011362178425660119,0.0011362178425660119,0.0011362178425660119
variable_uniform_resolution,initial_ritz,6,1,0.9999548881962076,0.9999548881962076,0.9999548881962076,0.9999548881962076,0.9999548881962076,0.010971967046816666,0.010971967046816666,0.010971967046816666,0.010971967046816666,0.010971967046816666,0.005131691340688249,0.005131691340688249,0.005131691340688249,0.005131691340688249,0.005131691340688249,0.0071507592231863076,0.0071507592231863076,0.0071507592231863076,0.0071507592231863076,0.0071507592231863076,0.008329146868466286,0.008329146868466286,0.008329146868466286,0.008329146868466286,0.008329146868466286,1.0,1.0,1.0,1.0,1.0,7.704223625585155e-05,7.704223625585155e-05,7.704223625585155e-05,7.704223625585155e-05,7.704223625585155e-05,1.7968618444275108e-06,1.7968618444275108e-06,1.7968618444275108e-06,1.7968618444275108e-06,1.7968618444275108e-06,0.0,0.0,0.0,0.0,0.0,0.0014707973024208343,0.0014707973024208343,0.0014707973024208343,0.0014707973024208343,0.0014707973024208343
variable_uniform_resolution,initial_ritz,7,1,0.9998619109745043,0.9998619109745043,0.9998619109745043,0.9998619109745043,0.9998619109745043,0.021286340302232025,0.021286340302232025,0.021286340302232025,0.021286340302232025,0.021286340302232025,0.005828969847218701,0.005828969847218701,0.005828969847218701,0.005828969847218701,0.005828969847218701,0.013946192894699833,0.013946192894699833,0.013946192894699833,0.013946192894699833,0.013946192894699833,0.01418080407240076,0.01418080407240076,0.01418080407240076,0.01418080407240076,0.01418080407240076,1.0,1.0,1.0,1.0,1.0,0.00022075363070410037,0.00022075363070410037,0.00022075363070410037,0.00022075363070410037,0.00022075363070410037,1.7968618444275108e-06,1.7968618444275108e-06,1.7968618444275108e-06,1.7968618444275108e-06,1.7968618444275108e-06,0.0,0.0,0.0,0.0,0.0,0.0006972785065304521,0.0006972785065304521,0.0006972785065304521,0.0006972785065304521,0.0006972785065304521
variable_uniform_resolution,initial_ritz,8,1,0.9997623767540501,0.9997623767540501,0.9997623767540501,0.9997623767540501,0.9997623767540501,0.026810707560477497,0.026810707560477497,0.026810707560477497,0.026810707560477497,0.026810707560477497,0.006579665626794906,0.006579665626794906,0.006579665626794906,0.006579665626794906,0.006579665626794906,0.018479604840835002,0.018479604840835002,0.018479604840835002,0.018479604840835002,0.018479604840835002,0.01892459564250354,0.01892459564250354,0.01892459564250354,0.01892459564250354,0.01892459564250354,1.0,1.0,1.0,1.0,1.0,0.0002511334950867309,0.0002511334950867309,0.0002511334950867309,0.0002511334950867309,0.0002511334950867309,1.7968618444275108e-06,1.7968618444275108e-06,1.7968618444275108e-06,1.7968618444275108e-06,1.7968618444275108e-06,0.0,0.0,0.0,0.0,0.0,0.0007506957795762048,0.0007506957795762048,0.0007506957795762048,0.0007506957795762048,0.0007506957795762048
variable_uniform_resolution,initial_ritz,9,1,0.9996479598542016,0.9996479598542016,0.9996479598542016,0.9996479598542016,0.9996479598542016,0.0342941141571078,0.0342941141571078,0.0342941141571078,0.0342941141571078,0.0342941141571078,0.006754172668030023,0.006754172668030023,0.006754172668030023,0.006754172668030023,0.006754172668030023,0.022882896634791424,0.022882896634791424,0.022882896634791424,0.022882896634791424,0.022882896634791424,0.02535428615393867,0.02535428615393867,0.02535428615393867,0.02535428615393867,0.02535428615393867,1.0,1.0,1.0,1.0,1.0,0.0002759550076460229,0.0002759550076460229,0.0002759550076460229,0.0002759550076460229,0.0002759550076460229,1.7968618444275108e-06,1.7968618444275108e-06,1.7968618444275108e-06,1.7968618444275108e-06,1.7968618444275108e-06,0.0,0.0,0.0,0.0,0.0,0.00017450704123511684,0.00017450704123511684,0.00017450704123511684,0.00017450704123511684,0.00017450704123511684
variable_uniform_resolution,initial_ritz,10,1,0.9994704964198546,0.9994704964198546,0.9994704964198546,0.9994704964198546,0.9994704964198546,0.04061304424420507,0.04061304424420507,0.04061304424420507,0.04061304424420507,0.04061304424420507,0.007262286595860701,0.007262286595860701,0.007262286595860701,0.007262286595860701,0.007262286595860701,0.02564427684854644,0.02564427684854644,0.02564427684854644,0.02564427684854644,0.02564427684854644,0.03182844183275136,0.03182844183275136,0.03182844183275136,0.03182844183275136,0.03182844183275136,1.0,1.0,1.0,1.0,1.0,0.00030495966424653277,0.00030495966424653277,0.00030495966424653277,0.00030495966424653277,0.00030495966424653277,1.7968618444275108e-06,1.7968618444275108e-06,1.7968618444275108e-06,1.7968618444275108e-06,1.7968618444275108e-06,0.0,0.0,0.0,0.0,0.0,0.0005081139278306779,0.0005081139278306779,0.0005081139278306779,0.0005081139278306779,0.0005081139278306779
within_range_unseen_parameter_interpolation,direct_topology,0,1,0.9999949597542958,0.9999949597542958,0.9999949597542958,0.9999949597542958,0.9999949597542958,0.006931566464362335,0.006931566464362335,0.006931566464362335,0.006931566464362335,0.006931566464362335,0.0023456856925336833,0.0023456856925336833,0.0023456856925336833,0.0023456856925336833,0.0023456856925336833,0.024159534463012212,0.024159534463012212,0.024159534463012212,0.024159534463012212,0.024159534463012212,0.002633529788168642,0.002633529788168642,0.002633529788168642,0.002633529788168642,0.002633529788168642,1.0,1.0,1.0,1.0,1.0,0.0,0.0,0.0,0.0,0.0,0.015540903295414204,0.015540903295414204,0.015540903295414204,0.015540903295414204,0.015540903295414204,0.0,0.0,0.0,0.0,0.0,,,,,
within_range_unseen_parameter_interpolation,direct_topology,1,1,0.9999793460734095,0.9999793460734095,0.9999793460734095,0.9999793460734095,0.9999793460734095,0.00904632940929472,0.00904632940929472,0.00904632940929472,0.00904632940929472,0.00904632940929472,0.0034420491605853254,0.0034420491605853254,0.0034420491605853254,0.0034420491605853254,0.0034420491605853254,0.013310902619579026,0.013310902619579026,0.013310902619579026,0.013310902619579026,0.013310902619579026,0.005215190659542826,0.005215190659542826,0.005215190659542826,0.005215190659542826,0.005215190659542826,1.0,1.0,1.0,1.0,1.0,0.00028775028178463743,0.00028775028178463743,0.00028775028178463743,0.00028775028178463743,0.00028775028178463743,0.015540903295414204,0.015540903295414204,0.015540903295414204,0.015540903295414204,0.015540903295414204,0.0,0.0,0.0,0.0,0.0,0.001096363468051642,0.001096363468051642,0.001096363468051642,0.001096363468051642,0.001096363468051642
within_range_unseen_parameter_interpolation,direct_topology,2,1,0.9998431041531877,0.9998431041531877,0.9998431041531877,0.9998431041531877,0.9998431041531877,0.02411976848385045,0.02411976848385045,0.02411976848385045,0.02411976848385045,0.02411976848385045,0.028912445902892436,0.028912445902892436,0.028912445902892436,0.028912445902892436,0.028912445902892436,0.03321058348591007,0.03321058348591007,0.03321058348591007,0.03321058348591007,0.03321058348591007,0.010306379835663397,0.010306379835663397,0.010306379835663397,0.010306379835663397,0.010306379835663397,1.0,1.0,1.0,1.0,1.0,0.0006530320702953803,0.0006530320702953803,0.0006530320702953803,0.0006530320702953803,0.0006530320702953803,0.015540903295414204,0.015540903295414204,0.015540903295414204,0.015540903295414204,0.015540903295414204,0.0,0.0,0.0,0.0,0.0,0.02547039674230711,0.02547039674230711,0.02547039674230711,0.02547039674230711,0.02547039674230711
within_range_unseen_parameter_interpolation,direct_topology,3,1,0.9998413055701268,0.9998413055701268,0.9998413055701268,0.9998413055701268,0.9998413055701268,0.022474664253378622,0.022474664253378622,0.022474664253378622,0.022474664253378622,0.022474664253378622,0.004253932352302314,0.004253932352302314,0.004253932352302314,0.004253932352302314,0.004253932352302314,0.021178404465888683,0.021178404465888683,0.021178404465888683,0.021178404465888683,0.021178404465888683,0.009273627981917882,0.009273627981917882,0.009273627981917882,0.009273627981917882,0.009273627981917882,1.0,1.0,1.0,1.0,1.0,0.00048255698973059276,0.00048255698973059276,0.00048255698973059276,0.00048255698973059276,0.00048255698973059276,0.015540903295414204,0.015540903295414204,0.015540903295414204,0.015540903295414204,0.015540903295414204,0.0,0.0,0.0,0.0,0.0,0.03316637825519475,0.03316637825519475,0.03316637825519475,0.03316637825519475,0.03316637825519475
within_range_unseen_parameter_interpolation,direct_topology,4,1,0.9999475430816509,0.9999475430816509,0.9999475430816509,0.9999475430816509,0.9999475430816509,0.008255974356165947,0.008255974356165947,0.008255974356165947,0.008255974356165947,0.008255974356165947,0.02928276454786527,0.02928276454786527,0.02928276454786527,0.02928276454786527,0.02928276454786527,0.006998006559563659,0.006998006559563659,0.006998006559563659,0.006998006559563659,0.006998006559563659,0.007685733318747437,0.007685733318747437,0.007685733318747437,0.007685733318747437,0.007685733318747437,1.0,1.0,1.0,1.0,1.0,2.9450177948591363e-05,2.9450177948591363e-05,2.9450177948591363e-05,2.9450177948591363e-05,2.9450177948591363e-05,0.015540903295414204,0.015540903295414204,0.015540903295414204,0.015540903295414204,0.015540903295414204,0.0,0.0,0.0,0.0,0.0,0.033536696900167584,0.033536696900167584,0.033536696900167584,0.033536696900167584,0.033536696900167584
within_range_unseen_parameter_interpolation,direct_topology,5,1,0.9999160217649468,0.9999160217649468,0.9999160217649468,0.9999160217649468,0.9999160217649468,0.009657630060580097,0.009657630060580097,0.009657630060580097,0.009657630060580097,0.009657630060580097,0.01760037622291044,0.01760037622291044,0.01760037622291044,0.01760037622291044,0.01760037622291044,0.003955884699540688,0.003955884699540688,0.003955884699540688,0.003955884699540688,0.003955884699540688,0.013304771669312009,0.013304771669312009,0.013304771669312009,0.013304771669312009,0.013304771669312009,1.0,1.0,1.0,1.0,1.0,8.101335097788597e-05,8.101335097788597e-05,8.101335097788597e-05,8.101335097788597e-05,8.101335097788597e-05,0.015540903295414204,0.015540903295414204,0.015540903295414204,0.015540903295414204,0.015540903295414204,0.0,0.0,0.0,0.0,0.0,0.011682388324954829,0.011682388324954829,0.011682388324954829,0.011682388324954829,0.011682388324954829
within_range_unseen_parameter_interpolation,direct_topology,6,1,0.9999460760341924,0.9999460760341924,0.9999460760341924,0.9999460760341924,0.9999460760341924,0.011290336293754555,0.011290336293754555,0.011290336293754555,0.011290336293754555,0.011290336293754555,0.0466269700717854,0.0466269700717854,0.0466269700717854,0.0466269700717854,0.0466269700717854,0.008843012625123173,0.008843012625123173,0.008843012625123173,0.008843012625123173,0.008843012625123173,0.00855316197348039,0.00855316197348039,0.00855316197348039,0.00855316197348039,0.00855316197348039,1.0,1.0,1.0,1.0,1.0,0.0001781844085613664,0.0001781844085613664,0.0001781844085613664,0.0001781844085613664,0.0001781844085613664,0.015540903295414204,0.015540903295414204,0.015540903295414204,0.015540903295414204,0.015540903295414204,0.0,0.0,0.0,0.0,0.0,0.02902659384887496,0.02902659384887496,0.02902659384887496,0.02902659384887496,0.02902659384887496
within_range_unseen_parameter_interpolation,direct_topology,7,1,0.9998437219762536,0.9998437219762536,0.9998437219762536,0.9998437219762536,0.9998437219762536,0.022303201146515173,0.022303201146515173,0.022303201146515173,0.022303201146515173,0.022303201146515173,0.057429396126597254,0.057429396126597254,0.057429396126597254,0.057429396126597254,0.057429396126597254,0.01631063219710338,0.01631063219710338,0.01631063219710338,0.01631063219710338,0.01631063219710338,0.011757334213445835,0.011757334213445835,0.011757334213445835,0.011757334213445835,0.011757334213445835,1.0,1.0,1.0,1.0,1.0,0.00032536719130100495,0.00032536719130100495,0.00032536719130100495,0.00032536719130100495,0.00032536719130100495,0.015540903295414204,0.015540903295414204,0.015540903295414204,0.015540903295414204,0.015540903295414204,0.0,0.0,0.0,0.0,0.0,0.010802426054811853,0.010802426054811853,0.010802426054811853,0.010802426054811853,0.010802426054811853
within_range_unseen_parameter_interpolation,direct_topology,8,1,0.9997874381163472,0.9997874381163472,0.9997874381163472,0.9997874381163472,0.9997874381163472,0.026702081806868817,0.026702081806868817,0.026702081806868817,0.026702081806868817,0.026702081806868817,0.06379267897494856,0.06379267897494856,0.06379267897494856,0.06379267897494856,0.06379267897494856,0.020114966203934596,0.020114966203934596,0.020114966203934596,0.020114966203934596,0.020114966203934596,0.012817057772926709,0.012817057772926709,0.012817057772926709,0.012817057772926709,0.012817057772926709,1.0,1.0,1.0,1.0,1.0,0.00036887007972290724,0.00036887007972290724,0.00036887007972290724,0.00036887007972290724,0.00036887007972290724,0.015540903295414204,0.015540903295414204,0.015540903295414204,0.015540903295414204,0.015540903295414204,0.0,0.0,0.0,0.0,0.0,0.006363282848351304,0.006363282848351304,0.006363282848351304,0.006363282848351304,0.006363282848351304
within_range_unseen_parameter_interpolation,direct_topology,9,1,0.999769174262523,0.999769174262523,0.999769174262523,0.999769174262523,0.999769174262523,0.030781439838960686,0.030781439838960686,0.030781439838960686,0.030781439838960686,0.030781439838960686,0.06753057806552754,0.06753057806552754,0.06753057806552754,0.06753057806552754,0.06753057806552754,0.024425505602683556,0.024425505602683556,0.024425505602683556,0.024425505602683556,0.024425505602683556,0.013960153263697692,0.013960153263697692,0.013960153263697692,0.013960153263697692,0.013960153263697692,1.0,1.0,1.0,1.0,1.0,0.0003176200081525813,0.0003176200081525813,0.0003176200081525813,0.0003176200081525813,0.0003176200081525813,0.015540903295414204,0.015540903295414204,0.015540903295414204,0.015540903295414204,0.015540903295414204,0.0,0.0,0.0,0.0,0.0,0.0037378990905789777,0.0037378990905789777,0.0037378990905789777,0.0037378990905789777,0.0037378990905789777
within_range_unseen_parameter_interpolation,direct_topology,10,1,0.9996912033731983,0.9996912033731983,0.9996912033731983,0.9996912033731983,0.9996912033731983,0.03484868183704398,0.03484868183704398,0.03484868183704398,0.03484868183704398,0.03484868183704398,0.2351118313906948,0.2351118313906948,0.2351118313906948,0.2351118313906948,0.2351118313906948,0.030117171594724216,0.030117171594724216,0.030117171594724216,0.030117171594724216,0.030117171594724216,0.016363782562391103,0.016363782562391103,0.016363782562391103,0.016363782562391103,0.016363782562391103,1.0,1.0,1.0,1.0,1.0,0.0003198374897819024,0.0003198374897819024,0.0003198374897819024,0.0003198374897819024,0.0003198374897819024,0.015540903295414204,0.015540903295414204,0.015540903295414204,0.015540903295414204,0.015540903295414204,0.0,0.0,0.0,0.0,0.0,0.16758125332516727,0.16758125332516727,0.16758125332516727,0.16758125332516727,0.16758125332516727
within_range_unseen_parameter_interpolation,hybrid,0,1,0.9999949597542958,0.9999949597542958,0.9999949597542958,0.9999949597542958,0.9999949597542958,0.006931566464362335,0.006931566464362335,0.006931566464362335,0.006931566464362335,0.006931566464362335,0.0023456856925336833,0.0023456856925336833,0.0023456856925336833,0.0023456856925336833,0.0023456856925336833,0.024159534463012212,0.024159534463012212,0.024159534463012212,0.024159534463012212,0.024159534463012212,0.002633529788168642,0.002633529788168642,0.002633529788168642,0.002633529788168642,0.002633529788168642,1.0,1.0,1.0,1.0,1.0,0.0,0.0,0.0,0.0,0.0,0.015540903295414204,0.015540903295414204,0.015540903295414204,0.015540903295414204,0.015540903295414204,0.0,0.0,0.0,0.0,0.0,,,,,
within_range_unseen_parameter_interpolation,hybrid,1,1,0.9999793460734095,0.9999793460734095,0.9999793460734095,0.9999793460734095,0.9999793460734095,0.00904632940929472,0.00904632940929472,0.00904632940929472,0.00904632940929472,0.00904632940929472,0.0034420491605853254,0.0034420491605853254,0.0034420491605853254,0.0034420491605853254,0.0034420491605853254,0.013310902619579026,0.013310902619579026,0.013310902619579026,0.013310902619579026,0.013310902619579026,0.005215190659542826,0.005215190659542826,0.005215190659542826,0.005215190659542826,0.005215190659542826,1.0,1.0,1.0,1.0,1.0,0.00028775028178463743,0.00028775028178463743,0.00028775028178463743,0.00028775028178463743,0.00028775028178463743,0.015540903295414204,0.015540903295414204,0.015540903295414204,0.015540903295414204,0.015540903295414204,0.0,0.0,0.0,0.0,0.0,0.001096363468051642,0.001096363468051642,0.001096363468051642,0.001096363468051642,0.001096363468051642
within_range_unseen_parameter_interpolation,hybrid,2,1,0.9998431041531877,0.9998431041531877,0.9998431041531877,0.9998431041531877,0.9998431041531877,0.02411976848385045,0.02411976848385045,0.02411976848385045,0.02411976848385045,0.02411976848385045,0.028912445902892436,0.028912445902892436,0.028912445902892436,0.028912445902892436,0.028912445902892436,0.03321058348591007,0.03321058348591007,0.03321058348591007,0.03321058348591007,0.03321058348591007,0.010306379835663397,0.010306379835663397,0.010306379835663397,0.010306379835663397,0.010306379835663397,1.0,1.0,1.0,1.0,1.0,0.0006530320702953803,0.0006530320702953803,0.0006530320702953803,0.0006530320702953803,0.0006530320702953803,0.015540903295414204,0.015540903295414204,0.015540903295414204,0.015540903295414204,0.015540903295414204,0.0,0.0,0.0,0.0,0.0,0.02547039674230711,0.02547039674230711,0.02547039674230711,0.02547039674230711,0.02547039674230711
within_range_unseen_parameter_interpolation,hybrid,3,1,0.9998413055701268,0.9998413055701268,0.9998413055701268,0.9998413055701268,0.9998413055701268,0.022474664253378622,0.022474664253378622,0.022474664253378622,0.022474664253378622,0.022474664253378622,0.004253932352302314,0.004253932352302314,0.004253932352302314,0.004253932352302314,0.004253932352302314,0.021178404465888683,0.021178404465888683,0.021178404465888683,0.021178404465888683,0.021178404465888683,0.009273627981917882,0.009273627981917882,0.009273627981917882,0.009273627981917882,0.009273627981917882,1.0,1.0,1.0,1.0,1.0,0.00048255698973059276,0.00048255698973059276,0.00048255698973059276,0.00048255698973059276,0.00048255698973059276,0.015540903295414204,0.015540903295414204,0.015540903295414204,0.015540903295414204,0.015540903295414204,0.0,0.0,0.0,0.0,0.0,0.03316637825519475,0.03316637825519475,0.03316637825519475,0.03316637825519475,0.03316637825519475
within_range_unseen_parameter_interpolation,hybrid,4,1,0.9999475430816509,0.9999475430816509,0.9999475430816509,0.9999475430816509,0.9999475430816509,0.008255974356165947,0.008255974356165947,0.008255974356165947,0.008255974356165947,0.008255974356165947,0.02928276454786527,0.02928276454786527,0.02928276454786527,0.02928276454786527,0.02928276454786527,0.006998006559563659,0.006998006559563659,0.006998006559563659,0.006998006559563659,0.006998006559563659,0.007685733318747437,0.007685733318747437,0.007685733318747437,0.007685733318747437,0.007685733318747437,1.0,1.0,1.0,1.0,1.0,2.9450177948591363e-05,2.9450177948591363e-05,2.9450177948591363e-05,2.9450177948591363e-05,2.9450177948591363e-05,0.015540903295414204,0.015540903295414204,0.015540903295414204,0.015540903295414204,0.015540903295414204,0.0,0.0,0.0,0.0,0.0,0.033536696900167584,0.033536696900167584,0.033536696900167584,0.033536696900167584,0.033536696900167584
within_range_unseen_parameter_interpolation,hybrid,5,1,0.9999160217649468,0.9999160217649468,0.9999160217649468,0.9999160217649468,0.9999160217649468,0.009657630060580097,0.009657630060580097,0.009657630060580097,0.009657630060580097,0.009657630060580097,0.01760037622291044,0.01760037622291044,0.01760037622291044,0.01760037622291044,0.01760037622291044,0.003955884699540688,0.003955884699540688,0.003955884699540688,0.003955884699540688,0.003955884699540688,0.013304771669312009,0.013304771669312009,0.013304771669312009,0.013304771669312009,0.013304771669312009,1.0,1.0,1.0,1.0,1.0,8.101335097788597e-05,8.101335097788597e-05,8.101335097788597e-05,8.101335097788597e-05,8.101335097788597e-05,0.015540903295414204,0.015540903295414204,0.015540903295414204,0.015540903295414204,0.015540903295414204,0.0,0.0,0.0,0.0,0.0,0.011682388324954829,0.011682388324954829,0.011682388324954829,0.011682388324954829,0.011682388324954829
within_range_unseen_parameter_interpolation,hybrid,6,1,0.9999460760341924,0.9999460760341924,0.9999460760341924,0.9999460760341924,0.9999460760341924,0.011290336293754555,0.011290336293754555,0.011290336293754555,0.011290336293754555,0.011290336293754555,0.0466269700717854,0.0466269700717854,0.0466269700717854,0.0466269700717854,0.0466269700717854,0.008843012625123173,0.008843012625123173,0.008843012625123173,0.008843012625123173,0.008843012625123173,0.00855316197348039,0.00855316197348039,0.00855316197348039,0.00855316197348039,0.00855316197348039,1.0,1.0,1.0,1.0,1.0,0.0001781844085613664,0.0001781844085613664,0.0001781844085613664,0.0001781844085613664,0.0001781844085613664,0.015540903295414204,0.015540903295414204,0.015540903295414204,0.015540903295414204,0.015540903295414204,0.0,0.0,0.0,0.0,0.0,0.02902659384887496,0.02902659384887496,0.02902659384887496,0.02902659384887496,0.02902659384887496
within_range_unseen_parameter_interpolation,hybrid,7,1,0.9998437219762536,0.9998437219762536,0.9998437219762536,0.9998437219762536,0.9998437219762536,0.022303201146515173,0.022303201146515173,0.022303201146515173,0.022303201146515173,0.022303201146515173,0.057429396126597254,0.057429396126597254,0.057429396126597254,0.057429396126597254,0.057429396126597254,0.01631063219710338,0.01631063219710338,0.01631063219710338,0.01631063219710338,0.01631063219710338,0.011757334213445835,0.011757334213445835,0.011757334213445835,0.011757334213445835,0.011757334213445835,1.0,1.0,1.0,1.0,1.0,0.00032536719130100495,0.00032536719130100495,0.00032536719130100495,0.00032536719130100495,0.00032536719130100495,0.015540903295414204,0.015540903295414204,0.015540903295414204,0.015540903295414204,0.015540903295414204,0.0,0.0,0.0,0.0,0.0,0.010802426054811853,0.010802426054811853,0.010802426054811853,0.010802426054811853,0.010802426054811853
within_range_unseen_parameter_interpolation,hybrid,8,1,0.9997874381163472,0.9997874381163472,0.9997874381163472,0.9997874381163472,0.9997874381163472,0.026702081806868817,0.026702081806868817,0.026702081806868817,0.026702081806868817,0.026702081806868817,0.06379267897494856,0.06379267897494856,0.06379267897494856,0.06379267897494856,0.06379267897494856,0.020114966203934596,0.020114966203934596,0.020114966203934596,0.020114966203934596,0.020114966203934596,0.012817057772926709,0.012817057772926709,0.012817057772926709,0.012817057772926709,0.012817057772926709,1.0,1.0,1.0,1.0,1.0,0.00036887007972290724,0.00036887007972290724,0.00036887007972290724,0.00036887007972290724,0.00036887007972290724,0.015540903295414204,0.015540903295414204,0.015540903295414204,0.015540903295414204,0.015540903295414204,0.0,0.0,0.0,0.0,0.0,0.006363282848351304,0.006363282848351304,0.006363282848351304,0.006363282848351304,0.006363282848351304
within_range_unseen_parameter_interpolation,hybrid,9,1,0.999769174262523,0.999769174262523,0.999769174262523,0.999769174262523,0.999769174262523,0.030781439838960686,0.030781439838960686,0.030781439838960686,0.030781439838960686,0.030781439838960686,0.06753057806552754,0.06753057806552754,0.06753057806552754,0.06753057806552754,0.06753057806552754,0.024425505602683556,0.024425505602683556,0.024425505602683556,0.024425505602683556,0.024425505602683556,0.013960153263697692,0.013960153263697692,0.013960153263697692,0.013960153263697692,0.013960153263697692,1.0,1.0,1.0,1.0,1.0,0.0003176200081525813,0.0003176200081525813,0.0003176200081525813,0.0003176200081525813,0.0003176200081525813,0.015540903295414204,0.015540903295414204,0.015540903295414204,0.015540903295414204,0.015540903295414204,0.0,0.0,0.0,0.0,0.0,0.0037378990905789777,0.0037378990905789777,0.0037378990905789777,0.0037378990905789777,0.0037378990905789777
within_range_unseen_parameter_interpolation,hybrid,10,1,0.9996912033731983,0.9996912033731983,0.9996912033731983,0.9996912033731983,0.9996912033731983,0.03484868183704398,0.03484868183704398,0.03484868183704398,0.03484868183704398,0.03484868183704398,0.2351118313906948,0.2351118313906948,0.2351118313906948,0.2351118313906948,0.2351118313906948,0.030117171594724216,0.030117171594724216,0.030117171594724216,0.030117171594724216,0.030117171594724216,0.016363782562391103,0.016363782562391103,0.016363782562391103,0.016363782562391103,0.016363782562391103,1.0,1.0,1.0,1.0,1.0,0.0003198374897819024,0.0003198374897819024,0.0003198374897819024,0.0003198374897819024,0.0003198374897819024,0.015540903295414204,0.015540903295414204,0.015540903295414204,0.015540903295414204,0.015540903295414204,0.0,0.0,0.0,0.0,0.0,0.16758125332516727,0.16758125332516727,0.16758125332516727,0.16758125332516727,0.16758125332516727
within_range_unseen_parameter_interpolation,initial_ritz,0,1,0.9999991149554626,0.9999991149554626,0.9999991149554626,0.9999991149554626,0.9999991149554626,0.004019068509912004,0.004019068509912004,0.004019068509912004,0.004019068509912004,0.004019068509912004,4.9714775785636434e-05,4.9714775785636434e-05,4.9714775785636434e-05,4.9714775785636434e-05,4.9714775785636434e-05,0.019856297259081373,0.019856297259081373,0.019856297259081373,0.019856297259081373,0.019856297259081373,0.0010234108035149345,0.0010234108035149345,0.0010234108035149345,0.0010234108035149345,0.0010234108035149345,1.0,1.0,1.0,1.0,1.0,,,,,,1.5283438582480713e-06,1.5283438582480713e-06,1.5283438582480713e-06,1.5283438582480713e-06,1.5283438582480713e-06,0.0,0.0,0.0,0.0,0.0,,,,,
within_range_unseen_parameter_interpolation,initial_ritz,1,1,0.9999965334739865,0.9999965334739865,0.9999965334739865,0.9999965334739865,0.9999965334739865,0.006060871279491258,0.006060871279491258,0.006060871279491258,0.006060871279491258,0.006060871279491258,0.0002675057798480207,0.0002675057798480207,0.0002675057798480207,0.0002675057798480207,0.0002675057798480207,0.012252821263704245,0.012252821263704245,0.012252821263704245,0.012252821263704245,0.012252821263704245,0.001981956807000841,0.001981956807000841,0.001981956807000841,0.001981956807000841,0.001981956807000841,1.0,1.0,1.0,1.0,1.0,,,,,,1.5283438582480713e-06,1.5283438582480713e-06,1.5283438582480713e-06,1.5283438582480713e-06,1.5283438582480713e-06,0.0,0.0,0.0,0.0,0.0,0.00021779100406238427,0.00021779100406238427,0.00021779100406238427,0.00021779100406238427,0.00021779100406238427
within_range_unseen_parameter_interpolation,initial_ritz,2,1,0.999965869343985,0.999965869343985,0.999965869343985,0.999965869343985,0.999965869343985,0.021269625041537156,0.021269625041537156,0.021269625041537156,0.021269625041537156,0.021269625041537156,8.334815508970195e-05,8.334815508970195e-05,8.334815508970195e-05,8.334815508970195e-05,8.334815508970195e-05,0.03161092765083255,0.03161092765083255,0.03161092765083255,0.03161092765083255,0.03161092765083255,0.007352268276805183,0.007352268276805183,0.007352268276805183,0.007352268276805183,0.007352268276805183,1.0,1.0,1.0,1.0,1.0,0.00036034766610651414,0.00036034766610651414,0.00036034766610651414,0.00036034766610651414,0.00036034766610651414,1.5283438582480713e-06,1.5283438582480713e-06,1.5283438582480713e-06,1.5283438582480713e-06,1.5283438582480713e-06,0.0,0.0,0.0,0.0,0.0,0.00018415762475831876,0.00018415762475831876,0.00018415762475831876,0.00018415762475831876,0.00018415762475831876
within_range_unseen_parameter_interpolation,initial_ritz,3,1,0.99997081529499,0.99997081529499,0.99997081529499,0.99997081529499,0.99997081529499,0.0172242869608163,0.0172242869608163,0.0172242869608163,0.0172242869608163,0.0172242869608163,0.0009819780633470998,0.0009819780633470998,0.0009819780633470998,0.0009819780633470998,0.0009819780633470998,0.020265349755568644,0.020265349755568644,0.020265349755568644,0.020265349755568644,0.020265349755568644,0.007176567590921457,0.007176567590921457,0.007176567590921457,0.007176567590921457,0.007176567590921457,1.0,1.0,1.0,1.0,1.0,0.00018772456227633615,0.00018772456227633615,0.00018772456227633615,0.00018772456227633615,0.00018772456227633615,1.5283438582480713e-06,1.5283438582480713e-06,1.5283438582480713e-06,1.5283438582480713e-06,1.5283438582480713e-06,0.0,0.0,0.0,0.0,0.0,0.0008986299082573979,0.0008986299082573979,0.0008986299082573979,0.0008986299082573979,0.0008986299082573979
within_range_unseen_parameter_interpolation,initial_ritz,4,1,0.9999929135657561,0.9999929135657561,0.9999929135657561,0.9999929135657561,0.9999929135657561,0.005562867884533097,0.005562867884533097,0.005562867884533097,0.005562867884533097,0.005562867884533097,0.002557949179212926,0.002557949179212926,0.002557949179212926,0.002557949179212926,0.002557949179212926,0.005521677091496883,0.005521677091496883,0.005521677091496883,0.005521677091496883,0.005521677091496883,0.0037399748146174925,0.0037399748146174925,0.0037399748146174925,0.0037399748146174925,0.0037399748146174925,1.0,1.0,1.0,1.0,1.0,3.031055995823949e-05,3.031055995823949e-05,3.031055995823949e-05,3.031055995823949e-05,3.031055995823949e-05,1.5283438582480713e-06,1.5283438582480713e-06,1.5283438582480713e-06,1.5283438582480713e-06,1.5283438582480713e-06,0.0,0.0,0.0,0.0,0.0,0.0015759711158658263,0.0015759711158658263,0.0015759711158658263,0.0015759711158658263,0.0015759711158658263
within_range_unseen_parameter_interpolation,initial_ritz,5,1,0.9999936546186696,0.9999936546186696,0.9999936546186696,0.9999936546186696,0.9999936546186696,0.003617472148681235,0.003617472148681235,0.003617472148681235,0.003617472148681235,0.003617472148681235,0.003932315920176066,0.003932315920176066,0.003932315920176066,0.003932315920176066,0.003932315920176066,0.0019001947636121783,0.0019001947636121783,0.0019001947636121783,0.0019001947636121783,0.0019001947636121783,0.0030793788715969238,0.0030793788715969238,0.0030793788715969238,0.0030793788715969238,0.0030793788715969238,1.0,1.0,1.0,1.0,1.0,5.2483443397435005e-05,5.2483443397435005e-05,5.2483443397435005e-05,5.2483443397435005e-05,5.2483443397435005e-05,1.5283438582480713e-06,1.5283438582480713e-06,1.5283438582480713e-06,1.5283438582480713e-06,1.5283438582480713e-06,0.0,0.0,0.0,0.0,0.0,0.00137436674096314,0.00137436674096314,0.00137436674096314,0.00137436674096314,0.00137436674096314
within_range_unseen_parameter_interpolation,initial_ritz,6,1,0.9999700087284599,0.9999700087284599,0.9999700087284599,0.9999700087284599,0.9999700087284599,0.0111366055866513,0.0111366055866513,0.0111366055866513,0.0111366055866513,0.0111366055866513,0.005206987161629151,0.005206987161629151,0.005206987161629151,0.005206987161629151,0.005206987161629151,0.007826964603904306,0.007826964603904306,0.007826964603904306,0.007826964603904306,0.007826964603904306,0.006764398951573895,0.006764398951573895,0.006764398951573895,0.006764398951573895,0.006764398951573895,1.0,1.0,1.0,1.0,1.0,0.00011797867203660069,0.00011797867203660069,0.00011797867203660069,0.00011797867203660069,0.00011797867203660069,1.5283438582480713e-06,1.5283438582480713e-06,1.5283438582480713e-06,1.5283438582480713e-06,1.5283438582480713e-06,0.0,0.0,0.0,0.0,0.0,0.0012746712414530847,0.0012746712414530847,0.0012746712414530847,0.0012746712414530847,0.0012746712414530847
within_range_unseen_parameter_interpolation,initial_ritz,7,1,0.999877096601033,0.999877096601033,0.999877096601033,0.999877096601033,0.999877096601033,0.02196399408047815,0.02196399408047815,0.02196399408047815,0.02196399408047815,0.02196399408047815,0.005753599617808192,0.005753599617808192,0.005753599617808192,0.005753599617808192,0.005753599617808192,0.015623662255448867,0.015623662255448867,0.015623662255448867,0.015623662255448867,0.015623662255448867,0.014354285734328637,0.014354285734328637,0.014354285734328637,0.014354285734328637,0.014354285734328637,1.0,1.0,1.0,1.0,1.0,0.00022910944676385648,0.00022910944676385648,0.00022910944676385648,0.00022910944676385648,0.00022910944676385648,1.5283438582480713e-06,1.5283438582480713e-06,1.5283438582480713e-06,1.5283438582480713e-06,1.5283438582480713e-06,0.0,0.0,0.0,0.0,0.0,0.0005466124561790409,0.0005466124561790409,0.0005466124561790409,0.0005466124561790409,0.0005466124561790409
within_range_unseen_parameter_interpolation,initial_ritz,8,1,0.9998451712030645,0.9998451712030645,0.9998451712030645,0.9998451712030645,0.9998451712030645,0.02638860213131946,0.02638860213131946,0.02638860213131946,0.02638860213131946,0.02638860213131946,0.006949875019870433,0.006949875019870433,0.006949875019870433,0.006949875019870433,0.006949875019870433,0.019479030334317273,0.019479030334317273,0.019479030334317273,0.019479030334317273,0.019479030334317273,0.01540125836710738,0.01540125836710738,0.01540125836710738,0.01540125836710738,0.01540125836710738,1.0,1.0,1.0,1.0,1.0,0.00025127181013634734,0.00025127181013634734,0.00025127181013634734,0.00025127181013634734,0.00025127181013634734,1.5283438582480713e-06,1.5283438582480713e-06,1.5283438582480713e-06,1.5283438582480713e-06,1.5283438582480713e-06,0.0,0.0,0.0,0.0,0.0,0.0011962754020622413,0.0011962754020622413,0.0011962754020622413,0.0011962754020622413,0.0011962754020622413
within_range_unseen_parameter_interpolation,initial_ritz,9,1,0.9998028559923611,0.9998028559923611,0.9998028559923611,0.9998028559923611,0.9998028559923611,0.030766668802418674,0.030766668802418674,0.030766668802418674,0.030766668802418674,0.030766668802418674,0.007896369386328317,0.007896369386328317,0.007896369386328317,0.007896369386328317,0.007896369386328317,0.0240004442762536,0.0240004442762536,0.0240004442762536,0.0240004442762536,0.0240004442762536,0.016687523195689762,0.016687523195689762,0.016687523195689762,0.016687523195689762,0.016687523195689762,1.0,1.0,1.0,1.0,1.0,0.00024080587185150402,0.00024080587185150402,0.00024080587185150402,0.00024080587185150402,0.00024080587185150402,1.5283438582480713e-06,1.5283438582480713e-06,1.5283438582480713e-06,1.5283438582480713e-06,1.5283438582480713e-06,0.0,0.0,0.0,0.0,0.0,0.000946494366457884,0.000946494366457884,0.000946494366457884,0.000946494366457884,0.000946494366457884
within_range_unseen_parameter_interpolation,initial_ritz,10,1,0.9997301074635196,0.9997301074635196,0.9997301074635196,0.9997301074635196,0.9997301074635196,0.03476241504469824,0.03476241504469824,0.03476241504469824,0.03476241504469824,0.03476241504469824,0.008869765961007303,0.008869765961007303,0.008869765961007303,0.008869765961007303,0.008869765961007303,0.027485398522652513,0.027485398522652513,0.027485398522652513,0.027485398522652513,0.027485398522652513,0.01951509923414673,0.01951509923414673,0.01951509923414673,0.01951509923414673,0.01951509923414673,1.0,1.0,1.0,1.0,1.0,0.00021413962063308796,0.00021413962063308796,0.00021413962063308796,0.00021413962063308796,0.00021413962063308796,1.5283438582480713e-06,1.5283438582480713e-06,1.5283438582480713e-06,1.5283438582480713e-06,1.5283438582480713e-06,0.0,0.0,0.0,0.0,0.0,0.0009733965746789863,0.0009733965746789863,0.0009733965746789863,0.0009733965746789863,0.0009733965746789863
