category,group_id,family,geometry,state,fidelity_direct_topology,fidelity_hybrid,fidelity_initial_ritz,gram_max_error_direct_topology,gram_max_error_hybrid,gram_max_error_initial_ritz,independent_residual_head_direct_topology,independent_residual_head_hybrid,independent_residual_head_initial_ritz,persistent_node_correct_direct_topology,persistent_node_correct_hybrid,persistent_node_correct_initial_ritz,hybrid_minus_direct_fidelity,hybrid_minus_direct_independent_residual_head,hybrid_minus_direct_gram_max_error
ID_test,0218b213aa0f6b8d417172f3,multiple_barriers,truncated_line,0,0.9515898548785582,0.9515898548785582,0.9989985502693887,0.13767848459161458,0.13767848459161458,1.6258500560306643e-06,0.1327729946029053,0.1327729946029053,0.11641371157590642,1.0,1.0,0.0,0.0,0.0,0.0
ID_test,0218b213aa0f6b8d417172f3,multiple_barriers,truncated_line,1,0.7609455769778152,0.7609455769778152,0.9991621523996204,0.13767848459161458,0.13767848459161458,1.6258500560306643e-06,0.09212493230277173,0.09212493230277173,0.06293953760728684,1.0,1.0,0.0,0.0,0.0,0.0
ID_test,0218b213aa0f6b8d417172f3,multiple_barriers,truncated_line,2,0.7628154354461476,0.7628154354461476,0.9990347783885056,0.13767848459161458,0.13767848459161458,1.6258500560306643e-06,0.07487333294296776,0.07487333294296776,0.035633819679735244,1.0,1.0,1.0,0.0,0.0,0.0
ID_test,0218b213aa0f6b8d417172f3,multiple_barriers,truncated_line,3,0.856834538789226,0.856834538789226,0.9993623208418215,0.13767848459161458,0.13767848459161458,1.6258500560306643e-06,0.05286734499337054,0.05286734499337054,0.02119039478838003,1.0,1.0,1.0,0.0,0.0,0.0
ID_test,0218b213aa0f6b8d417172f3,multiple_barriers,truncated_line,4,0.8850707225240559,0.8850707225240559,0.9989577076390356,0.13767848459161458,0.13767848459161458,1.6258500560306643e-06,0.04258869528319766,0.04258869528319766,0.0245937088240526,1.0,1.0,1.0,0.0,0.0,0.0
ID_test,0218b213aa0f6b8d417172f3,multiple_barriers,truncated_line,5,0.8956424393622289,0.8956424393622289,0.9979403597650658,0.13767848459161458,0.13767848459161458,1.6258500560306643e-06,0.039648881340779325,0.039648881340779325,0.0281610392794384,1.0,1.0,1.0,0.0,0.0,0.0
ID_test,0218b213aa0f6b8d417172f3,multiple_barriers,truncated_line,6,0.9605637950105265,0.9605637950105265,0.9981262043466174,0.13767848459161458,0.13767848459161458,1.6258500560306643e-06,0.036104492384986774,0.036104492384986774,0.027614190531381085,1.0,1.0,1.0,0.0,0.0,0.0
ID_test,0218b213aa0f6b8d417172f3,multiple_barriers,truncated_line,7,0.9715700267057454,0.9715700267057454,0.9983193431803488,0.13767848459161458,0.13767848459161458,1.6258500560306643e-06,0.030744391040030846,0.030744391040030846,0.028967333700106523,1.0,1.0,1.0,0.0,0.0,0.0
ID_test,0218b213aa0f6b8d417172f3,multiple_barriers,truncated_line,8,0.9768175057339606,0.9768175057339606,0.9983685624560512,0.13767848459161458,0.13767848459161458,1.6258500560306643e-06,0.033946971181617575,0.033946971181617575,0.028623974151890993,1.0,1.0,1.0,0.0,0.0,0.0
ID_test,0218b213aa0f6b8d417172f3,multiple_barriers,truncated_line,9,0.989275173527009,0.989275173527009,0.9983146800121134,0.13767848459161458,0.13767848459161458,1.6258500560306643e-06,0.031068198242201087,0.031068198242201087,0.026846752204429964,1.0,1.0,1.0,0.0,0.0,0.0
ID_test,0218b213aa0f6b8d417172f3,multiple_barriers,truncated_line,10,0.9938028530988046,0.9938028530988046,0.996989007493955,0.13767848459161458,0.13767848459161458,1.6258500560306643e-06,0.036376533290965005,0.036376533290965005,0.024990624927695635,1.0,1.0,1.0,0.0,0.0,0.0
ID_test,02de7b7a265274d2f25dbc2e,asymmetric_well,truncated_line,0,0.9929985979606868,0.9929985979606868,0.9999725651687662,0.1142675790053662,0.1142675790053662,1.3358650450268073e-06,0.034722651330005155,0.034722651330005155,0.012762871515905072,1.0,1.0,1.0,0.0,0.0,0.0
ID_test,02de7b7a265274d2f25dbc2e,asymmetric_well,truncated_line,1,0.9918999229699156,0.9918999229699156,0.9998857654348688,0.1142675790053662,0.1142675790053662,1.3358650450268073e-06,0.06967619476469397,0.06967619476469397,0.03296334241054418,1.0,1.0,0.0,0.0,0.0,0.0
ID_test,02de7b7a265274d2f25dbc2e,asymmetric_well,truncated_line,2,0.989700986882317,0.989700986882317,0.9998933743388994,0.1142675790053662,0.1142675790053662,1.3358650450268073e-06,0.198133605070644,0.198133605070644,0.08357506396233787,1.0,1.0,0.0,0.0,0.0,0.0
ID_test,02de7b7a265274d2f25dbc2e,asymmetric_well,truncated_line,3,0.9956180614269191,0.9956180614269191,0.9994110754392932,0.1142675790053662,0.1142675790053662,1.3358650450268073e-06,0.3657149792070837,0.3657149792070837,0.3178155047466509,1.0,1.0,1.0,0.0,0.0,0.0
ID_test,02de7b7a265274d2f25dbc2e,asymmetric_well,truncated_line,4,0.9941210467172237,0.9941210467172237,0.999537405348982,0.1142675790053662,0.1142675790053662,1.3358650450268073e-06,0.10465876647048537,0.10465876647048537,0.07509853743463318,1.0,1.0,1.0,0.0,0.0,0.0
ID_test,02de7b7a265274d2f25dbc2e,asymmetric_well,truncated_line,5,0.9930650464947937,0.9930650464947937,0.9986753629927804,0.1142675790053662,0.1142675790053662,1.3358650450268073e-06,0.07565785994967814,0.07565785994967814,0.05757423282784085,1.0,1.0,1.0,0.0,0.0,0.0
ID_test,02de7b7a265274d2f25dbc2e,asymmetric_well,truncated_line,6,0.9910246231921485,0.9910246231921485,0.999219980503524,0.1142675790053662,0.1142675790053662,1.3358650450268073e-06,0.04915607306236797,0.04915607306236797,0.03834185322096466,1.0,1.0,1.0,0.0,0.0,0.0
ID_test,02de7b7a265274d2f25dbc2e,asymmetric_well,truncated_line,7,0.9847073079936118,0.9847073079936118,0.9954300171069103,0.1142675790053662,0.1142675790053662,1.3358650450268073e-06,0.04634834550405015,0.04634834550405015,0.042722521618851934,1.0,1.0,1.0,0.0,0.0,0.0
ID_test,02de7b7a265274d2f25dbc2e,asymmetric_well,truncated_line,8,0.9844803898428328,0.9844803898428328,0.9982599943963771,0.1142675790053662,0.1142675790053662,1.3358650450268073e-06,0.04702433357503383,0.04702433357503383,0.04435464297563075,1.0,1.0,1.0,0.0,0.0,0.0
ID_test,02de7b7a265274d2f25dbc2e,asymmetric_well,truncated_line,9,0.9850199928571589,0.9850199928571589,0.9933499891972057,0.1142675790053662,0.1142675790053662,1.3358650450268073e-06,0.0474813522555994,0.0474813522555994,0.04568119790867825,1.0,1.0,1.0,0.0,0.0,0.0
ID_test,02de7b7a265274d2f25dbc2e,asymmetric_well,truncated_line,10,0.9809116135948986,0.9809116135948986,0.9867982517065943,0.1142675790053662,0.1142675790053662,1.3358650450268073e-06,0.04231854183998749,0.04231854183998749,0.0427829533311778,1.0,1.0,1.0,0.0,0.0,0.0
ID_test,02e27ab493e87d53b33a1daa,kratzer,radial_reduced,0,0.8851591493376327,0.8851591493376327,0.9853065276622391,0.9006815989573524,0.9006815989573524,0.0007077060654048228,0.39359970719140125,0.39359970719140125,0.3915261031498571,1.0,1.0,0.0,0.0,0.0,0.0
ID_test,02e27ab493e87d53b33a1daa,kratzer,radial_reduced,1,0.4215695508360974,0.4215695508360974,0.9250609290172259,0.9006815989573524,0.9006815989573524,0.0007077060654048228,0.2270491176583227,0.2270491176583227,0.5768031885929324,0.0,0.0,0.0,0.0,0.0,0.0
ID_test,02e27ab493e87d53b33a1daa,kratzer,radial_reduced,2,0.5518440685649558,0.5518440685649558,0.8264432556846516,0.9006815989573524,0.9006815989573524,0.0007077060654048228,0.3163276722835199,0.3163276722835199,0.7110633409977507,0.0,0.0,0.0,0.0,0.0,0.0
ID_test,02e27ab493e87d53b33a1daa,kratzer,radial_reduced,3,0.6184261894085908,0.6184261894085908,0.732963038618362,0.9006815989573524,0.9006815989573524,0.0007077060654048228,0.37890217201695203,0.37890217201695203,0.7488524959619421,1.0,1.0,0.0,0.0,0.0,0.0
ID_test,02e27ab493e87d53b33a1daa,kratzer,radial_reduced,4,0.7194263267612845,0.7194263267612845,0.6708902208455868,0.9006815989573524,0.9006815989573524,0.0007077060654048228,0.5265728050956788,0.5265728050956788,0.7671182136480416,1.0,1.0,0.0,0.0,0.0,0.0
ID_test,02e27ab493e87d53b33a1daa,kratzer,radial_reduced,5,0.578869068591728,0.578869068591728,0.611421146785992,0.9006815989573524,0.9006815989573524,0.0007077060654048228,0.49320058058886646,0.49320058058886646,0.8997572758011431,1.0,1.0,0.0,0.0,0.0,0.0
ID_test,02e27ab493e87d53b33a1daa,kratzer,radial_reduced,6,0.6078280892045328,0.6078280892045328,0.46839807493853247,0.9006815989573524,0.9006815989573524,0.0007077060654048228,0.9095188311829568,0.9095188311829568,0.9129972174210268,1.0,1.0,0.0,0.0,0.0,0.0
ID_test,02e27ab493e87d53b33a1daa,kratzer,radial_reduced,7,0.5503028238308443,0.5503028238308443,0.6286518962981147,0.9006815989573524,0.9006815989573524,0.0007077060654048228,0.9462826882586892,0.9462826882586892,0.8188871998404841,1.0,1.0,0.0,0.0,0.0,0.0
ID_test,02e27ab493e87d53b33a1daa,kratzer,radial_reduced,8,0.40433939778784034,0.40433939778784034,0.28250884519411684,0.9006815989573524,0.9006815989573524,0.0007077060654048228,0.9610740035429092,0.9610740035429092,0.9577082656697523,1.0,1.0,0.0,0.0,0.0,0.0
ID_test,02e27ab493e87d53b33a1daa,kratzer,radial_reduced,9,0.5281022243674142,0.5281022243674142,0.42619039188162955,0.9006815989573524,0.9006815989573524,0.0007077060654048228,0.9805018078364574,0.9805018078364574,0.9455016678570621,1.0,1.0,0.0,0.0,0.0,0.0
ID_test,02e27ab493e87d53b33a1daa,kratzer,radial_reduced,10,0.4421069297216667,0.4421069297216667,0.059953502291105146,0.9006815989573524,0.9006815989573524,0.0007077060654048228,0.9884899454146222,0.9884899454146222,0.8516833208387093,1.0,1.0,0.0,0.0,0.0,0.0
ID_test,0615efe6cbf29894898fe920,asymptotically_constant,truncated_line,0,0.9979865803415355,0.9979865803415355,0.9999877429108568,0.16636497348165605,0.16636497348165605,1.4702508619457433e-06,0.004415349235772271,0.004415349235772271,0.0020576066576028606,1.0,1.0,1.0,0.0,0.0,0.0
ID_test,0615efe6cbf29894898fe920,asymptotically_constant,truncated_line,1,0.9958369697099082,0.9958369697099082,0.9999573344833389,0.16636497348165605,0.16636497348165605,1.4702508619457433e-06,0.006884165109072147,0.006884165109072147,0.0027668331530995975,1.0,1.0,0.0,0.0,0.0,0.0
ID_test,0615efe6cbf29894898fe920,asymptotically_constant,truncated_line,2,0.9871415102447466,0.9871415102447466,0.9998056148568014,0.16636497348165605,0.16636497348165605,1.4702508619457433e-06,0.014383602304998187,0.014383602304998187,0.005727060659748088,1.0,1.0,0.0,0.0,0.0,0.0
ID_test,0615efe6cbf29894898fe920,asymptotically_constant,truncated_line,3,0.9902528207130703,0.9902528207130703,0.9989911595761091,0.16636497348165605,0.16636497348165605,1.4702508619457433e-06,0.017461207464246217,0.017461207464246217,0.012075232645756887,1.0,1.0,1.0,0.0,0.0,0.0
ID_test,0615efe6cbf29894898fe920,asymptotically_constant,truncated_line,4,0.9912622818973814,0.9912622818973814,0.999245195487591,0.16636497348165605,0.16636497348165605,1.4702508619457433e-06,0.01648699475817508,0.01648699475817508,0.010932301522812127,1.0,1.0,1.0,0.0,0.0,0.0
ID_test,0615efe6cbf29894898fe920,asymptotically_constant,truncated_line,5,0.9919067761474213,0.9919067761474213,0.9989107747430367,0.16636497348165605,0.16636497348165605,1.4702508619457433e-06,0.0292310515515897,0.0292310515515897,0.01274072221199356,1.0,1.0,1.0,0.0,0.0,0.0
ID_test,0615efe6cbf29894898fe920,asymptotically_constant,truncated_line,6,0.9942996687429245,0.9942996687429245,0.9995110452514937,0.16636497348165605,0.16636497348165605,1.4702508619457433e-06,0.018434088560002927,0.018434088560002927,0.01082880179331652,1.0,1.0,1.0,0.0,0.0,0.0
ID_test,0615efe6cbf29894898fe920,asymptotically_constant,truncated_line,7,0.9906353937147806,0.9906353937147806,0.9951749030577404,0.16636497348165605,0.16636497348165605,1.4702508619457433e-06,0.02680490869441748,0.02680490869441748,0.016553527856658045,1.0,1.0,1.0,0.0,0.0,0.0
ID_test,0615efe6cbf29894898fe920,asymptotically_constant,truncated_line,8,0.9838633645845114,0.9838633645845114,0.9981374865314027,0.16636497348165605,0.16636497348165605,1.4702508619457433e-06,0.02281162487186355,0.02281162487186355,0.01376518782579864,1.0,1.0,1.0,0.0,0.0,0.0
ID_test,0615efe6cbf29894898fe920,asymptotically_constant,truncated_line,9,0.9789218794946174,0.9789218794946174,0.9961927736841921,0.16636497348165605,0.16636497348165605,1.4702508619457433e-06,0.026000686473220097,0.026000686473220097,0.018176996685041025,1.0,1.0,1.0,0.0,0.0,0.0
ID_test,0615efe6cbf29894898fe920,asymptotically_constant,truncated_line,10,0.9622118713196942,0.9622118713196942,0.9915084936521297,0.16636497348165605,0.16636497348165605,1.4702508619457433e-06,0.0492058806114046,0.0492058806114046,0.030741339438599163,1.0,1.0,1.0,0.0,0.0,0.0
ID_test,0a2cee74966faa9fd2286185,procedural_composite,truncated_line,0,0.9976478077562215,0.9976478077562215,0.9999944321323545,0.09804012569409255,0.09804012569409255,1.2417788486374093e-06,0.026295143694041075,0.026295143694041075,0.012694391656050442,1.0,1.0,1.0,0.0,0.0,0.0
ID_test,0a2cee74966faa9fd2286185,procedural_composite,truncated_line,1,0.9939559090473823,0.9939559090473823,0.9999579530567199,0.09804012569409255,0.09804012569409255,1.2417788486374093e-06,0.08263746648659323,0.08263746648659323,0.036384405076269485,1.0,1.0,0.0,0.0,0.0,0.0
ID_test,0a2cee74966faa9fd2286185,procedural_composite,truncated_line,2,0.9834443631244665,0.9834443631244665,0.9998913404402359,0.09804012569409255,0.09804012569409255,1.2417788486374093e-06,0.3922389596550249,0.3922389596550249,0.20938581434849668,1.0,1.0,0.0,0.0,0.0,0.0
ID_test,0a2cee74966faa9fd2286185,procedural_composite,truncated_line,3,0.99699642921347,0.99699642921347,0.9997476503251458,0.09804012569409255,0.09804012569409255,1.2417788486374093e-06,0.20088703031274444,0.20088703031274444,0.13920195442515743,1.0,1.0,1.0,0.0,0.0,0.0
ID_test,0a2cee74966faa9fd2286185,procedural_composite,truncated_line,4,0.9974405212799473,0.9974405212799473,0.9996241471179059,0.09804012569409255,0.09804012569409255,1.2417788486374093e-06,0.09102692141194935,0.09102692141194935,0.06771825817438691,1.0,1.0,1.0,0.0,0.0,0.0
ID_test,0a2cee74966faa9fd2286185,procedural_composite,truncated_line,5,0.9968627249570032,0.9968627249570032,0.9981551437912913,0.09804012569409255,0.09804012569409255,1.2417788486374093e-06,0.07538330013157024,0.07538330013157024,0.06844043281902168,1.0,1.0,1.0,0.0,0.0,0.0
ID_test,0a2cee74966faa9fd2286185,procedural_composite,truncated_line,6,0.9945830587192878,0.9945830587192878,0.9987930146637926,0.09804012569409255,0.09804012569409255,1.2417788486374093e-06,0.0518651078024778,0.0518651078024778,0.048835932921713635,1.0,1.0,1.0,0.0,0.0,0.0
ID_test,0a2cee74966faa9fd2286185,procedural_composite,truncated_line,7,0.9921513459712861,0.9921513459712861,0.9979528068668364,0.09804012569409255,0.09804012569409255,1.2417788486374093e-06,0.046742816560309014,0.046742816560309014,0.04586710191417663,1.0,1.0,1.0,0.0,0.0,0.0
ID_test,0a2cee74966faa9fd2286185,procedural_composite,truncated_line,8,0.9889504346009467,0.9889504346009467,0.9992372395487817,0.09804012569409255,0.09804012569409255,1.2417788486374093e-06,0.04760203408646398,0.04760203408646398,0.04700905953299918,1.0,1.0,1.0,0.0,0.0,0.0
ID_test,0a2cee74966faa9fd2286185,procedural_composite,truncated_line,9,0.9889551128753894,0.9889551128753894,0.9978131016226561,0.09804012569409255,0.09804012569409255,1.2417788486374093e-06,0.06731633118495803,0.06731633118495803,0.04234465977352428,1.0,1.0,1.0,0.0,0.0,0.0
ID_test,0a2cee74966faa9fd2286185,procedural_composite,truncated_line,10,0.9886725639010212,0.9886725639010212,0.9931753160589134,0.09804012569409255,0.09804012569409255,1.2417788486374093e-06,0.13384899314679533,0.13384899314679533,0.035671048879017064,1.0,1.0,1.0,0.0,0.0,0.0
ID_test,0e16aa23aa1ffc156edf6b60,localized_defect,truncated_line,0,0.8435620063457921,0.8435620063457921,0.9684030698486075,0.15546052553483186,0.15546052553483186,1.4003928183736747e-06,0.34598653544279334,0.34598653544279334,0.24830794570389036,1.0,1.0,0.0,0.0,0.0,0.0
ID_test,0e16aa23aa1ffc156edf6b60,localized_defect,truncated_line,1,0.9266925598832946,0.9266925598832946,0.959820881995169,0.15546052553483186,0.15546052553483186,1.4003928183736747e-06,0.8591631056135013,0.8591631056135013,0.8872009638022262,1.0,1.0,0.0,0.0,0.0,0.0
ID_test,0e16aa23aa1ffc156edf6b60,localized_defect,truncated_line,2,0.902855543298666,0.902855543298666,0.9965488118473522,0.15546052553483186,0.15546052553483186,1.4003928183736747e-06,0.6589485162348722,0.6589485162348722,0.31388299956583393,1.0,1.0,1.0,0.0,0.0,0.0
ID_test,0e16aa23aa1ffc156edf6b60,localized_defect,truncated_line,3,0.9536116441198026,0.9536116441198026,0.9953246762450242,0.15546052553483186,0.15546052553483186,1.4003928183736747e-06,0.3403396860406155,0.3403396860406155,0.19114185668900324,1.0,1.0,1.0,0.0,0.0,0.0
ID_test,0e16aa23aa1ffc156edf6b60,localized_defect,truncated_line,4,0.9525338872998165,0.9525338872998165,0.9935750380574256,0.15546052553483186,0.15546052553483186,1.4003928183736747e-06,0.23131290800008808,0.23131290800008808,0.13016429712618158,1.0,1.0,1.0,0.0,0.0,0.0
ID_test,0e16aa23aa1ffc156edf6b60,localized_defect,truncated_line,5,0.957336853657302,0.957336853657302,0.9923083013030299,0.15546052553483186,0.15546052553483186,1.4003928183736747e-06,0.20881808734409138,0.20881808734409138,0.111836976324352,1.0,1.0,1.0,0.0,0.0,0.0
ID_test,0e16aa23aa1ffc156edf6b60,localized_defect,truncated_line,6,0.9364284974281455,0.9364284974281455,0.9910698934289648,0.15546052553483186,0.15546052553483186,1.4003928183736747e-06,0.1530387390893118,0.1530387390893118,0.08406488465990418,1.0,1.0,1.0,0.0,0.0,0.0
ID_test,0e16aa23aa1ffc156edf6b60,localized_defect,truncated_line,7,0.939518968114153,0.939518968114153,0.9787154075040372,0.15546052553483186,0.15546052553483186,1.4003928183736747e-06,0.14201053350344384,0.14201053350344384,0.07602270649827947,1.0,1.0,1.0,0.0,0.0,0.0
ID_test,0e16aa23aa1ffc156edf6b60,localized_defect,truncated_line,8,0.9420080767312592,0.9420080767312592,0.9872080257058887,0.15546052553483186,0.15546052553483186,1.4003928183736747e-06,0.10483760529828462,0.10483760529828462,0.05804983619494043,1.0,1.0,1.0,0.0,0.0,0.0
ID_test,0e16aa23aa1ffc156edf6b60,localized_defect,truncated_line,9,0.9466859522478946,0.9466859522478946,0.987289626763469,0.15546052553483186,0.15546052553483186,1.4003928183736747e-06,0.09152565489966348,0.09152565489966348,0.05151910608942757,1.0,1.0,1.0,0.0,0.0,0.0
ID_test,0e16aa23aa1ffc156edf6b60,localized_defect,truncated_line,10,0.9332410203892575,0.9332410203892575,0.9818333316426306,0.15546052553483186,0.15546052553483186,1.4003928183736747e-06,0.08827668601773359,0.08827668601773359,0.047824988693233816,1.0,1.0,1.0,0.0,0.0,0.0
ID_test,0ee7cad2f2680d3c59ced498,multiwell,truncated_line,0,0.987519757338438,0.987519757338438,0.9999860383778324,0.084133604950735,0.084133604950735,1.6087999524794228e-06,0.3375036649678037,0.3375036649678037,0.06820172339018442,1.0,1.0,1.0,0.0,0.0,0.0
ID_test,0ee7cad2f2680d3c59ced498,multiwell,truncated_line,1,0.9840275984862095,0.9840275984862095,0.9999658759400107,0.084133604950735,0.084133604950735,1.6087999524794228e-06,0.081899557343601,0.081899557343601,0.02667501000738787,1.0,1.0,0.0,0.0,0.0,0.0
ID_test,0ee7cad2f2680d3c59ced498,multiwell,truncated_line,2,0.9785725920463453,0.9785725920463453,0.9999225640945468,0.084133604950735,0.084133604950735,1.6087999524794228e-06,0.05674356071383114,0.05674356071383114,0.017701742518967424,1.0,1.0,0.0,0.0,0.0,0.0
ID_test,0ee7cad2f2680d3c59ced498,multiwell,truncated_line,3,0.993243232210486,0.993243232210486,0.9996516588384591,0.084133604950735,0.084133604950735,1.6087999524794228e-06,0.04476293949511948,0.04476293949511948,0.030557036851374234,1.0,1.0,1.0,0.0,0.0,0.0
ID_test,0ee7cad2f2680d3c59ced498,multiwell,truncated_line,4,0.9933042234491849,0.9933042234491849,0.99960451264593,0.084133604950735,0.084133604950735,1.6087999524794228e-06,0.03981547442974715,0.03981547442974715,0.02660614547835289,1.0,1.0,1.0,0.0,0.0,0.0
ID_test,0ee7cad2f2680d3c59ced498,multiwell,truncated_line,5,0.9949235949243502,0.9949235949243502,0.9979601065831949,0.084133604950735,0.084133604950735,1.6087999524794228e-06,0.03775193316701462,0.03775193316701462,0.03220979766100148,1.0,1.0,1.0,0.0,0.0,0.0
ID_test,0ee7cad2f2680d3c59ced498,multiwell,truncated_line,6,0.9940882930643485,0.9940882930643485,0.9981579580645578,0.084133604950735,0.084133604950735,1.6087999524794228e-06,0.03939503208431729,0.03939503208431729,0.026407725262540305,1.0,1.0,1.0,0.0,0.0,0.0
ID_test,0ee7cad2f2680d3c59ced498,multiwell,truncated_line,7,0.9888318958532103,0.9888318958532103,0.9965034255568599,0.084133604950735,0.084133604950735,1.6087999524794228e-06,0.03395033379209278,0.03395033379209278,0.026805800965655647,1.0,1.0,1.0,0.0,0.0,0.0
ID_test,0ee7cad2f2680d3c59ced498,multiwell,truncated_line,8,0.9881181638224031,0.9881181638224031,0.9984662139527702,0.084133604950735,0.084133604950735,1.6087999524794228e-06,0.030417283021169327,0.030417283021169327,0.027745927145421206,1.0,1.0,1.0,0.0,0.0,0.0
ID_test,0ee7cad2f2680d3c59ced498,multiwell,truncated_line,9,0.987431402818197,0.987431402818197,0.9971383004766201,0.084133604950735,0.084133604950735,1.6087999524794228e-06,0.03216212121046544,0.03216212121046544,0.03027310649408781,1.0,1.0,1.0,0.0,0.0,0.0
ID_test,0ee7cad2f2680d3c59ced498,multiwell,truncated_line,10,0.9856693143540894,0.9856693143540894,0.9897819080291808,0.084133604950735,0.084133604950735,1.6087999524794228e-06,0.029116137147886276,0.029116137147886276,0.029279126866005457,1.0,1.0,1.0,0.0,0.0,0.0
ID_test,1278fa759ebce56d000288cc,anharmonic_polynomial,truncated_line,0,0.9984027021964044,0.9984027021964044,0.9999864971537302,0.09747659342868065,0.09747659342868065,1.7906778801979328e-06,0.1366958765652025,0.1366958765652025,0.08583678076773078,1.0,1.0,1.0,0.0,0.0,0.0
ID_test,1278fa759ebce56d000288cc,anharmonic_polynomial,truncated_line,1,0.9903999793624416,0.9903999793624416,0.9999846712649414,0.09747659342868065,0.09747659342868065,1.7906778801979328e-06,0.07020056515453914,0.07020056515453914,0.027913819999798504,1.0,1.0,1.0,0.0,0.0,0.0
ID_test,1278fa759ebce56d000288cc,anharmonic_polynomial,truncated_line,2,0.9753018754629342,0.9753018754629342,0.9998597806485815,0.09747659342868065,0.09747659342868065,1.7906778801979328e-06,0.07486058948543073,0.07486058948543073,0.03465895103987539,1.0,1.0,1.0,0.0,0.0,0.0
ID_test,1278fa759ebce56d000288cc,anharmonic_polynomial,truncated_line,3,0.9973064751955996,0.9973064751955996,0.9998211240607351,0.09747659342868065,0.09747659342868065,1.7906778801979328e-06,0.04478375667659445,0.04478375667659445,0.03045129966320007,1.0,1.0,1.0,0.0,0.0,0.0
ID_test,1278fa759ebce56d000288cc,anharmonic_polynomial,truncated_line,4,0.9986854537943303,0.9986854537943303,0.9997238605538917,0.09747659342868065,0.09747659342868065,1.7906778801979328e-06,0.03762970217877768,0.03762970217877768,0.029474188057923397,1.0,1.0,1.0,0.0,0.0,0.0
ID_test,1278fa759ebce56d000288cc,anharmonic_polynomial,truncated_line,5,0.997925750379409,0.997925750379409,0.9983070578163383,0.09747659342868065,0.09747659342868065,1.7906778801979328e-06,0.039405795347891424,0.039405795347891424,0.03890640402157397,1.0,1.0,1.0,0.0,0.0,0.0
ID_test,1278fa759ebce56d000288cc,anharmonic_polynomial,truncated_line,6,0.997282466240418,0.997282466240418,0.9987864695911293,0.09747659342868065,0.09747659342868065,1.7906778801979328e-06,0.03478533116166801,0.03478533116166801,0.03436440350692098,1.0,1.0,1.0,0.0,0.0,0.0
ID_test,1278fa759ebce56d000288cc,anharmonic_polynomial,truncated_line,7,0.9965948428692267,0.9965948428692267,0.9989141337950256,0.09747659342868065,0.09747659342868065,1.7906778801979328e-06,0.03581370542583194,0.03581370542583194,0.03626457498913235,1.0,1.0,1.0,0.0,0.0,0.0
ID_test,1278fa759ebce56d000288cc,anharmonic_polynomial,truncated_line,8,0.9939424986017338,0.9939424986017338,0.9993678597673549,0.09747659342868065,0.09747659342868065,1.7906778801979328e-06,0.03717575058013212,0.03717575058013212,0.036801450723259126,1.0,1.0,1.0,0.0,0.0,0.0
ID_test,1278fa759ebce56d000288cc,anharmonic_polynomial,truncated_line,9,0.9966096477302352,0.9966096477302352,0.9990611168883501,0.09747659342868065,0.09747659342868065,1.7906778801979328e-06,0.03613564549930771,0.03613564549930771,0.034273641506682766,1.0,1.0,1.0,0.0,0.0,0.0
ID_test,1278fa759ebce56d000288cc,anharmonic_polynomial,truncated_line,10,0.9971055293435775,0.9971055293435775,0.9978697491323091,0.09747659342868065,0.09747659342868065,1.7906778801979328e-06,0.03212206740345403,0.03212206740345403,0.029317018667503535,1.0,1.0,1.0,0.0,0.0,0.0
ID_test,158a4779dc745c3ea460257a,single_barrier,truncated_line,0,0.9005239089915433,0.9005239089915433,0.9783098550384316,0.260833325982043,0.260833325982043,1.305779639082516e-06,0.5216302642690874,0.5216302642690874,0.4041727979865318,1.0,1.0,0.0,0.0,0.0,0.0
ID_test,158a4779dc745c3ea460257a,single_barrier,truncated_line,1,0.3970812785615599,0.3970812785615599,0.9760383219333654,0.260833325982043,0.260833325982043,1.305779639082516e-06,0.2095356760292934,0.2095356760292934,0.29307982933872584,1.0,1.0,0.0,0.0,0.0,0.0
ID_test,158a4779dc745c3ea460257a,single_barrier,truncated_line,2,0.6292231878021315,0.6292231878021315,0.9953563985911844,0.260833325982043,0.260833325982043,1.305779639082516e-06,0.11832726456114653,0.11832726456114653,0.0964410390295617,1.0,1.0,1.0,0.0,0.0,0.0
ID_test,158a4779dc745c3ea460257a,single_barrier,truncated_line,3,0.5987753842029259,0.5987753842029259,0.9975689843569494,0.260833325982043,0.260833325982043,1.305779639082516e-06,0.12880414139110066,0.12880414139110066,0.07572633537068744,1.0,1.0,1.0,0.0,0.0,0.0
ID_test,158a4779dc745c3ea460257a,single_barrier,truncated_line,4,0.6949194149123538,0.6949194149123538,0.9980837220042356,0.260833325982043,0.260833325982043,1.305779639082516e-06,0.07951867578025626,0.07951867578025626,0.06856794004722443,1.0,1.0,1.0,0.0,0.0,0.0
ID_test,158a4779dc745c3ea460257a,single_barrier,truncated_line,5,0.8419196696023469,0.8419196696023469,0.9897680409332307,0.260833325982043,0.260833325982043,1.305779639082516e-06,0.07674672921085043,0.07674672921085043,0.05933897129145826,1.0,1.0,0.0,0.0,0.0,0.0
ID_test,158a4779dc745c3ea460257a,single_barrier,truncated_line,6,0.9457453815690952,0.9457453815690952,0.9962244226944644,0.260833325982043,0.260833325982043,1.305779639082516e-06,0.036777767924854404,0.036777767924854404,0.03163403770710852,1.0,1.0,1.0,0.0,0.0,0.0
ID_test,158a4779dc745c3ea460257a,single_barrier,truncated_line,7,0.9351414822065787,0.9351414822065787,0.9928786254771967,0.260833325982043,0.260833325982043,1.305779639082516e-06,0.04951949025516178,0.04951949025516178,0.042224072449227344,1.0,1.0,1.0,0.0,0.0,0.0
ID_test,158a4779dc745c3ea460257a,single_barrier,truncated_line,8,0.9947386608062307,0.9947386608062307,0.9983411321374592,0.260833325982043,0.260833325982043,1.305779639082516e-06,0.03145853103765401,0.03145853103765401,0.030127240537327512,1.0,1.0,1.0,0.0,0.0,0.0
ID_test,158a4779dc745c3ea460257a,single_barrier,truncated_line,9,0.9739374036390499,0.9739374036390499,0.9913740967055898,0.260833325982043,0.260833325982043,1.305779639082516e-06,0.03941020858557865,0.03941020858557865,0.031281615895799544,1.0,1.0,1.0,0.0,0.0,0.0
ID_test,158a4779dc745c3ea460257a,single_barrier,truncated_line,10,0.9906224900863403,0.9906224900863403,0.9966206547225125,0.260833325982043,0.260833325982043,1.305779639082516e-06,0.027981369193218388,0.027981369193218388,0.027910922121709363,1.0,1.0,1.0,0.0,0.0,0.0
ID_test,1baefe101d4088728df7e114,composite_confining,truncated_line,0,0.9729264309729927,0.9729264309729927,0.9998459274128011,0.2493032392301166,0.2493032392301166,1.7700491575789457e-06,0.08142853651584366,0.08142853651584366,0.04448007456218156,1.0,1.0,1.0,0.0,0.0,0.0
ID_test,1baefe101d4088728df7e114,composite_confining,truncated_line,1,0.8460864151281868,0.8460864151281868,0.9998756956224908,0.2493032392301166,0.2493032392301166,1.7700491575789457e-06,0.28187868479697914,0.28187868479697914,0.103738858732858,1.0,1.0,1.0,0.0,0.0,0.0
ID_test,1baefe101d4088728df7e114,composite_confining,truncated_line,2,0.8844619182204213,0.8844619182204213,0.999868922750449,0.2493032392301166,0.2493032392301166,1.7700491575789457e-06,0.3820125545033281,0.3820125545033281,0.2267542245087788,1.0,1.0,1.0,0.0,0.0,0.0
ID_test,1baefe101d4088728df7e114,composite_confining,truncated_line,3,0.9770706254604244,0.9770706254604244,0.9997405199241258,0.2493032392301166,0.2493032392301166,1.7700491575789457e-06,0.43473770362398817,0.43473770362398817,0.3371761898981269,1.0,1.0,0.0,0.0,0.0,0.0
ID_test,1baefe101d4088728df7e114,composite_confining,truncated_line,4,0.9889239142837681,0.9889239142837681,0.9992902113914359,0.2493032392301166,0.2493032392301166,1.7700491575789457e-06,0.1698184885029555,0.1698184885029555,0.13853298345557846,1.0,1.0,1.0,0.0,0.0,0.0
ID_test,1baefe101d4088728df7e114,composite_confining,truncated_line,5,0.9907532951634077,0.9907532951634077,0.9990482704865176,0.2493032392301166,0.2493032392301166,1.7700491575789457e-06,0.12273491868721809,0.12273491868721809,0.09639711966416711,1.0,1.0,1.0,0.0,0.0,0.0
ID_test,1baefe101d4088728df7e114,composite_confining,truncated_line,6,0.9921275092353915,0.9921275092353915,0.9969199306630399,0.2493032392301166,0.2493032392301166,1.7700491575789457e-06,0.09629412916916728,0.09629412916916728,0.08056635209461874,1.0,1.0,1.0,0.0,0.0,0.0
ID_test,1baefe101d4088728df7e114,composite_confining,truncated_line,7,0.9868759934746477,0.9868759934746477,0.996510219209933,0.2493032392301166,0.2493032392301166,1.7700491575789457e-06,0.07830400825178051,0.07830400825178051,0.06753281282256615,1.0,1.0,1.0,0.0,0.0,0.0
ID_test,1baefe101d4088728df7e114,composite_confining,truncated_line,8,0.9779246431033918,0.9779246431033918,0.9982134265849862,0.2493032392301166,0.2493032392301166,1.7700491575789457e-06,0.06590427153893512,0.06590427153893512,0.057974866630240283,1.0,1.0,1.0,0.0,0.0,0.0
ID_test,1baefe101d4088728df7e114,composite_confining,truncated_line,9,0.9751856945388575,0.9751856945388575,0.9959310038853358,0.2493032392301166,0.2493032392301166,1.7700491575789457e-06,0.07326327739234238,0.07326327739234238,0.05479567542136775,1.0,1.0,1.0,0.0,0.0,0.0
ID_test,1baefe101d4088728df7e114,composite_confining,truncated_line,10,0.9727989797817127,0.9727989797817127,0.97781020105021,0.2493032392301166,0.2493032392301166,1.7700491575789457e-06,0.1319715073547228,0.1319715073547228,0.045016705094138326,1.0,1.0,1.0,0.0,0.0,0.0
ID_test,1c2fec4200cb9b3f4ef06f03,double_well,truncated_line,0,0.8628449849121043,0.8628449849121043,0.9998372680520373,0.3084936458050954,0.3084936458050954,1.7179738054373672e-06,0.3999718632222775,0.3999718632222775,0.3120363728426772,1.0,1.0,0.0,0.0,0.0,0.0
ID_test,1c2fec4200cb9b3f4ef06f03,double_well,truncated_line,1,0.5874364258458203,0.5874364258458203,0.9996910040778028,0.3084936458050954,0.3084936458050954,1.7179738054373672e-06,0.2629581435505425,0.2629581435505425,0.18888339765778295,1.0,1.0,1.0,0.0,0.0,0.0
ID_test,1c2fec4200cb9b3f4ef06f03,double_well,truncated_line,2,0.956533409290601,0.956533409290601,0.9997945998689275,0.3084936458050954,0.3084936458050954,1.7179738054373672e-06,0.13895721896255384,0.13895721896255384,0.09531934569963095,1.0,1.0,1.0,0.0,0.0,0.0
ID_test,1c2fec4200cb9b3f4ef06f03,double_well,truncated_line,3,0.9934108688733456,0.9934108688733456,0.999526106339629,0.3084936458050954,0.3084936458050954,1.7179738054373672e-06,0.07662781696122642,0.07662781696122642,0.067392893031707,1.0,1.0,1.0,0.0,0.0,0.0
ID_test,1c2fec4200cb9b3f4ef06f03,double_well,truncated_line,4,0.9966284935844167,0.9966284935844167,0.9994640271873665,0.3084936458050954,0.3084936458050954,1.7179738054373672e-06,0.06595712707386676,0.06595712707386676,0.05902275572683192,1.0,1.0,1.0,0.0,0.0,0.0
ID_test,1c2fec4200cb9b3f4ef06f03,double_well,truncated_line,5,0.9963378196942912,0.9963378196942912,0.999442748762454,0.3084936458050954,0.3084936458050954,1.7179738054373672e-06,0.07424742091232704,0.07424742091232704,0.05884627746817596,1.0,1.0,1.0,0.0,0.0,0.0
ID_test,1c2fec4200cb9b3f4ef06f03,double_well,truncated_line,6,0.9952365311073049,0.9952365311073049,0.9995017879921524,0.3084936458050954,0.3084936458050954,1.7179738054373672e-06,0.07484391773580126,0.07484391773580126,0.05619204893431699,1.0,1.0,1.0,0.0,0.0,0.0
ID_test,1c2fec4200cb9b3f4ef06f03,double_well,truncated_line,7,0.9977204433721959,0.9977204433721959,0.9995752094552319,0.3084936458050954,0.3084936458050954,1.7179738054373672e-06,0.0641203881420809,0.0641203881420809,0.055731935415207996,1.0,1.0,1.0,0.0,0.0,0.0
ID_test,1c2fec4200cb9b3f4ef06f03,double_well,truncated_line,8,0.9958437214114296,0.9958437214114296,0.9989102839440617,0.3084936458050954,0.3084936458050954,1.7179738054373672e-06,0.05178561167401256,0.05178561167401256,0.04674034486211061,1.0,1.0,1.0,0.0,0.0,0.0
ID_test,1c2fec4200cb9b3f4ef06f03,double_well,truncated_line,9,0.9865547926498918,0.9865547926498918,0.9909664272200052,0.3084936458050954,0.3084936458050954,1.7179738054373672e-06,0.05114102331088206,0.05114102331088206,0.043877291521700335,1.0,1.0,1.0,0.0,0.0,0.0
ID_test,1c2fec4200cb9b3f4ef06f03,double_well,truncated_line,10,0.9920297175190925,0.9920297175190925,0.9952907743214061,0.3084936458050954,0.3084936458050954,1.7179738054373672e-06,0.03831514288575341,0.03831514288575341,0.03506861843235904,1.0,1.0,1.0,0.0,0.0,0.0
ID_test,1f2e46d455e3188fefb3a263,poschl_h,truncated_line,0,0.9985720570095071,0.9985720570095071,0.999986498977237,0.22686577990758067,0.22686577990758067,1.7034727227693836e-06,0.007437705746229485,0.007437705746229485,0.002980332271272258,1.0,1.0,1.0,0.0,0.0,0.0
ID_test,1f2e46d455e3188fefb3a263,poschl_h,truncated_line,1,0.9979197368898801,0.9979197368898801,0.9999807946019383,0.22686577990758067,0.22686577990758067,1.7034727227693836e-06,0.00863507721151363,0.00863507721151363,0.0025740146079287246,1.0,1.0,1.0,0.0,0.0,0.0
ID_test,1f2e46d455e3188fefb3a263,poschl_h,truncated_line,2,0.9928376933522358,0.9928376933522358,0.9997099560949696,0.22686577990758067,0.22686577990758067,1.7034727227693836e-06,0.015875045021771946,0.015875045021771946,0.008245470978585936,1.0,1.0,0.0,0.0,0.0,0.0
ID_test,1f2e46d455e3188fefb3a263,poschl_h,truncated_line,3,0.9903586291511072,0.9903586291511072,0.9991904515813979,0.22686577990758067,0.22686577990758067,1.7034727227693836e-06,0.027337082447430723,0.027337082447430723,0.015886453063623268,1.0,1.0,1.0,0.0,0.0,0.0
ID_test,1f2e46d455e3188fefb3a263,poschl_h,truncated_line,4,0.9885795527986847,0.9885795527986847,0.9991622610293444,0.22686577990758067,0.22686577990758067,1.7034727227693836e-06,0.0286866607245681,0.0286866607245681,0.018051453120180926,1.0,1.0,1.0,0.0,0.0,0.0
ID_test,1f2e46d455e3188fefb3a263,poschl_h,truncated_line,5,0.9867209570887804,0.9867209570887804,0.9994483042358783,0.22686577990758067,0.22686577990758067,1.7034727227693836e-06,0.05429660388512564,0.05429660388512564,0.015764388476785508,1.0,1.0,1.0,0.0,0.0,0.0
ID_test,1f2e46d455e3188fefb3a263,poschl_h,truncated_line,6,0.9908713808498625,0.9908713808498625,0.9993085041144552,0.22686577990758067,0.22686577990758067,1.7034727227693836e-06,0.033220301246180174,0.033220301246180174,0.01638573383550157,1.0,1.0,1.0,0.0,0.0,0.0
ID_test,1f2e46d455e3188fefb3a263,poschl_h,truncated_line,7,0.9846343984876825,0.9846343984876825,0.9935353361831805,0.22686577990758067,0.22686577990758067,1.7034727227693836e-06,0.04749516942110477,0.04749516942110477,0.0321748620535925,1.0,1.0,1.0,0.0,0.0,0.0
ID_test,1f2e46d455e3188fefb3a263,poschl_h,truncated_line,8,0.9697905774055786,0.9697905774055786,0.9976797941880595,0.22686577990758067,0.22686577990758067,1.7034727227693836e-06,0.0506838108915154,0.0506838108915154,0.030071952704646635,1.0,1.0,1.0,0.0,0.0,0.0
ID_test,1f2e46d455e3188fefb3a263,poschl_h,truncated_line,9,0.9651913728102688,0.9651913728102688,0.992910495347662,0.22686577990758067,0.22686577990758067,1.7034727227693836e-06,0.06337719913403919,0.06337719913403919,0.03842941353181714,1.0,1.0,1.0,0.0,0.0,0.0
ID_test,1f2e46d455e3188fefb3a263,poschl_h,truncated_line,10,0.9319855914539875,0.9319855914539875,0.9877863694852642,0.22686577990758067,0.22686577990758067,1.7034727227693836e-06,0.12628956805074742,0.12628956805074742,0.0733210432679001,1.0,1.0,1.0,0.0,0.0,0.0
ID_test,2233e6a788e6fb45439f7868,morse,truncated_line,0,0.9604770671366755,0.9604770671366755,0.9999307643914525,0.11028512302316508,0.11028512302316508,2.0413473615921163e-06,0.36346217821498555,0.36346217821498555,0.11988058869009509,1.0,1.0,0.0,0.0,0.0,0.0
ID_test,2233e6a788e6fb45439f7868,morse,truncated_line,1,0.9490612287972517,0.9490612287972517,0.9997418697524155,0.11028512302316508,0.11028512302316508,2.0413473615921163e-06,0.15942437501251563,0.15942437501251563,0.07010194789898776,1.0,1.0,1.0,0.0,0.0,0.0
ID_test,2233e6a788e6fb45439f7868,morse,truncated_line,2,0.94857635315245,0.94857635315245,0.9997658479909367,0.11028512302316508,0.11028512302316508,2.0413473615921163e-06,0.10100297626500175,0.10100297626500175,0.05147662900002252,1.0,1.0,1.0,0.0,0.0,0.0
ID_test,2233e6a788e6fb45439f7868,morse,truncated_line,3,0.9797617557466182,0.9797617557466182,0.9996985118281453,0.11028512302316508,0.11028512302316508,2.0413473615921163e-06,0.06105212921749615,0.06105212921749615,0.03944744479418749,1.0,1.0,0.0,0.0,0.0,0.0
ID_test,2233e6a788e6fb45439f7868,morse,truncated_line,4,0.9834873516514521,0.9834873516514521,0.9986798941287777,0.11028512302316508,0.11028512302316508,2.0413473615921163e-06,0.05448550767622321,0.05448550767622321,0.03768084442501818,1.0,1.0,1.0,0.0,0.0,0.0
ID_test,2233e6a788e6fb45439f7868,morse,truncated_line,5,0.9925396397942997,0.9925396397942997,0.997143523648681,0.11028512302316508,0.11028512302316508,2.0413473615921163e-06,0.04024225503705246,0.04024225503705246,0.03709234072311902,1.0,1.0,1.0,0.0,0.0,0.0
ID_test,2233e6a788e6fb45439f7868,morse,truncated_line,6,0.9905792480222558,0.9905792480222558,0.9967439629634106,0.11028512302316508,0.11028512302316508,2.0413473615921163e-06,0.054483785166620176,0.054483785166620176,0.0311978041753854,1.0,1.0,1.0,0.0,0.0,0.0
ID_test,2233e6a788e6fb45439f7868,morse,truncated_line,7,0.9862629546688331,0.9862629546688331,0.995900473287684,0.11028512302316508,0.11028512302316508,2.0413473615921163e-06,0.04813999355624095,0.04813999355624095,0.02785708644700772,1.0,1.0,1.0,0.0,0.0,0.0
ID_test,2233e6a788e6fb45439f7868,morse,truncated_line,8,0.9766820931187289,0.9766820931187289,0.997107142628675,0.11028512302316508,0.11028512302316508,2.0413473615921163e-06,0.04767326939233433,0.04767326939233433,0.020732404255696932,1.0,1.0,1.0,0.0,0.0,0.0
ID_test,2233e6a788e6fb45439f7868,morse,truncated_line,9,0.9744742839433533,0.9744742839433533,0.9971876487337652,0.11028512302316508,0.11028512302316508,2.0413473615921163e-06,0.031858709183751166,0.031858709183751166,0.02095526536245491,1.0,1.0,1.0,0.0,0.0,0.0
ID_test,2233e6a788e6fb45439f7868,morse,truncated_line,10,0.9716971898900961,0.9716971898900961,0.9959624768932555,0.11028512302316508,0.11028512302316508,2.0413473615921163e-06,0.23096365528723536,0.23096365528723536,0.020262750175465097,1.0,1.0,1.0,0.0,0.0,0.0
ID_test,2285542f0a644376d22bb854,poschl_h,truncated_line,0,0.9978900135906965,0.9978900135906965,0.9999810456053788,0.2594593730890402,0.2594593730890402,1.536868756923937e-06,0.010716205494908097,0.010716205494908097,0.003466080730671708,1.0,1.0,1.0,0.0,0.0,0.0
ID_test,2285542f0a644376d22bb854,poschl_h,truncated_line,1,0.9969714002871266,0.9969714002871266,0.9999749155475431,0.2594593730890402,0.2594593730890402,1.536868756923937e-06,0.012602864851040941,0.012602864851040941,0.0031939947056632747,1.0,1.0,1.0,0.0,0.0,0.0
ID_test,2285542f0a644376d22bb854,poschl_h,truncated_line,2,0.9924156093576096,0.9924156093576096,0.9997692696906924,0.2594593730890402,0.2594593730890402,1.536868756923937e-06,0.01743880386123391,0.01743880386123391,0.00827989995861166,1.0,1.0,0.0,0.0,0.0,0.0
ID_test,2285542f0a644376d22bb854,poschl_h,truncated_line,3,0.9868582853251432,0.9868582853251432,0.9994907310591357,0.2594593730890402,0.2594593730890402,1.536868756923937e-06,0.035446500919727945,0.035446500919727945,0.014977825112735942,1.0,1.0,1.0,0.0,0.0,0.0
ID_test,2285542f0a644376d22bb854,poschl_h,truncated_line,4,0.9825695478129628,0.9825695478129628,0.9993276104390514,0.2594593730890402,0.2594593730890402,1.536868756923937e-06,0.03955836082787369,0.03955836082787369,0.02047991884551876,1.0,1.0,1.0,0.0,0.0,0.0
ID_test,2285542f0a644376d22bb854,poschl_h,truncated_line,5,0.9789588708142427,0.9789588708142427,0.9991697259262259,0.2594593730890402,0.2594593730890402,1.536868756923937e-06,0.0718137876307194,0.0718137876307194,0.019562454720301516,1.0,1.0,1.0,0.0,0.0,0.0
ID_test,2285542f0a644376d22bb854,poschl_h,truncated_line,6,0.9852623473516374,0.9852623473516374,0.9982613048725257,0.2594593730890402,0.2594593730890402,1.536868756923937e-06,0.04686027080519088,0.04686027080519088,0.024280286170318195,1.0,1.0,1.0,0.0,0.0,0.0
ID_test,2285542f0a644376d22bb854,poschl_h,truncated_line,7,0.9779020541150679,0.9779020541150679,0.9918062990021882,0.2594593730890402,0.2594593730890402,1.536868756923937e-06,0.06261606504888649,0.06261606504888649,0.04457411971939514,1.0,1.0,1.0,0.0,0.0,0.0
ID_test,2285542f0a644376d22bb854,poschl_h,truncated_line,8,0.9570553247092681,0.9570553247092681,0.9969948370042623,0.2594593730890402,0.2594593730890402,1.536868756923937e-06,0.07540269968881949,0.07540269968881949,0.04340536108294137,1.0,1.0,1.0,0.0,0.0,0.0
ID_test,2285542f0a644376d22bb854,poschl_h,truncated_line,9,0.9542196497930903,0.9542196497930903,0.9917178064858465,0.2594593730890402,0.2594593730890402,1.536868756923937e-06,0.0989284462804209,0.0989284462804209,0.053646654100540356,1.0,1.0,1.0,0.0,0.0,0.0
ID_test,2285542f0a644376d22bb854,poschl_h,truncated_line,10,0.9085903652526757,0.9085903652526757,0.9860884223697872,0.2594593730890402,0.2594593730890402,1.536868756923937e-06,0.18636397556191112,0.18636397556191112,0.1094307823219509,1.0,1.0,1.0,0.0,0.0,0.0
ID_test,22a6974279fa17ae4d8dbd3d,asymmetric_well,truncated_line,0,0.9864378549207041,0.9864378549207041,0.9999606446599555,0.08970052857484918,0.08970052857484918,1.6110240963485012e-06,0.23520962591168196,0.23520962591168196,0.05537396068763827,1.0,1.0,0.0,0.0,0.0,0.0
ID_test,22a6974279fa17ae4d8dbd3d,asymmetric_well,truncated_line,1,0.9879062677309657,0.9879062677309657,0.9998168620649945,0.08970052857484918,0.08970052857484918,1.6110240963485012e-06,0.2985359721241613,0.2985359721241613,0.13929935410253752,1.0,1.0,0.0,0.0,0.0,0.0
ID_test,22a6974279fa17ae4d8dbd3d,asymmetric_well,truncated_line,2,0.9829391793711026,0.9829391793711026,0.9996881775544948,0.08970052857484918,0.08970052857484918,1.6110240963485012e-06,0.09515430511121527,0.09515430511121527,0.048090200293010414,1.0,1.0,0.0,0.0,0.0,0.0
ID_test,22a6974279fa17ae4d8dbd3d,asymmetric_well,truncated_line,3,0.990347838765043,0.990347838765043,0.9997350561598435,0.08970052857484918,0.08970052857484918,1.6110240963485012e-06,0.05415883111726792,0.05415883111726792,0.03382730963095756,1.0,1.0,0.0,0.0,0.0,0.0
ID_test,22a6974279fa17ae4d8dbd3d,asymmetric_well,truncated_line,4,0.9915568260072333,0.9915568260072333,0.9997141396561545,0.08970052857484918,0.08970052857484918,1.6110240963485012e-06,0.048612410159095794,0.048612410159095794,0.025587094192031576,1.0,1.0,1.0,0.0,0.0,0.0
ID_test,22a6974279fa17ae4d8dbd3d,asymmetric_well,truncated_line,5,0.9950164735138539,0.9950164735138539,0.9981361944137636,0.08970052857484918,0.08970052857484918,1.6110240963485012e-06,0.0359748354566291,0.0359748354566291,0.032073787672771005,1.0,1.0,1.0,0.0,0.0,0.0
ID_test,22a6974279fa17ae4d8dbd3d,asymmetric_well,truncated_line,6,0.9933285974304155,0.9933285974304155,0.9975284730721463,0.08970052857484918,0.08970052857484918,1.6110240963485012e-06,0.034583548683388615,0.034583548683388615,0.030880064373014656,1.0,1.0,1.0,0.0,0.0,0.0
ID_test,22a6974279fa17ae4d8dbd3d,asymmetric_well,truncated_line,7,0.9900405207372815,0.9900405207372815,0.9964677680109907,0.08970052857484918,0.08970052857484918,1.6110240963485012e-06,0.03629539889650645,0.03629539889650645,0.031199793878576455,1.0,1.0,1.0,0.0,0.0,0.0
ID_test,22a6974279fa17ae4d8dbd3d,asymmetric_well,truncated_line,8,0.9887980070107583,0.9887980070107583,0.9979683282611562,0.08970052857484918,0.08970052857484918,1.6110240963485012e-06,0.03530531635905233,0.03530531635905233,0.03433844460866894,1.0,1.0,1.0,0.0,0.0,0.0
ID_test,22a6974279fa17ae4d8dbd3d,asymmetric_well,truncated_line,9,0.9858417709042411,0.9858417709042411,0.9957716358157565,0.08970052857484918,0.08970052857484918,1.6110240963485012e-06,0.03602375520404304,0.03602375520404304,0.03366529564982412,1.0,1.0,1.0,0.0,0.0,0.0
ID_test,22a6974279fa17ae4d8dbd3d,asymmetric_well,truncated_line,10,0.9847650098214122,0.9847650098214122,0.9877809433243158,0.08970052857484918,0.08970052857484918,1.6110240963485012e-06,0.040382951493181954,0.040382951493181954,0.03196561508823951,1.0,1.0,1.0,0.0,0.0,0.0
ID_test,24b8b50716daee94bb445de7,smooth_perturbed,truncated_line,0,0.9891245625060155,0.9891245625060155,0.9999671572149518,0.4420738324641855,0.4420738324641855,2.0619333848115318e-06,0.11486135622050093,0.11486135622050093,0.04842665307629579,1.0,1.0,1.0,0.0,0.0,0.0
ID_test,24b8b50716daee94bb445de7,smooth_perturbed,truncated_line,1,0.7008085341963262,0.7008085341963262,0.9998218431400355,0.4420738324641855,0.4420738324641855,2.0619333848115318e-06,0.1717887167513469,0.1717887167513469,0.03777464337402016,1.0,1.0,0.0,0.0,0.0,0.0
ID_test,24b8b50716daee94bb445de7,smooth_perturbed,truncated_line,2,0.5800851500610963,0.5800851500610963,0.9996604237784172,0.4420738324641855,0.4420738324641855,2.0619333848115318e-06,0.08138435975209936,0.08138435975209936,0.03630101242099609,1.0,1.0,0.0,0.0,0.0,0.0
ID_test,24b8b50716daee94bb445de7,smooth_perturbed,truncated_line,3,0.8684762140684068,0.8684762140684068,0.9993535615024477,0.4420738324641855,0.4420738324641855,2.0619333848115318e-06,0.054684041676063,0.054684041676063,0.03745862652850943,1.0,1.0,1.0,0.0,0.0,0.0
ID_test,24b8b50716daee94bb445de7,smooth_perturbed,truncated_line,4,0.9553629385966989,0.9553629385966989,0.9992211043860144,0.4420738324641855,0.4420738324641855,2.0619333848115318e-06,0.04304834371374563,0.04304834371374563,0.03391653875574531,1.0,1.0,1.0,0.0,0.0,0.0
ID_test,24b8b50716daee94bb445de7,smooth_perturbed,truncated_line,5,0.9750124798612493,0.9750124798612493,0.9989460299550725,0.4420738324641855,0.4420738324641855,2.0619333848115318e-06,0.041530058908718845,0.041530058908718845,0.03704215597092719,1.0,1.0,1.0,0.0,0.0,0.0
ID_test,24b8b50716daee94bb445de7,smooth_perturbed,truncated_line,6,0.9794320082133735,0.9794320082133735,0.9989289298398698,0.4420738324641855,0.4420738324641855,2.0619333848115318e-06,0.04195892420607467,0.04195892420607467,0.03718708223287251,1.0,1.0,1.0,0.0,0.0,0.0
ID_test,24b8b50716daee94bb445de7,smooth_perturbed,truncated_line,7,0.9819946627368287,0.9819946627368287,0.9990020637943354,0.4420738324641855,0.4420738324641855,2.0619333848115318e-06,0.045106979236997566,0.045106979236997566,0.03988086475725606,1.0,1.0,1.0,0.0,0.0,0.0
ID_test,24b8b50716daee94bb445de7,smooth_perturbed,truncated_line,8,0.9782155339166124,0.9782155339166124,0.9988070629383335,0.4420738324641855,0.4420738324641855,2.0619333848115318e-06,0.04535301847048244,0.04535301847048244,0.034823956476624514,1.0,1.0,1.0,0.0,0.0,0.0
ID_test,24b8b50716daee94bb445de7,smooth_perturbed,truncated_line,9,0.9801152583152704,0.9801152583152704,0.9921635256776665,0.4420738324641855,0.4420738324641855,2.0619333848115318e-06,0.05894896799658713,0.05894896799658713,0.034540579518400234,1.0,1.0,1.0,0.0,0.0,0.0
ID_test,24b8b50716daee94bb445de7,smooth_perturbed,truncated_line,10,0.9913641077390313,0.9913641077390313,0.9967571711416581,0.4420738324641855,0.4420738324641855,2.0619333848115318e-06,0.05329129811464159,0.05329129811464159,0.02777399552193794,1.0,1.0,1.0,0.0,0.0,0.0
ID_test,24f879b14fef98a233072efc,poschl_h,truncated_line,0,0.994399940104958,0.994399940104958,0.9999127862066579,0.3085493350174432,0.3085493350174432,1.4648788713156335e-06,0.019353579253090825,0.019353579253090825,0.006130562664551599,1.0,1.0,0.0,0.0,0.0,0.0
ID_test,24f879b14fef98a233072efc,poschl_h,truncated_line,1,0.9934668907878987,0.9934668907878987,0.9996985807831967,0.3085493350174432,0.3085493350174432,1.4648788713156335e-06,0.02450718927272431,0.02450718927272431,0.010000475449483237,1.0,1.0,0.0,0.0,0.0,0.0
ID_test,24f879b14fef98a233072efc,poschl_h,truncated_line,2,0.9857074918883083,0.9857074918883083,0.9998811922709844,0.3085493350174432,0.3085493350174432,1.4648788713156335e-06,0.027105627889467535,0.027105627889467535,0.007716573710816956,1.0,1.0,0.0,0.0,0.0,0.0
ID_test,24f879b14fef98a233072efc,poschl_h,truncated_line,3,0.9731887768868943,0.9731887768868943,0.9997116888047702,0.3085493350174432,0.3085493350174432,1.4648788713156335e-06,0.05484997214308466,0.05484997214308466,0.013098391801207726,1.0,1.0,0.0,0.0,0.0,0.0
ID_test,24f879b14fef98a233072efc,poschl_h,truncated_line,4,0.9660933204976517,0.9660933204976517,0.9994395529257706,0.3085493350174432,0.3085493350174432,1.4648788713156335e-06,0.062187497371861654,0.062187497371861654,0.023498351443773647,1.0,1.0,0.0,0.0,0.0,0.0
ID_test,24f879b14fef98a233072efc,poschl_h,truncated_line,5,0.9593003017465109,0.9593003017465109,0.9976664631585402,0.3085493350174432,0.3085493350174432,1.4648788713156335e-06,0.1027378244463135,0.1027378244463135,0.02953752213303197,1.0,1.0,1.0,0.0,0.0,0.0
ID_test,24f879b14fef98a233072efc,poschl_h,truncated_line,6,0.9706103730672192,0.9706103730672192,0.9949575602101544,0.3085493350174432,0.3085493350174432,1.4648788713156335e-06,0.07507633320526104,0.07507633320526104,0.04304658820680632,1.0,1.0,1.0,0.0,0.0,0.0
ID_test,24f879b14fef98a233072efc,poschl_h,truncated_line,7,0.9621572002263856,0.9621572002263856,0.9882269191477439,0.3085493350174432,0.3085493350174432,1.4648788713156335e-06,0.0947781831451637,0.0947781831451637,0.06910267386902591,1.0,1.0,1.0,0.0,0.0,0.0
ID_test,24f879b14fef98a233072efc,poschl_h,truncated_line,8,0.9306141710025467,0.9306141710025467,0.9954693287656157,0.3085493350174432,0.3085493350174432,1.4648788713156335e-06,0.1275845354144127,0.1275845354144127,0.0705681639834295,1.0,1.0,1.0,0.0,0.0,0.0
ID_test,24f879b14fef98a233072efc,poschl_h,truncated_line,9,0.9318853003711324,0.9318853003711324,0.9904776471171943,0.3085493350174432,0.3085493350174432,1.4648788713156335e-06,0.17394291883645324,0.17394291883645324,0.08611790094827303,1.0,1.0,1.0,0.0,0.0,0.0
ID_test,24f879b14fef98a233072efc,poschl_h,truncated_line,10,0.8640655346031128,0.8640655346031128,0.9828568197144599,0.3085493350174432,0.3085493350174432,1.4648788713156335e-06,0.2953375524463641,0.2953375524463641,0.19079037999338636,1.0,1.0,1.0,0.0,0.0,0.0
ID_test,25aabe1eb9766ecfe3db289d,fourier_random,truncated_line,0,0.9919813259468803,0.9919813259468803,0.998348919046878,0.38055505921013555,0.38055505921013555,1.847913107755339e-06,0.5730996073702556,0.5730996073702556,0.5926617672749674,1.0,1.0,0.0,0.0,0.0,0.0
ID_test,25aabe1eb9766ecfe3db289d,fourier_random,truncated_line,1,0.9620185533987552,0.9620185533987552,0.9947308344844407,0.38055505921013555,0.38055505921013555,1.847913107755339e-06,0.23514058887812667,0.23514058887812667,0.23262472889738126,1.0,1.0,0.0,0.0,0.0,0.0
ID_test,25aabe1eb9766ecfe3db289d,fourier_random,truncated_line,2,0.7765717665058299,0.7765717665058299,0.9973753918443258,0.38055505921013555,0.38055505921013555,1.847913107755339e-06,0.19990149122304765,0.19990149122304765,0.12377689126627987,1.0,1.0,1.0,0.0,0.0,0.0
ID_test,25aabe1eb9766ecfe3db289d,fourier_random,truncated_line,3,0.7583980173369111,0.7583980173369111,0.9910447872931835,0.38055505921013555,0.38055505921013555,1.847913107755339e-06,0.21890910452674575,0.21890910452674575,0.1894166261484439,1.0,1.0,1.0,0.0,0.0,0.0
ID_test,25aabe1eb9766ecfe3db289d,fourier_random,truncated_line,4,0.900276883157871,0.900276883157871,0.9881216125211046,0.38055505921013555,0.38055505921013555,1.847913107755339e-06,0.16161605322050995,0.16161605322050995,0.14376944145796766,1.0,1.0,0.0,0.0,0.0,0.0
ID_test,25aabe1eb9766ecfe3db289d,fourier_random,truncated_line,5,0.8376033770478212,0.8376033770478212,0.9793668269560022,0.38055505921013555,0.38055505921013555,1.847913107755339e-06,0.12623800677457309,0.12623800677457309,0.10318825071901579,1.0,1.0,0.0,0.0,0.0,0.0
ID_test,25aabe1eb9766ecfe3db289d,fourier_random,truncated_line,6,0.04227898940999599,0.04227898940999599,0.8078168840166006,0.38055505921013555,0.38055505921013555,1.847913107755339e-06,0.11852869034311192,0.11852869034311192,0.06892368176755458,1.0,1.0,0.0,0.0,0.0,0.0
ID_test,25aabe1eb9766ecfe3db289d,fourier_random,truncated_line,7,0.41042998417755516,0.41042998417755516,0.8195890832020638,0.38055505921013555,0.38055505921013555,1.847913107755339e-06,0.08817818478013255,0.08817818478013255,0.0932336793401966,1.0,1.0,0.0,0.0,0.0,0.0
ID_test,25aabe1eb9766ecfe3db289d,fourier_random,truncated_line,8,0.08445862620042971,0.08445862620042971,0.9518729363073944,0.38055505921013555,0.38055505921013555,1.847913107755339e-06,0.06328166701073308,0.06328166701073308,0.059625722570811085,1.0,1.0,0.0,0.0,0.0,0.0
ID_test,25aabe1eb9766ecfe3db289d,fourier_random,truncated_line,9,0.4638842414024725,0.4638842414024725,0.9747310412987406,0.38055505921013555,0.38055505921013555,1.847913107755339e-06,0.05601703384689804,0.05601703384689804,0.04454418366662508,1.0,1.0,0.0,0.0,0.0,0.0
ID_test,25aabe1eb9766ecfe3db289d,fourier_random,truncated_line,10,0.2871361646120137,0.2871361646120137,0.33236844109071245,0.38055505921013555,0.38055505921013555,1.847913107755339e-06,0.05359441501074603,0.05359441501074603,0.03879471404300271,1.0,1.0,1.0,0.0,0.0,0.0
ID_test,262548d48f9855686b73a53c,anharmonic_polynomial,truncated_line,0,0.9976976906585812,0.9976976906585812,0.9999806721131274,0.09332518018675745,0.09332518018675745,1.564713731805334e-06,0.2160658109160895,0.2160658109160895,0.16716731528266093,1.0,1.0,1.0,0.0,0.0,0.0
ID_test,262548d48f9855686b73a53c,anharmonic_polynomial,truncated_line,1,0.994114188521317,0.994114188521317,0.9999682879363723,0.09332518018675745,0.09332518018675745,1.564713731805334e-06,0.09530757130052887,0.09530757130052887,0.045078127351255555,1.0,1.0,1.0,0.0,0.0,0.0
ID_test,262548d48f9855686b73a53c,anharmonic_polynomial,truncated_line,2,0.9781483160225116,0.9781483160225116,0.9998174844143333,0.09332518018675745,0.09332518018675745,1.564713731805334e-06,0.08549255006169777,0.08549255006169777,0.047311211472229935,1.0,1.0,1.0,0.0,0.0,0.0
ID_test,262548d48f9855686b73a53c,anharmonic_polynomial,truncated_line,3,0.997470909925683,0.997470909925683,0.9997293488818912,0.09332518018675745,0.09332518018675745,1.564713731805334e-06,0.05255538653476129,0.05255538653476129,0.040047328981779845,1.0,1.0,1.0,0.0,0.0,0.0
ID_test,262548d48f9855686b73a53c,anharmonic_polynomial,truncated_line,4,0.9984773838030582,0.9984773838030582,0.999613776083458,0.09332518018675745,0.09332518018675745,1.564713731805334e-06,0.04689994095485003,0.04689994095485003,0.037105067057764514,1.0,1.0,1.0,0.0,0.0,0.0
ID_test,262548d48f9855686b73a53c,anharmonic_polynomial,truncated_line,5,0.9979724331399948,0.9979724331399948,0.9985826727057737,0.09332518018675745,0.09332518018675745,1.564713731805334e-06,0.04360682731281552,0.04360682731281552,0.04342740771173929,1.0,1.0,1.0,0.0,0.0,0.0
ID_test,262548d48f9855686b73a53c,anharmonic_polynomial,truncated_line,6,0.9969043653033419,0.9969043653033419,0.9989960833708984,0.09332518018675745,0.09332518018675745,1.564713731805334e-06,0.041957430763656274,0.041957430763656274,0.03922845654382243,1.0,1.0,1.0,0.0,0.0,0.0
ID_test,262548d48f9855686b73a53c,anharmonic_polynomial,truncated_line,7,0.9970738167868289,0.9970738167868289,0.9993021296542729,0.09332518018675745,0.09332518018675745,1.564713731805334e-06,0.042074211505840314,0.042074211505840314,0.04182994867265359,1.0,1.0,1.0,0.0,0.0,0.0
ID_test,262548d48f9855686b73a53c,anharmonic_polynomial,truncated_line,8,0.9941248934594564,0.9941248934594564,0.9994121825093462,0.09332518018675745,0.09332518018675745,1.564713731805334e-06,0.04189225421763094,0.04189225421763094,0.039686655279183844,1.0,1.0,1.0,0.0,0.0,0.0
ID_test,262548d48f9855686b73a53c,anharmonic_polynomial,truncated_line,9,0.9964025128587388,0.9964025128587388,0.9987542696318045,0.09332518018675745,0.09332518018675745,1.564713731805334e-06,0.03842585903742276,0.03842585903742276,0.03596087856086829,1.0,1.0,1.0,0.0,0.0,0.0
ID_test,262548d48f9855686b73a53c,anharmonic_polynomial,truncated_line,10,0.9980104036815496,0.9980104036815496,0.9990734131993988,0.09332518018675745,0.09332518018675745,1.564713731805334e-06,0.030674966195452076,0.030674966195452076,0.02977534333186633,1.0,1.0,1.0,0.0,0.0,0.0
ID_test,26e46de95ee6791e374e2638,fourier_random,truncated_line,0,0.9755560718583979,0.9755560718583979,0.999771172019655,0.17320212082993644,0.17320212082993644,1.4254539789648746e-06,0.05574031441885626,0.05574031441885626,0.038097708793275356,1.0,1.0,0.0,0.0,0.0,0.0
ID_test,26e46de95ee6791e374e2638,fourier_random,truncated_line,1,0.9520811749432448,0.9520811749432448,0.9992688161093704,0.17320212082993644,0.17320212082993644,1.4254539789648746e-06,0.14218404935534343,0.14218404935534343,0.10963905360684938,1.0,1.0,0.0,0.0,0.0,0.0
ID_test,26e46de95ee6791e374e2638,fourier_random,truncated_line,2,0.9762919860431113,0.9762919860431113,0.998444641655748,0.17320212082993644,0.17320212082993644,1.4254539789648746e-06,0.44194483657559513,0.44194483657559513,0.3529272601015278,1.0,1.0,0.0,0.0,0.0,0.0
ID_test,26e46de95ee6791e374e2638,fourier_random,truncated_line,3,0.9506559254513262,0.9506559254513262,0.996990867371236,0.17320212082993644,0.17320212082993644,1.4254539789648746e-06,0.4413611122573484,0.4413611122573484,0.4654134685242206,1.0,1.0,1.0,0.0,0.0,0.0
ID_test,26e46de95ee6791e374e2638,fourier_random,truncated_line,4,0.9208663406360608,0.9208663406360608,0.9960449642582967,0.17320212082993644,0.17320212082993644,1.4254539789648746e-06,0.2710196834003746,0.2710196834003746,0.15483327940762892,1.0,1.0,1.0,0.0,0.0,0.0
ID_test,26e46de95ee6791e374e2638,fourier_random,truncated_line,5,0.30598489315942806,0.30598489315942806,0.9922716822847331,0.17320212082993644,0.17320212082993644,1.4254539789648746e-06,0.17192975118250867,0.17192975118250867,0.11920743176774748,1.0,1.0,0.0,0.0,0.0,0.0
ID_test,26e46de95ee6791e374e2638,fourier_random,truncated_line,6,0.5232786910901118,0.5232786910901118,0.9970184987982549,0.17320212082993644,0.17320212082993644,1.4254539789648746e-06,0.1453737536468637,0.1453737536468637,0.06078811980987889,1.0,1.0,1.0,0.0,0.0,0.0
ID_test,26e46de95ee6791e374e2638,fourier_random,truncated_line,7,0.43773593639374003,0.43773593639374003,0.9872085658906593,0.17320212082993644,0.17320212082993644,1.4254539789648746e-06,0.16272483931539436,0.16272483931539436,0.06027690457324778,1.0,1.0,1.0,0.0,0.0,0.0
ID_test,26e46de95ee6791e374e2638,fourier_random,truncated_line,8,0.5048240775403869,0.5048240775403869,0.9891229212848828,0.17320212082993644,0.17320212082993644,1.4254539789648746e-06,0.11615853802511203,0.11615853802511203,0.04501418528998917,1.0,1.0,1.0,0.0,0.0,0.0
ID_test,26e46de95ee6791e374e2638,fourier_random,truncated_line,9,0.6843109556967788,0.6843109556967788,0.947000897221292,0.17320212082993644,0.17320212082993644,1.4254539789648746e-06,0.09858761695678298,0.09858761695678298,0.047143529240707985,1.0,1.0,1.0,0.0,0.0,0.0
ID_test,26e46de95ee6791e374e2638,fourier_random,truncated_line,10,0.7902789122895323,0.7902789122895323,0.8991580547292506,0.17320212082993644,0.17320212082993644,1.4254539789648746e-06,0.16245027209325616,0.16245027209325616,0.05239812667818503,1.0,1.0,1.0,0.0,0.0,0.0
ID_test,274e853151ad53e27ae86187,chebyshev_random,truncated_line,0,0.9954997612761073,0.9954997612761073,0.9999761453003365,0.09128343879065115,0.09128343879065115,1.5872466844202293e-06,0.05089704796864559,0.05089704796864559,0.019488139049431603,1.0,1.0,1.0,0.0,0.0,0.0
ID_test,274e853151ad53e27ae86187,chebyshev_random,truncated_line,1,0.9926695401702799,0.9926695401702799,0.9999356366574763,0.09128343879065115,0.09128343879065115,1.5872466844202293e-06,0.16335986705826508,0.16335986705826508,0.07371607156432884,1.0,1.0,0.0,0.0,0.0,0.0
ID_test,274e853151ad53e27ae86187,chebyshev_random,truncated_line,2,0.9844255730459626,0.9844255730459626,0.9999486384623745,0.09128343879065115,0.09128343879065115,1.5872466844202293e-06,0.40165100216760535,0.40165100216760535,0.1324839713120912,1.0,1.0,0.0,0.0,0.0,0.0
ID_test,274e853151ad53e27ae86187,chebyshev_random,truncated_line,3,0.9975019298560054,0.9975019298560054,0.9997511080847755,0.09128343879065115,0.09128343879065115,1.5872466844202293e-06,0.09310405354650228,0.09310405354650228,0.0616057560406808,1.0,1.0,1.0,0.0,0.0,0.0
ID_test,274e853151ad53e27ae86187,chebyshev_random,truncated_line,4,0.9974760116587496,0.9974760116587496,0.9997496846859759,0.09128343879065115,0.09128343879065115,1.5872466844202293e-06,0.058957832880759085,0.058957832880759085,0.040204806245625446,1.0,1.0,1.0,0.0,0.0,0.0
ID_test,274e853151ad53e27ae86187,chebyshev_random,truncated_line,5,0.9966804793000403,0.9966804793000403,0.998271494809656,0.09128343879065115,0.09128343879065115,1.5872466844202293e-06,0.05811128757655496,0.05811128757655496,0.0508943036969033,1.0,1.0,1.0,0.0,0.0,0.0
ID_test,274e853151ad53e27ae86187,chebyshev_random,truncated_line,6,0.9948247452649066,0.9948247452649066,0.9988586222536174,0.09128343879065115,0.09128343879065115,1.5872466844202293e-06,0.04110704774311116,0.04110704774311116,0.03967652190040177,1.0,1.0,1.0,0.0,0.0,0.0
ID_test,274e853151ad53e27ae86187,chebyshev_random,truncated_line,7,0.992647924430199,0.992647924430199,0.9974096300759477,0.09128343879065115,0.09128343879065115,1.5872466844202293e-06,0.04150584561225444,0.04150584561225444,0.040747295435172984,1.0,1.0,1.0,0.0,0.0,0.0
ID_test,274e853151ad53e27ae86187,chebyshev_random,truncated_line,8,0.9912050381203451,0.9912050381203451,0.9990509881080631,0.09128343879065115,0.09128343879065115,1.5872466844202293e-06,0.043596181226084774,0.043596181226084774,0.04366586301147817,1.0,1.0,1.0,0.0,0.0,0.0
ID_test,274e853151ad53e27ae86187,chebyshev_random,truncated_line,9,0.9938290947930317,0.9938290947930317,0.9975984913822636,0.09128343879065115,0.09128343879065115,1.5872466844202293e-06,0.04309398302740643,0.04309398302740643,0.039673807110054235,1.0,1.0,1.0,0.0,0.0,0.0
ID_test,274e853151ad53e27ae86187,chebyshev_random,truncated_line,10,0.9934025119782386,0.9934025119782386,0.9944158864643888,0.09128343879065115,0.09128343879065115,1.5872466844202293e-06,0.04132221774326821,0.04132221774326821,0.034875299439112356,1.0,1.0,1.0,0.0,0.0,0.0
ID_test,28855a5d3a96a8718654d4c6,localized_defect,truncated_line,0,0.874318234275912,0.874318234275912,0.9912346209826296,0.09759106409285696,0.09759106409285696,1.4181419543124463e-06,0.6587354596032065,0.6587354596032065,0.6189342495425756,1.0,1.0,0.0,0.0,0.0,0.0
ID_test,28855a5d3a96a8718654d4c6,localized_defect,truncated_line,1,0.8669029993247469,0.8669029993247469,0.9976506265327251,0.09759106409285696,0.09759106409285696,1.4181419543124463e-06,0.5995220534997585,0.5995220534997585,0.4322134202014227,1.0,1.0,0.0,0.0,0.0,0.0
ID_test,28855a5d3a96a8718654d4c6,localized_defect,truncated_line,2,0.9403004693553985,0.9403004693553985,0.9986989579582519,0.09759106409285696,0.09759106409285696,1.4181419543124463e-06,0.20094467810717584,0.20094467810717584,0.1751656982884625,1.0,1.0,0.0,0.0,0.0,0.0
ID_test,28855a5d3a96a8718654d4c6,localized_defect,truncated_line,3,0.9655290007109482,0.9655290007109482,0.9985190217613429,0.09759106409285696,0.09759106409285696,1.4181419543124463e-06,0.15600552326519734,0.15600552326519734,0.0950543007291957,1.0,1.0,1.0,0.0,0.0,0.0
ID_test,28855a5d3a96a8718654d4c6,localized_defect,truncated_line,4,0.9851915546414887,0.9851915546414887,0.9985165464558995,0.09759106409285696,0.09759106409285696,1.4181419543124463e-06,0.0969441911756735,0.0969441911756735,0.07620468829459967,1.0,1.0,1.0,0.0,0.0,0.0
ID_test,28855a5d3a96a8718654d4c6,localized_defect,truncated_line,5,0.9854556421302192,0.9854556421302192,0.9976522947481828,0.09759106409285696,0.09759106409285696,1.4181419543124463e-06,0.07828464371176966,0.07828464371176966,0.06092462241500686,1.0,1.0,1.0,0.0,0.0,0.0
ID_test,28855a5d3a96a8718654d4c6,localized_defect,truncated_line,6,0.985814527731988,0.985814527731988,0.9979174911541939,0.09759106409285696,0.09759106409285696,1.4181419543124463e-06,0.07368421449452939,0.07368421449452939,0.05023688196284883,1.0,1.0,1.0,0.0,0.0,0.0
ID_test,28855a5d3a96a8718654d4c6,localized_defect,truncated_line,7,0.9916125088893977,0.9916125088893977,0.9952027224882756,0.09759106409285696,0.09759106409285696,1.4181419543124463e-06,0.0531595644318935,0.0531595644318935,0.04914222688597649,1.0,1.0,1.0,0.0,0.0,0.0
ID_test,28855a5d3a96a8718654d4c6,localized_defect,truncated_line,8,0.9893621427305362,0.9893621427305362,0.9977778183329211,0.09759106409285696,0.09759106409285696,1.4181419543124463e-06,0.06092842442509191,0.06092842442509191,0.04472151467795979,1.0,1.0,1.0,0.0,0.0,0.0
ID_test,28855a5d3a96a8718654d4c6,localized_defect,truncated_line,9,0.9935364443276233,0.9935364443276233,0.9966245184319864,0.09759106409285696,0.09759106409285696,1.4181419543124463e-06,0.04534043671690337,0.04534043671690337,0.042219856006569634,1.0,1.0,1.0,0.0,0.0,0.0
ID_test,28855a5d3a96a8718654d4c6,localized_defect,truncated_line,10,0.9872262636401187,0.9872262636401187,0.9926613896928662,0.09759106409285696,0.09759106409285696,1.4181419543124463e-06,0.05813918445058543,0.05813918445058543,0.03808045719573076,1.0,1.0,1.0,0.0,0.0,0.0
ID_test,29b01fada246b362caca35ee,multiwell,truncated_line,0,0.9875774321871726,0.9875774321871726,0.9982160813903233,0.5955401631582963,0.5955401631582963,2.278132720023862e-06,0.3799398876005171,0.3799398876005171,0.32478295274069646,1.0,1.0,0.0,0.0,0.0,0.0
ID_test,29b01fada246b362caca35ee,multiwell,truncated_line,1,0.23207345067830337,0.23207345067830337,0.9983250834050597,0.5955401631582963,0.5955401631582963,2.278132720023862e-06,0.8368753937951156,0.8368753937951156,0.6535142036606539,1.0,1.0,0.0,0.0,0.0,0.0
ID_test,29b01fada246b362caca35ee,multiwell,truncated_line,2,0.5908235390660299,0.5908235390660299,0.9988569485787447,0.5955401631582963,0.5955401631582963,2.278132720023862e-06,0.330998852018127,0.330998852018127,0.21947597226269294,1.0,1.0,0.0,0.0,0.0,0.0
ID_test,29b01fada246b362caca35ee,multiwell,truncated_line,3,0.649379382897443,0.649379382897443,0.9993661183188155,0.5955401631582963,0.5955401631582963,2.278132720023862e-06,0.19757588290561082,0.19757588290561082,0.106400551633122,1.0,1.0,0.0,0.0,0.0,0.0
ID_test,29b01fada246b362caca35ee,multiwell,truncated_line,4,0.8321731751879297,0.8321731751879297,0.9972761317396351,0.5955401631582963,0.5955401631582963,2.278132720023862e-06,0.11590668936867153,0.11590668936867153,0.08727091511998517,1.0,1.0,1.0,0.0,0.0,0.0
ID_test,29b01fada246b362caca35ee,multiwell,truncated_line,5,0.9834033556366265,0.9834033556366265,0.9984205805094378,0.5955401631582963,0.5955401631582963,2.278132720023862e-06,0.07558422242983251,0.07558422242983251,0.06458081615542863,1.0,1.0,1.0,0.0,0.0,0.0
ID_test,29b01fada246b362caca35ee,multiwell,truncated_line,6,0.9642546278128289,0.9642546278128289,0.9977628817646872,0.5955401631582963,0.5955401631582963,2.278132720023862e-06,0.06627034652155694,0.06627034652155694,0.055374397833949957,1.0,1.0,1.0,0.0,0.0,0.0
ID_test,29b01fada246b362caca35ee,multiwell,truncated_line,7,0.9910518698884428,0.9910518698884428,0.9966750311850792,0.5955401631582963,0.5955401631582963,2.278132720023862e-06,0.060332968524598116,0.060332968524598116,0.05347224685603399,1.0,1.0,1.0,0.0,0.0,0.0
ID_test,29b01fada246b362caca35ee,multiwell,truncated_line,8,0.9945731401878701,0.9945731401878701,0.9986283024696319,0.5955401631582963,0.5955401631582963,2.278132720023862e-06,0.049496617630059914,0.049496617630059914,0.04444577899579948,1.0,1.0,1.0,0.0,0.0,0.0
ID_test,29b01fada246b362caca35ee,multiwell,truncated_line,9,0.9878404218173322,0.9878404218173322,0.9963888742938934,0.5955401631582963,0.5955401631582963,2.278132720023862e-06,0.047813263362540104,0.047813263362540104,0.04337078125848918,1.0,1.0,1.0,0.0,0.0,0.0
ID_test,29b01fada246b362caca35ee,multiwell,truncated_line,10,0.9888585844995644,0.9888585844995644,0.9950569517041433,0.5955401631582963,0.5955401631582963,2.278132720023862e-06,0.07983824942886464,0.07983824942886464,0.035958988221449814,1.0,1.0,1.0,0.0,0.0,0.0
ID_test,3177fa67cde0cebcdffdc195,radial_coulomb,radial_reduced,0,0.07680605609573649,0.07680605609573649,0.14775026578525038,0.9223256539598607,0.9223256539598607,1.6738676550165366e-05,0.9995859831081367,0.9995859831081367,0.3649249010357742,1.0,1.0,0.0,0.0,0.0,0.0
ID_test,3177fa67cde0cebcdffdc195,radial_coulomb,radial_reduced,1,0.50370673655591,0.50370673655591,0.039719790034801514,0.9223256539598607,0.9223256539598607,1.6738676550165366e-05,0.9997058942740951,0.9997058942740951,0.34469891388008383,0.0,0.0,0.0,0.0,0.0,0.0
ID_test,3177fa67cde0cebcdffdc195,radial_coulomb,radial_reduced,2,6.342874090121658e-05,6.342874090121658e-05,0.003661149292874146,0.9223256539598607,0.9223256539598607,1.6738676550165366e-05,0.9997516722189185,0.9997516722189185,0.33294891226547935,0.0,0.0,0.0,0.0,0.0,0.0
ID_test,3177fa67cde0cebcdffdc195,radial_coulomb,radial_reduced,3,0.058442652969671216,0.058442652969671216,0.00012522159676317836,0.9223256539598607,0.9223256539598607,1.6738676550165366e-05,0.9998361146290387,0.9998361146290387,0.3489387540289639,0.0,0.0,0.0,0.0,0.0,0.0
ID_test,3177fa67cde0cebcdffdc195,radial_coulomb,radial_reduced,4,0.00019887512343380137,0.00019887512343380137,0.00459191003848667,0.9223256539598607,0.9223256539598607,1.6738676550165366e-05,0.9998664774763171,0.9998664774763171,0.37885203526175676,0.0,0.0,0.0,0.0,0.0,0.0
ID_test,3177fa67cde0cebcdffdc195,radial_coulomb,radial_reduced,5,0.20141719301014183,0.20141719301014183,0.002970608113676519,0.9223256539598607,0.9223256539598607,1.6738676550165366e-05,0.9998835516349471,0.9998835516349471,0.38736110482834,1.0,1.0,0.0,0.0,0.0,0.0
ID_test,3177fa67cde0cebcdffdc195,radial_coulomb,radial_reduced,6,0.16742458524592874,0.16742458524592874,0.00641400576641853,0.9223256539598607,0.9223256539598607,1.6738676550165366e-05,0.9999021658815078,0.9999021658815078,0.40796939884086175,1.0,1.0,0.0,0.0,0.0,0.0
ID_test,3177fa67cde0cebcdffdc195,radial_coulomb,radial_reduced,7,0.1842609878494307,0.1842609878494307,0.0021975438076365585,0.9223256539598607,0.9223256539598607,1.6738676550165366e-05,0.9999128745163814,0.9999128745163814,0.5041285713929945,1.0,1.0,0.0,0.0,0.0,0.0
ID_test,3177fa67cde0cebcdffdc195,radial_coulomb,radial_reduced,8,0.22352943487253796,0.22352943487253796,0.022424002215590152,0.9223256539598607,0.9223256539598607,1.6738676550165366e-05,0.9999100279545647,0.9999100279545647,0.5995251738441563,1.0,1.0,0.0,0.0,0.0,0.0
ID_test,3177fa67cde0cebcdffdc195,radial_coulomb,radial_reduced,9,0.09277727065232297,0.09277727065232297,0.2472450475496662,0.9223256539598607,0.9223256539598607,1.6738676550165366e-05,0.9999286087506124,0.9999286087506124,0.6465708546029252,1.0,1.0,0.0,0.0,0.0,0.0
ID_test,3177fa67cde0cebcdffdc195,radial_coulomb,radial_reduced,10,0.04090061099771798,0.04090061099771798,0.06889271107547093,0.9223256539598607,0.9223256539598607,1.6738676550165366e-05,0.9999127105356969,0.9999127105356969,0.9798221898458059,1.0,1.0,0.0,0.0,0.0,0.0
ID_test,328ebd2fb8e8ff4da0dfd738,kratzer,radial_reduced,0,0.9737982611742213,0.9737982611742213,0.9990229095476919,0.9452395804969759,0.9452395804969759,0.0007703699496329763,0.42121331248720245,0.42121331248720245,0.6254436279178238,1.0,1.0,0.0,0.0,0.0,0.0
ID_test,328ebd2fb8e8ff4da0dfd738,kratzer,radial_reduced,1,0.19471025402485903,0.19471025402485903,0.9944745542095615,0.9452395804969759,0.9452395804969759,0.0007703699496329763,0.28676964672470806,0.28676964672470806,0.7817297069040136,0.0,0.0,0.0,0.0,0.0,0.0
ID_test,328ebd2fb8e8ff4da0dfd738,kratzer,radial_reduced,2,0.24379223606396097,0.24379223606396097,0.976530550092835,0.9452395804969759,0.9452395804969759,0.0007703699496329763,0.3707313950262211,0.3707313950262211,0.8412755906290373,0.0,0.0,0.0,0.0,0.0,0.0
ID_test,328ebd2fb8e8ff4da0dfd738,kratzer,radial_reduced,3,0.33929329401830416,0.33929329401830416,0.9578439083236512,0.9452395804969759,0.9452395804969759,0.0007703699496329763,0.5666895958710467,0.5666895958710467,0.9229145224352129,1.0,1.0,0.0,0.0,0.0,0.0
ID_test,328ebd2fb8e8ff4da0dfd738,kratzer,radial_reduced,4,0.3821347036413099,0.3821347036413099,0.9038189319054128,0.9452395804969759,0.9452395804969759,0.0007703699496329763,0.8282505769795455,0.8282505769795455,0.9071861158203263,1.0,1.0,0.0,0.0,0.0,0.0
ID_test,328ebd2fb8e8ff4da0dfd738,kratzer,radial_reduced,5,0.2376931059009616,0.2376931059009616,0.8182960570149962,0.9452395804969759,0.9452395804969759,0.0007703699496329763,0.7353782344668852,0.7353782344668852,0.96453586134255,1.0,1.0,0.0,0.0,0.0,0.0
ID_test,328ebd2fb8e8ff4da0dfd738,kratzer,radial_reduced,6,0.30515879905166543,0.30515879905166543,0.6764658482492819,0.9452395804969759,0.9452395804969759,0.0007703699496329763,0.9793994910530935,0.9793994910530935,0.965267502028984,1.0,1.0,0.0,0.0,0.0,0.0
ID_test,328ebd2fb8e8ff4da0dfd738,kratzer,radial_reduced,7,0.21148964036782847,0.21148964036782847,0.757609372869474,0.9452395804969759,0.9452395804969759,0.0007703699496329763,0.9876749966660471,0.9876749966660471,0.9442061740181238,1.0,1.0,0.0,0.0,0.0,0.0
ID_test,328ebd2fb8e8ff4da0dfd738,kratzer,radial_reduced,8,0.09676515384293984,0.09676515384293984,0.3833133495275889,0.9452395804969759,0.9452395804969759,0.0007703699496329763,0.9921593094493694,0.9921593094493694,0.970412186041474,1.0,1.0,0.0,0.0,0.0,0.0
ID_test,328ebd2fb8e8ff4da0dfd738,kratzer,radial_reduced,9,0.21679298610160325,0.21679298610160325,0.47126808730919095,0.9452395804969759,0.9452395804969759,0.0007703699496329763,0.9969764506663953,0.9969764506663953,0.9855971522715181,1.0,1.0,0.0,0.0,0.0,0.0
ID_test,328ebd2fb8e8ff4da0dfd738,kratzer,radial_reduced,10,0.1607776337649484,0.1607776337649484,0.039711877444326825,0.9452395804969759,0.9452395804969759,0.0007703699496329763,0.9986452224305505,0.9986452224305505,0.775661691999848,1.0,1.0,0.0,0.0,0.0,0.0
ID_test,35cc89bbfe8f7fb08a618623,morse,truncated_line,0,0.9604559158775995,0.9604559158775995,0.9999362285263668,0.10880142520471381,0.10880142520471381,1.8820547466047444e-06,0.36636083856697743,0.36636083856697743,0.11536355109351078,1.0,1.0,0.0,0.0,0.0,0.0
ID_test,35cc89bbfe8f7fb08a618623,morse,truncated_line,1,0.9479738093165276,0.9479738093165276,0.9997593651610088,0.10880142520471381,0.10880142520471381,1.8820547466047444e-06,0.15850175253636986,0.15850175253636986,0.06724046022443614,1.0,1.0,1.0,0.0,0.0,0.0
ID_test,35cc89bbfe8f7fb08a618623,morse,truncated_line,2,0.9473244479659483,0.9473244479659483,0.9997878123875977,0.10880142520471381,0.10880142520471381,1.8820547466047444e-06,0.10102007420221613,0.10102007420221613,0.048735918960476285,1.0,1.0,1.0,0.0,0.0,0.0
ID_test,35cc89bbfe8f7fb08a618623,morse,truncated_line,3,0.9797678289248127,0.9797678289248127,0.9997360216254143,0.10880142520471381,0.10880142520471381,1.8820547466047444e-06,0.060342241411406615,0.060342241411406615,0.037874878426652256,1.0,1.0,0.0,0.0,0.0,0.0
ID_test,35cc89bbfe8f7fb08a618623,morse,truncated_line,4,0.9844496356860124,0.9844496356860124,0.9988011096606483,0.10880142520471381,0.10880142520471381,1.8820547466047444e-06,0.053481558408760115,0.053481558408760115,0.03618547206095382,1.0,1.0,1.0,0.0,0.0,0.0
ID_test,35cc89bbfe8f7fb08a618623,morse,truncated_line,5,0.9924514538233461,0.9924514538233461,0.9971926455069156,0.10880142520471381,0.10880142520471381,1.8820547466047444e-06,0.039527444688439856,0.039527444688439856,0.036553514046513476,1.0,1.0,1.0,0.0,0.0,0.0
ID_test,35cc89bbfe8f7fb08a618623,morse,truncated_line,6,0.9912488531519655,0.9912488531519655,0.9968892715595228,0.10880142520471381,0.10880142520471381,1.8820547466047444e-06,0.052514958112944626,0.052514958112944626,0.03054659927229786,1.0,1.0,1.0,0.0,0.0,0.0
ID_test,35cc89bbfe8f7fb08a618623,morse,truncated_line,7,0.9872744703770509,0.9872744703770509,0.9959652848370844,0.10880142520471381,0.10880142520471381,1.8820547466047444e-06,0.04793285496932166,0.04793285496932166,0.0271692110761626,1.0,1.0,1.0,0.0,0.0,0.0
ID_test,35cc89bbfe8f7fb08a618623,morse,truncated_line,8,0.9781524241705631,0.9781524241705631,0.9971609840161189,0.10880142520471381,0.10880142520471381,1.8820547466047444e-06,0.04625212219462292,0.04625212219462292,0.020357883213741445,1.0,1.0,1.0,0.0,0.0,0.0
ID_test,35cc89bbfe8f7fb08a618623,morse,truncated_line,9,0.9763349281592141,0.9763349281592141,0.9972248993779222,0.10880142520471381,0.10880142520471381,1.8820547466047444e-06,0.03245373211904993,0.03245373211904993,0.02076049344083207,1.0,1.0,1.0,0.0,0.0,0.0
ID_test,35cc89bbfe8f7fb08a618623,morse,truncated_line,10,0.9725770002221876,0.9725770002221876,0.9959848571488428,0.10880142520471381,0.10880142520471381,1.8820547466047444e-06,0.21889516090316327,0.21889516090316327,0.0204240852787339,1.0,1.0,1.0,0.0,0.0,0.0
ID_test,39c85510bcf678ea336cf4ff,infinite_box,finite_interval,0,0.9997645048168822,0.9999977841269506,0.9999938318805202,0.022827220785738987,1.6113127492278778e-06,1.2057996225944834e-06,0.33219300333766083,0.10128012847580459,0.22276358572319474,1.0,1.0,1.0,0.00023327931006844604,-0.23091287486185624,-0.02282560947298976
ID_test,39c85510bcf678ea336cf4ff,infinite_box,finite_interval,1,0.9997952447380031,0.9999955907182018,0.9999853095317175,0.022827220785738987,1.6113127492278778e-06,1.2057996225944834e-06,0.0949300410730231,0.037992331645682886,0.08127626687865376,1.0,1.0,1.0,0.00020034598019869065,-0.05693770942734021,-0.02282560947298976
ID_test,39c85510bcf678ea336cf4ff,infinite_box,finite_interval,2,0.9996949895241203,0.9999972342881316,0.9999915245206279,0.022827220785738987,1.6113127492278778e-06,1.2057996225944834e-06,0.03473280889209846,0.012732029298961186,0.028076260629427453,1.0,1.0,1.0,0.00030224476401130573,-0.022000779593137273,-0.02282560947298976
ID_test,39c85510bcf678ea336cf4ff,infinite_box,finite_interval,3,0.9996236658740453,0.9999974929716801,0.9999949464007133,0.022827220785738987,1.6113127492278778e-06,1.2057996225944834e-06,0.021461538710862524,0.006084587758103754,0.014609028109111919,1.0,1.0,1.0,0.0003738270976347824,-0.01537695095275877,-0.02282560947298976
ID_test,39c85510bcf678ea336cf4ff,infinite_box,finite_interval,4,0.9992875919932398,0.9999973571200809,0.99999250593571,0.022827220785738987,1.6113127492278778e-06,1.2057996225944834e-06,0.020561771639415836,0.0044543395835435675,0.011050314471804264,1.0,1.0,1.0,0.0007097651268410665,-0.01610743205587227,-0.02282560947298976
ID_test,39c85510bcf678ea336cf4ff,infinite_box,finite_interval,5,0.9986138325949943,0.999989662606223,0.9999685364223424,0.022827220785738987,1.6113127492278778e-06,1.2057996225944834e-06,0.016139392036123586,0.005530055120891976,0.011452069373029714,1.0,1.0,1.0,0.0013758300112287625,-0.01060933691523161,-0.02282560947298976
ID_test,39c85510bcf678ea336cf4ff,infinite_box,finite_interval,6,0.9991168177531015,0.9999926147326804,0.9999722042184086,0.022827220785738987,1.6113127492278778e-06,1.2057996225944834e-06,0.013339817953064338,0.004636308198913437,0.010387237958268316,1.0,1.0,1.0,0.0008757969795789577,-0.0087035097541509,-0.02282560947298976
ID_test,39c85510bcf678ea336cf4ff,infinite_box,finite_interval,7,0.998856084763351,0.9999865195647796,0.9999532573366432,0.022827220785738987,1.6113127492278778e-06,1.2057996225944834e-06,0.012513010041283622,0.004262313724579962,0.00920797526553023,1.0,1.0,1.0,0.0011304348014286036,-0.00825069631670366,-0.02282560947298976
ID_test,39c85510bcf678ea336cf4ff,infinite_box,finite_interval,8,0.9953522447333089,0.9996102725025688,0.998879441422983,0.022827220785738987,1.6113127492278778e-06,1.2057996225944834e-06,0.026844657036557536,0.012239296735427105,0.024113566290568978,1.0,1.0,1.0,0.004258027769259987,-0.014605360301130431,-0.02282560947298976
ID_test,39c85510bcf678ea336cf4ff,infinite_box,finite_interval,9,0.9955019884332008,0.9994647828579931,0.9985794073189296,0.022827220785738987,1.6113127492278778e-06,1.2057996225944834e-06,0.02260273703596267,0.010149943636913537,0.020737450543809703,1.0,1.0,1.0,0.003962794424792304,-0.012452793399049134,-0.02282560947298976
ID_test,39c85510bcf678ea336cf4ff,infinite_box,finite_interval,10,0.9965564061838805,0.9993242541931022,0.9982840791473864,0.022827220785738987,1.6113127492278778e-06,1.2057996225944834e-06,0.020397987937194596,0.008926325642422317,0.017837919926723605,1.0,1.0,1.0,0.002767848009221696,-0.011471662294772278,-0.02282560947298976
ID_test,3b1db31de4aa4797a7420feb,composite_confining,truncated_line,0,0.9949100262135071,0.9949100262135071,0.9998623423704543,0.2576269363434524,0.2576269363434524,1.5942362078247285e-06,0.101259772342547,0.101259772342547,0.06990717380301896,1.0,1.0,0.0,0.0,0.0,0.0
ID_test,3b1db31de4aa4797a7420feb,composite_confining,truncated_line,1,0.8690908635168384,0.8690908635168384,0.9997788792901485,0.2576269363434524,0.2576269363434524,1.5942362078247285e-06,0.17859561839480964,0.17859561839480964,0.1191623846245486,1.0,1.0,0.0,0.0,0.0,0.0
ID_test,3b1db31de4aa4797a7420feb,composite_confining,truncated_line,2,0.8961399744570556,0.8961399744570556,0.9996437315812327,0.2576269363434524,0.2576269363434524,1.5942362078247285e-06,0.8188503478612266,0.8188503478612266,0.6545026795708323,1.0,1.0,1.0,0.0,0.0,0.0
ID_test,3b1db31de4aa4797a7420feb,composite_confining,truncated_line,3,0.9802060899001779,0.9802060899001779,0.9997086559530445,0.2576269363434524,0.2576269363434524,1.5942362078247285e-06,0.24253955324344656,0.24253955324344656,0.17037327631948387,1.0,1.0,1.0,0.0,0.0,0.0
ID_test,3b1db31de4aa4797a7420feb,composite_confining,truncated_line,4,0.9951152677558127,0.9951152677558127,0.9994082420675194,0.2576269363434524,0.2576269363434524,1.5942362078247285e-06,0.11786460289940459,0.11786460289940459,0.10575859371296784,1.0,1.0,1.0,0.0,0.0,0.0
ID_test,3b1db31de4aa4797a7420feb,composite_confining,truncated_line,5,0.9929031269465418,0.9929031269465418,0.9989532968572902,0.2576269363434524,0.2576269363434524,1.5942362078247285e-06,0.09862890297182615,0.09862890297182615,0.08782102020705845,1.0,1.0,1.0,0.0,0.0,0.0
ID_test,3b1db31de4aa4797a7420feb,composite_confining,truncated_line,6,0.988849673320112,0.988849673320112,0.9990860050520072,0.2576269363434524,0.2576269363434524,1.5942362078247285e-06,0.07936750312016348,0.07936750312016348,0.07084801616176797,1.0,1.0,1.0,0.0,0.0,0.0
ID_test,3b1db31de4aa4797a7420feb,composite_confining,truncated_line,7,0.9888094481006654,0.9888094481006654,0.9994280613661296,0.2576269363434524,0.2576269363434524,1.5942362078247285e-06,0.07269831961752435,0.07269831961752435,0.06713007971801017,1.0,1.0,1.0,0.0,0.0,0.0
ID_test,3b1db31de4aa4797a7420feb,composite_confining,truncated_line,8,0.9849431381727063,0.9849431381727063,0.9989529446811224,0.2576269363434524,0.2576269363434524,1.5942362078247285e-06,0.066607978902044,0.066607978902044,0.05646119653120538,1.0,1.0,1.0,0.0,0.0,0.0
ID_test,3b1db31de4aa4797a7420feb,composite_confining,truncated_line,9,0.9886843322802089,0.9886843322802089,0.9957782859466318,0.2576269363434524,0.2576269363434524,1.5942362078247285e-06,0.05722175748203075,0.05722175748203075,0.05000884993772806,1.0,1.0,1.0,0.0,0.0,0.0
ID_test,3b1db31de4aa4797a7420feb,composite_confining,truncated_line,10,0.9951408518029045,0.9951408518029045,0.9979805170794289,0.2576269363434524,0.2576269363434524,1.5942362078247285e-06,0.06126794709313858,0.06126794709313858,0.0376532946493031,1.0,1.0,1.0,0.0,0.0,0.0
ID_test,3e81c5bce9a268a64d3d68e2,radial_oscillator,radial_reduced,0,0.9834073905688735,0.9834073905688735,0.9997065926289139,0.3890625016424079,0.3890625016424079,1.8938069050733475e-06,0.8066480203153568,0.8066480203153568,0.8182476828537905,1.0,1.0,0.0,0.0,0.0,0.0
ID_test,3e81c5bce9a268a64d3d68e2,radial_oscillator,radial_reduced,1,0.7513455637588056,0.7513455637588056,0.999648938846968,0.3890625016424079,0.3890625016424079,1.8938069050733475e-06,0.860736353701626,0.860736353701626,0.8169185013236927,1.0,1.0,0.0,0.0,0.0,0.0
ID_test,3e81c5bce9a268a64d3d68e2,radial_oscillator,radial_reduced,2,0.7288679675900924,0.7288679675900924,0.9995271624618812,0.3890625016424079,0.3890625016424079,1.8938069050733475e-06,0.8474787435377038,0.8474787435377038,0.7856046819076143,1.0,1.0,0.0,0.0,0.0,0.0
ID_test,3e81c5bce9a268a64d3d68e2,radial_oscillator,radial_reduced,3,0.7582500505742821,0.7582500505742821,0.9981077825345662,0.3890625016424079,0.3890625016424079,1.8938069050733475e-06,0.854412728282158,0.854412728282158,0.7626347616884317,1.0,1.0,0.0,0.0,0.0,0.0
ID_test,3e81c5bce9a268a64d3d68e2,radial_oscillator,radial_reduced,4,0.7356924671330212,0.7356924671330212,0.9984998446075022,0.3890625016424079,0.3890625016424079,1.8938069050733475e-06,0.8594180638120588,0.8594180638120588,0.7369486004545186,1.0,1.0,0.0,0.0,0.0,0.0
ID_test,3e81c5bce9a268a64d3d68e2,radial_oscillator,radial_reduced,5,0.8475704720055083,0.8475704720055083,0.9966587037875365,0.3890625016424079,0.3890625016424079,1.8938069050733475e-06,0.8465057463806771,0.8465057463806771,0.7790614030056474,1.0,1.0,1.0,0.0,0.0,0.0
ID_test,3e81c5bce9a268a64d3d68e2,radial_oscillator,radial_reduced,6,0.801168104067276,0.801168104067276,0.9776352807377126,0.3890625016424079,0.3890625016424079,1.8938069050733475e-06,0.9126636051996907,0.9126636051996907,0.8204924044407113,1.0,1.0,0.0,0.0,0.0,0.0
ID_test,3e81c5bce9a268a64d3d68e2,radial_oscillator,radial_reduced,7,0.8752352702498737,0.8752352702498737,0.9757976926110064,0.3890625016424079,0.3890625016424079,1.8938069050733475e-06,0.898490159804331,0.898490159804331,0.8140922946187632,1.0,1.0,1.0,0.0,0.0,0.0
ID_test,3e81c5bce9a268a64d3d68e2,radial_oscillator,radial_reduced,8,0.8571108699147955,0.8571108699147955,0.9317528128966049,0.3890625016424079,0.3890625016424079,1.8938069050733475e-06,0.8921987113026134,0.8921987113026134,0.8001351967156576,1.0,1.0,0.0,0.0,0.0,0.0
ID_test,3e81c5bce9a268a64d3d68e2,radial_oscillator,radial_reduced,9,0.7156360395476433,0.7156360395476433,0.7638023253540571,0.3890625016424079,0.3890625016424079,1.8938069050733475e-06,0.8853534092504922,0.8853534092504922,0.8226732307448644,1.0,1.0,1.0,0.0,0.0,0.0
ID_test,3e81c5bce9a268a64d3d68e2,radial_oscillator,radial_reduced,10,0.724837341948302,0.724837341948302,0.7448333831727711,0.3890625016424079,0.3890625016424079,1.8938069050733475e-06,0.8965602577245944,0.8965602577245944,0.9356462811411513,1.0,1.0,1.0,0.0,0.0,0.0
ID_test,3e9703fca63f4b9d8f6c235e,reflected_potential,truncated_line,0,0.8937333526241206,0.8937333526241206,0.9942037403307171,0.44728463206594593,0.44728463206594593,2.6712972219788966e-06,0.15349619137201836,0.15349619137201836,0.09426978255946031,1.0,1.0,0.0,0.0,0.0,0.0
ID_test,3e9703fca63f4b9d8f6c235e,reflected_potential,truncated_line,1,0.8979880672265229,0.8979880672265229,0.9667973397370248,0.44728463206594593,0.44728463206594593,2.6712972219788966e-06,0.3217492450756192,0.3217492450756192,0.2628915455753929,1.0,1.0,0.0,0.0,0.0,0.0
ID_test,3e9703fca63f4b9d8f6c235e,reflected_potential,truncated_line,2,0.8815165201518375,0.8815165201518375,0.9701626852206303,0.44728463206594593,0.44728463206594593,2.6712972219788966e-06,0.5526011300300768,0.5526011300300768,0.46798035781837966,1.0,1.0,0.0,0.0,0.0,0.0
ID_test,3e9703fca63f4b9d8f6c235e,reflected_potential,truncated_line,3,0.35207778099667836,0.35207778099667836,0.9696972652277382,0.44728463206594593,0.44728463206594593,2.6712972219788966e-06,0.7132646438101052,0.7132646438101052,0.6584890589628726,1.0,1.0,0.0,0.0,0.0,0.0
ID_test,3e9703fca63f4b9d8f6c235e,reflected_potential,truncated_line,4,0.6351641276694375,0.6351641276694375,0.9608926039907403,0.44728463206594593,0.44728463206594593,2.6712972219788966e-06,0.762965419939468,0.762965419939468,0.8530554044618376,1.0,1.0,1.0,0.0,0.0,0.0
ID_test,3e9703fca63f4b9d8f6c235e,reflected_potential,truncated_line,5,0.7549463732511421,0.7549463732511421,0.9616140892229772,0.44728463206594593,0.44728463206594593,2.6712972219788966e-06,0.8794976435880766,0.8794976435880766,0.7182359523090984,1.0,1.0,0.0,0.0,0.0,0.0
ID_test,3e9703fca63f4b9d8f6c235e,reflected_potential,truncated_line,6,0.8745114814281868,0.8745114814281868,0.9831630662604874,0.44728463206594593,0.44728463206594593,2.6712972219788966e-06,0.7470064256577701,0.7470064256577701,0.36526900057156747,1.0,1.0,1.0,0.0,0.0,0.0
ID_test,3e9703fca63f4b9d8f6c235e,reflected_potential,truncated_line,7,0.9399108961190041,0.9399108961190041,0.9883466465333691,0.44728463206594593,0.44728463206594593,2.6712972219788966e-06,0.4596250025786142,0.4596250025786142,0.21100011112345174,1.0,1.0,1.0,0.0,0.0,0.0
ID_test,3e9703fca63f4b9d8f6c235e,reflected_potential,truncated_line,8,0.916291698839486,0.916291698839486,0.9861744903374533,0.44728463206594593,0.44728463206594593,2.6712972219788966e-06,0.17463952593651116,0.17463952593651116,0.13176050303202388,1.0,1.0,1.0,0.0,0.0,0.0
ID_test,3e9703fca63f4b9d8f6c235e,reflected_potential,truncated_line,9,0.8647266751414081,0.8647266751414081,0.9533268221822744,0.44728463206594593,0.44728463206594593,2.6712972219788966e-06,0.16431609667098268,0.16431609667098268,0.10140495578671009,1.0,1.0,1.0,0.0,0.0,0.0
ID_test,3e9703fca63f4b9d8f6c235e,reflected_potential,truncated_line,10,0.7590470057567552,0.7590470057567552,0.8129974933980477,0.44728463206594593,0.44728463206594593,2.6712972219788966e-06,0.18551863778392697,0.18551863778392697,0.10080231117528564,1.0,1.0,1.0,0.0,0.0,0.0
ID_test,400163ccef706d3451505259,multiwell,truncated_line,0,0.8619104752581238,0.8619104752581238,0.9955690291995204,0.3770464443271355,0.3770464443271355,1.934352841903575e-06,0.4884616553404509,0.4884616553404509,0.33214967022061914,1.0,1.0,0.0,0.0,0.0,0.0
ID_test,400163ccef706d3451505259,multiwell,truncated_line,1,0.5181268904326186,0.5181268904326186,0.9944688140686788,0.3770464443271355,0.3770464443271355,1.934352841903575e-06,0.5762038920681508,0.5762038920681508,0.7232216110276825,1.0,1.0,1.0,0.0,0.0,0.0
ID_test,400163ccef706d3451505259,multiwell,truncated_line,2,0.8893974572272526,0.8893974572272526,0.9995134368243521,0.3770464443271355,0.3770464443271355,1.934352841903575e-06,0.41142451700940563,0.41142451700940563,0.28449714803408566,1.0,1.0,1.0,0.0,0.0,0.0
ID_test,400163ccef706d3451505259,multiwell,truncated_line,3,0.964249001901911,0.964249001901911,0.9993598916508978,0.3770464443271355,0.3770464443271355,1.934352841903575e-06,0.18241790214734555,0.18241790214734555,0.14221548800716288,1.0,1.0,1.0,0.0,0.0,0.0
ID_test,400163ccef706d3451505259,multiwell,truncated_line,4,0.9923295919967166,0.9923295919967166,0.9990951869816332,0.3770464443271355,0.3770464443271355,1.934352841903575e-06,0.11441483128952865,0.11441483128952865,0.10481680538204462,1.0,1.0,1.0,0.0,0.0,0.0
ID_test,400163ccef706d3451505259,multiwell,truncated_line,5,0.98967265288982,0.98967265288982,0.9983685148952083,0.3770464443271355,0.3770464443271355,1.934352841903575e-06,0.09642206167619924,0.09642206167619924,0.08328022417482231,1.0,1.0,1.0,0.0,0.0,0.0
ID_test,400163ccef706d3451505259,multiwell,truncated_line,6,0.9919146880751315,0.9919146880751315,0.9972147927915146,0.3770464443271355,0.3770464443271355,1.934352841903575e-06,0.08836697415439142,0.08836697415439142,0.06731677727412903,1.0,1.0,1.0,0.0,0.0,0.0
ID_test,400163ccef706d3451505259,multiwell,truncated_line,7,0.9909749280896345,0.9909749280896345,0.9967146497842356,0.3770464443271355,0.3770464443271355,1.934352841903575e-06,0.06538449251686795,0.06538449251686795,0.05738194344318999,1.0,1.0,1.0,0.0,0.0,0.0
ID_test,400163ccef706d3451505259,multiwell,truncated_line,8,0.9872618992713441,0.9872618992713441,0.9981801267523045,0.3770464443271355,0.3770464443271355,1.934352841903575e-06,0.05122980928092892,0.05122980928092892,0.048232577566528725,1.0,1.0,1.0,0.0,0.0,0.0
ID_test,400163ccef706d3451505259,multiwell,truncated_line,9,0.9812544697081562,0.9812544697081562,0.9968314175830775,0.3770464443271355,0.3770464443271355,1.934352841903575e-06,0.05179256888182244,0.05179256888182244,0.046394100902259476,1.0,1.0,1.0,0.0,0.0,0.0
ID_test,400163ccef706d3451505259,multiwell,truncated_line,10,0.9752454459855325,0.9752454459855325,0.979852243067753,0.3770464443271355,0.3770464443271355,1.934352841903575e-06,0.047129852924234536,0.047129852924234536,0.03939502324750693,1.0,1.0,1.0,0.0,0.0,0.0
ID_test,41e384b776a85a8e45b9fabd,double_well,truncated_line,0,0.9422401774063107,0.9422401774063107,0.9998646252308183,0.2197917473738283,0.2197917473738283,1.0362351665627045e-06,0.48431998854807196,0.48431998854807196,0.42239816264321156,1.0,1.0,0.0,0.0,0.0,0.0
ID_test,41e384b776a85a8e45b9fabd,double_well,truncated_line,1,0.792427152817393,0.792427152817393,0.9998294780749731,0.2197917473738283,0.2197917473738283,1.0362351665627045e-06,0.2664577394783812,0.2664577394783812,0.1741784080938921,1.0,1.0,1.0,0.0,0.0,0.0
ID_test,41e384b776a85a8e45b9fabd,double_well,truncated_line,2,0.9938417066029431,0.9938417066029431,0.9997370635237786,0.2197917473738283,0.2197917473738283,1.0362351665627045e-06,0.1308011292840642,0.1308011292840642,0.09290587718622055,1.0,1.0,1.0,0.0,0.0,0.0
ID_test,41e384b776a85a8e45b9fabd,double_well,truncated_line,3,0.9977208583523663,0.9977208583523663,0.9995799078510941,0.2197917473738283,0.2197917473738283,1.0362351665627045e-06,0.07248300269521393,0.07248300269521393,0.06424463558098673,1.0,1.0,1.0,0.0,0.0,0.0
ID_test,41e384b776a85a8e45b9fabd,double_well,truncated_line,4,0.9977806165549511,0.9977806165549511,0.9994713638066124,0.2197917473738283,0.2197917473738283,1.0362351665627045e-06,0.06525642010008896,0.06525642010008896,0.05614764325485646,1.0,1.0,1.0,0.0,0.0,0.0
ID_test,41e384b776a85a8e45b9fabd,double_well,truncated_line,5,0.997694171822231,0.997694171822231,0.9992210081290347,0.2197917473738283,0.2197917473738283,1.0362351665627045e-06,0.06637965870892962,0.06637965870892962,0.056378276400949216,1.0,1.0,1.0,0.0,0.0,0.0
ID_test,41e384b776a85a8e45b9fabd,double_well,truncated_line,6,0.9950539718396707,0.9950539718396707,0.9993463241801407,0.2197917473738283,0.2197917473738283,1.0362351665627045e-06,0.0665440219030332,0.0665440219030332,0.053424541659647475,1.0,1.0,1.0,0.0,0.0,0.0
ID_test,41e384b776a85a8e45b9fabd,double_well,truncated_line,7,0.9966908688809653,0.9966908688809653,0.9996142484944739,0.2197917473738283,0.2197917473738283,1.0362351665627045e-06,0.060164789116690175,0.060164789116690175,0.05462252085022841,1.0,1.0,1.0,0.0,0.0,0.0
ID_test,41e384b776a85a8e45b9fabd,double_well,truncated_line,8,0.9941367091357655,0.9941367091357655,0.9990682337575897,0.2197917473738283,0.2197917473738283,1.0362351665627045e-06,0.05161017202515333,0.05161017202515333,0.0472987930634787,1.0,1.0,1.0,0.0,0.0,0.0
ID_test,41e384b776a85a8e45b9fabd,double_well,truncated_line,9,0.9906336721074603,0.9906336721074603,0.9942257104918065,0.2197917473738283,0.2197917473738283,1.0362351665627045e-06,0.04793483963788459,0.04793483963788459,0.04307280860710475,1.0,1.0,1.0,0.0,0.0,0.0
ID_test,41e384b776a85a8e45b9fabd,double_well,truncated_line,10,0.9954678681903694,0.9954678681903694,0.9977516559231213,0.2197917473738283,0.2197917473738283,1.0362351665627045e-06,0.036391055290010445,0.036391055290010445,0.03446602557784685,1.0,1.0,1.0,0.0,0.0,0.0
ID_test,42cb5b7439d5dc69d0b9283a,harmonic_compact,truncated_line,0,0.9905453601343555,0.9905453601343555,0.9971852171255695,0.11732213901009868,0.11732213901009868,1.4458509334236425e-06,0.5272835239355079,0.5272835239355079,0.5119327271487961,1.0,1.0,0.0,0.0,0.0,0.0
ID_test,42cb5b7439d5dc69d0b9283a,harmonic_compact,truncated_line,1,0.9549571198690794,0.9549571198690794,0.9981949969419888,0.11732213901009868,0.11732213901009868,1.4458509334236425e-06,0.22125059513452247,0.22125059513452247,0.20871108260903642,1.0,1.0,0.0,0.0,0.0,0.0
ID_test,42cb5b7439d5dc69d0b9283a,harmonic_compact,truncated_line,2,0.8325788286370185,0.8325788286370185,0.996645795016584,0.11732213901009868,0.11732213901009868,1.4458509334236425e-06,0.14707798959349022,0.14707798959349022,0.10728162526460816,1.0,1.0,0.0,0.0,0.0,0.0
ID_test,42cb5b7439d5dc69d0b9283a,harmonic_compact,truncated_line,3,0.5980956741954526,0.5980956741954526,0.9974111805993336,0.11732213901009868,0.11732213901009868,1.4458509334236425e-06,0.14567822744422115,0.14567822744422115,0.06384074476624291,1.0,1.0,1.0,0.0,0.0,0.0
ID_test,42cb5b7439d5dc69d0b9283a,harmonic_compact,truncated_line,4,0.7368751480802115,0.7368751480802115,0.9989429553300382,0.11732213901009868,0.11732213901009868,1.4458509334236425e-06,0.09952215352615201,0.09952215352615201,0.04629857601005056,1.0,1.0,1.0,0.0,0.0,0.0
ID_test,42cb5b7439d5dc69d0b9283a,harmonic_compact,truncated_line,5,0.7104271886413634,0.7104271886413634,0.9961005977780221,0.11732213901009868,0.11732213901009868,1.4458509334236425e-06,0.07132405347469252,0.07132405347469252,0.033811478707034645,1.0,1.0,1.0,0.0,0.0,0.0
ID_test,42cb5b7439d5dc69d0b9283a,harmonic_compact,truncated_line,6,0.8691988268112658,0.8691988268112658,0.9975498355608445,0.11732213901009868,0.11732213901009868,1.4458509334236425e-06,0.0429361142293409,0.0429361142293409,0.03509318480744281,1.0,1.0,1.0,0.0,0.0,0.0
ID_test,42cb5b7439d5dc69d0b9283a,harmonic_compact,truncated_line,7,0.9276740049780914,0.9276740049780914,0.9960518542743433,0.11732213901009868,0.11732213901009868,1.4458509334236425e-06,0.04977415146760981,0.04977415146760981,0.03733858226486609,1.0,1.0,1.0,0.0,0.0,0.0
ID_test,42cb5b7439d5dc69d0b9283a,harmonic_compact,truncated_line,8,0.9874137681592007,0.9874137681592007,0.998354848402954,0.11732213901009868,0.11732213901009868,1.4458509334236425e-06,0.04466566702653418,0.04466566702653418,0.031748158677859996,1.0,1.0,1.0,0.0,0.0,0.0
ID_test,42cb5b7439d5dc69d0b9283a,harmonic_compact,truncated_line,9,0.9660765727723313,0.9660765727723313,0.9943467844111209,0.11732213901009868,0.11732213901009868,1.4458509334236425e-06,0.04825502425100369,0.04825502425100369,0.030586883834631713,1.0,1.0,1.0,0.0,0.0,0.0
ID_test,42cb5b7439d5dc69d0b9283a,harmonic_compact,truncated_line,10,0.9787319988717083,0.9787319988717083,0.9917516965113387,0.11732213901009868,0.11732213901009868,1.4458509334236425e-06,0.04431272537566714,0.04431272537566714,0.027272203785255175,1.0,1.0,1.0,0.0,0.0,0.0
ID_test,44f3b1513982fca62f74d79d,poschl_t,singular_interval,0,0.9824342769669948,0.9824342769669948,0.9988131368953255,0.19846492283654685,0.19846492283654685,1.3413002353246384e-06,0.4156523247953181,0.4156523247953181,0.36598543424764224,1.0,1.0,0.0,0.0,0.0,0.0
ID_test,44f3b1513982fca62f74d79d,poschl_t,singular_interval,1,0.957021347090867,0.957021347090867,0.9969006651597369,0.19846492283654685,0.19846492283654685,1.3413002353246384e-06,0.4133123944067824,0.4133123944067824,0.3882247500138133,1.0,1.0,1.0,0.0,0.0,0.0
ID_test,44f3b1513982fca62f74d79d,poschl_t,singular_interval,2,0.889459111396024,0.889459111396024,0.9973448674785769,0.19846492283654685,0.19846492283654685,1.3413002353246384e-06,0.2726814208560961,0.2726814208560961,0.23543452787278907,1.0,1.0,1.0,0.0,0.0,0.0
ID_test,44f3b1513982fca62f74d79d,poschl_t,singular_interval,3,0.8960564080915888,0.8960564080915888,0.9974692154512783,0.19846492283654685,0.19846492283654685,1.3413002353246384e-06,0.18611501256399476,0.18611501256399476,0.15450796986880244,1.0,1.0,1.0,0.0,0.0,0.0
ID_test,44f3b1513982fca62f74d79d,poschl_t,singular_interval,4,0.885232457568504,0.885232457568504,0.9955923608617769,0.19846492283654685,0.19846492283654685,1.3413002353246384e-06,0.15771646598557024,0.15771646598557024,0.14399598871343977,1.0,1.0,1.0,0.0,0.0,0.0
ID_test,44f3b1513982fca62f74d79d,poschl_t,singular_interval,5,0.8695808858376542,0.8695808858376542,0.9950718737983992,0.19846492283654685,0.19846492283654685,1.3413002353246384e-06,0.1309943563018591,0.1309943563018591,0.12737251124686402,1.0,1.0,1.0,0.0,0.0,0.0
ID_test,44f3b1513982fca62f74d79d,poschl_t,singular_interval,6,0.9321398985589784,0.9321398985589784,0.9904585742972758,0.19846492283654685,0.19846492283654685,1.3413002353246384e-06,0.11744927001489762,0.11744927001489762,0.11860677537513586,1.0,1.0,1.0,0.0,0.0,0.0
ID_test,44f3b1513982fca62f74d79d,poschl_t,singular_interval,7,0.926016381450905,0.926016381450905,0.9912000584179155,0.19846492283654685,0.19846492283654685,1.3413002353246384e-06,0.13466763432796652,0.13466763432796652,0.13398227191943696,1.0,1.0,1.0,0.0,0.0,0.0
ID_test,44f3b1513982fca62f74d79d,poschl_t,singular_interval,8,0.8854783669955466,0.8854783669955466,0.956001919705726,0.19846492283654685,0.19846492283654685,1.3413002353246384e-06,0.13168226934219499,0.13168226934219499,0.1520300722440832,1.0,1.0,1.0,0.0,0.0,0.0
ID_test,44f3b1513982fca62f74d79d,poschl_t,singular_interval,9,0.8854618883280507,0.8854618883280507,0.9588074583272364,0.19846492283654685,0.19846492283654685,1.3413002353246384e-06,0.2953724816737869,0.2953724816737869,0.291143326489505,1.0,1.0,1.0,0.0,0.0,0.0
ID_test,44f3b1513982fca62f74d79d,poschl_t,singular_interval,10,0.9017392626966612,0.9017392626966612,0.9385020643718,0.19846492283654685,0.19846492283654685,1.3413002353246384e-06,0.24113290806930712,0.24113290806930712,0.26809510951898774,1.0,1.0,1.0,0.0,0.0,0.0
ID_test,45233615b6533eb3bcd62d3a,anharmonic_polynomial,truncated_line,0,0.9973334245234733,0.9973334245234733,0.999982210671908,0.09111350026966047,0.09111350026966047,1.532852686447761e-06,0.2146966037841322,0.2146966037841322,0.16075761665520003,1.0,1.0,1.0,0.0,0.0,0.0
ID_test,45233615b6533eb3bcd62d3a,anharmonic_polynomial,truncated_line,1,0.9934671392889882,0.9934671392889882,0.9999678099852638,0.09111350026966047,0.09111350026966047,1.532852686447761e-06,0.09563167523830186,0.09563167523830186,0.04440821846463364,1.0,1.0,1.0,0.0,0.0,0.0
ID_test,45233615b6533eb3bcd62d3a,anharmonic_polynomial,truncated_line,2,0.9780270255329255,0.9780270255329255,0.9998242799208676,0.09111350026966047,0.09111350026966047,1.532852686447761e-06,0.08413620885785546,0.08413620885785546,0.04592426759925625,1.0,1.0,1.0,0.0,0.0,0.0
ID_test,45233615b6533eb3bcd62d3a,anharmonic_polynomial,truncated_line,3,0.9974103179329998,0.9974103179329998,0.9997269891032704,0.09111350026966047,0.09111350026966047,1.532852686447761e-06,0.05219387055056145,0.05219387055056145,0.03966985959906058,1.0,1.0,1.0,0.0,0.0,0.0
ID_test,45233615b6533eb3bcd62d3a,anharmonic_polynomial,truncated_line,4,0.9984130770812291,0.9984130770812291,0.9996160701909924,0.09111350026966047,0.09111350026966047,1.532852686447761e-06,0.04642588708716717,0.04642588708716717,0.036651337745757955,1.0,1.0,1.0,0.0,0.0,0.0
ID_test,45233615b6533eb3bcd62d3a,anharmonic_polynomial,truncated_line,5,0.9979422806510835,0.9979422806510835,0.9985740783785929,0.09111350026966047,0.09111350026966047,1.532852686447761e-06,0.04324146300537761,0.04324146300537761,0.043032873389159794,1.0,1.0,1.0,0.0,0.0,0.0
ID_test,45233615b6533eb3bcd62d3a,anharmonic_polynomial,truncated_line,6,0.9969600460134573,0.9969600460134573,0.9989961811074153,0.09111350026966047,0.09111350026966047,1.532852686447761e-06,0.04137629815284396,0.04137629815284396,0.03880090937704375,1.0,1.0,1.0,0.0,0.0,0.0
ID_test,45233615b6533eb3bcd62d3a,anharmonic_polynomial,truncated_line,7,0.9971315463931284,0.9971315463931284,0.9992812787660006,0.09111350026966047,0.09111350026966047,1.532852686447761e-06,0.0416574649557719,0.0416574649557719,0.04142237507644249,1.0,1.0,1.0,0.0,0.0,0.0
ID_test,45233615b6533eb3bcd62d3a,anharmonic_polynomial,truncated_line,8,0.9941813008477387,0.9941813008477387,0.9994188402781118,0.09111350026966047,0.09111350026966047,1.532852686447761e-06,0.041660466111356396,0.041660466111356396,0.039374131832541764,1.0,1.0,1.0,0.0,0.0,0.0
ID_test,45233615b6533eb3bcd62d3a,anharmonic_polynomial,truncated_line,9,0.9964762398478588,0.9964762398478588,0.9988019880265292,0.09111350026966047,0.09111350026966047,1.532852686447761e-06,0.038044457291728485,0.038044457291728485,0.03574264788324459,1.0,1.0,1.0,0.0,0.0,0.0
ID_test,45233615b6533eb3bcd62d3a,anharmonic_polynomial,truncated_line,10,0.997873744256843,0.997873744256843,0.9989527962541045,0.09111350026966047,0.09111350026966047,1.532852686447761e-06,0.031050103697994488,0.031050103697994488,0.029823071786203106,1.0,1.0,1.0,0.0,0.0,0.0
ID_test,4745ea09a5933abd0de224c9,smooth_perturbed,truncated_line,0,0.632497382873785,0.632497382873785,0.9970814145897273,0.24278536953423072,0.24278536953423072,1.7462554833258537e-06,0.6691183578784596,0.6691183578784596,0.45985071078467715,1.0,1.0,0.0,0.0,0.0,0.0
ID_test,4745ea09a5933abd0de224c9,smooth_perturbed,truncated_line,1,0.5152824881508772,0.5152824881508772,0.9952837196735602,0.24278536953423072,0.24278536953423072,1.7462554833258537e-06,0.7315203453618477,0.7315203453618477,0.6797604775855427,1.0,1.0,0.0,0.0,0.0,0.0
ID_test,4745ea09a5933abd0de224c9,smooth_perturbed,truncated_line,2,0.7886989505487919,0.7886989505487919,0.9970901894197041,0.24278536953423072,0.24278536953423072,1.7462554833258537e-06,0.2635181502108065,0.2635181502108065,0.19793995201017126,1.0,1.0,0.0,0.0,0.0,0.0
ID_test,4745ea09a5933abd0de224c9,smooth_perturbed,truncated_line,3,0.8493363996909562,0.8493363996909562,0.9937301056367903,0.24278536953423072,0.24278536953423072,1.7462554833258537e-06,0.23735588560674203,0.23735588560674203,0.21804273569100133,1.0,1.0,1.0,0.0,0.0,0.0
ID_test,4745ea09a5933abd0de224c9,smooth_perturbed,truncated_line,4,0.9152486933126298,0.9152486933126298,0.9894958044372864,0.24278536953423072,0.24278536953423072,1.7462554833258537e-06,0.15074430044592116,0.15074430044592116,0.13545149980007232,1.0,1.0,1.0,0.0,0.0,0.0
ID_test,4745ea09a5933abd0de224c9,smooth_perturbed,truncated_line,5,0.9605213768656187,0.9605213768656187,0.985425938252393,0.24278536953423072,0.24278536953423072,1.7462554833258537e-06,0.11450330495130567,0.11450330495130567,0.09276662499962521,1.0,1.0,0.0,0.0,0.0,0.0
ID_test,4745ea09a5933abd0de224c9,smooth_perturbed,truncated_line,6,0.9558687356427884,0.9558687356427884,0.9886404844757298,0.24278536953423072,0.24278536953423072,1.7462554833258537e-06,0.08024261517386026,0.08024261517386026,0.06081906755477057,1.0,1.0,1.0,0.0,0.0,0.0
ID_test,4745ea09a5933abd0de224c9,smooth_perturbed,truncated_line,7,0.9301870641413158,0.9301870641413158,0.9797777108983189,0.24278536953423072,0.24278536953423072,1.7462554833258537e-06,0.0754793296144781,0.0754793296144781,0.05232695593027705,1.0,1.0,0.0,0.0,0.0,0.0
ID_test,4745ea09a5933abd0de224c9,smooth_perturbed,truncated_line,8,0.7420516469476687,0.7420516469476687,0.9857555784830228,0.24278536953423072,0.24278536953423072,1.7462554833258537e-06,0.068027421202663,0.068027421202663,0.04599851259095615,1.0,1.0,1.0,0.0,0.0,0.0
ID_test,4745ea09a5933abd0de224c9,smooth_perturbed,truncated_line,9,0.7597441288796307,0.7597441288796307,0.9402542766684086,0.24278536953423072,0.24278536953423072,1.7462554833258537e-06,0.09557002943250313,0.09557002943250313,0.0389844783858691,1.0,1.0,1.0,0.0,0.0,0.0
ID_test,4745ea09a5933abd0de224c9,smooth_perturbed,truncated_line,10,0.9487963971528078,0.9487963971528078,0.9604471211065696,0.24278536953423072,0.24278536953423072,1.7462554833258537e-06,0.11563308450598407,0.11563308450598407,0.038701264115550894,1.0,1.0,1.0,0.0,0.0,0.0
ID_test,47a2ae7d5b9440b95e611321,infinite_box,finite_interval,0,0.9997646040493553,0.9999977649993947,0.9999936834060066,0.022827460153603738,1.5677764623189816e-06,1.3380404028096038e-06,0.332175815906765,0.101256434527527,0.22273472426602214,1.0,1.0,1.0,0.00023316095003944604,-0.23091938137923798,-0.02282589237714142
ID_test,47a2ae7d5b9440b95e611321,infinite_box,finite_interval,1,0.9997952636728532,0.9999956392198165,0.9999850075906749,0.022827460153603738,1.5677764623189816e-06,1.3380404028096038e-06,0.0949251022303269,0.037987178680407525,0.08127099414474834,1.0,1.0,1.0,0.00020037554696328286,-0.05693792354991937,-0.02282589237714142
ID_test,47a2ae7d5b9440b95e611321,infinite_box,finite_interval,2,0.9996949516082592,0.9999968271854311,0.9999914959502734,0.022827460153603738,1.5677764623189816e-06,1.3380404028096038e-06,0.03473323662678182,0.01273298849517959,0.028077482841643638,1.0,1.0,1.0,0.0003018755771719839,-0.02200024813160223,-0.02282589237714142
ID_test,47a2ae7d5b9440b95e611321,infinite_box,finite_interval,3,0.99962369130727,0.9999980705308379,0.9999948547098183,0.022827460153603738,1.5677764623189816e-06,1.3380404028096038e-06,0.02146399617837454,0.006085940326166024,0.014613130694708706,1.0,1.0,1.0,0.0003743792235678667,-0.015378055852208517,-0.02282589237714142
ID_test,47a2ae7d5b9440b95e611321,infinite_box,finite_interval,4,0.9992877284052419,0.9999972843016488,0.9999924823287736,0.022827460153603738,1.5677764623189816e-06,1.3380404028096038e-06,0.020562407683350756,0.004455194183947055,0.011051282475865051,1.0,1.0,1.0,0.000709555896406866,-0.0161072134994037,-0.02282589237714142
ID_test,47a2ae7d5b9440b95e611321,infinite_box,finite_interval,5,0.9986139071059283,0.999989834910167,0.9999681732614286,0.022827460153603738,1.5677764623189816e-06,1.3380404028096038e-06,0.016138925686906256,0.005530008030216034,0.011451273224867067,1.0,1.0,1.0,0.0013759278042386747,-0.010608917656690222,-0.02282589237714142
ID_test,47a2ae7d5b9440b95e611321,infinite_box,finite_interval,6,0.9991168476274287,0.9999920064282621,0.9999716507639942,0.022827460153603738,1.5677764623189816e-06,1.3380404028096038e-06,0.01333986654129449,0.004636280028118841,0.010387257268475815,1.0,1.0,1.0,0.0008751588008334421,-0.00870358651317565,-0.02282589237714142
ID_test,47a2ae7d5b9440b95e611321,infinite_box,finite_interval,7,0.9988559838356696,0.999985741182707,0.9999529922341587,0.022827460153603738,1.5677764623189816e-06,1.3380404028096038e-06,0.012513583101648533,0.004262372047295885,0.009208786280749432,1.0,1.0,1.0,0.0011297573470373523,-0.008251211054352649,-0.02282589237714142
ID_test,47a2ae7d5b9440b95e611321,infinite_box,finite_interval,8,0.9953523223267967,0.9996094559577304,0.9988795079235072,0.022827460153603738,1.5677764623189816e-06,1.3380404028096038e-06,0.026844258267321893,0.012239118753078239,0.02411308102398263,1.0,1.0,1.0,0.004257133630933718,-0.014605139514243654,-0.02282589237714142
ID_test,47a2ae7d5b9440b95e611321,infinite_box,finite_interval,9,0.9955020529402727,0.9994655671880368,0.9985795444123942,0.022827460153603738,1.5677764623189816e-06,1.3380404028096038e-06,0.022602564968589988,0.010149790503354903,0.020737288835082933,1.0,1.0,1.0,0.003963514247764088,-0.012452774465235085,-0.02282589237714142
ID_test,47a2ae7d5b9440b95e611321,infinite_box,finite_interval,10,0.9965564972997951,0.9993244611866394,0.9982835474886376,0.022827460153603738,1.5677764623189816e-06,1.3380404028096038e-06,0.020398417822425744,0.008926002674750801,0.017838487789210756,1.0,1.0,1.0,0.0027679638868443046,-0.011472415147674943,-0.02282589237714142
ID_test,48c62afc9a0461048670b871,reflected_potential,truncated_line,0,0.8992991931769764,0.8992991931769764,0.9980163703709318,0.3466304326156404,0.3466304326156404,1.553089670869312e-06,0.1399723050304583,0.1399723050304583,0.06360914673607752,1.0,1.0,0.0,0.0,0.0,0.0
ID_test,48c62afc9a0461048670b871,reflected_potential,truncated_line,1,0.9088393405348771,0.9088393405348771,0.9874887797650228,0.3466304326156404,0.3466304326156404,1.553089670869312e-06,0.27675166592138456,0.27675166592138456,0.18415897050067487,1.0,1.0,0.0,0.0,0.0,0.0
ID_test,48c62afc9a0461048670b871,reflected_potential,truncated_line,2,0.8875984455648045,0.8875984455648045,0.9948763170994613,0.3466304326156404,0.3466304326156404,1.553089670869312e-06,0.45748380922970494,0.45748380922970494,0.3511625533609437,1.0,1.0,0.0,0.0,0.0,0.0
ID_test,48c62afc9a0461048670b871,reflected_potential,truncated_line,3,0.6648735536782203,0.6648735536782203,0.9987951327872571,0.3466304326156404,0.3466304326156404,1.553089670869312e-06,0.73643143727419,0.73643143727419,0.49387381400191444,1.0,1.0,1.0,0.0,0.0,0.0
ID_test,48c62afc9a0461048670b871,reflected_potential,truncated_line,4,0.7862097560263636,0.7862097560263636,0.9974940008170771,0.3466304326156404,0.3466304326156404,1.553089670869312e-06,0.9875147155413119,0.9875147155413119,0.5206646385162165,1.0,1.0,1.0,0.0,0.0,0.0
ID_test,48c62afc9a0461048670b871,reflected_potential,truncated_line,5,0.7853064912118604,0.7853064912118604,0.9965136271766513,0.3466304326156404,0.3466304326156404,1.553089670869312e-06,0.5488264346787594,0.5488264346787594,0.2411283442867207,1.0,1.0,1.0,0.0,0.0,0.0
ID_test,48c62afc9a0461048670b871,reflected_potential,truncated_line,6,0.9104180428592233,0.9104180428592233,0.9934041741969856,0.3466304326156404,0.3466304326156404,1.553089670869312e-06,0.2803061757605796,0.2803061757605796,0.1678760526129026,1.0,1.0,1.0,0.0,0.0,0.0
ID_test,48c62afc9a0461048670b871,reflected_potential,truncated_line,7,0.9100594050377631,0.9100594050377631,0.9899769841546526,0.3466304326156404,0.3466304326156404,1.553089670869312e-06,0.2126682304139104,0.2126682304139104,0.14165749639589365,1.0,1.0,1.0,0.0,0.0,0.0
ID_test,48c62afc9a0461048670b871,reflected_potential,truncated_line,8,0.8964544253412298,0.8964544253412298,0.993648769748143,0.3466304326156404,0.3466304326156404,1.553089670869312e-06,0.15298912519608995,0.15298912519608995,0.11250107563325315,1.0,1.0,1.0,0.0,0.0,0.0
ID_test,48c62afc9a0461048670b871,reflected_potential,truncated_line,9,0.8827040524863251,0.8827040524863251,0.986535191936062,0.3466304326156404,0.3466304326156404,1.553089670869312e-06,0.14624825052038773,0.14624825052038773,0.08785725422424638,1.0,1.0,1.0,0.0,0.0,0.0
ID_test,48c62afc9a0461048670b871,reflected_potential,truncated_line,10,0.8815738134506418,0.8815738134506418,0.9133743060080236,0.3466304326156404,0.3466304326156404,1.553089670869312e-06,0.10132067251600667,0.10132067251600667,0.0766622480181176,1.0,1.0,1.0,0.0,0.0,0.0
ID_test,4a8a12165920bed0cbedc642,procedural_composite,truncated_line,0,0.9731820879141428,0.9731820879141428,0.99992274016483,0.17058880359395057,0.17058880359395057,1.6190542508898176e-06,0.06104628645532784,0.06104628645532784,0.01385044835261667,1.0,1.0,0.0,0.0,0.0,0.0
ID_test,4a8a12165920bed0cbedc642,procedural_composite,truncated_line,1,0.9699980947176687,0.9699980947176687,0.9998589186060155,0.17058880359395057,0.17058880359395057,1.6190542508898176e-06,0.10148105043372696,0.10148105043372696,0.024637795059868475,1.0,1.0,0.0,0.0,0.0,0.0
ID_test,4a8a12165920bed0cbedc642,procedural_composite,truncated_line,2,0.9685250336722294,0.9685250336722294,0.9998872348037496,0.17058880359395057,0.17058880359395057,1.6190542508898176e-06,0.16273873556714588,0.16273873556714588,0.037805379034759314,1.0,1.0,0.0,0.0,0.0,0.0
ID_test,4a8a12165920bed0cbedc642,procedural_composite,truncated_line,3,0.9429417670436749,0.9429417670436749,0.9995510499502633,0.17058880359395057,0.17058880359395057,1.6190542508898176e-06,0.5716323417800602,0.5716323417800602,0.24391443486111208,1.0,1.0,1.0,0.0,0.0,0.0
ID_test,4a8a12165920bed0cbedc642,procedural_composite,truncated_line,4,0.9422215855677684,0.9422215855677684,0.9988685130539642,0.17058880359395057,0.17058880359395057,1.6190542508898176e-06,0.41647009745554936,0.41647009745554936,0.25505124720117306,1.0,1.0,0.0,0.0,0.0,0.0
ID_test,4a8a12165920bed0cbedc642,procedural_composite,truncated_line,5,0.9501816312157592,0.9501816312157592,0.99658819120249,0.17058880359395057,0.17058880359395057,1.6190542508898176e-06,0.199804588481871,0.199804588481871,0.10846866425758109,1.0,1.0,0.0,0.0,0.0,0.0
ID_test,4a8a12165920bed0cbedc642,procedural_composite,truncated_line,6,0.9526517080013512,0.9526517080013512,0.990007284601235,0.17058880359395057,0.17058880359395057,1.6190542508898176e-06,0.1243590636683938,0.1243590636683938,0.09110189091405421,1.0,1.0,1.0,0.0,0.0,0.0
ID_test,4a8a12165920bed0cbedc642,procedural_composite,truncated_line,7,0.9640549923721415,0.9640549923721415,0.9905710461187652,0.17058880359395057,0.17058880359395057,1.6190542508898176e-06,0.09158020449166551,0.09158020449166551,0.07407869497414866,1.0,1.0,1.0,0.0,0.0,0.0
ID_test,4a8a12165920bed0cbedc642,procedural_composite,truncated_line,8,0.951982334733378,0.951982334733378,0.994784680134239,0.17058880359395057,0.17058880359395057,1.6190542508898176e-06,0.07531202477888767,0.07531202477888767,0.06031158168586793,1.0,1.0,1.0,0.0,0.0,0.0
ID_test,4a8a12165920bed0cbedc642,procedural_composite,truncated_line,9,0.9500715042957179,0.9500715042957179,0.9903885157789802,0.17058880359395057,0.17058880359395057,1.6190542508898176e-06,0.09144827785179811,0.09144827785179811,0.05791729503210233,1.0,1.0,1.0,0.0,0.0,0.0
ID_test,4a8a12165920bed0cbedc642,procedural_composite,truncated_line,10,0.9566889367496684,0.9566889367496684,0.9715491744784387,0.17058880359395057,0.17058880359395057,1.6190542508898176e-06,0.17177160208244244,0.17177160208244244,0.058322932461869266,1.0,1.0,1.0,0.0,0.0,0.0
ID_test,4aa38b4c8cf5eac47085107f,gaussian_barrier,truncated_line,0,0.9240949690392953,0.9240949690392953,0.9997481582654117,0.33814412642093666,0.33814412642093666,1.5152353264324958e-06,0.06284404980004762,0.06284404980004762,0.034997409359269205,1.0,1.0,0.0,0.0,0.0,0.0
ID_test,4aa38b4c8cf5eac47085107f,gaussian_barrier,truncated_line,1,0.5558148028575688,0.5558148028575688,0.9998535921098269,0.33814412642093666,0.33814412642093666,1.5152353264324958e-06,0.07079721392542448,0.07079721392542448,0.02282895150448889,1.0,1.0,0.0,0.0,0.0,0.0
ID_test,4aa38b4c8cf5eac47085107f,gaussian_barrier,truncated_line,2,0.8709158005968753,0.8709158005968753,0.9997650820555471,0.33814412642093666,0.33814412642093666,1.5152353264324958e-06,0.04153015560085151,0.04153015560085151,0.01902111744569192,1.0,1.0,1.0,0.0,0.0,0.0
ID_test,4aa38b4c8cf5eac47085107f,gaussian_barrier,truncated_line,3,0.9650569102491454,0.9650569102491454,0.999626622719735,0.33814412642093666,0.33814412642093666,1.5152353264324958e-06,0.03180977263582715,0.03180977263582715,0.020250338410998128,1.0,1.0,1.0,0.0,0.0,0.0
ID_test,4aa38b4c8cf5eac47085107f,gaussian_barrier,truncated_line,4,0.9892106526147353,0.9892106526147353,0.9996712465191511,0.33814412642093666,0.33814412642093666,1.5152353264324958e-06,0.026856558073179312,0.026856558073179312,0.01830476661451591,1.0,1.0,1.0,0.0,0.0,0.0
ID_test,4aa38b4c8cf5eac47085107f,gaussian_barrier,truncated_line,5,0.9929358801761532,0.9929358801761532,0.9979174688091466,0.33814412642093666,0.33814412642093666,1.5152353264324958e-06,0.02890471461489078,0.02890471461489078,0.025959336234898142,1.0,1.0,1.0,0.0,0.0,0.0
ID_test,4aa38b4c8cf5eac47085107f,gaussian_barrier,truncated_line,6,0.9963851413613688,0.9963851413613688,0.99812323095762,0.33814412642093666,0.33814412642093666,1.5152353264324958e-06,0.025976282230745898,0.025976282230745898,0.02410617409754287,1.0,1.0,1.0,0.0,0.0,0.0
ID_test,4aa38b4c8cf5eac47085107f,gaussian_barrier,truncated_line,7,0.9971843616578393,0.9971843616578393,0.9984237095935405,0.33814412642093666,0.33814412642093666,1.5152353264324958e-06,0.028225476032949202,0.028225476032949202,0.0269969033339057,1.0,1.0,1.0,0.0,0.0,0.0
ID_test,4aa38b4c8cf5eac47085107f,gaussian_barrier,truncated_line,8,0.9968278098990071,0.9968278098990071,0.999328127699076,0.33814412642093666,0.33814412642093666,1.5152353264324958e-06,0.03217787614562259,0.03217787614562259,0.026924649213323514,1.0,1.0,1.0,0.0,0.0,0.0
ID_test,4aa38b4c8cf5eac47085107f,gaussian_barrier,truncated_line,9,0.9920847952374058,0.9920847952374058,0.9980365497794268,0.33814412642093666,0.33814412642093666,1.5152353264324958e-06,0.03576527021244665,0.03576527021244665,0.02684244950541824,1.0,1.0,1.0,0.0,0.0,0.0
ID_test,4aa38b4c8cf5eac47085107f,gaussian_barrier,truncated_line,10,0.9947704385730217,0.9947704385730217,0.99748553704489,0.33814412642093666,0.33814412642093666,1.5152353264324958e-06,0.04900919737638668,0.04900919737638668,0.023488539697519538,1.0,1.0,1.0,0.0,0.0,0.0
ID_test,4c9d3c3525817c53df1af3e0,asymptotically_constant,truncated_line,0,0.9985495686846714,0.9985495686846714,0.9999879089434075,0.17212913331151317,0.17212913331151317,1.7155025283654979e-06,0.00448953564062622,0.00448953564062622,0.0021651375823119622,1.0,1.0,1.0,0.0,0.0,0.0
ID_test,4c9d3c3525817c53df1af3e0,asymptotically_constant,truncated_line,1,0.9973432215871634,0.9973432215871634,0.9999558076250388,0.17212913331151317,0.17212913331151317,1.7155025283654979e-06,0.006680365880384803,0.006680365880384803,0.002835465000087025,1.0,1.0,0.0,0.0,0.0,0.0
ID_test,4c9d3c3525817c53df1af3e0,asymptotically_constant,truncated_line,2,0.9883434893665907,0.9883434893665907,0.9998041719832707,0.17212913331151317,0.17212913331151317,1.7155025283654979e-06,0.014646209929545594,0.014646209929545594,0.005945476710925206,1.0,1.0,0.0,0.0,0.0,0.0
ID_test,4c9d3c3525817c53df1af3e0,asymptotically_constant,truncated_line,3,0.990557831502136,0.990557831502136,0.9989747877739111,0.17212913331151317,0.17212913331151317,1.7155025283654979e-06,0.018373468897009457,0.018373468897009457,0.012727679851188263,1.0,1.0,1.0,0.0,0.0,0.0
ID_test,4c9d3c3525817c53df1af3e0,asymptotically_constant,truncated_line,4,0.9914018771865956,0.9914018771865956,0.99921940947951,0.17212913331151317,0.17212913331151317,1.7155025283654979e-06,0.017142527177383057,0.017142527177383057,0.011598918868857276,1.0,1.0,1.0,0.0,0.0,0.0
ID_test,4c9d3c3525817c53df1af3e0,asymptotically_constant,truncated_line,5,0.9915123079295153,0.9915123079295153,0.9990077222243112,0.17212913331151317,0.17212913331151317,1.7155025283654979e-06,0.031429329739790596,0.031429329739790596,0.012959937068473594,1.0,1.0,1.0,0.0,0.0,0.0
ID_test,4c9d3c3525817c53df1af3e0,asymptotically_constant,truncated_line,6,0.994137691090946,0.994137691090946,0.9995988680397744,0.17212913331151317,0.17212913331151317,1.7155025283654979e-06,0.01937416647207004,0.01937416647207004,0.010980861774224027,1.0,1.0,1.0,0.0,0.0,0.0
ID_test,4c9d3c3525817c53df1af3e0,asymptotically_constant,truncated_line,7,0.9902813264785262,0.9902813264785262,0.9950163947021717,0.17212913331151317,0.17212913331151317,1.7155025283654979e-06,0.02861512378520776,0.02861512378520776,0.01776604407148205,1.0,1.0,1.0,0.0,0.0,0.0
ID_test,4c9d3c3525817c53df1af3e0,asymptotically_constant,truncated_line,8,0.9831293715257086,0.9831293715257086,0.9982077853785586,0.17212913331151317,0.17212913331151317,1.7155025283654979e-06,0.024467464816428544,0.024467464816428544,0.014575143883964662,1.0,1.0,1.0,0.0,0.0,0.0
ID_test,4c9d3c3525817c53df1af3e0,asymptotically_constant,truncated_line,9,0.9781653795600044,0.9781653795600044,0.9959918116075639,0.17212913331151317,0.17212913331151317,1.7155025283654979e-06,0.028141969189304072,0.028141969189304072,0.019424652666721384,1.0,1.0,1.0,0.0,0.0,0.0
ID_test,4c9d3c3525817c53df1af3e0,asymptotically_constant,truncated_line,10,0.9604534371831152,0.9604534371831152,0.9913356822255264,0.17212913331151317,0.17212913331151317,1.7155025283654979e-06,0.05486361310044729,0.05486361310044729,0.032901194140127654,1.0,1.0,1.0,0.0,0.0,0.0
ID_test,4e6e0c8b043d1ed8ead96322,poschl_t,singular_interval,0,0.9865181021551207,0.9865181021551207,0.9991503810038465,0.20388617632489378,0.20388617632489378,1.8533631197525935e-06,0.3822228908259732,0.3822228908259732,0.3220492627511385,1.0,1.0,0.0,0.0,0.0,0.0
ID_test,4e6e0c8b043d1ed8ead96322,poschl_t,singular_interval,1,0.97013874462183,0.97013874462183,0.9973864814228649,0.20388617632489378,0.20388617632489378,1.8533631197525935e-06,0.38694676256660193,0.38694676256660193,0.3620785811483635,1.0,1.0,1.0,0.0,0.0,0.0
ID_test,4e6e0c8b043d1ed8ead96322,poschl_t,singular_interval,2,0.8966089433432295,0.8966089433432295,0.9978237355911166,0.20388617632489378,0.20388617632489378,1.8533631197525935e-06,0.2608171845483148,0.2608171845483148,0.21783508438272783,1.0,1.0,1.0,0.0,0.0,0.0
ID_test,4e6e0c8b043d1ed8ead96322,poschl_t,singular_interval,3,0.9040798475393774,0.9040798475393774,0.9979426587052085,0.20388617632489378,0.20388617632489378,1.8533631197525935e-06,0.18037304139051447,0.18037304139051447,0.14321460834823438,1.0,1.0,1.0,0.0,0.0,0.0
ID_test,4e6e0c8b043d1ed8ead96322,poschl_t,singular_interval,4,0.89907683101772,0.89907683101772,0.99650811014991,0.20388617632489378,0.20388617632489378,1.8533631197525935e-06,0.1528794694128759,0.1528794694128759,0.13499548235936978,1.0,1.0,1.0,0.0,0.0,0.0
ID_test,4e6e0c8b043d1ed8ead96322,poschl_t,singular_interval,5,0.8898812314646924,0.8898812314646924,0.9963667256211197,0.20388617632489378,0.20388617632489378,1.8533631197525935e-06,0.1258584977543499,0.1258584977543499,0.11959202017999315,1.0,1.0,1.0,0.0,0.0,0.0
ID_test,4e6e0c8b043d1ed8ead96322,poschl_t,singular_interval,6,0.9453672422670603,0.9453672422670603,0.9934086775262391,0.20388617632489378,0.20388617632489378,1.8533631197525935e-06,0.11257125538509545,0.11257125538509545,0.11085417304108072,1.0,1.0,1.0,0.0,0.0,0.0
ID_test,4e6e0c8b043d1ed8ead96322,poschl_t,singular_interval,7,0.9446645985559656,0.9446645985559656,0.9947229023095269,0.20388617632489378,0.20388617632489378,1.8533631197525935e-06,0.1346659353398801,0.1346659353398801,0.13255652379358768,1.0,1.0,1.0,0.0,0.0,0.0
ID_test,4e6e0c8b043d1ed8ead96322,poschl_t,singular_interval,8,0.9141324588505005,0.9141324588505005,0.9667829161524651,0.20388617632489378,0.20388617632489378,1.8533631197525935e-06,0.13124492632310403,0.13124492632310403,0.15175415632418057,1.0,1.0,1.0,0.0,0.0,0.0
ID_test,4e6e0c8b043d1ed8ead96322,poschl_t,singular_interval,9,0.9095291664717557,0.9095291664717557,0.9723532652343098,0.20388617632489378,0.20388617632489378,1.8533631197525935e-06,0.30855827861490454,0.30855827861490454,0.31447498778541105,1.0,1.0,1.0,0.0,0.0,0.0
ID_test,4e6e0c8b043d1ed8ead96322,poschl_t,singular_interval,10,0.925711267534891,0.925711267534891,0.9577127796532103,0.20388617632489378,0.20388617632489378,1.8533631197525935e-06,0.2606362742159117,0.2606362742159117,0.287196512318437,1.0,1.0,1.0,0.0,0.0,0.0
ID_test,4f045668602396b3f9b8f9bc,harmonic,truncated_line,0,0.9959971835063224,0.9959971835063224,0.9999896150321321,0.09073400969241072,0.09073400969241072,1.3051921644580133e-06,0.1529555303046677,0.1529555303046677,0.05400444284130446,1.0,1.0,1.0,0.0,0.0,0.0
ID_test,4f045668602396b3f9b8f9bc,harmonic,truncated_line,1,0.9942103137396143,0.9942103137396143,0.9999552987320629,0.09073400969241072,0.09073400969241072,1.3051921644580133e-06,0.07532739896961033,0.07532739896961033,0.029283195366563725,1.0,1.0,0.0,0.0,0.0,0.0
ID_test,4f045668602396b3f9b8f9bc,harmonic,truncated_line,2,0.9854927507239246,0.9854927507239246,0.9999430331338192,0.09073400969241072,0.09073400969241072,1.3051921644580133e-06,0.059727521653399514,0.059727521653399514,0.020271442372979342,1.0,1.0,1.0,0.0,0.0,0.0
ID_test,4f045668602396b3f9b8f9bc,harmonic,truncated_line,3,0.9973824280732222,0.9973824280732222,0.9997397251561241,0.09073400969241072,0.09073400969241072,1.3051921644580133e-06,0.03893942581278304,0.03893942581278304,0.025963906544937004,1.0,1.0,1.0,0.0,0.0,0.0
ID_test,4f045668602396b3f9b8f9bc,harmonic,truncated_line,4,0.9977658763717975,0.9977658763717975,0.9997460917467713,0.09073400969241072,0.09073400969241072,1.3051921644580133e-06,0.0318142071157312,0.0318142071157312,0.022494729758265122,1.0,1.0,1.0,0.0,0.0,0.0
ID_test,4f045668602396b3f9b8f9bc,harmonic,truncated_line,5,0.9975690717101411,0.9975690717101411,0.9982294737157441,0.09073400969241072,0.09073400969241072,1.3051921644580133e-06,0.0385365109806918,0.0385365109806918,0.031940694565172914,1.0,1.0,1.0,0.0,0.0,0.0
ID_test,4f045668602396b3f9b8f9bc,harmonic,truncated_line,6,0.9975067064277103,0.9975067064277103,0.9988437368671944,0.09073400969241072,0.09073400969241072,1.3051921644580133e-06,0.02716416754543013,0.02716416754543013,0.02621117946844744,1.0,1.0,1.0,0.0,0.0,0.0
ID_test,4f045668602396b3f9b8f9bc,harmonic,truncated_line,7,0.9962027245697327,0.9962027245697327,0.9975738185554287,0.09073400969241072,0.09073400969241072,1.3051921644580133e-06,0.028546988661890208,0.028546988661890208,0.02837651534256157,1.0,1.0,1.0,0.0,0.0,0.0
ID_test,4f045668602396b3f9b8f9bc,harmonic,truncated_line,8,0.9951358449373016,0.9951358449373016,0.9992036692133018,0.09073400969241072,0.09073400969241072,1.3051921644580133e-06,0.03271650152199786,0.03271650152199786,0.03223196987943125,1.0,1.0,1.0,0.0,0.0,0.0
ID_test,4f045668602396b3f9b8f9bc,harmonic,truncated_line,9,0.99570167070894,0.99570167070894,0.9981663244040795,0.09073400969241072,0.09073400969241072,1.3051921644580133e-06,0.031957821479798,0.031957821479798,0.031274930513169125,1.0,1.0,1.0,0.0,0.0,0.0
ID_test,4f045668602396b3f9b8f9bc,harmonic,truncated_line,10,0.9931399599844434,0.9931399599844434,0.9942682052016392,0.09073400969241072,0.09073400969241072,1.3051921644580133e-06,0.03926205435360598,0.03926205435360598,0.027863038406125046,1.0,1.0,1.0,0.0,0.0,0.0
ID_test,50ab3eed117b7efb0be8494f,single_barrier,truncated_line,0,0.990572826370153,0.990572826370153,0.99989634180071,0.08213245808336726,0.08213245808336726,1.2715028785414972e-06,0.22941152301369241,0.22941152301369241,0.1474884518045054,1.0,1.0,1.0,0.0,0.0,0.0
ID_test,50ab3eed117b7efb0be8494f,single_barrier,truncated_line,1,0.9810553672357862,0.9810553672357862,0.9996189031345322,0.08213245808336726,0.08213245808336726,1.2715028785414972e-06,0.1037007028011757,0.1037007028011757,0.06661935319447818,1.0,1.0,0.0,0.0,0.0,0.0
ID_test,50ab3eed117b7efb0be8494f,single_barrier,truncated_line,2,0.936658894893741,0.936658894893741,0.9997316000826014,0.08213245808336726,0.08213245808336726,1.2715028785414972e-06,0.07935211548927924,0.07935211548927924,0.028973254667667522,1.0,1.0,0.0,0.0,0.0,0.0
ID_test,50ab3eed117b7efb0be8494f,single_barrier,truncated_line,3,0.9192328545037977,0.9192328545037977,0.9998137374189242,0.08213245808336726,0.08213245808336726,1.2715028785414972e-06,0.057760792262992196,0.057760792262992196,0.022133971440481605,1.0,1.0,1.0,0.0,0.0,0.0
ID_test,50ab3eed117b7efb0be8494f,single_barrier,truncated_line,4,0.94807415665176,0.94807415665176,0.9995382127377702,0.08213245808336726,0.08213245808336726,1.2715028785414972e-06,0.04094745965783161,0.04094745965783161,0.02219804178393055,1.0,1.0,1.0,0.0,0.0,0.0
ID_test,50ab3eed117b7efb0be8494f,single_barrier,truncated_line,5,0.9862164207244851,0.9862164207244851,0.9974951073467736,0.08213245808336726,0.08213245808336726,1.2715028785414972e-06,0.041689492000116526,0.041689492000116526,0.033476882755535606,1.0,1.0,1.0,0.0,0.0,0.0
ID_test,50ab3eed117b7efb0be8494f,single_barrier,truncated_line,6,0.993605645420169,0.993605645420169,0.9982158303246921,0.08213245808336726,0.08213245808336726,1.2715028785414972e-06,0.030706350132230806,0.030706350132230806,0.02871272123849645,1.0,1.0,1.0,0.0,0.0,0.0
ID_test,50ab3eed117b7efb0be8494f,single_barrier,truncated_line,7,0.9938593340350209,0.9938593340350209,0.9976263498116099,0.08213245808336726,0.08213245808336726,1.2715028785414972e-06,0.03271430671229572,0.03271430671229572,0.029915504262067114,1.0,1.0,1.0,0.0,0.0,0.0
ID_test,50ab3eed117b7efb0be8494f,single_barrier,truncated_line,8,0.9943437098017357,0.9943437098017357,0.9988510946391134,0.08213245808336726,0.08213245808336726,1.2715028785414972e-06,0.033904112899522526,0.033904112899522526,0.0325673960916037,1.0,1.0,1.0,0.0,0.0,0.0
ID_test,50ab3eed117b7efb0be8494f,single_barrier,truncated_line,9,0.9947077544716957,0.9947077544716957,0.9985093603607036,0.08213245808336726,0.08213245808336726,1.2715028785414972e-06,0.03286173153872917,0.03286173153872917,0.03015744082458104,1.0,1.0,1.0,0.0,0.0,0.0
ID_test,50ab3eed117b7efb0be8494f,single_barrier,truncated_line,10,0.9918057742031315,0.9918057742031315,0.9946788009368376,0.08213245808336726,0.08213245808336726,1.2715028785414972e-06,0.04205498218738011,0.04205498218738011,0.02848268290467615,1.0,1.0,1.0,0.0,0.0,0.0
ID_test,55bc5f5b375625eb9a4aced5,radial_oscillator,radial_reduced,0,0.9834071762544884,0.9834071762544884,0.9997063394983687,0.3890620842841684,0.3890620842841684,2.5087849835347953e-06,0.8066475786586415,0.8066475786586415,0.8182476895950224,1.0,1.0,0.0,0.0,0.0,0.0
ID_test,55bc5f5b375625eb9a4aced5,radial_oscillator,radial_reduced,1,0.7513454316949119,0.7513454316949119,0.9996477814102042,0.3890620842841684,0.3890620842841684,2.5087849835347953e-06,0.8607363214526264,0.8607363214526264,0.8169181951756036,1.0,1.0,0.0,0.0,0.0,0.0
ID_test,55bc5f5b375625eb9a4aced5,radial_oscillator,radial_reduced,2,0.7288678655328902,0.7288678655328902,0.9995272571554263,0.3890620842841684,0.3890620842841684,2.5087849835347953e-06,0.847478753330477,0.847478753330477,0.7856040450486009,1.0,1.0,0.0,0.0,0.0,0.0
ID_test,55bc5f5b375625eb9a4aced5,radial_oscillator,radial_reduced,3,0.7582501637323266,0.7582501637323266,0.9981083302643718,0.3890620842841684,0.3890620842841684,2.5087849835347953e-06,0.8544127955778629,0.8544127955778629,0.7626348539809479,1.0,1.0,0.0,0.0,0.0,0.0
ID_test,55bc5f5b375625eb9a4aced5,radial_oscillator,radial_reduced,4,0.7356929128102937,0.7356929128102937,0.9984991243111817,0.3890620842841684,0.3890620842841684,2.5087849835347953e-06,0.8594181005432239,0.8594181005432239,0.73694869709616,1.0,1.0,0.0,0.0,0.0,0.0
ID_test,55bc5f5b375625eb9a4aced5,radial_oscillator,radial_reduced,5,0.8475714517647261,0.8475714517647261,0.9966590906280481,0.3890620842841684,0.3890620842841684,2.5087849835347953e-06,0.8465058725579282,0.8465058725579282,0.7790616574904107,1.0,1.0,1.0,0.0,0.0,0.0
ID_test,55bc5f5b375625eb9a4aced5,radial_oscillator,radial_reduced,6,0.8011680693958202,0.8011680693958202,0.9776355608728339,0.3890620842841684,0.3890620842841684,2.5087849835347953e-06,0.9126636027933426,0.9126636027933426,0.8204923742517622,1.0,1.0,0.0,0.0,0.0,0.0
ID_test,55bc5f5b375625eb9a4aced5,radial_oscillator,radial_reduced,7,0.8752357076596603,0.8752357076596603,0.9757979500252698,0.3890620842841684,0.3890620842841684,2.5087849835347953e-06,0.8984901579856812,0.8984901579856812,0.8140926445978773,1.0,1.0,1.0,0.0,0.0,0.0
ID_test,55bc5f5b375625eb9a4aced5,radial_oscillator,radial_reduced,8,0.8571112087287436,0.8571112087287436,0.9317532493320317,0.3890620842841684,0.3890620842841684,2.5087849835347953e-06,0.8921986874642545,0.8921986874642545,0.8001349174356158,1.0,1.0,0.0,0.0,0.0,0.0
ID_test,55bc5f5b375625eb9a4aced5,radial_oscillator,radial_reduced,9,0.7156363571411027,0.7156363571411027,0.763802142227137,0.3890620842841684,0.3890620842841684,2.5087849835347953e-06,0.8853534266333304,0.8853534266333304,0.8226733249725104,1.0,1.0,1.0,0.0,0.0,0.0
ID_test,55bc5f5b375625eb9a4aced5,radial_oscillator,radial_reduced,10,0.7248378142046134,0.7248378142046134,0.7448333168822602,0.3890620842841684,0.3890620842841684,2.5087849835347953e-06,0.8965602946325141,0.8965602946325141,0.9356462721849562,1.0,1.0,1.0,0.0,0.0,0.0
ID_test,560b4ac43647c8a366f2d0d9,gaussian_well,truncated_line,0,0.9947191903021957,0.9947191903021957,0.9999911074827359,0.13918242567313413,0.13918242567313413,1.513919451134882e-06,0.009318782525392668,0.009318782525392668,0.0024257430226087943,1.0,1.0,1.0,0.0,0.0,0.0
ID_test,560b4ac43647c8a366f2d0d9,gaussian_well,truncated_line,1,0.9961515976587157,0.9961515976587157,0.9999467011285325,0.13918242567313413,0.13918242567313413,1.513919451134882e-06,0.011924118519483412,0.011924118519483412,0.0043985216935759595,1.0,1.0,0.0,0.0,0.0,0.0
ID_test,560b4ac43647c8a366f2d0d9,gaussian_well,truncated_line,2,0.9922910997707524,0.9922910997707524,0.9998546291990885,0.13918242567313413,0.13918242567313413,1.513919451134882e-06,0.017297108782323933,0.017297108782323933,0.007260882314339231,1.0,1.0,0.0,0.0,0.0,0.0
ID_test,560b4ac43647c8a366f2d0d9,gaussian_well,truncated_line,3,0.9944343212319876,0.9944343212319876,0.9994252192939298,0.13918242567313413,0.13918242567313413,1.513919451134882e-06,0.021677361044577174,0.021677361044577174,0.01614973916342147,1.0,1.0,1.0,0.0,0.0,0.0
ID_test,560b4ac43647c8a366f2d0d9,gaussian_well,truncated_line,4,0.9944183904955999,0.9944183904955999,0.9995447575128189,0.13918242567313413,0.13918242567313413,1.513919451134882e-06,0.02233456939368557,0.02233456939368557,0.015342762368608358,1.0,1.0,1.0,0.0,0.0,0.0
ID_test,560b4ac43647c8a366f2d0d9,gaussian_well,truncated_line,5,0.993854468539353,0.993854468539353,0.9990179267105803,0.13918242567313413,0.13918242567313413,1.513919451134882e-06,0.0410953464089853,0.0410953464089853,0.022186206932510166,1.0,1.0,1.0,0.0,0.0,0.0
ID_test,560b4ac43647c8a366f2d0d9,gaussian_well,truncated_line,6,0.9949757624154698,0.9949757624154698,0.9992309213638418,0.13918242567313413,0.13918242567313413,1.513919451134882e-06,0.03570754027543242,0.03570754027543242,0.02650019979095652,1.0,1.0,1.0,0.0,0.0,0.0
ID_test,560b4ac43647c8a366f2d0d9,gaussian_well,truncated_line,7,0.9922131227139611,0.9922131227139611,0.9944959020380522,0.13918242567313413,0.13918242567313413,1.513919451134882e-06,0.05300138688695041,0.05300138688695041,0.04645025140930583,1.0,1.0,1.0,0.0,0.0,0.0
ID_test,560b4ac43647c8a366f2d0d9,gaussian_well,truncated_line,8,0.9912013186577691,0.9912013186577691,0.9983618762786872,0.13918242567313413,0.13918242567313413,1.513919451134882e-06,0.08203305128943363,0.08203305128943363,0.07806987189349447,1.0,1.0,1.0,0.0,0.0,0.0
ID_test,560b4ac43647c8a366f2d0d9,gaussian_well,truncated_line,9,0.9864735675561997,0.9864735675561997,0.991214383620363,0.13918242567313413,0.13918242567313413,1.513919451134882e-06,0.14477214607793953,0.14477214607793953,0.12953950133863984,1.0,1.0,1.0,0.0,0.0,0.0
ID_test,560b4ac43647c8a366f2d0d9,gaussian_well,truncated_line,10,0.9775949100183142,0.9775949100183142,0.9847125269136129,0.13918242567313413,0.13918242567313413,1.513919451134882e-06,0.2482138246096748,0.2482138246096748,0.22270463974860424,1.0,1.0,1.0,0.0,0.0,0.0
ID_test,56e758e708fe3502dbc01246,poschl_t,singular_interval,0,0.9661061410586433,0.9661061410586433,0.998659588595391,0.2071158213579104,0.2071158213579104,1.4459096672192473e-06,0.36486416297027946,0.36486416297027946,0.3249021910039556,1.0,1.0,0.0,0.0,0.0,0.0
ID_test,56e758e708fe3502dbc01246,poschl_t,singular_interval,1,0.9146183630154812,0.9146183630154812,0.9969443397800747,0.2071158213579104,0.2071158213579104,1.4459096672192473e-06,0.3736739107965246,0.3736739107965246,0.34103808129233243,1.0,1.0,1.0,0.0,0.0,0.0
ID_test,56e758e708fe3502dbc01246,poschl_t,singular_interval,2,0.8201704980659097,0.8201704980659097,0.9976638367460853,0.2071158213579104,0.2071158213579104,1.4459096672192473e-06,0.26036162822237496,0.26036162822237496,0.20736034886331245,1.0,1.0,0.0,0.0,0.0,0.0
ID_test,56e758e708fe3502dbc01246,poschl_t,singular_interval,3,0.8162497864489873,0.8162497864489873,0.9976476108901114,0.2071158213579104,0.2071158213579104,1.4459096672192473e-06,0.18839676462694221,0.18839676462694221,0.13800541530804314,1.0,1.0,1.0,0.0,0.0,0.0
ID_test,56e758e708fe3502dbc01246,poschl_t,singular_interval,4,0.7963711160640146,0.7963711160640146,0.9960812835286156,0.2071158213579104,0.2071158213579104,1.4459096672192473e-06,0.16051949939390686,0.16051949939390686,0.13055174536202213,1.0,1.0,1.0,0.0,0.0,0.0
ID_test,56e758e708fe3502dbc01246,poschl_t,singular_interval,5,0.774231383896552,0.774231383896552,0.9953583581028059,0.2071158213579104,0.2071158213579104,1.4459096672192473e-06,0.13439064134238754,0.13439064134238754,0.1203527064974132,1.0,1.0,1.0,0.0,0.0,0.0
ID_test,56e758e708fe3502dbc01246,poschl_t,singular_interval,6,0.8565858002300644,0.8565858002300644,0.991381587869649,0.2071158213579104,0.2071158213579104,1.4459096672192473e-06,0.11555734241767099,0.11555734241767099,0.10890371172404557,1.0,1.0,1.0,0.0,0.0,0.0
ID_test,56e758e708fe3502dbc01246,poschl_t,singular_interval,7,0.8533364915533737,0.8533364915533737,0.9911411788464591,0.2071158213579104,0.2071158213579104,1.4459096672192473e-06,0.1382705326317911,0.1382705326317911,0.11943067720163977,1.0,1.0,1.0,0.0,0.0,0.0
ID_test,56e758e708fe3502dbc01246,poschl_t,singular_interval,8,0.8266174750833816,0.8266174750833816,0.9557774612489169,0.2071158213579104,0.2071158213579104,1.4459096672192473e-06,0.13434979183736193,0.13434979183736193,0.13875470863522177,1.0,1.0,1.0,0.0,0.0,0.0
ID_test,56e758e708fe3502dbc01246,poschl_t,singular_interval,9,0.804273040634448,0.804273040634448,0.9643899399088728,0.2071158213579104,0.2071158213579104,1.4459096672192473e-06,0.3427095860953346,0.3427095860953346,0.32211352361593143,1.0,1.0,1.0,0.0,0.0,0.0
ID_test,56e758e708fe3502dbc01246,poschl_t,singular_interval,10,0.8257548465077248,0.8257548465077248,0.9167365224760937,0.2071158213579104,0.2071158213579104,1.4459096672192473e-06,0.2833391276846489,0.2833391276846489,0.3343685289146998,1.0,1.0,1.0,0.0,0.0,0.0
ID_test,571355d89670587e6b002b3d,poschl_h,truncated_line,0,0.9985628869881389,0.9985628869881389,0.9999861387034146,0.22958938115098232,0.22958938115098232,2.097685278812378e-06,0.007611962506517738,0.007611962506517738,0.0030106792313146185,1.0,1.0,1.0,0.0,0.0,0.0
ID_test,571355d89670587e6b002b3d,poschl_h,truncated_line,1,0.9978807779643586,0.9978807779643586,0.999981783315068,0.22958938115098232,0.22958938115098232,2.097685278812378e-06,0.008820827338837057,0.008820827338837057,0.002552484782387649,1.0,1.0,1.0,0.0,0.0,0.0
ID_test,571355d89670587e6b002b3d,poschl_h,truncated_line,2,0.9929126219298963,0.9929126219298963,0.9997100943983659,0.22958938115098232,0.22958938115098232,2.097685278812378e-06,0.015935217659766857,0.015935217659766857,0.00832184865154805,1.0,1.0,0.0,0.0,0.0,0.0
ID_test,571355d89670587e6b002b3d,poschl_h,truncated_line,3,0.9903384131677189,0.9903384131677189,0.9992098518971247,0.22958938115098232,0.22958938115098232,2.097685278812378e-06,0.0278019088571432,0.0278019088571432,0.01589720636854948,1.0,1.0,1.0,0.0,0.0,0.0
ID_test,571355d89670587e6b002b3d,poschl_h,truncated_line,4,0.9884782144552918,0.9884782144552918,0.9991724533201436,0.22958938115098232,0.22958938115098232,2.097685278812378e-06,0.02927436888275429,0.02927436888275429,0.01826379933587651,1.0,1.0,1.0,0.0,0.0,0.0
ID_test,571355d89670587e6b002b3d,poschl_h,truncated_line,5,0.9865433651458785,0.9865433651458785,0.999447702607631,0.22958938115098232,0.22958938115098232,2.097685278812378e-06,0.05532778204358836,0.05532778204358836,0.01595596871205218,1.0,1.0,1.0,0.0,0.0,0.0
ID_test,571355d89670587e6b002b3d,poschl_h,truncated_line,6,0.9907492856815093,0.9907492856815093,0.9992666107257001,0.22958938115098232,0.22958938115098232,2.097685278812378e-06,0.03381663480354336,0.03381663480354336,0.016798698948071924,1.0,1.0,1.0,0.0,0.0,0.0
ID_test,571355d89670587e6b002b3d,poschl_h,truncated_line,7,0.9844113270419402,0.9844113270419402,0.9935153124654378,0.22958938115098232,0.22958938115098232,2.097685278812378e-06,0.04811581579735479,0.04811581579735479,0.032920137348061256,1.0,1.0,1.0,0.0,0.0,0.0
ID_test,571355d89670587e6b002b3d,poschl_h,truncated_line,8,0.9691762382276325,0.9691762382276325,0.9976698590944484,0.22958938115098232,0.22958938115098232,2.097685278812378e-06,0.05224143924538684,0.05224143924538684,0.03096907768098716,1.0,1.0,1.0,0.0,0.0,0.0
ID_test,571355d89670587e6b002b3d,poschl_h,truncated_line,9,0.9644694800827335,0.9644694800827335,0.9926749862222866,0.22958938115098232,0.22958938115098232,2.097685278812378e-06,0.06613198828984719,0.06613198828984719,0.039683633197434336,1.0,1.0,1.0,0.0,0.0,0.0
ID_test,571355d89670587e6b002b3d,poschl_h,truncated_line,10,0.9304746720017522,0.9304746720017522,0.9874520002658925,0.22958938115098232,0.22958938115098232,2.097685278812378e-06,0.13120087584735218,0.13120087584735218,0.07606956923740331,1.0,1.0,1.0,0.0,0.0,0.0
ID_test,5863819323742ff19490b372,poschl_t,singular_interval,0,0.9900387437087655,0.9900387437087655,0.9997074444384279,0.21719196237106683,0.21719196237106683,1.497399305883107e-06,0.32738548281558666,0.32738548281558666,0.235928155156345,1.0,1.0,0.0,0.0,0.0,0.0
ID_test,5863819323742ff19490b372,poschl_t,singular_interval,1,0.9838080932351035,0.9838080932351035,0.9980737641380147,0.21719196237106683,0.21719196237106683,1.497399305883107e-06,0.33758676770549767,0.33758676770549767,0.3149585188664243,1.0,1.0,0.0,0.0,0.0,0.0
ID_test,5863819323742ff19490b372,poschl_t,singular_interval,2,0.8990716182975619,0.8990716182975619,0.9984660261957305,0.21719196237106683,0.21719196237106683,1.497399305883107e-06,0.24212274456846344,0.24212274456846344,0.18641261040610116,1.0,1.0,1.0,0.0,0.0,0.0
ID_test,5863819323742ff19490b372,poschl_t,singular_interval,3,0.9048884422006965,0.9048884422006965,0.99841643169904,0.21719196237106683,0.21719196237106683,1.497399305883107e-06,0.1758981958050552,0.1758981958050552,0.12737594365643715,1.0,1.0,1.0,0.0,0.0,0.0
ID_test,5863819323742ff19490b372,poschl_t,singular_interval,4,0.9231602582028354,0.9231602582028354,0.9973165841307621,0.21719196237106683,0.21719196237106683,1.497399305883107e-06,0.14772329633796896,0.14772329633796896,0.11967797782374133,1.0,1.0,1.0,0.0,0.0,0.0
ID_test,5863819323742ff19490b372,poschl_t,singular_interval,5,0.9507691129197657,0.9507691129197657,0.9977975829217929,0.21719196237106683,0.21719196237106683,1.497399305883107e-06,0.12029764574877773,0.12029764574877773,0.09809966244835455,1.0,1.0,1.0,0.0,0.0,0.0
ID_test,5863819323742ff19490b372,poschl_t,singular_interval,6,0.9353205341245782,0.9353205341245782,0.9971336633026521,0.21719196237106683,0.21719196237106683,1.497399305883107e-06,0.11561788974576939,0.11561788974576939,0.09688496055101843,1.0,1.0,1.0,0.0,0.0,0.0
ID_test,5863819323742ff19490b372,poschl_t,singular_interval,7,0.9616701190482797,0.9616701190482797,0.9966302758129195,0.21719196237106683,0.21719196237106683,1.497399305883107e-06,0.1553740116709561,0.1553740116709561,0.13537216768585802,1.0,1.0,1.0,0.0,0.0,0.0
ID_test,5863819323742ff19490b372,poschl_t,singular_interval,8,0.9462391726257994,0.9462391726257994,0.9870866891627234,0.21719196237106683,0.21719196237106683,1.497399305883107e-06,0.1373536325514964,0.1373536325514964,0.1549123366764338,1.0,1.0,1.0,0.0,0.0,0.0
ID_test,5863819323742ff19490b372,poschl_t,singular_interval,9,0.9473837942697413,0.9473837942697413,0.9925384382016617,0.21719196237106683,0.21719196237106683,1.497399305883107e-06,0.3543843018329262,0.3543843018329262,0.37280475346264497,1.0,1.0,1.0,0.0,0.0,0.0
ID_test,5863819323742ff19490b372,poschl_t,singular_interval,10,0.9432452799206059,0.9432452799206059,0.9804262847042574,0.21719196237106683,0.21719196237106683,1.497399305883107e-06,0.32733974379988023,0.32733974379988023,0.36891117408378654,1.0,1.0,1.0,0.0,0.0,0.0
ID_test,5963a65c0811e033d86a3b72,asymmetric_well,truncated_line,0,0.9925034224103975,0.9925034224103975,0.9999331651739548,0.11412081642279312,0.11412081642279312,1.2150572956670658e-06,0.07533618165993371,0.07533618165993371,0.029073340131051385,1.0,1.0,0.0,0.0,0.0,0.0
ID_test,5963a65c0811e033d86a3b72,asymmetric_well,truncated_line,1,0.9921717286125269,0.9921717286125269,0.9997159419599092,0.11412081642279312,0.11412081642279312,1.2150572956670658e-06,0.26764969178558845,0.26764969178558845,0.1654188287901753,1.0,1.0,0.0,0.0,0.0,0.0
ID_test,5963a65c0811e033d86a3b72,asymmetric_well,truncated_line,2,0.9855679140887573,0.9855679140887573,0.9993849962048792,0.11412081642279312,0.11412081642279312,1.2150572956670658e-06,0.32536840636655123,0.32536840636655123,0.22831037214985955,1.0,1.0,0.0,0.0,0.0,0.0
ID_test,5963a65c0811e033d86a3b72,asymmetric_well,truncated_line,3,0.9882799072641112,0.9882799072641112,0.9995442627998167,0.11412081642279312,0.11412081642279312,1.2150572956670658e-06,0.09968520396239605,0.09968520396239605,0.06550371161778554,1.0,1.0,0.0,0.0,0.0,0.0
ID_test,5963a65c0811e033d86a3b72,asymmetric_well,truncated_line,4,0.9874157304872925,0.9874157304872925,0.999637171219895,0.11412081642279312,0.11412081642279312,1.2150572956670658e-06,0.0662262450099,0.0662262450099,0.037013918942139346,1.0,1.0,1.0,0.0,0.0,0.0
ID_test,5963a65c0811e033d86a3b72,asymmetric_well,truncated_line,5,0.9893578981707216,0.9893578981707216,0.999551014210079,0.11412081642279312,0.11412081642279312,1.2150572956670658e-06,0.03776164629789918,0.03776164629789918,0.02855388930976164,1.0,1.0,1.0,0.0,0.0,0.0
ID_test,5963a65c0811e033d86a3b72,asymmetric_well,truncated_line,6,0.9896396398286003,0.9896396398286003,0.9984761662291443,0.11412081642279312,0.11412081642279312,1.2150572956670658e-06,0.04741978828669498,0.04741978828669498,0.038206862213170815,1.0,1.0,1.0,0.0,0.0,0.0
ID_test,5963a65c0811e033d86a3b72,asymmetric_well,truncated_line,7,0.9869342978066893,0.9869342978066893,0.9957805918160608,0.11412081642279312,0.11412081642279312,1.2150572956670658e-06,0.04232865904387994,0.04232865904387994,0.038826009519585127,1.0,1.0,1.0,0.0,0.0,0.0
ID_test,5963a65c0811e033d86a3b72,asymmetric_well,truncated_line,8,0.9815772106920864,0.9815772106920864,0.9957694015172398,0.11412081642279312,0.11412081642279312,1.2150572956670658e-06,0.05443632628422476,0.05443632628422476,0.03749658493839938,1.0,1.0,1.0,0.0,0.0,0.0
ID_test,5963a65c0811e033d86a3b72,asymmetric_well,truncated_line,9,0.9792096400417598,0.9792096400417598,0.985719722881191,0.11412081642279312,0.11412081642279312,1.2150572956670658e-06,0.05313764066059234,0.05313764066059234,0.0381100612861429,1.0,1.0,1.0,0.0,0.0,0.0
ID_test,5963a65c0811e033d86a3b72,asymmetric_well,truncated_line,10,0.9721240236308851,0.9721240236308851,0.9787093613642442,0.11412081642279312,0.11412081642279312,1.2150572956670658e-06,0.041332610800084296,0.041332610800084296,0.039222604247521616,1.0,1.0,1.0,0.0,0.0,0.0
ID_test,5b6de5d4a8d28e400018b175,smooth_perturbed,truncated_line,0,0.9911526133718853,0.9911526133718853,0.99998284129485,0.08156468103795146,0.08156468103795146,1.415650404124058e-06,0.09386449264408735,0.09386449264408735,0.05081690502542816,1.0,1.0,1.0,0.0,0.0,0.0
ID_test,5b6de5d4a8d28e400018b175,smooth_perturbed,truncated_line,1,0.9769745642415003,0.9769745642415003,0.9999680462466349,0.08156468103795146,0.08156468103795146,1.415650404124058e-06,0.07296449404025954,0.07296449404025954,0.02773118452277104,1.0,1.0,0.0,0.0,0.0,0.0
ID_test,5b6de5d4a8d28e400018b175,smooth_perturbed,truncated_line,2,0.9860289347986966,0.9860289347986966,0.9998328943231205,0.08156468103795146,0.08156468103795146,1.415650404124058e-06,0.060868898477210526,0.060868898477210526,0.03445685063385672,1.0,1.0,1.0,0.0,0.0,0.0
ID_test,5b6de5d4a8d28e400018b175,smooth_perturbed,truncated_line,3,0.9960417716181609,0.9960417716181609,0.9996918520632596,0.08156468103795146,0.08156468103795146,1.415650404124058e-06,0.04831367936187847,0.04831367936187847,0.033878031220367116,1.0,1.0,1.0,0.0,0.0,0.0
ID_test,5b6de5d4a8d28e400018b175,smooth_perturbed,truncated_line,4,0.9963998943346231,0.9963998943346231,0.9997241532500828,0.08156468103795146,0.08156468103795146,1.415650404124058e-06,0.03831512777688057,0.03831512777688057,0.02659560066980183,1.0,1.0,1.0,0.0,0.0,0.0
ID_test,5b6de5d4a8d28e400018b175,smooth_perturbed,truncated_line,5,0.995021650944803,0.995021650944803,0.997899241320425,0.08156468103795146,0.08156468103795146,1.415650404124058e-06,0.042903690987860045,0.042903690987860045,0.03587885310198348,1.0,1.0,1.0,0.0,0.0,0.0
ID_test,5b6de5d4a8d28e400018b175,smooth_perturbed,truncated_line,6,0.9967752078207197,0.9967752078207197,0.9984835530455505,0.08156468103795146,0.08156468103795146,1.415650404124058e-06,0.029856257101946043,0.029856257101946043,0.02791899279708998,1.0,1.0,1.0,0.0,0.0,0.0
ID_test,5b6de5d4a8d28e400018b175,smooth_perturbed,truncated_line,7,0.9961857843861032,0.9961857843861032,0.9977459800397089,0.08156468103795146,0.08156468103795146,1.415650404124058e-06,0.02964701437872776,0.02964701437872776,0.02880305077658352,1.0,1.0,1.0,0.0,0.0,0.0
ID_test,5b6de5d4a8d28e400018b175,smooth_perturbed,truncated_line,8,0.9963572562388741,0.9963572562388741,0.9993072587325843,0.08156468103795146,0.08156468103795146,1.415650404124058e-06,0.03385129753576118,0.03385129753576118,0.03185012361881408,1.0,1.0,1.0,0.0,0.0,0.0
ID_test,5b6de5d4a8d28e400018b175,smooth_perturbed,truncated_line,9,0.9942306647102304,0.9942306647102304,0.9987452821873183,0.08156468103795146,0.08156468103795146,1.415650404124058e-06,0.03569121809984708,0.03569121809984708,0.032381822794381385,1.0,1.0,1.0,0.0,0.0,0.0
ID_test,5b6de5d4a8d28e400018b175,smooth_perturbed,truncated_line,10,0.9926572385277141,0.9926572385277141,0.9946077550335782,0.08156468103795146,0.08156468103795146,1.415650404124058e-06,0.04622789066395951,0.04622789066395951,0.028235292197627875,1.0,1.0,1.0,0.0,0.0,0.0
ID_test,5bf29e296a9023e9185afad6,chebyshev_random,truncated_line,0,0.9889043214502026,0.9889043214502026,0.9999481321538144,0.37084487184594783,0.37084487184594783,1.6512007556812591e-06,0.4930441701240658,0.4930441701240658,0.41116488800706885,1.0,1.0,1.0,0.0,0.0,0.0
ID_test,5bf29e296a9023e9185afad6,chebyshev_random,truncated_line,1,0.7837943934899007,0.7837943934899007,0.9997559237398158,0.37084487184594783,0.37084487184594783,1.6512007556812591e-06,0.23914067053943627,0.23914067053943627,0.10252463517565391,1.0,1.0,1.0,0.0,0.0,0.0
ID_test,5bf29e296a9023e9185afad6,chebyshev_random,truncated_line,2,0.9131485466893476,0.9131485466893476,0.9997583362869331,0.37084487184594783,0.37084487184594783,1.6512007556812591e-06,0.10794357318786059,0.10794357318786059,0.06119339887311356,1.0,1.0,1.0,0.0,0.0,0.0
ID_test,5bf29e296a9023e9185afad6,chebyshev_random,truncated_line,3,0.9910999793887572,0.9910999793887572,0.9999037790104279,0.37084487184594783,0.37084487184594783,1.6512007556812591e-06,0.0532785546870186,0.0532785546870186,0.03635209323164698,1.0,1.0,1.0,0.0,0.0,0.0
ID_test,5bf29e296a9023e9185afad6,chebyshev_random,truncated_line,4,0.9965213426523805,0.9965213426523805,0.9997719131188574,0.37084487184594783,0.37084487184594783,1.6512007556812591e-06,0.043780958599628314,0.043780958599628314,0.03712574267305892,1.0,1.0,1.0,0.0,0.0,0.0
ID_test,5bf29e296a9023e9185afad6,chebyshev_random,truncated_line,5,0.995009791038914,0.995009791038914,0.9985913025218078,0.37084487184594783,0.37084487184594783,1.6512007556812591e-06,0.06083900117403216,0.06083900117403216,0.04810944719100717,1.0,1.0,1.0,0.0,0.0,0.0
ID_test,5bf29e296a9023e9185afad6,chebyshev_random,truncated_line,6,0.9966464182317946,0.9966464182317946,0.9984903212541739,0.37084487184594783,0.37084487184594783,1.6512007556812591e-06,0.049324820190190466,0.049324820190190466,0.042747996038800556,1.0,1.0,1.0,0.0,0.0,0.0
ID_test,5bf29e296a9023e9185afad6,chebyshev_random,truncated_line,7,0.9963357717981669,0.9963357717981669,0.9987291351250144,0.37084487184594783,0.37084487184594783,1.6512007556812591e-06,0.04071906896438242,0.04071906896438242,0.038964585248635844,1.0,1.0,1.0,0.0,0.0,0.0
ID_test,5bf29e296a9023e9185afad6,chebyshev_random,truncated_line,8,0.9932659429998165,0.9932659429998165,0.9983064388012971,0.37084487184594783,0.37084487184594783,1.6512007556812591e-06,0.0414978570736262,0.0414978570736262,0.03937654751934494,1.0,1.0,1.0,0.0,0.0,0.0
ID_test,5bf29e296a9023e9185afad6,chebyshev_random,truncated_line,9,0.9927984215630988,0.9927984215630988,0.9980405570782307,0.37084487184594783,0.37084487184594783,1.6512007556812591e-06,0.03926364174808653,0.03926364174808653,0.038059895957990364,1.0,1.0,1.0,0.0,0.0,0.0
ID_test,5bf29e296a9023e9185afad6,chebyshev_random,truncated_line,10,0.990996415674085,0.990996415674085,0.9951633548509873,0.37084487184594783,0.37084487184594783,1.6512007556812591e-06,0.04719754305431621,0.04719754305431621,0.033218839575524906,1.0,1.0,1.0,0.0,0.0,0.0
ID_test,5ccdcb824960bb83ef4b75cb,procedural_composite,truncated_line,0,0.9832140880606698,0.9832140880606698,0.9998579371688343,0.34432182060484706,0.34432182060484706,1.0174830683551406e-06,0.08914720890405164,0.08914720890405164,0.07578509622815295,1.0,1.0,1.0,0.0,0.0,0.0
ID_test,5ccdcb824960bb83ef4b75cb,procedural_composite,truncated_line,1,0.7846664714027756,0.7846664714027756,0.9998607950481988,0.34432182060484706,0.34432182060484706,1.0174830683551406e-06,0.3246292331976503,0.3246292331976503,0.17123136942445466,1.0,1.0,1.0,0.0,0.0,0.0
ID_test,5ccdcb824960bb83ef4b75cb,procedural_composite,truncated_line,2,0.9066140553081388,0.9066140553081388,0.9997185476544713,0.34432182060484706,0.34432182060484706,1.0174830683551406e-06,0.8216491099275218,0.8216491099275218,0.8155664293365091,1.0,1.0,1.0,0.0,0.0,0.0
ID_test,5ccdcb824960bb83ef4b75cb,procedural_composite,truncated_line,3,0.9909589396735096,0.9909589396735096,0.9998275694665625,0.34432182060484706,0.34432182060484706,1.0174830683551406e-06,0.17453227755232917,0.17453227755232917,0.13645038112404848,1.0,1.0,1.0,0.0,0.0,0.0
ID_test,5ccdcb824960bb83ef4b75cb,procedural_composite,truncated_line,4,0.9978397788880089,0.9978397788880089,0.9995826529678562,0.34432182060484706,0.34432182060484706,1.0174830683551406e-06,0.1127265347828932,0.1127265347828932,0.10353830616208062,1.0,1.0,1.0,0.0,0.0,0.0
ID_test,5ccdcb824960bb83ef4b75cb,procedural_composite,truncated_line,5,0.9955312520450111,0.9955312520450111,0.998571363482803,0.34432182060484706,0.34432182060484706,1.0174830683551406e-06,0.11946142027995937,0.11946142027995937,0.09649694439346967,1.0,1.0,1.0,0.0,0.0,0.0
ID_test,5ccdcb824960bb83ef4b75cb,procedural_composite,truncated_line,6,0.9962651369692815,0.9962651369692815,0.998417955468873,0.34432182060484706,0.34432182060484706,1.0174830683551406e-06,0.10338178652034265,0.10338178652034265,0.07513381008845253,1.0,1.0,1.0,0.0,0.0,0.0
ID_test,5ccdcb824960bb83ef4b75cb,procedural_composite,truncated_line,7,0.9925436042391549,0.9925436042391549,0.998499807727095,0.34432182060484706,0.34432182060484706,1.0174830683551406e-06,0.06820040627446189,0.06820040627446189,0.05913150126619094,1.0,1.0,1.0,0.0,0.0,0.0
ID_test,5ccdcb824960bb83ef4b75cb,procedural_composite,truncated_line,8,0.9915554182121258,0.9915554182121258,0.9981805958720157,0.34432182060484706,0.34432182060484706,1.0174830683551406e-06,0.055478482324804575,0.055478482324804575,0.051180982109565364,1.0,1.0,1.0,0.0,0.0,0.0
ID_test,5ccdcb824960bb83ef4b75cb,procedural_composite,truncated_line,9,0.9725107696088361,0.9725107696088361,0.9947799158197342,0.34432182060484706,0.34432182060484706,1.0174830683551406e-06,0.06804144390920365,0.06804144390920365,0.05107877490740212,1.0,1.0,1.0,0.0,0.0,0.0
ID_test,5ccdcb824960bb83ef4b75cb,procedural_composite,truncated_line,10,0.9859508225739169,0.9859508225739169,0.9978273566523718,0.34432182060484706,0.34432182060484706,1.0174830683551406e-06,0.04442218270004646,0.04442218270004646,0.041946608977183664,1.0,1.0,1.0,0.0,0.0,0.0
ID_test,5cf2596d274a2a1563784332,chebyshev_random,truncated_line,0,0.9959101768179071,0.9959101768179071,0.9999792082067054,0.1509213546538385,0.1509213546538385,1.9598547501553654e-06,0.058925643751321075,0.058925643751321075,0.03314387251083816,1.0,1.0,1.0,0.0,0.0,0.0
ID_test,5cf2596d274a2a1563784332,chebyshev_random,truncated_line,1,0.9576826401389975,0.9576826401389975,0.9999527290153615,0.1509213546538385,0.1509213546538385,1.9598547501553654e-06,0.253908498922252,0.253908498922252,0.09964670387989866,1.0,1.0,1.0,0.0,0.0,0.0
ID_test,5cf2596d274a2a1563784332,chebyshev_random,truncated_line,2,0.9679865427361833,0.9679865427361833,0.999816644447782,0.1509213546538385,0.1509213546538385,1.9598547501553654e-06,0.3580313826688512,0.3580313826688512,0.19222199564277076,1.0,1.0,0.0,0.0,0.0,0.0
ID_test,5cf2596d274a2a1563784332,chebyshev_random,truncated_line,3,0.9962225475027092,0.9962225475027092,0.9998082837248286,0.1509213546538385,0.1509213546538385,1.9598547501553654e-06,0.10155304898809034,0.10155304898809034,0.06598625336297709,1.0,1.0,1.0,0.0,0.0,0.0
ID_test,5cf2596d274a2a1563784332,chebyshev_random,truncated_line,4,0.9964445773862294,0.9964445773862294,0.9997407793749307,0.1509213546538385,0.1509213546538385,1.9598547501553654e-06,0.06626865537799746,0.06626865537799746,0.04847535701162854,1.0,1.0,1.0,0.0,0.0,0.0
ID_test,5cf2596d274a2a1563784332,chebyshev_random,truncated_line,5,0.9954742690062695,0.9954742690062695,0.9984388241626397,0.1509213546538385,0.1509213546538385,1.9598547501553654e-06,0.05892039591303003,0.05892039591303003,0.05668532659231677,1.0,1.0,1.0,0.0,0.0,0.0
ID_test,5cf2596d274a2a1563784332,chebyshev_random,truncated_line,6,0.9958085787081995,0.9958085787081995,0.9989801389386129,0.1509213546538385,0.1509213546538385,1.9598547501553654e-06,0.05657548984468952,0.05657548984468952,0.054828158218393055,1.0,1.0,1.0,0.0,0.0,0.0
ID_test,5cf2596d274a2a1563784332,chebyshev_random,truncated_line,7,0.9941277990897375,0.9941277990897375,0.9989054587966567,0.1509213546538385,0.1509213546538385,1.9598547501553654e-06,0.058102038898125104,0.058102038898125104,0.05631597096143324,1.0,1.0,1.0,0.0,0.0,0.0
ID_test,5cf2596d274a2a1563784332,chebyshev_random,truncated_line,8,0.992467494749362,0.992467494749362,0.9988351070611318,0.1509213546538385,0.1509213546538385,1.9598547501553654e-06,0.048884832773010256,0.048884832773010256,0.04499221223080224,1.0,1.0,1.0,0.0,0.0,0.0
ID_test,5cf2596d274a2a1563784332,chebyshev_random,truncated_line,9,0.993450821668779,0.993450821668779,0.9970502239904858,0.1509213546538385,0.1509213546538385,1.9598547501553654e-06,0.039238162701532284,0.039238162701532284,0.03711911057973127,1.0,1.0,1.0,0.0,0.0,0.0
ID_test,5cf2596d274a2a1563784332,chebyshev_random,truncated_line,10,0.9883778608220285,0.9883778608220285,0.9899679351499776,0.1509213546538385,0.1509213546538385,1.9598547501553654e-06,0.031244884406661882,0.031244884406661882,0.030332729585902652,1.0,1.0,1.0,0.0,0.0,0.0
ID_test,5f651a741fe361d3d807f0b5,single_barrier,truncated_line,0,0.9921774216624122,0.9921774216624122,0.9998027499217309,0.3147625721769957,0.3147625721769957,1.4741246346927639e-06,0.07754779088451962,0.07754779088451962,0.04862354441733299,1.0,1.0,0.0,0.0,0.0,0.0
ID_test,5f651a741fe361d3d807f0b5,single_barrier,truncated_line,1,0.824437744299819,0.824437744299819,0.9996640983662056,0.3147625721769957,0.3147625721769957,1.4741246346927639e-06,0.09018640123231215,0.09018640123231215,0.03515229089527919,1.0,1.0,0.0,0.0,0.0,0.0
ID_test,5f651a741fe361d3d807f0b5,single_barrier,truncated_line,2,0.9254252977571183,0.9254252977571183,0.9998005729742094,0.3147625721769957,0.3147625721769957,1.4741246346927639e-06,0.05856155325190086,0.05856155325190086,0.02408275921856133,1.0,1.0,1.0,0.0,0.0,0.0
ID_test,5f651a741fe361d3d807f0b5,single_barrier,truncated_line,3,0.9405417011648637,0.9405417011648637,0.999719929106358,0.3147625721769957,0.3147625721769957,1.4741246346927639e-06,0.03884016254737497,0.03884016254737497,0.01979758033007771,1.0,1.0,1.0,0.0,0.0,0.0
ID_test,5f651a741fe361d3d807f0b5,single_barrier,truncated_line,4,0.9832105564204072,0.9832105564204072,0.9997845213933932,0.3147625721769957,0.3147625721769957,1.4741246346927639e-06,0.02956963516540074,0.02956963516540074,0.018292184649487144,1.0,1.0,1.0,0.0,0.0,0.0
ID_test,5f651a741fe361d3d807f0b5,single_barrier,truncated_line,5,0.9851381402895578,0.9851381402895578,0.9982267508518514,0.3147625721769957,0.3147625721769957,1.4741246346927639e-06,0.03064475279270842,0.03064475279270842,0.0272654156230988,1.0,1.0,1.0,0.0,0.0,0.0
ID_test,5f651a741fe361d3d807f0b5,single_barrier,truncated_line,6,0.9944509647116911,0.9944509647116911,0.9983554005441883,0.3147625721769957,0.3147625721769957,1.4741246346927639e-06,0.030339355941283026,0.030339355941283026,0.027650172388498224,1.0,1.0,1.0,0.0,0.0,0.0
ID_test,5f651a741fe361d3d807f0b5,single_barrier,truncated_line,7,0.9948500505492825,0.9948500505492825,0.9980333184131956,0.3147625721769957,0.3147625721769957,1.4741246346927639e-06,0.03505641402200522,0.03505641402200522,0.02961186906102242,1.0,1.0,1.0,0.0,0.0,0.0
ID_test,5f651a741fe361d3d807f0b5,single_barrier,truncated_line,8,0.9921459111791412,0.9921459111791412,0.9988093964948762,0.3147625721769957,0.3147625721769957,1.4741246346927639e-06,0.031335023940963755,0.031335023940963755,0.029336891588286215,1.0,1.0,1.0,0.0,0.0,0.0
ID_test,5f651a741fe361d3d807f0b5,single_barrier,truncated_line,9,0.990819476824471,0.990819476824471,0.9974553230343337,0.3147625721769957,0.3147625721769957,1.4741246346927639e-06,0.036870904334688544,0.036870904334688544,0.02935337418309757,1.0,1.0,1.0,0.0,0.0,0.0
ID_test,5f651a741fe361d3d807f0b5,single_barrier,truncated_line,10,0.9840256965762483,0.9840256965762483,0.9885697601291877,0.3147625721769957,0.3147625721769957,1.4741246346927639e-06,0.02966211755216894,0.02966211755216894,0.027034370778783963,1.0,1.0,1.0,0.0,0.0,0.0
ID_test,5fd7f55322608f18def5dfb6,radial_coulomb,radial_reduced,0,0.07680606793374901,0.07680606793374901,0.14774963601353897,0.9223254116196447,0.9223254116196447,1.8352202959981412e-05,0.9995859904781397,0.9995859904781397,0.3649253843786661,1.0,1.0,0.0,0.0,0.0,0.0
ID_test,5fd7f55322608f18def5dfb6,radial_coulomb,radial_reduced,1,0.5037065444344423,0.5037065444344423,0.03971942617991555,0.9223254116196447,0.9223254116196447,1.8352202959981412e-05,0.9997058982778745,0.9997058982778745,0.34470052110325533,0.0,0.0,0.0,0.0,0.0,0.0
ID_test,5fd7f55322608f18def5dfb6,radial_coulomb,radial_reduced,2,6.342882902270193e-05,6.342882902270193e-05,0.0036609956798805496,0.9223254116196447,0.9223254116196447,1.8352202959981412e-05,0.9997516725677795,0.9997516725677795,0.332951679948738,0.0,0.0,0.0,0.0,0.0,0.0
ID_test,5fd7f55322608f18def5dfb6,radial_coulomb,radial_reduced,3,0.058442521773361025,0.058442521773361025,0.00012523957381945826,0.9223254116196447,0.9223254116196447,1.8352202959981412e-05,0.9998361194347599,0.9998361194347599,0.3489341733290887,0.0,0.0,0.0,0.0,0.0,0.0
ID_test,5fd7f55322608f18def5dfb6,radial_coulomb,radial_reduced,4,0.00019888542979147378,0.00019888542979147378,0.004591959781239801,0.9223254116196447,0.9223254116196447,1.8352202959981412e-05,0.999866476328043,0.999866476328043,0.3788450287436602,0.0,0.0,0.0,0.0,0.0,0.0
ID_test,5fd7f55322608f18def5dfb6,radial_coulomb,radial_reduced,5,0.20141716217126263,0.20141716217126263,0.00297061921574785,0.9223254116196447,0.9223254116196447,1.8352202959981412e-05,0.9998835506806134,0.9998835506806134,0.3873596046468185,1.0,1.0,0.0,0.0,0.0,0.0
ID_test,5fd7f55322608f18def5dfb6,radial_coulomb,radial_reduced,6,0.16742435784265058,0.16742435784265058,0.0064140459121838815,0.9223254116196447,0.9223254116196447,1.8352202959981412e-05,0.9999021657248892,0.9999021657248892,0.4079675130867581,1.0,1.0,0.0,0.0,0.0,0.0
ID_test,5fd7f55322608f18def5dfb6,radial_coulomb,radial_reduced,7,0.18426128988393597,0.18426128988393597,0.0021976404164631693,0.9223254116196447,0.9223254116196447,1.8352202959981412e-05,0.999912869767635,0.999912869767635,0.5041297331184267,1.0,1.0,0.0,0.0,0.0,0.0
ID_test,5fd7f55322608f18def5dfb6,radial_coulomb,radial_reduced,8,0.22352995184309524,0.22352995184309524,0.022424681443393286,0.9223254116196447,0.9223254116196447,1.8352202959981412e-05,0.9999100283981982,0.9999100283981982,0.5995281772215071,1.0,1.0,0.0,0.0,0.0,0.0
ID_test,5fd7f55322608f18def5dfb6,radial_coulomb,radial_reduced,9,0.09277768927628988,0.09277768927628988,0.2472435467171035,0.9223254116196447,0.9223254116196447,1.8352202959981412e-05,0.9999286068270339,0.9999286068270339,0.6465761158531292,1.0,1.0,0.0,0.0,0.0,0.0
ID_test,5fd7f55322608f18def5dfb6,radial_coulomb,radial_reduced,10,0.04090068332733548,0.04090068332733548,0.06889273665241498,0.9223254116196447,0.9223254116196447,1.8352202959981412e-05,0.9999127073748084,0.9999127073748084,0.9798216057970013,1.0,1.0,0.0,0.0,0.0,0.0
ID_test,615f71a372aa1c7bf3da2f8b,gaussian_well,truncated_line,0,0.9959112686116968,0.9959112686116968,0.9999734979498656,0.13092264645511592,0.13092264645511592,2.05733574976108e-06,0.007427438890797631,0.007427438890797631,0.002723351095138338,1.0,1.0,1.0,0.0,0.0,0.0
ID_test,615f71a372aa1c7bf3da2f8b,gaussian_well,truncated_line,1,0.9956364053946976,0.9956364053946976,0.9999060579184692,0.13092264645511592,0.13092264645511592,2.05733574976108e-06,0.010966899499493666,0.010966899499493666,0.005105258194807499,1.0,1.0,0.0,0.0,0.0,0.0
ID_test,615f71a372aa1c7bf3da2f8b,gaussian_well,truncated_line,2,0.991506542204705,0.991506542204705,0.9998635196078668,0.13092264645511592,0.13092264645511592,2.05733574976108e-06,0.015761234585234655,0.015761234585234655,0.005994217408138693,1.0,1.0,0.0,0.0,0.0,0.0
ID_test,615f71a372aa1c7bf3da2f8b,gaussian_well,truncated_line,3,0.9954519084289273,0.9954519084289273,0.9994165420738379,0.13092264645511592,0.13092264645511592,2.05733574976108e-06,0.01802963952927698,0.01802963952927698,0.013392754075383288,1.0,1.0,1.0,0.0,0.0,0.0
ID_test,615f71a372aa1c7bf3da2f8b,gaussian_well,truncated_line,4,0.9946519635279547,0.9946519635279547,0.9995573732958571,0.13092264645511592,0.13092264645511592,2.05733574976108e-06,0.01879969613048206,0.01879969613048206,0.012964182097755208,1.0,1.0,1.0,0.0,0.0,0.0
ID_test,615f71a372aa1c7bf3da2f8b,gaussian_well,truncated_line,5,0.9955257533919686,0.9955257533919686,0.9988778841277571,0.13092264645511592,0.13092264645511592,2.05733574976108e-06,0.033740622914887324,0.033740622914887324,0.01912952239473885,1.0,1.0,1.0,0.0,0.0,0.0
ID_test,615f71a372aa1c7bf3da2f8b,gaussian_well,truncated_line,6,0.995788674714077,0.995788674714077,0.999200310846443,0.13092264645511592,0.13092264645511592,2.05733574976108e-06,0.026223178999090956,0.026223178999090956,0.02126405232546671,1.0,1.0,1.0,0.0,0.0,0.0
ID_test,615f71a372aa1c7bf3da2f8b,gaussian_well,truncated_line,7,0.9930733045621412,0.9930733045621412,0.9951055465196529,0.13092264645511592,0.13092264645511592,2.05733574976108e-06,0.0374406887984273,0.0374406887984273,0.03386592296076213,1.0,1.0,1.0,0.0,0.0,0.0
ID_test,615f71a372aa1c7bf3da2f8b,gaussian_well,truncated_line,8,0.9923059329157484,0.9923059329157484,0.9983218336776168,0.13092264645511592,0.13092264645511592,2.05733574976108e-06,0.057425645181883575,0.057425645181883575,0.0548405274593642,1.0,1.0,1.0,0.0,0.0,0.0
ID_test,615f71a372aa1c7bf3da2f8b,gaussian_well,truncated_line,9,0.9878879406718838,0.9878879406718838,0.9923851782919101,0.13092264645511592,0.13092264645511592,2.05733574976108e-06,0.09050932185984825,0.09050932185984825,0.08255058505505575,1.0,1.0,1.0,0.0,0.0,0.0
ID_test,615f71a372aa1c7bf3da2f8b,gaussian_well,truncated_line,10,0.9804157009741633,0.9804157009741633,0.9866545193534387,0.13092264645511592,0.13092264645511592,2.05733574976108e-06,0.1619627604570654,0.1619627604570654,0.11926174842254778,1.0,1.0,1.0,0.0,0.0,0.0
ID_test,6195828856eb7741b0791c11,fourier_random,truncated_line,0,0.9916916760497411,0.9916916760497411,0.9983863137231622,0.2037987703701925,0.2037987703701925,1.6698663199976593e-06,0.48180292680296527,0.48180292680296527,0.48721859335903006,1.0,1.0,0.0,0.0,0.0,0.0
ID_test,6195828856eb7741b0791c11,fourier_random,truncated_line,1,0.9856829768311705,0.9856829768311705,0.997305130725228,0.2037987703701925,0.2037987703701925,1.6698663199976593e-06,0.12631888846375322,0.12631888846375322,0.11993148594443874,1.0,1.0,0.0,0.0,0.0,0.0
ID_test,6195828856eb7741b0791c11,fourier_random,truncated_line,2,0.5153533835294076,0.5153533835294076,0.9983337314459819,0.2037987703701925,0.2037987703701925,1.6698663199976593e-06,0.16527191632630925,0.16527191632630925,0.08017576000587445,1.0,1.0,0.0,0.0,0.0,0.0
ID_test,6195828856eb7741b0791c11,fourier_random,truncated_line,3,0.22932072505658796,0.22932072505658796,0.9986251587575723,0.2037987703701925,0.2037987703701925,1.6698663199976593e-06,0.12745462507474806,0.12745462507474806,0.04592943767793198,1.0,1.0,0.0,0.0,0.0,0.0
ID_test,6195828856eb7741b0791c11,fourier_random,truncated_line,4,0.3667434930808602,0.3667434930808602,0.9971497143977212,0.2037987703701925,0.2037987703701925,1.6698663199976593e-06,0.08576306524859824,0.08576306524859824,0.0627926738415435,1.0,1.0,1.0,0.0,0.0,0.0
ID_test,6195828856eb7741b0791c11,fourier_random,truncated_line,5,0.7473693951313914,0.7473693951313914,0.9979678477400042,0.2037987703701925,0.2037987703701925,1.6698663199976593e-06,0.06776387765482403,0.06776387765482403,0.04565099126469369,1.0,1.0,1.0,0.0,0.0,0.0
ID_test,6195828856eb7741b0791c11,fourier_random,truncated_line,6,0.9102726333882949,0.9102726333882949,0.9977474702427865,0.2037987703701925,0.2037987703701925,1.6698663199976593e-06,0.059953688011228405,0.059953688011228405,0.03941559618308333,1.0,1.0,1.0,0.0,0.0,0.0
ID_test,6195828856eb7741b0791c11,fourier_random,truncated_line,7,0.9246534088883552,0.9246534088883552,0.9963086460595164,0.2037987703701925,0.2037987703701925,1.6698663199976593e-06,0.05024254415725155,0.05024254415725155,0.039570519802331,1.0,1.0,1.0,0.0,0.0,0.0
ID_test,6195828856eb7741b0791c11,fourier_random,truncated_line,8,0.9381677709608589,0.9381677709608589,0.9969406498614355,0.2037987703701925,0.2037987703701925,1.6698663199976593e-06,0.045730000381724055,0.045730000381724055,0.03758812231343715,1.0,1.0,1.0,0.0,0.0,0.0
ID_test,6195828856eb7741b0791c11,fourier_random,truncated_line,9,0.967710381754697,0.967710381754697,0.9974801124686645,0.2037987703701925,0.2037987703701925,1.6698663199976593e-06,0.041064427665904284,0.041064427665904284,0.032435041376059424,1.0,1.0,1.0,0.0,0.0,0.0
ID_test,6195828856eb7741b0791c11,fourier_random,truncated_line,10,0.9675084181793725,0.9675084181793725,0.9845938153470987,0.2037987703701925,0.2037987703701925,1.6698663199976593e-06,0.04403227921897278,0.04403227921897278,0.03258758451671313,1.0,1.0,1.0,0.0,0.0,0.0
ID_test,6245bccdbf00799ca89a1193,localized_defect,truncated_line,0,0.9908572823810309,0.9908572823810309,0.9979282263893802,0.11033068357179376,0.11033068357179376,1.4471146514427602e-06,0.4947778818355836,0.4947778818355836,0.4828897903826139,1.0,1.0,0.0,0.0,0.0,0.0
ID_test,6245bccdbf00799ca89a1193,localized_defect,truncated_line,1,0.9800865312426228,0.9800865312426228,0.9983735976597955,0.11033068357179376,0.11033068357179376,1.4471146514427602e-06,0.21081247141887346,0.21081247141887346,0.20037644797303764,1.0,1.0,0.0,0.0,0.0,0.0
ID_test,6245bccdbf00799ca89a1193,localized_defect,truncated_line,2,0.9098262135085741,0.9098262135085741,0.9981226576040887,0.11033068357179376,0.11033068357179376,1.4471146514427602e-06,0.1755874368051546,0.1755874368051546,0.150270500821701,1.0,1.0,0.0,0.0,0.0,0.0
ID_test,6245bccdbf00799ca89a1193,localized_defect,truncated_line,3,0.3320273048348677,0.3320273048348677,0.9827145825323715,0.11033068357179376,0.11033068357179376,1.4471146514427602e-06,0.19252145263107898,0.19252145263107898,0.12777811118101273,1.0,1.0,0.0,0.0,0.0,0.0
ID_test,6245bccdbf00799ca89a1193,localized_defect,truncated_line,4,0.5049010434618152,0.5049010434618152,0.9866317732265185,0.11033068357179376,0.11033068357179376,1.4471146514427602e-06,0.11956802785054889,0.11956802785054889,0.11612894685875924,1.0,1.0,0.0,0.0,0.0,0.0
ID_test,6245bccdbf00799ca89a1193,localized_defect,truncated_line,5,0.788353243719549,0.788353243719549,0.9967379533310953,0.11033068357179376,0.11033068357179376,1.4471146514427602e-06,0.07700281597107056,0.07700281597107056,0.049316772167115344,1.0,1.0,0.0,0.0,0.0,0.0
ID_test,6245bccdbf00799ca89a1193,localized_defect,truncated_line,6,0.7097609267650345,0.7097609267650345,0.9960304475867288,0.11033068357179376,0.11033068357179376,1.4471146514427602e-06,0.06634871567881649,0.06634871567881649,0.03458374083778111,1.0,1.0,1.0,0.0,0.0,0.0
ID_test,6245bccdbf00799ca89a1193,localized_defect,truncated_line,7,0.8371298329123513,0.8371298329123513,0.9911295123223334,0.11033068357179376,0.11033068357179376,1.4471146514427602e-06,0.05022600259863902,0.05022600259863902,0.03672939177487366,1.0,1.0,1.0,0.0,0.0,0.0
ID_test,6245bccdbf00799ca89a1193,localized_defect,truncated_line,8,0.9006184494705063,0.9006184494705063,0.9937077529293428,0.11033068357179376,0.11033068357179376,1.4471146514427602e-06,0.05024429876497472,0.05024429876497472,0.03447223569804269,1.0,1.0,1.0,0.0,0.0,0.0
ID_test,6245bccdbf00799ca89a1193,localized_defect,truncated_line,9,0.9884371006608295,0.9884371006608295,0.9980331669248877,0.11033068357179376,0.11033068357179376,1.4471146514427602e-06,0.05164020472309274,0.05164020472309274,0.030158930465628838,1.0,1.0,1.0,0.0,0.0,0.0
ID_test,6245bccdbf00799ca89a1193,localized_defect,truncated_line,10,0.9601462994569042,0.9601462994569042,0.9799569163519797,0.11033068357179376,0.11033068357179376,1.4471146514427602e-06,0.039596797033926705,0.039596797033926705,0.030849565474526094,1.0,1.0,1.0,0.0,0.0,0.0
ID_test,63aacab87be6d3082e287154,half_harmonic,half_line,0,0.9652933796183093,0.9652933796183093,0.999704634650695,0.628842457417311,0.628842457417311,2.5382401663720522e-05,0.3353074933099488,0.3353074933099488,0.2825320683514631,1.0,1.0,0.0,0.0,0.0,0.0
ID_test,63aacab87be6d3082e287154,half_harmonic,half_line,1,0.9850270221264794,0.9850270221264794,0.9996014957195275,0.628842457417311,0.628842457417311,2.5382401663720522e-05,0.11627971612942883,0.11627971612942883,0.0850601158344797,1.0,1.0,0.0,0.0,0.0,0.0
ID_test,63aacab87be6d3082e287154,half_harmonic,half_line,2,0.970183194031114,0.970183194031114,0.9996080639213341,0.628842457417311,0.628842457417311,2.5382401663720522e-05,0.07470311584896844,0.07470311584896844,0.04111514018026033,1.0,1.0,0.0,0.0,0.0,0.0
ID_test,63aacab87be6d3082e287154,half_harmonic,half_line,3,0.18591933224629537,0.18591933224629537,0.9970598378107502,0.628842457417311,0.628842457417311,2.5382401663720522e-05,0.2530163654396585,0.2530163654396585,0.12151567950581242,1.0,1.0,0.0,0.0,0.0,0.0
ID_test,63aacab87be6d3082e287154,half_harmonic,half_line,4,0.2549814589272779,0.2549814589272779,0.9785084547166091,0.628842457417311,0.628842457417311,2.5382401663720522e-05,0.21223348341538273,0.21223348341538273,0.0919218242144398,1.0,1.0,0.0,0.0,0.0,0.0
ID_test,63aacab87be6d3082e287154,half_harmonic,half_line,5,0.2293635808265746,0.2293635808265746,0.8370778505216906,0.628842457417311,0.628842457417311,2.5382401663720522e-05,0.19756517175180321,0.19756517175180321,0.1665880913511257,1.0,1.0,0.0,0.0,0.0,0.0
ID_test,63aacab87be6d3082e287154,half_harmonic,half_line,6,0.2605576346020649,0.2605576346020649,0.5872629714000162,0.628842457417311,0.628842457417311,2.5382401663720522e-05,0.1809966724356723,0.1809966724356723,0.0998348120083613,1.0,1.0,1.0,0.0,0.0,0.0
ID_test,63aacab87be6d3082e287154,half_harmonic,half_line,7,0.2398996416787683,0.2398996416787683,0.5849947275948421,0.628842457417311,0.628842457417311,2.5382401663720522e-05,0.15846660925014439,0.15846660925014439,0.15859398918683096,1.0,1.0,0.0,0.0,0.0,0.0
ID_test,63aacab87be6d3082e287154,half_harmonic,half_line,8,0.9298317825897446,0.9298317825897446,0.996777973770076,0.628842457417311,0.628842457417311,2.5382401663720522e-05,0.029301127912332282,0.029301127912332282,0.027042124518921077,1.0,1.0,1.0,0.0,0.0,0.0
ID_test,63aacab87be6d3082e287154,half_harmonic,half_line,9,0.9181219772713136,0.9181219772713136,0.9583357949629355,0.628842457417311,0.628842457417311,2.5382401663720522e-05,0.02995105659902677,0.02995105659902677,0.041635117947409234,1.0,1.0,1.0,0.0,0.0,0.0
ID_test,63aacab87be6d3082e287154,half_harmonic,half_line,10,0.9416818325493375,0.9416818325493375,0.9787742249062713,0.628842457417311,0.628842457417311,2.5382401663720522e-05,0.030337699383858194,0.030337699383858194,0.02655423620464716,1.0,1.0,1.0,0.0,0.0,0.0
ID_test,6826d82437b4e504b3b2803e,double_well,truncated_line,0,0.8982870198334292,0.8982870198334292,0.9998165160736797,0.18218722907032875,0.18218722907032875,1.55943894264432e-06,0.3923211062583041,0.3923211062583041,0.33231339497066803,1.0,1.0,0.0,0.0,0.0,0.0
ID_test,6826d82437b4e504b3b2803e,double_well,truncated_line,1,0.7543042425623232,0.7543042425623232,0.9997933245752445,0.18218722907032875,0.18218722907032875,1.55943894264432e-06,0.2594985000645114,0.2594985000645114,0.18778441793148798,1.0,1.0,1.0,0.0,0.0,0.0
ID_test,6826d82437b4e504b3b2803e,double_well,truncated_line,2,0.9836666931883042,0.9836666931883042,0.9997266485590679,0.18218722907032875,0.18218722907032875,1.55943894264432e-06,0.13603434583883658,0.13603434583883658,0.09695937755297185,1.0,1.0,1.0,0.0,0.0,0.0
ID_test,6826d82437b4e504b3b2803e,double_well,truncated_line,3,0.9973113232349134,0.9973113232349134,0.9995540216959474,0.18218722907032875,0.18218722907032875,1.55943894264432e-06,0.07412304220595778,0.07412304220595778,0.06632062710118429,1.0,1.0,1.0,0.0,0.0,0.0
ID_test,6826d82437b4e504b3b2803e,double_well,truncated_line,4,0.9976811120428202,0.9976811120428202,0.9994613390128064,0.18218722907032875,0.18218722907032875,1.55943894264432e-06,0.06582838943831094,0.06582838943831094,0.05781441330584902,1.0,1.0,1.0,0.0,0.0,0.0
ID_test,6826d82437b4e504b3b2803e,double_well,truncated_line,5,0.9973528730329515,0.9973528730329515,0.9993382028824163,0.18218722907032875,0.18218722907032875,1.55943894264432e-06,0.07047328052297466,0.07047328052297466,0.05771041065089354,1.0,1.0,1.0,0.0,0.0,0.0
ID_test,6826d82437b4e504b3b2803e,double_well,truncated_line,6,0.9946973437441504,0.9946973437441504,0.9994210042751253,0.18218722907032875,0.18218722907032875,1.55943894264432e-06,0.07119799324621581,0.07119799324621581,0.0548443472554863,1.0,1.0,1.0,0.0,0.0,0.0
ID_test,6826d82437b4e504b3b2803e,double_well,truncated_line,7,0.9967361889557282,0.9967361889557282,0.9996051222024936,0.18218722907032875,0.18218722907032875,1.55943894264432e-06,0.062168747579761666,0.062168747579761666,0.05523633059683988,1.0,1.0,1.0,0.0,0.0,0.0
ID_test,6826d82437b4e504b3b2803e,double_well,truncated_line,8,0.9946637804438592,0.9946637804438592,0.9990032177707756,0.18218722907032875,0.18218722907032875,1.55943894264432e-06,0.051549289984484416,0.051549289984484416,0.04700102550894438,1.0,1.0,1.0,0.0,0.0,0.0
ID_test,6826d82437b4e504b3b2803e,double_well,truncated_line,9,0.9892004778900825,0.9892004778900825,0.9929560064569362,0.18218722907032875,0.18218722907032875,1.55943894264432e-06,0.049654134102123354,0.049654134102123354,0.043022908440049114,1.0,1.0,1.0,0.0,0.0,0.0
ID_test,6826d82437b4e504b3b2803e,double_well,truncated_line,10,0.9942674968162608,0.9942674968162608,0.9968603090955002,0.18218722907032875,0.18218722907032875,1.55943894264432e-06,0.03666744926035006,0.03666744926035006,0.03417855911130212,1.0,1.0,1.0,0.0,0.0,0.0
ID_test,68c4a4fb2e38a0e46f14eeb9,poschl_t,singular_interval,0,0.9905060799461959,0.9905060799461959,0.9993837650713535,0.19795491161310136,0.19795491161310136,1.3924727469971643e-06,0.42806655298191826,0.42806655298191826,0.35688163818024354,1.0,1.0,0.0,0.0,0.0,0.0
ID_test,68c4a4fb2e38a0e46f14eeb9,poschl_t,singular_interval,1,0.977273943460176,0.977273943460176,0.9972670363992815,0.19795491161310136,0.19795491161310136,1.3924727469971643e-06,0.42101080581100647,0.42101080581100647,0.4055875745754328,1.0,1.0,1.0,0.0,0.0,0.0
ID_test,68c4a4fb2e38a0e46f14eeb9,poschl_t,singular_interval,2,0.9254101604670802,0.9254101604670802,0.9973891219696,0.19795491161310136,0.19795491161310136,1.3924727469971643e-06,0.27406148555564114,0.27406148555564114,0.24054759789647487,1.0,1.0,1.0,0.0,0.0,0.0
ID_test,68c4a4fb2e38a0e46f14eeb9,poschl_t,singular_interval,3,0.9376677303921253,0.9376677303921253,0.9976882309584625,0.19795491161310136,0.19795491161310136,1.3924727469971643e-06,0.18112547913994229,0.18112547913994229,0.16024306546976164,1.0,1.0,1.0,0.0,0.0,0.0
ID_test,68c4a4fb2e38a0e46f14eeb9,poschl_t,singular_interval,4,0.9563271879663287,0.9563271879663287,0.9955743493240142,0.19795491161310136,0.19795491161310136,1.3924727469971643e-06,0.1510151672734063,0.1510151672734063,0.1460313573873129,1.0,1.0,1.0,0.0,0.0,0.0
ID_test,68c4a4fb2e38a0e46f14eeb9,poschl_t,singular_interval,5,0.9776585733067537,0.9776585733067537,0.9957460971301699,0.19795491161310136,0.19795491161310136,1.3924727469971643e-06,0.12224750204014483,0.12224750204014483,0.12334655002631452,1.0,1.0,1.0,0.0,0.0,0.0
ID_test,68c4a4fb2e38a0e46f14eeb9,poschl_t,singular_interval,6,0.9448229028843986,0.9448229028843986,0.9934996497995748,0.19795491161310136,0.19795491161310136,1.3924727469971643e-06,0.11891293260459282,0.11891293260459282,0.12151309417247731,1.0,1.0,1.0,0.0,0.0,0.0
ID_test,68c4a4fb2e38a0e46f14eeb9,poschl_t,singular_interval,7,0.9590144316298572,0.9590144316298572,0.9920952871637969,0.19795491161310136,0.19795491161310136,1.3924727469971643e-06,0.14366372995165344,0.14366372995165344,0.15502887065504076,1.0,1.0,1.0,0.0,0.0,0.0
ID_test,68c4a4fb2e38a0e46f14eeb9,poschl_t,singular_interval,8,0.914649336505824,0.914649336505824,0.974709895472291,0.19795491161310136,0.19795491161310136,1.3924727469971643e-06,0.13238464326418073,0.13238464326418073,0.15458759963265262,1.0,1.0,1.0,0.0,0.0,0.0
ID_test,68c4a4fb2e38a0e46f14eeb9,poschl_t,singular_interval,9,0.9473390201599975,0.9473390201599975,0.9760121714306138,0.19795491161310136,0.19795491161310136,1.3924727469971643e-06,0.29351615997859076,0.29351615997859076,0.2891492553644396,1.0,1.0,1.0,0.0,0.0,0.0
ID_test,68c4a4fb2e38a0e46f14eeb9,poschl_t,singular_interval,10,0.9277096527197457,0.9277096527197457,0.9455240055138485,0.19795491161310136,0.19795491161310136,1.3924727469971643e-06,0.26552380240806983,0.26552380240806983,0.29114199655097256,1.0,1.0,1.0,0.0,0.0,0.0
ID_test,6ad82fde733ce9ebca2e73d9,gaussian_random_field,truncated_line,0,0.9744349186990336,0.9744349186990336,0.9998740407153739,0.10558714851111276,0.10558714851111276,1.455501917213553e-06,0.03859612947351906,0.03859612947351906,0.029460121817642446,1.0,1.0,0.0,0.0,0.0,0.0
ID_test,6ad82fde733ce9ebca2e73d9,gaussian_random_field,truncated_line,1,0.942827108045764,0.942827108045764,0.999866858212094,0.10558714851111276,0.10558714851111276,1.455501917213553e-06,0.07315362033336442,0.07315362033336442,0.03804342699369287,1.0,1.0,0.0,0.0,0.0,0.0
ID_test,6ad82fde733ce9ebca2e73d9,gaussian_random_field,truncated_line,2,0.9835553015407277,0.9835553015407277,0.9996757031512516,0.10558714851111276,0.10558714851111276,1.455501917213553e-06,0.13929544870971766,0.13929544870971766,0.0915895593892782,1.0,1.0,0.0,0.0,0.0,0.0
ID_test,6ad82fde733ce9ebca2e73d9,gaussian_random_field,truncated_line,3,0.9864808450749257,0.9864808450749257,0.9993041745993848,0.10558714851111276,0.10558714851111276,1.455501917213553e-06,0.5084130614535819,0.5084130614535819,0.4345250823822524,1.0,1.0,1.0,0.0,0.0,0.0
ID_test,6ad82fde733ce9ebca2e73d9,gaussian_random_field,truncated_line,4,0.9936458888421393,0.9936458888421393,0.9992517831755535,0.10558714851111276,0.10558714851111276,1.455501917213553e-06,0.19273018804973188,0.19273018804973188,0.13607727325324523,1.0,1.0,1.0,0.0,0.0,0.0
ID_test,6ad82fde733ce9ebca2e73d9,gaussian_random_field,truncated_line,5,0.9940186287633703,0.9940186287633703,0.9978008653980429,0.10558714851111276,0.10558714851111276,1.455501917213553e-06,0.09563619302318804,0.09563619302318804,0.07837952142326353,1.0,1.0,1.0,0.0,0.0,0.0
ID_test,6ad82fde733ce9ebca2e73d9,gaussian_random_field,truncated_line,6,0.9947304915284476,0.9947304915284476,0.9987032262878341,0.10558714851111276,0.10558714851111276,1.455501917213553e-06,0.06965946823030274,0.06965946823030274,0.04929150510736788,1.0,1.0,1.0,0.0,0.0,0.0
ID_test,6ad82fde733ce9ebca2e73d9,gaussian_random_field,truncated_line,7,0.9862829023023078,0.9862829023023078,0.9954253816818148,0.10558714851111276,0.10558714851111276,1.455501917213553e-06,0.055902810604165756,0.055902810604165756,0.054024195467456425,1.0,1.0,1.0,0.0,0.0,0.0
ID_test,6ad82fde733ce9ebca2e73d9,gaussian_random_field,truncated_line,8,0.9809168497331086,0.9809168497331086,0.9984689439138866,0.10558714851111276,0.10558714851111276,1.455501917213553e-06,0.06206968464141737,0.06206968464141737,0.05468614084499631,1.0,1.0,1.0,0.0,0.0,0.0
ID_test,6ad82fde733ce9ebca2e73d9,gaussian_random_field,truncated_line,9,0.983785393461418,0.983785393461418,0.991179822751523,0.10558714851111276,0.10558714851111276,1.455501917213553e-06,0.05496095322007121,0.05496095322007121,0.049489940598800936,1.0,1.0,1.0,0.0,0.0,0.0
ID_test,6ad82fde733ce9ebca2e73d9,gaussian_random_field,truncated_line,10,0.9850117992518365,0.9850117992518365,0.9894182706885313,0.10558714851111276,0.10558714851111276,1.455501917213553e-06,0.04080315962287572,0.04080315962287572,0.04205822643019043,1.0,1.0,1.0,0.0,0.0,0.0
ID_test,6fad52c79ac7b1a186abc553,harmonic_compact,truncated_line,0,0.9737654446141526,0.9737654446141526,0.9951836134974382,0.14962988554673912,0.14962988554673912,1.7922547944637657e-06,0.5522539513330096,0.5522539513330096,0.5132214141371509,1.0,1.0,0.0,0.0,0.0,0.0
ID_test,6fad52c79ac7b1a186abc553,harmonic_compact,truncated_line,1,0.8127082525610915,0.8127082525610915,0.9666884012066421,0.14962988554673912,0.14962988554673912,1.7922547944637657e-06,0.23337955444578334,0.23337955444578334,0.19168455181106017,1.0,1.0,0.0,0.0,0.0,0.0
ID_test,6fad52c79ac7b1a186abc553,harmonic_compact,truncated_line,2,0.4708927878119442,0.4708927878119442,0.9668945007620616,0.14962988554673912,0.14962988554673912,1.7922547944637657e-06,0.17775868058992486,0.17775868058992486,0.17880666655287714,1.0,1.0,0.0,0.0,0.0,0.0
ID_test,6fad52c79ac7b1a186abc553,harmonic_compact,truncated_line,3,0.6720209356950907,0.6720209356950907,0.9991228976903668,0.14962988554673912,0.14962988554673912,1.7922547944637657e-06,0.11641426457378491,0.11641426457378491,0.05904746295614565,1.0,1.0,1.0,0.0,0.0,0.0
ID_test,6fad52c79ac7b1a186abc553,harmonic_compact,truncated_line,4,0.6066283672386505,0.6066283672386505,0.9979863038216749,0.14962988554673912,0.14962988554673912,1.7922547944637657e-06,0.106468187649937,0.106468187649937,0.06725751470344023,1.0,1.0,1.0,0.0,0.0,0.0
ID_test,6fad52c79ac7b1a186abc553,harmonic_compact,truncated_line,5,0.7464834600659659,0.7464834600659659,0.9979389626738673,0.14962988554673912,0.14962988554673912,1.7922547944637657e-06,0.06367941621414923,0.06367941621414923,0.04567560589291551,1.0,1.0,0.0,0.0,0.0,0.0
ID_test,6fad52c79ac7b1a186abc553,harmonic_compact,truncated_line,6,0.8290214518398068,0.8290214518398068,0.9944699592066085,0.14962988554673912,0.14962988554673912,1.7922547944637657e-06,0.07153530856759313,0.07153530856759313,0.04588544798292089,1.0,1.0,1.0,0.0,0.0,0.0
ID_test,6fad52c79ac7b1a186abc553,harmonic_compact,truncated_line,7,0.9541663631784174,0.9541663631784174,0.994706724412821,0.14962988554673912,0.14962988554673912,1.7922547944637657e-06,0.03693493466103645,0.03693493466103645,0.03340427640144679,1.0,1.0,1.0,0.0,0.0,0.0
ID_test,6fad52c79ac7b1a186abc553,harmonic_compact,truncated_line,8,0.9450304706326903,0.9450304706326903,0.9960834022255975,0.14962988554673912,0.14962988554673912,1.7922547944637657e-06,0.04553720281731797,0.04553720281731797,0.03596535332715893,1.0,1.0,1.0,0.0,0.0,0.0
ID_test,6fad52c79ac7b1a186abc553,harmonic_compact,truncated_line,9,0.9920195856819102,0.9920195856819102,0.9983105058841876,0.14962988554673912,0.14962988554673912,1.7922547944637657e-06,0.03467610827578442,0.03467610827578442,0.03003966704107014,1.0,1.0,1.0,0.0,0.0,0.0
ID_test,6fad52c79ac7b1a186abc553,harmonic_compact,truncated_line,10,0.978458120207092,0.978458120207092,0.9891983475374018,0.14962988554673912,0.14962988554673912,1.7922547944637657e-06,0.03552703491180321,0.03552703491180321,0.030043588184788434,1.0,1.0,1.0,0.0,0.0,0.0
ID_test,725eaceedb54aff0c65e2894,gaussian_well,truncated_line,0,0.9953935823692445,0.9953935823692445,0.9999816269278105,0.14506271007693028,0.14506271007693028,1.4170770692434331e-06,0.010185400598338652,0.010185400598338652,0.003036384845052163,1.0,1.0,1.0,0.0,0.0,0.0
ID_test,725eaceedb54aff0c65e2894,gaussian_well,truncated_line,1,0.9965446701863111,0.9965446701863111,0.999911967893044,0.14506271007693028,0.14506271007693028,1.4170770692434331e-06,0.01423752363234934,0.01423752363234934,0.006552573692722472,1.0,1.0,0.0,0.0,0.0,0.0
ID_test,725eaceedb54aff0c65e2894,gaussian_well,truncated_line,2,0.9925746193124674,0.9925746193124674,0.9998317870490981,0.14506271007693028,0.14506271007693028,1.4170770692434331e-06,0.021562764654020718,0.021562764654020718,0.00881222900516463,1.0,1.0,0.0,0.0,0.0,0.0
ID_test,725eaceedb54aff0c65e2894,gaussian_well,truncated_line,3,0.9934539265040921,0.9934539265040921,0.9993701946435128,0.14506271007693028,0.14506271007693028,1.4170770692434331e-06,0.02892609386617487,0.02892609386617487,0.02055092892696483,1.0,1.0,1.0,0.0,0.0,0.0
ID_test,725eaceedb54aff0c65e2894,gaussian_well,truncated_line,4,0.9923158624198513,0.9923158624198513,0.9995217521557844,0.14506271007693028,0.14506271007693028,1.4170770692434331e-06,0.030349878229351524,0.030349878229351524,0.019992143064046956,1.0,1.0,1.0,0.0,0.0,0.0
ID_test,725eaceedb54aff0c65e2894,gaussian_well,truncated_line,5,0.993017520753587,0.993017520753587,0.9991754671798108,0.14506271007693028,0.14506271007693028,1.4170770692434331e-06,0.05982027746108046,0.05982027746108046,0.02778384062901633,1.0,1.0,1.0,0.0,0.0,0.0
ID_test,725eaceedb54aff0c65e2894,gaussian_well,truncated_line,6,0.9940679424381742,0.9940679424381742,0.9993515503886795,0.14506271007693028,0.14506271007693028,1.4170770692434331e-06,0.04982359385745808,0.04982359385745808,0.03616321288395913,1.0,1.0,1.0,0.0,0.0,0.0
ID_test,725eaceedb54aff0c65e2894,gaussian_well,truncated_line,7,0.9912334141560155,0.9912334141560155,0.9939736018892215,0.14506271007693028,0.14506271007693028,1.4170770692434331e-06,0.08249129909353513,0.08249129909353513,0.07357562299000477,1.0,1.0,1.0,0.0,0.0,0.0
ID_test,725eaceedb54aff0c65e2894,gaussian_well,truncated_line,8,0.9901914907472977,0.9901914907472977,0.9980568695808356,0.14506271007693028,0.14506271007693028,1.4170770692434331e-06,0.15917748183366284,0.15917748183366284,0.1499346029490266,1.0,1.0,1.0,0.0,0.0,0.0
ID_test,725eaceedb54aff0c65e2894,gaussian_well,truncated_line,9,0.9849749559878241,0.9849749559878241,0.9898836874313818,0.14506271007693028,0.14506271007693028,1.4170770692434331e-06,0.3761516992302313,0.3761516992302313,0.38612934768774065,1.0,1.0,1.0,0.0,0.0,0.0
ID_test,725eaceedb54aff0c65e2894,gaussian_well,truncated_line,10,0.9758021696436274,0.9758021696436274,0.9841873665254318,0.14506271007693028,0.14506271007693028,1.4170770692434331e-06,0.8327168149822737,0.8327168149822737,0.6924124727663252,1.0,1.0,1.0,0.0,0.0,0.0
ID_test,72a8162789185ce1f1bff674,harmonic,truncated_line,0,0.9959972075451606,0.9959972075451606,0.9999899059089227,0.09073309376665212,0.09073309376665212,1.047258213926483e-06,0.15295612048667162,0.15295612048667162,0.05400713049790752,1.0,1.0,1.0,0.0,0.0,0.0
ID_test,72a8162789185ce1f1bff674,harmonic,truncated_line,1,0.9942101490506325,0.9942101490506325,0.9999561138030912,0.09073309376665212,0.09073309376665212,1.047258213926483e-06,0.07532737959460763,0.07532737959460763,0.02928331824286933,1.0,1.0,0.0,0.0,0.0,0.0
ID_test,72a8162789185ce1f1bff674,harmonic,truncated_line,2,0.9854927127815352,0.9854927127815352,0.9999430288985128,0.09073309376665212,0.09073309376665212,1.047258213926483e-06,0.05972751387998696,0.05972751387998696,0.02027135087832852,1.0,1.0,1.0,0.0,0.0,0.0
ID_test,72a8162789185ce1f1bff674,harmonic,truncated_line,3,0.9973823341561784,0.9973823341561784,0.9997400608529893,0.09073309376665212,0.09073309376665212,1.047258213926483e-06,0.038939352188376734,0.038939352188376734,0.02596374230842231,1.0,1.0,1.0,0.0,0.0,0.0
ID_test,72a8162789185ce1f1bff674,harmonic,truncated_line,4,0.9977657870029227,0.9977657870029227,0.9997464443841915,0.09073309376665212,0.09073309376665212,1.047258213926483e-06,0.03181421184959735,0.03181421184959735,0.02249475587342621,1.0,1.0,1.0,0.0,0.0,0.0
ID_test,72a8162789185ce1f1bff674,harmonic,truncated_line,5,0.9975688706543687,0.9975688706543687,0.9982291299171595,0.09073309376665212,0.09073309376665212,1.047258213926483e-06,0.03853651037433527,0.03853651037433527,0.0319407050071251,1.0,1.0,1.0,0.0,0.0,0.0
ID_test,72a8162789185ce1f1bff674,harmonic,truncated_line,6,0.9975065424176112,0.9975065424176112,0.9988433141980029,0.09073309376665212,0.09073309376665212,1.047258213926483e-06,0.02716435844552178,0.02716435844552178,0.02621147291565491,1.0,1.0,1.0,0.0,0.0,0.0
ID_test,72a8162789185ce1f1bff674,harmonic,truncated_line,7,0.9962025723289722,0.9962025723289722,0.9975735970240279,0.09073309376665212,0.09073309376665212,1.047258213926483e-06,0.028546977495945883,0.028546977495945883,0.02837660142837443,1.0,1.0,1.0,0.0,0.0,0.0
ID_test,72a8162789185ce1f1bff674,harmonic,truncated_line,8,0.9951360222794864,0.9951360222794864,0.9992039729756564,0.09073309376665212,0.09073309376665212,1.047258213926483e-06,0.032717212148110505,0.032717212148110505,0.032232859797282985,1.0,1.0,1.0,0.0,0.0,0.0
ID_test,72a8162789185ce1f1bff674,harmonic,truncated_line,9,0.9957017538695168,0.9957017538695168,0.9981672274020742,0.09073309376665212,0.09073309376665212,1.047258213926483e-06,0.03195880860345812,0.03195880860345812,0.03127607026142889,1.0,1.0,1.0,0.0,0.0,0.0
ID_test,72a8162789185ce1f1bff674,harmonic,truncated_line,10,0.9931400160408055,0.9931400160408055,0.9942678145129082,0.09073309376665212,0.09073309376665212,1.047258213926483e-06,0.03926361434159158,0.03926361434159158,0.027865457205085407,1.0,1.0,1.0,0.0,0.0,0.0
ID_test,7b7e347cfa6d550d59c07956,kratzer,radial_reduced,0,0.9638601402910086,0.9638601402910086,0.9982056117510438,0.9273723425113808,0.9273723425113808,0.0006104683679938328,0.3756166234350852,0.3756166234350852,0.5838766233566214,1.0,1.0,0.0,0.0,0.0,0.0
ID_test,7b7e347cfa6d550d59c07956,kratzer,radial_reduced,1,0.2601396943149688,0.2601396943149688,0.9887603774547601,0.9273723425113808,0.9273723425113808,0.0006104683679938328,0.2536678975127845,0.2536678975127845,0.7526742378599935,0.0,0.0,0.0,0.0,0.0,0.0
ID_test,7b7e347cfa6d550d59c07956,kratzer,radial_reduced,2,0.32489603105985926,0.32489603105985926,0.9583450688757346,0.9273723425113808,0.9273723425113808,0.0006104683679938328,0.32679334095501356,0.32679334095501356,0.8279475498821809,0.0,0.0,0.0,0.0,0.0,0.0
ID_test,7b7e347cfa6d550d59c07956,kratzer,radial_reduced,3,0.4110644746735912,0.4110644746735912,0.9289885827088711,0.9273723425113808,0.9273723425113808,0.0006104683679938328,0.47324560693220585,0.47324560693220585,0.9003616273243699,1.0,1.0,0.0,0.0,0.0,0.0
ID_test,7b7e347cfa6d550d59c07956,kratzer,radial_reduced,4,0.47148817033870016,0.47148817033870016,0.8709365613992817,0.9273723425113808,0.9273723425113808,0.0006104683679938328,0.7579332357988146,0.7579332357988146,0.8905470480101955,1.0,1.0,0.0,0.0,0.0,0.0
ID_test,7b7e347cfa6d550d59c07956,kratzer,radial_reduced,5,0.3103612563060989,0.3103612563060989,0.7930925900850938,0.9273723425113808,0.9273723425113808,0.0006104683679938328,0.6415479900106302,0.6415479900106302,0.9562122289728135,1.0,1.0,0.0,0.0,0.0,0.0
ID_test,7b7e347cfa6d550d59c07956,kratzer,radial_reduced,6,0.37213059485916694,0.37213059485916694,0.6485846710793254,0.9273723425113808,0.9273723425113808,0.0006104683679938328,0.9684612021446736,0.9684612021446736,0.9579351964288724,1.0,1.0,0.0,0.0,0.0,0.0
ID_test,7b7e347cfa6d550d59c07956,kratzer,radial_reduced,7,0.28273515615199724,0.28273515615199724,0.748796902058054,0.9273723425113808,0.9273723425113808,0.0006104683679938328,0.9803795038886758,0.9803795038886758,0.926431834956218,1.0,1.0,0.0,0.0,0.0,0.0
ID_test,7b7e347cfa6d550d59c07956,kratzer,radial_reduced,8,0.1534108254566156,0.1534108254566156,0.39789524702113416,0.9273723425113808,0.9273723425113808,0.0006104683679938328,0.9859314067464988,0.9859314067464988,0.9708937727097767,1.0,1.0,0.0,0.0,0.0,0.0
ID_test,7b7e347cfa6d550d59c07956,kratzer,radial_reduced,9,0.28824690790158614,0.28824690790158614,0.4986999944176227,0.9273723425113808,0.9273723425113808,0.0006104683679938328,0.992395622145171,0.992395622145171,0.9791951738213661,1.0,1.0,0.0,0.0,0.0,0.0
ID_test,7b7e347cfa6d550d59c07956,kratzer,radial_reduced,10,0.22648132823732448,0.22648132823732448,0.054682460549778086,0.9273723425113808,0.9273723425113808,0.0006104683679938328,0.9955709032413791,0.9955709032413791,0.807672688296089,1.0,1.0,0.0,0.0,0.0,0.0
ID_test,7d62ca7d87a1df1675f62f1c,procedural_composite,truncated_line,0,0.9991748842780622,0.9991748842780622,0.9999489112176961,0.26861662146079146,0.26861662146079146,1.115210498170427e-06,0.0841572321940847,0.0841572321940847,0.06506746905844316,1.0,1.0,0.0,0.0,0.0,0.0
ID_test,7d62ca7d87a1df1675f62f1c,procedural_composite,truncated_line,1,0.925440213999073,0.925440213999073,0.9996207237715471,0.26861662146079146,0.26861662146079146,1.115210498170427e-06,0.7628163615189707,0.7628163615189707,0.7083674813195889,1.0,1.0,0.0,0.0,0.0,0.0
ID_test,7d62ca7d87a1df1675f62f1c,procedural_composite,truncated_line,2,0.8433591144830285,0.8433591144830285,0.998420938309036,0.26861662146079146,0.26861662146079146,1.115210498170427e-06,0.3878147665254443,0.3878147665254443,0.30889261150045433,1.0,1.0,1.0,0.0,0.0,0.0
ID_test,7d62ca7d87a1df1675f62f1c,procedural_composite,truncated_line,3,0.6258793726760753,0.6258793726760753,0.9986323165433562,0.26861662146079146,0.26861662146079146,1.115210498170427e-06,0.19417347462625292,0.19417347462625292,0.17528758281730158,1.0,1.0,0.0,0.0,0.0,0.0
ID_test,7d62ca7d87a1df1675f62f1c,procedural_composite,truncated_line,4,0.7310023957678773,0.7310023957678773,0.9987757493676862,0.26861662146079146,0.26861662146079146,1.115210498170427e-06,0.1490027975682158,0.1490027975682158,0.13660736030410933,1.0,1.0,1.0,0.0,0.0,0.0
ID_test,7d62ca7d87a1df1675f62f1c,procedural_composite,truncated_line,5,0.8653176453844738,0.8653176453844738,0.9989032239028109,0.26861662146079146,0.26861662146079146,1.115210498170427e-06,0.12141138738846666,0.12141138738846666,0.08556085518082077,1.0,1.0,1.0,0.0,0.0,0.0
ID_test,7d62ca7d87a1df1675f62f1c,procedural_composite,truncated_line,6,0.9617039345620415,0.9617039345620415,0.9988872182422593,0.26861662146079146,0.26861662146079146,1.115210498170427e-06,0.0833472195634702,0.0833472195634702,0.06668333439096226,1.0,1.0,1.0,0.0,0.0,0.0
ID_test,7d62ca7d87a1df1675f62f1c,procedural_composite,truncated_line,7,0.9769136916948373,0.9769136916948373,0.99862023717943,0.26861662146079146,0.26861662146079146,1.115210498170427e-06,0.0656620898412937,0.0656620898412937,0.059106595024858884,1.0,1.0,1.0,0.0,0.0,0.0
ID_test,7d62ca7d87a1df1675f62f1c,procedural_composite,truncated_line,8,0.9834851709120352,0.9834851709120352,0.9991640803947971,0.26861662146079146,0.26861662146079146,1.115210498170427e-06,0.05418668604734856,0.05418668604734856,0.05076710470059993,1.0,1.0,1.0,0.0,0.0,0.0
ID_test,7d62ca7d87a1df1675f62f1c,procedural_composite,truncated_line,9,0.991189736971512,0.991189736971512,0.9975793130502338,0.26861662146079146,0.26861662146079146,1.115210498170427e-06,0.04627052999546127,0.04627052999546127,0.04527641626714541,1.0,1.0,1.0,0.0,0.0,0.0
ID_test,7d62ca7d87a1df1675f62f1c,procedural_composite,truncated_line,10,0.9959958450885118,0.9959958450885118,0.9982010475850273,0.26861662146079146,0.26861662146079146,1.115210498170427e-06,0.03594554822094597,0.03594554822094597,0.03593641304077456,1.0,1.0,1.0,0.0,0.0,0.0
ID_test,7e806d81d07359bc521195d4,poschl_h,truncated_line,0,0.9983900518183285,0.9983900518183285,0.999985806996977,0.24216521635866742,0.24216521635866742,1.0200913582725235e-06,0.00867945480229664,0.00867945480229664,0.0031476934556215934,1.0,1.0,1.0,0.0,0.0,0.0
ID_test,7e806d81d07359bc521195d4,poschl_h,truncated_line,1,0.9976035418824019,0.9976035418824019,0.9999867331616186,0.24216521635866742,0.24216521635866742,1.0200913582725235e-06,0.010016973039245125,0.010016973039245125,0.0025208967561044892,1.0,1.0,1.0,0.0,0.0,0.0
ID_test,7e806d81d07359bc521195d4,poschl_h,truncated_line,2,0.9930208620160986,0.9930208620160986,0.9997243520552052,0.24216521635866742,0.24216521635866742,1.0200913582725235e-06,0.01627999120001921,0.01627999120001921,0.008463870757149577,1.0,1.0,0.0,0.0,0.0,0.0
ID_test,7e806d81d07359bc521195d4,poschl_h,truncated_line,3,0.9894651674040027,0.9894651674040027,0.9993248562884904,0.24216521635866742,0.24216521635866742,1.0200913582725235e-06,0.030527848758218862,0.030527848758218862,0.01570236288989488,1.0,1.0,1.0,0.0,0.0,0.0
ID_test,7e806d81d07359bc521195d4,poschl_h,truncated_line,4,0.9867485249337565,0.9867485249337565,0.9992307696503665,0.24216521635866742,0.24216521635866742,1.0200913582725235e-06,0.032983746335811824,0.032983746335811824,0.01926204612044046,1.0,1.0,1.0,0.0,0.0,0.0
ID_test,7e806d81d07359bc521195d4,poschl_h,truncated_line,5,0.9842298162116588,0.9842298162116588,0.9993952342469768,0.24216521635866742,0.24216521635866742,1.0200913582725235e-06,0.061546853045741506,0.061546853045741506,0.017153117900617115,1.0,1.0,1.0,0.0,0.0,0.0
ID_test,7e806d81d07359bc521195d4,poschl_h,truncated_line,6,0.9890959028141908,0.9890959028141908,0.9989609834201851,0.24216521635866742,0.24216521635866742,1.0200913582725235e-06,0.03833851827438702,0.03833851827438702,0.01938093361426242,1.0,1.0,1.0,0.0,0.0,0.0
ID_test,7e806d81d07359bc521195d4,poschl_h,truncated_line,7,0.9823045849776665,0.9823045849776665,0.9929906277298259,0.24216521635866742,0.24216521635866742,1.0200913582725235e-06,0.05316353923381859,0.05316353923381859,0.037285368740182075,1.0,1.0,1.0,0.0,0.0,0.0
ID_test,7e806d81d07359bc521195d4,poschl_h,truncated_line,8,0.9648929599855766,0.9648929599855766,0.9974671026853926,0.24216521635866742,0.24216521635866742,1.0200913582725235e-06,0.06098127198887618,0.06098127198887618,0.03574163352906543,1.0,1.0,1.0,0.0,0.0,0.0
ID_test,7e806d81d07359bc521195d4,poschl_h,truncated_line,9,0.9605652383624045,0.9605652383624045,0.9920647693442862,0.24216521635866742,0.24216521635866742,1.0200913582725235e-06,0.0791236179344758,0.0791236179344758,0.04535366163125942,1.0,1.0,1.0,0.0,0.0,0.0
ID_test,7e806d81d07359bc521195d4,poschl_h,truncated_line,10,0.9221317140388231,0.9221317140388231,0.9866337776696561,0.24216521635866742,0.24216521635866742,1.0200913582725235e-06,0.15368907600019407,0.15368907600019407,0.08921484894485456,1.0,1.0,1.0,0.0,0.0,0.0
ID_test,7f407d8f4f089ef826dc918e,smooth_perturbed,truncated_line,0,0.9930308316334314,0.9930308316334314,0.9984910175885365,0.2720211614119402,0.2720211614119402,1.3752432990177255e-06,0.23699382787255552,0.23699382787255552,0.20502825468126734,1.0,1.0,0.0,0.0,0.0,0.0
ID_test,7f407d8f4f089ef826dc918e,smooth_perturbed,truncated_line,1,0.9961665526530854,0.9961665526530854,0.9970363552411289,0.2720211614119402,0.2720211614119402,1.3752432990177255e-06,0.31176948646314667,0.31176948646314667,0.31386289663138417,1.0,1.0,1.0,0.0,0.0,0.0
ID_test,7f407d8f4f089ef826dc918e,smooth_perturbed,truncated_line,2,0.14113317414951793,0.14113317414951793,0.9984264618091243,0.2720211614119402,0.2720211614119402,1.3752432990177255e-06,0.2170488279381717,0.2170488279381717,0.11409848870868684,1.0,1.0,0.0,0.0,0.0,0.0
ID_test,7f407d8f4f089ef826dc918e,smooth_perturbed,truncated_line,3,0.2914002669992583,0.2914002669992583,0.9988012975925956,0.2720211614119402,0.2720211614119402,1.3752432990177255e-06,0.23969378075615147,0.23969378075615147,0.09204722954690074,1.0,1.0,1.0,0.0,0.0,0.0
ID_test,7f407d8f4f089ef826dc918e,smooth_perturbed,truncated_line,4,0.45717387681841126,0.45717387681841126,0.9969807638987161,0.2720211614119402,0.2720211614119402,1.3752432990177255e-06,0.14713824840539808,0.14713824840539808,0.1166679817412268,1.0,1.0,1.0,0.0,0.0,0.0
ID_test,7f407d8f4f089ef826dc918e,smooth_perturbed,truncated_line,5,0.7711406151104668,0.7711406151104668,0.9974026517773247,0.2720211614119402,0.2720211614119402,1.3752432990177255e-06,0.11404329639489047,0.11404329639489047,0.07258614714649511,1.0,1.0,1.0,0.0,0.0,0.0
ID_test,7f407d8f4f089ef826dc918e,smooth_perturbed,truncated_line,6,0.9325178013012938,0.9325178013012938,0.9975242993004876,0.2720211614119402,0.2720211614119402,1.3752432990177255e-06,0.09067063226024774,0.09067063226024774,0.06007933705735883,1.0,1.0,1.0,0.0,0.0,0.0
ID_test,7f407d8f4f089ef826dc918e,smooth_perturbed,truncated_line,7,0.9776315683001443,0.9776315683001443,0.9969163432145407,0.2720211614119402,0.2720211614119402,1.3752432990177255e-06,0.06262080408148747,0.06262080408148747,0.055354662656622804,1.0,1.0,1.0,0.0,0.0,0.0
ID_test,7f407d8f4f089ef826dc918e,smooth_perturbed,truncated_line,8,0.9711605514196335,0.9711605514196335,0.9966498402418807,0.2720211614119402,0.2720211614119402,1.3752432990177255e-06,0.06196450405876354,0.06196450405876354,0.048719911386029886,1.0,1.0,1.0,0.0,0.0,0.0
ID_test,7f407d8f4f089ef826dc918e,smooth_perturbed,truncated_line,9,0.9892757502520626,0.9892757502520626,0.9964388171465784,0.2720211614119402,0.2720211614119402,1.3752432990177255e-06,0.05733514525374501,0.05733514525374501,0.04035192786032016,1.0,1.0,1.0,0.0,0.0,0.0
ID_test,7f407d8f4f089ef826dc918e,smooth_perturbed,truncated_line,10,0.983119415373441,0.983119415373441,0.9922829412353518,0.2720211614119402,0.2720211614119402,1.3752432990177255e-06,0.07409321495340561,0.07409321495340561,0.03699844779583434,1.0,1.0,1.0,0.0,0.0,0.0
ID_test,81663d66de447d09f77df644,single_barrier,truncated_line,0,0.9940344788683684,0.9940344788683684,0.999273254133129,0.10186664940723149,0.10186664940723149,1.488473708954885e-06,0.38583784695694295,0.38583784695694295,0.38694233788742644,1.0,1.0,0.0,0.0,0.0,0.0
ID_test,81663d66de447d09f77df644,single_barrier,truncated_line,1,0.9932919278148905,0.9932919278148905,0.9989192355383402,0.10186664940723149,0.10186664940723149,1.488473708954885e-06,0.20648812392652963,0.20648812392652963,0.20031046877517086,1.0,1.0,0.0,0.0,0.0,0.0
ID_test,81663d66de447d09f77df644,single_barrier,truncated_line,2,0.9911490994785863,0.9911490994785863,0.9984235092298406,0.10186664940723149,0.10186664940723149,1.488473708954885e-06,0.15765135262607846,0.15765135262607846,0.15405402328479934,1.0,1.0,0.0,0.0,0.0,0.0
ID_test,81663d66de447d09f77df644,single_barrier,truncated_line,3,0.9823066449974106,0.9823066449974106,0.9981860085851167,0.10186664940723149,0.10186664940723149,1.488473708954885e-06,0.11372515715273075,0.11372515715273075,0.10693514700893506,1.0,1.0,0.0,0.0,0.0,0.0
ID_test,81663d66de447d09f77df644,single_barrier,truncated_line,4,0.9319865906111217,0.9319865906111217,0.997668828484372,0.10186664940723149,0.10186664940723149,1.488473708954885e-06,0.09649507313056081,0.09649507313056081,0.0751801530379611,1.0,1.0,1.0,0.0,0.0,0.0
ID_test,81663d66de447d09f77df644,single_barrier,truncated_line,5,0.876670220814086,0.876670220814086,0.9905705465397788,0.10186664940723149,0.10186664940723149,1.488473708954885e-06,0.07919861671269204,0.07919861671269204,0.06024423057560546,1.0,1.0,1.0,0.0,0.0,0.0
ID_test,81663d66de447d09f77df644,single_barrier,truncated_line,6,0.8086074040751516,0.8086074040751516,0.9916057995762452,0.10186664940723149,0.10186664940723149,1.488473708954885e-06,0.05749015012025963,0.05749015012025963,0.042732871335425686,1.0,1.0,1.0,0.0,0.0,0.0
ID_test,81663d66de447d09f77df644,single_barrier,truncated_line,7,0.8715503639702493,0.8715503639702493,0.9958245234197685,0.10186664940723149,0.10186664940723149,1.488473708954885e-06,0.0478442613286474,0.0478442613286474,0.030771907772889625,1.0,1.0,1.0,0.0,0.0,0.0
ID_test,81663d66de447d09f77df644,single_barrier,truncated_line,8,0.9623246699996235,0.9623246699996235,0.9969813096043137,0.10186664940723149,0.10186664940723149,1.488473708954885e-06,0.040238827671047944,0.040238827671047944,0.03272991195381214,1.0,1.0,1.0,0.0,0.0,0.0
ID_test,81663d66de447d09f77df644,single_barrier,truncated_line,9,0.9536819305015324,0.9536819305015324,0.9918216060074956,0.10186664940723149,0.10186664940723149,1.488473708954885e-06,0.0532587813070964,0.0532587813070964,0.032302248448289064,1.0,1.0,1.0,0.0,0.0,0.0
ID_test,81663d66de447d09f77df644,single_barrier,truncated_line,10,0.977153536197925,0.977153536197925,0.9946158115988251,0.10186664940723149,0.10186664940723149,1.488473708954885e-06,0.03747553695786951,0.03747553695786951,0.026194722866387146,1.0,1.0,1.0,0.0,0.0,0.0
ID_test,821e0a75f229bbfbd9a11bf6,chebyshev_random,truncated_line,0,0.9965442361454286,0.9965442361454286,0.9999928115803406,0.09438247319352384,0.09438247319352384,1.3456589029736676e-06,0.03758930222147608,0.03758930222147608,0.014533615370489417,1.0,1.0,1.0,0.0,0.0,0.0
ID_test,821e0a75f229bbfbd9a11bf6,chebyshev_random,truncated_line,1,0.9934144499768782,0.9934144499768782,0.9999683980934388,0.09438247319352384,0.09438247319352384,1.3456589029736676e-06,0.12046523200775572,0.12046523200775572,0.04478622331789279,1.0,1.0,0.0,0.0,0.0,0.0
ID_test,821e0a75f229bbfbd9a11bf6,chebyshev_random,truncated_line,2,0.9850097440607464,0.9850097440607464,0.9999198534196772,0.09438247319352384,0.09438247319352384,1.3456589029736676e-06,0.7356663357457802,0.7356663357457802,0.3872723726760065,1.0,1.0,1.0,0.0,0.0,0.0
ID_test,821e0a75f229bbfbd9a11bf6,chebyshev_random,truncated_line,3,0.997387359650769,0.997387359650769,0.9997059607847829,0.09438247319352384,0.09438247319352384,1.3456589029736676e-06,0.12382086451032513,0.12382086451032513,0.08708582288542648,1.0,1.0,1.0,0.0,0.0,0.0
ID_test,821e0a75f229bbfbd9a11bf6,chebyshev_random,truncated_line,4,0.9976460868590966,0.9976460868590966,0.9997312641313139,0.09438247319352384,0.09438247319352384,1.3456589029736676e-06,0.07027929009566825,0.07027929009566825,0.04948269691328854,1.0,1.0,1.0,0.0,0.0,0.0
ID_test,821e0a75f229bbfbd9a11bf6,chebyshev_random,truncated_line,5,0.9967732932904071,0.9967732932904071,0.998127462690756,0.09438247319352384,0.09438247319352384,1.3456589029736676e-06,0.06774627239994824,0.06774627239994824,0.05704299455395856,1.0,1.0,1.0,0.0,0.0,0.0
ID_test,821e0a75f229bbfbd9a11bf6,chebyshev_random,truncated_line,6,0.997064706947028,0.997064706947028,0.9987723333821537,0.09438247319352384,0.09438247319352384,1.3456589029736676e-06,0.04275494958954357,0.04275494958954357,0.040873712374946344,1.0,1.0,1.0,0.0,0.0,0.0
ID_test,821e0a75f229bbfbd9a11bf6,chebyshev_random,truncated_line,7,0.9950427201297939,0.9950427201297939,0.9975097391198283,0.09438247319352384,0.09438247319352384,1.3456589029736676e-06,0.04095870332076983,0.04095870332076983,0.04013798997603459,1.0,1.0,1.0,0.0,0.0,0.0
ID_test,821e0a75f229bbfbd9a11bf6,chebyshev_random,truncated_line,8,0.9946387809290033,0.9946387809290033,0.9991705834994176,0.09438247319352384,0.09438247319352384,1.3456589029736676e-06,0.04543358450002389,0.04543358450002389,0.04309076208846178,1.0,1.0,1.0,0.0,0.0,0.0
ID_test,821e0a75f229bbfbd9a11bf6,chebyshev_random,truncated_line,9,0.9937256668515813,0.9937256668515813,0.9980142370580765,0.09438247319352384,0.09438247319352384,1.3456589029736676e-06,0.05684587485040782,0.05684587485040782,0.041892040591829355,1.0,1.0,1.0,0.0,0.0,0.0
ID_test,821e0a75f229bbfbd9a11bf6,chebyshev_random,truncated_line,10,0.9900474500894606,0.9900474500894606,0.9931942717186927,0.09438247319352384,0.09438247319352384,1.3456589029736676e-06,0.03570774424782492,0.03570774424782492,0.03647505796067091,1.0,1.0,1.0,0.0,0.0,0.0
ID_test,8473dfd768e3abf57513944d,multiple_barriers,truncated_line,0,0.9582443031026076,0.9582443031026076,0.9866048418116393,0.20070502098347356,0.20070502098347356,1.5919500875316572e-06,0.3184104808228687,0.3184104808228687,0.2870871629539711,1.0,1.0,0.0,0.0,0.0,0.0
ID_test,8473dfd768e3abf57513944d,multiple_barriers,truncated_line,1,0.4340009499933972,0.4340009499933972,0.9900727419509895,0.20070502098347356,0.20070502098347356,1.5919500875316572e-06,0.1873298965701899,0.1873298965701899,0.1573172026596903,1.0,1.0,0.0,0.0,0.0,0.0
ID_test,8473dfd768e3abf57513944d,multiple_barriers,truncated_line,2,0.5898810516271623,0.5898810516271623,0.9948165847879133,0.20070502098347356,0.20070502098347356,1.5919500875316572e-06,0.13820278237684422,0.13820278237684422,0.06595128743552295,1.0,1.0,1.0,0.0,0.0,0.0
ID_test,8473dfd768e3abf57513944d,multiple_barriers,truncated_line,3,0.673565695612738,0.673565695612738,0.9988702232264144,0.20070502098347356,0.20070502098347356,1.5919500875316572e-06,0.07623147821520132,0.07623147821520132,0.03896215499928712,1.0,1.0,1.0,0.0,0.0,0.0
ID_test,8473dfd768e3abf57513944d,multiple_barriers,truncated_line,4,0.5382788131770049,0.5382788131770049,0.9987245332693895,0.20070502098347356,0.20070502098347356,1.5919500875316572e-06,0.06122360497304716,0.06122360497304716,0.02653692927919132,1.0,1.0,1.0,0.0,0.0,0.0
ID_test,8473dfd768e3abf57513944d,multiple_barriers,truncated_line,5,0.7014044720259862,0.7014044720259862,0.9972179044799161,0.20070502098347356,0.20070502098347356,1.5919500875316572e-06,0.05772708138909182,0.05772708138909182,0.04116184295845494,1.0,1.0,1.0,0.0,0.0,0.0
ID_test,8473dfd768e3abf57513944d,multiple_barriers,truncated_line,6,0.9460146088926302,0.9460146088926302,0.9979615925644917,0.20070502098347356,0.20070502098347356,1.5919500875316572e-06,0.043425883464345935,0.043425883464345935,0.0364968902744649,1.0,1.0,1.0,0.0,0.0,0.0
ID_test,8473dfd768e3abf57513944d,multiple_barriers,truncated_line,7,0.9350403152338549,0.9350403152338549,0.997652600956428,0.20070502098347356,0.20070502098347356,1.5919500875316572e-06,0.04620109604379699,0.04620109604379699,0.0297386036329457,1.0,1.0,1.0,0.0,0.0,0.0
ID_test,8473dfd768e3abf57513944d,multiple_barriers,truncated_line,8,0.9482822262965677,0.9482822262965677,0.9949714775064205,0.20070502098347356,0.20070502098347356,1.5919500875316572e-06,0.051341242791459095,0.051341242791459095,0.02617073067335682,1.0,1.0,1.0,0.0,0.0,0.0
ID_test,8473dfd768e3abf57513944d,multiple_barriers,truncated_line,9,0.9829674774912488,0.9829674774912488,0.9921992513627227,0.20070502098347356,0.20070502098347356,1.5919500875316572e-06,0.037509887943907964,0.037509887943907964,0.02396347244920784,1.0,1.0,1.0,0.0,0.0,0.0
ID_test,8473dfd768e3abf57513944d,multiple_barriers,truncated_line,10,0.976017871014853,0.976017871014853,0.9812855058862155,0.20070502098347356,0.20070502098347356,1.5919500875316572e-06,0.0817468153381997,0.0817468153381997,0.025911051388230355,1.0,1.0,1.0,0.0,0.0,0.0
ID_test,84ff2c7b148fe5fb8af2791e,morse,truncated_line,0,0.9604079920503846,0.9604079920503846,0.9999374537333532,0.1080669809998477,0.1080669809998477,1.4231064421332817e-06,0.3658408037626016,0.3658408037626016,0.11490362556750842,1.0,1.0,0.0,0.0,0.0,0.0
ID_test,84ff2c7b148fe5fb8af2791e,morse,truncated_line,1,0.9484444160891277,0.9484444160891277,0.9997590748463826,0.1080669809998477,0.1080669809998477,1.4231064421332817e-06,0.15800965857670402,0.15800965857670402,0.06721152477659921,1.0,1.0,1.0,0.0,0.0,0.0
ID_test,84ff2c7b148fe5fb8af2791e,morse,truncated_line,2,0.9477920960551237,0.9477920960551237,0.9997863181497738,0.1080669809998477,0.1080669809998477,1.4231064421332817e-06,0.10081457015331437,0.10081457015331437,0.04883977532305533,1.0,1.0,1.0,0.0,0.0,0.0
ID_test,84ff2c7b148fe5fb8af2791e,morse,truncated_line,3,0.979851636344791,0.979851636344791,0.9997352505840763,0.1080669809998477,0.1080669809998477,1.4231064421332817e-06,0.060482034396192944,0.060482034396192944,0.03804208880709521,1.0,1.0,0.0,0.0,0.0,0.0
ID_test,84ff2c7b148fe5fb8af2791e,morse,truncated_line,4,0.9843114094079333,0.9843114094079333,0.9987968395941625,0.1080669809998477,0.1080669809998477,1.4231064421332817e-06,0.05407512379378204,0.05407512379378204,0.03632363465490034,1.0,1.0,1.0,0.0,0.0,0.0
ID_test,84ff2c7b148fe5fb8af2791e,morse,truncated_line,5,0.9924107036323758,0.9924107036323758,0.9971791349806725,0.1080669809998477,0.1080669809998477,1.4231064421332817e-06,0.03970763824729183,0.03970763824729183,0.03671305574528564,1.0,1.0,1.0,0.0,0.0,0.0
ID_test,84ff2c7b148fe5fb8af2791e,morse,truncated_line,6,0.9911513939974039,0.9911513939974039,0.9968809934544859,0.1080669809998477,0.1080669809998477,1.4231064421332817e-06,0.05273863853087189,0.05273863853087189,0.03063126486629023,1.0,1.0,1.0,0.0,0.0,0.0
ID_test,84ff2c7b148fe5fb8af2791e,morse,truncated_line,7,0.9871935812627896,0.9871935812627896,0.9959744026183238,0.1080669809998477,0.1080669809998477,1.4231064421332817e-06,0.048257175218384164,0.048257175218384164,0.027185518700358912,1.0,1.0,1.0,0.0,0.0,0.0
ID_test,84ff2c7b148fe5fb8af2791e,morse,truncated_line,8,0.97827762488007,0.97827762488007,0.9971997993206323,0.1080669809998477,0.1080669809998477,1.4231064421332817e-06,0.04731280406268918,0.04731280406268918,0.020304397850166335,1.0,1.0,1.0,0.0,0.0,0.0
ID_test,84ff2c7b148fe5fb8af2791e,morse,truncated_line,9,0.9764127887157508,0.9764127887157508,0.9972375475745481,0.1080669809998477,0.1080669809998477,1.4231064421332817e-06,0.03291043161477868,0.03291043161477868,0.020634500626796157,1.0,1.0,1.0,0.0,0.0,0.0
ID_test,84ff2c7b148fe5fb8af2791e,morse,truncated_line,10,0.972741769219573,0.972741769219573,0.99602942128436,0.1080669809998477,0.1080669809998477,1.4231064421332817e-06,0.22045661982991596,0.22045661982991596,0.02021056152420486,1.0,1.0,1.0,0.0,0.0,0.0
ID_test,86c0155786371b31af2ff7dd,chebyshev_random,truncated_line,0,0.9983557180664275,0.9983557180664275,0.9999800837783467,0.1425522794773177,0.1425522794773177,1.2371139569422596e-06,0.09239831190242376,0.09239831190242376,0.0514193062831078,1.0,1.0,1.0,0.0,0.0,0.0
ID_test,86c0155786371b31af2ff7dd,chebyshev_random,truncated_line,1,0.9832316736328214,0.9832316736328214,0.9999656793112,0.1425522794773177,0.1425522794773177,1.2371139569422596e-06,0.06247614686038549,0.06247614686038549,0.022904355041406123,1.0,1.0,1.0,0.0,0.0,0.0
ID_test,86c0155786371b31af2ff7dd,chebyshev_random,truncated_line,2,0.9685291117380135,0.9685291117380135,0.9999098767600149,0.1425522794773177,0.1425522794773177,1.2371139569422596e-06,0.06613313671613359,0.06613313671613359,0.015341855058118727,1.0,1.0,0.0,0.0,0.0,0.0
ID_test,86c0155786371b31af2ff7dd,chebyshev_random,truncated_line,3,0.9973629534611392,0.9973629534611392,0.9997005235255949,0.1425522794773177,0.1425522794773177,1.2371139569422596e-06,0.028829243847512762,0.028829243847512762,0.01831835720951044,1.0,1.0,1.0,0.0,0.0,0.0
ID_test,86c0155786371b31af2ff7dd,chebyshev_random,truncated_line,4,0.9960595796687322,0.9960595796687322,0.999768170515682,0.1425522794773177,0.1425522794773177,1.2371139569422596e-06,0.023408547638785266,0.023408547638785266,0.014456159919562606,1.0,1.0,1.0,0.0,0.0,0.0
ID_test,86c0155786371b31af2ff7dd,chebyshev_random,truncated_line,5,0.9883151543843172,0.9883151543843172,0.998264865576287,0.1425522794773177,0.1425522794773177,1.2371139569422596e-06,0.032672748189955025,0.032672748189955025,0.028521954614658403,1.0,1.0,1.0,0.0,0.0,0.0
ID_test,86c0155786371b31af2ff7dd,chebyshev_random,truncated_line,6,0.9839924822453032,0.9839924822453032,0.9982607903328129,0.1425522794773177,0.1425522794773177,1.2371139569422596e-06,0.035003264505428545,0.035003264505428545,0.033817678570259566,1.0,1.0,1.0,0.0,0.0,0.0
ID_test,86c0155786371b31af2ff7dd,chebyshev_random,truncated_line,7,0.959945991341381,0.959945991341381,0.9921336147321894,0.1425522794773177,0.1425522794773177,1.2371139569422596e-06,0.052720726488532765,0.052720726488532765,0.031803229329084054,1.0,1.0,1.0,0.0,0.0,0.0
ID_test,86c0155786371b31af2ff7dd,chebyshev_random,truncated_line,8,0.8972176329692784,0.8972176329692784,0.9698341375317281,0.1425522794773177,0.1425522794773177,1.2371139569422596e-06,0.06296910093679488,0.06296910093679488,0.03330437107642796,1.0,1.0,1.0,0.0,0.0,0.0
ID_test,86c0155786371b31af2ff7dd,chebyshev_random,truncated_line,9,0.8065070942842988,0.8065070942842988,0.8920447932829396,0.1425522794773177,0.1425522794773177,1.2371139569422596e-06,0.03953213575007068,0.03953213575007068,0.03496337092843479,1.0,1.0,1.0,0.0,0.0,0.0
ID_test,86c0155786371b31af2ff7dd,chebyshev_random,truncated_line,10,0.6827144560544467,0.6827144560544467,0.7696864589049048,0.1425522794773177,0.1425522794773177,1.2371139569422596e-06,0.1341128313394302,0.1341128313394302,0.036328723948441374,1.0,1.0,1.0,0.0,0.0,0.0
ID_test,89353850f2d74cfec07a9bdb,harmonic,truncated_line,0,0.9959971576166687,0.9959971576166687,0.9999905430334955,0.09073375598321014,0.09073375598321014,1.4814697442133706e-06,0.15295419518451478,0.15295419518451478,0.054002420591849704,1.0,1.0,1.0,0.0,0.0,0.0
ID_test,89353850f2d74cfec07a9bdb,harmonic,truncated_line,1,0.9942102212575342,0.9942102212575342,0.9999554149506914,0.09073375598321014,0.09073375598321014,1.4814697442133706e-06,0.07532733177311295,0.07532733177311295,0.02928334335838312,1.0,1.0,0.0,0.0,0.0,0.0
ID_test,89353850f2d74cfec07a9bdb,harmonic,truncated_line,2,0.9854925918034485,0.9854925918034485,0.999943286734335,0.09073375598321014,0.09073375598321014,1.4814697442133706e-06,0.05972762403566042,0.05972762403566042,0.020271554930083962,1.0,1.0,1.0,0.0,0.0,0.0
ID_test,89353850f2d74cfec07a9bdb,harmonic,truncated_line,3,0.9973823754478055,0.9973823754478055,0.9997393419102976,0.09073375598321014,0.09073375598321014,1.4814697442133706e-06,0.03893959744588261,0.03893959744588261,0.025963984812130657,1.0,1.0,1.0,0.0,0.0,0.0
ID_test,89353850f2d74cfec07a9bdb,harmonic,truncated_line,4,0.9977657567873692,0.9977657567873692,0.9997457387946739,0.09073375598321014,0.09073375598321014,1.4814697442133706e-06,0.03181419530014963,0.03181419530014963,0.02249478421679866,1.0,1.0,1.0,0.0,0.0,0.0
ID_test,89353850f2d74cfec07a9bdb,harmonic,truncated_line,5,0.9975689845662737,0.9975689845662737,0.9982291196840934,0.09073375598321014,0.09073375598321014,1.4814697442133706e-06,0.03853648694047714,0.03853648694047714,0.031940629509563584,1.0,1.0,1.0,0.0,0.0,0.0
ID_test,89353850f2d74cfec07a9bdb,harmonic,truncated_line,6,0.9975065373110081,0.9975065373110081,0.9988432731000086,0.09073375598321014,0.09073375598321014,1.4814697442133706e-06,0.027164238265767915,0.027164238265767915,0.026211317005796323,1.0,1.0,1.0,0.0,0.0,0.0
ID_test,89353850f2d74cfec07a9bdb,harmonic,truncated_line,7,0.9962024911984219,0.9962024911984219,0.9975736362714104,0.09073375598321014,0.09073375598321014,1.4814697442133706e-06,0.028547037122546914,0.028547037122546914,0.028376586137171533,1.0,1.0,1.0,0.0,0.0,0.0
ID_test,89353850f2d74cfec07a9bdb,harmonic,truncated_line,8,0.9951359323171913,0.9951359323171913,0.9992040319286413,0.09073375598321014,0.09073375598321014,1.4814697442133706e-06,0.032717186122303336,0.032717186122303336,0.032232875491680364,1.0,1.0,1.0,0.0,0.0,0.0
ID_test,89353850f2d74cfec07a9bdb,harmonic,truncated_line,9,0.9957014818027583,0.9957014818027583,0.9981664252399448,0.09073375598321014,0.09073375598321014,1.4814697442133706e-06,0.03195764372971783,0.03195764372971783,0.031274847694203814,1.0,1.0,1.0,0.0,0.0,0.0
ID_test,89353850f2d74cfec07a9bdb,harmonic,truncated_line,10,0.9931399562936646,0.9931399562936646,0.9942681491529454,0.09073375598321014,0.09073375598321014,1.4814697442133706e-06,0.039263279599005385,0.039263279599005385,0.027864911916857783,1.0,1.0,1.0,0.0,0.0,0.0
ID_test,8bafaa0cbd753d93e3b31386,composite_confining,truncated_line,0,0.9940323958034282,0.9940323958034282,0.9999691291598742,0.08178054021333092,0.08178054021333092,1.701037160684038e-06,0.0891353047028217,0.0891353047028217,0.038152494726314004,1.0,1.0,1.0,0.0,0.0,0.0
ID_test,8bafaa0cbd753d93e3b31386,composite_confining,truncated_line,1,0.9947897037317511,0.9947897037317511,0.999954694114661,0.08178054021333092,0.08178054021333092,1.701037160684038e-06,0.8518714856040154,0.8518714856040154,0.5566562961605256,1.0,1.0,1.0,0.0,0.0,0.0
ID_test,8bafaa0cbd753d93e3b31386,composite_confining,truncated_line,2,0.974149238823251,0.974149238823251,0.9998566830900932,0.08178054021333092,0.08178054021333092,1.701037160684038e-06,0.1828557514959687,0.1828557514959687,0.07530644993643172,1.0,1.0,0.0,0.0,0.0,0.0
ID_test,8bafaa0cbd753d93e3b31386,composite_confining,truncated_line,3,0.982826081078516,0.982826081078516,0.999877020217801,0.08178054021333092,0.08178054021333092,1.701037160684038e-06,0.07910047375843694,0.07910047375843694,0.04591151874049516,1.0,1.0,1.0,0.0,0.0,0.0
ID_test,8bafaa0cbd753d93e3b31386,composite_confining,truncated_line,4,0.9847694995890159,0.9847694995890159,0.9996791582222223,0.08178054021333092,0.08178054021333092,1.701037160684038e-06,0.058868305587844345,0.058868305587844345,0.040435130157665984,1.0,1.0,1.0,0.0,0.0,0.0
ID_test,8bafaa0cbd753d93e3b31386,composite_confining,truncated_line,5,0.9878305516046479,0.9878305516046479,0.9987390748671477,0.08178054021333092,0.08178054021333092,1.701037160684038e-06,0.046932194058430875,0.046932194058430875,0.043206367885137625,1.0,1.0,1.0,0.0,0.0,0.0
ID_test,8bafaa0cbd753d93e3b31386,composite_confining,truncated_line,6,0.9928990095408213,0.9928990095408213,0.9988155777648325,0.08178054021333092,0.08178054021333092,1.701037160684038e-06,0.044998772722216814,0.044998772722216814,0.03883962026803155,1.0,1.0,1.0,0.0,0.0,0.0
ID_test,8bafaa0cbd753d93e3b31386,composite_confining,truncated_line,7,0.9925294565961424,0.9925294565961424,0.9979819733631964,0.08178054021333092,0.08178054021333092,1.701037160684038e-06,0.04826681028655912,0.04826681028655912,0.03918131083998114,1.0,1.0,1.0,0.0,0.0,0.0
ID_test,8bafaa0cbd753d93e3b31386,composite_confining,truncated_line,8,0.9905877547054214,0.9905877547054214,0.9990441393833983,0.08178054021333092,0.08178054021333092,1.701037160684038e-06,0.04740209787768538,0.04740209787768538,0.04063561344499902,1.0,1.0,1.0,0.0,0.0,0.0
ID_test,8bafaa0cbd753d93e3b31386,composite_confining,truncated_line,9,0.9908069454189956,0.9908069454189956,0.9980179078805133,0.08178054021333092,0.08178054021333092,1.701037160684038e-06,0.06559326810914702,0.06559326810914702,0.03842026906196783,1.0,1.0,1.0,0.0,0.0,0.0
ID_test,8bafaa0cbd753d93e3b31386,composite_confining,truncated_line,10,0.9892472493871751,0.9892472493871751,0.9906189215731567,0.08178054021333092,0.08178054021333092,1.701037160684038e-06,0.07719269054345623,0.07719269054345623,0.03311596158679672,1.0,1.0,1.0,0.0,0.0,0.0
ID_test,8bca703859e3dbb21396b8d9,harmonic_compact,truncated_line,0,0.9742513700454738,0.9742513700454738,0.9999410516759927,0.09688200615014435,0.09688200615014435,1.2023106135128359e-06,0.4019556823285621,0.4019556823285621,0.172741958820827,1.0,1.0,0.0,0.0,0.0,0.0
ID_test,8bca703859e3dbb21396b8d9,harmonic_compact,truncated_line,1,0.9618270840802696,0.9618270840802696,0.9999528919343084,0.09688200615014435,0.09688200615014435,1.2023106135128359e-06,0.18009833064861985,0.18009833064861985,0.05729027597113293,1.0,1.0,0.0,0.0,0.0,0.0
ID_test,8bca703859e3dbb21396b8d9,harmonic_compact,truncated_line,2,0.982825318024107,0.982825318024107,0.9999552061074809,0.09688200615014435,0.09688200615014435,1.2023106135128359e-06,0.07856979208531978,0.07856979208531978,0.02286761450827809,1.0,1.0,0.0,0.0,0.0,0.0
ID_test,8bca703859e3dbb21396b8d9,harmonic_compact,truncated_line,3,0.9898248733886541,0.9898248733886541,0.9996925724985875,0.09688200615014435,0.09688200615014435,1.2023106135128359e-06,0.05025770233862958,0.05025770233862958,0.0316967749195179,1.0,1.0,1.0,0.0,0.0,0.0
ID_test,8bca703859e3dbb21396b8d9,harmonic_compact,truncated_line,4,0.9945366807633907,0.9945366807633907,0.9996024839966403,0.09688200615014435,0.09688200615014435,1.2023106135128359e-06,0.039114634705212974,0.039114634705212974,0.02674623579701975,1.0,1.0,1.0,0.0,0.0,0.0
ID_test,8bca703859e3dbb21396b8d9,harmonic_compact,truncated_line,5,0.9965450421918536,0.9965450421918536,0.9981982485686886,0.09688200615014435,0.09688200615014435,1.2023106135128359e-06,0.04297260843144828,0.04297260843144828,0.03512858688790603,1.0,1.0,1.0,0.0,0.0,0.0
ID_test,8bca703859e3dbb21396b8d9,harmonic_compact,truncated_line,6,0.9962799006065582,0.9962799006065582,0.9986819200102391,0.09688200615014435,0.09688200615014435,1.2023106135128359e-06,0.03165116239995611,0.03165116239995611,0.029554552807199486,1.0,1.0,1.0,0.0,0.0,0.0
ID_test,8bca703859e3dbb21396b8d9,harmonic_compact,truncated_line,7,0.9947142461945192,0.9947142461945192,0.9967587017856417,0.09688200615014435,0.09688200615014435,1.2023106135128359e-06,0.03149134139309899,0.03149134139309899,0.03099303375318515,1.0,1.0,1.0,0.0,0.0,0.0
ID_test,8bca703859e3dbb21396b8d9,harmonic_compact,truncated_line,8,0.9944299410506284,0.9944299410506284,0.9987883640261925,0.09688200615014435,0.09688200615014435,1.2023106135128359e-06,0.034907133231966384,0.034907133231966384,0.03400015993002104,1.0,1.0,1.0,0.0,0.0,0.0
ID_test,8bca703859e3dbb21396b8d9,harmonic_compact,truncated_line,9,0.9952173266544909,0.9952173266544909,0.9974457421391555,0.09688200615014435,0.09688200615014435,1.2023106135128359e-06,0.032724372033314006,0.032724372033314006,0.03236837251890861,1.0,1.0,1.0,0.0,0.0,0.0
ID_test,8bca703859e3dbb21396b8d9,harmonic_compact,truncated_line,10,0.9911529000124073,0.9911529000124073,0.993039952920318,0.09688200615014435,0.09688200615014435,1.2023106135128359e-06,0.03960368970838073,0.03960368970838073,0.02992011363170135,1.0,1.0,1.0,0.0,0.0,0.0
ID_test,8c0619156910f432b37313e6,gaussian_barrier,truncated_line,0,0.9894079395800854,0.9894079395800854,0.9991036446108982,0.11601622868151838,0.11601622868151838,1.0794417536486023e-06,0.289349189386799,0.289349189386799,0.25617708845585163,1.0,1.0,0.0,0.0,0.0,0.0
ID_test,8c0619156910f432b37313e6,gaussian_barrier,truncated_line,1,0.9711153874034251,0.9711153874034251,0.9993898363034895,0.11601622868151838,0.11601622868151838,1.0794417536486023e-06,0.12967315376582172,0.12967315376582172,0.10431725655184461,1.0,1.0,0.0,0.0,0.0,0.0
ID_test,8c0619156910f432b37313e6,gaussian_barrier,truncated_line,2,0.6936419024173296,0.6936419024173296,0.998461041416354,0.11601622868151838,0.11601622868151838,1.0794417536486023e-06,0.10882505518669441,0.10882505518669441,0.06533376076174174,1.0,1.0,0.0,0.0,0.0,0.0
ID_test,8c0619156910f432b37313e6,gaussian_barrier,truncated_line,3,0.7438587780111002,0.7438587780111002,0.9984651834480537,0.11601622868151838,0.11601622868151838,1.0794417536486023e-06,0.10180226003158822,0.10180226003158822,0.04662250134495064,1.0,1.0,1.0,0.0,0.0,0.0
ID_test,8c0619156910f432b37313e6,gaussian_barrier,truncated_line,4,0.8266098979294076,0.8266098979294076,0.9995224770196108,0.11601622868151838,0.11601622868151838,1.0794417536486023e-06,0.07025733560595027,0.07025733560595027,0.02959064813932871,1.0,1.0,1.0,0.0,0.0,0.0
ID_test,8c0619156910f432b37313e6,gaussian_barrier,truncated_line,5,0.8520334767166614,0.8520334767166614,0.995883918272622,0.11601622868151838,0.11601622868151838,1.0794417536486023e-06,0.05161346259815684,0.05161346259815684,0.03607424998024886,1.0,1.0,1.0,0.0,0.0,0.0
ID_test,8c0619156910f432b37313e6,gaussian_barrier,truncated_line,6,0.9335732467494238,0.9335732467494238,0.9967516543803386,0.11601622868151838,0.11601622868151838,1.0794417536486023e-06,0.037904098677083074,0.037904098677083074,0.028727283091241194,1.0,1.0,1.0,0.0,0.0,0.0
ID_test,8c0619156910f432b37313e6,gaussian_barrier,truncated_line,7,0.9671816802578322,0.9671816802578322,0.9971050653532276,0.11601622868151838,0.11601622868151838,1.0794417536486023e-06,0.03976107807680865,0.03976107807680865,0.03241740791316053,1.0,1.0,1.0,0.0,0.0,0.0
ID_test,8c0619156910f432b37313e6,gaussian_barrier,truncated_line,8,0.9936836007414812,0.9936836007414812,0.9981313251977562,0.11601622868151838,0.11601622868151838,1.0794417536486023e-06,0.033589215312482705,0.033589215312482705,0.031090565213518856,1.0,1.0,1.0,0.0,0.0,0.0
ID_test,8c0619156910f432b37313e6,gaussian_barrier,truncated_line,9,0.9858491093145506,0.9858491093145506,0.9965226450362036,0.11601622868151838,0.11601622868151838,1.0794417536486023e-06,0.03755473774263442,0.03755473774263442,0.02915445989264784,1.0,1.0,1.0,0.0,0.0,0.0
ID_test,8c0619156910f432b37313e6,gaussian_barrier,truncated_line,10,0.9891727998121791,0.9891727998121791,0.995050371909328,0.11601622868151838,0.11601622868151838,1.0794417536486023e-06,0.030327170200906455,0.030327170200906455,0.028440389004270823,1.0,1.0,1.0,0.0,0.0,0.0
ID_test,8f90b545876ae24591e8765c,multiwell,truncated_line,0,0.6528166864822254,0.6528166864822254,0.9747288515916194,0.3097993349982462,0.3097993349982462,1.4604110606386556e-06,0.5865838877288164,0.5865838877288164,0.4728014753827822,1.0,1.0,0.0,0.0,0.0,0.0
ID_test,8f90b545876ae24591e8765c,multiwell,truncated_line,1,0.5696562818306475,0.5696562818306475,0.9745369655744054,0.3097993349982462,0.3097993349982462,1.4604110606386556e-06,0.37659550072187736,0.37659550072187736,0.4351903785311676,1.0,1.0,1.0,0.0,0.0,0.0
ID_test,8f90b545876ae24591e8765c,multiwell,truncated_line,2,0.7535434406500033,0.7535434406500033,0.9982800235074917,0.3097993349982462,0.3097993349982462,1.4604110606386556e-06,0.18544738536404995,0.18544738536404995,0.12369835362930309,1.0,1.0,1.0,0.0,0.0,0.0
ID_test,8f90b545876ae24591e8765c,multiwell,truncated_line,3,0.8379905357966029,0.8379905357966029,0.9982818833654878,0.3097993349982462,0.3097993349982462,1.4604110606386556e-06,0.10347341847432805,0.10347341847432805,0.08967851454048854,1.0,1.0,1.0,0.0,0.0,0.0
ID_test,8f90b545876ae24591e8765c,multiwell,truncated_line,4,0.9679809084839542,0.9679809084839542,0.9993932308937382,0.3097993349982462,0.3097993349982462,1.4604110606386556e-06,0.060610631474826406,0.060610631474826406,0.051250684139474346,1.0,1.0,1.0,0.0,0.0,0.0
ID_test,8f90b545876ae24591e8765c,multiwell,truncated_line,5,0.9740024376839073,0.9740024376839073,0.9986232880781793,0.3097993349982462,0.3097993349982462,1.4604110606386556e-06,0.06533077677259469,0.06533077677259469,0.054804848597175576,1.0,1.0,1.0,0.0,0.0,0.0
ID_test,8f90b545876ae24591e8765c,multiwell,truncated_line,6,0.9899600636136916,0.9899600636136916,0.997316801332049,0.3097993349982462,0.3097993349982462,1.4604110606386556e-06,0.06430275401751002,0.06430275401751002,0.04507406085207622,1.0,1.0,1.0,0.0,0.0,0.0
ID_test,8f90b545876ae24591e8765c,multiwell,truncated_line,7,0.9878548914406023,0.9878548914406023,0.9966545286028782,0.3097993349982462,0.3097993349982462,1.4604110606386556e-06,0.048641889692289275,0.048641889692289275,0.0422062836131486,1.0,1.0,1.0,0.0,0.0,0.0
ID_test,8f90b545876ae24591e8765c,multiwell,truncated_line,8,0.9937437419189876,0.9937437419189876,0.9987931317827559,0.3097993349982462,0.3097993349982462,1.4604110606386556e-06,0.04446047088671103,0.04446047088671103,0.037095568747166914,1.0,1.0,1.0,0.0,0.0,0.0
ID_test,8f90b545876ae24591e8765c,multiwell,truncated_line,9,0.9772737719946681,0.9772737719946681,0.9934058496167156,0.3097993349982462,0.3097993349982462,1.4604110606386556e-06,0.06510028727112828,0.06510028727112828,0.04115152957529605,1.0,1.0,1.0,0.0,0.0,0.0
ID_test,8f90b545876ae24591e8765c,multiwell,truncated_line,10,0.9844068934462238,0.9844068934462238,0.9936436789131431,0.3097993349982462,0.3097993349982462,1.4604110606386556e-06,0.04694363330822328,0.04694363330822328,0.034252425675051906,1.0,1.0,1.0,0.0,0.0,0.0
ID_test,8f95f0be90038db465014511,double_well,truncated_line,0,0.8346126101803528,0.8346126101803528,0.9997744438955136,0.1997360939067609,0.1997360939067609,1.453879210133735e-06,0.3619936483314795,0.3619936483314795,0.29710703131552463,1.0,1.0,0.0,0.0,0.0,0.0
ID_test,8f95f0be90038db465014511,double_well,truncated_line,1,0.6520886993041524,0.6520886993041524,0.999780852178455,0.1997360939067609,0.1997360939067609,1.453879210133735e-06,0.25927195148352883,0.25927195148352883,0.18686555191037543,1.0,1.0,1.0,0.0,0.0,0.0
ID_test,8f95f0be90038db465014511,double_well,truncated_line,2,0.9512297248690548,0.9512297248690548,0.9996776437304781,0.1997360939067609,0.1997360939067609,1.453879210133735e-06,0.1428031394164492,0.1428031394164492,0.10132691239283911,1.0,1.0,1.0,0.0,0.0,0.0
ID_test,8f95f0be90038db465014511,double_well,truncated_line,3,0.9955602958577892,0.9955602958577892,0.9995463747039196,0.1997360939067609,0.1997360939067609,1.453879210133735e-06,0.07537350207528609,0.07537350207528609,0.06645135744971432,1.0,1.0,1.0,0.0,0.0,0.0
ID_test,8f95f0be90038db465014511,double_well,truncated_line,4,0.9970423446707771,0.9970423446707771,0.9994572273193917,0.1997360939067609,0.1997360939067609,1.453879210133735e-06,0.06514411103497732,0.06514411103497732,0.05837108134790278,1.0,1.0,1.0,0.0,0.0,0.0
ID_test,8f95f0be90038db465014511,double_well,truncated_line,5,0.996808268693366,0.996808268693366,0.9994253192066664,0.1997360939067609,0.1997360939067609,1.453879210133735e-06,0.0736807373215764,0.0736807373215764,0.058680491879413904,1.0,1.0,1.0,0.0,0.0,0.0
ID_test,8f95f0be90038db465014511,double_well,truncated_line,6,0.994248223194333,0.994248223194333,0.9994767793065107,0.1997360939067609,0.1997360939067609,1.453879210133735e-06,0.07460012669570419,0.07460012669570419,0.055764550774239974,1.0,1.0,1.0,0.0,0.0,0.0
ID_test,8f95f0be90038db465014511,double_well,truncated_line,7,0.9966332882658091,0.9966332882658091,0.9995660838508935,0.1997360939067609,0.1997360939067609,1.453879210133735e-06,0.06374512724570554,0.06374512724570554,0.05553955002311459,1.0,1.0,1.0,0.0,0.0,0.0
ID_test,8f95f0be90038db465014511,double_well,truncated_line,8,0.9948993487878133,0.9948993487878133,0.9989069406465009,0.1997360939067609,0.1997360939067609,1.453879210133735e-06,0.051751290655164935,0.051751290655164935,0.04695872236295596,1.0,1.0,1.0,0.0,0.0,0.0
ID_test,8f95f0be90038db465014511,double_well,truncated_line,9,0.9871555721555217,0.9871555721555217,0.9912790218300371,0.1997360939067609,0.1997360939067609,1.453879210133735e-06,0.05159387384506648,0.05159387384506648,0.0440522056774581,1.0,1.0,1.0,0.0,0.0,0.0
ID_test,8f95f0be90038db465014511,double_well,truncated_line,10,0.9927632491330209,0.9927632491330209,0.9957594529785728,0.1997360939067609,0.1997360939067609,1.453879210133735e-06,0.038520914704027985,0.038520914704027985,0.035195931019062744,1.0,1.0,1.0,0.0,0.0,0.0
ID_test,921ed81fe0c10f6878a7d136,asymptotically_constant,truncated_line,0,0.9986599912491234,0.9986599912491234,0.9999873696871009,0.18286453026012167,0.18286453026012167,1.8529602145989088e-06,0.0049395472305121075,0.0049395472305121075,0.0024001632708162057,1.0,1.0,1.0,0.0,0.0,0.0
ID_test,921ed81fe0c10f6878a7d136,asymptotically_constant,truncated_line,1,0.9977987988677474,0.9977987988677474,0.9999599573357203,0.18286453026012167,0.18286453026012167,1.8529602145989088e-06,0.00685579652333719,0.00685579652333719,0.002874075901255365,1.0,1.0,0.0,0.0,0.0,0.0
ID_test,921ed81fe0c10f6878a7d136,asymptotically_constant,truncated_line,2,0.9897309551439746,0.9897309551439746,0.9997751464303275,0.18286453026012167,0.18286453026012167,1.8529602145989088e-06,0.01511652439239251,0.01511652439239251,0.0064941612115481245,1.0,1.0,0.0,0.0,0.0,0.0
ID_test,921ed81fe0c10f6878a7d136,asymptotically_constant,truncated_line,3,0.9907411760704463,0.9907411760704463,0.9989684319370381,0.18286453026012167,0.18286453026012167,1.8529602145989088e-06,0.020028691777855115,0.020028691777855115,0.01382862388338376,1.0,1.0,1.0,0.0,0.0,0.0
ID_test,921ed81fe0c10f6878a7d136,asymptotically_constant,truncated_line,4,0.9911896137932233,0.9911896137932233,0.9991636755141271,0.18286453026012167,0.18286453026012167,1.8529602145989088e-06,0.019055644290933774,0.019055644290933774,0.013096268456169267,1.0,1.0,1.0,0.0,0.0,0.0
ID_test,921ed81fe0c10f6878a7d136,asymptotically_constant,truncated_line,5,0.9908683044253268,0.9908683044253268,0.9991550197161129,0.18286453026012167,0.18286453026012167,1.8529602145989088e-06,0.03564215241171862,0.03564215241171862,0.01346721974626886,1.0,1.0,1.0,0.0,0.0,0.0
ID_test,921ed81fe0c10f6878a7d136,asymptotically_constant,truncated_line,6,0.9937452564293967,0.9937452564293967,0.9996404261821309,0.18286453026012167,0.18286453026012167,1.8529602145989088e-06,0.021782258710916838,0.021782258710916838,0.011644922946215322,1.0,1.0,1.0,0.0,0.0,0.0
ID_test,921ed81fe0c10f6878a7d136,asymptotically_constant,truncated_line,7,0.9893678832413237,0.9893678832413237,0.994726284635349,0.18286453026012167,0.18286453026012167,1.8529602145989088e-06,0.03275589752111996,0.03275589752111996,0.02027295751548594,1.0,1.0,1.0,0.0,0.0,0.0
ID_test,921ed81fe0c10f6878a7d136,asymptotically_constant,truncated_line,8,0.9807650239374713,0.9807650239374713,0.9981166655593828,0.18286453026012167,0.18286453026012167,1.8529602145989088e-06,0.029020616770509686,0.029020616770509686,0.01707412611589499,1.0,1.0,1.0,0.0,0.0,0.0
ID_test,921ed81fe0c10f6878a7d136,asymptotically_constant,truncated_line,9,0.9759330454135099,0.9759330454135099,0.995473887596364,0.18286453026012167,0.18286453026012167,1.8529602145989088e-06,0.0330798055953414,0.0330798055953414,0.022469446498261016,1.0,1.0,1.0,0.0,0.0,0.0
ID_test,921ed81fe0c10f6878a7d136,asymptotically_constant,truncated_line,10,0.9555023953601349,0.9555023953601349,0.9908268680279018,0.18286453026012167,0.18286453026012167,1.8529602145989088e-06,0.0650624231550649,0.0650624231550649,0.0390233893452861,1.0,1.0,1.0,0.0,0.0,0.0
ID_test,94f9212f51a4c36ea67878de,radial_oscillator,radial_reduced,0,0.9558378159070691,0.9558378159070691,0.9995272918771133,0.4605576604675794,0.4605576604675794,1.7811851567017811e-06,0.4385637706984478,0.4385637706984478,0.50508347032239,1.0,1.0,0.0,0.0,0.0,0.0
ID_test,94f9212f51a4c36ea67878de,radial_oscillator,radial_reduced,1,0.5730094429388831,0.5730094429388831,0.9992366728179015,0.4605576604675794,0.4605576604675794,1.7811851567017811e-06,0.38124986088893337,0.38124986088893337,0.2751529113304426,1.0,1.0,0.0,0.0,0.0,0.0
ID_test,94f9212f51a4c36ea67878de,radial_oscillator,radial_reduced,2,0.614979067490592,0.614979067490592,0.9982169695641864,0.4605576604675794,0.4605576604675794,1.7811851567017811e-06,0.2563236597542568,0.2563236597542568,0.15123664382296617,1.0,1.0,0.0,0.0,0.0,0.0
ID_test,94f9212f51a4c36ea67878de,radial_oscillator,radial_reduced,3,0.7564113622427844,0.7564113622427844,0.9972875767791661,0.4605576604675794,0.4605576604675794,1.7811851567017811e-06,0.15143120229998983,0.15143120229998983,0.07930886758836159,1.0,1.0,0.0,0.0,0.0,0.0
ID_test,94f9212f51a4c36ea67878de,radial_oscillator,radial_reduced,4,0.7456256056982938,0.7456256056982938,0.9982385920011376,0.4605576604675794,0.4605576604675794,1.7811851567017811e-06,0.10923992590107494,0.10923992590107494,0.05640447838849128,1.0,1.0,0.0,0.0,0.0,0.0
ID_test,94f9212f51a4c36ea67878de,radial_oscillator,radial_reduced,5,0.8219840947694166,0.8219840947694166,0.9986707389774749,0.4605576604675794,0.4605576604675794,1.7811851567017811e-06,0.07756384549716472,0.07756384549716472,0.040032493319541534,1.0,1.0,1.0,0.0,0.0,0.0
ID_test,94f9212f51a4c36ea67878de,radial_oscillator,radial_reduced,6,0.8331516894763763,0.8331516894763763,0.9986766328420782,0.4605576604675794,0.4605576604675794,1.7811851567017811e-06,0.05425390888501323,0.05425390888501323,0.031224242165438714,1.0,1.0,1.0,0.0,0.0,0.0
ID_test,94f9212f51a4c36ea67878de,radial_oscillator,radial_reduced,7,0.8957688403470434,0.8957688403470434,0.9973549434049461,0.4605576604675794,0.4605576604675794,1.7811851567017811e-06,0.04094521488950516,0.04094521488950516,0.028712378202830548,1.0,1.0,1.0,0.0,0.0,0.0
ID_test,94f9212f51a4c36ea67878de,radial_oscillator,radial_reduced,8,0.8777792455729811,0.8777792455729811,0.9903443085788194,0.4605576604675794,0.4605576604675794,1.7811851567017811e-06,0.04572841826671815,0.04572841826671815,0.03524870361899301,1.0,1.0,0.0,0.0,0.0,0.0
ID_test,94f9212f51a4c36ea67878de,radial_oscillator,radial_reduced,9,0.7692933964476062,0.7692933964476062,0.9640404881031952,0.4605576604675794,0.4605576604675794,1.7811851567017811e-06,0.049173396485042764,0.049173396485042764,0.034214872398227784,1.0,1.0,1.0,0.0,0.0,0.0
ID_test,94f9212f51a4c36ea67878de,radial_oscillator,radial_reduced,10,0.7684717942788295,0.7684717942788295,0.9888343208084279,0.4605576604675794,0.4605576604675794,1.7811851567017811e-06,0.04606623783252419,0.04606623783252419,0.037067550233594725,1.0,1.0,1.0,0.0,0.0,0.0
ID_test,9571d392cd35b210f1a4c535,fourier_random,truncated_line,0,0.991119039057678,0.991119039057678,0.9996490241451658,0.1642674566492773,0.1642674566492773,1.1054548368916173e-06,0.23513353100609707,0.23513353100609707,0.18663514902997316,1.0,1.0,0.0,0.0,0.0,0.0
ID_test,9571d392cd35b210f1a4c535,fourier_random,truncated_line,1,0.9367999071666843,0.9367999071666843,0.9996871381780167,0.1642674566492773,0.1642674566492773,1.1054548368916173e-06,0.09979229989419199,0.09979229989419199,0.07064571044155452,1.0,1.0,0.0,0.0,0.0,0.0
ID_test,9571d392cd35b210f1a4c535,fourier_random,truncated_line,2,0.7759161647366379,0.7759161647366379,0.9990384601033886,0.1642674566492773,0.1642674566492773,1.1054548368916173e-06,0.11452655345753827,0.11452655345753827,0.06876449582427145,1.0,1.0,0.0,0.0,0.0,0.0
ID_test,9571d392cd35b210f1a4c535,fourier_random,truncated_line,3,0.896451336860717,0.896451336860717,0.9993642221338846,0.1642674566492773,0.1642674566492773,1.1054548368916173e-06,0.06985966392244287,0.06985966392244287,0.045223427556936445,1.0,1.0,1.0,0.0,0.0,0.0
ID_test,9571d392cd35b210f1a4c535,fourier_random,truncated_line,4,0.959786273651012,0.959786273651012,0.9987713523401955,0.1642674566492773,0.1642674566492773,1.1054548368916173e-06,0.061269934247007656,0.061269934247007656,0.048717381419473946,1.0,1.0,1.0,0.0,0.0,0.0
ID_test,9571d392cd35b210f1a4c535,fourier_random,truncated_line,5,0.6854611509137828,0.6854611509137828,0.9980037726039376,0.1642674566492773,0.1642674566492773,1.1054548368916173e-06,0.06853082587593824,0.06853082587593824,0.03558576085571125,1.0,1.0,1.0,0.0,0.0,0.0
ID_test,9571d392cd35b210f1a4c535,fourier_random,truncated_line,6,0.8021501002412119,0.8021501002412119,0.9988766375019607,0.1642674566492773,0.1642674566492773,1.1054548368916173e-06,0.05512910097985021,0.05512910097985021,0.04435182334811852,1.0,1.0,1.0,0.0,0.0,0.0
ID_test,9571d392cd35b210f1a4c535,fourier_random,truncated_line,7,0.9071243354169446,0.9071243354169446,0.9986341618595139,0.1642674566492773,0.1642674566492773,1.1054548368916173e-06,0.04913531259908736,0.04913531259908736,0.0381646741211576,1.0,1.0,1.0,0.0,0.0,0.0
ID_test,9571d392cd35b210f1a4c535,fourier_random,truncated_line,8,0.9430756628285557,0.9430756628285557,0.99780458644819,0.1642674566492773,0.1642674566492773,1.1054548368916173e-06,0.04741062956595203,0.04741062956595203,0.031022735553431567,1.0,1.0,1.0,0.0,0.0,0.0
ID_test,9571d392cd35b210f1a4c535,fourier_random,truncated_line,9,0.9690403073944207,0.9690403073944207,0.9972153673312693,0.1642674566492773,0.1642674566492773,1.1054548368916173e-06,0.05059367545695249,0.05059367545695249,0.027253382339330362,1.0,1.0,1.0,0.0,0.0,0.0
ID_test,9571d392cd35b210f1a4c535,fourier_random,truncated_line,10,0.978074935015002,0.978074935015002,0.9873709449987368,0.1642674566492773,0.1642674566492773,1.1054548368916173e-06,0.03287330827239105,0.03287330827239105,0.02577624125831918,1.0,1.0,1.0,0.0,0.0,0.0
ID_test,97f8dae769f3ffee26df877c,asymptotically_constant,truncated_line,0,0.9979963517079674,0.9979963517079674,0.9999885243985962,0.1680708272673677,0.1680708272673677,1.0653643895963683e-06,0.004657737393845902,0.004657737393845902,0.002036827519712786,1.0,1.0,1.0,0.0,0.0,0.0
ID_test,97f8dae769f3ffee26df877c,asymptotically_constant,truncated_line,1,0.9963399815922005,0.9963399815922005,0.999953061134293,0.1680708272673677,0.1680708272673677,1.0653643895963683e-06,0.0069518051694038826,0.0069518051694038826,0.0028890454513138117,1.0,1.0,0.0,0.0,0.0,0.0
ID_test,97f8dae769f3ffee26df877c,asymptotically_constant,truncated_line,2,0.9878218792155544,0.9878218792155544,0.9998001817130875,0.1680708272673677,0.1680708272673677,1.0653643895963683e-06,0.014455413532379951,0.014455413532379951,0.005871598795005639,1.0,1.0,0.0,0.0,0.0,0.0
ID_test,97f8dae769f3ffee26df877c,asymptotically_constant,truncated_line,3,0.9902333470890181,0.9902333470890181,0.9989804376397431,0.1680708272673677,0.1680708272673677,1.0653643895963683e-06,0.01807616888985906,0.01807616888985906,0.012450068483696987,1.0,1.0,1.0,0.0,0.0,0.0
ID_test,97f8dae769f3ffee26df877c,asymptotically_constant,truncated_line,4,0.9908716220035374,0.9908716220035374,0.9992355697830771,0.1680708272673677,0.1680708272673677,1.0653643895963683e-06,0.017029074021952764,0.017029074021952764,0.011278671563620784,1.0,1.0,1.0,0.0,0.0,0.0
ID_test,97f8dae769f3ffee26df877c,asymptotically_constant,truncated_line,5,0.99140072289514,0.99140072289514,0.998974054698995,0.1680708272673677,0.1680708272673677,1.0653643895963683e-06,0.030640144763465074,0.030640144763465074,0.012826778200886669,1.0,1.0,1.0,0.0,0.0,0.0
ID_test,97f8dae769f3ffee26df877c,asymptotically_constant,truncated_line,6,0.9939094497587998,0.9939094497587998,0.9995519315780101,0.1680708272673677,0.1680708272673677,1.0653643895963683e-06,0.019229064583520188,0.019229064583520188,0.010928253397658662,1.0,1.0,1.0,0.0,0.0,0.0
ID_test,97f8dae769f3ffee26df877c,asymptotically_constant,truncated_line,7,0.9902564694407562,0.9902564694407562,0.9949758333847024,0.1680708272673677,0.1680708272673677,1.0653643895963683e-06,0.02775116919985594,0.02775116919985594,0.017232518800060583,1.0,1.0,1.0,0.0,0.0,0.0
ID_test,97f8dae769f3ffee26df877c,asymptotically_constant,truncated_line,8,0.9837369973135197,0.9837369973135197,0.9981612601510099,0.1680708272673677,0.1680708272673677,1.0653643895963683e-06,0.023363986600522694,0.023363986600522694,0.014135513124687625,1.0,1.0,1.0,0.0,0.0,0.0
ID_test,97f8dae769f3ffee26df877c,asymptotically_constant,truncated_line,9,0.9787809082840506,0.9787809082840506,0.9962588118527014,0.1680708272673677,0.1680708272673677,1.0653643895963683e-06,0.026682884033816048,0.026682884033816048,0.01854053941687479,1.0,1.0,1.0,0.0,0.0,0.0
ID_test,97f8dae769f3ffee26df877c,asymptotically_constant,truncated_line,10,0.9619260122335442,0.9619260122335442,0.9916903512343768,0.1680708272673677,0.1680708272673677,1.0653643895963683e-06,0.052043487212131756,0.052043487212131756,0.0313876417683221,1.0,1.0,1.0,0.0,0.0,0.0
ID_test,987c36596553f18a70faea20,half_harmonic,half_line,0,0.9652934533386184,0.9652934533386184,0.9997055910173517,0.6288423474199426,0.6288423474199426,2.8290163398114743e-05,0.33530570335257526,0.33530570335257526,0.2825274478030625,1.0,1.0,0.0,0.0,0.0,0.0
ID_test,987c36596553f18a70faea20,half_harmonic,half_line,1,0.9850267645271084,0.9850267645271084,0.999602263608731,0.6288423474199426,0.6288423474199426,2.8290163398114743e-05,0.11627731274368876,0.11627731274368876,0.0850600020196128,1.0,1.0,0.0,0.0,0.0,0.0
ID_test,987c36596553f18a70faea20,half_harmonic,half_line,2,0.9701830937561061,0.9701830937561061,0.999607659489287,0.6288423474199426,0.6288423474199426,2.8290163398114743e-05,0.07470328051912087,0.07470328051912087,0.04111539956335124,1.0,1.0,0.0,0.0,0.0,0.0
ID_test,987c36596553f18a70faea20,half_harmonic,half_line,3,0.18591960409528285,0.18591960409528285,0.9970596718978013,0.6288423474199426,0.6288423474199426,2.8290163398114743e-05,0.25301643571497895,0.25301643571497895,0.12151748883886489,1.0,1.0,0.0,0.0,0.0,0.0
ID_test,987c36596553f18a70faea20,half_harmonic,half_line,4,0.25498143944290774,0.25498143944290774,0.9785081558772352,0.6288423474199426,0.6288423474199426,2.8290163398114743e-05,0.2122336711996552,0.2122336711996552,0.09192192621746988,1.0,1.0,0.0,0.0,0.0,0.0
ID_test,987c36596553f18a70faea20,half_harmonic,half_line,5,0.22936375859673772,0.22936375859673772,0.8370772539539552,0.6288423474199426,0.6288423474199426,2.8290163398114743e-05,0.19756521488121767,0.19756521488121767,0.16658563287588876,1.0,1.0,0.0,0.0,0.0,0.0
ID_test,987c36596553f18a70faea20,half_harmonic,half_line,6,0.26055755823664006,0.26055755823664006,0.5872621083689018,0.6288423474199426,0.6288423474199426,2.8290163398114743e-05,0.18099662259698077,0.18099662259698077,0.09983430661771892,1.0,1.0,1.0,0.0,0.0,0.0
ID_test,987c36596553f18a70faea20,half_harmonic,half_line,7,0.23989940784390235,0.23989940784390235,0.5849932621221006,0.6288423474199426,0.6288423474199426,2.8290163398114743e-05,0.15846664445718614,0.15846664445718614,0.15859408740871547,1.0,1.0,0.0,0.0,0.0,0.0
ID_test,987c36596553f18a70faea20,half_harmonic,half_line,8,0.929832354932978,0.929832354932978,0.9967783032617377,0.6288423474199426,0.6288423474199426,2.8290163398114743e-05,0.029301506474955965,0.029301506474955965,0.02704110562930983,1.0,1.0,1.0,0.0,0.0,0.0
ID_test,987c36596553f18a70faea20,half_harmonic,half_line,9,0.9181219639283137,0.9181219639283137,0.9583364708219313,0.6288423474199426,0.6288423474199426,2.8290163398114743e-05,0.029951423094397068,0.029951423094397068,0.041633729170479784,1.0,1.0,1.0,0.0,0.0,0.0
ID_test,987c36596553f18a70faea20,half_harmonic,half_line,10,0.9416814102268555,0.9416814102268555,0.9787750219106554,0.6288423474199426,0.6288423474199426,2.8290163398114743e-05,0.030336142591663916,0.030336142591663916,0.02655417668965392,1.0,1.0,1.0,0.0,0.0,0.0
ID_test,98ca5849687506c6fa58c193,composite_confining,truncated_line,0,0.9734431144028143,0.9734431144028143,0.9998452086815882,0.1440857456208146,0.1440857456208146,1.3404172621855892e-06,0.0713149667776189,0.0713149667776189,0.053543560285119494,1.0,1.0,0.0,0.0,0.0,0.0
ID_test,98ca5849687506c6fa58c193,composite_confining,truncated_line,1,0.9419313923506724,0.9419313923506724,0.9995767576540556,0.1440857456208146,0.1440857456208146,1.3404172621855892e-06,0.156441514157083,0.156441514157083,0.12180596536433574,1.0,1.0,1.0,0.0,0.0,0.0
ID_test,98ca5849687506c6fa58c193,composite_confining,truncated_line,2,0.8348690760503196,0.8348690760503196,0.999665325665681,0.1440857456208146,0.1440857456208146,1.3404172621855892e-06,0.3753457384900619,0.3753457384900619,0.22062344022151958,1.0,1.0,1.0,0.0,0.0,0.0
ID_test,98ca5849687506c6fa58c193,composite_confining,truncated_line,3,0.9528009152284435,0.9528009152284435,0.9997902549297478,0.1440857456208146,0.1440857456208146,1.3404172621855892e-06,0.5775016380471681,0.5775016380471681,0.3936841131639943,1.0,1.0,1.0,0.0,0.0,0.0
ID_test,98ca5849687506c6fa58c193,composite_confining,truncated_line,4,0.9934919304107884,0.9934919304107884,0.9994539224550625,0.1440857456208146,0.1440857456208146,1.3404172621855892e-06,0.17085833271900763,0.17085833271900763,0.15163947461861868,1.0,1.0,1.0,0.0,0.0,0.0
ID_test,98ca5849687506c6fa58c193,composite_confining,truncated_line,5,0.9941385295683965,0.9941385295683965,0.9988831879277114,0.1440857456208146,0.1440857456208146,1.3404172621855892e-06,0.13485970325363372,0.13485970325363372,0.11046846384504413,1.0,1.0,1.0,0.0,0.0,0.0
ID_test,98ca5849687506c6fa58c193,composite_confining,truncated_line,6,0.9938760947179641,0.9938760947179641,0.9989983146711866,0.1440857456208146,0.1440857456208146,1.3404172621855892e-06,0.085102712638832,0.085102712638832,0.08191325382099811,1.0,1.0,1.0,0.0,0.0,0.0
ID_test,98ca5849687506c6fa58c193,composite_confining,truncated_line,7,0.9938487986344959,0.9938487986344959,0.9993460097876363,0.1440857456208146,0.1440857456208146,1.3404172621855892e-06,0.07424544308943921,0.07424544308943921,0.07262140903172401,1.0,1.0,1.0,0.0,0.0,0.0
ID_test,98ca5849687506c6fa58c193,composite_confining,truncated_line,8,0.9891472401630742,0.9891472401630742,0.9989034632928182,0.1440857456208146,0.1440857456208146,1.3404172621855892e-06,0.06611646962716008,0.06611646962716008,0.06173896176802091,1.0,1.0,1.0,0.0,0.0,0.0
ID_test,98ca5849687506c6fa58c193,composite_confining,truncated_line,9,0.99199035766984,0.99199035766984,0.9965824717320881,0.1440857456208146,0.1440857456208146,1.3404172621855892e-06,0.05793773511624404,0.05793773511624404,0.05388775210106409,1.0,1.0,1.0,0.0,0.0,0.0
ID_test,98ca5849687506c6fa58c193,composite_confining,truncated_line,10,0.994796767114984,0.994796767114984,0.9968522978194544,0.1440857456208146,0.1440857456208146,1.3404172621855892e-06,0.04518939295438009,0.04518939295438009,0.040873737789501076,1.0,1.0,1.0,0.0,0.0,0.0
ID_test,9a02ff192712ddc7019e4f77,infinite_box,finite_interval,0,0.9997645506272633,0.9999976881657145,0.9999937519918666,0.022828031897098,1.8634664690209135e-06,1.4310607351353255e-06,0.332187349827027,0.1012709727015569,0.22275279347583743,1.0,1.0,1.0,0.00023313753845122243,-0.23091637712547014,-0.022826168430628978
ID_test,9a02ff192712ddc7019e4f77,infinite_box,finite_interval,1,0.9997952141758708,0.9999951928745119,0.9999851991002668,0.022828031897098,1.8634664690209135e-06,1.4310607351353255e-06,0.09492979520685944,0.03799140199324476,0.08127556625068305,1.0,1.0,1.0,0.00019997869864107898,-0.056938393213614685,-0.022826168430628978
ID_test,9a02ff192712ddc7019e4f77,infinite_box,finite_interval,2,0.9996950531425577,0.9999966571245086,0.999991370921455,0.022828031897098,1.8634664690209135e-06,1.4310607351353255e-06,0.03473359974426118,0.012732397163173953,0.02807675031038381,1.0,1.0,1.0,0.0003016039819508931,-0.022001202581087224,-0.022826168430628978
ID_test,9a02ff192712ddc7019e4f77,infinite_box,finite_interval,3,0.9996236372470414,0.9999972408753242,0.9999944411535874,0.022828031897098,1.8634664690209135e-06,1.4310607351353255e-06,0.02146159675878325,0.006084633281225027,0.014608795813911533,1.0,1.0,1.0,0.0003736036282827593,-0.015376963477558224,-0.022826168430628978
ID_test,9a02ff192712ddc7019e4f77,infinite_box,finite_interval,4,0.9992874565906436,0.9999971528462421,0.9999922346105728,0.022828031897098,1.8634664690209135e-06,1.4310607351353255e-06,0.020561458570508957,0.004454822912438378,0.011049750403193075,1.0,1.0,1.0,0.0007096962555985797,-0.01610663565807058,-0.022826168430628978
ID_test,9a02ff192712ddc7019e4f77,infinite_box,finite_interval,5,0.9986137112497518,0.9999895027673759,0.99996826925538,0.022828031897098,1.8634664690209135e-06,1.4310607351353255e-06,0.016140594594935023,0.005529960809886703,0.011453563077615084,1.0,1.0,1.0,0.0013757915176240143,-0.01061063378504832,-0.022826168430628978
ID_test,9a02ff192712ddc7019e4f77,infinite_box,finite_interval,6,0.9991167697936932,0.9999922479354032,0.999971442418799,0.022828031897098,1.8634664690209135e-06,1.4310607351353255e-06,0.013339478153329734,0.004636414837452883,0.01038682815524121,1.0,1.0,1.0,0.0008754781417099622,-0.008703063315876851,-0.022826168430628978
ID_test,9a02ff192712ddc7019e4f77,infinite_box,finite_interval,7,0.9988558942389614,0.9999866027053358,0.9999528380397836,0.022828031897098,1.8634664690209135e-06,1.4310607351353255e-06,0.012512359262830982,0.004262261173494755,0.009207539539629868,1.0,1.0,1.0,0.0011307084663744194,-0.008250098089336227,-0.022826168430628978
ID_test,9a02ff192712ddc7019e4f77,infinite_box,finite_interval,8,0.9953522525969818,0.9996095617044595,0.9988791382511512,0.022828031897098,1.8634664690209135e-06,1.4310607351353255e-06,0.026844747838519846,0.012239317533523135,0.024113538291065616,1.0,1.0,1.0,0.00425730910747768,-0.014605430304996711,-0.022826168430628978
ID_test,9a02ff192712ddc7019e4f77,infinite_box,finite_interval,9,0.9955020212214328,0.9994655649765577,0.9985787166965565,0.022828031897098,1.8634664690209135e-06,1.4310607351353255e-06,0.022602761249600933,0.010149975206313555,0.020737495725883417,1.0,1.0,1.0,0.003963543755124865,-0.012452786043287378,-0.022826168430628978
ID_test,9a02ff192712ddc7019e4f77,infinite_box,finite_interval,10,0.9965563354015106,0.9993245287240747,0.9982839311074913,0.022828031897098,1.8634664690209135e-06,1.4310607351353255e-06,0.02039811549074265,0.008926354720123134,0.017838073162225677,1.0,1.0,1.0,0.002768193322564172,-0.011471760770619515,-0.022826168430628978
ID_test,9cc1088a1e9eef230167a3e7,gaussian_random_field,truncated_line,0,0.9373739875299614,0.9373739875299614,0.998839719258215,0.10861742872121527,0.10861742872121527,1.5281186191984375e-06,0.21466046850176132,0.21466046850176132,0.18204783202934102,1.0,1.0,0.0,0.0,0.0,0.0
ID_test,9cc1088a1e9eef230167a3e7,gaussian_random_field,truncated_line,1,0.906465790969053,0.906465790969053,0.9986201755995071,0.10861742872121527,0.10861742872121527,1.5281186191984375e-06,0.6787750249053833,0.6787750249053833,0.625748569204828,1.0,1.0,1.0,0.0,0.0,0.0
ID_test,9cc1088a1e9eef230167a3e7,gaussian_random_field,truncated_line,2,0.957580274486101,0.957580274486101,0.9985167013684635,0.10861742872121527,0.10861742872121527,1.5281186191984375e-06,0.31742634492553684,0.31742634492553684,0.3028313096190077,1.0,1.0,1.0,0.0,0.0,0.0
ID_test,9cc1088a1e9eef230167a3e7,gaussian_random_field,truncated_line,3,0.9079087971521044,0.9079087971521044,0.9981369317388397,0.10861742872121527,0.10861742872121527,1.5281186191984375e-06,0.1557840046259043,0.1557840046259043,0.11990979993468476,1.0,1.0,1.0,0.0,0.0,0.0
ID_test,9cc1088a1e9eef230167a3e7,gaussian_random_field,truncated_line,4,0.811685884767796,0.811685884767796,0.9952000490906288,0.10861742872121527,0.10861742872121527,1.5281186191984375e-06,0.13733730818684167,0.13733730818684167,0.08777906175034828,1.0,1.0,1.0,0.0,0.0,0.0
ID_test,9cc1088a1e9eef230167a3e7,gaussian_random_field,truncated_line,5,0.8183037644067878,0.8183037644067878,0.9962606243144677,0.10861742872121527,0.10861742872121527,1.5281186191984375e-06,0.10320575424036152,0.10320575424036152,0.07600467685956194,1.0,1.0,1.0,0.0,0.0,0.0
ID_test,9cc1088a1e9eef230167a3e7,gaussian_random_field,truncated_line,6,0.8475680501346858,0.8475680501346858,0.9984039330876164,0.10861742872121527,0.10861742872121527,1.5281186191984375e-06,0.07540104673151424,0.07540104673151424,0.05255099275656054,1.0,1.0,1.0,0.0,0.0,0.0
ID_test,9cc1088a1e9eef230167a3e7,gaussian_random_field,truncated_line,7,0.941662457875725,0.941662457875725,0.9953306745367011,0.10861742872121527,0.10861742872121527,1.5281186191984375e-06,0.06793904436606743,0.06793904436606743,0.05154069938497159,1.0,1.0,1.0,0.0,0.0,0.0
ID_test,9cc1088a1e9eef230167a3e7,gaussian_random_field,truncated_line,8,0.9689083629504673,0.9689083629504673,0.9982387437228215,0.10861742872121527,0.10861742872121527,1.5281186191984375e-06,0.059534763201029885,0.059534763201029885,0.04771487275569774,1.0,1.0,1.0,0.0,0.0,0.0
ID_test,9cc1088a1e9eef230167a3e7,gaussian_random_field,truncated_line,9,0.9874915707498371,0.9874915707498371,0.9960331686551029,0.10861742872121527,0.10861742872121527,1.5281186191984375e-06,0.05770720233737285,0.05770720233737285,0.03858622468870926,1.0,1.0,1.0,0.0,0.0,0.0
ID_test,9cc1088a1e9eef230167a3e7,gaussian_random_field,truncated_line,10,0.987881074316275,0.987881074316275,0.9922751585767222,0.10861742872121527,0.10861742872121527,1.5281186191984375e-06,0.06256693791776276,0.06256693791776276,0.03671772583330381,1.0,1.0,1.0,0.0,0.0,0.0
ID_test,9f49f57922f6e7721ec5dee3,kratzer,radial_reduced,0,0.9582969607216881,0.9582969607216881,0.9967839143111606,0.9062821852867208,0.9062821852867208,0.0005611669445214629,0.35817163295945964,0.35817163295945964,0.540603941282991,1.0,1.0,0.0,0.0,0.0,0.0
ID_test,9f49f57922f6e7721ec5dee3,kratzer,radial_reduced,1,0.3106278676481258,0.3106278676481258,0.9800935801077713,0.9062821852867208,0.9062821852867208,0.0005611669445214629,0.23082706360373798,0.23082706360373798,0.7134747360239799,0.0,0.0,0.0,0.0,0.0,0.0
ID_test,9f49f57922f6e7721ec5dee3,kratzer,radial_reduced,2,0.39265632299529935,0.39265632299529935,0.9366066840218608,0.9062821852867208,0.9062821852867208,0.0005611669445214629,0.2952843054489052,0.2952843054489052,0.8056305837601025,0.0,0.0,0.0,0.0,0.0,0.0
ID_test,9f49f57922f6e7721ec5dee3,kratzer,radial_reduced,3,0.4665002001541646,0.4665002001541646,0.8945332456649717,0.9062821852867208,0.9062821852867208,0.0005611669445214629,0.39896299995847906,0.39896299995847906,0.8707704135581258,1.0,1.0,0.0,0.0,0.0,0.0
ID_test,9f49f57922f6e7721ec5dee3,kratzer,radial_reduced,4,0.5413077115579419,0.5413077115579419,0.835470793732294,0.9062821852867208,0.9062821852867208,0.0005611669445214629,0.6786334205957206,0.6786334205957206,0.869646283773248,1.0,1.0,0.0,0.0,0.0,0.0
ID_test,9f49f57922f6e7721ec5dee3,kratzer,radial_reduced,5,0.3739304724094334,0.3739304724094334,0.7608117947575715,0.9062821852867208,0.9062821852867208,0.0005611669445214629,0.5682417270844956,0.5682417270844956,0.9460322713793968,1.0,1.0,0.0,0.0,0.0,0.0
ID_test,9f49f57922f6e7721ec5dee3,kratzer,radial_reduced,6,0.4316013181796494,0.4316013181796494,0.6137368049361527,0.9062821852867208,0.9062821852867208,0.0005611669445214629,0.9578710200865748,0.9578710200865748,0.9495081779522538,1.0,1.0,0.0,0.0,0.0,0.0
ID_test,9f49f57922f6e7721ec5dee3,kratzer,radial_reduced,7,0.3528310961538856,0.3528310961538856,0.7328557403384649,0.9062821852867208,0.9062821852867208,0.0005611669445214629,0.9748300113466672,0.9748300113466672,0.9052832998237924,1.0,1.0,0.0,0.0,0.0,0.0
ID_test,9f49f57922f6e7721ec5dee3,kratzer,radial_reduced,8,0.21453478584283495,0.21453478584283495,0.38196788336242193,0.9062821852867208,0.9062821852867208,0.0005611669445214629,0.9822443220849408,0.9822443220849408,0.9691415055996757,1.0,1.0,0.0,0.0,0.0,0.0
ID_test,9f49f57922f6e7721ec5dee3,kratzer,radial_reduced,9,0.3609494432648542,0.3609494432648542,0.4961972177605095,0.9062821852867208,0.9062821852867208,0.0005611669445214629,0.9907245973570815,0.9907245973570815,0.9722331766465504,1.0,1.0,0.0,0.0,0.0,0.0
ID_test,9f49f57922f6e7721ec5dee3,kratzer,radial_reduced,10,0.2950263535390061,0.2950263535390061,0.05919620220074026,0.9062821852867208,0.9062821852867208,0.0005611669445214629,0.9946940581055487,0.9946940581055487,0.8171210447118342,1.0,1.0,0.0,0.0,0.0,0.0
ID_test,a221b5baf26ba2a0c59246a8,radial_oscillator,radial_reduced,0,0.9893436524742877,0.9893436524742877,0.9996965020891221,0.4107701558972007,0.4107701558972007,1.940142027700986e-06,0.6756951165916376,0.6756951165916376,0.754468187506998,1.0,1.0,1.0,0.0,0.0,0.0
ID_test,a221b5baf26ba2a0c59246a8,radial_oscillator,radial_reduced,1,0.7000509183849154,0.7000509183849154,0.9996092039365531,0.4107701558972007,0.4107701558972007,1.940142027700986e-06,0.7326246879810698,0.7326246879810698,0.7728041731158426,1.0,1.0,0.0,0.0,0.0,0.0
ID_test,a221b5baf26ba2a0c59246a8,radial_oscillator,radial_reduced,2,0.6808578439152995,0.6808578439152995,0.9990255822343874,0.4107701558972007,0.4107701558972007,1.940142027700986e-06,0.6915785732082966,0.6915785732082966,0.6846085957667214,1.0,1.0,0.0,0.0,0.0,0.0
ID_test,a221b5baf26ba2a0c59246a8,radial_oscillator,radial_reduced,3,0.7462208596963671,0.7462208596963671,0.9979311464880021,0.4107701558972007,0.4107701558972007,1.940142027700986e-06,0.7053328831711576,0.7053328831711576,0.6683039554275871,1.0,1.0,0.0,0.0,0.0,0.0
ID_test,a221b5baf26ba2a0c59246a8,radial_oscillator,radial_reduced,4,0.7191246957467129,0.7191246957467129,0.9983810143319121,0.4107701558972007,0.4107701558972007,1.940142027700986e-06,0.7225356356750156,0.7225356356750156,0.6430280415999741,1.0,1.0,0.0,0.0,0.0,0.0
ID_test,a221b5baf26ba2a0c59246a8,radial_oscillator,radial_reduced,5,0.811690651298612,0.811690651298612,0.9981540361873644,0.4107701558972007,0.4107701558972007,1.940142027700986e-06,0.7035206460858519,0.7035206460858519,0.6799029319755032,1.0,1.0,1.0,0.0,0.0,0.0
ID_test,a221b5baf26ba2a0c59246a8,radial_oscillator,radial_reduced,6,0.8140489695462714,0.8140489695462714,0.9954802021766345,0.4107701558972007,0.4107701558972007,1.940142027700986e-06,0.8091764492922692,0.8091764492922692,0.7554477800942466,1.0,1.0,0.0,0.0,0.0,0.0
ID_test,a221b5baf26ba2a0c59246a8,radial_oscillator,radial_reduced,7,0.8808571867836084,0.8808571867836084,0.9963138423162426,0.4107701558972007,0.4107701558972007,1.940142027700986e-06,0.7683650340454917,0.7683650340454917,0.7147149714801561,1.0,1.0,1.0,0.0,0.0,0.0
ID_test,a221b5baf26ba2a0c59246a8,radial_oscillator,radial_reduced,8,0.8645614560804473,0.8645614560804473,0.9899154129775574,0.4107701558972007,0.4107701558972007,1.940142027700986e-06,0.7511972163900588,0.7511972163900588,0.7300458569291673,1.0,1.0,0.0,0.0,0.0,0.0
ID_test,a221b5baf26ba2a0c59246a8,radial_oscillator,radial_reduced,9,0.7444218287411228,0.7444218287411228,0.9554087314664879,0.4107701558972007,0.4107701558972007,1.940142027700986e-06,0.7351254176823818,0.7351254176823818,0.749997966921223,1.0,1.0,1.0,0.0,0.0,0.0
ID_test,a221b5baf26ba2a0c59246a8,radial_oscillator,radial_reduced,10,0.7610315847899773,0.7610315847899773,0.9859832100115266,0.4107701558972007,0.4107701558972007,1.940142027700986e-06,0.7561805200773877,0.7561805200773877,0.7772183479245792,1.0,1.0,1.0,0.0,0.0,0.0
ID_test,a58357b123947ead45fca1f3,single_barrier,truncated_line,0,0.9828192761260427,0.9828192761260427,0.9997965253759384,0.09881683874155893,0.09881683874155893,2.4593930481042747e-06,0.23718083128006273,0.23718083128006273,0.1316748991706183,1.0,1.0,0.0,0.0,0.0,0.0
ID_test,a58357b123947ead45fca1f3,single_barrier,truncated_line,1,0.986670526797006,0.986670526797006,0.9993571561322045,0.09881683874155893,0.09881683874155893,2.4593930481042747e-06,0.11569454892754195,0.11569454892754195,0.08096812196752118,1.0,1.0,0.0,0.0,0.0,0.0
ID_test,a58357b123947ead45fca1f3,single_barrier,truncated_line,2,0.9830420544057261,0.9830420544057261,0.9992243607049072,0.09881683874155893,0.09881683874155893,2.4593930481042747e-06,0.07626470222815894,0.07626470222815894,0.055216511225723075,1.0,1.0,1.0,0.0,0.0,0.0
ID_test,a58357b123947ead45fca1f3,single_barrier,truncated_line,3,0.9508423259823403,0.9508423259823403,0.9990632704865627,0.09881683874155893,0.09881683874155893,2.4593930481042747e-06,0.0640885336054552,0.0640885336054552,0.03740356599609322,1.0,1.0,1.0,0.0,0.0,0.0
ID_test,a58357b123947ead45fca1f3,single_barrier,truncated_line,4,0.922539028341056,0.922539028341056,0.9987401694993192,0.09881683874155893,0.09881683874155893,2.4593930481042747e-06,0.04811478822785503,0.04811478822785503,0.025853693050856885,1.0,1.0,1.0,0.0,0.0,0.0
ID_test,a58357b123947ead45fca1f3,single_barrier,truncated_line,5,0.8316094098547612,0.8316094098547612,0.9972871630191906,0.09881683874155893,0.09881683874155893,2.4593930481042747e-06,0.042997119234498525,0.042997119234498525,0.0279078751409503,1.0,1.0,1.0,0.0,0.0,0.0
ID_test,a58357b123947ead45fca1f3,single_barrier,truncated_line,6,0.8767558499606186,0.8767558499606186,0.9970225371029103,0.09881683874155893,0.09881683874155893,2.4593930481042747e-06,0.03649820939717562,0.03649820939717562,0.028221725466173863,1.0,1.0,1.0,0.0,0.0,0.0
ID_test,a58357b123947ead45fca1f3,single_barrier,truncated_line,7,0.9381206035755826,0.9381206035755826,0.9963671699122026,0.09881683874155893,0.09881683874155893,2.4593930481042747e-06,0.035186039674585674,0.035186039674585674,0.028679209927375115,1.0,1.0,1.0,0.0,0.0,0.0
ID_test,a58357b123947ead45fca1f3,single_barrier,truncated_line,8,0.9571314884630235,0.9571314884630235,0.9979471864698575,0.09881683874155893,0.09881683874155893,2.4593930481042747e-06,0.0331129779348105,0.0331129779348105,0.030182420651040928,1.0,1.0,1.0,0.0,0.0,0.0
ID_test,a58357b123947ead45fca1f3,single_barrier,truncated_line,9,0.9776699072185342,0.9776699072185342,0.9968385535772368,0.09881683874155893,0.09881683874155893,2.4593930481042747e-06,0.03642769390852156,0.03642769390852156,0.02867540320310885,1.0,1.0,1.0,0.0,0.0,0.0
ID_test,a58357b123947ead45fca1f3,single_barrier,truncated_line,10,0.9845288648570515,0.9845288648570515,0.9906775668264279,0.09881683874155893,0.09881683874155893,2.4593930481042747e-06,0.02655675431243927,0.02655675431243927,0.026128863221056568,1.0,1.0,1.0,0.0,0.0,0.0
ID_test,ac0806969d87030a3f19d64b,multiple_barriers,truncated_line,0,0.9745404975878438,0.9745404975878438,0.99760068393216,0.12087523829614868,0.12087523829614868,1.209234358423572e-06,0.5611574329133938,0.5611574329133938,0.5533719648874349,1.0,1.0,0.0,0.0,0.0,0.0
ID_test,ac0806969d87030a3f19d64b,multiple_barriers,truncated_line,1,0.9477241474345436,0.9477241474345436,0.994393047365292,0.12087523829614868,0.12087523829614868,1.209234358423572e-06,0.26067210393656476,0.26067210393656476,0.2638096628321055,1.0,1.0,0.0,0.0,0.0,0.0
ID_test,ac0806969d87030a3f19d64b,multiple_barriers,truncated_line,2,0.765019520869015,0.765019520869015,0.9981341167985919,0.12087523829614868,0.12087523829614868,1.209234358423572e-06,0.21296853146638975,0.21296853146638975,0.15538856037340462,1.0,1.0,1.0,0.0,0.0,0.0
ID_test,ac0806969d87030a3f19d64b,multiple_barriers,truncated_line,3,0.8278253329831291,0.8278253329831291,0.9898966012361028,0.12087523829614868,0.12087523829614868,1.209234358423572e-06,0.1334472593890525,0.1334472593890525,0.11334448974945883,1.0,1.0,1.0,0.0,0.0,0.0
ID_test,ac0806969d87030a3f19d64b,multiple_barriers,truncated_line,4,0.8017149328165954,0.8017149328165954,0.9936639721418594,0.12087523829614868,0.12087523829614868,1.209234358423572e-06,0.12052023512843707,0.12052023512843707,0.062075986431339596,1.0,1.0,1.0,0.0,0.0,0.0
ID_test,ac0806969d87030a3f19d64b,multiple_barriers,truncated_line,5,0.8745332067266665,0.8745332067266665,0.9976049952536763,0.12087523829614868,0.12087523829614868,1.209234358423572e-06,0.05571221828610191,0.05571221828610191,0.044996948227394744,1.0,1.0,1.0,0.0,0.0,0.0
ID_test,ac0806969d87030a3f19d64b,multiple_barriers,truncated_line,6,0.9248144479443388,0.9248144479443388,0.9960622732717205,0.12087523829614868,0.12087523829614868,1.209234358423572e-06,0.06919611264190335,0.06919611264190335,0.046546562064435214,1.0,1.0,1.0,0.0,0.0,0.0
ID_test,ac0806969d87030a3f19d64b,multiple_barriers,truncated_line,7,0.9492258593828504,0.9492258593828504,0.997085064427748,0.12087523829614868,0.12087523829614868,1.209234358423572e-06,0.045141984277804414,0.045141984277804414,0.0357116316343993,1.0,1.0,1.0,0.0,0.0,0.0
ID_test,ac0806969d87030a3f19d64b,multiple_barriers,truncated_line,8,0.9644779251663028,0.9644779251663028,0.9947215469893369,0.12087523829614868,0.12087523829614868,1.209234358423572e-06,0.0417287979229136,0.0417287979229136,0.03711367449227169,1.0,1.0,1.0,0.0,0.0,0.0
ID_test,ac0806969d87030a3f19d64b,multiple_barriers,truncated_line,9,0.9744461901246907,0.9744461901246907,0.9965020831117187,0.12087523829614868,0.12087523829614868,1.209234358423572e-06,0.03953760531659098,0.03953760531659098,0.03240445602814112,1.0,1.0,1.0,0.0,0.0,0.0
ID_test,ac0806969d87030a3f19d64b,multiple_barriers,truncated_line,10,0.9735996044562121,0.9735996044562121,0.9836583006812263,0.12087523829614868,0.12087523829614868,1.209234358423572e-06,0.03695530791447677,0.03695530791447677,0.030363611004672428,1.0,1.0,1.0,0.0,0.0,0.0
ID_test,ae3bcfcee4af1448db12787f,infinite_box,finite_interval,0,0.9997646627028468,0.9999976693383226,0.9999938988236035,0.022827749152714124,1.1958638569398161e-06,1.5410294719186979e-06,0.332193681250411,0.10126993599847252,0.22276216677344257,1.0,1.0,1.0,0.00023300663547576317,-0.23092374525193848,-0.022826553288857184
ID_test,ae3bcfcee4af1448db12787f,infinite_box,finite_interval,1,0.999795284609061,0.9999957210619771,0.9999852385639044,0.022827749152714124,1.1958638569398161e-06,1.5410294719186979e-06,0.09492806024456618,0.037990783958765456,0.08127518802455067,1.0,1.0,1.0,0.00020043645291611956,-0.056937276285800725,-0.022826553288857184
ID_test,ae3bcfcee4af1448db12787f,infinite_box,finite_interval,2,0.9996950635731308,0.9999976064575443,0.9999912330064522,0.022827749152714124,1.1958638569398161e-06,1.5410294719186979e-06,0.03473176910161517,0.012731800721581872,0.028074665198404316,1.0,1.0,1.0,0.00030254288441355914,-0.021999968380033298,-0.022826553288857184
ID_test,ae3bcfcee4af1448db12787f,infinite_box,finite_interval,3,0.9996237056464773,0.9999985827114529,0.9999941237131568,0.022827749152714124,1.1958638569398161e-06,1.5410294719186979e-06,0.021462954785125953,0.006085607109915613,0.014611055630943953,1.0,1.0,1.0,0.00037487706497563167,-0.01537734767521034,-0.022826553288857184
ID_test,ae3bcfcee4af1448db12787f,infinite_box,finite_interval,4,0.9992875302496619,0.9999978593900549,0.9999925183246157,0.022827749152714124,1.1958638569398161e-06,1.5410294719186979e-06,0.020562517249307858,0.004454793065703007,0.011051331327391896,1.0,1.0,1.0,0.0007103291403930401,-0.01610772418360485,-0.022826553288857184
ID_test,ae3bcfcee4af1448db12787f,infinite_box,finite_interval,5,0.9986137738750299,0.9999900103594052,0.9999682178520197,0.022827749152714124,1.1958638569398161e-06,1.5410294719186979e-06,0.016139590640063376,0.005530100863783554,0.011452263179507217,1.0,1.0,1.0,0.0013762364843752373,-0.010609489776279821,-0.022826553288857184
ID_test,ae3bcfcee4af1448db12787f,infinite_box,finite_interval,6,0.9991167481307948,0.9999924916656575,0.9999714624752201,0.022827749152714124,1.1958638569398161e-06,1.5410294719186979e-06,0.01333983499363498,0.004636465598215043,0.010387262483413023,1.0,1.0,1.0,0.0008757435348627496,-0.008703369395419937,-0.022826553288857184
ID_test,ae3bcfcee4af1448db12787f,infinite_box,finite_interval,7,0.9988559344714065,0.99998612106197,0.9999527670123675,0.022827749152714124,1.1958638569398161e-06,1.5410294719186979e-06,0.012513286026457624,0.004262321533982505,0.009208410390389504,1.0,1.0,1.0,0.00113018659056352,-0.00825096449247512,-0.022826553288857184
ID_test,ae3bcfcee4af1448db12787f,infinite_box,finite_interval,8,0.9953523038130151,0.9996098356661826,0.9988790419195992,0.022827749152714124,1.1958638569398161e-06,1.5410294719186979e-06,0.02684497236854476,0.01223925449061114,0.024113816914521496,1.0,1.0,1.0,0.004257531853167462,-0.014605717877933619,-0.022826553288857184
ID_test,ae3bcfcee4af1448db12787f,infinite_box,finite_interval,9,0.9955020360598216,0.9994655529975222,0.9985796049095541,0.022827749152714124,1.1958638569398161e-06,1.5410294719186979e-06,0.02260267788546778,0.010149819662415826,0.02073735349880114,1.0,1.0,1.0,0.003963516937700584,-0.012452858223051954,-0.022826553288857184
ID_test,ae3bcfcee4af1448db12787f,infinite_box,finite_interval,10,0.9965564015578411,0.9993242590330494,0.9982843647502865,0.022827749152714124,1.1958638569398161e-06,1.5410294719186979e-06,0.020398343190654134,0.008926261350725094,0.017838335306245984,1.0,1.0,1.0,0.0027678574752083573,-0.01147208183992904,-0.022826553288857184
ID_test,b1b1ad3c58e32af37b156f37,infinite_box,finite_interval,0,0.9997645322864016,0.9999977612495694,0.9999936174996542,0.022827501362765526,1.5957232151198042e-06,1.562344384198333e-06,0.33218458481484586,0.10127951667876153,0.22275253137822948,1.0,1.0,1.0,0.0002332289631677975,-0.23090506813608433,-0.022825905639550406
ID_test,b1b1ad3c58e32af37b156f37,infinite_box,finite_interval,1,0.999795167740836,0.999995835589999,0.9999848951153606,0.022827501362765526,1.5957232151198042e-06,1.562344384198333e-06,0.09492278984751311,0.037990757232651454,0.08126815885626762,1.0,1.0,1.0,0.0002006678491630609,-0.056932032614861655,-0.022825905639550406
ID_test,b1b1ad3c58e32af37b156f37,infinite_box,finite_interval,2,0.9996949290360664,0.9999973883068803,0.9999914536108883,0.022827501362765526,1.5957232151198042e-06,1.562344384198333e-06,0.03473215770885341,0.01273188510254348,0.028076010722802,1.0,1.0,1.0,0.0003024592708139595,-0.022000272606309934,-0.022825905639550406
ID_test,b1b1ad3c58e32af37b156f37,infinite_box,finite_interval,3,0.9996236390933667,0.9999975086594288,0.9999945315822004,0.022827501362765526,1.5957232151198042e-06,1.562344384198333e-06,0.021462952596852145,0.006085446030158683,0.014611223679120934,1.0,1.0,1.0,0.00037386956606211275,-0.015377506566693462,-0.022825905639550406
ID_test,b1b1ad3c58e32af37b156f37,infinite_box,finite_interval,4,0.9992875409675376,0.9999974543587786,0.9999920744641929,0.022827501362765526,1.5957232151198042e-06,1.562344384198333e-06,0.020562290373452214,0.004454554467007959,0.011050895947808545,1.0,1.0,1.0,0.000709913391241046,-0.016107735906444254,-0.022825905639550406
ID_test,b1b1ad3c58e32af37b156f37,infinite_box,finite_interval,5,0.9986137350101479,0.9999897067211602,0.9999683100842813,0.022827501362765526,1.5957232151198042e-06,1.562344384198333e-06,0.01614096523962172,0.005529877072793496,0.011454127809020316,1.0,1.0,1.0,0.001375971711012225,-0.010611088166828223,-0.022825905639550406
ID_test,b1b1ad3c58e32af37b156f37,infinite_box,finite_interval,6,0.9991166099961556,0.9999924157986348,0.999971655242873,0.022827501362765526,1.5957232151198042e-06,1.562344384198333e-06,0.013339831509986324,0.004636323397207184,0.010387347330758592,1.0,1.0,1.0,0.000875805802479257,-0.008703508112779139,-0.022825905639550406
ID_test,b1b1ad3c58e32af37b156f37,infinite_box,finite_interval,7,0.9988558495370726,0.9999866138321831,0.9999529066918126,0.022827501362765526,1.5957232151198042e-06,1.562344384198333e-06,0.012513457647935579,0.00426235640856932,0.009208625612048823,1.0,1.0,1.0,0.001130764295110498,-0.00825110123936626,-0.022825905639550406
ID_test,b1b1ad3c58e32af37b156f37,infinite_box,finite_interval,8,0.9953521059358452,0.9996098862069825,0.9988798378548466,0.022827501362765526,1.5957232151198042e-06,1.562344384198333e-06,0.02684451209639386,0.012239088984038578,0.024113328388816854,1.0,1.0,1.0,0.004257780271137324,-0.01460542311235528,-0.022825905639550406
ID_test,b1b1ad3c58e32af37b156f37,infinite_box,finite_interval,9,0.9955018672258488,0.999465348681364,0.9985791579838551,0.022827501362765526,1.5957232151198042e-06,1.562344384198333e-06,0.022602785810229432,0.010149877226435832,0.020737492470765947,1.0,1.0,1.0,0.003963481455515283,-0.0124529085837936,-0.022825905639550406
ID_test,b1b1ad3c58e32af37b156f37,infinite_box,finite_interval,10,0.9965564149362716,0.9993235754570653,0.9982842615375538,0.022827501362765526,1.5957232151198042e-06,1.562344384198333e-06,0.020397374030840597,0.00892595097061859,0.01783740290047896,1.0,1.0,1.0,0.002767160520793732,-0.011471423060222008,-0.022825905639550406
ID_test,b3f324ef18f2500bc7c051ba,asymptotically_constant,truncated_line,0,0.9976353345533469,0.9976353345533469,0.9999862418998666,0.17636706360263482,0.17636706360263482,1.3570332022538878e-06,0.0050593486056521,0.0050593486056521,0.0022826690620492613,1.0,1.0,1.0,0.0,0.0,0.0
ID_test,b3f324ef18f2500bc7c051ba,asymptotically_constant,truncated_line,1,0.9952988524783578,0.9952988524783578,0.9999582131054925,0.17636706360263482,0.17636706360263482,1.3570332022538878e-06,0.007464005410762254,0.007464005410762254,0.0029415865998780916,1.0,1.0,0.0,0.0,0.0,0.0
ID_test,b3f324ef18f2500bc7c051ba,asymptotically_constant,truncated_line,2,0.9882704455191699,0.9882704455191699,0.9997536961310803,0.17636706360263482,0.17636706360263482,1.3570332022538878e-06,0.015106854727866615,0.015106854727866615,0.006544230020527538,1.0,1.0,0.0,0.0,0.0,0.0
ID_test,b3f324ef18f2500bc7c051ba,asymptotically_constant,truncated_line,3,0.9903314545123016,0.9903314545123016,0.9989725046195818,0.17636706360263482,0.17636706360263482,1.3570332022538878e-06,0.019141688813416283,0.019141688813416283,0.0132693600850527,1.0,1.0,1.0,0.0,0.0,0.0
ID_test,b3f324ef18f2500bc7c051ba,asymptotically_constant,truncated_line,4,0.9909441370369312,0.9909441370369312,0.9991779062839146,0.17636706360263482,0.17636706360263482,1.3570332022538878e-06,0.018648432028436766,0.018648432028436766,0.012498023993339113,1.0,1.0,1.0,0.0,0.0,0.0
ID_test,b3f324ef18f2500bc7c051ba,asymptotically_constant,truncated_line,5,0.9914613701012537,0.9914613701012537,0.9990626167075861,0.17636706360263482,0.17636706360263482,1.3570332022538878e-06,0.0333039432830825,0.0333039432830825,0.013379590354777614,1.0,1.0,1.0,0.0,0.0,0.0
ID_test,b3f324ef18f2500bc7c051ba,asymptotically_constant,truncated_line,6,0.9939723469959758,0.9939723469959758,0.9995249482987217,0.17636706360263482,0.17636706360263482,1.3570332022538878e-06,0.021022950554163543,0.021022950554163543,0.011704208492409933,1.0,1.0,1.0,0.0,0.0,0.0
ID_test,b3f324ef18f2500bc7c051ba,asymptotically_constant,truncated_line,7,0.9898264456732921,0.9898264456732921,0.9949230458051457,0.17636706360263482,0.17636706360263482,1.3570332022538878e-06,0.030844125190307603,0.030844125190307603,0.018956054312632708,1.0,1.0,1.0,0.0,0.0,0.0
ID_test,b3f324ef18f2500bc7c051ba,asymptotically_constant,truncated_line,8,0.9816465682267556,0.9816465682267556,0.9980048686078612,0.17636706360263482,0.17636706360263482,1.3570332022538878e-06,0.027256895010732637,0.027256895010732637,0.016363441954225698,1.0,1.0,1.0,0.0,0.0,0.0
ID_test,b3f324ef18f2500bc7c051ba,asymptotically_constant,truncated_line,9,0.9767787631090525,0.9767787631090525,0.995663570683099,0.17636706360263482,0.17636706360263482,1.3570332022538878e-06,0.03059321176664029,0.03059321176664029,0.021148365338368506,1.0,1.0,1.0,0.0,0.0,0.0
ID_test,b3f324ef18f2500bc7c051ba,asymptotically_constant,truncated_line,10,0.957500428560569,0.957500428560569,0.9908762137806989,0.17636706360263482,0.17636706360263482,1.3570332022538878e-06,0.05834531415319207,0.05834531415319207,0.037042211053794134,1.0,1.0,1.0,0.0,0.0,0.0
ID_test,b4c120a00dbd89e82dc2b738,gaussian_well,truncated_line,0,0.9957221975451315,0.9957221975451315,0.9999836727899601,0.13864541189004373,0.13864541189004373,1.3722448192199366e-06,0.008339092180450492,0.008339092180450492,0.0025848467799348845,1.0,1.0,1.0,0.0,0.0,0.0
ID_test,b4c120a00dbd89e82dc2b738,gaussian_well,truncated_line,1,0.9964947449001673,0.9964947449001673,0.9999205359573975,0.13864541189004373,0.13864541189004373,1.3722448192199366e-06,0.011668345845916653,0.011668345845916653,0.00520256255409762,1.0,1.0,0.0,0.0,0.0,0.0
ID_test,b4c120a00dbd89e82dc2b738,gaussian_well,truncated_line,2,0.9922954524740142,0.9922954524740142,0.9998631324860019,0.13864541189004373,0.13864541189004373,1.3722448192199366e-06,0.01750991382091508,0.01750991382091508,0.006771785255317621,1.0,1.0,0.0,0.0,0.0,0.0
ID_test,b4c120a00dbd89e82dc2b738,gaussian_well,truncated_line,3,0.9947374965556903,0.9947374965556903,0.9993926856661336,0.13864541189004373,0.13864541189004373,1.3722448192199366e-06,0.021457005794426755,0.021457005794426755,0.015820621570786217,1.0,1.0,1.0,0.0,0.0,0.0
ID_test,b4c120a00dbd89e82dc2b738,gaussian_well,truncated_line,4,0.9940959677402922,0.9940959677402922,0.9995414080362085,0.13864541189004373,0.13864541189004373,1.3722448192199366e-06,0.021730145736532085,0.021730145736532085,0.014935682136810464,1.0,1.0,1.0,0.0,0.0,0.0
ID_test,b4c120a00dbd89e82dc2b738,gaussian_well,truncated_line,5,0.9944268097986454,0.9944268097986454,0.9990145418557065,0.13864541189004373,0.13864541189004373,1.3722448192199366e-06,0.04124698246136483,0.04124698246136483,0.021388638566685974,1.0,1.0,1.0,0.0,0.0,0.0
ID_test,b4c120a00dbd89e82dc2b738,gaussian_well,truncated_line,6,0.9951594964376798,0.9951594964376798,0.9993055934508616,0.13864541189004373,0.13864541189004373,1.3722448192199366e-06,0.032348168600862044,0.032348168600862044,0.024917268999684224,1.0,1.0,1.0,0.0,0.0,0.0
ID_test,b4c120a00dbd89e82dc2b738,gaussian_well,truncated_line,7,0.9923237841788557,0.9923237841788557,0.9945837949353048,0.13864541189004373,0.13864541189004373,1.3722448192199366e-06,0.0477682644113784,0.0477682644113784,0.04305170026540191,1.0,1.0,1.0,0.0,0.0,0.0
ID_test,b4c120a00dbd89e82dc2b738,gaussian_well,truncated_line,8,0.9914857571002981,0.9914857571002981,0.9982796500698872,0.13864541189004373,0.13864541189004373,1.3722448192199366e-06,0.07682142928732276,0.07682142928732276,0.07229201562883669,1.0,1.0,1.0,0.0,0.0,0.0
ID_test,b4c120a00dbd89e82dc2b738,gaussian_well,truncated_line,9,0.9866427147656728,0.9866427147656728,0.9911560910944746,0.13864541189004373,0.13864541189004373,1.3722448192199366e-06,0.13169004038020302,0.13169004038020302,0.1188317923767065,1.0,1.0,1.0,0.0,0.0,0.0
ID_test,b4c120a00dbd89e82dc2b738,gaussian_well,truncated_line,10,0.9782723532728741,0.9782723532728741,0.9854269213039097,0.13864541189004373,0.13864541189004373,1.3722448192199366e-06,0.25893362916923957,0.25893362916923957,0.19946539808937636,1.0,1.0,1.0,0.0,0.0,0.0
ID_test,b86c6d085593aeaf909991c5,procedural_composite,truncated_line,0,0.955170081473738,0.955170081473738,0.999876529325299,0.15243494063679358,0.15243494063679358,1.689687955996888e-06,0.33541174994290546,0.33541174994290546,0.2069620734998893,1.0,1.0,1.0,0.0,0.0,0.0
ID_test,b86c6d085593aeaf909991c5,procedural_composite,truncated_line,1,0.8673581341637564,0.8673581341637564,0.9996370605492063,0.15243494063679358,0.15243494063679358,1.689687955996888e-06,0.1571814609673246,0.1571814609673246,0.06836934233037116,1.0,1.0,1.0,0.0,0.0,0.0
ID_test,b86c6d085593aeaf909991c5,procedural_composite,truncated_line,2,0.9500712530661396,0.9500712530661396,0.9997714206356899,0.15243494063679358,0.15243494063679358,1.689687955996888e-06,0.06375180391225196,0.06375180391225196,0.031141143720938777,1.0,1.0,1.0,0.0,0.0,0.0
ID_test,b86c6d085593aeaf909991c5,procedural_composite,truncated_line,3,0.9640472237244992,0.9640472237244992,0.9994792987252801,0.15243494063679358,0.15243494063679358,1.689687955996888e-06,0.046092641888686094,0.046092641888686094,0.02972652237536291,1.0,1.0,1.0,0.0,0.0,0.0
ID_test,b86c6d085593aeaf909991c5,procedural_composite,truncated_line,4,0.9581704096525756,0.9581704096525756,0.9992999864026337,0.15243494063679358,0.15243494063679358,1.689687955996888e-06,0.0423168575445901,0.0423168575445901,0.027203600756792772,1.0,1.0,1.0,0.0,0.0,0.0
ID_test,b86c6d085593aeaf909991c5,procedural_composite,truncated_line,5,0.945691585939781,0.945691585939781,0.9978128371293635,0.15243494063679358,0.15243494063679358,1.689687955996888e-06,0.041540405862975395,0.041540405862975395,0.03207501732353849,1.0,1.0,1.0,0.0,0.0,0.0
ID_test,b86c6d085593aeaf909991c5,procedural_composite,truncated_line,6,0.9705993585761322,0.9705993585761322,0.9977030429817866,0.15243494063679358,0.15243494063679358,1.689687955996888e-06,0.03758460469792949,0.03758460469792949,0.03180615950190644,1.0,1.0,1.0,0.0,0.0,0.0
ID_test,b86c6d085593aeaf909991c5,procedural_composite,truncated_line,7,0.9736994752111796,0.9736994752111796,0.9978030449273825,0.15243494063679358,0.15243494063679358,1.689687955996888e-06,0.04050762490035468,0.04050762490035468,0.0354915043752482,1.0,1.0,1.0,0.0,0.0,0.0
ID_test,b86c6d085593aeaf909991c5,procedural_composite,truncated_line,8,0.9691253361450806,0.9691253361450806,0.9985805522481368,0.15243494063679358,0.15243494063679358,1.689687955996888e-06,0.039105559492749145,0.039105559492749145,0.03351854102122477,1.0,1.0,1.0,0.0,0.0,0.0
ID_test,b86c6d085593aeaf909991c5,procedural_composite,truncated_line,9,0.9830328670256637,0.9830328670256637,0.9970769858328405,0.15243494063679358,0.15243494063679358,1.689687955996888e-06,0.0539880092183395,0.0539880092183395,0.031243947312226964,1.0,1.0,1.0,0.0,0.0,0.0
ID_test,b86c6d085593aeaf909991c5,procedural_composite,truncated_line,10,0.9833751897583947,0.9833751897583947,0.9899384408664247,0.15243494063679358,0.15243494063679358,1.689687955996888e-06,0.07282313270243851,0.07282313270243851,0.029525017570127546,1.0,1.0,1.0,0.0,0.0,0.0
ID_test,b93a976ef5c47ad94e89d7ab,composite_confining,truncated_line,0,0.9813772484813995,0.9813772484813995,0.9999689868758181,0.08401327860157151,0.08401327860157151,1.195752254101734e-06,0.08725684905670125,0.08725684905670125,0.0172948330474197,1.0,1.0,0.0,0.0,0.0,0.0
ID_test,b93a976ef5c47ad94e89d7ab,composite_confining,truncated_line,1,0.9751480733980776,0.9751480733980776,0.9998568456581147,0.08401327860157151,0.08401327860157151,1.195752254101734e-06,0.21060425090713003,0.21060425090713003,0.09072659292368197,1.0,1.0,1.0,0.0,0.0,0.0
ID_test,b93a976ef5c47ad94e89d7ab,composite_confining,truncated_line,2,0.9712577187945671,0.9712577187945671,0.9997582346796315,0.08401327860157151,0.08401327860157151,1.195752254101734e-06,0.4047426773065943,0.4047426773065943,0.22069754975353992,1.0,1.0,1.0,0.0,0.0,0.0
ID_test,b93a976ef5c47ad94e89d7ab,composite_confining,truncated_line,3,0.9906014336370472,0.9906014336370472,0.9997152439597224,0.08401327860157151,0.08401327860157151,1.195752254101734e-06,0.11811127029690363,0.11811127029690363,0.07312476615851715,1.0,1.0,1.0,0.0,0.0,0.0
ID_test,b93a976ef5c47ad94e89d7ab,composite_confining,truncated_line,4,0.988339670054933,0.988339670054933,0.9997045061645431,0.08401327860157151,0.08401327860157151,1.195752254101734e-06,0.07583366699942949,0.07583366699942949,0.042828477250562234,1.0,1.0,1.0,0.0,0.0,0.0
ID_test,b93a976ef5c47ad94e89d7ab,composite_confining,truncated_line,5,0.9788324179177237,0.9788324179177237,0.9970174328371264,0.08401327860157151,0.08401327860157151,1.195752254101734e-06,0.0701757949108859,0.0701757949108859,0.06040568550619891,1.0,1.0,1.0,0.0,0.0,0.0
ID_test,b93a976ef5c47ad94e89d7ab,composite_confining,truncated_line,6,0.9774580815288039,0.9774580815288039,0.9971473003040724,0.08401327860157151,0.08401327860157151,1.195752254101734e-06,0.05258680622904338,0.05258680622904338,0.04880050533008938,1.0,1.0,1.0,0.0,0.0,0.0
ID_test,b93a976ef5c47ad94e89d7ab,composite_confining,truncated_line,7,0.9729585644941402,0.9729585644941402,0.9969355721670939,0.08401327860157151,0.08401327860157151,1.195752254101734e-06,0.048493368531429173,0.048493368531429173,0.04525505051054129,1.0,1.0,1.0,0.0,0.0,0.0
ID_test,b93a976ef5c47ad94e89d7ab,composite_confining,truncated_line,8,0.9708313639004857,0.9708313639004857,0.9980436069277877,0.08401327860157151,0.08401327860157151,1.195752254101734e-06,0.04778489542060561,0.04778489542060561,0.046756069440103604,1.0,1.0,1.0,0.0,0.0,0.0
ID_test,b93a976ef5c47ad94e89d7ab,composite_confining,truncated_line,9,0.9769671916582877,0.9769671916582877,0.9967533514199856,0.08401327860157151,0.08401327860157151,1.195752254101734e-06,0.044187548902790134,0.044187548902790134,0.041586620159566594,1.0,1.0,1.0,0.0,0.0,0.0
ID_test,b93a976ef5c47ad94e89d7ab,composite_confining,truncated_line,10,0.9852031659867116,0.9852031659867116,0.9915974720128075,0.08401327860157151,0.08401327860157151,1.195752254101734e-06,0.08663040305622632,0.08663040305622632,0.03800370962822878,1.0,1.0,1.0,0.0,0.0,0.0
ID_test,b95f813d82bdbd8d6a456252,asymmetric_well,truncated_line,0,0.9857035327587294,0.9857035327587294,0.9999727941833646,0.08732943910194153,0.08732943910194153,9.831360588963278e-07,0.23229677412828914,0.23229677412828914,0.04562100250276746,1.0,1.0,0.0,0.0,0.0,0.0
ID_test,b95f813d82bdbd8d6a456252,asymmetric_well,truncated_line,1,0.9865731729375865,0.9865731729375865,0.9998110522116908,0.08732943910194153,0.08732943910194153,9.831360588963278e-07,0.310490755980733,0.310490755980733,0.1403164108998551,1.0,1.0,0.0,0.0,0.0,0.0
ID_test,b95f813d82bdbd8d6a456252,asymmetric_well,truncated_line,2,0.9821229580507431,0.9821229580507431,0.9996909398649593,0.08732943910194153,0.08732943910194153,9.831360588963278e-07,0.09550632893412532,0.09550632893412532,0.04902812214623929,1.0,1.0,0.0,0.0,0.0,0.0
ID_test,b95f813d82bdbd8d6a456252,asymmetric_well,truncated_line,3,0.9891406506099991,0.9891406506099991,0.9997200197568405,0.08732943910194153,0.08732943910194153,9.831360588963278e-07,0.056066563975765815,0.056066563975765815,0.03514464808404778,1.0,1.0,0.0,0.0,0.0,0.0
ID_test,b95f813d82bdbd8d6a456252,asymmetric_well,truncated_line,4,0.990804340772532,0.990804340772532,0.9996761957361068,0.08732943910194153,0.08732943910194153,9.831360588963278e-07,0.04914293515772989,0.04914293515772989,0.02650763156269984,1.0,1.0,1.0,0.0,0.0,0.0
ID_test,b95f813d82bdbd8d6a456252,asymmetric_well,truncated_line,5,0.9940591825637681,0.9940591825637681,0.998005891969833,0.08732943910194153,0.08732943910194153,9.831360588963278e-07,0.035686540464259855,0.035686540464259855,0.03221635378736973,1.0,1.0,1.0,0.0,0.0,0.0
ID_test,b95f813d82bdbd8d6a456252,asymmetric_well,truncated_line,6,0.992182129669432,0.992182129669432,0.9972017060214126,0.08732943910194153,0.08732943910194153,9.831360588963278e-07,0.03519768817102187,0.03519768817102187,0.03162480993087434,1.0,1.0,1.0,0.0,0.0,0.0
ID_test,b95f813d82bdbd8d6a456252,asymmetric_well,truncated_line,7,0.9883804892246613,0.9883804892246613,0.9964211004235769,0.08732943910194153,0.08732943910194153,9.831360588963278e-07,0.03718555082033424,0.03718555082033424,0.03173594645033243,1.0,1.0,1.0,0.0,0.0,0.0
ID_test,b95f813d82bdbd8d6a456252,asymmetric_well,truncated_line,8,0.9876243731188552,0.9876243731188552,0.9977967258666645,0.08732943910194153,0.08732943910194153,9.831360588963278e-07,0.03598276830403157,0.03598276830403157,0.03449569799334033,1.0,1.0,1.0,0.0,0.0,0.0
ID_test,b95f813d82bdbd8d6a456252,asymmetric_well,truncated_line,9,0.9835764473430895,0.9835764473430895,0.9955396717135674,0.08732943910194153,0.08732943910194153,9.831360588963278e-07,0.03727040724202899,0.03727040724202899,0.0337932285573397,1.0,1.0,1.0,0.0,0.0,0.0
ID_test,b95f813d82bdbd8d6a456252,asymmetric_well,truncated_line,10,0.983428827082393,0.983428827082393,0.9868742962533814,0.08732943910194153,0.08732943910194153,9.831360588963278e-07,0.04593741399110294,0.04593741399110294,0.0321875337995672,1.0,1.0,1.0,0.0,0.0,0.0
ID_test,bb4c21373d08d26984918111,radial_coulomb,radial_reduced,0,0.5401612746704176,0.5401612746704176,0.8060359711505625,0.9256226102437262,0.9256226102437262,9.23180017620151e-06,0.6169983781040499,0.6169983781040499,0.7827518089952203,1.0,1.0,0.0,0.0,0.0,0.0
ID_test,bb4c21373d08d26984918111,radial_coulomb,radial_reduced,1,0.7187521357333678,0.7187521357333678,0.7186210254233394,0.9256226102437262,0.9256226102437262,9.23180017620151e-06,0.4860691601947361,0.4860691601947361,0.838605592610367,0.0,0.0,0.0,0.0,0.0,0.0
ID_test,bb4c21373d08d26984918111,radial_coulomb,radial_reduced,2,0.20907428074230236,0.20907428074230236,0.5768650619724079,0.9256226102437262,0.9256226102437262,9.23180017620151e-06,0.5497675994191537,0.5497675994191537,0.9446753166267422,0.0,0.0,0.0,0.0,0.0,0.0
ID_test,bb4c21373d08d26984918111,radial_coulomb,radial_reduced,3,0.046832693831240585,0.046832693831240585,0.47423734507996324,0.9256226102437262,0.9256226102437262,9.23180017620151e-06,0.6287715882430459,0.6287715882430459,0.9410515594874326,0.0,0.0,0.0,0.0,0.0,0.0
ID_test,bb4c21373d08d26984918111,radial_coulomb,radial_reduced,4,0.15579834108768906,0.15579834108768906,0.42117401365100354,0.9256226102437262,0.9256226102437262,9.23180017620151e-06,0.6077891254417667,0.6077891254417667,0.9344296724734996,0.0,0.0,0.0,0.0,0.0,0.0
ID_test,bb4c21373d08d26984918111,radial_coulomb,radial_reduced,5,0.59820135797696,0.59820135797696,0.4351884643636568,0.9256226102437262,0.9256226102437262,9.23180017620151e-06,0.6198578626434649,0.6198578626434649,0.9401981262656584,1.0,1.0,0.0,0.0,0.0,0.0
ID_test,bb4c21373d08d26984918111,radial_coulomb,radial_reduced,6,0.5868112960776329,0.5868112960776329,0.3829006644178552,0.9256226102437262,0.9256226102437262,9.23180017620151e-06,0.6750521509483445,0.6750521509483445,0.933590315021392,1.0,1.0,0.0,0.0,0.0,0.0
ID_test,bb4c21373d08d26984918111,radial_coulomb,radial_reduced,7,0.39956853144247867,0.39956853144247867,0.37443546832715824,0.9256226102437262,0.9256226102437262,9.23180017620151e-06,0.7025694130948666,0.7025694130948666,0.949670691859669,1.0,1.0,0.0,0.0,0.0,0.0
ID_test,bb4c21373d08d26984918111,radial_coulomb,radial_reduced,8,0.346968541007079,0.346968541007079,0.4998701304140079,0.9256226102437262,0.9256226102437262,9.23180017620151e-06,0.7103947881478019,0.7103947881478019,0.9811394637810635,1.0,1.0,0.0,0.0,0.0,0.0
ID_test,bb4c21373d08d26984918111,radial_coulomb,radial_reduced,9,0.2763535535577258,0.2763535535577258,0.4457100982638866,0.9256226102437262,0.9256226102437262,9.23180017620151e-06,0.7609857137660491,0.7609857137660491,0.9811633511871173,1.0,1.0,0.0,0.0,0.0,0.0
ID_test,bb4c21373d08d26984918111,radial_coulomb,radial_reduced,10,0.09943503439478746,0.09943503439478746,0.3061981018592055,0.9256226102437262,0.9256226102437262,9.23180017620151e-06,0.7930265356657833,0.7930265356657833,0.9912546406339463,1.0,1.0,0.0,0.0,0.0,0.0
ID_test,bb6df855193efa2ea433f72d,double_well,truncated_line,0,0.9037885438976598,0.9037885438976598,0.9998061082803402,0.43855584812011544,0.43855584812011544,1.7480337396458268e-06,0.4968764419028291,0.4968764419028291,0.40364107731033744,1.0,1.0,0.0,0.0,0.0,0.0
ID_test,bb6df855193efa2ea433f72d,double_well,truncated_line,1,0.497390261302001,0.497390261302001,0.9997472231080755,0.43855584812011544,0.43855584812011544,1.7480337396458268e-06,0.3307089499633788,0.3307089499633788,0.16517832494734483,1.0,1.0,1.0,0.0,0.0,0.0
ID_test,bb6df855193efa2ea433f72d,double_well,truncated_line,2,0.9564033607763882,0.9564033607763882,0.9996237353257342,0.43855584812011544,0.43855584812011544,1.7480337396458268e-06,0.13944593004352304,0.13944593004352304,0.10433648051839071,1.0,1.0,1.0,0.0,0.0,0.0
ID_test,bb6df855193efa2ea433f72d,double_well,truncated_line,3,0.9879705217209388,0.9879705217209388,0.9995580374469489,0.43855584812011544,0.43855584812011544,1.7480337396458268e-06,0.07804732909975257,0.07804732909975257,0.06568501578157512,1.0,1.0,1.0,0.0,0.0,0.0
ID_test,bb6df855193efa2ea433f72d,double_well,truncated_line,4,0.9948509708329627,0.9948509708329627,0.9994373945479786,0.43855584812011544,0.43855584812011544,1.7480337396458268e-06,0.06466793148423483,0.06466793148423483,0.05814616947800524,1.0,1.0,1.0,0.0,0.0,0.0
ID_test,bb6df855193efa2ea433f72d,double_well,truncated_line,5,0.9958524290008923,0.9958524290008923,0.9994145630851218,0.43855584812011544,0.43855584812011544,1.7480337396458268e-06,0.07428239089355602,0.07428239089355602,0.05881733786447049,1.0,1.0,1.0,0.0,0.0,0.0
ID_test,bb6df855193efa2ea433f72d,double_well,truncated_line,6,0.9931465413941722,0.9931465413941722,0.9994576397451589,0.43855584812011544,0.43855584812011544,1.7480337396458268e-06,0.07337106165201854,0.07337106165201854,0.055719362656828995,1.0,1.0,1.0,0.0,0.0,0.0
ID_test,bb6df855193efa2ea433f72d,double_well,truncated_line,7,0.9955841808569224,0.9955841808569224,0.9995133531663828,0.43855584812011544,0.43855584812011544,1.7480337396458268e-06,0.0629341579832379,0.0629341579832379,0.05559590924909769,1.0,1.0,1.0,0.0,0.0,0.0
ID_test,bb6df855193efa2ea433f72d,double_well,truncated_line,8,0.9935581805396617,0.9935581805396617,0.9988564386853527,0.43855584812011544,0.43855584812011544,1.7480337396458268e-06,0.05127831802387367,0.05127831802387367,0.0472736172215904,1.0,1.0,1.0,0.0,0.0,0.0
ID_test,bb6df855193efa2ea433f72d,double_well,truncated_line,9,0.9865472140142387,0.9865472140142387,0.9908256506664492,0.43855584812011544,0.43855584812011544,1.7480337396458268e-06,0.05328577347647541,0.05328577347647541,0.04498769770973431,1.0,1.0,1.0,0.0,0.0,0.0
ID_test,bb6df855193efa2ea433f72d,double_well,truncated_line,10,0.9924167046889357,0.9924167046889357,0.9954522367365432,0.43855584812011544,0.43855584812011544,1.7480337396458268e-06,0.04511726391811325,0.04511726391811325,0.03619097814249539,1.0,1.0,1.0,0.0,0.0,0.0
ID_test,bb95270fdd90c1e5a04d86b2,gaussian_well,truncated_line,0,0.9950409045159383,0.9950409045159383,0.9999787142519166,0.11819847409006225,0.11819847409006225,1.4643685751769553e-06,0.0077228701392132075,0.0077228701392132075,0.0025722800886997365,1.0,1.0,1.0,0.0,0.0,0.0
ID_test,bb95270fdd90c1e5a04d86b2,gaussian_well,truncated_line,1,0.9949060685198157,0.9949060685198157,0.9999088946721716,0.11819847409006225,0.11819847409006225,1.4643685751769553e-06,0.01107451672868192,0.01107451672868192,0.00495989084185384,1.0,1.0,0.0,0.0,0.0,0.0
ID_test,bb95270fdd90c1e5a04d86b2,gaussian_well,truncated_line,2,0.9907523480516068,0.9907523480516068,0.9999138869412656,0.11819847409006225,0.11819847409006225,1.4643685751769553e-06,0.015184707292849368,0.015184707292849368,0.0052020607319913405,1.0,1.0,0.0,0.0,0.0,0.0
ID_test,bb95270fdd90c1e5a04d86b2,gaussian_well,truncated_line,3,0.9960239598184086,0.9960239598184086,0.9994925144142415,0.11819847409006225,0.11819847409006225,1.4643685751769553e-06,0.01711696492337832,0.01711696492337832,0.012458474757359384,1.0,1.0,1.0,0.0,0.0,0.0
ID_test,bb95270fdd90c1e5a04d86b2,gaussian_well,truncated_line,4,0.9955126208187908,0.9955126208187908,0.9996257622242367,0.11819847409006225,0.11819847409006225,1.4643685751769553e-06,0.017974879509870055,0.017974879509870055,0.012391896991339212,1.0,1.0,1.0,0.0,0.0,0.0
ID_test,bb95270fdd90c1e5a04d86b2,gaussian_well,truncated_line,5,0.9960585972412763,0.9960585972412763,0.9986694449440124,0.11819847409006225,0.11819847409006225,1.4643685751769553e-06,0.03304501404537941,0.03304501404537941,0.020639201074232828,1.0,1.0,1.0,0.0,0.0,0.0
ID_test,bb95270fdd90c1e5a04d86b2,gaussian_well,truncated_line,6,0.9963191804565203,0.9963191804565203,0.9991100815229957,0.11819847409006225,0.11819847409006225,1.4643685751769553e-06,0.026559533831977525,0.026559533831977525,0.02268332380022369,1.0,1.0,1.0,0.0,0.0,0.0
ID_test,bb95270fdd90c1e5a04d86b2,gaussian_well,truncated_line,7,0.9940414930356009,0.9940414930356009,0.9956683877633915,0.11819847409006225,0.11819847409006225,1.4643685751769553e-06,0.03777708179632875,0.03777708179632875,0.035008084555625346,1.0,1.0,1.0,0.0,0.0,0.0
ID_test,bb95270fdd90c1e5a04d86b2,gaussian_well,truncated_line,8,0.9937644882632443,0.9937644882632443,0.9985925383553333,0.11819847409006225,0.11819847409006225,1.4643685751769553e-06,0.05859180500426257,0.05859180500426257,0.05703114656285906,1.0,1.0,1.0,0.0,0.0,0.0
ID_test,bb95270fdd90c1e5a04d86b2,gaussian_well,truncated_line,9,0.9908492661530773,0.9908492661530773,0.994551806468418,0.11819847409006225,0.11819847409006225,1.4643685751769553e-06,0.08969421019489116,0.08969421019489116,0.08405242852808453,1.0,1.0,1.0,0.0,0.0,0.0
ID_test,bb95270fdd90c1e5a04d86b2,gaussian_well,truncated_line,10,0.9848820432957629,0.9848820432957629,0.988860497975206,0.11819847409006225,0.11819847409006225,1.4643685751769553e-06,0.16470507797109013,0.16470507797109013,0.11894946714504324,1.0,1.0,1.0,0.0,0.0,0.0
ID_test,bcc67832c8620c86b4a26baa,gaussian_random_field,truncated_line,0,0.9871317207031737,0.9871317207031737,0.999687451802504,0.4051082786198063,0.4051082786198063,2.5939418235587652e-06,0.10214209205246383,0.10214209205246383,0.07019338520209459,1.0,1.0,0.0,0.0,0.0,0.0
ID_test,bcc67832c8620c86b4a26baa,gaussian_random_field,truncated_line,1,0.7487439701130624,0.7487439701130624,0.9994551605808348,0.4051082786198063,0.4051082786198063,2.5939418235587652e-06,0.7884134073438526,0.7884134073438526,0.4582409792359362,1.0,1.0,0.0,0.0,0.0,0.0
ID_test,bcc67832c8620c86b4a26baa,gaussian_random_field,truncated_line,2,0.4781529605784589,0.4781529605784589,0.9976452176086726,0.4051082786198063,0.4051082786198063,2.5939418235587652e-06,0.5159855638438717,0.5159855638438717,0.3034626246899509,1.0,1.0,1.0,0.0,0.0,0.0
ID_test,bcc67832c8620c86b4a26baa,gaussian_random_field,truncated_line,3,0.7733524004112462,0.7733524004112462,0.9966907274281187,0.4051082786198063,0.4051082786198063,2.5939418235587652e-06,0.3043436974481958,0.3043436974481958,0.2250751386667698,1.0,1.0,1.0,0.0,0.0,0.0
ID_test,bcc67832c8620c86b4a26baa,gaussian_random_field,truncated_line,4,0.8571149255965588,0.8571149255965588,0.9889514232503064,0.4051082786198063,0.4051082786198063,2.5939418235587652e-06,0.16791835513065892,0.16791835513065892,0.12120234277450173,1.0,1.0,1.0,0.0,0.0,0.0
ID_test,bcc67832c8620c86b4a26baa,gaussian_random_field,truncated_line,5,0.8642806117685815,0.8642806117685815,0.9745597371251328,0.4051082786198063,0.4051082786198063,2.5939418235587652e-06,0.1619107119397273,0.1619107119397273,0.10092591984531318,1.0,1.0,1.0,0.0,0.0,0.0
ID_test,bcc67832c8620c86b4a26baa,gaussian_random_field,truncated_line,6,0.7492624898922707,0.7492624898922707,0.9157195999257496,0.4051082786198063,0.4051082786198063,2.5939418235587652e-06,0.10460361901237691,0.10460361901237691,0.09168544308532883,1.0,1.0,1.0,0.0,0.0,0.0
ID_test,bcc67832c8620c86b4a26baa,gaussian_random_field,truncated_line,7,0.5486317226127679,0.5486317226127679,0.8153385262224291,0.4051082786198063,0.4051082786198063,2.5939418235587652e-06,0.12914353467380424,0.12914353467380424,0.0795479474095059,1.0,1.0,1.0,0.0,0.0,0.0
ID_test,bcc67832c8620c86b4a26baa,gaussian_random_field,truncated_line,8,0.496543247618406,0.496543247618406,0.7558209948540247,0.4051082786198063,0.4051082786198063,2.5939418235587652e-06,0.12760976447627084,0.12760976447627084,0.06658871727012777,1.0,1.0,1.0,0.0,0.0,0.0
ID_test,bcc67832c8620c86b4a26baa,gaussian_random_field,truncated_line,9,0.6174721165947139,0.6174721165947139,0.6836108245103039,0.4051082786198063,0.4051082786198063,2.5939418235587652e-06,0.13505025351468203,0.13505025351468203,0.06541675087592094,1.0,1.0,1.0,0.0,0.0,0.0
ID_test,bcc67832c8620c86b4a26baa,gaussian_random_field,truncated_line,10,0.4437331197191374,0.4437331197191374,0.5864572714543728,0.4051082786198063,0.4051082786198063,2.5939418235587652e-06,0.07690209494908,0.07690209494908,0.058433760257751634,1.0,1.0,1.0,0.0,0.0,0.0
ID_test,c6eb4b98c23dc0b06155af0e,reflected_potential,truncated_line,0,0.9389869689679815,0.9389869689679815,0.9965805306852293,0.17263039237307407,0.17263039237307407,1.293977667127244e-06,0.14144445739359263,0.14144445739359263,0.08496408110454423,1.0,1.0,0.0,0.0,0.0,0.0
ID_test,c6eb4b98c23dc0b06155af0e,reflected_potential,truncated_line,1,0.9505742232034237,0.9505742232034237,0.9897043667805661,0.17263039237307407,0.17263039237307407,1.293977667127244e-06,0.34587396403236415,0.34587396403236415,0.2601741443413089,1.0,1.0,0.0,0.0,0.0,0.0
ID_test,c6eb4b98c23dc0b06155af0e,reflected_potential,truncated_line,2,0.9008444566602815,0.9008444566602815,0.9975812096654412,0.17263039237307407,0.17263039237307407,1.293977667127244e-06,0.6539798842234588,0.6539798842234588,0.6163851758332984,1.0,1.0,0.0,0.0,0.0,0.0
ID_test,c6eb4b98c23dc0b06155af0e,reflected_potential,truncated_line,3,0.9545848311131976,0.9545848311131976,0.9961024852969209,0.17263039237307407,0.17263039237307407,1.293977667127244e-06,0.8724766850646202,0.8724766850646202,0.7789116689931321,1.0,1.0,0.0,0.0,0.0,0.0
ID_test,c6eb4b98c23dc0b06155af0e,reflected_potential,truncated_line,4,0.9720918833850141,0.9720918833850141,0.9958957269432264,0.17263039237307407,0.17263039237307407,1.293977667127244e-06,0.3646328194630526,0.3646328194630526,0.271232935265352,1.0,1.0,1.0,0.0,0.0,0.0
ID_test,c6eb4b98c23dc0b06155af0e,reflected_potential,truncated_line,5,0.9749934943841486,0.9749934943841486,0.9940859636727805,0.17263039237307407,0.17263039237307407,1.293977667127244e-06,0.23945941761734527,0.23945941761734527,0.16664940702455697,1.0,1.0,0.0,0.0,0.0,0.0
ID_test,c6eb4b98c23dc0b06155af0e,reflected_potential,truncated_line,6,0.9810801178390279,0.9810801178390279,0.9915935344593674,0.17263039237307407,0.17263039237307407,1.293977667127244e-06,0.13537637149119444,0.13537637149119444,0.11030285628926081,1.0,1.0,1.0,0.0,0.0,0.0
ID_test,c6eb4b98c23dc0b06155af0e,reflected_potential,truncated_line,7,0.9755010272433767,0.9755010272433767,0.9910383467424677,0.17263039237307407,0.17263039237307407,1.293977667127244e-06,0.10045282745153733,0.10045282745153733,0.08066999262692198,1.0,1.0,1.0,0.0,0.0,0.0
ID_test,c6eb4b98c23dc0b06155af0e,reflected_potential,truncated_line,8,0.9805377646054366,0.9805377646054366,0.9941616394934731,0.17263039237307407,0.17263039237307407,1.293977667127244e-06,0.07291874928935846,0.07291874928935846,0.05176935337960355,1.0,1.0,1.0,0.0,0.0,0.0
ID_test,c6eb4b98c23dc0b06155af0e,reflected_potential,truncated_line,9,0.9753428346905059,0.9753428346905059,0.9935482375213845,0.17263039237307407,0.17263039237307407,1.293977667127244e-06,0.06655358658097522,0.06655358658097522,0.04392255741015033,1.0,1.0,1.0,0.0,0.0,0.0
ID_test,c6eb4b98c23dc0b06155af0e,reflected_potential,truncated_line,10,0.9698412304652806,0.9698412304652806,0.9889906266714596,0.17263039237307407,0.17263039237307407,1.293977667127244e-06,0.06711462274140871,0.06711462274140871,0.04459965562491145,1.0,1.0,1.0,0.0,0.0,0.0
ID_test,c7400c6f7517895a893bc9fe,reflected_potential,truncated_line,0,0.924228000697629,0.924228000697629,0.9955733182313367,0.2430146819377535,0.2430146819377535,1.4638957908097439e-06,0.15121861101246062,0.15121861101246062,0.09214898089851055,1.0,1.0,0.0,0.0,0.0,0.0
ID_test,c7400c6f7517895a893bc9fe,reflected_potential,truncated_line,1,0.9356412126413907,0.9356412126413907,0.9785928928177398,0.2430146819377535,0.2430146819377535,1.4638957908097439e-06,0.3297551417662273,0.3297551417662273,0.2706008332699236,1.0,1.0,0.0,0.0,0.0,0.0
ID_test,c7400c6f7517895a893bc9fe,reflected_potential,truncated_line,2,0.932137963933629,0.932137963933629,0.9889898620312279,0.2430146819377535,0.2430146819377535,1.4638957908097439e-06,0.5617147962192223,0.5617147962192223,0.4849431164736311,1.0,1.0,0.0,0.0,0.0,0.0
ID_test,c7400c6f7517895a893bc9fe,reflected_potential,truncated_line,3,0.867031380114586,0.867031380114586,0.9961844343738117,0.2430146819377535,0.2430146819377535,1.4638957908097439e-06,0.7924474000115276,0.7924474000115276,0.9293811816997736,1.0,1.0,0.0,0.0,0.0,0.0
ID_test,c7400c6f7517895a893bc9fe,reflected_potential,truncated_line,4,0.9594680853641425,0.9594680853641425,0.9928718321602444,0.2430146819377535,0.2430146819377535,1.4638957908097439e-06,0.6960359935404371,0.6960359935404371,0.4096997078033269,1.0,1.0,1.0,0.0,0.0,0.0
ID_test,c7400c6f7517895a893bc9fe,reflected_potential,truncated_line,5,0.9644791593414037,0.9644791593414037,0.9916520509081966,0.2430146819377535,0.2430146819377535,1.4638957908097439e-06,0.3753289375430945,0.3753289375430945,0.22749705966818395,1.0,1.0,0.0,0.0,0.0,0.0
ID_test,c7400c6f7517895a893bc9fe,reflected_potential,truncated_line,6,0.9732636268598335,0.9732636268598335,0.9887372467073723,0.2430146819377535,0.2430146819377535,1.4638957908097439e-06,0.1949179904847587,0.1949179904847587,0.14307052139185614,1.0,1.0,0.0,0.0,0.0,0.0
ID_test,c7400c6f7517895a893bc9fe,reflected_potential,truncated_line,7,0.9661941110193395,0.9661941110193395,0.9848653138925634,0.2430146819377535,0.2430146819377535,1.4638957908097439e-06,0.14716411773401553,0.14716411773401553,0.10784184056762272,1.0,1.0,1.0,0.0,0.0,0.0
ID_test,c7400c6f7517895a893bc9fe,reflected_potential,truncated_line,8,0.9722256260149716,0.9722256260149716,0.9900302455327942,0.2430146819377535,0.2430146819377535,1.4638957908097439e-06,0.10405657142940958,0.10405657142940958,0.07170920922569655,1.0,1.0,1.0,0.0,0.0,0.0
ID_test,c7400c6f7517895a893bc9fe,reflected_potential,truncated_line,9,0.9678448118631865,0.9678448118631865,0.989422579660124,0.2430146819377535,0.2430146819377535,1.4638957908097439e-06,0.09275185236771392,0.09275185236771392,0.062096297785298515,1.0,1.0,1.0,0.0,0.0,0.0
ID_test,c7400c6f7517895a893bc9fe,reflected_potential,truncated_line,10,0.9600708718874394,0.9600708718874394,0.9866613631936345,0.2430146819377535,0.2430146819377535,1.4638957908097439e-06,0.08432487876695086,0.08432487876695086,0.05505970220700834,1.0,1.0,1.0,0.0,0.0,0.0
ID_test,c8370b2d311aec4248ae31a0,harmonic_compact,truncated_line,0,0.8945139892871311,0.8945139892871311,0.9866115438838995,0.20230404521511747,0.20230404521511747,1.2872920881479288e-06,0.24925805465189718,0.24925805465189718,0.1727003236330983,1.0,1.0,0.0,0.0,0.0,0.0
ID_test,c8370b2d311aec4248ae31a0,harmonic_compact,truncated_line,1,0.9142000046263339,0.9142000046263339,0.9597632761040927,0.20230404521511747,0.20230404521511747,1.2872920881479288e-06,0.6333492894182773,0.6333492894182773,0.5471578491585432,1.0,1.0,0.0,0.0,0.0,0.0
ID_test,c8370b2d311aec4248ae31a0,harmonic_compact,truncated_line,2,0.9420437428256702,0.9420437428256702,0.9806329141837686,0.20230404521511747,0.20230404521511747,1.2872920881479288e-06,0.8649290420890218,0.8649290420890218,0.6494832810396549,1.0,1.0,0.0,0.0,0.0,0.0
ID_test,c8370b2d311aec4248ae31a0,harmonic_compact,truncated_line,3,0.9267964744634487,0.9267964744634487,0.9927143429632008,0.20230404521511747,0.20230404521511747,1.2872920881479288e-06,0.40483170902395005,0.40483170902395005,0.22334470799753348,1.0,1.0,1.0,0.0,0.0,0.0
ID_test,c8370b2d311aec4248ae31a0,harmonic_compact,truncated_line,4,0.9598941131684847,0.9598941131684847,0.9965504777253288,0.20230404521511747,0.20230404521511747,1.2872920881479288e-06,0.2671102458436837,0.2671102458436837,0.1276969650876266,1.0,1.0,1.0,0.0,0.0,0.0
ID_test,c8370b2d311aec4248ae31a0,harmonic_compact,truncated_line,5,0.9589196110979633,0.9589196110979633,0.9943600535391296,0.20230404521511747,0.20230404521511747,1.2872920881479288e-06,0.1901152113699965,0.1901152113699965,0.10665733998644938,1.0,1.0,1.0,0.0,0.0,0.0
ID_test,c8370b2d311aec4248ae31a0,harmonic_compact,truncated_line,6,0.9652345923718937,0.9652345923718937,0.9927184979234974,0.20230404521511747,0.20230404521511747,1.2872920881479288e-06,0.17395935302833138,0.17395935302833138,0.08758404101425955,1.0,1.0,1.0,0.0,0.0,0.0
ID_test,c8370b2d311aec4248ae31a0,harmonic_compact,truncated_line,7,0.9372140869501289,0.9372140869501289,0.9806982637657216,0.20230404521511747,0.20230404521511747,1.2872920881479288e-06,0.13812680151340598,0.13812680151340598,0.07365878669848747,1.0,1.0,1.0,0.0,0.0,0.0
ID_test,c8370b2d311aec4248ae31a0,harmonic_compact,truncated_line,8,0.9522049695558445,0.9522049695558445,0.9865550355527647,0.20230404521511747,0.20230404521511747,1.2872920881479288e-06,0.10788079817582998,0.10788079817582998,0.060035970820340366,1.0,1.0,1.0,0.0,0.0,0.0
ID_test,c8370b2d311aec4248ae31a0,harmonic_compact,truncated_line,9,0.9509768522324321,0.9509768522324321,0.987945120813216,0.20230404521511747,0.20230404521511747,1.2872920881479288e-06,0.08642729220482943,0.08642729220482943,0.050002727205658466,1.0,1.0,1.0,0.0,0.0,0.0
ID_test,c8370b2d311aec4248ae31a0,harmonic_compact,truncated_line,10,0.9304697878746838,0.9304697878746838,0.9773669526592018,0.20230404521511747,0.20230404521511747,1.2872920881479288e-06,0.08835327903660818,0.08835327903660818,0.0516336898416572,1.0,1.0,1.0,0.0,0.0,0.0
ID_test,cac7b6e9eeecd252581d2dbc,asymmetric_well,truncated_line,0,0.9964601561644373,0.9964601561644373,0.9998961178242427,0.2534408008380951,0.2534408008380951,1.4165894255402378e-06,0.03949032069860254,0.03949032069860254,0.025519614197532035,1.0,1.0,1.0,0.0,0.0,0.0
ID_test,cac7b6e9eeecd252581d2dbc,asymmetric_well,truncated_line,1,0.9679866139314562,0.9679866139314562,0.9998457871997894,0.2534408008380951,0.2534408008380951,1.4165894255402378e-06,0.07531243434347344,0.07531243434347344,0.03671553763834645,1.0,1.0,0.0,0.0,0.0,0.0
ID_test,cac7b6e9eeecd252581d2dbc,asymmetric_well,truncated_line,2,0.934142682072883,0.934142682072883,0.9996025194537017,0.2534408008380951,0.2534408008380951,1.4165894255402378e-06,0.2108811802902544,0.2108811802902544,0.09315427703968197,1.0,1.0,0.0,0.0,0.0,0.0
ID_test,cac7b6e9eeecd252581d2dbc,asymmetric_well,truncated_line,3,0.9584778035105163,0.9584778035105163,0.9996882931199624,0.2534408008380951,0.2534408008380951,1.4165894255402378e-06,0.43679464726979117,0.43679464726979117,0.308957798936352,1.0,1.0,1.0,0.0,0.0,0.0
ID_test,cac7b6e9eeecd252581d2dbc,asymmetric_well,truncated_line,4,0.934285488235105,0.934285488235105,0.9979733014185911,0.2534408008380951,0.2534408008380951,1.4165894255402378e-06,0.3221910395331241,0.3221910395331241,0.2527194536873438,1.0,1.0,1.0,0.0,0.0,0.0
ID_test,cac7b6e9eeecd252581d2dbc,asymmetric_well,truncated_line,5,0.8664736437260653,0.8664736437260653,0.9904313459039404,0.2534408008380951,0.2534408008380951,1.4165894255402378e-06,0.18640367756570766,0.18640367756570766,0.1362579828223529,1.0,1.0,0.0,0.0,0.0,0.0
ID_test,cac7b6e9eeecd252581d2dbc,asymmetric_well,truncated_line,6,0.75594247286476,0.75594247286476,0.9678316837410375,0.2534408008380951,0.2534408008380951,1.4165894255402378e-06,0.1694123847708911,0.1694123847708911,0.10468975433746792,1.0,1.0,1.0,0.0,0.0,0.0
ID_test,cac7b6e9eeecd252581d2dbc,asymmetric_well,truncated_line,7,0.5790439566330472,0.5790439566330472,0.9020181014654424,0.2534408008380951,0.2534408008380951,1.4165894255402378e-06,0.2000150890468606,0.2000150890468606,0.09272854027926083,1.0,1.0,0.0,0.0,0.0,0.0
ID_test,cac7b6e9eeecd252581d2dbc,asymmetric_well,truncated_line,8,0.3818467491745502,0.3818467491745502,0.7888961279918636,0.2534408008380951,0.2534408008380951,1.4165894255402378e-06,0.198919577587708,0.198919577587708,0.0867369740212625,1.0,1.0,1.0,0.0,0.0,0.0
ID_test,cac7b6e9eeecd252581d2dbc,asymmetric_well,truncated_line,9,0.2909934554779057,0.2909934554779057,0.6673991567459086,0.2534408008380951,0.2534408008380951,1.4165894255402378e-06,0.21748337690887404,0.21748337690887404,0.08036220415344149,1.0,1.0,1.0,0.0,0.0,0.0
ID_test,cac7b6e9eeecd252581d2dbc,asymmetric_well,truncated_line,10,0.2729017951529315,0.2729017951529315,0.5389060727672641,0.2534408008380951,0.2534408008380951,1.4165894255402378e-06,0.11257448164818964,0.11257448164818964,0.07448032045550348,1.0,1.0,1.0,0.0,0.0,0.0
ID_test,cb8ea27b9993d3a3fd58eabf,harmonic,truncated_line,0,0.9959974043743968,0.9959974043743968,0.9999897886516884,0.09073351894476181,0.09073351894476181,1.666319097592961e-06,0.15295646838812693,0.15295646838812693,0.054009377363886564,1.0,1.0,1.0,0.0,0.0,0.0
ID_test,cb8ea27b9993d3a3fd58eabf,harmonic,truncated_line,1,0.9942104054280378,0.9942104054280378,0.999955164670063,0.09073351894476181,0.09073351894476181,1.666319097592961e-06,0.0753270681841286,0.0753270681841286,0.029283179824212534,1.0,1.0,0.0,0.0,0.0,0.0
ID_test,cb8ea27b9993d3a3fd58eabf,harmonic,truncated_line,2,0.9854928404548736,0.9854928404548736,0.9999431347078428,0.09073351894476181,0.09073351894476181,1.666319097592961e-06,0.05972744785374859,0.05972744785374859,0.020271259785765886,1.0,1.0,1.0,0.0,0.0,0.0
ID_test,cb8ea27b9993d3a3fd58eabf,harmonic,truncated_line,3,0.9973824587256308,0.9973824587256308,0.9997396834936625,0.09073351894476181,0.09073351894476181,1.666319097592961e-06,0.038939523233810745,0.038939523233810745,0.02596382636121536,1.0,1.0,1.0,0.0,0.0,0.0
ID_test,cb8ea27b9993d3a3fd58eabf,harmonic,truncated_line,4,0.9977658852938357,0.9977658852938357,0.9997461481739057,0.09073351894476181,0.09073351894476181,1.666319097592961e-06,0.031814118869415174,0.031814118869415174,0.022494582010489907,1.0,1.0,1.0,0.0,0.0,0.0
ID_test,cb8ea27b9993d3a3fd58eabf,harmonic,truncated_line,5,0.9975690678604622,0.9975690678604622,0.9982295594487183,0.09073351894476181,0.09073351894476181,1.666319097592961e-06,0.0385365353903691,0.0385365353903691,0.031940735287213765,1.0,1.0,1.0,0.0,0.0,0.0
ID_test,cb8ea27b9993d3a3fd58eabf,harmonic,truncated_line,6,0.9975066898181496,0.9975066898181496,0.9988426325393525,0.09073351894476181,0.09073351894476181,1.666319097592961e-06,0.027164400265473124,0.027164400265473124,0.02621145476761247,1.0,1.0,1.0,0.0,0.0,0.0
ID_test,cb8ea27b9993d3a3fd58eabf,harmonic,truncated_line,7,0.9962027109436111,0.9962027109436111,0.9975737269529219,0.09073351894476181,0.09073351894476181,1.666319097592961e-06,0.028546851177422356,0.028546851177422356,0.028376384935975177,1.0,1.0,1.0,0.0,0.0,0.0
ID_test,cb8ea27b9993d3a3fd58eabf,harmonic,truncated_line,8,0.9951359671919243,0.9951359671919243,0.999203886521668,0.09073351894476181,0.09073351894476181,1.666319097592961e-06,0.03271596062840611,0.03271596062840611,0.032231482441959385,1.0,1.0,1.0,0.0,0.0,0.0
ID_test,cb8ea27b9993d3a3fd58eabf,harmonic,truncated_line,9,0.995701636253779,0.995701636253779,0.9981663576421477,0.09073351894476181,0.09073351894476181,1.666319097592961e-06,0.03195732954928827,0.03195732954928827,0.03127448734205482,1.0,1.0,1.0,0.0,0.0,0.0
ID_test,cb8ea27b9993d3a3fd58eabf,harmonic,truncated_line,10,0.9931401215219091,0.9931401215219091,0.9942679777324183,0.09073351894476181,0.09073351894476181,1.666319097592961e-06,0.03926288787350261,0.03926288787350261,0.02786428178358831,1.0,1.0,1.0,0.0,0.0,0.0
ID_test,cc931f3002c9779cb8bf7747,smooth_perturbed,truncated_line,0,0.9871203863075096,0.9871203863075096,0.9999569818104653,0.16498415382168427,0.16498415382168427,1.3198988353391172e-06,0.05214157226726933,0.05214157226726933,0.042146240012913595,1.0,1.0,1.0,0.0,0.0,0.0
ID_test,cc931f3002c9779cb8bf7747,smooth_perturbed,truncated_line,1,0.9199581263221429,0.9199581263221429,0.9999443628741586,0.16498415382168427,0.16498415382168427,1.3198988353391172e-06,0.05723702272843865,0.05723702272843865,0.024127325789169044,1.0,1.0,1.0,0.0,0.0,0.0
ID_test,cc931f3002c9779cb8bf7747,smooth_perturbed,truncated_line,2,0.9825489721833671,0.9825489721833671,0.9997530079104181,0.16498415382168427,0.16498415382168427,1.3198988353391172e-06,0.04939647511470373,0.04939647511470373,0.03339198680114344,1.0,1.0,1.0,0.0,0.0,0.0
ID_test,cc931f3002c9779cb8bf7747,smooth_perturbed,truncated_line,3,0.9966110415845405,0.9966110415845405,0.9996603398585591,0.16498415382168427,0.16498415382168427,1.3198988353391172e-06,0.03987512197758725,0.03987512197758725,0.03173531887834226,1.0,1.0,1.0,0.0,0.0,0.0
ID_test,cc931f3002c9779cb8bf7747,smooth_perturbed,truncated_line,4,0.9974023257156762,0.9974023257156762,0.9995672673369899,0.16498415382168427,0.16498415382168427,1.3198988353391172e-06,0.037855342433447015,0.037855342433447015,0.029797749300522765,1.0,1.0,1.0,0.0,0.0,0.0
ID_test,cc931f3002c9779cb8bf7747,smooth_perturbed,truncated_line,5,0.9975472631718985,0.9975472631718985,0.9983785442924522,0.16498415382168427,0.16498415382168427,1.3198988353391172e-06,0.036691025099997325,0.036691025099997325,0.036412740939069134,1.0,1.0,1.0,0.0,0.0,0.0
ID_test,cc931f3002c9779cb8bf7747,smooth_perturbed,truncated_line,6,0.9957448711002694,0.9957448711002694,0.9987320829548125,0.16498415382168427,0.16498415382168427,1.3198988353391172e-06,0.03424378341659385,0.03424378341659385,0.032726964658031626,1.0,1.0,1.0,0.0,0.0,0.0
ID_test,cc931f3002c9779cb8bf7747,smooth_perturbed,truncated_line,7,0.9958349440218223,0.9958349440218223,0.9992104832918886,0.16498415382168427,0.16498415382168427,1.3198988353391172e-06,0.036935105501330806,0.036935105501330806,0.03499771416533036,1.0,1.0,1.0,0.0,0.0,0.0
ID_test,cc931f3002c9779cb8bf7747,smooth_perturbed,truncated_line,8,0.9940493720909435,0.9940493720909435,0.9992679771369021,0.16498415382168427,0.16498415382168427,1.3198988353391172e-06,0.04414163066356345,0.04414163066356345,0.0342562187778136,1.0,1.0,1.0,0.0,0.0,0.0
ID_test,cc931f3002c9779cb8bf7747,smooth_perturbed,truncated_line,9,0.9923527602242639,0.9923527602242639,0.9979379129429471,0.16498415382168427,0.16498415382168427,1.3198988353391172e-06,0.05231400745104133,0.05231400745104133,0.03213645350702049,1.0,1.0,1.0,0.0,0.0,0.0
ID_test,cc931f3002c9779cb8bf7747,smooth_perturbed,truncated_line,10,0.9958013797357551,0.9958013797357551,0.9983065734931309,0.16498415382168427,0.16498415382168427,1.3198988353391172e-06,0.06933994225994441,0.06933994225994441,0.02677194684754617,1.0,1.0,1.0,0.0,0.0,0.0
ID_test,d6be06e74e462c11c44145d8,multiwell,truncated_line,0,0.9787231937085907,0.9787231937085907,0.9999733123196826,0.08641216911475168,0.08641216911475168,1.8610307369604229e-06,0.21583990454904517,0.21583990454904517,0.08456333325849359,1.0,1.0,0.0,0.0,0.0,0.0
ID_test,d6be06e74e462c11c44145d8,multiwell,truncated_line,1,0.9723643145067272,0.9723643145067272,0.9998067977204068,0.08641216911475168,0.08641216911475168,1.8610307369604229e-06,0.37559512986737525,0.37559512986737525,0.2013730877189031,1.0,1.0,0.0,0.0,0.0,0.0
ID_test,d6be06e74e462c11c44145d8,multiwell,truncated_line,2,0.9688989141938461,0.9688989141938461,0.9997078994198649,0.08641216911475168,0.08641216911475168,1.8610307369604229e-06,0.16211731820114927,0.16211731820114927,0.08857693982257515,1.0,1.0,0.0,0.0,0.0,0.0
ID_test,d6be06e74e462c11c44145d8,multiwell,truncated_line,3,0.9797364741550951,0.9797364741550951,0.999778461900344,0.08641216911475168,0.08641216911475168,1.8610307369604229e-06,0.07854852037850622,0.07854852037850622,0.049957594203179786,1.0,1.0,0.0,0.0,0.0,0.0
ID_test,d6be06e74e462c11c44145d8,multiwell,truncated_line,4,0.9844753546586141,0.9844753546586141,0.9993752822827723,0.08641216911475168,0.08641216911475168,1.8610307369604229e-06,0.05577545076147767,0.05577545076147767,0.044148402715987134,1.0,1.0,1.0,0.0,0.0,0.0
ID_test,d6be06e74e462c11c44145d8,multiwell,truncated_line,5,0.9872667908665771,0.9872667908665771,0.9993352707342947,0.08641216911475168,0.08641216911475168,1.8610307369604229e-06,0.04167586532218495,0.04167586532218495,0.03781514630267181,1.0,1.0,1.0,0.0,0.0,0.0
ID_test,d6be06e74e462c11c44145d8,multiwell,truncated_line,6,0.9865322321521657,0.9865322321521657,0.9989312069898387,0.08641216911475168,0.08641216911475168,1.8610307369604229e-06,0.05275722122312712,0.05275722122312712,0.037172004902615186,1.0,1.0,1.0,0.0,0.0,0.0
ID_test,d6be06e74e462c11c44145d8,multiwell,truncated_line,7,0.9871759927425477,0.9871759927425477,0.9975120199357339,0.08641216911475168,0.08641216911475168,1.8610307369604229e-06,0.045851405760888565,0.045851405760888565,0.034960017429249805,1.0,1.0,1.0,0.0,0.0,0.0
ID_test,d6be06e74e462c11c44145d8,multiwell,truncated_line,8,0.9853016790398826,0.9853016790398826,0.9985308992921882,0.08641216911475168,0.08641216911475168,1.8610307369604229e-06,0.04200139172055059,0.04200139172055059,0.034573456954856405,1.0,1.0,1.0,0.0,0.0,0.0
ID_test,d6be06e74e462c11c44145d8,multiwell,truncated_line,9,0.9813769367252653,0.9813769367252653,0.9964712440987484,0.08641216911475168,0.08641216911475168,1.8610307369604229e-06,0.03957494382501803,0.03957494382501803,0.03591043571902709,1.0,1.0,1.0,0.0,0.0,0.0
ID_test,d6be06e74e462c11c44145d8,multiwell,truncated_line,10,0.9768994307264063,0.9768994307264063,0.9782655064154915,0.08641216911475168,0.08641216911475168,1.8610307369604229e-06,0.0316059279713029,0.0316059279713029,0.031018873274005647,1.0,1.0,1.0,0.0,0.0,0.0
ID_test,d9fd83a75e20ca349b428cb3,morse,truncated_line,0,0.9601227444611583,0.9601227444611583,0.9999341936153917,0.11013779526535981,0.11013779526535981,1.0684819027328984e-06,0.36648968137795856,0.36648968137795856,0.11762410634229514,1.0,1.0,0.0,0.0,0.0,0.0
ID_test,d9fd83a75e20ca349b428cb3,morse,truncated_line,1,0.9479188799666325,0.9479188799666325,0.9997545870098421,0.11013779526535981,0.11013779526535981,1.0684819027328984e-06,0.1592318992474358,0.1592318992474358,0.06828462449949063,1.0,1.0,1.0,0.0,0.0,0.0
ID_test,d9fd83a75e20ca349b428cb3,morse,truncated_line,2,0.9473827355244799,0.9473827355244799,0.999780027840126,0.11013779526535981,0.11013779526535981,1.0684819027328984e-06,0.1013795906578722,0.1013795906578722,0.049737196525174464,1.0,1.0,1.0,0.0,0.0,0.0
ID_test,d9fd83a75e20ca349b428cb3,morse,truncated_line,3,0.9796303372917678,0.9796303372917678,0.9997233990950062,0.11013779526535981,0.11013779526535981,1.0684819027328984e-06,0.06078291169787505,0.06078291169787505,0.038649969141872284,1.0,1.0,0.0,0.0,0.0,0.0
ID_test,d9fd83a75e20ca349b428cb3,morse,truncated_line,4,0.9841664311951627,0.9841664311951627,0.9987529243584796,0.11013779526535981,0.11013779526535981,1.0684819027328984e-06,0.05398353846224702,0.05398353846224702,0.03686347541206774,1.0,1.0,1.0,0.0,0.0,0.0
ID_test,d9fd83a75e20ca349b428cb3,morse,truncated_line,5,0.9924204639585916,0.9924204639585916,0.9971541733610311,0.11013779526535981,0.11013779526535981,1.0684819027328984e-06,0.03994919858230686,0.03994919858230686,0.036955598047043584,1.0,1.0,1.0,0.0,0.0,0.0
ID_test,d9fd83a75e20ca349b428cb3,morse,truncated_line,6,0.9910458434825117,0.9910458434825117,0.9968281908636311,0.11013779526535981,0.11013779526535981,1.0684819027328984e-06,0.05301401091657932,0.05301401091657932,0.03091583578873411,1.0,1.0,1.0,0.0,0.0,0.0
ID_test,d9fd83a75e20ca349b428cb3,morse,truncated_line,7,0.9870675028694167,0.9870675028694167,0.9959554694389392,0.11013779526535981,0.11013779526535981,1.0684819027328984e-06,0.048500267599662326,0.048500267599662326,0.027430871043118903,1.0,1.0,1.0,0.0,0.0,0.0
ID_test,d9fd83a75e20ca349b428cb3,morse,truncated_line,8,0.9777111791772382,0.9777111791772382,0.9971875304904767,0.11013779526535981,0.11013779526535981,1.0684819027328984e-06,0.04888287871453684,0.04888287871453684,0.020472405378987348,1.0,1.0,1.0,0.0,0.0,0.0
ID_test,d9fd83a75e20ca349b428cb3,morse,truncated_line,9,0.9759999909961238,0.9759999909961238,0.9972205862281143,0.11013779526535981,0.11013779526535981,1.0684819027328984e-06,0.03354595069664766,0.03354595069664766,0.020723217234446666,1.0,1.0,1.0,0.0,0.0,0.0
ID_test,d9fd83a75e20ca349b428cb3,morse,truncated_line,10,0.9723475412749556,0.9723475412749556,0.9959638883748574,0.11013779526535981,0.11013779526535981,1.0684819027328984e-06,0.22744089941415443,0.22744089941415443,0.020165124874391267,1.0,1.0,1.0,0.0,0.0,0.0
ID_test,da71cf1a13f5474bd816de07,radial_coulomb,radial_reduced,0,0.540161113602342,0.540161113602342,0.806035195748844,0.925622739523848,0.925622739523848,9.26923863442397e-06,0.6169980968870671,0.6169980968870671,0.782751601179935,1.0,1.0,0.0,0.0,0.0,0.0
ID_test,da71cf1a13f5474bd816de07,radial_coulomb,radial_reduced,1,0.7187521381553749,0.7187521381553749,0.7186209472367311,0.925622739523848,0.925622739523848,9.26923863442397e-06,0.4860684442528954,0.4860684442528954,0.8386051382795483,0.0,0.0,0.0,0.0,0.0,0.0
ID_test,da71cf1a13f5474bd816de07,radial_coulomb,radial_reduced,2,0.20907480656231855,0.20907480656231855,0.5768644146209653,0.925622739523848,0.925622739523848,9.26923863442397e-06,0.5497685196200851,0.5497685196200851,0.9446752334293709,0.0,0.0,0.0,0.0,0.0,0.0
ID_test,da71cf1a13f5474bd816de07,radial_coulomb,radial_reduced,3,0.04683272361706143,0.04683272361706143,0.4742377978684366,0.925622739523848,0.925622739523848,9.26923863442397e-06,0.6287712293596395,0.6287712293596395,0.9410515608781322,0.0,0.0,0.0,0.0,0.0,0.0
ID_test,da71cf1a13f5474bd816de07,radial_coulomb,radial_reduced,4,0.15579829905357098,0.15579829905357098,0.421173678354243,0.925622739523848,0.925622739523848,9.26923863442397e-06,0.6077894448932296,0.6077894448932296,0.934429941634282,0.0,0.0,0.0,0.0,0.0,0.0
ID_test,da71cf1a13f5474bd816de07,radial_coulomb,radial_reduced,5,0.5982017067757065,0.5982017067757065,0.43518879380212605,0.925622739523848,0.925622739523848,9.26923863442397e-06,0.6198578748391478,0.6198578748391478,0.9401982574330349,1.0,1.0,0.0,0.0,0.0,0.0
ID_test,da71cf1a13f5474bd816de07,radial_coulomb,radial_reduced,6,0.5868117160308894,0.5868117160308894,0.3829018528110366,0.925622739523848,0.925622739523848,9.26923863442397e-06,0.6750521884330539,0.6750521884330539,0.9335900947689186,1.0,1.0,0.0,0.0,0.0,0.0
ID_test,da71cf1a13f5474bd816de07,radial_coulomb,radial_reduced,7,0.39956826952825447,0.39956826952825447,0.37443615318668283,0.925622739523848,0.925622739523848,9.26923863442397e-06,0.7025693852294824,0.7025693852294824,0.9496706081020772,1.0,1.0,0.0,0.0,0.0,0.0
ID_test,da71cf1a13f5474bd816de07,radial_coulomb,radial_reduced,8,0.3469686045228027,0.3469686045228027,0.4998707283484654,0.925622739523848,0.925622739523848,9.26923863442397e-06,0.7103947827874707,0.7103947827874707,0.9811395145882773,1.0,1.0,0.0,0.0,0.0,0.0
ID_test,da71cf1a13f5474bd816de07,radial_coulomb,radial_reduced,9,0.2763538491408151,0.2763538491408151,0.44571044588718656,0.925622739523848,0.925622739523848,9.26923863442397e-06,0.7609856438192505,0.7609856438192505,0.9811633249935467,1.0,1.0,0.0,0.0,0.0,0.0
ID_test,da71cf1a13f5474bd816de07,radial_coulomb,radial_reduced,10,0.09943489296139463,0.09943489296139463,0.3061987410156549,0.925622739523848,0.925622739523848,9.26923863442397e-06,0.7930265791810172,0.7930265791810172,0.9912546083124222,1.0,1.0,0.0,0.0,0.0,0.0
ID_test,da93b664b6d9fc82b9722a72,localized_defect,truncated_line,0,0.8488345988560196,0.8488345988560196,0.9826213838670231,0.2020839000187666,0.2020839000187666,1.637509851382113e-06,0.2581375123717805,0.2581375123717805,0.15782716627566967,1.0,1.0,0.0,0.0,0.0,0.0
ID_test,da93b664b6d9fc82b9722a72,localized_defect,truncated_line,1,0.8732803336215063,0.8732803336215063,0.9515742055311159,0.2020839000187666,0.2020839000187666,1.637509851382113e-06,0.5712459796277803,0.5712459796277803,0.4880647366928781,1.0,1.0,0.0,0.0,0.0,0.0
ID_test,da93b664b6d9fc82b9722a72,localized_defect,truncated_line,2,0.9243583463248669,0.9243583463248669,0.9727113908428766,0.2020839000187666,0.2020839000187666,1.637509851382113e-06,0.9996650613599215,0.9996650613599215,0.7549631458125563,1.0,1.0,0.0,0.0,0.0,0.0
ID_test,da93b664b6d9fc82b9722a72,localized_defect,truncated_line,3,0.9396417496406152,0.9396417496406152,0.9904623760264558,0.2020839000187666,0.2020839000187666,1.637509851382113e-06,0.5202490795472486,0.5202490795472486,0.26014260716817356,1.0,1.0,1.0,0.0,0.0,0.0
ID_test,da93b664b6d9fc82b9722a72,localized_defect,truncated_line,4,0.9493677831949788,0.9493677831949788,0.9921506880943101,0.2020839000187666,0.2020839000187666,1.637509851382113e-06,0.3527984647031535,0.3527984647031535,0.1655433143849465,1.0,1.0,1.0,0.0,0.0,0.0
ID_test,da93b664b6d9fc82b9722a72,localized_defect,truncated_line,5,0.9438213358935199,0.9438213358935199,0.9892795786909481,0.2020839000187666,0.2020839000187666,1.637509851382113e-06,0.2532555144570806,0.2532555144570806,0.13264993298811736,1.0,1.0,1.0,0.0,0.0,0.0
ID_test,da93b664b6d9fc82b9722a72,localized_defect,truncated_line,6,0.9372789156919591,0.9372789156919591,0.9865995363712535,0.2020839000187666,0.2020839000187666,1.637509851382113e-06,0.21467998994778886,0.21467998994778886,0.10426934345275894,1.0,1.0,1.0,0.0,0.0,0.0
ID_test,da93b664b6d9fc82b9722a72,localized_defect,truncated_line,7,0.9161255254811175,0.9161255254811175,0.9733833300075956,0.2020839000187666,0.2020839000187666,1.637509851382113e-06,0.16644975300646614,0.16644975300646614,0.08641689111510378,1.0,1.0,1.0,0.0,0.0,0.0
ID_test,da93b664b6d9fc82b9722a72,localized_defect,truncated_line,8,0.9294728020095785,0.9294728020095785,0.9821759930966996,0.2020839000187666,0.2020839000187666,1.637509851382113e-06,0.13299989958332664,0.13299989958332664,0.067991063753011,1.0,1.0,1.0,0.0,0.0,0.0
ID_test,da93b664b6d9fc82b9722a72,localized_defect,truncated_line,9,0.9364028355721442,0.9364028355721442,0.9849311622056837,0.2020839000187666,0.2020839000187666,1.637509851382113e-06,0.10075431615961335,0.10075431615961335,0.05623429924880278,1.0,1.0,1.0,0.0,0.0,0.0
ID_test,da93b664b6d9fc82b9722a72,localized_defect,truncated_line,10,0.904091476854482,0.904091476854482,0.9727789994017947,0.2020839000187666,0.2020839000187666,1.637509851382113e-06,0.10677184706291915,0.10677184706291915,0.05510275705224203,1.0,1.0,1.0,0.0,0.0,0.0
ID_test,db9f074dd689c702975c5188,half_harmonic,half_line,0,0.9652934543957499,0.9652934543957499,0.9997057731856741,0.6288423696562757,0.6288423696562757,2.894505961115179e-05,0.3353092538866956,0.3353092538866956,0.28253522651394636,1.0,1.0,0.0,0.0,0.0,0.0
ID_test,db9f074dd689c702975c5188,half_harmonic,half_line,1,0.9850267841699731,0.9850267841699731,0.9996022460416459,0.6288423696562757,0.6288423696562757,2.894505961115179e-05,0.11628134492136995,0.11628134492136995,0.08506255348689323,1.0,1.0,0.0,0.0,0.0,0.0
ID_test,db9f074dd689c702975c5188,half_harmonic,half_line,2,0.9701830211050438,0.9701830211050438,0.9996085702585019,0.6288423696562757,0.6288423696562757,2.894505961115179e-05,0.07470522545706883,0.07470522545706883,0.04111742682785967,1.0,1.0,0.0,0.0,0.0,0.0
ID_test,db9f074dd689c702975c5188,half_harmonic,half_line,3,0.18591935099777765,0.18591935099777765,0.9970594850295094,0.6288423696562757,0.6288423696562757,2.894505961115179e-05,0.25301640868860253,0.25301640868860253,0.12152176623281696,1.0,1.0,0.0,0.0,0.0,0.0
ID_test,db9f074dd689c702975c5188,half_harmonic,half_line,4,0.2549815070233972,0.2549815070233972,0.9785088532792222,0.6288423696562757,0.6288423696562757,2.894505961115179e-05,0.21223382823709508,0.21223382823709508,0.09192572291671641,1.0,1.0,0.0,0.0,0.0,0.0
ID_test,db9f074dd689c702975c5188,half_harmonic,half_line,5,0.2293638302947705,0.2293638302947705,0.8370761957459991,0.6288423696562757,0.6288423696562757,2.894505961115179e-05,0.19756535753410612,0.19756535753410612,0.16659037595615162,1.0,1.0,0.0,0.0,0.0,0.0
ID_test,db9f074dd689c702975c5188,half_harmonic,half_line,6,0.26055775721373314,0.26055775721373314,0.5872616774916516,0.6288423696562757,0.6288423696562757,2.894505961115179e-05,0.1809968463866694,0.1809968463866694,0.0998357756966851,1.0,1.0,1.0,0.0,0.0,0.0
ID_test,db9f074dd689c702975c5188,half_harmonic,half_line,7,0.23989929204533036,0.23989929204533036,0.5849929055766412,0.6288423696562757,0.6288423696562757,2.894505961115179e-05,0.1584665917662363,0.1584665917662363,0.15859657371378016,1.0,1.0,0.0,0.0,0.0,0.0
ID_test,db9f074dd689c702975c5188,half_harmonic,half_line,8,0.9298318424044052,0.9298318424044052,0.996778505019526,0.6288423696562757,0.6288423696562757,2.894505961115179e-05,0.029301315045250687,0.029301315045250687,0.02704289606618171,1.0,1.0,1.0,0.0,0.0,0.0
ID_test,db9f074dd689c702975c5188,half_harmonic,half_line,9,0.9181218814575746,0.9181218814575746,0.9583368802200348,0.6288423696562757,0.6288423696562757,2.894505961115179e-05,0.029950520241145695,0.029950520241145695,0.041635497667168,1.0,1.0,1.0,0.0,0.0,0.0
ID_test,db9f074dd689c702975c5188,half_harmonic,half_line,10,0.9416813702095389,0.9416813702095389,0.9787751966585593,0.6288423696562757,0.6288423696562757,2.894505961115179e-05,0.030337575140337945,0.030337575140337945,0.026554284967587473,1.0,1.0,1.0,0.0,0.0,0.0
ID_test,dbb236b5824a47e4bf2d4c66,gaussian_barrier,truncated_line,0,0.8959849786732321,0.8959849786732321,0.999064617728157,0.2506129156578906,0.2506129156578906,1.7332383595025647e-06,0.13155658197525988,0.13155658197525988,0.07478645777889928,1.0,1.0,0.0,0.0,0.0,0.0
ID_test,dbb236b5824a47e4bf2d4c66,gaussian_barrier,truncated_line,1,0.5995809603268815,0.5995809603268815,0.9992125510413695,0.2506129156578906,0.2506129156578906,1.7332383595025647e-06,0.09068432221931909,0.09068432221931909,0.05638846527119451,1.0,1.0,0.0,0.0,0.0,0.0
ID_test,dbb236b5824a47e4bf2d4c66,gaussian_barrier,truncated_line,2,0.8927530302247236,0.8927530302247236,0.9997291016259893,0.2506129156578906,0.2506129156578906,1.7332383595025647e-06,0.051804959691814166,0.051804959691814166,0.022954939368031516,1.0,1.0,1.0,0.0,0.0,0.0
ID_test,dbb236b5824a47e4bf2d4c66,gaussian_barrier,truncated_line,3,0.9647172506895219,0.9647172506895219,0.9997656293156776,0.2506129156578906,0.2506129156578906,1.7332383595025647e-06,0.03956288979717709,0.03956288979717709,0.021063834218153225,1.0,1.0,1.0,0.0,0.0,0.0
ID_test,dbb236b5824a47e4bf2d4c66,gaussian_barrier,truncated_line,4,0.9863603321333744,0.9863603321333744,0.9997790172882772,0.2506129156578906,0.2506129156578906,1.7332383595025647e-06,0.031540111248982684,0.031540111248982684,0.018352515948042623,1.0,1.0,1.0,0.0,0.0,0.0
ID_test,dbb236b5824a47e4bf2d4c66,gaussian_barrier,truncated_line,5,0.9942941547303923,0.9942941547303923,0.9976176300072513,0.2506129156578906,0.2506129156578906,1.7332383595025647e-06,0.03219912650928071,0.03219912650928071,0.02916826793798357,1.0,1.0,1.0,0.0,0.0,0.0
ID_test,dbb236b5824a47e4bf2d4c66,gaussian_barrier,truncated_line,6,0.9963896128349305,0.9963896128349305,0.9981161590117986,0.2506129156578906,0.2506129156578906,1.7332383595025647e-06,0.028578470376036436,0.028578470376036436,0.026737003862627905,1.0,1.0,1.0,0.0,0.0,0.0
ID_test,dbb236b5824a47e4bf2d4c66,gaussian_barrier,truncated_line,7,0.9968841687628616,0.9968841687628616,0.9983116148531167,0.2506129156578906,0.2506129156578906,1.7332383595025647e-06,0.030897190437208507,0.030897190437208507,0.029371060879318248,1.0,1.0,1.0,0.0,0.0,0.0
ID_test,dbb236b5824a47e4bf2d4c66,gaussian_barrier,truncated_line,8,0.9957807303055798,0.9957807303055798,0.9991879047014552,0.2506129156578906,0.2506129156578906,1.7332383595025647e-06,0.03246703106639273,0.03246703106639273,0.029421635429581244,1.0,1.0,1.0,0.0,0.0,0.0
ID_test,dbb236b5824a47e4bf2d4c66,gaussian_barrier,truncated_line,9,0.9941472088066883,0.9941472088066883,0.9985569587492413,0.2506129156578906,0.2506129156578906,1.7332383595025647e-06,0.035189725202815214,0.035189725202815214,0.02875165541236525,1.0,1.0,1.0,0.0,0.0,0.0
ID_test,dbb236b5824a47e4bf2d4c66,gaussian_barrier,truncated_line,10,0.990790866621886,0.990790866621886,0.9935715634906565,0.2506129156578906,0.2506129156578906,1.7332383595025647e-06,0.04050590985421501,0.04050590985421501,0.0263173463352504,1.0,1.0,1.0,0.0,0.0,0.0
ID_test,dc4867dcae4565a07b95f2b1,radial_oscillator,radial_reduced,0,0.9893439450730732,0.9893439450730732,0.9996961283494705,0.4107713261477406,0.4107713261477406,2.251429802146987e-06,0.6756952271377658,0.6756952271377658,0.7544678567134053,1.0,1.0,1.0,0.0,0.0,0.0
ID_test,dc4867dcae4565a07b95f2b1,radial_oscillator,radial_reduced,1,0.7000506839259922,0.7000506839259922,0.9996099843033802,0.4107713261477406,0.4107713261477406,2.251429802146987e-06,0.7326246362326018,0.7326246362326018,0.7728042640930053,1.0,1.0,0.0,0.0,0.0,0.0
ID_test,dc4867dcae4565a07b95f2b1,radial_oscillator,radial_reduced,2,0.6808576829211356,0.6808576829211356,0.9990246572879383,0.4107713261477406,0.4107713261477406,2.251429802146987e-06,0.6915783527561542,0.6915783527561542,0.684608102228839,1.0,1.0,0.0,0.0,0.0,0.0
ID_test,dc4867dcae4565a07b95f2b1,radial_oscillator,radial_reduced,3,0.7462207736743854,0.7462207736743854,0.9979317288239106,0.4107713261477406,0.4107713261477406,2.251429802146987e-06,0.7053327527017578,0.7053327527017578,0.66830410500168,1.0,1.0,0.0,0.0,0.0,0.0
ID_test,dc4867dcae4565a07b95f2b1,radial_oscillator,radial_reduced,4,0.7191250670273496,0.7191250670273496,0.9983810083604135,0.4107713261477406,0.4107713261477406,2.251429802146987e-06,0.7225354693588849,0.7225354693588849,0.6430278205889725,1.0,1.0,0.0,0.0,0.0,0.0
ID_test,dc4867dcae4565a07b95f2b1,radial_oscillator,radial_reduced,5,0.8116904267070614,0.8116904267070614,0.9981540075915798,0.4107713261477406,0.4107713261477406,2.251429802146987e-06,0.7035205924398502,0.7035205924398502,0.6799029701887052,1.0,1.0,1.0,0.0,0.0,0.0
ID_test,dc4867dcae4565a07b95f2b1,radial_oscillator,radial_reduced,6,0.8140484136546419,0.8140484136546419,0.995480050183644,0.4107713261477406,0.4107713261477406,2.251429802146987e-06,0.809176443050871,0.809176443050871,0.7554475998935778,1.0,1.0,0.0,0.0,0.0,0.0
ID_test,dc4867dcae4565a07b95f2b1,radial_oscillator,radial_reduced,7,0.8808576617563646,0.8808576617563646,0.9963140485043926,0.4107713261477406,0.4107713261477406,2.251429802146987e-06,0.7683649793359909,0.7683649793359909,0.7147150491878774,1.0,1.0,1.0,0.0,0.0,0.0
ID_test,dc4867dcae4565a07b95f2b1,radial_oscillator,radial_reduced,8,0.8645606973120492,0.8645606973120492,0.9899161093850819,0.4107713261477406,0.4107713261477406,2.251429802146987e-06,0.7511971245128295,0.7511971245128295,0.730045597954048,1.0,1.0,0.0,0.0,0.0,0.0
ID_test,dc4867dcae4565a07b95f2b1,radial_oscillator,radial_reduced,9,0.7444216450306705,0.7444216450306705,0.9554092198050477,0.4107713261477406,0.4107713261477406,2.251429802146987e-06,0.7351254216905467,0.7351254216905467,0.7499976794087537,1.0,1.0,1.0,0.0,0.0,0.0
ID_test,dc4867dcae4565a07b95f2b1,radial_oscillator,radial_reduced,10,0.7610314637675941,0.7610314637675941,0.985982383764947,0.4107713261477406,0.4107713261477406,2.251429802146987e-06,0.7561804873682088,0.7561804873682088,0.7772185721150339,1.0,1.0,1.0,0.0,0.0,0.0
ID_test,e0dbcc79e3f922113ecc85d8,anharmonic_polynomial,truncated_line,0,0.9980661258213279,0.9980661258213279,0.9999846613669688,0.0970941668587165,0.0970941668587165,1.65635452431534e-06,0.18406441416522906,0.18406441416522906,0.1394723826618036,1.0,1.0,1.0,0.0,0.0,0.0
ID_test,e0dbcc79e3f922113ecc85d8,anharmonic_polynomial,truncated_line,1,0.994466764881054,0.994466764881054,0.9999752031609636,0.0970941668587165,0.0970941668587165,1.65635452431534e-06,0.08628494791100409,0.08628494791100409,0.0393243657892531,1.0,1.0,1.0,0.0,0.0,0.0
ID_test,e0dbcc79e3f922113ecc85d8,anharmonic_polynomial,truncated_line,2,0.9778450405579472,0.9778450405579472,0.9998236563488,0.0970941668587165,0.0970941668587165,1.65635452431534e-06,0.08216734572821016,0.08216734572821016,0.044041564845326564,1.0,1.0,1.0,0.0,0.0,0.0
ID_test,e0dbcc79e3f922113ecc85d8,anharmonic_polynomial,truncated_line,3,0.9975177150600019,0.9975177150600019,0.9997525729809897,0.0970941668587165,0.0970941668587165,1.65635452431534e-06,0.05052361523351784,0.05052361523351784,0.03753892318269186,1.0,1.0,1.0,0.0,0.0,0.0
ID_test,e0dbcc79e3f922113ecc85d8,anharmonic_polynomial,truncated_line,4,0.9985241145937036,0.9985241145937036,0.9996358834516909,0.0970941668587165,0.0970941668587165,1.65635452431534e-06,0.04489195004356202,0.04489195004356202,0.03518564253417944,1.0,1.0,1.0,0.0,0.0,0.0
ID_test,e0dbcc79e3f922113ecc85d8,anharmonic_polynomial,truncated_line,5,0.9979613648167541,0.9979613648167541,0.9985021570177011,0.0970941668587165,0.0970941668587165,1.65635452431534e-06,0.04241415390851626,0.04241415390851626,0.042266375466477414,1.0,1.0,1.0,0.0,0.0,0.0
ID_test,e0dbcc79e3f922113ecc85d8,anharmonic_polynomial,truncated_line,6,0.9970149537618205,0.9970149537618205,0.9989433713444158,0.0970941668587165,0.0970941668587165,1.65635452431534e-06,0.039867461064435596,0.039867461064435596,0.03772427327763085,1.0,1.0,1.0,0.0,0.0,0.0
ID_test,e0dbcc79e3f922113ecc85d8,anharmonic_polynomial,truncated_line,7,0.9969725075433628,0.9969725075433628,0.9992037335918549,0.0970941668587165,0.0970941668587165,1.65635452431534e-06,0.03986328257016086,0.03986328257016086,0.040005051611956076,1.0,1.0,1.0,0.0,0.0,0.0
ID_test,e0dbcc79e3f922113ecc85d8,anharmonic_polynomial,truncated_line,8,0.9941617338712416,0.9941617338712416,0.999425134517741,0.0970941668587165,0.0970941668587165,1.65635452431534e-06,0.04013221625716541,0.04013221625716541,0.0385129482177609,1.0,1.0,1.0,0.0,0.0,0.0
ID_test,e0dbcc79e3f922113ecc85d8,anharmonic_polynomial,truncated_line,9,0.9967114648640633,0.9967114648640633,0.9989468437751182,0.0970941668587165,0.0970941668587165,1.65635452431534e-06,0.03818446535837106,0.03818446535837106,0.035315959283192117,1.0,1.0,1.0,0.0,0.0,0.0
ID_test,e0dbcc79e3f922113ecc85d8,anharmonic_polynomial,truncated_line,10,0.9979502019588448,0.9979502019588448,0.9988938337599431,0.0970941668587165,0.0970941668587165,1.65635452431534e-06,0.03036873220250582,0.03036873220250582,0.02987326576754985,1.0,1.0,1.0,0.0,0.0,0.0
ID_test,e1ac87b7f976c6d99e0d3590,fourier_random,truncated_line,0,0.9833119997986025,0.9833119997986025,0.9994612606928772,0.23656104018173327,0.23656104018173327,1.5968762477891474e-06,0.16952084010145574,0.16952084010145574,0.11384069985307146,1.0,1.0,1.0,0.0,0.0,0.0
ID_test,e1ac87b7f976c6d99e0d3590,fourier_random,truncated_line,1,0.875296802456055,0.875296802456055,0.998896893518815,0.23656104018173327,0.23656104018173327,1.5968762477891474e-06,0.6168970722303946,0.6168970722303946,0.4016186616530246,1.0,1.0,0.0,0.0,0.0,0.0
ID_test,e1ac87b7f976c6d99e0d3590,fourier_random,truncated_line,2,0.8017553530937236,0.8017553530937236,0.9995879398751784,0.23656104018173327,0.23656104018173327,1.5968762477891474e-06,0.3437637517686396,0.3437637517686396,0.16413807551522477,1.0,1.0,1.0,0.0,0.0,0.0
ID_test,e1ac87b7f976c6d99e0d3590,fourier_random,truncated_line,3,0.9194698895710797,0.9194698895710797,0.9986137896468383,0.23656104018173327,0.23656104018173327,1.5968762477891474e-06,0.12768223272055873,0.12768223272055873,0.08674928420838039,1.0,1.0,0.0,0.0,0.0,0.0
ID_test,e1ac87b7f976c6d99e0d3590,fourier_random,truncated_line,4,0.9829785935427364,0.9829785935427364,0.9983312942577474,0.23656104018173327,0.23656104018173327,1.5968762477891474e-06,0.07915039802419517,0.07915039802419517,0.06159758283391109,1.0,1.0,1.0,0.0,0.0,0.0
ID_test,e1ac87b7f976c6d99e0d3590,fourier_random,truncated_line,5,0.8466664620627119,0.8466664620627119,0.9979397399400275,0.23656104018173327,0.23656104018173327,1.5968762477891474e-06,0.09440222797394311,0.09440222797394311,0.050905128706841295,1.0,1.0,1.0,0.0,0.0,0.0
ID_test,e1ac87b7f976c6d99e0d3590,fourier_random,truncated_line,6,0.8096381964508049,0.8096381964508049,0.9974788706775757,0.23656104018173327,0.23656104018173327,1.5968762477891474e-06,0.07437798728450618,0.07437798728450618,0.05354234951441332,1.0,1.0,1.0,0.0,0.0,0.0
ID_test,e1ac87b7f976c6d99e0d3590,fourier_random,truncated_line,7,0.8418041845799997,0.8418041845799997,0.996417593501212,0.23656104018173327,0.23656104018173327,1.5968762477891474e-06,0.06812486338861586,0.06812486338861586,0.05324831329982559,1.0,1.0,1.0,0.0,0.0,0.0
ID_test,e1ac87b7f976c6d99e0d3590,fourier_random,truncated_line,8,0.9097543859337794,0.9097543859337794,0.9977175463487254,0.23656104018173327,0.23656104018173327,1.5968762477891474e-06,0.055830592010019386,0.055830592010019386,0.04476144504906769,1.0,1.0,1.0,0.0,0.0,0.0
ID_test,e1ac87b7f976c6d99e0d3590,fourier_random,truncated_line,9,0.9441252852477501,0.9441252852477501,0.9960075676730611,0.23656104018173327,0.23656104018173327,1.5968762477891474e-06,0.049245158755704954,0.049245158755704954,0.041311649269179365,1.0,1.0,1.0,0.0,0.0,0.0
ID_test,e1ac87b7f976c6d99e0d3590,fourier_random,truncated_line,10,0.9655859825512437,0.9655859825512437,0.9870066272325985,0.23656104018173327,0.23656104018173327,1.5968762477891474e-06,0.06784019116090269,0.06784019116090269,0.037695904848380486,1.0,1.0,1.0,0.0,0.0,0.0
ID_test,e23d937e108c2f44f8e3bae7,multiple_barriers,truncated_line,0,0.9837001355688317,0.9837001355688317,0.9997366401607027,0.10679050161954437,0.10679050161954437,1.507887904428351e-06,0.10126638110435136,0.10126638110435136,0.04787776225406961,1.0,1.0,0.0,0.0,0.0,0.0
ID_test,e23d937e108c2f44f8e3bae7,multiple_barriers,truncated_line,1,0.9804921168832271,0.9804921168832271,0.9994173477664018,0.10679050161954437,0.10679050161954437,1.507887904428351e-06,0.05952803494058903,0.05952803494058903,0.03761616684538341,1.0,1.0,0.0,0.0,0.0,0.0
ID_test,e23d937e108c2f44f8e3bae7,multiple_barriers,truncated_line,2,0.8784683670143884,0.8784683670143884,0.9994561360411462,0.10679050161954437,0.10679050161954437,1.507887904428351e-06,0.056823845396665254,0.056823845396665254,0.02813758256449276,1.0,1.0,0.0,0.0,0.0,0.0
ID_test,e23d937e108c2f44f8e3bae7,multiple_barriers,truncated_line,3,0.8410589520262706,0.8410589520262706,0.9983873729771362,0.10679050161954437,0.10679050161954437,1.507887904428351e-06,0.046810700780169356,0.046810700780169356,0.02960893993270119,1.0,1.0,0.0,0.0,0.0,0.0
ID_test,e23d937e108c2f44f8e3bae7,multiple_barriers,truncated_line,4,0.8730151910630546,0.8730151910630546,0.9980123627355476,0.10679050161954437,0.10679050161954437,1.507887904428351e-06,0.04032498355010301,0.04032498355010301,0.02744136010713405,1.0,1.0,1.0,0.0,0.0,0.0
ID_test,e23d937e108c2f44f8e3bae7,multiple_barriers,truncated_line,5,0.8722195881346576,0.8722195881346576,0.9982433153562151,0.10679050161954437,0.10679050161954437,1.507887904428351e-06,0.038948154379938836,0.038948154379938836,0.02228283151576202,1.0,1.0,1.0,0.0,0.0,0.0
ID_test,e23d937e108c2f44f8e3bae7,multiple_barriers,truncated_line,6,0.9297264554511869,0.9297264554511869,0.9985005008799248,0.10679050161954437,0.10679050161954437,1.507887904428351e-06,0.03119702532386644,0.03119702532386644,0.024406188936239474,1.0,1.0,1.0,0.0,0.0,0.0
ID_test,e23d937e108c2f44f8e3bae7,multiple_barriers,truncated_line,7,0.9230952786422422,0.9230952786422422,0.9968217812392923,0.10679050161954437,0.10679050161954437,1.507887904428351e-06,0.033679089514335056,0.033679089514335056,0.027822077244231268,1.0,1.0,1.0,0.0,0.0,0.0
ID_test,e23d937e108c2f44f8e3bae7,multiple_barriers,truncated_line,8,0.954261927435792,0.954261927435792,0.9980840862707574,0.10679050161954437,0.10679050161954437,1.507887904428351e-06,0.03287939196620571,0.03287939196620571,0.027171996811508465,1.0,1.0,1.0,0.0,0.0,0.0
ID_test,e23d937e108c2f44f8e3bae7,multiple_barriers,truncated_line,9,0.9692068811809676,0.9692068811809676,0.9968812784381123,0.10679050161954437,0.10679050161954437,1.507887904428351e-06,0.03605157452141621,0.03605157452141621,0.023909779990710846,1.0,1.0,1.0,0.0,0.0,0.0
ID_test,e23d937e108c2f44f8e3bae7,multiple_barriers,truncated_line,10,0.9731234922661363,0.9731234922661363,0.9859879044244984,0.10679050161954437,0.10679050161954437,1.507887904428351e-06,0.026267883066533902,0.026267883066533902,0.023042470457989985,1.0,1.0,1.0,0.0,0.0,0.0
ID_test,e3569f55a42af1b5c82ea46c,radial_coulomb,radial_reduced,0,0.5801116770327558,0.5801116770327558,0.7605736188384558,0.9343919285219693,0.9343919285219693,0.0005511062518162024,0.39531357112666826,0.39531357112666826,0.5122177632440383,1.0,1.0,0.0,0.0,0.0,0.0
ID_test,e3569f55a42af1b5c82ea46c,radial_coulomb,radial_reduced,1,0.6090817027832268,0.6090817027832268,0.5186756411216076,0.9343919285219693,0.9343919285219693,0.0005511062518162024,0.2702549318708172,0.2702549318708172,0.5689672655248054,0.0,0.0,0.0,0.0,0.0,0.0
ID_test,e3569f55a42af1b5c82ea46c,radial_coulomb,radial_reduced,2,0.48821711384909683,0.48821711384909683,0.29138464195816416,0.9343919285219693,0.9343919285219693,0.0005511062518162024,0.3763946267334422,0.3763946267334422,0.695541454543908,0.0,0.0,0.0,0.0,0.0,0.0
ID_test,e3569f55a42af1b5c82ea46c,radial_coulomb,radial_reduced,3,0.34785172156001853,0.34785172156001853,0.1369550940423613,0.9343919285219693,0.9343919285219693,0.0005511062518162024,0.5492386739980983,0.5492386739980983,0.7826791857069568,0.0,0.0,0.0,0.0,0.0,0.0
ID_test,e3569f55a42af1b5c82ea46c,radial_coulomb,radial_reduced,4,0.5099727658779154,0.5099727658779154,0.07979918145631942,0.9343919285219693,0.9343919285219693,0.0005511062518162024,0.5301607004617197,0.5301607004617197,0.7243685512204285,0.0,0.0,0.0,0.0,0.0,0.0
ID_test,e3569f55a42af1b5c82ea46c,radial_coulomb,radial_reduced,5,0.815234222996543,0.815234222996543,0.07467653336810126,0.9343919285219693,0.9343919285219693,0.0005511062518162024,0.5068870524389877,0.5068870524389877,0.88748455624935,1.0,1.0,0.0,0.0,0.0,0.0
ID_test,e3569f55a42af1b5c82ea46c,radial_coulomb,radial_reduced,6,0.7756856635402961,0.7756856635402961,0.05303311831340949,0.9343919285219693,0.9343919285219693,0.0005511062518162024,0.7143900025299448,0.7143900025299448,0.8915874617816504,1.0,1.0,0.0,0.0,0.0,0.0
ID_test,e3569f55a42af1b5c82ea46c,radial_coulomb,radial_reduced,7,0.7232469734101947,0.7232469734101947,0.1661165426847898,0.9343919285219693,0.9343919285219693,0.0005511062518162024,0.7661995846770343,0.7661995846770343,0.795937492896833,1.0,1.0,0.0,0.0,0.0,0.0
ID_test,e3569f55a42af1b5c82ea46c,radial_coulomb,radial_reduced,8,0.6783812203304292,0.6783812203304292,0.02569515222766527,0.9343919285219693,0.9343919285219693,0.0005511062518162024,0.784586201265056,0.784586201265056,0.954139401422902,1.0,1.0,0.0,0.0,0.0,0.0
ID_test,e3569f55a42af1b5c82ea46c,radial_coulomb,radial_reduced,9,0.517893449374408,0.517893449374408,0.004601288321844979,0.9343919285219693,0.9343919285219693,0.0005511062518162024,0.8492468540019259,0.8492468540019259,0.9586550648681404,1.0,1.0,0.0,0.0,0.0,0.0
ID_test,e3569f55a42af1b5c82ea46c,radial_coulomb,radial_reduced,10,0.3878854514165172,0.3878854514165172,0.00362243749045465,0.9343919285219693,0.9343919285219693,0.0005511062518162024,0.8832659973164106,0.8832659973164106,0.9453870321822112,1.0,1.0,1.0,0.0,0.0,0.0
ID_test,e4391447b7d28f7deed73be3,kratzer,radial_reduced,0,0.9737997261078589,0.9737997261078589,0.9990579993306958,0.9474376522451633,0.9474376522451633,0.0008338057525622,0.42504090033436426,0.42504090033436426,0.6287588792355709,1.0,1.0,0.0,0.0,0.0,0.0
ID_test,e4391447b7d28f7deed73be3,kratzer,radial_reduced,1,0.1896616716700295,0.1896616716700295,0.9947435602071747,0.9474376522451633,0.9474376522451633,0.0008338057525622,0.2904055734511945,0.2904055734511945,0.7840629659795817,0.0,0.0,0.0,0.0,0.0,0.0
ID_test,e4391447b7d28f7deed73be3,kratzer,radial_reduced,2,0.23735743315340102,0.23735743315340102,0.9775985099029251,0.9474376522451633,0.9474376522451633,0.0008338057525622,0.3756451945575295,0.3756451945575295,0.8421964222932194,0.0,0.0,0.0,0.0,0.0,0.0
ID_test,e4391447b7d28f7deed73be3,kratzer,radial_reduced,3,0.33260947394731694,0.33260947394731694,0.9595126528208379,0.9474376522451633,0.9474376522451633,0.0008338057525622,0.5761238754228092,0.5761238754228092,0.9244982671834902,1.0,1.0,0.0,0.0,0.0,0.0
ID_test,e4391447b7d28f7deed73be3,kratzer,radial_reduced,4,0.37350462136611856,0.37350462136611856,0.9061101271608142,0.9474376522451633,0.9474376522451633,0.0008338057525622,0.8335725024355541,0.8335725024355541,0.9079450620613198,1.0,1.0,0.0,0.0,0.0,0.0
ID_test,e4391447b7d28f7deed73be3,kratzer,radial_reduced,5,0.2301436004231539,0.2301436004231539,0.8199063408517795,0.9474376522451633,0.9474376522451633,0.0008338057525622,0.7430901328954779,0.7430901328954779,0.9651335486799005,1.0,1.0,0.0,0.0,0.0,0.0
ID_test,e4391447b7d28f7deed73be3,kratzer,radial_reduced,6,0.29724148597683026,0.29724148597683026,0.678631169244804,0.9474376522451633,0.9474376522451633,0.0008338057525622,0.9800142314597227,0.9800142314597227,0.9657968239914269,1.0,1.0,0.0,0.0,0.0,0.0
ID_test,e4391447b7d28f7deed73be3,kratzer,radial_reduced,7,0.20257416495353503,0.20257416495353503,0.757736053489482,0.9474376522451633,0.9474376522451633,0.0008338057525622,0.9880319445737277,0.9880319445737277,0.945609140905711,1.0,1.0,0.0,0.0,0.0,0.0
ID_test,e4391447b7d28f7deed73be3,kratzer,radial_reduced,8,0.0898964292407155,0.0898964292407155,0.38269255455447576,0.9474376522451633,0.9474376522451633,0.0008338057525622,0.9924090649541468,0.9924090649541468,0.9702002314432219,1.0,1.0,0.0,0.0,0.0,0.0
ID_test,e4391447b7d28f7deed73be3,kratzer,radial_reduced,9,0.20675952759316413,0.20675952759316413,0.47092390498934517,0.9474376522451633,0.9474376522451633,0.0008338057525622,0.9970970557192671,0.9970970557192671,0.9860517401479274,1.0,1.0,0.0,0.0,0.0,0.0
ID_test,e4391447b7d28f7deed73be3,kratzer,radial_reduced,10,0.15109005187004657,0.15109005187004657,0.037956074804449576,0.9474376522451633,0.9474376522451633,0.0008338057525622,0.9981984999105206,0.9981984999105206,0.7767528491361715,1.0,1.0,0.0,0.0,0.0,0.0
ID_test,e51b0c876b7609a9f8ab12c8,harmonic,truncated_line,0,0.9959971625918216,0.9959971625918216,0.9999896543194537,0.09073314537914415,0.09073314537914415,1.2887534632799458e-06,0.15295525687166422,0.15295525687166422,0.054006026103308395,1.0,1.0,1.0,0.0,0.0,0.0
ID_test,e51b0c876b7609a9f8ab12c8,harmonic,truncated_line,1,0.9942102514984048,0.9942102514984048,0.9999556381714868,0.09073314537914415,0.09073314537914415,1.2887534632799458e-06,0.07532755507502645,0.07532755507502645,0.029283667174078563,1.0,1.0,0.0,0.0,0.0,0.0
ID_test,e51b0c876b7609a9f8ab12c8,harmonic,truncated_line,2,0.9854926623806045,0.9854926623806045,0.9999429980448258,0.09073314537914415,0.09073314537914415,1.2887534632799458e-06,0.05972762684841009,0.05972762684841009,0.020271337355315597,1.0,1.0,1.0,0.0,0.0,0.0
ID_test,e51b0c876b7609a9f8ab12c8,harmonic,truncated_line,3,0.9973824333256698,0.9973824333256698,0.9997398970833893,0.09073314537914415,0.09073314537914415,1.2887534632799458e-06,0.03893954140886567,0.03893954140886567,0.025964024465604637,1.0,1.0,1.0,0.0,0.0,0.0
ID_test,e51b0c876b7609a9f8ab12c8,harmonic,truncated_line,4,0.997765957199825,0.997765957199825,0.9997461041217545,0.09073314537914415,0.09073314537914415,1.2887534632799458e-06,0.031814138901114966,0.031814138901114966,0.02249463839491552,1.0,1.0,1.0,0.0,0.0,0.0
ID_test,e51b0c876b7609a9f8ab12c8,harmonic,truncated_line,5,0.9975691019321778,0.9975691019321778,0.9982295940051954,0.09073314537914415,0.09073314537914415,1.2887534632799458e-06,0.03853647661378899,0.03853647661378899,0.031940670161478696,1.0,1.0,1.0,0.0,0.0,0.0
ID_test,e51b0c876b7609a9f8ab12c8,harmonic,truncated_line,6,0.9975066019535895,0.9975066019535895,0.9988441831649906,0.09073314537914415,0.09073314537914415,1.2887534632799458e-06,0.027164339330053255,0.027164339330053255,0.026211417496219584,1.0,1.0,1.0,0.0,0.0,0.0
ID_test,e51b0c876b7609a9f8ab12c8,harmonic,truncated_line,7,0.9962025506791472,0.9962025506791472,0.9975739147016425,0.09073314537914415,0.09073314537914415,1.2887534632799458e-06,0.02854692427198361,0.02854692427198361,0.0283765049776863,1.0,1.0,1.0,0.0,0.0,0.0
ID_test,e51b0c876b7609a9f8ab12c8,harmonic,truncated_line,8,0.9951359790457002,0.9951359790457002,0.9992039924524869,0.09073314537914415,0.09073314537914415,1.2887534632799458e-06,0.03271801715195442,0.03271801715195442,0.03223370669079754,1.0,1.0,1.0,0.0,0.0,0.0
ID_test,e51b0c876b7609a9f8ab12c8,harmonic,truncated_line,9,0.9957017120393222,0.9957017120393222,0.9981665761176317,0.09073314537914415,0.09073314537914415,1.2887534632799458e-06,0.031958259775256154,0.031958259775256154,0.03127545845947489,1.0,1.0,1.0,0.0,0.0,0.0
ID_test,e51b0c876b7609a9f8ab12c8,harmonic,truncated_line,10,0.9931399825721415,0.9931399825721415,0.9942674499581262,0.09073314537914415,0.09073314537914415,1.2887534632799458e-06,0.03926334957790623,0.03926334957790623,0.027864963378020777,1.0,1.0,1.0,0.0,0.0,0.0
ID_test,e87d3fb8f80d4706fdc281c4,gaussian_random_field,truncated_line,0,0.9848690315271292,0.9848690315271292,0.9992801182875783,0.21461257282313198,0.21461257282313198,1.7751594209025612e-06,0.14693804794160767,0.14693804794160767,0.11158483978237084,1.0,1.0,0.0,0.0,0.0,0.0
ID_test,e87d3fb8f80d4706fdc281c4,gaussian_random_field,truncated_line,1,0.9212919523428114,0.9212919523428114,0.9982742672411115,0.21461257282313198,0.21461257282313198,1.7751594209025612e-06,0.3585133828647697,0.3585133828647697,0.32317582265497874,1.0,1.0,0.0,0.0,0.0,0.0
ID_test,e87d3fb8f80d4706fdc281c4,gaussian_random_field,truncated_line,2,0.9410259513962732,0.9410259513962732,0.9988745616932503,0.21461257282313198,0.21461257282313198,1.7751594209025612e-06,0.4132141855305128,0.4132141855305128,0.3466252269726439,1.0,1.0,0.0,0.0,0.0,0.0
ID_test,e87d3fb8f80d4706fdc281c4,gaussian_random_field,truncated_line,3,0.8982729485069545,0.8982729485069545,0.9981193597388088,0.21461257282313198,0.21461257282313198,1.7751594209025612e-06,0.2724664138206343,0.2724664138206343,0.17410188491717196,1.0,1.0,0.0,0.0,0.0,0.0
ID_test,e87d3fb8f80d4706fdc281c4,gaussian_random_field,truncated_line,4,0.9437150907322265,0.9437150907322265,0.9955159391872354,0.21461257282313198,0.21461257282313198,1.7751594209025612e-06,0.14867845573852212,0.14867845573852212,0.1444192009129251,1.0,1.0,1.0,0.0,0.0,0.0
ID_test,e87d3fb8f80d4706fdc281c4,gaussian_random_field,truncated_line,5,0.9710146687858723,0.9710146687858723,0.9951033167724755,0.21461257282313198,0.21461257282313198,1.7751594209025612e-06,0.1297679040312162,0.1297679040312162,0.09536475506705283,1.0,1.0,0.0,0.0,0.0,0.0
ID_test,e87d3fb8f80d4706fdc281c4,gaussian_random_field,truncated_line,6,0.976411653731819,0.976411653731819,0.9933728054142612,0.21461257282313198,0.21461257282313198,1.7751594209025612e-06,0.09511992576953303,0.09511992576953303,0.07597846905105553,1.0,1.0,1.0,0.0,0.0,0.0
ID_test,e87d3fb8f80d4706fdc281c4,gaussian_random_field,truncated_line,7,0.9012218733735586,0.9012218733735586,0.9899611429044166,0.21461257282313198,0.21461257282313198,1.7751594209025612e-06,0.09337431013740977,0.09337431013740977,0.0573519127665179,1.0,1.0,1.0,0.0,0.0,0.0
ID_test,e87d3fb8f80d4706fdc281c4,gaussian_random_field,truncated_line,8,0.5754289917958482,0.5754289917958482,0.9934637179302893,0.21461257282313198,0.21461257282313198,1.7751594209025612e-06,0.07628108005365433,0.07628108005365433,0.05083998055744217,1.0,1.0,1.0,0.0,0.0,0.0
ID_test,e87d3fb8f80d4706fdc281c4,gaussian_random_field,truncated_line,9,0.8619870883761793,0.8619870883761793,0.9812532891282992,0.21461257282313198,0.21461257282313198,1.7751594209025612e-06,0.12466305168976272,0.12466305168976272,0.04433196264859969,1.0,1.0,1.0,0.0,0.0,0.0
ID_test,e87d3fb8f80d4706fdc281c4,gaussian_random_field,truncated_line,10,0.9220794813083403,0.9220794813083403,0.9719804713071603,0.21461257282313198,0.21461257282313198,1.7751594209025612e-06,0.10787612825028409,0.10787612825028409,0.037329102036034144,1.0,1.0,1.0,0.0,0.0,0.0
ID_test,ea0322b93b7d55597d97c5e4,multiple_barriers,truncated_line,0,0.9836969185177542,0.9836969185177542,0.9994013238337165,0.11759830188706431,0.11759830188706431,1.903255197222009e-06,0.3413817190244491,0.3413817190244491,0.2891186037115087,1.0,1.0,0.0,0.0,0.0,0.0
ID_test,ea0322b93b7d55597d97c5e4,multiple_barriers,truncated_line,1,0.9720651861704391,0.9720651861704391,0.9986834138941726,0.11759830188706431,0.11759830188706431,1.903255197222009e-06,0.16376043089727826,0.16376043089727826,0.14303232099290827,1.0,1.0,0.0,0.0,0.0,0.0
ID_test,ea0322b93b7d55597d97c5e4,multiple_barriers,truncated_line,2,0.5568515631597478,0.5568515631597478,0.9979752850949195,0.11759830188706431,0.11759830188706431,1.903255197222009e-06,0.11243737964941726,0.11243737964941726,0.06085695873850985,1.0,1.0,0.0,0.0,0.0,0.0
ID_test,ea0322b93b7d55597d97c5e4,multiple_barriers,truncated_line,3,0.5303225690852634,0.5303225690852634,0.9971389305504887,0.11759830188706431,0.11759830188706431,1.903255197222009e-06,0.10005156392427797,0.10005156392427797,0.0667951630560049,1.0,1.0,1.0,0.0,0.0,0.0
ID_test,ea0322b93b7d55597d97c5e4,multiple_barriers,truncated_line,4,0.7410186736633032,0.7410186736633032,0.9984422444578189,0.11759830188706431,0.11759830188706431,1.903255197222009e-06,0.06745670222037466,0.06745670222037466,0.03455703748556294,1.0,1.0,1.0,0.0,0.0,0.0
ID_test,ea0322b93b7d55597d97c5e4,multiple_barriers,truncated_line,5,0.8583552416968377,0.8583552416968377,0.9970313668602372,0.11759830188706431,0.11759830188706431,1.903255197222009e-06,0.04704997332836883,0.04704997332836883,0.035151071207891606,1.0,1.0,1.0,0.0,0.0,0.0
ID_test,ea0322b93b7d55597d97c5e4,multiple_barriers,truncated_line,6,0.9698360591034664,0.9698360591034664,0.9982713729224855,0.11759830188706431,0.11759830188706431,1.903255197222009e-06,0.03717135136188971,0.03717135136188971,0.030890094307991174,1.0,1.0,1.0,0.0,0.0,0.0
ID_test,ea0322b93b7d55597d97c5e4,multiple_barriers,truncated_line,7,0.9709245286742275,0.9709245286742275,0.997292814581112,0.11759830188706431,0.11759830188706431,1.903255197222009e-06,0.041825398663333936,0.041825398663333936,0.03315740690827843,1.0,1.0,1.0,0.0,0.0,0.0
ID_test,ea0322b93b7d55597d97c5e4,multiple_barriers,truncated_line,8,0.984978810998625,0.984978810998625,0.9984557638012458,0.11759830188706431,0.11759830188706431,1.903255197222009e-06,0.03517302942692095,0.03517302942692095,0.03354955335623851,1.0,1.0,1.0,0.0,0.0,0.0
ID_test,ea0322b93b7d55597d97c5e4,multiple_barriers,truncated_line,9,0.98929143531137,0.98929143531137,0.9978398144069414,0.11759830188706431,0.11759830188706431,1.903255197222009e-06,0.034671504522258416,0.034671504522258416,0.028740680621452522,1.0,1.0,1.0,0.0,0.0,0.0
ID_test,ea0322b93b7d55597d97c5e4,multiple_barriers,truncated_line,10,0.9861567529845363,0.9861567529845363,0.9930031982925399,0.11759830188706431,0.11759830188706431,1.903255197222009e-06,0.03668409482429313,0.03668409482429313,0.028255618449725052,1.0,1.0,1.0,0.0,0.0,0.0
ID_test,eaa48c5b25012413819c2808,gaussian_barrier,truncated_line,0,0.802321387292592,0.802321387292592,0.9996024860787383,0.17041411111380872,0.17041411111380872,2.454667032636415e-06,0.08745505830969362,0.08745505830969362,0.045124046908520496,1.0,1.0,1.0,0.0,0.0,0.0
ID_test,eaa48c5b25012413819c2808,gaussian_barrier,truncated_line,1,0.6478114976643076,0.6478114976643076,0.9998203591165201,0.17041411111380872,0.17041411111380872,2.454667032636415e-06,0.05718876086445986,0.05718876086445986,0.02468139329473301,1.0,1.0,0.0,0.0,0.0,0.0
ID_test,eaa48c5b25012413819c2808,gaussian_barrier,truncated_line,2,0.9367321849469071,0.9367321849469071,0.9998374381382954,0.17041411111380872,0.17041411111380872,2.454667032636415e-06,0.044761106564749076,0.044761106564749076,0.017290655010183693,1.0,1.0,1.0,0.0,0.0,0.0
ID_test,eaa48c5b25012413819c2808,gaussian_barrier,truncated_line,3,0.9833856099063205,0.9833856099063205,0.9996208544536174,0.17041411111380872,0.17041411111380872,2.454667032636415e-06,0.032079949227169766,0.032079949227169766,0.021933535979309485,1.0,1.0,1.0,0.0,0.0,0.0
ID_test,eaa48c5b25012413819c2808,gaussian_barrier,truncated_line,4,0.9914978464008455,0.9914978464008455,0.9996941708356235,0.17041411111380872,0.17041411111380872,2.454667032636415e-06,0.028857141219909652,0.028857141219909652,0.018788574333100348,1.0,1.0,1.0,0.0,0.0,0.0
ID_test,eaa48c5b25012413819c2808,gaussian_barrier,truncated_line,5,0.9956666451544532,0.9956666451544532,0.9980867087680938,0.17041411111380872,0.17041411111380872,2.454667032636415e-06,0.028790930147566535,0.028790930147566535,0.026366349035513985,1.0,1.0,1.0,0.0,0.0,0.0
ID_test,eaa48c5b25012413819c2808,gaussian_barrier,truncated_line,6,0.9961480335317503,0.9961480335317503,0.9984681107864353,0.17041411111380872,0.17041411111380872,2.454667032636415e-06,0.028193889235291363,0.028193889235291363,0.026724065725427622,1.0,1.0,1.0,0.0,0.0,0.0
ID_test,eaa48c5b25012413819c2808,gaussian_barrier,truncated_line,7,0.9967998062894141,0.9967998062894141,0.9988313503620329,0.17041411111380872,0.17041411111380872,2.454667032636415e-06,0.033122709586688275,0.033122709586688275,0.0312619468977168,1.0,1.0,1.0,0.0,0.0,0.0
ID_test,eaa48c5b25012413819c2808,gaussian_barrier,truncated_line,8,0.9954367981361751,0.9954367981361751,0.9992514004066995,0.17041411111380872,0.17041411111380872,2.454667032636415e-06,0.03200381902479074,0.03200381902479074,0.02863067534458606,1.0,1.0,1.0,0.0,0.0,0.0
ID_test,eaa48c5b25012413819c2808,gaussian_barrier,truncated_line,9,0.9919429222763915,0.9919429222763915,0.9983109706830432,0.17041411111380872,0.17041411111380872,2.454667032636415e-06,0.035511267862196064,0.035511267862196064,0.026160664504009494,1.0,1.0,1.0,0.0,0.0,0.0
ID_test,eaa48c5b25012413819c2808,gaussian_barrier,truncated_line,10,0.9929276655461788,0.9929276655461788,0.9956382354746074,0.17041411111380872,0.17041411111380872,2.454667032636415e-06,0.03735727170159503,0.03735727170159503,0.022614525731142112,1.0,1.0,1.0,0.0,0.0,0.0
ID_test,eb0f368bf04a69bbdccb4786,localized_defect,truncated_line,0,0.7730150502408292,0.7730150502408292,0.9755901256337461,0.1417975679941286,0.1417975679941286,1.2978089153348193e-06,0.7619065113732093,0.7619065113732093,0.7492898105709596,1.0,1.0,0.0,0.0,0.0,0.0
ID_test,eb0f368bf04a69bbdccb4786,localized_defect,truncated_line,1,0.8208833262712255,0.8208833262712255,0.9952191188287561,0.1417975679941286,0.1417975679941286,1.2978089153348193e-06,0.8797344195085401,0.8797344195085401,0.6928523264895506,1.0,1.0,0.0,0.0,0.0,0.0
ID_test,eb0f368bf04a69bbdccb4786,localized_defect,truncated_line,2,0.8846036620023532,0.8846036620023532,0.9971184856032738,0.1417975679941286,0.1417975679941286,1.2978089153348193e-06,0.39801180629263566,0.39801180629263566,0.28170186035378303,1.0,1.0,0.0,0.0,0.0,0.0
ID_test,eb0f368bf04a69bbdccb4786,localized_defect,truncated_line,3,0.9090298936113744,0.9090298936113744,0.9990160933122552,0.1417975679941286,0.1417975679941286,1.2978089153348193e-06,0.20629386884226433,0.20629386884226433,0.18008127563906,1.0,1.0,0.0,0.0,0.0,0.0
ID_test,eb0f368bf04a69bbdccb4786,localized_defect,truncated_line,4,0.9223442967744516,0.9223442967744516,0.9977224301947892,0.1417975679941286,0.1417975679941286,1.2978089153348193e-06,0.18212514517116588,0.18212514517116588,0.13472874938234256,1.0,1.0,1.0,0.0,0.0,0.0
ID_test,eb0f368bf04a69bbdccb4786,localized_defect,truncated_line,5,0.9603392065940785,0.9603392065940785,0.9961554471916273,0.1417975679941286,0.1417975679941286,1.2978089153348193e-06,0.1291199903441575,0.1291199903441575,0.0835270489374284,1.0,1.0,1.0,0.0,0.0,0.0
ID_test,eb0f368bf04a69bbdccb4786,localized_defect,truncated_line,6,0.9927678911265793,0.9927678911265793,0.9972958264544203,0.1417975679941286,0.1417975679941286,1.2978089153348193e-06,0.08424281592958498,0.08424281592958498,0.07652710874537429,1.0,1.0,1.0,0.0,0.0,0.0
ID_test,eb0f368bf04a69bbdccb4786,localized_defect,truncated_line,7,0.9689092551025296,0.9689092551025296,0.9945110600405078,0.1417975679941286,0.1417975679941286,1.2978089153348193e-06,0.09811215951293666,0.09811215951293666,0.05517837403979137,1.0,1.0,1.0,0.0,0.0,0.0
ID_test,eb0f368bf04a69bbdccb4786,localized_defect,truncated_line,8,0.9850582801947453,0.9850582801947453,0.9966647363484339,0.1417975679941286,0.1417975679941286,1.2978089153348193e-06,0.06430808053539616,0.06430808053539616,0.05117513013675491,1.0,1.0,1.0,0.0,0.0,0.0
ID_test,eb0f368bf04a69bbdccb4786,localized_defect,truncated_line,9,0.9742046814875782,0.9742046814875782,0.9954479441428318,0.1417975679941286,0.1417975679941286,1.2978089153348193e-06,0.0577876918477261,0.0577876918477261,0.04128242565429308,1.0,1.0,1.0,0.0,0.0,0.0
ID_test,eb0f368bf04a69bbdccb4786,localized_defect,truncated_line,10,0.9657179808027471,0.9657179808027471,0.9902758850581308,0.1417975679941286,0.1417975679941286,1.2978089153348193e-06,0.06556010431869463,0.06556010431869463,0.038617166446217426,1.0,1.0,1.0,0.0,0.0,0.0
ID_test,eecfad2773efbdee96dbbb78,gaussian_barrier,truncated_line,0,0.9908884096639853,0.9908884096639853,0.9977252993872701,0.40318972949171067,0.40318972949171067,1.6138404572707543e-06,0.18213317014700292,0.18213317014700292,0.13923900627400734,1.0,1.0,0.0,0.0,0.0,0.0
ID_test,eecfad2773efbdee96dbbb78,gaussian_barrier,truncated_line,1,0.1384363332553086,0.1384363332553086,0.7070445267421849,0.40318972949171067,0.40318972949171067,1.6138404572707543e-06,0.17464896842285066,0.17464896842285066,0.07481722308719312,1.0,1.0,0.0,0.0,0.0,0.0
ID_test,eecfad2773efbdee96dbbb78,gaussian_barrier,truncated_line,2,0.4448655161974243,0.4448655161974243,0.7034601687814764,0.40318972949171067,0.40318972949171067,1.6138404572707543e-06,0.11658321960508969,0.11658321960508969,0.14923253328558814,1.0,1.0,1.0,0.0,0.0,0.0
ID_test,eecfad2773efbdee96dbbb78,gaussian_barrier,truncated_line,3,0.681772117242056,0.681772117242056,0.9986315927960658,0.40318972949171067,0.40318972949171067,1.6138404572707543e-06,0.0860662412094262,0.0860662412094262,0.04323382115452531,1.0,1.0,1.0,0.0,0.0,0.0
ID_test,eecfad2773efbdee96dbbb78,gaussian_barrier,truncated_line,4,0.616028849662144,0.616028849662144,0.9980350932596181,0.40318972949171067,0.40318972949171067,1.6138404572707543e-06,0.06995174198186638,0.06995174198186638,0.03657348599564771,1.0,1.0,1.0,0.0,0.0,0.0
ID_test,eecfad2773efbdee96dbbb78,gaussian_barrier,truncated_line,5,0.7233617248382435,0.7233617248382435,0.9967452715534854,0.40318972949171067,0.40318972949171067,1.6138404572707543e-06,0.05817567559671468,0.05817567559671468,0.03512342688408332,1.0,1.0,0.0,0.0,0.0,0.0
ID_test,eecfad2773efbdee96dbbb78,gaussian_barrier,truncated_line,6,0.7745767625486084,0.7745767625486084,0.9963618533897859,0.40318972949171067,0.40318972949171067,1.6138404572707543e-06,0.05199735771526183,0.05199735771526183,0.02995471006302925,1.0,1.0,1.0,0.0,0.0,0.0
ID_test,eecfad2773efbdee96dbbb78,gaussian_barrier,truncated_line,7,0.8670699771937778,0.8670699771937778,0.9959359145103257,0.40318972949171067,0.40318972949171067,1.6138404572707543e-06,0.04605735260009754,0.04605735260009754,0.03520454244759754,1.0,1.0,1.0,0.0,0.0,0.0
ID_test,eecfad2773efbdee96dbbb78,gaussian_barrier,truncated_line,8,0.930537384624943,0.930537384624943,0.9985760158543971,0.40318972949171067,0.40318972949171067,1.6138404572707543e-06,0.033920493685433296,0.033920493685433296,0.02540065922402835,1.0,1.0,1.0,0.0,0.0,0.0
ID_test,eecfad2773efbdee96dbbb78,gaussian_barrier,truncated_line,9,0.9703875221053677,0.9703875221053677,0.9961710962960377,0.40318972949171067,0.40318972949171067,1.6138404572707543e-06,0.030711531940236746,0.030711531940236746,0.02676328252645654,1.0,1.0,1.0,0.0,0.0,0.0
ID_test,eecfad2773efbdee96dbbb78,gaussian_barrier,truncated_line,10,0.976767131279356,0.976767131279356,0.9929784841105278,0.40318972949171067,0.40318972949171067,1.6138404572707543e-06,0.027884606964649422,0.027884606964649422,0.02322942713921156,1.0,1.0,1.0,0.0,0.0,0.0
ID_test,f02f6a969035c43da602808d,gaussian_random_field,truncated_line,0,0.9454435223725428,0.9454435223725428,0.9985095069097423,0.20374589199240514,0.20374589199240514,1.5801834541973037e-06,0.6510417196743762,0.6510417196743762,0.5710542233410129,1.0,1.0,0.0,0.0,0.0,0.0
ID_test,f02f6a969035c43da602808d,gaussian_random_field,truncated_line,1,0.9614814762759833,0.9614814762759833,0.9971710940494674,0.20374589199240514,0.20374589199240514,1.5801834541973037e-06,0.3551504277380945,0.3551504277380945,0.33911481347376016,1.0,1.0,0.0,0.0,0.0,0.0
ID_test,f02f6a969035c43da602808d,gaussian_random_field,truncated_line,2,0.9769608416758224,0.9769608416758224,0.9956427415597603,0.20374589199240514,0.20374589199240514,1.5801834541973037e-06,0.1837848198187123,0.1837848198187123,0.16898188899683148,1.0,1.0,0.0,0.0,0.0,0.0
ID_test,f02f6a969035c43da602808d,gaussian_random_field,truncated_line,3,0.9283923957635781,0.9283923957635781,0.992546721763297,0.20374589199240514,0.20374589199240514,1.5801834541973037e-06,0.15526634848853396,0.15526634848853396,0.13435090562971655,1.0,1.0,0.0,0.0,0.0,0.0
ID_test,f02f6a969035c43da602808d,gaussian_random_field,truncated_line,4,0.8809534363614504,0.8809534363614504,0.9903336395050424,0.20374589199240514,0.20374589199240514,1.5801834541973037e-06,0.11590412575630288,0.11590412575630288,0.09965653444270228,1.0,1.0,1.0,0.0,0.0,0.0
ID_test,f02f6a969035c43da602808d,gaussian_random_field,truncated_line,5,0.8864963478311098,0.8864963478311098,0.994442830107315,0.20374589199240514,0.20374589199240514,1.5801834541973037e-06,0.10859428073398944,0.10859428073398944,0.07003911961348004,1.0,1.0,1.0,0.0,0.0,0.0
ID_test,f02f6a969035c43da602808d,gaussian_random_field,truncated_line,6,0.42970810449408064,0.42970810449408064,0.9941529597694095,0.20374589199240514,0.20374589199240514,1.5801834541973037e-06,0.09858501480863116,0.09858501480863116,0.05444351886381606,1.0,1.0,0.0,0.0,0.0,0.0
ID_test,f02f6a969035c43da602808d,gaussian_random_field,truncated_line,7,0.3470195862039912,0.3470195862039912,0.6742998523851734,0.20374589199240514,0.20374589199240514,1.5801834541973037e-06,0.09434013657344514,0.09434013657344514,0.05474320577913103,1.0,1.0,1.0,0.0,0.0,0.0
ID_test,f02f6a969035c43da602808d,gaussian_random_field,truncated_line,8,0.707047636563369,0.707047636563369,0.6609333127636873,0.20374589199240514,0.20374589199240514,1.5801834541973037e-06,0.06539190226386522,0.06539190226386522,0.06385937124654921,1.0,1.0,1.0,0.0,0.0,0.0
ID_test,f02f6a969035c43da602808d,gaussian_random_field,truncated_line,9,0.8038577087222305,0.8038577087222305,0.9838079322756618,0.20374589199240514,0.20374589199240514,1.5801834541973037e-06,0.07332059599897775,0.07332059599897775,0.031928748004377436,1.0,1.0,1.0,0.0,0.0,0.0
ID_test,f02f6a969035c43da602808d,gaussian_random_field,truncated_line,10,0.8417207328710644,0.8417207328710644,0.8818999252468864,0.20374589199240514,0.20374589199240514,1.5801834541973037e-06,0.06058201411159857,0.06058201411159857,0.03591329505584666,1.0,1.0,1.0,0.0,0.0,0.0
ID_test,f3230346f8dd9b96ec21f534,half_harmonic,half_line,0,0.9652934171945429,0.9652934171945429,0.9997046830176554,0.6288421511715583,0.6288421511715583,2.6890039148352862e-05,0.3353068676138568,0.3353068676138568,0.2825318437611782,1.0,1.0,0.0,0.0,0.0,0.0
ID_test,f3230346f8dd9b96ec21f534,half_harmonic,half_line,1,0.9850268038105692,0.9850268038105692,0.9996011842437988,0.6288421511715583,0.6288421511715583,2.6890039148352862e-05,0.11627828442375962,0.11627828442375962,0.08506157845021027,1.0,1.0,0.0,0.0,0.0,0.0
ID_test,f3230346f8dd9b96ec21f534,half_harmonic,half_line,2,0.9701829646961091,0.9701829646961091,0.999608594123876,0.6288421511715583,0.6288421511715583,2.6890039148352862e-05,0.07470551181558086,0.07470551181558086,0.04111655489393324,1.0,1.0,0.0,0.0,0.0,0.0
ID_test,f3230346f8dd9b96ec21f534,half_harmonic,half_line,3,0.18591951704233395,0.18591951704233395,0.9970602226891321,0.6288421511715583,0.6288421511715583,2.6890039148352862e-05,0.2530164281340384,0.2530164281340384,0.12152153178506957,1.0,1.0,0.0,0.0,0.0,0.0
ID_test,f3230346f8dd9b96ec21f534,half_harmonic,half_line,4,0.25498140702229016,0.25498140702229016,0.9785082061435348,0.6288421511715583,0.6288421511715583,2.6890039148352862e-05,0.21223387561594517,0.21223387561594517,0.09192588166121678,1.0,1.0,0.0,0.0,0.0,0.0
ID_test,f3230346f8dd9b96ec21f534,half_harmonic,half_line,5,0.2293635977008749,0.2293635977008749,0.8370764469175126,0.6288421511715583,0.6288421511715583,2.6890039148352862e-05,0.19756520449743187,0.19756520449743187,0.16658912638143664,1.0,1.0,0.0,0.0,0.0,0.0
ID_test,f3230346f8dd9b96ec21f534,half_harmonic,half_line,6,0.26055752920728603,0.26055752920728603,0.5872613023989369,0.6288421511715583,0.6288421511715583,2.6890039148352862e-05,0.1809967517932817,0.1809967517932817,0.09983572239428397,1.0,1.0,1.0,0.0,0.0,0.0
ID_test,f3230346f8dd9b96ec21f534,half_harmonic,half_line,7,0.23989940231039972,0.23989940231039972,0.5849934735282667,0.6288421511715583,0.6288421511715583,2.6890039148352862e-05,0.158466574632403,0.158466574632403,0.15859215991789924,1.0,1.0,0.0,0.0,0.0,0.0
ID_test,f3230346f8dd9b96ec21f534,half_harmonic,half_line,8,0.9298319210084576,0.9298319210084576,0.9967779571954549,0.6288421511715583,0.6288421511715583,2.6890039148352862e-05,0.029300775391580176,0.029300775391580176,0.027043514369553844,1.0,1.0,1.0,0.0,0.0,0.0
ID_test,f3230346f8dd9b96ec21f534,half_harmonic,half_line,9,0.9181218346910577,0.9181218346910577,0.9583366094034678,0.6288421511715583,0.6288421511715583,2.6890039148352862e-05,0.029951520398672847,0.029951520398672847,0.041634212375749755,1.0,1.0,1.0,0.0,0.0,0.0
ID_test,f3230346f8dd9b96ec21f534,half_harmonic,half_line,10,0.9416815649135465,0.9416815649135465,0.9787748714643679,0.6288421511715583,0.6288421511715583,2.6890039148352862e-05,0.030337139936364735,0.030337139936364735,0.0265544111512769,1.0,1.0,1.0,0.0,0.0,0.0
ID_test,f8613cbc19ec9028c6b6dd33,half_harmonic,half_line,0,0.9652935600105725,0.9652935600105725,0.9997058154935402,0.6288423148718545,0.6288423148718545,2.6922147675412234e-05,0.33530732634032423,0.33530732634032423,0.28253480301250655,1.0,1.0,0.0,0.0,0.0,0.0
ID_test,f8613cbc19ec9028c6b6dd33,half_harmonic,half_line,1,0.9850270173719202,0.9850270173719202,0.9996021438369084,0.6288423148718545,0.6288423148718545,2.6922147675412234e-05,0.11628734313411278,0.11628734313411278,0.08506921369035568,1.0,1.0,0.0,0.0,0.0,0.0
ID_test,f8613cbc19ec9028c6b6dd33,half_harmonic,half_line,2,0.970183254777866,0.970183254777866,0.9996083644168134,0.6288423148718545,0.6288423148718545,2.6922147675412234e-05,0.07470398492080371,0.07470398492080371,0.0411166194603994,1.0,1.0,0.0,0.0,0.0,0.0
ID_test,f8613cbc19ec9028c6b6dd33,half_harmonic,half_line,3,0.18591938175770592,0.18591938175770592,0.9970599479843932,0.6288423148718545,0.6288423148718545,2.6922147675412234e-05,0.25301626277674766,0.25301626277674766,0.12151519935717073,1.0,1.0,0.0,0.0,0.0,0.0
ID_test,f8613cbc19ec9028c6b6dd33,half_harmonic,half_line,4,0.25498138502542994,0.25498138502542994,0.9785083542303225,0.6288423148718545,0.6288423148718545,2.6922147675412234e-05,0.21223349124964497,0.21223349124964497,0.09192386199980206,1.0,1.0,0.0,0.0,0.0,0.0
ID_test,f8613cbc19ec9028c6b6dd33,half_harmonic,half_line,5,0.2293636923794618,0.2293636923794618,0.8370781572738423,0.6288423148718545,0.6288423148718545,2.6922147675412234e-05,0.1975648934996142,0.1975648934996142,0.1665850515474385,1.0,1.0,0.0,0.0,0.0,0.0
ID_test,f8613cbc19ec9028c6b6dd33,half_harmonic,half_line,6,0.26055767716092537,0.26055767716092537,0.5872630968989371,0.6288423148718545,0.6288423148718545,2.6922147675412234e-05,0.18099681604166062,0.18099681604166062,0.09983567519284976,1.0,1.0,1.0,0.0,0.0,0.0
ID_test,f8613cbc19ec9028c6b6dd33,half_harmonic,half_line,7,0.2398994184548194,0.2398994184548194,0.5849948741268788,0.6288423148718545,0.6288423148718545,2.6922147675412234e-05,0.1584665914950839,0.1584665914950839,0.1585868991328996,1.0,1.0,0.0,0.0,0.0,0.0
ID_test,f8613cbc19ec9028c6b6dd33,half_harmonic,half_line,8,0.9298320179218466,0.9298320179218466,0.996777806165558,0.6288423148718545,0.6288423148718545,2.6922147675412234e-05,0.029300778250261766,0.029300778250261766,0.027041944042649674,1.0,1.0,1.0,0.0,0.0,0.0
ID_test,f8613cbc19ec9028c6b6dd33,half_harmonic,half_line,9,0.9181220122377666,0.9181220122377666,0.9583362739000999,0.6288423148718545,0.6288423148718545,2.6922147675412234e-05,0.029950334979589585,0.029950334979589585,0.041634049396680396,1.0,1.0,1.0,0.0,0.0,0.0
ID_test,f8613cbc19ec9028c6b6dd33,half_harmonic,half_line,10,0.941681620030882,0.941681620030882,0.9787747607911094,0.6288423148718545,0.6288423148718545,2.6922147675412234e-05,0.03033688777455024,0.03033688777455024,0.026554628067744147,1.0,1.0,1.0,0.0,0.0,0.0
ID_test,fed6eb73ee389d2e2e6f7ebb,harmonic_compact,truncated_line,0,0.9598657486901304,0.9598657486901304,0.9838961211824883,0.28157483581498993,0.28157483581498993,2.1933332227108693e-06,0.5696808114742798,0.5696808114742798,0.48138085820484117,1.0,1.0,0.0,0.0,0.0,0.0
ID_test,fed6eb73ee389d2e2e6f7ebb,harmonic_compact,truncated_line,1,0.22630190059820474,0.22630190059820474,0.736497578631417,0.28157483581498993,0.28157483581498993,2.1933332227108693e-06,0.3291838710889095,0.3291838710889095,0.20395974202008446,1.0,1.0,0.0,0.0,0.0,0.0
ID_test,fed6eb73ee389d2e2e6f7ebb,harmonic_compact,truncated_line,2,0.4626000756334112,0.4626000756334112,0.7326383355892593,0.28157483581498993,0.28157483581498993,2.1933332227108693e-06,0.14328519026690476,0.14328519026690476,0.34159289421524813,1.0,1.0,1.0,0.0,0.0,0.0
ID_test,fed6eb73ee389d2e2e6f7ebb,harmonic_compact,truncated_line,3,0.6667724067402437,0.6667724067402437,0.9992653940827979,0.28157483581498993,0.28157483581498993,2.1933332227108693e-06,0.12525646929807763,0.12525646929807763,0.05096749636261283,1.0,1.0,1.0,0.0,0.0,0.0
ID_test,fed6eb73ee389d2e2e6f7ebb,harmonic_compact,truncated_line,4,0.6141818469104109,0.6141818469104109,0.9972440507610271,0.28157483581498993,0.28157483581498993,2.1933332227108693e-06,0.09348140758592025,0.09348140758592025,0.06558745919316936,1.0,1.0,0.0,0.0,0.0,0.0
ID_test,fed6eb73ee389d2e2e6f7ebb,harmonic_compact,truncated_line,5,0.6798513403627041,0.6798513403627041,0.9948664210321856,0.28157483581498993,0.28157483581498993,2.1933332227108693e-06,0.08242449982933812,0.08242449982933812,0.05558495277372298,1.0,1.0,0.0,0.0,0.0,0.0
ID_test,fed6eb73ee389d2e2e6f7ebb,harmonic_compact,truncated_line,6,0.706200031266031,0.706200031266031,0.9930474387529858,0.28157483581498993,0.28157483581498993,2.1933332227108693e-06,0.06294539425319759,0.06294539425319759,0.05240479322356438,1.0,1.0,1.0,0.0,0.0,0.0
ID_test,fed6eb73ee389d2e2e6f7ebb,harmonic_compact,truncated_line,7,0.7947775907242458,0.7947775907242458,0.9918872133887557,0.28157483581498993,0.28157483581498993,2.1933332227108693e-06,0.06071161623799431,0.06071161623799431,0.04465201302830676,1.0,1.0,1.0,0.0,0.0,0.0
ID_test,fed6eb73ee389d2e2e6f7ebb,harmonic_compact,truncated_line,8,0.8579497951520259,0.8579497951520259,0.9960413752856702,0.28157483581498993,0.28157483581498993,2.1933332227108693e-06,0.0414582327094726,0.0414582327094726,0.03568080147005607,1.0,1.0,1.0,0.0,0.0,0.0
ID_test,fed6eb73ee389d2e2e6f7ebb,harmonic_compact,truncated_line,9,0.9342501041536926,0.9342501041536926,0.9915928465163337,0.28157483581498993,0.28157483581498993,2.1933332227108693e-06,0.04058005856747015,0.04058005856747015,0.035000136089719684,1.0,1.0,1.0,0.0,0.0,0.0
ID_test,fed6eb73ee389d2e2e6f7ebb,harmonic_compact,truncated_line,10,0.9466933188956379,0.9466933188956379,0.9714011531875859,0.28157483581498993,0.28157483581498993,2.1933332227108693e-06,0.04563251176020969,0.04563251176020969,0.030937127134821413,1.0,1.0,1.0,0.0,0.0,0.0
ID_test,ff0a94a73cc0b6d6bfbb686b,morse,truncated_line,0,0.9602104350309425,0.9602104350309425,0.9999352604882551,0.10959836741755358,0.10959836741755358,1.2051733080387095e-06,0.366234791858071,0.366234791858071,0.11687899812585205,1.0,1.0,0.0,0.0,0.0,0.0
ID_test,ff0a94a73cc0b6d6bfbb686b,morse,truncated_line,1,0.9481238056855225,0.9481238056855225,0.9997553815145492,0.10959836741755358,0.10959836741755358,1.2051733080387095e-06,0.15896374634271251,0.15896374634271251,0.06809321234978763,1.0,1.0,1.0,0.0,0.0,0.0
ID_test,ff0a94a73cc0b6d6bfbb686b,morse,truncated_line,2,0.947557396937406,0.947557396937406,0.9997814638688468,0.10959836741755358,0.10959836741755358,1.2051733080387095e-06,0.10121366097278667,0.10121366097278667,0.04955339957122709,1.0,1.0,1.0,0.0,0.0,0.0
ID_test,ff0a94a73cc0b6d6bfbb686b,morse,truncated_line,3,0.9796951566624675,0.9796951566624675,0.9997260539928579,0.10959836741755358,0.10959836741755358,1.2051733080387095e-06,0.06065948698861701,0.06065948698861701,0.03847053479043045,1.0,1.0,0.0,0.0,0.0,0.0
ID_test,ff0a94a73cc0b6d6bfbb686b,morse,truncated_line,4,0.9841572385661896,0.9841572385661896,0.9987643813078169,0.10959836741755358,0.10959836741755358,1.2051733080387095e-06,0.05391709914234142,0.05391709914234142,0.036714933785305284,1.0,1.0,1.0,0.0,0.0,0.0
ID_test,ff0a94a73cc0b6d6bfbb686b,morse,truncated_line,5,0.9924326118325286,0.9924326118325286,0.9971654115529452,0.10959836741755358,0.10959836741755358,1.2051733080387095e-06,0.039842031154980036,0.039842031154980036,0.03683955473141383,1.0,1.0,1.0,0.0,0.0,0.0
ID_test,ff0a94a73cc0b6d6bfbb686b,morse,truncated_line,6,0.9910428191320746,0.9910428191320746,0.996837081455718,0.10959836741755358,0.10959836741755358,1.2051733080387095e-06,0.053152584287060274,0.053152584287060274,0.030823766005688202,1.0,1.0,1.0,0.0,0.0,0.0
ID_test,ff0a94a73cc0b6d6bfbb686b,morse,truncated_line,7,0.9870286787203404,0.9870286787203404,0.9959448485238738,0.10959836741755358,0.10959836741755358,1.2051733080387095e-06,0.0484798836318827,0.0484798836318827,0.027396754954706812,1.0,1.0,1.0,0.0,0.0,0.0
ID_test,ff0a94a73cc0b6d6bfbb686b,morse,truncated_line,8,0.977718243057433,0.977718243057433,0.9971713983138945,0.10959836741755358,0.10959836741755358,1.2051733080387095e-06,0.04781147439405727,0.04781147439405727,0.020445796990014333,1.0,1.0,1.0,0.0,0.0,0.0
ID_test,ff0a94a73cc0b6d6bfbb686b,morse,truncated_line,9,0.97594065076852,0.97594065076852,0.9972154172490891,0.10959836741755358,0.10959836741755358,1.2051733080387095e-06,0.03306803734393551,0.03306803734393551,0.02071694987476939,1.0,1.0,1.0,0.0,0.0,0.0
ID_test,ff0a94a73cc0b6d6bfbb686b,morse,truncated_line,10,0.9723017371759894,0.9723017371759894,0.9960402026067013,0.10959836741755358,0.10959836741755358,1.2051733080387095e-06,0.22436014082446065,0.22436014082446065,0.020187224467265,1.0,1.0,1.0,0.0,0.0,0.0
ID_test,ff65d0903aeb651ece008abb,anharmonic_polynomial,truncated_line,0,0.9983015222429338,0.9983015222429338,0.9999858776588012,0.10038349227014783,0.10038349227014783,1.747739404978077e-06,0.1731656479199982,0.1731656479199982,0.13233769201208043,1.0,1.0,1.0,0.0,0.0,0.0
ID_test,ff65d0903aeb651ece008abb,anharmonic_polynomial,truncated_line,1,0.9945117128697578,0.9945117128697578,0.9999769033355197,0.10038349227014783,0.10038349227014783,1.747739404978077e-06,0.08283086691183099,0.08283086691183099,0.0374329385560467,1.0,1.0,1.0,0.0,0.0,0.0
ID_test,ff65d0903aeb651ece008abb,anharmonic_polynomial,truncated_line,2,0.9774677965675003,0.9774677965675003,0.9998261391697648,0.10038349227014783,0.10038349227014783,1.747739404978077e-06,0.08132561373890268,0.08132561373890268,0.04291442967708073,1.0,1.0,1.0,0.0,0.0,0.0
ID_test,ff65d0903aeb651ece008abb,anharmonic_polynomial,truncated_line,3,0.997530626845656,0.997530626845656,0.9997616611568081,0.10038349227014783,0.10038349227014783,1.747739404978077e-06,0.04972172082469035,0.04972172082469035,0.03651311564547487,1.0,1.0,1.0,0.0,0.0,0.0
ID_test,ff65d0903aeb651ece008abb,anharmonic_polynomial,truncated_line,4,0.9985375824020842,0.9985375824020842,0.9996469133666083,0.10038349227014783,0.10038349227014783,1.747739404978077e-06,0.044099509678881314,0.044099509678881314,0.03440146728898828,1.0,1.0,1.0,0.0,0.0,0.0
ID_test,ff65d0903aeb651ece008abb,anharmonic_polynomial,truncated_line,5,0.9979336207214742,0.9979336207214742,0.9984809945951091,0.10038349227014783,0.10038349227014783,1.747739404978077e-06,0.041909964363863135,0.041909964363863135,0.04177165641816548,1.0,1.0,1.0,0.0,0.0,0.0
ID_test,ff65d0903aeb651ece008abb,anharmonic_polynomial,truncated_line,6,0.9969818619095423,0.9969818619095423,0.9989341994612426,0.10038349227014783,0.10038349227014783,1.747739404978077e-06,0.03939952045937723,0.03939952045937723,0.037301224053322986,1.0,1.0,1.0,0.0,0.0,0.0
ID_test,ff65d0903aeb651ece008abb,anharmonic_polynomial,truncated_line,7,0.9968396947303817,0.9968396947303817,0.9991766603924707,0.10038349227014783,0.10038349227014783,1.747739404978077e-06,0.03940034015454019,0.03940034015454019,0.03958064538527815,1.0,1.0,1.0,0.0,0.0,0.0
ID_test,ff65d0903aeb651ece008abb,anharmonic_polynomial,truncated_line,8,0.9940721500686144,0.9940721500686144,0.9994198953725105,0.10038349227014783,0.10038349227014783,1.747739404978077e-06,0.03978465548586418,0.03978465548586418,0.03819088397867739,1.0,1.0,1.0,0.0,0.0,0.0
ID_test,ff65d0903aeb651ece008abb,anharmonic_polynomial,truncated_line,9,0.9967988987559812,0.9967988987559812,0.9989966536833301,0.10038349227014783,0.10038349227014783,1.747739404978077e-06,0.03781049261428869,0.03781049261428869,0.03509886585662562,1.0,1.0,1.0,0.0,0.0,0.0
ID_test,ff65d0903aeb651ece008abb,anharmonic_polynomial,truncated_line,10,0.9978632108805857,0.9978632108805857,0.9987594238415907,0.10038349227014783,0.10038349227014783,1.747739404978077e-06,0.030398148697250237,0.030398148697250237,0.029988519371187697,1.0,1.0,1.0,0.0,0.0,0.0
ID_test,ffc49e88c9f02f6d240ff22c,reflected_potential,truncated_line,0,0.9173489068810502,0.9173489068810502,0.9947218669649465,0.34206175717410836,0.34206175717410836,2.230001781455826e-06,0.14946903296038017,0.14946903296038017,0.08917704833700345,1.0,1.0,0.0,0.0,0.0,0.0
ID_test,ffc49e88c9f02f6d240ff22c,reflected_potential,truncated_line,1,0.9264355457705492,0.9264355457705492,0.9731022547815112,0.34206175717410836,0.34206175717410836,2.230001781455826e-06,0.34353470764434046,0.34353470764434046,0.2793338354061968,1.0,1.0,0.0,0.0,0.0,0.0
ID_test,ffc49e88c9f02f6d240ff22c,reflected_potential,truncated_line,2,0.8622199977703311,0.8622199977703311,0.9821366842915111,0.34206175717410836,0.34206175717410836,2.230001781455826e-06,0.5867877981683405,0.5867877981683405,0.534615488617946,1.0,1.0,0.0,0.0,0.0,0.0
ID_test,ffc49e88c9f02f6d240ff22c,reflected_potential,truncated_line,3,0.5992489811202993,0.5992489811202993,0.9856007711622939,0.34206175717410836,0.34206175717410836,2.230001781455826e-06,0.7616703942947465,0.7616703942947465,0.6461274963626967,1.0,1.0,0.0,0.0,0.0,0.0
ID_test,ffc49e88c9f02f6d240ff22c,reflected_potential,truncated_line,4,0.7651786951996883,0.7651786951996883,0.9897802860719785,0.34206175717410836,0.34206175717410836,2.230001781455826e-06,0.917432479561714,0.917432479561714,0.8272627869098725,1.0,1.0,1.0,0.0,0.0,0.0
ID_test,ffc49e88c9f02f6d240ff22c,reflected_potential,truncated_line,5,0.8425348255926696,0.8425348255926696,0.9881478913159597,0.34206175717410836,0.34206175717410836,2.230001781455826e-06,0.6974967524186914,0.6974967524186914,0.38728457851386544,1.0,1.0,0.0,0.0,0.0,0.0
ID_test,ffc49e88c9f02f6d240ff22c,reflected_potential,truncated_line,6,0.9357669583693331,0.9357669583693331,0.994061443678242,0.34206175717410836,0.34206175717410836,2.230001781455826e-06,0.33482169769097286,0.33482169769097286,0.20394387846548262,1.0,1.0,1.0,0.0,0.0,0.0
ID_test,ffc49e88c9f02f6d240ff22c,reflected_potential,truncated_line,7,0.9696603944522335,0.9696603944522335,0.992646326318398,0.34206175717410836,0.34206175717410836,2.230001781455826e-06,0.23036048376104512,0.23036048376104512,0.13689768085803766,1.0,1.0,1.0,0.0,0.0,0.0
ID_test,ffc49e88c9f02f6d240ff22c,reflected_potential,truncated_line,8,0.9507285807007054,0.9507285807007054,0.9920654859059247,0.34206175717410836,0.34206175717410836,2.230001781455826e-06,0.1187550173368319,0.1187550173368319,0.08788623368261814,1.0,1.0,1.0,0.0,0.0,0.0
ID_test,ffc49e88c9f02f6d240ff22c,reflected_potential,truncated_line,9,0.9205233614871355,0.9205233614871355,0.9747305171718212,0.34206175717410836,0.34206175717410836,2.230001781455826e-06,0.11342845485020402,0.11342845485020402,0.072215810782501,1.0,1.0,1.0,0.0,0.0,0.0
ID_test,ffc49e88c9f02f6d240ff22c,reflected_potential,truncated_line,10,0.8428558209291781,0.8428558209291781,0.8798351564889902,0.34206175717410836,0.34206175717410836,2.230001781455826e-06,0.12873754996509448,0.12873754996509448,0.07602126586341865,1.0,1.0,1.0,0.0,0.0,0.0
anharmonic_wells,1278fa759ebce56d000288cc,anharmonic_polynomial,truncated_line,0,0.9984027021964044,0.9984027021964044,0.9999864971537302,0.09747659342868065,0.09747659342868065,1.7906778801979328e-06,0.1366958765652025,0.1366958765652025,0.08583678076773078,1.0,1.0,1.0,0.0,0.0,0.0
anharmonic_wells,1278fa759ebce56d000288cc,anharmonic_polynomial,truncated_line,1,0.9903999793624416,0.9903999793624416,0.9999846712649414,0.09747659342868065,0.09747659342868065,1.7906778801979328e-06,0.07020056515453914,0.07020056515453914,0.027913819999798504,1.0,1.0,1.0,0.0,0.0,0.0
anharmonic_wells,1278fa759ebce56d000288cc,anharmonic_polynomial,truncated_line,2,0.9753018754629342,0.9753018754629342,0.9998597806485815,0.09747659342868065,0.09747659342868065,1.7906778801979328e-06,0.07486058948543073,0.07486058948543073,0.03465895103987539,1.0,1.0,1.0,0.0,0.0,0.0
anharmonic_wells,1278fa759ebce56d000288cc,anharmonic_polynomial,truncated_line,3,0.9973064751955996,0.9973064751955996,0.9998211240607351,0.09747659342868065,0.09747659342868065,1.7906778801979328e-06,0.04478375667659445,0.04478375667659445,0.03045129966320007,1.0,1.0,1.0,0.0,0.0,0.0
anharmonic_wells,1278fa759ebce56d000288cc,anharmonic_polynomial,truncated_line,4,0.9986854537943303,0.9986854537943303,0.9997238605538917,0.09747659342868065,0.09747659342868065,1.7906778801979328e-06,0.03762970217877768,0.03762970217877768,0.029474188057923397,1.0,1.0,1.0,0.0,0.0,0.0
anharmonic_wells,1278fa759ebce56d000288cc,anharmonic_polynomial,truncated_line,5,0.997925750379409,0.997925750379409,0.9983070578163383,0.09747659342868065,0.09747659342868065,1.7906778801979328e-06,0.039405795347891424,0.039405795347891424,0.03890640402157397,1.0,1.0,1.0,0.0,0.0,0.0
anharmonic_wells,1278fa759ebce56d000288cc,anharmonic_polynomial,truncated_line,6,0.997282466240418,0.997282466240418,0.9987864695911293,0.09747659342868065,0.09747659342868065,1.7906778801979328e-06,0.03478533116166801,0.03478533116166801,0.03436440350692098,1.0,1.0,1.0,0.0,0.0,0.0
anharmonic_wells,1278fa759ebce56d000288cc,anharmonic_polynomial,truncated_line,7,0.9965948428692267,0.9965948428692267,0.9989141337950256,0.09747659342868065,0.09747659342868065,1.7906778801979328e-06,0.03581370542583194,0.03581370542583194,0.03626457498913235,1.0,1.0,1.0,0.0,0.0,0.0
anharmonic_wells,1278fa759ebce56d000288cc,anharmonic_polynomial,truncated_line,8,0.9939424986017338,0.9939424986017338,0.9993678597673549,0.09747659342868065,0.09747659342868065,1.7906778801979328e-06,0.03717575058013212,0.03717575058013212,0.036801450723259126,1.0,1.0,1.0,0.0,0.0,0.0
anharmonic_wells,1278fa759ebce56d000288cc,anharmonic_polynomial,truncated_line,9,0.9966096477302352,0.9966096477302352,0.9990611168883501,0.09747659342868065,0.09747659342868065,1.7906778801979328e-06,0.03613564549930771,0.03613564549930771,0.034273641506682766,1.0,1.0,1.0,0.0,0.0,0.0
anharmonic_wells,1278fa759ebce56d000288cc,anharmonic_polynomial,truncated_line,10,0.9971055293435775,0.9971055293435775,0.9978697491323091,0.09747659342868065,0.09747659342868065,1.7906778801979328e-06,0.03212206740345403,0.03212206740345403,0.029317018667503535,1.0,1.0,1.0,0.0,0.0,0.0
anharmonic_wells,262548d48f9855686b73a53c,anharmonic_polynomial,truncated_line,0,0.9976976906585812,0.9976976906585812,0.9999806721131274,0.09332518018675745,0.09332518018675745,1.564713731805334e-06,0.2160658109160895,0.2160658109160895,0.16716731528266093,1.0,1.0,1.0,0.0,0.0,0.0
anharmonic_wells,262548d48f9855686b73a53c,anharmonic_polynomial,truncated_line,1,0.994114188521317,0.994114188521317,0.9999682879363723,0.09332518018675745,0.09332518018675745,1.564713731805334e-06,0.09530757130052887,0.09530757130052887,0.045078127351255555,1.0,1.0,1.0,0.0,0.0,0.0
anharmonic_wells,262548d48f9855686b73a53c,anharmonic_polynomial,truncated_line,2,0.9781483160225116,0.9781483160225116,0.9998174844143333,0.09332518018675745,0.09332518018675745,1.564713731805334e-06,0.08549255006169777,0.08549255006169777,0.047311211472229935,1.0,1.0,1.0,0.0,0.0,0.0
anharmonic_wells,262548d48f9855686b73a53c,anharmonic_polynomial,truncated_line,3,0.997470909925683,0.997470909925683,0.9997293488818912,0.09332518018675745,0.09332518018675745,1.564713731805334e-06,0.05255538653476129,0.05255538653476129,0.040047328981779845,1.0,1.0,1.0,0.0,0.0,0.0
anharmonic_wells,262548d48f9855686b73a53c,anharmonic_polynomial,truncated_line,4,0.9984773838030582,0.9984773838030582,0.999613776083458,0.09332518018675745,0.09332518018675745,1.564713731805334e-06,0.04689994095485003,0.04689994095485003,0.037105067057764514,1.0,1.0,1.0,0.0,0.0,0.0
anharmonic_wells,262548d48f9855686b73a53c,anharmonic_polynomial,truncated_line,5,0.9979724331399948,0.9979724331399948,0.9985826727057737,0.09332518018675745,0.09332518018675745,1.564713731805334e-06,0.04360682731281552,0.04360682731281552,0.04342740771173929,1.0,1.0,1.0,0.0,0.0,0.0
anharmonic_wells,262548d48f9855686b73a53c,anharmonic_polynomial,truncated_line,6,0.9969043653033419,0.9969043653033419,0.9989960833708984,0.09332518018675745,0.09332518018675745,1.564713731805334e-06,0.041957430763656274,0.041957430763656274,0.03922845654382243,1.0,1.0,1.0,0.0,0.0,0.0
anharmonic_wells,262548d48f9855686b73a53c,anharmonic_polynomial,truncated_line,7,0.9970738167868289,0.9970738167868289,0.9993021296542729,0.09332518018675745,0.09332518018675745,1.564713731805334e-06,0.042074211505840314,0.042074211505840314,0.04182994867265359,1.0,1.0,1.0,0.0,0.0,0.0
anharmonic_wells,262548d48f9855686b73a53c,anharmonic_polynomial,truncated_line,8,0.9941248934594564,0.9941248934594564,0.9994121825093462,0.09332518018675745,0.09332518018675745,1.564713731805334e-06,0.04189225421763094,0.04189225421763094,0.039686655279183844,1.0,1.0,1.0,0.0,0.0,0.0
anharmonic_wells,262548d48f9855686b73a53c,anharmonic_polynomial,truncated_line,9,0.9964025128587388,0.9964025128587388,0.9987542696318045,0.09332518018675745,0.09332518018675745,1.564713731805334e-06,0.03842585903742276,0.03842585903742276,0.03596087856086829,1.0,1.0,1.0,0.0,0.0,0.0
anharmonic_wells,262548d48f9855686b73a53c,anharmonic_polynomial,truncated_line,10,0.9980104036815496,0.9980104036815496,0.9990734131993988,0.09332518018675745,0.09332518018675745,1.564713731805334e-06,0.030674966195452076,0.030674966195452076,0.02977534333186633,1.0,1.0,1.0,0.0,0.0,0.0
anharmonic_wells,45233615b6533eb3bcd62d3a,anharmonic_polynomial,truncated_line,0,0.9973334245234733,0.9973334245234733,0.999982210671908,0.09111350026966047,0.09111350026966047,1.532852686447761e-06,0.2146966037841322,0.2146966037841322,0.16075761665520003,1.0,1.0,1.0,0.0,0.0,0.0
anharmonic_wells,45233615b6533eb3bcd62d3a,anharmonic_polynomial,truncated_line,1,0.9934671392889882,0.9934671392889882,0.9999678099852638,0.09111350026966047,0.09111350026966047,1.532852686447761e-06,0.09563167523830186,0.09563167523830186,0.04440821846463364,1.0,1.0,1.0,0.0,0.0,0.0
anharmonic_wells,45233615b6533eb3bcd62d3a,anharmonic_polynomial,truncated_line,2,0.9780270255329255,0.9780270255329255,0.9998242799208676,0.09111350026966047,0.09111350026966047,1.532852686447761e-06,0.08413620885785546,0.08413620885785546,0.04592426759925625,1.0,1.0,1.0,0.0,0.0,0.0
anharmonic_wells,45233615b6533eb3bcd62d3a,anharmonic_polynomial,truncated_line,3,0.9974103179329998,0.9974103179329998,0.9997269891032704,0.09111350026966047,0.09111350026966047,1.532852686447761e-06,0.05219387055056145,0.05219387055056145,0.03966985959906058,1.0,1.0,1.0,0.0,0.0,0.0
anharmonic_wells,45233615b6533eb3bcd62d3a,anharmonic_polynomial,truncated_line,4,0.9984130770812291,0.9984130770812291,0.9996160701909924,0.09111350026966047,0.09111350026966047,1.532852686447761e-06,0.04642588708716717,0.04642588708716717,0.036651337745757955,1.0,1.0,1.0,0.0,0.0,0.0
anharmonic_wells,45233615b6533eb3bcd62d3a,anharmonic_polynomial,truncated_line,5,0.9979422806510835,0.9979422806510835,0.9985740783785929,0.09111350026966047,0.09111350026966047,1.532852686447761e-06,0.04324146300537761,0.04324146300537761,0.043032873389159794,1.0,1.0,1.0,0.0,0.0,0.0
anharmonic_wells,45233615b6533eb3bcd62d3a,anharmonic_polynomial,truncated_line,6,0.9969600460134573,0.9969600460134573,0.9989961811074153,0.09111350026966047,0.09111350026966047,1.532852686447761e-06,0.04137629815284396,0.04137629815284396,0.03880090937704375,1.0,1.0,1.0,0.0,0.0,0.0
anharmonic_wells,45233615b6533eb3bcd62d3a,anharmonic_polynomial,truncated_line,7,0.9971315463931284,0.9971315463931284,0.9992812787660006,0.09111350026966047,0.09111350026966047,1.532852686447761e-06,0.0416574649557719,0.0416574649557719,0.04142237507644249,1.0,1.0,1.0,0.0,0.0,0.0
anharmonic_wells,45233615b6533eb3bcd62d3a,anharmonic_polynomial,truncated_line,8,0.9941813008477387,0.9941813008477387,0.9994188402781118,0.09111350026966047,0.09111350026966047,1.532852686447761e-06,0.041660466111356396,0.041660466111356396,0.039374131832541764,1.0,1.0,1.0,0.0,0.0,0.0
anharmonic_wells,45233615b6533eb3bcd62d3a,anharmonic_polynomial,truncated_line,9,0.9964762398478588,0.9964762398478588,0.9988019880265292,0.09111350026966047,0.09111350026966047,1.532852686447761e-06,0.038044457291728485,0.038044457291728485,0.03574264788324459,1.0,1.0,1.0,0.0,0.0,0.0
anharmonic_wells,45233615b6533eb3bcd62d3a,anharmonic_polynomial,truncated_line,10,0.997873744256843,0.997873744256843,0.9989527962541045,0.09111350026966047,0.09111350026966047,1.532852686447761e-06,0.031050103697994488,0.031050103697994488,0.029823071786203106,1.0,1.0,1.0,0.0,0.0,0.0
anharmonic_wells,e0dbcc79e3f922113ecc85d8,anharmonic_polynomial,truncated_line,0,0.9980661258213279,0.9980661258213279,0.9999846613669688,0.0970941668587165,0.0970941668587165,1.65635452431534e-06,0.18406441416522906,0.18406441416522906,0.1394723826618036,1.0,1.0,1.0,0.0,0.0,0.0
anharmonic_wells,e0dbcc79e3f922113ecc85d8,anharmonic_polynomial,truncated_line,1,0.994466764881054,0.994466764881054,0.9999752031609636,0.0970941668587165,0.0970941668587165,1.65635452431534e-06,0.08628494791100409,0.08628494791100409,0.0393243657892531,1.0,1.0,1.0,0.0,0.0,0.0
anharmonic_wells,e0dbcc79e3f922113ecc85d8,anharmonic_polynomial,truncated_line,2,0.9778450405579472,0.9778450405579472,0.9998236563488,0.0970941668587165,0.0970941668587165,1.65635452431534e-06,0.08216734572821016,0.08216734572821016,0.044041564845326564,1.0,1.0,1.0,0.0,0.0,0.0
anharmonic_wells,e0dbcc79e3f922113ecc85d8,anharmonic_polynomial,truncated_line,3,0.9975177150600019,0.9975177150600019,0.9997525729809897,0.0970941668587165,0.0970941668587165,1.65635452431534e-06,0.05052361523351784,0.05052361523351784,0.03753892318269186,1.0,1.0,1.0,0.0,0.0,0.0
anharmonic_wells,e0dbcc79e3f922113ecc85d8,anharmonic_polynomial,truncated_line,4,0.9985241145937036,0.9985241145937036,0.9996358834516909,0.0970941668587165,0.0970941668587165,1.65635452431534e-06,0.04489195004356202,0.04489195004356202,0.03518564253417944,1.0,1.0,1.0,0.0,0.0,0.0
anharmonic_wells,e0dbcc79e3f922113ecc85d8,anharmonic_polynomial,truncated_line,5,0.9979613648167541,0.9979613648167541,0.9985021570177011,0.0970941668587165,0.0970941668587165,1.65635452431534e-06,0.04241415390851626,0.04241415390851626,0.042266375466477414,1.0,1.0,1.0,0.0,0.0,0.0
anharmonic_wells,e0dbcc79e3f922113ecc85d8,anharmonic_polynomial,truncated_line,6,0.9970149537618205,0.9970149537618205,0.9989433713444158,0.0970941668587165,0.0970941668587165,1.65635452431534e-06,0.039867461064435596,0.039867461064435596,0.03772427327763085,1.0,1.0,1.0,0.0,0.0,0.0
anharmonic_wells,e0dbcc79e3f922113ecc85d8,anharmonic_polynomial,truncated_line,7,0.9969725075433628,0.9969725075433628,0.9992037335918549,0.0970941668587165,0.0970941668587165,1.65635452431534e-06,0.03986328257016086,0.03986328257016086,0.040005051611956076,1.0,1.0,1.0,0.0,0.0,0.0
anharmonic_wells,e0dbcc79e3f922113ecc85d8,anharmonic_polynomial,truncated_line,8,0.9941617338712416,0.9941617338712416,0.999425134517741,0.0970941668587165,0.0970941668587165,1.65635452431534e-06,0.04013221625716541,0.04013221625716541,0.0385129482177609,1.0,1.0,1.0,0.0,0.0,0.0
anharmonic_wells,e0dbcc79e3f922113ecc85d8,anharmonic_polynomial,truncated_line,9,0.9967114648640633,0.9967114648640633,0.9989468437751182,0.0970941668587165,0.0970941668587165,1.65635452431534e-06,0.03818446535837106,0.03818446535837106,0.035315959283192117,1.0,1.0,1.0,0.0,0.0,0.0
anharmonic_wells,e0dbcc79e3f922113ecc85d8,anharmonic_polynomial,truncated_line,10,0.9979502019588448,0.9979502019588448,0.9988938337599431,0.0970941668587165,0.0970941668587165,1.65635452431534e-06,0.03036873220250582,0.03036873220250582,0.02987326576754985,1.0,1.0,1.0,0.0,0.0,0.0
anharmonic_wells,ff65d0903aeb651ece008abb,anharmonic_polynomial,truncated_line,0,0.9983015222429338,0.9983015222429338,0.9999858776588012,0.10038349227014783,0.10038349227014783,1.747739404978077e-06,0.1731656479199982,0.1731656479199982,0.13233769201208043,1.0,1.0,1.0,0.0,0.0,0.0
anharmonic_wells,ff65d0903aeb651ece008abb,anharmonic_polynomial,truncated_line,1,0.9945117128697578,0.9945117128697578,0.9999769033355197,0.10038349227014783,0.10038349227014783,1.747739404978077e-06,0.08283086691183099,0.08283086691183099,0.0374329385560467,1.0,1.0,1.0,0.0,0.0,0.0
anharmonic_wells,ff65d0903aeb651ece008abb,anharmonic_polynomial,truncated_line,2,0.9774677965675003,0.9774677965675003,0.9998261391697648,0.10038349227014783,0.10038349227014783,1.747739404978077e-06,0.08132561373890268,0.08132561373890268,0.04291442967708073,1.0,1.0,1.0,0.0,0.0,0.0
anharmonic_wells,ff65d0903aeb651ece008abb,anharmonic_polynomial,truncated_line,3,0.997530626845656,0.997530626845656,0.9997616611568081,0.10038349227014783,0.10038349227014783,1.747739404978077e-06,0.04972172082469035,0.04972172082469035,0.03651311564547487,1.0,1.0,1.0,0.0,0.0,0.0
anharmonic_wells,ff65d0903aeb651ece008abb,anharmonic_polynomial,truncated_line,4,0.9985375824020842,0.9985375824020842,0.9996469133666083,0.10038349227014783,0.10038349227014783,1.747739404978077e-06,0.044099509678881314,0.044099509678881314,0.03440146728898828,1.0,1.0,1.0,0.0,0.0,0.0
anharmonic_wells,ff65d0903aeb651ece008abb,anharmonic_polynomial,truncated_line,5,0.9979336207214742,0.9979336207214742,0.9984809945951091,0.10038349227014783,0.10038349227014783,1.747739404978077e-06,0.041909964363863135,0.041909964363863135,0.04177165641816548,1.0,1.0,1.0,0.0,0.0,0.0
anharmonic_wells,ff65d0903aeb651ece008abb,anharmonic_polynomial,truncated_line,6,0.9969818619095423,0.9969818619095423,0.9989341994612426,0.10038349227014783,0.10038349227014783,1.747739404978077e-06,0.03939952045937723,0.03939952045937723,0.037301224053322986,1.0,1.0,1.0,0.0,0.0,0.0
anharmonic_wells,ff65d0903aeb651ece008abb,anharmonic_polynomial,truncated_line,7,0.9968396947303817,0.9968396947303817,0.9991766603924707,0.10038349227014783,0.10038349227014783,1.747739404978077e-06,0.03940034015454019,0.03940034015454019,0.03958064538527815,1.0,1.0,1.0,0.0,0.0,0.0
anharmonic_wells,ff65d0903aeb651ece008abb,anharmonic_polynomial,truncated_line,8,0.9940721500686144,0.9940721500686144,0.9994198953725105,0.10038349227014783,0.10038349227014783,1.747739404978077e-06,0.03978465548586418,0.03978465548586418,0.03819088397867739,1.0,1.0,1.0,0.0,0.0,0.0
anharmonic_wells,ff65d0903aeb651ece008abb,anharmonic_polynomial,truncated_line,9,0.9967988987559812,0.9967988987559812,0.9989966536833301,0.10038349227014783,0.10038349227014783,1.747739404978077e-06,0.03781049261428869,0.03781049261428869,0.03509886585662562,1.0,1.0,1.0,0.0,0.0,0.0
anharmonic_wells,ff65d0903aeb651ece008abb,anharmonic_polynomial,truncated_line,10,0.9978632108805857,0.9978632108805857,0.9987594238415907,0.10038349227014783,0.10038349227014783,1.747739404978077e-06,0.030398148697250237,0.030398148697250237,0.029988519371187697,1.0,1.0,1.0,0.0,0.0,0.0
asymmetric_wells,a56603e985e5d774b014fa6f,asymmetric_well,truncated_line,0,0.9932173393278151,0.9932173393278151,0.9999446245022875,0.11600154112255204,0.11600154112255204,1.5047978746407509e-06,0.044431925409871474,0.044431925409871474,0.01981160468952283,1.0,1.0,0.0,0.0,0.0,0.0
asymmetric_wells,a56603e985e5d774b014fa6f,asymmetric_well,truncated_line,1,0.9940803651433839,0.9940803651433839,0.999817417647896,0.11600154112255204,0.11600154112255204,1.5047978746407509e-06,0.10657479114689807,0.10657479114689807,0.06165803212543057,1.0,1.0,0.0,0.0,0.0,0.0
asymmetric_wells,a56603e985e5d774b014fa6f,asymmetric_well,truncated_line,2,0.9911557381007224,0.9911557381007224,0.9997903096440692,0.11600154112255204,0.11600154112255204,1.5047978746407509e-06,0.5373483395364149,0.5373483395364149,0.3746308701953664,1.0,1.0,0.0,0.0,0.0,0.0
asymmetric_wells,a56603e985e5d774b014fa6f,asymmetric_well,truncated_line,3,0.9943886128346812,0.9943886128346812,0.9994190396061903,0.11600154112255204,0.11600154112255204,1.5047978746407509e-06,0.17153259826881603,0.17153259826881603,0.12715897472704515,1.0,1.0,1.0,0.0,0.0,0.0
asymmetric_wells,a56603e985e5d774b014fa6f,asymmetric_well,truncated_line,4,0.9918197993153772,0.9918197993153772,0.9994590176900847,0.11600154112255204,0.11600154112255204,1.5047978746407509e-06,0.08429914842716452,0.08429914842716452,0.05527408498156427,1.0,1.0,1.0,0.0,0.0,0.0
asymmetric_wells,a56603e985e5d774b014fa6f,asymmetric_well,truncated_line,5,0.9929121100279036,0.9929121100279036,0.999051344498304,0.11600154112255204,0.11600154112255204,1.5047978746407509e-06,0.05521976758629335,0.05521976758629335,0.0413771521188578,1.0,1.0,1.0,0.0,0.0,0.0
asymmetric_wells,a56603e985e5d774b014fa6f,asymmetric_well,truncated_line,6,0.9910097327461784,0.9910097327461784,0.9993137137381048,0.11600154112255204,0.11600154112255204,1.5047978746407509e-06,0.04428297947130643,0.04428297947130643,0.03196631047471103,1.0,1.0,1.0,0.0,0.0,0.0
asymmetric_wells,a56603e985e5d774b014fa6f,asymmetric_well,truncated_line,7,0.9866358671926401,0.9866358671926401,0.9951308929502529,0.11600154112255204,0.11600154112255204,1.5047978746407509e-06,0.04224074382935915,0.04224074382935915,0.03758791920369823,1.0,1.0,1.0,0.0,0.0,0.0
asymmetric_wells,a56603e985e5d774b014fa6f,asymmetric_well,truncated_line,8,0.9862309393338261,0.9862309393338261,0.9980100131704129,0.11600154112255204,0.11600154112255204,1.5047978746407509e-06,0.04146002099463745,0.04146002099463745,0.03978473864827074,1.0,1.0,1.0,0.0,0.0,0.0
asymmetric_wells,a56603e985e5d774b014fa6f,asymmetric_well,truncated_line,9,0.9867382972847613,0.9867382972847613,0.9927774036660195,0.11600154112255204,0.11600154112255204,1.5047978746407509e-06,0.04140638797777831,0.04140638797777831,0.04140640982318798,1.0,1.0,1.0,0.0,0.0,0.0
asymmetric_wells,a56603e985e5d774b014fa6f,asymmetric_well,truncated_line,10,0.982468343652409,0.982468343652409,0.986794375327982,0.11600154112255204,0.11600154112255204,1.5047978746407509e-06,0.0397431570404999,0.0397431570404999,0.03973185071877437,1.0,1.0,1.0,0.0,0.0,0.0
barriers,158a4779dc745c3ea460257a,single_barrier,truncated_line,0,0.9005239089915433,0.9005239089915433,0.9783098550384316,0.260833325982043,0.260833325982043,1.305779639082516e-06,0.5216302642690874,0.5216302642690874,0.4041727979865318,1.0,1.0,0.0,0.0,0.0,0.0
barriers,158a4779dc745c3ea460257a,single_barrier,truncated_line,1,0.3970812785615599,0.3970812785615599,0.9760383219333654,0.260833325982043,0.260833325982043,1.305779639082516e-06,0.2095356760292934,0.2095356760292934,0.29307982933872584,1.0,1.0,0.0,0.0,0.0,0.0
barriers,158a4779dc745c3ea460257a,single_barrier,truncated_line,2,0.6292231878021315,0.6292231878021315,0.9953563985911844,0.260833325982043,0.260833325982043,1.305779639082516e-06,0.11832726456114653,0.11832726456114653,0.0964410390295617,1.0,1.0,1.0,0.0,0.0,0.0
barriers,158a4779dc745c3ea460257a,single_barrier,truncated_line,3,0.5987753842029259,0.5987753842029259,0.9975689843569494,0.260833325982043,0.260833325982043,1.305779639082516e-06,0.12880414139110066,0.12880414139110066,0.07572633537068744,1.0,1.0,1.0,0.0,0.0,0.0
barriers,158a4779dc745c3ea460257a,single_barrier,truncated_line,4,0.6949194149123538,0.6949194149123538,0.9980837220042356,0.260833325982043,0.260833325982043,1.305779639082516e-06,0.07951867578025626,0.07951867578025626,0.06856794004722443,1.0,1.0,1.0,0.0,0.0,0.0
barriers,158a4779dc745c3ea460257a,single_barrier,truncated_line,5,0.8419196696023469,0.8419196696023469,0.9897680409332307,0.260833325982043,0.260833325982043,1.305779639082516e-06,0.07674672921085043,0.07674672921085043,0.05933897129145826,1.0,1.0,0.0,0.0,0.0,0.0
barriers,158a4779dc745c3ea460257a,single_barrier,truncated_line,6,0.9457453815690952,0.9457453815690952,0.9962244226944644,0.260833325982043,0.260833325982043,1.305779639082516e-06,0.036777767924854404,0.036777767924854404,0.03163403770710852,1.0,1.0,1.0,0.0,0.0,0.0
barriers,158a4779dc745c3ea460257a,single_barrier,truncated_line,7,0.9351414822065787,0.9351414822065787,0.9928786254771967,0.260833325982043,0.260833325982043,1.305779639082516e-06,0.04951949025516178,0.04951949025516178,0.042224072449227344,1.0,1.0,1.0,0.0,0.0,0.0
barriers,158a4779dc745c3ea460257a,single_barrier,truncated_line,8,0.9947386608062307,0.9947386608062307,0.9983411321374592,0.260833325982043,0.260833325982043,1.305779639082516e-06,0.03145853103765401,0.03145853103765401,0.030127240537327512,1.0,1.0,1.0,0.0,0.0,0.0
barriers,158a4779dc745c3ea460257a,single_barrier,truncated_line,9,0.9739374036390499,0.9739374036390499,0.9913740967055898,0.260833325982043,0.260833325982043,1.305779639082516e-06,0.03941020858557865,0.03941020858557865,0.031281615895799544,1.0,1.0,1.0,0.0,0.0,0.0
barriers,158a4779dc745c3ea460257a,single_barrier,truncated_line,10,0.9906224900863403,0.9906224900863403,0.9966206547225125,0.260833325982043,0.260833325982043,1.305779639082516e-06,0.027981369193218388,0.027981369193218388,0.027910922121709363,1.0,1.0,1.0,0.0,0.0,0.0
barriers,50ab3eed117b7efb0be8494f,single_barrier,truncated_line,0,0.990572826370153,0.990572826370153,0.99989634180071,0.08213245808336726,0.08213245808336726,1.2715028785414972e-06,0.22941152301369241,0.22941152301369241,0.1474884518045054,1.0,1.0,1.0,0.0,0.0,0.0
barriers,50ab3eed117b7efb0be8494f,single_barrier,truncated_line,1,0.9810553672357862,0.9810553672357862,0.9996189031345322,0.08213245808336726,0.08213245808336726,1.2715028785414972e-06,0.1037007028011757,0.1037007028011757,0.06661935319447818,1.0,1.0,0.0,0.0,0.0,0.0
barriers,50ab3eed117b7efb0be8494f,single_barrier,truncated_line,2,0.936658894893741,0.936658894893741,0.9997316000826014,0.08213245808336726,0.08213245808336726,1.2715028785414972e-06,0.07935211548927924,0.07935211548927924,0.028973254667667522,1.0,1.0,0.0,0.0,0.0,0.0
barriers,50ab3eed117b7efb0be8494f,single_barrier,truncated_line,3,0.9192328545037977,0.9192328545037977,0.9998137374189242,0.08213245808336726,0.08213245808336726,1.2715028785414972e-06,0.057760792262992196,0.057760792262992196,0.022133971440481605,1.0,1.0,1.0,0.0,0.0,0.0
barriers,50ab3eed117b7efb0be8494f,single_barrier,truncated_line,4,0.94807415665176,0.94807415665176,0.9995382127377702,0.08213245808336726,0.08213245808336726,1.2715028785414972e-06,0.04094745965783161,0.04094745965783161,0.02219804178393055,1.0,1.0,1.0,0.0,0.0,0.0
barriers,50ab3eed117b7efb0be8494f,single_barrier,truncated_line,5,0.9862164207244851,0.9862164207244851,0.9974951073467736,0.08213245808336726,0.08213245808336726,1.2715028785414972e-06,0.041689492000116526,0.041689492000116526,0.033476882755535606,1.0,1.0,1.0,0.0,0.0,0.0
barriers,50ab3eed117b7efb0be8494f,single_barrier,truncated_line,6,0.993605645420169,0.993605645420169,0.9982158303246921,0.08213245808336726,0.08213245808336726,1.2715028785414972e-06,0.030706350132230806,0.030706350132230806,0.02871272123849645,1.0,1.0,1.0,0.0,0.0,0.0
barriers,50ab3eed117b7efb0be8494f,single_barrier,truncated_line,7,0.9938593340350209,0.9938593340350209,0.9976263498116099,0.08213245808336726,0.08213245808336726,1.2715028785414972e-06,0.03271430671229572,0.03271430671229572,0.029915504262067114,1.0,1.0,1.0,0.0,0.0,0.0
barriers,50ab3eed117b7efb0be8494f,single_barrier,truncated_line,8,0.9943437098017357,0.9943437098017357,0.9988510946391134,0.08213245808336726,0.08213245808336726,1.2715028785414972e-06,0.033904112899522526,0.033904112899522526,0.0325673960916037,1.0,1.0,1.0,0.0,0.0,0.0
barriers,50ab3eed117b7efb0be8494f,single_barrier,truncated_line,9,0.9947077544716957,0.9947077544716957,0.9985093603607036,0.08213245808336726,0.08213245808336726,1.2715028785414972e-06,0.03286173153872917,0.03286173153872917,0.03015744082458104,1.0,1.0,1.0,0.0,0.0,0.0
barriers,50ab3eed117b7efb0be8494f,single_barrier,truncated_line,10,0.9918057742031315,0.9918057742031315,0.9946788009368376,0.08213245808336726,0.08213245808336726,1.2715028785414972e-06,0.04205498218738011,0.04205498218738011,0.02848268290467615,1.0,1.0,1.0,0.0,0.0,0.0
barriers,5f651a741fe361d3d807f0b5,single_barrier,truncated_line,0,0.9921774216624122,0.9921774216624122,0.9998027499217309,0.3147625721769957,0.3147625721769957,1.4741246346927639e-06,0.07754779088451962,0.07754779088451962,0.04862354441733299,1.0,1.0,0.0,0.0,0.0,0.0
barriers,5f651a741fe361d3d807f0b5,single_barrier,truncated_line,1,0.824437744299819,0.824437744299819,0.9996640983662056,0.3147625721769957,0.3147625721769957,1.4741246346927639e-06,0.09018640123231215,0.09018640123231215,0.03515229089527919,1.0,1.0,0.0,0.0,0.0,0.0
barriers,5f651a741fe361d3d807f0b5,single_barrier,truncated_line,2,0.9254252977571183,0.9254252977571183,0.9998005729742094,0.3147625721769957,0.3147625721769957,1.4741246346927639e-06,0.05856155325190086,0.05856155325190086,0.02408275921856133,1.0,1.0,1.0,0.0,0.0,0.0
barriers,5f651a741fe361d3d807f0b5,single_barrier,truncated_line,3,0.9405417011648637,0.9405417011648637,0.999719929106358,0.3147625721769957,0.3147625721769957,1.4741246346927639e-06,0.03884016254737497,0.03884016254737497,0.01979758033007771,1.0,1.0,1.0,0.0,0.0,0.0
barriers,5f651a741fe361d3d807f0b5,single_barrier,truncated_line,4,0.9832105564204072,0.9832105564204072,0.9997845213933932,0.3147625721769957,0.3147625721769957,1.4741246346927639e-06,0.02956963516540074,0.02956963516540074,0.018292184649487144,1.0,1.0,1.0,0.0,0.0,0.0
barriers,5f651a741fe361d3d807f0b5,single_barrier,truncated_line,5,0.9851381402895578,0.9851381402895578,0.9982267508518514,0.3147625721769957,0.3147625721769957,1.4741246346927639e-06,0.03064475279270842,0.03064475279270842,0.0272654156230988,1.0,1.0,1.0,0.0,0.0,0.0
barriers,5f651a741fe361d3d807f0b5,single_barrier,truncated_line,6,0.9944509647116911,0.9944509647116911,0.9983554005441883,0.3147625721769957,0.3147625721769957,1.4741246346927639e-06,0.030339355941283026,0.030339355941283026,0.027650172388498224,1.0,1.0,1.0,0.0,0.0,0.0
barriers,5f651a741fe361d3d807f0b5,single_barrier,truncated_line,7,0.9948500505492825,0.9948500505492825,0.9980333184131956,0.3147625721769957,0.3147625721769957,1.4741246346927639e-06,0.03505641402200522,0.03505641402200522,0.02961186906102242,1.0,1.0,1.0,0.0,0.0,0.0
barriers,5f651a741fe361d3d807f0b5,single_barrier,truncated_line,8,0.9921459111791412,0.9921459111791412,0.9988093964948762,0.3147625721769957,0.3147625721769957,1.4741246346927639e-06,0.031335023940963755,0.031335023940963755,0.029336891588286215,1.0,1.0,1.0,0.0,0.0,0.0
barriers,5f651a741fe361d3d807f0b5,single_barrier,truncated_line,9,0.990819476824471,0.990819476824471,0.9974553230343337,0.3147625721769957,0.3147625721769957,1.4741246346927639e-06,0.036870904334688544,0.036870904334688544,0.02935337418309757,1.0,1.0,1.0,0.0,0.0,0.0
barriers,5f651a741fe361d3d807f0b5,single_barrier,truncated_line,10,0.9840256965762483,0.9840256965762483,0.9885697601291877,0.3147625721769957,0.3147625721769957,1.4741246346927639e-06,0.02966211755216894,0.02966211755216894,0.027034370778783963,1.0,1.0,1.0,0.0,0.0,0.0
barriers,81663d66de447d09f77df644,single_barrier,truncated_line,0,0.9940344788683684,0.9940344788683684,0.999273254133129,0.10186664940723149,0.10186664940723149,1.488473708954885e-06,0.38583784695694295,0.38583784695694295,0.38694233788742644,1.0,1.0,0.0,0.0,0.0,0.0
barriers,81663d66de447d09f77df644,single_barrier,truncated_line,1,0.9932919278148905,0.9932919278148905,0.9989192355383402,0.10186664940723149,0.10186664940723149,1.488473708954885e-06,0.20648812392652963,0.20648812392652963,0.20031046877517086,1.0,1.0,0.0,0.0,0.0,0.0
barriers,81663d66de447d09f77df644,single_barrier,truncated_line,2,0.9911490994785863,0.9911490994785863,0.9984235092298406,0.10186664940723149,0.10186664940723149,1.488473708954885e-06,0.15765135262607846,0.15765135262607846,0.15405402328479934,1.0,1.0,0.0,0.0,0.0,0.0
barriers,81663d66de447d09f77df644,single_barrier,truncated_line,3,0.9823066449974106,0.9823066449974106,0.9981860085851167,0.10186664940723149,0.10186664940723149,1.488473708954885e-06,0.11372515715273075,0.11372515715273075,0.10693514700893506,1.0,1.0,0.0,0.0,0.0,0.0
barriers,81663d66de447d09f77df644,single_barrier,truncated_line,4,0.9319865906111217,0.9319865906111217,0.997668828484372,0.10186664940723149,0.10186664940723149,1.488473708954885e-06,0.09649507313056081,0.09649507313056081,0.0751801530379611,1.0,1.0,1.0,0.0,0.0,0.0
barriers,81663d66de447d09f77df644,single_barrier,truncated_line,5,0.876670220814086,0.876670220814086,0.9905705465397788,0.10186664940723149,0.10186664940723149,1.488473708954885e-06,0.07919861671269204,0.07919861671269204,0.06024423057560546,1.0,1.0,1.0,0.0,0.0,0.0
barriers,81663d66de447d09f77df644,single_barrier,truncated_line,6,0.8086074040751516,0.8086074040751516,0.9916057995762452,0.10186664940723149,0.10186664940723149,1.488473708954885e-06,0.05749015012025963,0.05749015012025963,0.042732871335425686,1.0,1.0,1.0,0.0,0.0,0.0
barriers,81663d66de447d09f77df644,single_barrier,truncated_line,7,0.8715503639702493,0.8715503639702493,0.9958245234197685,0.10186664940723149,0.10186664940723149,1.488473708954885e-06,0.0478442613286474,0.0478442613286474,0.030771907772889625,1.0,1.0,1.0,0.0,0.0,0.0
barriers,81663d66de447d09f77df644,single_barrier,truncated_line,8,0.9623246699996235,0.9623246699996235,0.9969813096043137,0.10186664940723149,0.10186664940723149,1.488473708954885e-06,0.040238827671047944,0.040238827671047944,0.03272991195381214,1.0,1.0,1.0,0.0,0.0,0.0
barriers,81663d66de447d09f77df644,single_barrier,truncated_line,9,0.9536819305015324,0.9536819305015324,0.9918216060074956,0.10186664940723149,0.10186664940723149,1.488473708954885e-06,0.0532587813070964,0.0532587813070964,0.032302248448289064,1.0,1.0,1.0,0.0,0.0,0.0
barriers,81663d66de447d09f77df644,single_barrier,truncated_line,10,0.977153536197925,0.977153536197925,0.9946158115988251,0.10186664940723149,0.10186664940723149,1.488473708954885e-06,0.03747553695786951,0.03747553695786951,0.026194722866387146,1.0,1.0,1.0,0.0,0.0,0.0
barriers,a58357b123947ead45fca1f3,single_barrier,truncated_line,0,0.9828192761260427,0.9828192761260427,0.9997965253759384,0.09881683874155893,0.09881683874155893,2.4593930481042747e-06,0.23718083128006273,0.23718083128006273,0.1316748991706183,1.0,1.0,0.0,0.0,0.0,0.0
barriers,a58357b123947ead45fca1f3,single_barrier,truncated_line,1,0.986670526797006,0.986670526797006,0.9993571561322045,0.09881683874155893,0.09881683874155893,2.4593930481042747e-06,0.11569454892754195,0.11569454892754195,0.08096812196752118,1.0,1.0,0.0,0.0,0.0,0.0
barriers,a58357b123947ead45fca1f3,single_barrier,truncated_line,2,0.9830420544057261,0.9830420544057261,0.9992243607049072,0.09881683874155893,0.09881683874155893,2.4593930481042747e-06,0.07626470222815894,0.07626470222815894,0.055216511225723075,1.0,1.0,1.0,0.0,0.0,0.0
barriers,a58357b123947ead45fca1f3,single_barrier,truncated_line,3,0.9508423259823403,0.9508423259823403,0.9990632704865627,0.09881683874155893,0.09881683874155893,2.4593930481042747e-06,0.0640885336054552,0.0640885336054552,0.03740356599609322,1.0,1.0,1.0,0.0,0.0,0.0
barriers,a58357b123947ead45fca1f3,single_barrier,truncated_line,4,0.922539028341056,0.922539028341056,0.9987401694993192,0.09881683874155893,0.09881683874155893,2.4593930481042747e-06,0.04811478822785503,0.04811478822785503,0.025853693050856885,1.0,1.0,1.0,0.0,0.0,0.0
barriers,a58357b123947ead45fca1f3,single_barrier,truncated_line,5,0.8316094098547612,0.8316094098547612,0.9972871630191906,0.09881683874155893,0.09881683874155893,2.4593930481042747e-06,0.042997119234498525,0.042997119234498525,0.0279078751409503,1.0,1.0,1.0,0.0,0.0,0.0
barriers,a58357b123947ead45fca1f3,single_barrier,truncated_line,6,0.8767558499606186,0.8767558499606186,0.9970225371029103,0.09881683874155893,0.09881683874155893,2.4593930481042747e-06,0.03649820939717562,0.03649820939717562,0.028221725466173863,1.0,1.0,1.0,0.0,0.0,0.0
barriers,a58357b123947ead45fca1f3,single_barrier,truncated_line,7,0.9381206035755826,0.9381206035755826,0.9963671699122026,0.09881683874155893,0.09881683874155893,2.4593930481042747e-06,0.035186039674585674,0.035186039674585674,0.028679209927375115,1.0,1.0,1.0,0.0,0.0,0.0
barriers,a58357b123947ead45fca1f3,single_barrier,truncated_line,8,0.9571314884630235,0.9571314884630235,0.9979471864698575,0.09881683874155893,0.09881683874155893,2.4593930481042747e-06,0.0331129779348105,0.0331129779348105,0.030182420651040928,1.0,1.0,1.0,0.0,0.0,0.0
barriers,a58357b123947ead45fca1f3,single_barrier,truncated_line,9,0.9776699072185342,0.9776699072185342,0.9968385535772368,0.09881683874155893,0.09881683874155893,2.4593930481042747e-06,0.03642769390852156,0.03642769390852156,0.02867540320310885,1.0,1.0,1.0,0.0,0.0,0.0
barriers,a58357b123947ead45fca1f3,single_barrier,truncated_line,10,0.9845288648570515,0.9845288648570515,0.9906775668264279,0.09881683874155893,0.09881683874155893,2.4593930481042747e-06,0.02655675431243927,0.02655675431243927,0.026128863221056568,1.0,1.0,1.0,0.0,0.0,0.0
changed_domain_same_physical_operator,e51b0c876b7609a9f8ab12c8,harmonic,truncated_line,0,0.9866383839638925,0.9866383839638925,0.9999844209239747,0.09676956151396159,0.09676956151396159,1.7586018894455435e-06,0.24435671932627878,0.24435671932627878,0.061137261940695575,1.0,1.0,1.0,0.0,0.0,0.0
changed_domain_same_physical_operator,e51b0c876b7609a9f8ab12c8,harmonic,truncated_line,1,0.9894240872239669,0.9894240872239669,0.9998677645297069,0.09676956151396159,0.09676956151396159,1.7586018894455435e-06,0.116252275931008,0.116252275931008,0.04770867383862366,1.0,1.0,0.0,0.0,0.0,0.0
changed_domain_same_physical_operator,e51b0c876b7609a9f8ab12c8,harmonic,truncated_line,2,0.9767479811678582,0.9767479811678582,0.999816389109223,0.09676956151396159,0.09676956151396159,1.7586018894455435e-06,0.10030800176433524,0.10030800176433524,0.036629144451272744,1.0,1.0,0.0,0.0,0.0,0.0
changed_domain_same_physical_operator,e51b0c876b7609a9f8ab12c8,harmonic,truncated_line,3,0.9283250632897908,0.9283250632897908,0.9989241176163991,0.09676956151396159,0.09676956151396159,1.7586018894455435e-06,0.10056256339002491,0.10056256339002491,0.0645348215558535,1.0,1.0,1.0,0.0,0.0,0.0
changed_domain_same_physical_operator,e51b0c876b7609a9f8ab12c8,harmonic,truncated_line,4,0.8963523100733085,0.8963523100733085,0.9992255945445508,0.09676956151396159,0.09676956151396159,1.7586018894455435e-06,0.08528270951687456,0.08528270951687456,0.0448374470367054,1.0,1.0,1.0,0.0,0.0,0.0
changed_domain_same_physical_operator,e51b0c876b7609a9f8ab12c8,harmonic,truncated_line,5,0.9006385152488213,0.9006385152488213,0.9987624941396805,0.09676956151396159,0.09676956151396159,1.7586018894455435e-06,0.10008170040205042,0.10008170040205042,0.035473321271138225,1.0,1.0,1.0,0.0,0.0,0.0
changed_domain_same_physical_operator,e51b0c876b7609a9f8ab12c8,harmonic,truncated_line,6,0.910857312242883,0.910857312242883,0.9986014123848501,0.09676956151396159,0.09676956151396159,1.7586018894455435e-06,0.08258048996798055,0.08258048996798055,0.027996971012809325,1.0,1.0,1.0,0.0,0.0,0.0
changed_domain_same_physical_operator,e51b0c876b7609a9f8ab12c8,harmonic,truncated_line,7,0.9251870863718556,0.9251870863718556,0.9906205876967842,0.09676956151396159,0.09676956151396159,1.7586018894455435e-06,0.1274288487343878,0.1274288487343878,0.03347978610431636,1.0,1.0,0.0,0.0,0.0,0.0
changed_domain_same_physical_operator,e51b0c876b7609a9f8ab12c8,harmonic,truncated_line,8,0.96884001248849,0.96884001248849,0.9946094243549698,0.09676956151396159,0.09676956151396159,1.7586018894455435e-06,0.12448193782271252,0.12448193782271252,0.022792422172964386,1.0,1.0,1.0,0.0,0.0,0.0
changed_domain_same_physical_operator,e51b0c876b7609a9f8ab12c8,harmonic,truncated_line,9,0.9783397616308984,0.9783397616308984,0.9926586558533158,0.09676956151396159,0.09676956151396159,1.7586018894455435e-06,0.15583432185865584,0.15583432185865584,0.017915550765222006,1.0,1.0,1.0,0.0,0.0,0.0
changed_domain_same_physical_operator,e51b0c876b7609a9f8ab12c8,harmonic,truncated_line,10,0.9758838994124731,0.9758838994124731,0.9921073784564801,0.09676956151396159,0.09676956151396159,1.7586018894455435e-06,0.13111044423295135,0.13111044423295135,0.01974983667265489,1.0,1.0,1.0,0.0,0.0,0.0
constant_potential_shift,3e9703fca63f4b9d8f6c235e,reflected_potential,truncated_line,0,0.8937333526241206,0.8937333526241206,0.9942037403307171,0.44728463206594593,0.44728463206594593,2.6712972219788966e-06,0.35096684225319735,0.35096684225319735,0.2119990821814578,1.0,1.0,0.0,0.0,0.0,0.0
constant_potential_shift,3e9703fca63f4b9d8f6c235e,reflected_potential,truncated_line,1,0.8979880672265229,0.8979880672265229,0.9667973397370248,0.44728463206594593,0.44728463206594593,2.6712972219788966e-06,0.7390572750697056,0.7390572750697056,0.9008681900863229,1.0,1.0,0.0,0.0,0.0,0.0
constant_potential_shift,3e9703fca63f4b9d8f6c235e,reflected_potential,truncated_line,2,0.8815165201518375,0.8815165201518375,0.9701626852206303,0.44728463206594593,0.44728463206594593,2.6712972219788966e-06,0.34910575862488114,0.34910575862488114,0.31692356951584444,1.0,1.0,0.0,0.0,0.0,0.0
constant_potential_shift,3e9703fca63f4b9d8f6c235e,reflected_potential,truncated_line,3,0.35207778099667836,0.35207778099667836,0.9696972652277382,0.44728463206594593,0.44728463206594593,2.6712972219788966e-06,0.2638749452992219,0.2638749452992219,0.14128974949960044,1.0,1.0,0.0,0.0,0.0,0.0
constant_potential_shift,3e9703fca63f4b9d8f6c235e,reflected_potential,truncated_line,4,0.6351641276694375,0.6351641276694375,0.9608926039907403,0.44728463206594593,0.44728463206594593,2.6712972219788966e-06,0.17241849143310123,0.17241849143310123,0.11653643968013384,1.0,1.0,1.0,0.0,0.0,0.0
constant_potential_shift,3e9703fca63f4b9d8f6c235e,reflected_potential,truncated_line,5,0.7549463732511421,0.7549463732511421,0.9616140892229772,0.44728463206594593,0.44728463206594593,2.6712972219788966e-06,0.13110017260826193,0.13110017260826193,0.09079411416471507,1.0,1.0,0.0,0.0,0.0,0.0
constant_potential_shift,3e9703fca63f4b9d8f6c235e,reflected_potential,truncated_line,6,0.8745114814281868,0.8745114814281868,0.9831630662604874,0.44728463206594593,0.44728463206594593,2.6712972219788966e-06,0.10289579704209068,0.10289579704209068,0.063915835962154,1.0,1.0,1.0,0.0,0.0,0.0
constant_potential_shift,3e9703fca63f4b9d8f6c235e,reflected_potential,truncated_line,7,0.9399108961190041,0.9399108961190041,0.9883466465333691,0.44728463206594593,0.44728463206594593,2.6712972219788966e-06,0.0926619081852243,0.0926619081852243,0.05144389666446494,1.0,1.0,1.0,0.0,0.0,0.0
constant_potential_shift,3e9703fca63f4b9d8f6c235e,reflected_potential,truncated_line,8,0.916291698839486,0.916291698839486,0.9861744903374533,0.44728463206594593,0.44728463206594593,2.6712972219788966e-06,0.05526383917901078,0.05526383917901078,0.04034971130230224,1.0,1.0,1.0,0.0,0.0,0.0
constant_potential_shift,3e9703fca63f4b9d8f6c235e,reflected_potential,truncated_line,9,0.8647266751414081,0.8647266751414081,0.9533268221822744,0.44728463206594593,0.44728463206594593,2.6712972219788966e-06,0.05808373118309887,0.05808373118309887,0.036991982387200265,1.0,1.0,1.0,0.0,0.0,0.0
constant_potential_shift,3e9703fca63f4b9d8f6c235e,reflected_potential,truncated_line,10,0.7590470057567552,0.7590470057567552,0.8129974933980477,0.44728463206594593,0.44728463206594593,2.6712972219788966e-06,0.08486496786390044,0.08486496786390044,0.04245331017009435,1.0,1.0,1.0,0.0,0.0,0.0
controlled_smooth_perturbations,cc9f319b78e5907ca2bfc514,smooth_perturbed,truncated_line,0,0.8332479395877187,0.8332479395877187,0.9973879390310773,0.22474779666504616,0.22474779666504616,1.2398533788537947e-06,0.48720973782374244,0.48720973782374244,0.3340450939755177,1.0,1.0,0.0,0.0,0.0,0.0
controlled_smooth_perturbations,cc9f319b78e5907ca2bfc514,smooth_perturbed,truncated_line,1,0.521268680469665,0.521268680469665,0.9980091574142784,0.22474779666504616,0.22474779666504616,1.2398533788537947e-06,0.8495926829672124,0.8495926829672124,0.8471134992846858,1.0,1.0,0.0,0.0,0.0,0.0
controlled_smooth_perturbations,cc9f319b78e5907ca2bfc514,smooth_perturbed,truncated_line,2,0.6496853865845362,0.6496853865845362,0.9979812073036708,0.22474779666504616,0.22474779666504616,1.2398533788537947e-06,0.3722325442041208,0.3722325442041208,0.24546873667363453,1.0,1.0,0.0,0.0,0.0,0.0
controlled_smooth_perturbations,cc9f319b78e5907ca2bfc514,smooth_perturbed,truncated_line,3,0.6706077542048231,0.6706077542048231,0.9965514193464364,0.22474779666504616,0.22474779666504616,1.2398533788537947e-06,0.23046785069283324,0.23046785069283324,0.1743329703400112,1.0,1.0,1.0,0.0,0.0,0.0
controlled_smooth_perturbations,cc9f319b78e5907ca2bfc514,smooth_perturbed,truncated_line,4,0.8499642231139809,0.8499642231139809,0.992863694093029,0.22474779666504616,0.22474779666504616,1.2398533788537947e-06,0.14371819269660746,0.14371819269660746,0.13346721807732553,1.0,1.0,1.0,0.0,0.0,0.0
controlled_smooth_perturbations,cc9f319b78e5907ca2bfc514,smooth_perturbed,truncated_line,5,0.9280292264562814,0.9280292264562814,0.9958990741502811,0.22474779666504616,0.22474779666504616,1.2398533788537947e-06,0.10114223691427716,0.10114223691427716,0.08518223645108829,1.0,1.0,0.0,0.0,0.0,0.0
controlled_smooth_perturbations,cc9f319b78e5907ca2bfc514,smooth_perturbed,truncated_line,6,0.9632124215728624,0.9632124215728624,0.991994003335535,0.22474779666504616,0.22474779666504616,1.2398533788537947e-06,0.08568373242423731,0.08568373242423731,0.06383852437055722,1.0,1.0,0.0,0.0,0.0,0.0
controlled_smooth_perturbations,cc9f319b78e5907ca2bfc514,smooth_perturbed,truncated_line,7,0.95149829371244,0.95149829371244,0.9896246756523177,0.22474779666504616,0.22474779666504616,1.2398533788537947e-06,0.06390183574952497,0.06390183574952497,0.049001790949109836,1.0,1.0,0.0,0.0,0.0,0.0
controlled_smooth_perturbations,cc9f319b78e5907ca2bfc514,smooth_perturbed,truncated_line,8,0.913783888570069,0.913783888570069,0.9867062690983174,0.22474779666504616,0.22474779666504616,1.2398533788537947e-06,0.0632924603541482,0.0632924603541482,0.03607199114696698,1.0,1.0,1.0,0.0,0.0,0.0
controlled_smooth_perturbations,cc9f319b78e5907ca2bfc514,smooth_perturbed,truncated_line,9,0.7920627180176312,0.7920627180176312,0.9469837125190804,0.22474779666504616,0.22474779666504616,1.2398533788537947e-06,0.05111184936501365,0.05111184936501365,0.04243619068021509,1.0,1.0,1.0,0.0,0.0,0.0
controlled_smooth_perturbations,cc9f319b78e5907ca2bfc514,smooth_perturbed,truncated_line,10,0.8349429649006684,0.8349429649006684,0.8985425792378159,0.22474779666504616,0.22474779666504616,1.2398533788537947e-06,0.13341816705146087,0.13341816705146087,0.0374805628942779,1.0,1.0,1.0,0.0,0.0,0.0
double_wells,1c2fec4200cb9b3f4ef06f03,double_well,truncated_line,0,0.8628449849121043,0.8628449849121043,0.9998372680520373,0.3084936458050954,0.3084936458050954,1.7179738054373672e-06,0.3999718632222775,0.3999718632222775,0.3120363728426772,1.0,1.0,0.0,0.0,0.0,0.0
double_wells,1c2fec4200cb9b3f4ef06f03,double_well,truncated_line,1,0.5874364258458203,0.5874364258458203,0.9996910040778028,0.3084936458050954,0.3084936458050954,1.7179738054373672e-06,0.2629581435505425,0.2629581435505425,0.18888339765778295,1.0,1.0,1.0,0.0,0.0,0.0
double_wells,1c2fec4200cb9b3f4ef06f03,double_well,truncated_line,2,0.956533409290601,0.956533409290601,0.9997945998689275,0.3084936458050954,0.3084936458050954,1.7179738054373672e-06,0.13895721896255384,0.13895721896255384,0.09531934569963095,1.0,1.0,1.0,0.0,0.0,0.0
double_wells,1c2fec4200cb9b3f4ef06f03,double_well,truncated_line,3,0.9934108688733456,0.9934108688733456,0.999526106339629,0.3084936458050954,0.3084936458050954,1.7179738054373672e-06,0.07662781696122642,0.07662781696122642,0.067392893031707,1.0,1.0,1.0,0.0,0.0,0.0
double_wells,1c2fec4200cb9b3f4ef06f03,double_well,truncated_line,4,0.9966284935844167,0.9966284935844167,0.9994640271873665,0.3084936458050954,0.3084936458050954,1.7179738054373672e-06,0.06595712707386676,0.06595712707386676,0.05902275572683192,1.0,1.0,1.0,0.0,0.0,0.0
double_wells,1c2fec4200cb9b3f4ef06f03,double_well,truncated_line,5,0.9963378196942912,0.9963378196942912,0.999442748762454,0.3084936458050954,0.3084936458050954,1.7179738054373672e-06,0.07424742091232704,0.07424742091232704,0.05884627746817596,1.0,1.0,1.0,0.0,0.0,0.0
double_wells,1c2fec4200cb9b3f4ef06f03,double_well,truncated_line,6,0.9952365311073049,0.9952365311073049,0.9995017879921524,0.3084936458050954,0.3084936458050954,1.7179738054373672e-06,0.07484391773580126,0.07484391773580126,0.05619204893431699,1.0,1.0,1.0,0.0,0.0,0.0
double_wells,1c2fec4200cb9b3f4ef06f03,double_well,truncated_line,7,0.9977204433721959,0.9977204433721959,0.9995752094552319,0.3084936458050954,0.3084936458050954,1.7179738054373672e-06,0.0641203881420809,0.0641203881420809,0.055731935415207996,1.0,1.0,1.0,0.0,0.0,0.0
double_wells,1c2fec4200cb9b3f4ef06f03,double_well,truncated_line,8,0.9958437214114296,0.9958437214114296,0.9989102839440617,0.3084936458050954,0.3084936458050954,1.7179738054373672e-06,0.05178561167401256,0.05178561167401256,0.04674034486211061,1.0,1.0,1.0,0.0,0.0,0.0
double_wells,1c2fec4200cb9b3f4ef06f03,double_well,truncated_line,9,0.9865547926498918,0.9865547926498918,0.9909664272200052,0.3084936458050954,0.3084936458050954,1.7179738054373672e-06,0.05114102331088206,0.05114102331088206,0.043877291521700335,1.0,1.0,1.0,0.0,0.0,0.0
double_wells,1c2fec4200cb9b3f4ef06f03,double_well,truncated_line,10,0.9920297175190925,0.9920297175190925,0.9952907743214061,0.3084936458050954,0.3084936458050954,1.7179738054373672e-06,0.03831514288575341,0.03831514288575341,0.03506861843235904,1.0,1.0,1.0,0.0,0.0,0.0
double_wells,41e384b776a85a8e45b9fabd,double_well,truncated_line,0,0.9422401774063107,0.9422401774063107,0.9998646252308183,0.2197917473738283,0.2197917473738283,1.0362351665627045e-06,0.48431998854807196,0.48431998854807196,0.42239816264321156,1.0,1.0,0.0,0.0,0.0,0.0
double_wells,41e384b776a85a8e45b9fabd,double_well,truncated_line,1,0.792427152817393,0.792427152817393,0.9998294780749731,0.2197917473738283,0.2197917473738283,1.0362351665627045e-06,0.2664577394783812,0.2664577394783812,0.1741784080938921,1.0,1.0,1.0,0.0,0.0,0.0
double_wells,41e384b776a85a8e45b9fabd,double_well,truncated_line,2,0.9938417066029431,0.9938417066029431,0.9997370635237786,0.2197917473738283,0.2197917473738283,1.0362351665627045e-06,0.1308011292840642,0.1308011292840642,0.09290587718622055,1.0,1.0,1.0,0.0,0.0,0.0
double_wells,41e384b776a85a8e45b9fabd,double_well,truncated_line,3,0.9977208583523663,0.9977208583523663,0.9995799078510941,0.2197917473738283,0.2197917473738283,1.0362351665627045e-06,0.07248300269521393,0.07248300269521393,0.06424463558098673,1.0,1.0,1.0,0.0,0.0,0.0
double_wells,41e384b776a85a8e45b9fabd,double_well,truncated_line,4,0.9977806165549511,0.9977806165549511,0.9994713638066124,0.2197917473738283,0.2197917473738283,1.0362351665627045e-06,0.06525642010008896,0.06525642010008896,0.05614764325485646,1.0,1.0,1.0,0.0,0.0,0.0
double_wells,41e384b776a85a8e45b9fabd,double_well,truncated_line,5,0.997694171822231,0.997694171822231,0.9992210081290347,0.2197917473738283,0.2197917473738283,1.0362351665627045e-06,0.06637965870892962,0.06637965870892962,0.056378276400949216,1.0,1.0,1.0,0.0,0.0,0.0
double_wells,41e384b776a85a8e45b9fabd,double_well,truncated_line,6,0.9950539718396707,0.9950539718396707,0.9993463241801407,0.2197917473738283,0.2197917473738283,1.0362351665627045e-06,0.0665440219030332,0.0665440219030332,0.053424541659647475,1.0,1.0,1.0,0.0,0.0,0.0
double_wells,41e384b776a85a8e45b9fabd,double_well,truncated_line,7,0.9966908688809653,0.9966908688809653,0.9996142484944739,0.2197917473738283,0.2197917473738283,1.0362351665627045e-06,0.060164789116690175,0.060164789116690175,0.05462252085022841,1.0,1.0,1.0,0.0,0.0,0.0
double_wells,41e384b776a85a8e45b9fabd,double_well,truncated_line,8,0.9941367091357655,0.9941367091357655,0.9990682337575897,0.2197917473738283,0.2197917473738283,1.0362351665627045e-06,0.05161017202515333,0.05161017202515333,0.0472987930634787,1.0,1.0,1.0,0.0,0.0,0.0
double_wells,41e384b776a85a8e45b9fabd,double_well,truncated_line,9,0.9906336721074603,0.9906336721074603,0.9942257104918065,0.2197917473738283,0.2197917473738283,1.0362351665627045e-06,0.04793483963788459,0.04793483963788459,0.04307280860710475,1.0,1.0,1.0,0.0,0.0,0.0
double_wells,41e384b776a85a8e45b9fabd,double_well,truncated_line,10,0.9954678681903694,0.9954678681903694,0.9977516559231213,0.2197917473738283,0.2197917473738283,1.0362351665627045e-06,0.036391055290010445,0.036391055290010445,0.03446602557784685,1.0,1.0,1.0,0.0,0.0,0.0
double_wells,6826d82437b4e504b3b2803e,double_well,truncated_line,0,0.8982870198334292,0.8982870198334292,0.9998165160736797,0.18218722907032875,0.18218722907032875,1.55943894264432e-06,0.3923211062583041,0.3923211062583041,0.33231339497066803,1.0,1.0,0.0,0.0,0.0,0.0
double_wells,6826d82437b4e504b3b2803e,double_well,truncated_line,1,0.7543042425623232,0.7543042425623232,0.9997933245752445,0.18218722907032875,0.18218722907032875,1.55943894264432e-06,0.2594985000645114,0.2594985000645114,0.18778441793148798,1.0,1.0,1.0,0.0,0.0,0.0
double_wells,6826d82437b4e504b3b2803e,double_well,truncated_line,2,0.9836666931883042,0.9836666931883042,0.9997266485590679,0.18218722907032875,0.18218722907032875,1.55943894264432e-06,0.13603434583883658,0.13603434583883658,0.09695937755297185,1.0,1.0,1.0,0.0,0.0,0.0
double_wells,6826d82437b4e504b3b2803e,double_well,truncated_line,3,0.9973113232349134,0.9973113232349134,0.9995540216959474,0.18218722907032875,0.18218722907032875,1.55943894264432e-06,0.07412304220595778,0.07412304220595778,0.06632062710118429,1.0,1.0,1.0,0.0,0.0,0.0
double_wells,6826d82437b4e504b3b2803e,double_well,truncated_line,4,0.9976811120428202,0.9976811120428202,0.9994613390128064,0.18218722907032875,0.18218722907032875,1.55943894264432e-06,0.06582838943831094,0.06582838943831094,0.05781441330584902,1.0,1.0,1.0,0.0,0.0,0.0
double_wells,6826d82437b4e504b3b2803e,double_well,truncated_line,5,0.9973528730329515,0.9973528730329515,0.9993382028824163,0.18218722907032875,0.18218722907032875,1.55943894264432e-06,0.07047328052297466,0.07047328052297466,0.05771041065089354,1.0,1.0,1.0,0.0,0.0,0.0
double_wells,6826d82437b4e504b3b2803e,double_well,truncated_line,6,0.9946973437441504,0.9946973437441504,0.9994210042751253,0.18218722907032875,0.18218722907032875,1.55943894264432e-06,0.07119799324621581,0.07119799324621581,0.0548443472554863,1.0,1.0,1.0,0.0,0.0,0.0
double_wells,6826d82437b4e504b3b2803e,double_well,truncated_line,7,0.9967361889557282,0.9967361889557282,0.9996051222024936,0.18218722907032875,0.18218722907032875,1.55943894264432e-06,0.062168747579761666,0.062168747579761666,0.05523633059683988,1.0,1.0,1.0,0.0,0.0,0.0
double_wells,6826d82437b4e504b3b2803e,double_well,truncated_line,8,0.9946637804438592,0.9946637804438592,0.9990032177707756,0.18218722907032875,0.18218722907032875,1.55943894264432e-06,0.051549289984484416,0.051549289984484416,0.04700102550894438,1.0,1.0,1.0,0.0,0.0,0.0
double_wells,6826d82437b4e504b3b2803e,double_well,truncated_line,9,0.9892004778900825,0.9892004778900825,0.9929560064569362,0.18218722907032875,0.18218722907032875,1.55943894264432e-06,0.049654134102123354,0.049654134102123354,0.043022908440049114,1.0,1.0,1.0,0.0,0.0,0.0
double_wells,6826d82437b4e504b3b2803e,double_well,truncated_line,10,0.9942674968162608,0.9942674968162608,0.9968603090955002,0.18218722907032875,0.18218722907032875,1.55943894264432e-06,0.03666744926035006,0.03666744926035006,0.03417855911130212,1.0,1.0,1.0,0.0,0.0,0.0
double_wells,8f95f0be90038db465014511,double_well,truncated_line,0,0.8346126101803528,0.8346126101803528,0.9997744438955136,0.1997360939067609,0.1997360939067609,1.453879210133735e-06,0.3619936483314795,0.3619936483314795,0.29710703131552463,1.0,1.0,0.0,0.0,0.0,0.0
double_wells,8f95f0be90038db465014511,double_well,truncated_line,1,0.6520886993041524,0.6520886993041524,0.999780852178455,0.1997360939067609,0.1997360939067609,1.453879210133735e-06,0.25927195148352883,0.25927195148352883,0.18686555191037543,1.0,1.0,1.0,0.0,0.0,0.0
double_wells,8f95f0be90038db465014511,double_well,truncated_line,2,0.9512297248690548,0.9512297248690548,0.9996776437304781,0.1997360939067609,0.1997360939067609,1.453879210133735e-06,0.1428031394164492,0.1428031394164492,0.10132691239283911,1.0,1.0,1.0,0.0,0.0,0.0
double_wells,8f95f0be90038db465014511,double_well,truncated_line,3,0.9955602958577892,0.9955602958577892,0.9995463747039196,0.1997360939067609,0.1997360939067609,1.453879210133735e-06,0.07537350207528609,0.07537350207528609,0.06645135744971432,1.0,1.0,1.0,0.0,0.0,0.0
double_wells,8f95f0be90038db465014511,double_well,truncated_line,4,0.9970423446707771,0.9970423446707771,0.9994572273193917,0.1997360939067609,0.1997360939067609,1.453879210133735e-06,0.06514411103497732,0.06514411103497732,0.05837108134790278,1.0,1.0,1.0,0.0,0.0,0.0
double_wells,8f95f0be90038db465014511,double_well,truncated_line,5,0.996808268693366,0.996808268693366,0.9994253192066664,0.1997360939067609,0.1997360939067609,1.453879210133735e-06,0.0736807373215764,0.0736807373215764,0.058680491879413904,1.0,1.0,1.0,0.0,0.0,0.0
double_wells,8f95f0be90038db465014511,double_well,truncated_line,6,0.994248223194333,0.994248223194333,0.9994767793065107,0.1997360939067609,0.1997360939067609,1.453879210133735e-06,0.07460012669570419,0.07460012669570419,0.055764550774239974,1.0,1.0,1.0,0.0,0.0,0.0
double_wells,8f95f0be90038db465014511,double_well,truncated_line,7,0.9966332882658091,0.9966332882658091,0.9995660838508935,0.1997360939067609,0.1997360939067609,1.453879210133735e-06,0.06374512724570554,0.06374512724570554,0.05553955002311459,1.0,1.0,1.0,0.0,0.0,0.0
double_wells,8f95f0be90038db465014511,double_well,truncated_line,8,0.9948993487878133,0.9948993487878133,0.9989069406465009,0.1997360939067609,0.1997360939067609,1.453879210133735e-06,0.051751290655164935,0.051751290655164935,0.04695872236295596,1.0,1.0,1.0,0.0,0.0,0.0
double_wells,8f95f0be90038db465014511,double_well,truncated_line,9,0.9871555721555217,0.9871555721555217,0.9912790218300371,0.1997360939067609,0.1997360939067609,1.453879210133735e-06,0.05159387384506648,0.05159387384506648,0.0440522056774581,1.0,1.0,1.0,0.0,0.0,0.0
double_wells,8f95f0be90038db465014511,double_well,truncated_line,10,0.9927632491330209,0.9927632491330209,0.9957594529785728,0.1997360939067609,0.1997360939067609,1.453879210133735e-06,0.038520914704027985,0.038520914704027985,0.035195931019062744,1.0,1.0,1.0,0.0,0.0,0.0
double_wells,bb6df855193efa2ea433f72d,double_well,truncated_line,0,0.9037885438976598,0.9037885438976598,0.9998061082803402,0.43855584812011544,0.43855584812011544,1.7480337396458268e-06,0.4968764419028291,0.4968764419028291,0.40364107731033744,1.0,1.0,0.0,0.0,0.0,0.0
double_wells,bb6df855193efa2ea433f72d,double_well,truncated_line,1,0.497390261302001,0.497390261302001,0.9997472231080755,0.43855584812011544,0.43855584812011544,1.7480337396458268e-06,0.3307089499633788,0.3307089499633788,0.16517832494734483,1.0,1.0,1.0,0.0,0.0,0.0
double_wells,bb6df855193efa2ea433f72d,double_well,truncated_line,2,0.9564033607763882,0.9564033607763882,0.9996237353257342,0.43855584812011544,0.43855584812011544,1.7480337396458268e-06,0.13944593004352304,0.13944593004352304,0.10433648051839071,1.0,1.0,1.0,0.0,0.0,0.0
double_wells,bb6df855193efa2ea433f72d,double_well,truncated_line,3,0.9879705217209388,0.9879705217209388,0.9995580374469489,0.43855584812011544,0.43855584812011544,1.7480337396458268e-06,0.07804732909975257,0.07804732909975257,0.06568501578157512,1.0,1.0,1.0,0.0,0.0,0.0
double_wells,bb6df855193efa2ea433f72d,double_well,truncated_line,4,0.9948509708329627,0.9948509708329627,0.9994373945479786,0.43855584812011544,0.43855584812011544,1.7480337396458268e-06,0.06466793148423483,0.06466793148423483,0.05814616947800524,1.0,1.0,1.0,0.0,0.0,0.0
double_wells,bb6df855193efa2ea433f72d,double_well,truncated_line,5,0.9958524290008923,0.9958524290008923,0.9994145630851218,0.43855584812011544,0.43855584812011544,1.7480337396458268e-06,0.07428239089355602,0.07428239089355602,0.05881733786447049,1.0,1.0,1.0,0.0,0.0,0.0
double_wells,bb6df855193efa2ea433f72d,double_well,truncated_line,6,0.9931465413941722,0.9931465413941722,0.9994576397451589,0.43855584812011544,0.43855584812011544,1.7480337396458268e-06,0.07337106165201854,0.07337106165201854,0.055719362656828995,1.0,1.0,1.0,0.0,0.0,0.0
double_wells,bb6df855193efa2ea433f72d,double_well,truncated_line,7,0.9955841808569224,0.9955841808569224,0.9995133531663828,0.43855584812011544,0.43855584812011544,1.7480337396458268e-06,0.0629341579832379,0.0629341579832379,0.05559590924909769,1.0,1.0,1.0,0.0,0.0,0.0
double_wells,bb6df855193efa2ea433f72d,double_well,truncated_line,8,0.9935581805396617,0.9935581805396617,0.9988564386853527,0.43855584812011544,0.43855584812011544,1.7480337396458268e-06,0.05127831802387367,0.05127831802387367,0.0472736172215904,1.0,1.0,1.0,0.0,0.0,0.0
double_wells,bb6df855193efa2ea433f72d,double_well,truncated_line,9,0.9865472140142387,0.9865472140142387,0.9908256506664492,0.43855584812011544,0.43855584812011544,1.7480337396458268e-06,0.05328577347647541,0.05328577347647541,0.04498769770973431,1.0,1.0,1.0,0.0,0.0,0.0
double_wells,bb6df855193efa2ea433f72d,double_well,truncated_line,10,0.9924167046889357,0.9924167046889357,0.9954522367365432,0.43855584812011544,0.43855584812011544,1.7480337396458268e-06,0.04511726391811325,0.04511726391811325,0.03619097814249539,1.0,1.0,1.0,0.0,0.0,0.0
joint_parameter_extrapolation,6dde173c84aa95145d631f1b,fourier_random,truncated_line,0,0.9960021510528708,0.9960021510528708,0.9999891860952643,0.09065609977750397,0.09065609977750397,1.6713698427484047e-06,0.15290643137447982,0.15290643137447982,0.05403200492328355,1.0,1.0,1.0,0.0,0.0,0.0
joint_parameter_extrapolation,6dde173c84aa95145d631f1b,fourier_random,truncated_line,1,0.9942164550298378,0.9942164550298378,0.9999561605111688,0.09065609977750397,0.09065609977750397,1.6713698427484047e-06,0.07530624415416413,0.07530624415416413,0.029280092144352895,1.0,1.0,0.0,0.0,0.0,0.0
joint_parameter_extrapolation,6dde173c84aa95145d631f1b,fourier_random,truncated_line,2,0.9855037068341707,0.9855037068341707,0.9999424791558618,0.09065609977750397,0.09065609977750397,1.6713698427484047e-06,0.05971844382976141,0.05971844382976141,0.02025394632292725,1.0,1.0,1.0,0.0,0.0,0.0
joint_parameter_extrapolation,6dde173c84aa95145d631f1b,fourier_random,truncated_line,3,0.997380444113961,0.997380444113961,0.9997392445271813,0.09065609977750397,0.09065609977750397,1.6713698427484047e-06,0.03895249049049506,0.03895249049049506,0.025980853465212565,1.0,1.0,1.0,0.0,0.0,0.0
joint_parameter_extrapolation,6dde173c84aa95145d631f1b,fourier_random,truncated_line,4,0.9977604555287259,0.9977604555287259,0.9997460363030141,0.09065609977750397,0.09065609977750397,1.6713698427484047e-06,0.03182592995521027,0.03182592995521027,0.02249898822658732,1.0,1.0,1.0,0.0,0.0,0.0
joint_parameter_extrapolation,6dde173c84aa95145d631f1b,fourier_random,truncated_line,5,0.9975659877161297,0.9975659877161297,0.9982286481326359,0.09065609977750397,0.09065609977750397,1.6713698427484047e-06,0.038544651651512885,0.038544651651512885,0.03194138808974186,1.0,1.0,1.0,0.0,0.0,0.0
joint_parameter_extrapolation,6dde173c84aa95145d631f1b,fourier_random,truncated_line,6,0.9975084855754037,0.9975084855754037,0.9988420876984079,0.09065609977750397,0.09065609977750397,1.6713698427484047e-06,0.027163132512316945,0.027163132512316945,0.02620443996986364,1.0,1.0,1.0,0.0,0.0,0.0
joint_parameter_extrapolation,6dde173c84aa95145d631f1b,fourier_random,truncated_line,7,0.9962071622436481,0.9962071622436481,0.9975684052358507,0.09065609977750397,0.09065609977750397,1.6713698427484047e-06,0.028544350675453706,0.028544350675453706,0.028352200891951954,1.0,1.0,1.0,0.0,0.0,0.0
joint_parameter_extrapolation,6dde173c84aa95145d631f1b,fourier_random,truncated_line,8,0.995150246115445,0.995150246115445,0.9992027454734582,0.09065609977750397,0.09065609977750397,1.6713698427484047e-06,0.03266517931829532,0.03266517931829532,0.03219967783866273,1.0,1.0,1.0,0.0,0.0,0.0
joint_parameter_extrapolation,6dde173c84aa95145d631f1b,fourier_random,truncated_line,9,0.9957079202849697,0.9957079202849697,0.9981686754528941,0.09065609977750397,0.09065609977750397,1.6713698427484047e-06,0.0319306519022955,0.0319306519022955,0.0312668172954149,1.0,1.0,1.0,0.0,0.0,0.0
joint_parameter_extrapolation,6dde173c84aa95145d631f1b,fourier_random,truncated_line,10,0.9931464611810674,0.9931464611810674,0.9942770803115991,0.09065609977750397,0.09065609977750397,1.6713698427484047e-06,0.039159578013932196,0.039159578013932196,0.027873336280774548,1.0,1.0,1.0,0.0,0.0,0.0
joint_parameter_extrapolation,7b9df8a2406335cae9e9bac6,double_well,truncated_line,0,0.9939647809760094,0.9939647809760094,0.9984196861510638,0.3889888216904442,0.3889888216904442,1.947220964915175e-06,0.3526993899770784,0.3526993899770784,0.30956424366472723,1.0,1.0,0.0,0.0,0.0,0.0
joint_parameter_extrapolation,7b9df8a2406335cae9e9bac6,double_well,truncated_line,1,0.9837812252441517,0.9837812252441517,0.9985649998395095,0.3889888216904442,0.3889888216904442,1.947220964915175e-06,0.27559684844924803,0.27559684844924803,0.24107972399665129,1.0,1.0,1.0,0.0,0.0,0.0
joint_parameter_extrapolation,7b9df8a2406335cae9e9bac6,double_well,truncated_line,2,0.8294192340200787,0.8294192340200787,0.9992127728112321,0.3889888216904442,0.3889888216904442,1.947220964915175e-06,0.1721259425821443,0.1721259425821443,0.12924401273379518,1.0,1.0,1.0,0.0,0.0,0.0
joint_parameter_extrapolation,7b9df8a2406335cae9e9bac6,double_well,truncated_line,3,0.9925642330569667,0.9925642330569667,0.9995455098581543,0.3889888216904442,0.3889888216904442,1.947220964915175e-06,0.07929041450162017,0.07929041450162017,0.0666391140571553,1.0,1.0,1.0,0.0,0.0,0.0
joint_parameter_extrapolation,7b9df8a2406335cae9e9bac6,double_well,truncated_line,4,0.9900054820497104,0.9900054820497104,0.9994417923888036,0.3889888216904442,0.3889888216904442,1.947220964915175e-06,0.0653829980018381,0.0653829980018381,0.060563148581876454,1.0,1.0,1.0,0.0,0.0,0.0
joint_parameter_extrapolation,7b9df8a2406335cae9e9bac6,double_well,truncated_line,5,0.9945184785168676,0.9945184785168676,0.9995202108415784,0.3889888216904442,0.3889888216904442,1.947220964915175e-06,0.07395836873720744,0.07395836873720744,0.06067011127540419,1.0,1.0,1.0,0.0,0.0,0.0
joint_parameter_extrapolation,7b9df8a2406335cae9e9bac6,double_well,truncated_line,6,0.9927876497503172,0.9927876497503172,0.9994792550843494,0.3889888216904442,0.3889888216904442,1.947220964915175e-06,0.07554074856932827,0.07554074856932827,0.05749489245908086,1.0,1.0,1.0,0.0,0.0,0.0
joint_parameter_extrapolation,7b9df8a2406335cae9e9bac6,double_well,truncated_line,7,0.9958026801143887,0.9958026801143887,0.9995306971443035,0.3889888216904442,0.3889888216904442,1.947220964915175e-06,0.05982571200301229,0.05982571200301229,0.055114263809510726,1.0,1.0,1.0,0.0,0.0,0.0
joint_parameter_extrapolation,7b9df8a2406335cae9e9bac6,double_well,truncated_line,8,0.9952873409014461,0.9952873409014461,0.9990249710293048,0.3889888216904442,0.3889888216904442,1.947220964915175e-06,0.04877493976795621,0.04877493976795621,0.047147600785088395,1.0,1.0,1.0,0.0,0.0,0.0
joint_parameter_extrapolation,7b9df8a2406335cae9e9bac6,double_well,truncated_line,9,0.9890879986148625,0.9890879986148625,0.992193569993472,0.3889888216904442,0.3889888216904442,1.947220964915175e-06,0.07182053912247656,0.07182053912247656,0.04609985513368167,1.0,1.0,1.0,0.0,0.0,0.0
joint_parameter_extrapolation,7b9df8a2406335cae9e9bac6,double_well,truncated_line,10,0.9921517389983491,0.9921517389983491,0.994762141795725,0.3889888216904442,0.3889888216904442,1.947220964915175e-06,0.06050415625997301,0.06050415625997301,0.039568936430573284,1.0,1.0,1.0,0.0,0.0,0.0
localized_defects,0e16aa23aa1ffc156edf6b60,localized_defect,truncated_line,0,0.8435620063457921,0.8435620063457921,0.9684030698486075,0.15546052553483186,0.15546052553483186,1.4003928183736747e-06,0.34598653544279334,0.34598653544279334,0.24830794570389036,1.0,1.0,0.0,0.0,0.0,0.0
localized_defects,0e16aa23aa1ffc156edf6b60,localized_defect,truncated_line,1,0.9266925598832946,0.9266925598832946,0.959820881995169,0.15546052553483186,0.15546052553483186,1.4003928183736747e-06,0.8591631056135013,0.8591631056135013,0.8872009638022262,1.0,1.0,0.0,0.0,0.0,0.0
localized_defects,0e16aa23aa1ffc156edf6b60,localized_defect,truncated_line,2,0.902855543298666,0.902855543298666,0.9965488118473522,0.15546052553483186,0.15546052553483186,1.4003928183736747e-06,0.6589485162348722,0.6589485162348722,0.31388299956583393,1.0,1.0,1.0,0.0,0.0,0.0
localized_defects,0e16aa23aa1ffc156edf6b60,localized_defect,truncated_line,3,0.9536116441198026,0.9536116441198026,0.9953246762450242,0.15546052553483186,0.15546052553483186,1.4003928183736747e-06,0.3403396860406155,0.3403396860406155,0.19114185668900324,1.0,1.0,1.0,0.0,0.0,0.0
localized_defects,0e16aa23aa1ffc156edf6b60,localized_defect,truncated_line,4,0.9525338872998165,0.9525338872998165,0.9935750380574256,0.15546052553483186,0.15546052553483186,1.4003928183736747e-06,0.23131290800008808,0.23131290800008808,0.13016429712618158,1.0,1.0,1.0,0.0,0.0,0.0
localized_defects,0e16aa23aa1ffc156edf6b60,localized_defect,truncated_line,5,0.957336853657302,0.957336853657302,0.9923083013030299,0.15546052553483186,0.15546052553483186,1.4003928183736747e-06,0.20881808734409138,0.20881808734409138,0.111836976324352,1.0,1.0,1.0,0.0,0.0,0.0
localized_defects,0e16aa23aa1ffc156edf6b60,localized_defect,truncated_line,6,0.9364284974281455,0.9364284974281455,0.9910698934289648,0.15546052553483186,0.15546052553483186,1.4003928183736747e-06,0.1530387390893118,0.1530387390893118,0.08406488465990418,1.0,1.0,1.0,0.0,0.0,0.0
localized_defects,0e16aa23aa1ffc156edf6b60,localized_defect,truncated_line,7,0.939518968114153,0.939518968114153,0.9787154075040372,0.15546052553483186,0.15546052553483186,1.4003928183736747e-06,0.14201053350344384,0.14201053350344384,0.07602270649827947,1.0,1.0,1.0,0.0,0.0,0.0
localized_defects,0e16aa23aa1ffc156edf6b60,localized_defect,truncated_line,8,0.9420080767312592,0.9420080767312592,0.9872080257058887,0.15546052553483186,0.15546052553483186,1.4003928183736747e-06,0.10483760529828462,0.10483760529828462,0.05804983619494043,1.0,1.0,1.0,0.0,0.0,0.0
localized_defects,0e16aa23aa1ffc156edf6b60,localized_defect,truncated_line,9,0.9466859522478946,0.9466859522478946,0.987289626763469,0.15546052553483186,0.15546052553483186,1.4003928183736747e-06,0.09152565489966348,0.09152565489966348,0.05151910608942757,1.0,1.0,1.0,0.0,0.0,0.0
localized_defects,0e16aa23aa1ffc156edf6b60,localized_defect,truncated_line,10,0.9332410203892575,0.9332410203892575,0.9818333316426306,0.15546052553483186,0.15546052553483186,1.4003928183736747e-06,0.08827668601773359,0.08827668601773359,0.047824988693233816,1.0,1.0,1.0,0.0,0.0,0.0
localized_defects,28855a5d3a96a8718654d4c6,localized_defect,truncated_line,0,0.874318234275912,0.874318234275912,0.9912346209826296,0.09759106409285696,0.09759106409285696,1.4181419543124463e-06,0.6587354596032065,0.6587354596032065,0.6189342495425756,1.0,1.0,0.0,0.0,0.0,0.0
localized_defects,28855a5d3a96a8718654d4c6,localized_defect,truncated_line,1,0.8669029993247469,0.8669029993247469,0.9976506265327251,0.09759106409285696,0.09759106409285696,1.4181419543124463e-06,0.5995220534997585,0.5995220534997585,0.4322134202014227,1.0,1.0,0.0,0.0,0.0,0.0
localized_defects,28855a5d3a96a8718654d4c6,localized_defect,truncated_line,2,0.9403004693553985,0.9403004693553985,0.9986989579582519,0.09759106409285696,0.09759106409285696,1.4181419543124463e-06,0.20094467810717584,0.20094467810717584,0.1751656982884625,1.0,1.0,0.0,0.0,0.0,0.0
localized_defects,28855a5d3a96a8718654d4c6,localized_defect,truncated_line,3,0.9655290007109482,0.9655290007109482,0.9985190217613429,0.09759106409285696,0.09759106409285696,1.4181419543124463e-06,0.15600552326519734,0.15600552326519734,0.0950543007291957,1.0,1.0,1.0,0.0,0.0,0.0
localized_defects,28855a5d3a96a8718654d4c6,localized_defect,truncated_line,4,0.9851915546414887,0.9851915546414887,0.9985165464558995,0.09759106409285696,0.09759106409285696,1.4181419543124463e-06,0.0969441911756735,0.0969441911756735,0.07620468829459967,1.0,1.0,1.0,0.0,0.0,0.0
localized_defects,28855a5d3a96a8718654d4c6,localized_defect,truncated_line,5,0.9854556421302192,0.9854556421302192,0.9976522947481828,0.09759106409285696,0.09759106409285696,1.4181419543124463e-06,0.07828464371176966,0.07828464371176966,0.06092462241500686,1.0,1.0,1.0,0.0,0.0,0.0
localized_defects,28855a5d3a96a8718654d4c6,localized_defect,truncated_line,6,0.985814527731988,0.985814527731988,0.9979174911541939,0.09759106409285696,0.09759106409285696,1.4181419543124463e-06,0.07368421449452939,0.07368421449452939,0.05023688196284883,1.0,1.0,1.0,0.0,0.0,0.0
localized_defects,28855a5d3a96a8718654d4c6,localized_defect,truncated_line,7,0.9916125088893977,0.9916125088893977,0.9952027224882756,0.09759106409285696,0.09759106409285696,1.4181419543124463e-06,0.0531595644318935,0.0531595644318935,0.04914222688597649,1.0,1.0,1.0,0.0,0.0,0.0
localized_defects,28855a5d3a96a8718654d4c6,localized_defect,truncated_line,8,0.9893621427305362,0.9893621427305362,0.9977778183329211,0.09759106409285696,0.09759106409285696,1.4181419543124463e-06,0.06092842442509191,0.06092842442509191,0.04472151467795979,1.0,1.0,1.0,0.0,0.0,0.0
localized_defects,28855a5d3a96a8718654d4c6,localized_defect,truncated_line,9,0.9935364443276233,0.9935364443276233,0.9966245184319864,0.09759106409285696,0.09759106409285696,1.4181419543124463e-06,0.04534043671690337,0.04534043671690337,0.042219856006569634,1.0,1.0,1.0,0.0,0.0,0.0
localized_defects,28855a5d3a96a8718654d4c6,localized_defect,truncated_line,10,0.9872262636401187,0.9872262636401187,0.9926613896928662,0.09759106409285696,0.09759106409285696,1.4181419543124463e-06,0.05813918445058543,0.05813918445058543,0.03808045719573076,1.0,1.0,1.0,0.0,0.0,0.0
localized_defects,6245bccdbf00799ca89a1193,localized_defect,truncated_line,0,0.9908572823810309,0.9908572823810309,0.9979282263893802,0.11033068357179376,0.11033068357179376,1.4471146514427602e-06,0.4947778818355836,0.4947778818355836,0.4828897903826139,1.0,1.0,0.0,0.0,0.0,0.0
localized_defects,6245bccdbf00799ca89a1193,localized_defect,truncated_line,1,0.9800865312426228,0.9800865312426228,0.9983735976597955,0.11033068357179376,0.11033068357179376,1.4471146514427602e-06,0.21081247141887346,0.21081247141887346,0.20037644797303764,1.0,1.0,0.0,0.0,0.0,0.0
localized_defects,6245bccdbf00799ca89a1193,localized_defect,truncated_line,2,0.9098262135085741,0.9098262135085741,0.9981226576040887,0.11033068357179376,0.11033068357179376,1.4471146514427602e-06,0.1755874368051546,0.1755874368051546,0.150270500821701,1.0,1.0,0.0,0.0,0.0,0.0
localized_defects,6245bccdbf00799ca89a1193,localized_defect,truncated_line,3,0.3320273048348677,0.3320273048348677,0.9827145825323715,0.11033068357179376,0.11033068357179376,1.4471146514427602e-06,0.19252145263107898,0.19252145263107898,0.12777811118101273,1.0,1.0,0.0,0.0,0.0,0.0
localized_defects,6245bccdbf00799ca89a1193,localized_defect,truncated_line,4,0.5049010434618152,0.5049010434618152,0.9866317732265185,0.11033068357179376,0.11033068357179376,1.4471146514427602e-06,0.11956802785054889,0.11956802785054889,0.11612894685875924,1.0,1.0,0.0,0.0,0.0,0.0
localized_defects,6245bccdbf00799ca89a1193,localized_defect,truncated_line,5,0.788353243719549,0.788353243719549,0.9967379533310953,0.11033068357179376,0.11033068357179376,1.4471146514427602e-06,0.07700281597107056,0.07700281597107056,0.049316772167115344,1.0,1.0,0.0,0.0,0.0,0.0
localized_defects,6245bccdbf00799ca89a1193,localized_defect,truncated_line,6,0.7097609267650345,0.7097609267650345,0.9960304475867288,0.11033068357179376,0.11033068357179376,1.4471146514427602e-06,0.06634871567881649,0.06634871567881649,0.03458374083778111,1.0,1.0,1.0,0.0,0.0,0.0
localized_defects,6245bccdbf00799ca89a1193,localized_defect,truncated_line,7,0.8371298329123513,0.8371298329123513,0.9911295123223334,0.11033068357179376,0.11033068357179376,1.4471146514427602e-06,0.05022600259863902,0.05022600259863902,0.03672939177487366,1.0,1.0,1.0,0.0,0.0,0.0
localized_defects,6245bccdbf00799ca89a1193,localized_defect,truncated_line,8,0.9006184494705063,0.9006184494705063,0.9937077529293428,0.11033068357179376,0.11033068357179376,1.4471146514427602e-06,0.05024429876497472,0.05024429876497472,0.03447223569804269,1.0,1.0,1.0,0.0,0.0,0.0
localized_defects,6245bccdbf00799ca89a1193,localized_defect,truncated_line,9,0.9884371006608295,0.9884371006608295,0.9980331669248877,0.11033068357179376,0.11033068357179376,1.4471146514427602e-06,0.05164020472309274,0.05164020472309274,0.030158930465628838,1.0,1.0,1.0,0.0,0.0,0.0
localized_defects,6245bccdbf00799ca89a1193,localized_defect,truncated_line,10,0.9601462994569042,0.9601462994569042,0.9799569163519797,0.11033068357179376,0.11033068357179376,1.4471146514427602e-06,0.039596797033926705,0.039596797033926705,0.030849565474526094,1.0,1.0,1.0,0.0,0.0,0.0
localized_defects,da93b664b6d9fc82b9722a72,localized_defect,truncated_line,0,0.8488345988560196,0.8488345988560196,0.9826213838670231,0.2020839000187666,0.2020839000187666,1.637509851382113e-06,0.2581375123717805,0.2581375123717805,0.15782716627566967,1.0,1.0,0.0,0.0,0.0,0.0
localized_defects,da93b664b6d9fc82b9722a72,localized_defect,truncated_line,1,0.8732803336215063,0.8732803336215063,0.9515742055311159,0.2020839000187666,0.2020839000187666,1.637509851382113e-06,0.5712459796277803,0.5712459796277803,0.4880647366928781,1.0,1.0,0.0,0.0,0.0,0.0
localized_defects,da93b664b6d9fc82b9722a72,localized_defect,truncated_line,2,0.9243583463248669,0.9243583463248669,0.9727113908428766,0.2020839000187666,0.2020839000187666,1.637509851382113e-06,0.9996650613599215,0.9996650613599215,0.7549631458125563,1.0,1.0,0.0,0.0,0.0,0.0
localized_defects,da93b664b6d9fc82b9722a72,localized_defect,truncated_line,3,0.9396417496406152,0.9396417496406152,0.9904623760264558,0.2020839000187666,0.2020839000187666,1.637509851382113e-06,0.5202490795472486,0.5202490795472486,0.26014260716817356,1.0,1.0,1.0,0.0,0.0,0.0
localized_defects,da93b664b6d9fc82b9722a72,localized_defect,truncated_line,4,0.9493677831949788,0.9493677831949788,0.9921506880943101,0.2020839000187666,0.2020839000187666,1.637509851382113e-06,0.3527984647031535,0.3527984647031535,0.1655433143849465,1.0,1.0,1.0,0.0,0.0,0.0
localized_defects,da93b664b6d9fc82b9722a72,localized_defect,truncated_line,5,0.9438213358935199,0.9438213358935199,0.9892795786909481,0.2020839000187666,0.2020839000187666,1.637509851382113e-06,0.2532555144570806,0.2532555144570806,0.13264993298811736,1.0,1.0,1.0,0.0,0.0,0.0
localized_defects,da93b664b6d9fc82b9722a72,localized_defect,truncated_line,6,0.9372789156919591,0.9372789156919591,0.9865995363712535,0.2020839000187666,0.2020839000187666,1.637509851382113e-06,0.21467998994778886,0.21467998994778886,0.10426934345275894,1.0,1.0,1.0,0.0,0.0,0.0
localized_defects,da93b664b6d9fc82b9722a72,localized_defect,truncated_line,7,0.9161255254811175,0.9161255254811175,0.9733833300075956,0.2020839000187666,0.2020839000187666,1.637509851382113e-06,0.16644975300646614,0.16644975300646614,0.08641689111510378,1.0,1.0,1.0,0.0,0.0,0.0
localized_defects,da93b664b6d9fc82b9722a72,localized_defect,truncated_line,8,0.9294728020095785,0.9294728020095785,0.9821759930966996,0.2020839000187666,0.2020839000187666,1.637509851382113e-06,0.13299989958332664,0.13299989958332664,0.067991063753011,1.0,1.0,1.0,0.0,0.0,0.0
localized_defects,da93b664b6d9fc82b9722a72,localized_defect,truncated_line,9,0.9364028355721442,0.9364028355721442,0.9849311622056837,0.2020839000187666,0.2020839000187666,1.637509851382113e-06,0.10075431615961335,0.10075431615961335,0.05623429924880278,1.0,1.0,1.0,0.0,0.0,0.0
localized_defects,da93b664b6d9fc82b9722a72,localized_defect,truncated_line,10,0.904091476854482,0.904091476854482,0.9727789994017947,0.2020839000187666,0.2020839000187666,1.637509851382113e-06,0.10677184706291915,0.10677184706291915,0.05510275705224203,1.0,1.0,1.0,0.0,0.0,0.0
localized_defects,eb0f368bf04a69bbdccb4786,localized_defect,truncated_line,0,0.7730150502408292,0.7730150502408292,0.9755901256337461,0.1417975679941286,0.1417975679941286,1.2978089153348193e-06,0.7619065113732093,0.7619065113732093,0.7492898105709596,1.0,1.0,0.0,0.0,0.0,0.0
localized_defects,eb0f368bf04a69bbdccb4786,localized_defect,truncated_line,1,0.8208833262712255,0.8208833262712255,0.9952191188287561,0.1417975679941286,0.1417975679941286,1.2978089153348193e-06,0.8797344195085401,0.8797344195085401,0.6928523264895506,1.0,1.0,0.0,0.0,0.0,0.0
localized_defects,eb0f368bf04a69bbdccb4786,localized_defect,truncated_line,2,0.8846036620023532,0.8846036620023532,0.9971184856032738,0.1417975679941286,0.1417975679941286,1.2978089153348193e-06,0.39801180629263566,0.39801180629263566,0.28170186035378303,1.0,1.0,0.0,0.0,0.0,0.0
localized_defects,eb0f368bf04a69bbdccb4786,localized_defect,truncated_line,3,0.9090298936113744,0.9090298936113744,0.9990160933122552,0.1417975679941286,0.1417975679941286,1.2978089153348193e-06,0.20629386884226433,0.20629386884226433,0.18008127563906,1.0,1.0,0.0,0.0,0.0,0.0
localized_defects,eb0f368bf04a69bbdccb4786,localized_defect,truncated_line,4,0.9223442967744516,0.9223442967744516,0.9977224301947892,0.1417975679941286,0.1417975679941286,1.2978089153348193e-06,0.18212514517116588,0.18212514517116588,0.13472874938234256,1.0,1.0,1.0,0.0,0.0,0.0
localized_defects,eb0f368bf04a69bbdccb4786,localized_defect,truncated_line,5,0.9603392065940785,0.9603392065940785,0.9961554471916273,0.1417975679941286,0.1417975679941286,1.2978089153348193e-06,0.1291199903441575,0.1291199903441575,0.0835270489374284,1.0,1.0,1.0,0.0,0.0,0.0
localized_defects,eb0f368bf04a69bbdccb4786,localized_defect,truncated_line,6,0.9927678911265793,0.9927678911265793,0.9972958264544203,0.1417975679941286,0.1417975679941286,1.2978089153348193e-06,0.08424281592958498,0.08424281592958498,0.07652710874537429,1.0,1.0,1.0,0.0,0.0,0.0
localized_defects,eb0f368bf04a69bbdccb4786,localized_defect,truncated_line,7,0.9689092551025296,0.9689092551025296,0.9945110600405078,0.1417975679941286,0.1417975679941286,1.2978089153348193e-06,0.09811215951293666,0.09811215951293666,0.05517837403979137,1.0,1.0,1.0,0.0,0.0,0.0
localized_defects,eb0f368bf04a69bbdccb4786,localized_defect,truncated_line,8,0.9850582801947453,0.9850582801947453,0.9966647363484339,0.1417975679941286,0.1417975679941286,1.2978089153348193e-06,0.06430808053539616,0.06430808053539616,0.05117513013675491,1.0,1.0,1.0,0.0,0.0,0.0
localized_defects,eb0f368bf04a69bbdccb4786,localized_defect,truncated_line,9,0.9742046814875782,0.9742046814875782,0.9954479441428318,0.1417975679941286,0.1417975679941286,1.2978089153348193e-06,0.0577876918477261,0.0577876918477261,0.04128242565429308,1.0,1.0,1.0,0.0,0.0,0.0
localized_defects,eb0f368bf04a69bbdccb4786,localized_defect,truncated_line,10,0.9657179808027471,0.9657179808027471,0.9902758850581308,0.1417975679941286,0.1417975679941286,1.2978089153348193e-06,0.06556010431869463,0.06556010431869463,0.038617166446217426,1.0,1.0,1.0,0.0,0.0,0.0
multiple_barriers,ca14acec471b32d231155e47,multiple_barriers,truncated_line,0,0.9147246528067091,0.9147246528067091,0.9965502155833812,0.16153873733450663,0.16153873733450663,1.8340233071123535e-06,0.09848326822760639,0.09848326822760639,0.08179202865631542,1.0,1.0,0.0,0.0,0.0,0.0
multiple_barriers,ca14acec471b32d231155e47,multiple_barriers,truncated_line,1,0.6771577511271591,0.6771577511271591,0.9984942840537286,0.16153873733450663,0.16153873733450663,1.8340233071123535e-06,0.07233395692187884,0.07233395692187884,0.043413267645845306,1.0,1.0,0.0,0.0,0.0,0.0
multiple_barriers,ca14acec471b32d231155e47,multiple_barriers,truncated_line,2,0.7635555064677378,0.7635555064677378,0.999282910524536,0.16153873733450663,0.16153873733450663,1.8340233071123535e-06,0.05793726347738841,0.05793726347738841,0.02118274673182414,1.0,1.0,1.0,0.0,0.0,0.0
multiple_barriers,ca14acec471b32d231155e47,multiple_barriers,truncated_line,3,0.8842669748197503,0.8842669748197503,0.999036903613011,0.16153873733450663,0.16153873733450663,1.8340233071123535e-06,0.04107987402227493,0.04107987402227493,0.020161466665769238,1.0,1.0,1.0,0.0,0.0,0.0
multiple_barriers,ca14acec471b32d231155e47,multiple_barriers,truncated_line,4,0.8673274549800001,0.8673274549800001,0.9992580219817438,0.16153873733450663,0.16153873733450663,1.8340233071123535e-06,0.031206256040250284,0.031206256040250284,0.018440416559396718,1.0,1.0,1.0,0.0,0.0,0.0
multiple_barriers,ca14acec471b32d231155e47,multiple_barriers,truncated_line,5,0.894353148165647,0.894353148165647,0.997766621461408,0.16153873733450663,0.16153873733450663,1.8340233071123535e-06,0.03358654545405589,0.03358654545405589,0.025871973901599774,1.0,1.0,1.0,0.0,0.0,0.0
multiple_barriers,ca14acec471b32d231155e47,multiple_barriers,truncated_line,6,0.9707186836218545,0.9707186836218545,0.998465060684843,0.16153873733450663,0.16153873733450663,1.8340233071123535e-06,0.029489333818417268,0.029489333818417268,0.023542441876095974,1.0,1.0,1.0,0.0,0.0,0.0
multiple_barriers,ca14acec471b32d231155e47,multiple_barriers,truncated_line,7,0.981202656538506,0.981202656538506,0.9986449091415075,0.16153873733450663,0.16153873733450663,1.8340233071123535e-06,0.027834587856272013,0.027834587856272013,0.026104416249068084,1.0,1.0,1.0,0.0,0.0,0.0
multiple_barriers,ca14acec471b32d231155e47,multiple_barriers,truncated_line,8,0.9783775064715943,0.9783775064715943,0.9987301665033425,0.16153873733450663,0.16153873733450663,1.8340233071123535e-06,0.02933087586696469,0.02933087586696469,0.02525376132994984,1.0,1.0,1.0,0.0,0.0,0.0
multiple_barriers,ca14acec471b32d231155e47,multiple_barriers,truncated_line,9,0.9895572676100901,0.9895572676100901,0.9982775760717731,0.16153873733450663,0.16153873733450663,1.8340233071123535e-06,0.026814287108489005,0.026814287108489005,0.022783979656472702,1.0,1.0,1.0,0.0,0.0,0.0
multiple_barriers,ca14acec471b32d231155e47,multiple_barriers,truncated_line,10,0.990434553802308,0.990434553802308,0.9954960829160489,0.16153873733450663,0.16153873733450663,1.8340233071123535e-06,0.034009390781104036,0.034009390781104036,0.021580472187982175,1.0,1.0,1.0,0.0,0.0,0.0
multiwell_potentials,14664e4cde1b5109ae0fc628,multiwell,truncated_line,0,0.9952769505655116,0.9952769505655116,0.999981640450968,0.09228607345233944,0.09228607345233944,9.667181070094344e-07,0.02667402944699591,0.02667402944699591,0.010721642946484766,1.0,1.0,1.0,0.0,0.0,0.0
multiwell_potentials,14664e4cde1b5109ae0fc628,multiwell,truncated_line,1,0.9859735648375599,0.9859735648375599,0.9999695679144274,0.09228607345233944,0.09228607345233944,9.667181070094344e-07,0.029876999870650008,0.029876999870650008,0.009155805521842279,1.0,1.0,0.0,0.0,0.0,0.0
multiwell_potentials,14664e4cde1b5109ae0fc628,multiwell,truncated_line,2,0.984071592959802,0.984071592959802,0.9999611527461354,0.09228607345233944,0.09228607345233944,9.667181070094344e-07,0.03064459685148696,0.03064459685148696,0.007721648374910924,1.0,1.0,0.0,0.0,0.0,0.0
multiwell_potentials,14664e4cde1b5109ae0fc628,multiwell,truncated_line,3,0.9969609103266928,0.9969609103266928,0.9997745547035284,0.09228607345233944,0.09228607345233944,9.667181070094344e-07,0.02353119567749481,0.02353119567749481,0.015159992335095003,1.0,1.0,1.0,0.0,0.0,0.0
multiwell_potentials,14664e4cde1b5109ae0fc628,multiwell,truncated_line,4,0.9959966320210994,0.9959966320210994,0.9997666196137949,0.09228607345233944,0.09228607345233944,9.667181070094344e-07,0.021062651992677074,0.021062651992677074,0.015231437711100311,1.0,1.0,1.0,0.0,0.0,0.0
multiwell_potentials,14664e4cde1b5109ae0fc628,multiwell,truncated_line,5,0.9937738568888309,0.9937738568888309,0.9982934642202222,0.09228607345233944,0.09228607345233944,9.667181070094344e-07,0.023201047713144157,0.023201047713144157,0.021764107244376458,1.0,1.0,1.0,0.0,0.0,0.0
multiwell_potentials,14664e4cde1b5109ae0fc628,multiwell,truncated_line,6,0.994290526504465,0.994290526504465,0.9987896370505851,0.09228607345233944,0.09228607345233944,9.667181070094344e-07,0.020822745210636096,0.020822745210636096,0.01973344427938901,1.0,1.0,1.0,0.0,0.0,0.0
multiwell_potentials,14664e4cde1b5109ae0fc628,multiwell,truncated_line,7,0.9932761659372507,0.9932761659372507,0.9979139507771874,0.09228607345233944,0.09228607345233944,9.667181070094344e-07,0.022884459488036097,0.022884459488036097,0.021974326095036925,1.0,1.0,1.0,0.0,0.0,0.0
multiwell_potentials,14664e4cde1b5109ae0fc628,multiwell,truncated_line,8,0.9931748863947054,0.9931748863947054,0.9991634502789185,0.09228607345233944,0.09228607345233944,9.667181070094344e-07,0.025050455698774045,0.025050455698774045,0.02536542943599698,1.0,1.0,1.0,0.0,0.0,0.0
multiwell_potentials,14664e4cde1b5109ae0fc628,multiwell,truncated_line,9,0.9910885204768001,0.9910885204768001,0.9973446231222617,0.09228607345233944,0.09228607345233944,9.667181070094344e-07,0.030776670894135123,0.030776670894135123,0.025074757722598123,1.0,1.0,1.0,0.0,0.0,0.0
multiwell_potentials,14664e4cde1b5109ae0fc628,multiwell,truncated_line,10,0.9870595044867354,0.9870595044867354,0.9893070809373636,0.09228607345233944,0.09228607345233944,9.667181070094344e-07,0.0224138424601116,0.0224138424601116,0.021839908615492513,1.0,1.0,1.0,0.0,0.0,0.0
near_continuum_states,e3569f55a42af1b5c82ea46c,radial_coulomb,radial_reduced,0,0.5801116770327558,0.5801116770327558,0.7605736188384558,0.9343919285219693,0.9343919285219693,0.0005511062518162024,0.39531357112666826,0.39531357112666826,0.5122177632440383,1.0,1.0,0.0,0.0,0.0,0.0
near_continuum_states,e3569f55a42af1b5c82ea46c,radial_coulomb,radial_reduced,1,0.6090817027832268,0.6090817027832268,0.5186756411216076,0.9343919285219693,0.9343919285219693,0.0005511062518162024,0.2702549318708172,0.2702549318708172,0.5689672655248054,0.0,0.0,0.0,0.0,0.0,0.0
near_continuum_states,e3569f55a42af1b5c82ea46c,radial_coulomb,radial_reduced,2,0.48821711384909683,0.48821711384909683,0.29138464195816416,0.9343919285219693,0.9343919285219693,0.0005511062518162024,0.3763946267334422,0.3763946267334422,0.695541454543908,0.0,0.0,0.0,0.0,0.0,0.0
near_continuum_states,e3569f55a42af1b5c82ea46c,radial_coulomb,radial_reduced,3,0.34785172156001853,0.34785172156001853,0.1369550940423613,0.9343919285219693,0.9343919285219693,0.0005511062518162024,0.5492386739980983,0.5492386739980983,0.7826791857069568,0.0,0.0,0.0,0.0,0.0,0.0
near_continuum_states,e3569f55a42af1b5c82ea46c,radial_coulomb,radial_reduced,4,0.5099727658779154,0.5099727658779154,0.07979918145631942,0.9343919285219693,0.9343919285219693,0.0005511062518162024,0.5301607004617197,0.5301607004617197,0.7243685512204285,0.0,0.0,0.0,0.0,0.0,0.0
near_continuum_states,e3569f55a42af1b5c82ea46c,radial_coulomb,radial_reduced,5,0.815234222996543,0.815234222996543,0.07467653336810126,0.9343919285219693,0.9343919285219693,0.0005511062518162024,0.5068870524389877,0.5068870524389877,0.88748455624935,1.0,1.0,0.0,0.0,0.0,0.0
near_continuum_states,e3569f55a42af1b5c82ea46c,radial_coulomb,radial_reduced,6,0.7756856635402961,0.7756856635402961,0.05303311831340949,0.9343919285219693,0.9343919285219693,0.0005511062518162024,0.7143900025299448,0.7143900025299448,0.8915874617816504,1.0,1.0,0.0,0.0,0.0,0.0
near_continuum_states,e3569f55a42af1b5c82ea46c,radial_coulomb,radial_reduced,7,0.7232469734101947,0.7232469734101947,0.1661165426847898,0.9343919285219693,0.9343919285219693,0.0005511062518162024,0.7661995846770343,0.7661995846770343,0.795937492896833,1.0,1.0,0.0,0.0,0.0,0.0
near_continuum_states,e3569f55a42af1b5c82ea46c,radial_coulomb,radial_reduced,8,0.6783812203304292,0.6783812203304292,0.02569515222766527,0.9343919285219693,0.9343919285219693,0.0005511062518162024,0.784586201265056,0.784586201265056,0.954139401422902,1.0,1.0,0.0,0.0,0.0,0.0
near_continuum_states,e3569f55a42af1b5c82ea46c,radial_coulomb,radial_reduced,9,0.517893449374408,0.517893449374408,0.004601288321844979,0.9343919285219693,0.9343919285219693,0.0005511062518162024,0.8492468540019259,0.8492468540019259,0.9586550648681404,1.0,1.0,0.0,0.0,0.0,0.0
near_continuum_states,e3569f55a42af1b5c82ea46c,radial_coulomb,radial_reduced,10,0.3878854514165172,0.3878854514165172,0.00362243749045465,0.9343919285219693,0.9343919285219693,0.0005511062518162024,0.8832659973164106,0.8832659973164106,0.9453870321822112,1.0,1.0,1.0,0.0,0.0,0.0
nonuniform_resolution,e51b0c876b7609a9f8ab12c8,harmonic,truncated_line,0,0.9936679014848181,0.9936679014848181,0.999993616654738,0.08979957356987381,0.08979957356987381,1.7746838443244428e-06,0.1763985156224099,0.1763985156224099,0.049363667705509026,1.0,1.0,1.0,0.0,0.0,0.0
nonuniform_resolution,e51b0c876b7609a9f8ab12c8,harmonic,truncated_line,1,0.9903620116020916,0.9903620116020916,0.9999750709117992,0.08979957356987381,0.08979957356987381,1.7746838443244428e-06,0.08280841914459781,0.08280841914459781,0.02249897313635314,1.0,1.0,0.0,0.0,0.0,0.0
nonuniform_resolution,e51b0c876b7609a9f8ab12c8,harmonic,truncated_line,2,0.978484976745407,0.978484976745407,0.9999048854835967,0.08979957356987381,0.08979957356987381,1.7746838443244428e-06,0.07032349626958481,0.07032349626958481,0.02478887283982485,1.0,1.0,1.0,0.0,0.0,0.0
nonuniform_resolution,e51b0c876b7609a9f8ab12c8,harmonic,truncated_line,3,0.9946630742480738,0.9946630742480738,0.9997331625309804,0.08979957356987381,0.08979957356987381,1.7746838443244428e-06,0.04301965755670497,0.04301965755670497,0.027059380286870143,1.0,1.0,1.0,0.0,0.0,0.0
nonuniform_resolution,e51b0c876b7609a9f8ab12c8,harmonic,truncated_line,4,0.9961905256581998,0.9961905256581998,0.9997481264333653,0.08979957356987381,0.08979957356987381,1.7746838443244428e-06,0.033673984485400016,0.033673984485400016,0.022370352556357723,1.0,1.0,1.0,0.0,0.0,0.0
nonuniform_resolution,e51b0c876b7609a9f8ab12c8,harmonic,truncated_line,5,0.9965890230967924,0.9965890230967924,0.9981725736292534,0.08979957356987381,0.08979957356987381,1.7746838443244428e-06,0.03946644161372353,0.03946644161372353,0.031918474834334,1.0,1.0,1.0,0.0,0.0,0.0
nonuniform_resolution,e51b0c876b7609a9f8ab12c8,harmonic,truncated_line,6,0.9970668566844128,0.9970668566844128,0.9987530445973983,0.08979957356987381,0.08979957356987381,1.7746838443244428e-06,0.02528303631079953,0.02528303631079953,0.023085151772291663,1.0,1.0,1.0,0.0,0.0,0.0
nonuniform_resolution,e51b0c876b7609a9f8ab12c8,harmonic,truncated_line,7,0.9961803225053115,0.9961803225053115,0.9970628587216849,0.08979957356987381,0.08979957356987381,1.7746838443244428e-06,0.021031705653564176,0.021031705653564176,0.019063446680162455,1.0,1.0,1.0,0.0,0.0,0.0
nonuniform_resolution,e51b0c876b7609a9f8ab12c8,harmonic,truncated_line,8,0.9961770008016624,0.9961770008016624,0.9989268391291815,0.08979957356987381,0.08979957356987381,1.7746838443244428e-06,0.017635106267633458,0.017635106267633458,0.01596327874822016,1.0,1.0,1.0,0.0,0.0,0.0
nonuniform_resolution,e51b0c876b7609a9f8ab12c8,harmonic,truncated_line,9,0.9951690498990342,0.9951690498990342,0.9984759754821242,0.08979957356987381,0.08979957356987381,1.7746838443244428e-06,0.02349770168339309,0.02349770168339309,0.02174582073898173,1.0,1.0,1.0,0.0,0.0,0.0
nonuniform_resolution,e51b0c876b7609a9f8ab12c8,harmonic,truncated_line,10,0.9927872371195133,0.9927872371195133,0.9949037594145381,0.08979957356987381,0.08979957356987381,1.7746838443244428e-06,0.03374221227583057,0.03374221227583057,0.024862537660804693,1.0,1.0,1.0,0.0,0.0,0.0
random_smooth_potentials,25aabe1eb9766ecfe3db289d,fourier_random,truncated_line,0,0.9919813259468803,0.9919813259468803,0.998348919046878,0.38055505921013555,0.38055505921013555,1.847913107755339e-06,0.5730996073702556,0.5730996073702556,0.5926617672749674,1.0,1.0,0.0,0.0,0.0,0.0
random_smooth_potentials,25aabe1eb9766ecfe3db289d,fourier_random,truncated_line,1,0.9620185533987552,0.9620185533987552,0.9947308344844407,0.38055505921013555,0.38055505921013555,1.847913107755339e-06,0.23514058887812667,0.23514058887812667,0.23262472889738126,1.0,1.0,0.0,0.0,0.0,0.0
random_smooth_potentials,25aabe1eb9766ecfe3db289d,fourier_random,truncated_line,2,0.7765717665058299,0.7765717665058299,0.9973753918443258,0.38055505921013555,0.38055505921013555,1.847913107755339e-06,0.19990149122304765,0.19990149122304765,0.12377689126627987,1.0,1.0,1.0,0.0,0.0,0.0
random_smooth_potentials,25aabe1eb9766ecfe3db289d,fourier_random,truncated_line,3,0.7583980173369111,0.7583980173369111,0.9910447872931835,0.38055505921013555,0.38055505921013555,1.847913107755339e-06,0.21890910452674575,0.21890910452674575,0.1894166261484439,1.0,1.0,1.0,0.0,0.0,0.0
random_smooth_potentials,25aabe1eb9766ecfe3db289d,fourier_random,truncated_line,4,0.900276883157871,0.900276883157871,0.9881216125211046,0.38055505921013555,0.38055505921013555,1.847913107755339e-06,0.16161605322050995,0.16161605322050995,0.14376944145796766,1.0,1.0,0.0,0.0,0.0,0.0
random_smooth_potentials,25aabe1eb9766ecfe3db289d,fourier_random,truncated_line,5,0.8376033770478212,0.8376033770478212,0.9793668269560022,0.38055505921013555,0.38055505921013555,1.847913107755339e-06,0.12623800677457309,0.12623800677457309,0.10318825071901579,1.0,1.0,0.0,0.0,0.0,0.0
random_smooth_potentials,25aabe1eb9766ecfe3db289d,fourier_random,truncated_line,6,0.04227898940999599,0.04227898940999599,0.8078168840166006,0.38055505921013555,0.38055505921013555,1.847913107755339e-06,0.11852869034311192,0.11852869034311192,0.06892368176755458,1.0,1.0,0.0,0.0,0.0,0.0
random_smooth_potentials,25aabe1eb9766ecfe3db289d,fourier_random,truncated_line,7,0.41042998417755516,0.41042998417755516,0.8195890832020638,0.38055505921013555,0.38055505921013555,1.847913107755339e-06,0.08817818478013255,0.08817818478013255,0.0932336793401966,1.0,1.0,0.0,0.0,0.0,0.0
random_smooth_potentials,25aabe1eb9766ecfe3db289d,fourier_random,truncated_line,8,0.08445862620042971,0.08445862620042971,0.9518729363073944,0.38055505921013555,0.38055505921013555,1.847913107755339e-06,0.06328166701073308,0.06328166701073308,0.059625722570811085,1.0,1.0,0.0,0.0,0.0,0.0
random_smooth_potentials,25aabe1eb9766ecfe3db289d,fourier_random,truncated_line,9,0.4638842414024725,0.4638842414024725,0.9747310412987406,0.38055505921013555,0.38055505921013555,1.847913107755339e-06,0.05601703384689804,0.05601703384689804,0.04454418366662508,1.0,1.0,0.0,0.0,0.0,0.0
random_smooth_potentials,25aabe1eb9766ecfe3db289d,fourier_random,truncated_line,10,0.2871361646120137,0.2871361646120137,0.33236844109071245,0.38055505921013555,0.38055505921013555,1.847913107755339e-06,0.05359441501074603,0.05359441501074603,0.03879471404300271,1.0,1.0,1.0,0.0,0.0,0.0
random_smooth_potentials,26e46de95ee6791e374e2638,fourier_random,truncated_line,0,0.9755560718583979,0.9755560718583979,0.999771172019655,0.17320212082993644,0.17320212082993644,1.4254539789648746e-06,0.05574031441885626,0.05574031441885626,0.038097708793275356,1.0,1.0,0.0,0.0,0.0,0.0
random_smooth_potentials,26e46de95ee6791e374e2638,fourier_random,truncated_line,1,0.9520811749432448,0.9520811749432448,0.9992688161093704,0.17320212082993644,0.17320212082993644,1.4254539789648746e-06,0.14218404935534343,0.14218404935534343,0.10963905360684938,1.0,1.0,0.0,0.0,0.0,0.0
random_smooth_potentials,26e46de95ee6791e374e2638,fourier_random,truncated_line,2,0.9762919860431113,0.9762919860431113,0.998444641655748,0.17320212082993644,0.17320212082993644,1.4254539789648746e-06,0.44194483657559513,0.44194483657559513,0.3529272601015278,1.0,1.0,0.0,0.0,0.0,0.0
random_smooth_potentials,26e46de95ee6791e374e2638,fourier_random,truncated_line,3,0.9506559254513262,0.9506559254513262,0.996990867371236,0.17320212082993644,0.17320212082993644,1.4254539789648746e-06,0.4413611122573484,0.4413611122573484,0.4654134685242206,1.0,1.0,1.0,0.0,0.0,0.0
random_smooth_potentials,26e46de95ee6791e374e2638,fourier_random,truncated_line,4,0.9208663406360608,0.9208663406360608,0.9960449642582967,0.17320212082993644,0.17320212082993644,1.4254539789648746e-06,0.2710196834003746,0.2710196834003746,0.15483327940762892,1.0,1.0,1.0,0.0,0.0,0.0
random_smooth_potentials,26e46de95ee6791e374e2638,fourier_random,truncated_line,5,0.30598489315942806,0.30598489315942806,0.9922716822847331,0.17320212082993644,0.17320212082993644,1.4254539789648746e-06,0.17192975118250867,0.17192975118250867,0.11920743176774748,1.0,1.0,0.0,0.0,0.0,0.0
random_smooth_potentials,26e46de95ee6791e374e2638,fourier_random,truncated_line,6,0.5232786910901118,0.5232786910901118,0.9970184987982549,0.17320212082993644,0.17320212082993644,1.4254539789648746e-06,0.1453737536468637,0.1453737536468637,0.06078811980987889,1.0,1.0,1.0,0.0,0.0,0.0
random_smooth_potentials,26e46de95ee6791e374e2638,fourier_random,truncated_line,7,0.43773593639374003,0.43773593639374003,0.9872085658906593,0.17320212082993644,0.17320212082993644,1.4254539789648746e-06,0.16272483931539436,0.16272483931539436,0.06027690457324778,1.0,1.0,1.0,0.0,0.0,0.0
random_smooth_potentials,26e46de95ee6791e374e2638,fourier_random,truncated_line,8,0.5048240775403869,0.5048240775403869,0.9891229212848828,0.17320212082993644,0.17320212082993644,1.4254539789648746e-06,0.11615853802511203,0.11615853802511203,0.04501418528998917,1.0,1.0,1.0,0.0,0.0,0.0
random_smooth_potentials,26e46de95ee6791e374e2638,fourier_random,truncated_line,9,0.6843109556967788,0.6843109556967788,0.947000897221292,0.17320212082993644,0.17320212082993644,1.4254539789648746e-06,0.09858761695678298,0.09858761695678298,0.047143529240707985,1.0,1.0,1.0,0.0,0.0,0.0
random_smooth_potentials,26e46de95ee6791e374e2638,fourier_random,truncated_line,10,0.7902789122895323,0.7902789122895323,0.8991580547292506,0.17320212082993644,0.17320212082993644,1.4254539789648746e-06,0.16245027209325616,0.16245027209325616,0.05239812667818503,1.0,1.0,1.0,0.0,0.0,0.0
random_smooth_potentials,6195828856eb7741b0791c11,fourier_random,truncated_line,0,0.9916916760497411,0.9916916760497411,0.9983863137231622,0.2037987703701925,0.2037987703701925,1.6698663199976593e-06,0.48180292680296527,0.48180292680296527,0.48721859335903006,1.0,1.0,0.0,0.0,0.0,0.0
random_smooth_potentials,6195828856eb7741b0791c11,fourier_random,truncated_line,1,0.9856829768311705,0.9856829768311705,0.997305130725228,0.2037987703701925,0.2037987703701925,1.6698663199976593e-06,0.12631888846375322,0.12631888846375322,0.11993148594443874,1.0,1.0,0.0,0.0,0.0,0.0
random_smooth_potentials,6195828856eb7741b0791c11,fourier_random,truncated_line,2,0.5153533835294076,0.5153533835294076,0.9983337314459819,0.2037987703701925,0.2037987703701925,1.6698663199976593e-06,0.16527191632630925,0.16527191632630925,0.08017576000587445,1.0,1.0,0.0,0.0,0.0,0.0
random_smooth_potentials,6195828856eb7741b0791c11,fourier_random,truncated_line,3,0.22932072505658796,0.22932072505658796,0.9986251587575723,0.2037987703701925,0.2037987703701925,1.6698663199976593e-06,0.12745462507474806,0.12745462507474806,0.04592943767793198,1.0,1.0,0.0,0.0,0.0,0.0
random_smooth_potentials,6195828856eb7741b0791c11,fourier_random,truncated_line,4,0.3667434930808602,0.3667434930808602,0.9971497143977212,0.2037987703701925,0.2037987703701925,1.6698663199976593e-06,0.08576306524859824,0.08576306524859824,0.0627926738415435,1.0,1.0,1.0,0.0,0.0,0.0
random_smooth_potentials,6195828856eb7741b0791c11,fourier_random,truncated_line,5,0.7473693951313914,0.7473693951313914,0.9979678477400042,0.2037987703701925,0.2037987703701925,1.6698663199976593e-06,0.06776387765482403,0.06776387765482403,0.04565099126469369,1.0,1.0,1.0,0.0,0.0,0.0
random_smooth_potentials,6195828856eb7741b0791c11,fourier_random,truncated_line,6,0.9102726333882949,0.9102726333882949,0.9977474702427865,0.2037987703701925,0.2037987703701925,1.6698663199976593e-06,0.059953688011228405,0.059953688011228405,0.03941559618308333,1.0,1.0,1.0,0.0,0.0,0.0
random_smooth_potentials,6195828856eb7741b0791c11,fourier_random,truncated_line,7,0.9246534088883552,0.9246534088883552,0.9963086460595164,0.2037987703701925,0.2037987703701925,1.6698663199976593e-06,0.05024254415725155,0.05024254415725155,0.039570519802331,1.0,1.0,1.0,0.0,0.0,0.0
random_smooth_potentials,6195828856eb7741b0791c11,fourier_random,truncated_line,8,0.9381677709608589,0.9381677709608589,0.9969406498614355,0.2037987703701925,0.2037987703701925,1.6698663199976593e-06,0.045730000381724055,0.045730000381724055,0.03758812231343715,1.0,1.0,1.0,0.0,0.0,0.0
random_smooth_potentials,6195828856eb7741b0791c11,fourier_random,truncated_line,9,0.967710381754697,0.967710381754697,0.9974801124686645,0.2037987703701925,0.2037987703701925,1.6698663199976593e-06,0.041064427665904284,0.041064427665904284,0.032435041376059424,1.0,1.0,1.0,0.0,0.0,0.0
random_smooth_potentials,6195828856eb7741b0791c11,fourier_random,truncated_line,10,0.9675084181793725,0.9675084181793725,0.9845938153470987,0.2037987703701925,0.2037987703701925,1.6698663199976593e-06,0.04403227921897278,0.04403227921897278,0.03258758451671313,1.0,1.0,1.0,0.0,0.0,0.0
random_smooth_potentials,6ad82fde733ce9ebca2e73d9,gaussian_random_field,truncated_line,0,0.9744349186990336,0.9744349186990336,0.9998740407153739,0.10558714851111276,0.10558714851111276,1.455501917213553e-06,0.03859612947351906,0.03859612947351906,0.029460121817642446,1.0,1.0,0.0,0.0,0.0,0.0
random_smooth_potentials,6ad82fde733ce9ebca2e73d9,gaussian_random_field,truncated_line,1,0.942827108045764,0.942827108045764,0.999866858212094,0.10558714851111276,0.10558714851111276,1.455501917213553e-06,0.07315362033336442,0.07315362033336442,0.03804342699369287,1.0,1.0,0.0,0.0,0.0,0.0
random_smooth_potentials,6ad82fde733ce9ebca2e73d9,gaussian_random_field,truncated_line,2,0.9835553015407277,0.9835553015407277,0.9996757031512516,0.10558714851111276,0.10558714851111276,1.455501917213553e-06,0.13929544870971766,0.13929544870971766,0.0915895593892782,1.0,1.0,0.0,0.0,0.0,0.0
random_smooth_potentials,6ad82fde733ce9ebca2e73d9,gaussian_random_field,truncated_line,3,0.9864808450749257,0.9864808450749257,0.9993041745993848,0.10558714851111276,0.10558714851111276,1.455501917213553e-06,0.5084130614535819,0.5084130614535819,0.4345250823822524,1.0,1.0,1.0,0.0,0.0,0.0
random_smooth_potentials,6ad82fde733ce9ebca2e73d9,gaussian_random_field,truncated_line,4,0.9936458888421393,0.9936458888421393,0.9992517831755535,0.10558714851111276,0.10558714851111276,1.455501917213553e-06,0.19273018804973188,0.19273018804973188,0.13607727325324523,1.0,1.0,1.0,0.0,0.0,0.0
random_smooth_potentials,6ad82fde733ce9ebca2e73d9,gaussian_random_field,truncated_line,5,0.9940186287633703,0.9940186287633703,0.9978008653980429,0.10558714851111276,0.10558714851111276,1.455501917213553e-06,0.09563619302318804,0.09563619302318804,0.07837952142326353,1.0,1.0,1.0,0.0,0.0,0.0
random_smooth_potentials,6ad82fde733ce9ebca2e73d9,gaussian_random_field,truncated_line,6,0.9947304915284476,0.9947304915284476,0.9987032262878341,0.10558714851111276,0.10558714851111276,1.455501917213553e-06,0.06965946823030274,0.06965946823030274,0.04929150510736788,1.0,1.0,1.0,0.0,0.0,0.0
random_smooth_potentials,6ad82fde733ce9ebca2e73d9,gaussian_random_field,truncated_line,7,0.9862829023023078,0.9862829023023078,0.9954253816818148,0.10558714851111276,0.10558714851111276,1.455501917213553e-06,0.055902810604165756,0.055902810604165756,0.054024195467456425,1.0,1.0,1.0,0.0,0.0,0.0
random_smooth_potentials,6ad82fde733ce9ebca2e73d9,gaussian_random_field,truncated_line,8,0.9809168497331086,0.9809168497331086,0.9984689439138866,0.10558714851111276,0.10558714851111276,1.455501917213553e-06,0.06206968464141737,0.06206968464141737,0.05468614084499631,1.0,1.0,1.0,0.0,0.0,0.0
random_smooth_potentials,6ad82fde733ce9ebca2e73d9,gaussian_random_field,truncated_line,9,0.983785393461418,0.983785393461418,0.991179822751523,0.10558714851111276,0.10558714851111276,1.455501917213553e-06,0.05496095322007121,0.05496095322007121,0.049489940598800936,1.0,1.0,1.0,0.0,0.0,0.0
random_smooth_potentials,6ad82fde733ce9ebca2e73d9,gaussian_random_field,truncated_line,10,0.9850117992518365,0.9850117992518365,0.9894182706885313,0.10558714851111276,0.10558714851111276,1.455501917213553e-06,0.04080315962287572,0.04080315962287572,0.04205822643019043,1.0,1.0,1.0,0.0,0.0,0.0
random_smooth_potentials,9571d392cd35b210f1a4c535,fourier_random,truncated_line,0,0.991119039057678,0.991119039057678,0.9996490241451658,0.1642674566492773,0.1642674566492773,1.1054548368916173e-06,0.23513353100609707,0.23513353100609707,0.18663514902997316,1.0,1.0,0.0,0.0,0.0,0.0
random_smooth_potentials,9571d392cd35b210f1a4c535,fourier_random,truncated_line,1,0.9367999071666843,0.9367999071666843,0.9996871381780167,0.1642674566492773,0.1642674566492773,1.1054548368916173e-06,0.09979229989419199,0.09979229989419199,0.07064571044155452,1.0,1.0,0.0,0.0,0.0,0.0
random_smooth_potentials,9571d392cd35b210f1a4c535,fourier_random,truncated_line,2,0.7759161647366379,0.7759161647366379,0.9990384601033886,0.1642674566492773,0.1642674566492773,1.1054548368916173e-06,0.11452655345753827,0.11452655345753827,0.06876449582427145,1.0,1.0,0.0,0.0,0.0,0.0
random_smooth_potentials,9571d392cd35b210f1a4c535,fourier_random,truncated_line,3,0.896451336860717,0.896451336860717,0.9993642221338846,0.1642674566492773,0.1642674566492773,1.1054548368916173e-06,0.06985966392244287,0.06985966392244287,0.045223427556936445,1.0,1.0,1.0,0.0,0.0,0.0
random_smooth_potentials,9571d392cd35b210f1a4c535,fourier_random,truncated_line,4,0.959786273651012,0.959786273651012,0.9987713523401955,0.1642674566492773,0.1642674566492773,1.1054548368916173e-06,0.061269934247007656,0.061269934247007656,0.048717381419473946,1.0,1.0,1.0,0.0,0.0,0.0
random_smooth_potentials,9571d392cd35b210f1a4c535,fourier_random,truncated_line,5,0.6854611509137828,0.6854611509137828,0.9980037726039376,0.1642674566492773,0.1642674566492773,1.1054548368916173e-06,0.06853082587593824,0.06853082587593824,0.03558576085571125,1.0,1.0,1.0,0.0,0.0,0.0
random_smooth_potentials,9571d392cd35b210f1a4c535,fourier_random,truncated_line,6,0.8021501002412119,0.8021501002412119,0.9988766375019607,0.1642674566492773,0.1642674566492773,1.1054548368916173e-06,0.05512910097985021,0.05512910097985021,0.04435182334811852,1.0,1.0,1.0,0.0,0.0,0.0
random_smooth_potentials,9571d392cd35b210f1a4c535,fourier_random,truncated_line,7,0.9071243354169446,0.9071243354169446,0.9986341618595139,0.1642674566492773,0.1642674566492773,1.1054548368916173e-06,0.04913531259908736,0.04913531259908736,0.0381646741211576,1.0,1.0,1.0,0.0,0.0,0.0
random_smooth_potentials,9571d392cd35b210f1a4c535,fourier_random,truncated_line,8,0.9430756628285557,0.9430756628285557,0.99780458644819,0.1642674566492773,0.1642674566492773,1.1054548368916173e-06,0.04741062956595203,0.04741062956595203,0.031022735553431567,1.0,1.0,1.0,0.0,0.0,0.0
random_smooth_potentials,9571d392cd35b210f1a4c535,fourier_random,truncated_line,9,0.9690403073944207,0.9690403073944207,0.9972153673312693,0.1642674566492773,0.1642674566492773,1.1054548368916173e-06,0.05059367545695249,0.05059367545695249,0.027253382339330362,1.0,1.0,1.0,0.0,0.0,0.0
random_smooth_potentials,9571d392cd35b210f1a4c535,fourier_random,truncated_line,10,0.978074935015002,0.978074935015002,0.9873709449987368,0.1642674566492773,0.1642674566492773,1.1054548368916173e-06,0.03287330827239105,0.03287330827239105,0.02577624125831918,1.0,1.0,1.0,0.0,0.0,0.0
random_smooth_potentials,9cc1088a1e9eef230167a3e7,gaussian_random_field,truncated_line,0,0.9373739875299614,0.9373739875299614,0.998839719258215,0.10861742872121527,0.10861742872121527,1.5281186191984375e-06,0.21466046850176132,0.21466046850176132,0.18204783202934102,1.0,1.0,0.0,0.0,0.0,0.0
random_smooth_potentials,9cc1088a1e9eef230167a3e7,gaussian_random_field,truncated_line,1,0.906465790969053,0.906465790969053,0.9986201755995071,0.10861742872121527,0.10861742872121527,1.5281186191984375e-06,0.6787750249053833,0.6787750249053833,0.625748569204828,1.0,1.0,1.0,0.0,0.0,0.0
random_smooth_potentials,9cc1088a1e9eef230167a3e7,gaussian_random_field,truncated_line,2,0.957580274486101,0.957580274486101,0.9985167013684635,0.10861742872121527,0.10861742872121527,1.5281186191984375e-06,0.31742634492553684,0.31742634492553684,0.3028313096190077,1.0,1.0,1.0,0.0,0.0,0.0
random_smooth_potentials,9cc1088a1e9eef230167a3e7,gaussian_random_field,truncated_line,3,0.9079087971521044,0.9079087971521044,0.9981369317388397,0.10861742872121527,0.10861742872121527,1.5281186191984375e-06,0.1557840046259043,0.1557840046259043,0.11990979993468476,1.0,1.0,1.0,0.0,0.0,0.0
random_smooth_potentials,9cc1088a1e9eef230167a3e7,gaussian_random_field,truncated_line,4,0.811685884767796,0.811685884767796,0.9952000490906288,0.10861742872121527,0.10861742872121527,1.5281186191984375e-06,0.13733730818684167,0.13733730818684167,0.08777906175034828,1.0,1.0,1.0,0.0,0.0,0.0
random_smooth_potentials,9cc1088a1e9eef230167a3e7,gaussian_random_field,truncated_line,5,0.8183037644067878,0.8183037644067878,0.9962606243144677,0.10861742872121527,0.10861742872121527,1.5281186191984375e-06,0.10320575424036152,0.10320575424036152,0.07600467685956194,1.0,1.0,1.0,0.0,0.0,0.0
random_smooth_potentials,9cc1088a1e9eef230167a3e7,gaussian_random_field,truncated_line,6,0.8475680501346858,0.8475680501346858,0.9984039330876164,0.10861742872121527,0.10861742872121527,1.5281186191984375e-06,0.07540104673151424,0.07540104673151424,0.05255099275656054,1.0,1.0,1.0,0.0,0.0,0.0
random_smooth_potentials,9cc1088a1e9eef230167a3e7,gaussian_random_field,truncated_line,7,0.941662457875725,0.941662457875725,0.9953306745367011,0.10861742872121527,0.10861742872121527,1.5281186191984375e-06,0.06793904436606743,0.06793904436606743,0.05154069938497159,1.0,1.0,1.0,0.0,0.0,0.0
random_smooth_potentials,9cc1088a1e9eef230167a3e7,gaussian_random_field,truncated_line,8,0.9689083629504673,0.9689083629504673,0.9982387437228215,0.10861742872121527,0.10861742872121527,1.5281186191984375e-06,0.059534763201029885,0.059534763201029885,0.04771487275569774,1.0,1.0,1.0,0.0,0.0,0.0
random_smooth_potentials,9cc1088a1e9eef230167a3e7,gaussian_random_field,truncated_line,9,0.9874915707498371,0.9874915707498371,0.9960331686551029,0.10861742872121527,0.10861742872121527,1.5281186191984375e-06,0.05770720233737285,0.05770720233737285,0.03858622468870926,1.0,1.0,1.0,0.0,0.0,0.0
random_smooth_potentials,9cc1088a1e9eef230167a3e7,gaussian_random_field,truncated_line,10,0.987881074316275,0.987881074316275,0.9922751585767222,0.10861742872121527,0.10861742872121527,1.5281186191984375e-06,0.06256693791776276,0.06256693791776276,0.03671772583330381,1.0,1.0,1.0,0.0,0.0,0.0
random_smooth_potentials,bcc67832c8620c86b4a26baa,gaussian_random_field,truncated_line,0,0.9871317207031737,0.9871317207031737,0.999687451802504,0.4051082786198063,0.4051082786198063,2.5939418235587652e-06,0.10214209205246383,0.10214209205246383,0.07019338520209459,1.0,1.0,0.0,0.0,0.0,0.0
random_smooth_potentials,bcc67832c8620c86b4a26baa,gaussian_random_field,truncated_line,1,0.7487439701130624,0.7487439701130624,0.9994551605808348,0.4051082786198063,0.4051082786198063,2.5939418235587652e-06,0.7884134073438526,0.7884134073438526,0.4582409792359362,1.0,1.0,0.0,0.0,0.0,0.0
random_smooth_potentials,bcc67832c8620c86b4a26baa,gaussian_random_field,truncated_line,2,0.4781529605784589,0.4781529605784589,0.9976452176086726,0.4051082786198063,0.4051082786198063,2.5939418235587652e-06,0.5159855638438717,0.5159855638438717,0.3034626246899509,1.0,1.0,1.0,0.0,0.0,0.0
random_smooth_potentials,bcc67832c8620c86b4a26baa,gaussian_random_field,truncated_line,3,0.7733524004112462,0.7733524004112462,0.9966907274281187,0.4051082786198063,0.4051082786198063,2.5939418235587652e-06,0.3043436974481958,0.3043436974481958,0.2250751386667698,1.0,1.0,1.0,0.0,0.0,0.0
random_smooth_potentials,bcc67832c8620c86b4a26baa,gaussian_random_field,truncated_line,4,0.8571149255965588,0.8571149255965588,0.9889514232503064,0.4051082786198063,0.4051082786198063,2.5939418235587652e-06,0.16791835513065892,0.16791835513065892,0.12120234277450173,1.0,1.0,1.0,0.0,0.0,0.0
random_smooth_potentials,bcc67832c8620c86b4a26baa,gaussian_random_field,truncated_line,5,0.8642806117685815,0.8642806117685815,0.9745597371251328,0.4051082786198063,0.4051082786198063,2.5939418235587652e-06,0.1619107119397273,0.1619107119397273,0.10092591984531318,1.0,1.0,1.0,0.0,0.0,0.0
random_smooth_potentials,bcc67832c8620c86b4a26baa,gaussian_random_field,truncated_line,6,0.7492624898922707,0.7492624898922707,0.9157195999257496,0.4051082786198063,0.4051082786198063,2.5939418235587652e-06,0.10460361901237691,0.10460361901237691,0.09168544308532883,1.0,1.0,1.0,0.0,0.0,0.0
random_smooth_potentials,bcc67832c8620c86b4a26baa,gaussian_random_field,truncated_line,7,0.5486317226127679,0.5486317226127679,0.8153385262224291,0.4051082786198063,0.4051082786198063,2.5939418235587652e-06,0.12914353467380424,0.12914353467380424,0.0795479474095059,1.0,1.0,1.0,0.0,0.0,0.0
random_smooth_potentials,bcc67832c8620c86b4a26baa,gaussian_random_field,truncated_line,8,0.496543247618406,0.496543247618406,0.7558209948540247,0.4051082786198063,0.4051082786198063,2.5939418235587652e-06,0.12760976447627084,0.12760976447627084,0.06658871727012777,1.0,1.0,1.0,0.0,0.0,0.0
random_smooth_potentials,bcc67832c8620c86b4a26baa,gaussian_random_field,truncated_line,9,0.6174721165947139,0.6174721165947139,0.6836108245103039,0.4051082786198063,0.4051082786198063,2.5939418235587652e-06,0.13505025351468203,0.13505025351468203,0.06541675087592094,1.0,1.0,1.0,0.0,0.0,0.0
random_smooth_potentials,bcc67832c8620c86b4a26baa,gaussian_random_field,truncated_line,10,0.4437331197191374,0.4437331197191374,0.5864572714543728,0.4051082786198063,0.4051082786198063,2.5939418235587652e-06,0.07690209494908,0.07690209494908,0.058433760257751634,1.0,1.0,1.0,0.0,0.0,0.0
random_smooth_potentials,e1ac87b7f976c6d99e0d3590,fourier_random,truncated_line,0,0.9833119997986025,0.9833119997986025,0.9994612606928772,0.23656104018173327,0.23656104018173327,1.5968762477891474e-06,0.16952084010145574,0.16952084010145574,0.11384069985307146,1.0,1.0,1.0,0.0,0.0,0.0
random_smooth_potentials,e1ac87b7f976c6d99e0d3590,fourier_random,truncated_line,1,0.875296802456055,0.875296802456055,0.998896893518815,0.23656104018173327,0.23656104018173327,1.5968762477891474e-06,0.6168970722303946,0.6168970722303946,0.4016186616530246,1.0,1.0,0.0,0.0,0.0,0.0
random_smooth_potentials,e1ac87b7f976c6d99e0d3590,fourier_random,truncated_line,2,0.8017553530937236,0.8017553530937236,0.9995879398751784,0.23656104018173327,0.23656104018173327,1.5968762477891474e-06,0.3437637517686396,0.3437637517686396,0.16413807551522477,1.0,1.0,1.0,0.0,0.0,0.0
random_smooth_potentials,e1ac87b7f976c6d99e0d3590,fourier_random,truncated_line,3,0.9194698895710797,0.9194698895710797,0.9986137896468383,0.23656104018173327,0.23656104018173327,1.5968762477891474e-06,0.12768223272055873,0.12768223272055873,0.08674928420838039,1.0,1.0,0.0,0.0,0.0,0.0
random_smooth_potentials,e1ac87b7f976c6d99e0d3590,fourier_random,truncated_line,4,0.9829785935427364,0.9829785935427364,0.9983312942577474,0.23656104018173327,0.23656104018173327,1.5968762477891474e-06,0.07915039802419517,0.07915039802419517,0.06159758283391109,1.0,1.0,1.0,0.0,0.0,0.0
random_smooth_potentials,e1ac87b7f976c6d99e0d3590,fourier_random,truncated_line,5,0.8466664620627119,0.8466664620627119,0.9979397399400275,0.23656104018173327,0.23656104018173327,1.5968762477891474e-06,0.09440222797394311,0.09440222797394311,0.050905128706841295,1.0,1.0,1.0,0.0,0.0,0.0
random_smooth_potentials,e1ac87b7f976c6d99e0d3590,fourier_random,truncated_line,6,0.8096381964508049,0.8096381964508049,0.9974788706775757,0.23656104018173327,0.23656104018173327,1.5968762477891474e-06,0.07437798728450618,0.07437798728450618,0.05354234951441332,1.0,1.0,1.0,0.0,0.0,0.0
random_smooth_potentials,e1ac87b7f976c6d99e0d3590,fourier_random,truncated_line,7,0.8418041845799997,0.8418041845799997,0.996417593501212,0.23656104018173327,0.23656104018173327,1.5968762477891474e-06,0.06812486338861586,0.06812486338861586,0.05324831329982559,1.0,1.0,1.0,0.0,0.0,0.0
random_smooth_potentials,e1ac87b7f976c6d99e0d3590,fourier_random,truncated_line,8,0.9097543859337794,0.9097543859337794,0.9977175463487254,0.23656104018173327,0.23656104018173327,1.5968762477891474e-06,0.055830592010019386,0.055830592010019386,0.04476144504906769,1.0,1.0,1.0,0.0,0.0,0.0
random_smooth_potentials,e1ac87b7f976c6d99e0d3590,fourier_random,truncated_line,9,0.9441252852477501,0.9441252852477501,0.9960075676730611,0.23656104018173327,0.23656104018173327,1.5968762477891474e-06,0.049245158755704954,0.049245158755704954,0.041311649269179365,1.0,1.0,1.0,0.0,0.0,0.0
random_smooth_potentials,e1ac87b7f976c6d99e0d3590,fourier_random,truncated_line,10,0.9655859825512437,0.9655859825512437,0.9870066272325985,0.23656104018173327,0.23656104018173327,1.5968762477891474e-06,0.06784019116090269,0.06784019116090269,0.037695904848380486,1.0,1.0,1.0,0.0,0.0,0.0
random_smooth_potentials,e87d3fb8f80d4706fdc281c4,gaussian_random_field,truncated_line,0,0.9848690315271292,0.9848690315271292,0.9992801182875783,0.21461257282313198,0.21461257282313198,1.7751594209025612e-06,0.14693804794160767,0.14693804794160767,0.11158483978237084,1.0,1.0,0.0,0.0,0.0,0.0
random_smooth_potentials,e87d3fb8f80d4706fdc281c4,gaussian_random_field,truncated_line,1,0.9212919523428114,0.9212919523428114,0.9982742672411115,0.21461257282313198,0.21461257282313198,1.7751594209025612e-06,0.3585133828647697,0.3585133828647697,0.32317582265497874,1.0,1.0,0.0,0.0,0.0,0.0
random_smooth_potentials,e87d3fb8f80d4706fdc281c4,gaussian_random_field,truncated_line,2,0.9410259513962732,0.9410259513962732,0.9988745616932503,0.21461257282313198,0.21461257282313198,1.7751594209025612e-06,0.4132141855305128,0.4132141855305128,0.3466252269726439,1.0,1.0,0.0,0.0,0.0,0.0
random_smooth_potentials,e87d3fb8f80d4706fdc281c4,gaussian_random_field,truncated_line,3,0.8982729485069545,0.8982729485069545,0.9981193597388088,0.21461257282313198,0.21461257282313198,1.7751594209025612e-06,0.2724664138206343,0.2724664138206343,0.17410188491717196,1.0,1.0,0.0,0.0,0.0,0.0
random_smooth_potentials,e87d3fb8f80d4706fdc281c4,gaussian_random_field,truncated_line,4,0.9437150907322265,0.9437150907322265,0.9955159391872354,0.21461257282313198,0.21461257282313198,1.7751594209025612e-06,0.14867845573852212,0.14867845573852212,0.1444192009129251,1.0,1.0,1.0,0.0,0.0,0.0
random_smooth_potentials,e87d3fb8f80d4706fdc281c4,gaussian_random_field,truncated_line,5,0.9710146687858723,0.9710146687858723,0.9951033167724755,0.21461257282313198,0.21461257282313198,1.7751594209025612e-06,0.1297679040312162,0.1297679040312162,0.09536475506705283,1.0,1.0,0.0,0.0,0.0,0.0
random_smooth_potentials,e87d3fb8f80d4706fdc281c4,gaussian_random_field,truncated_line,6,0.976411653731819,0.976411653731819,0.9933728054142612,0.21461257282313198,0.21461257282313198,1.7751594209025612e-06,0.09511992576953303,0.09511992576953303,0.07597846905105553,1.0,1.0,1.0,0.0,0.0,0.0
random_smooth_potentials,e87d3fb8f80d4706fdc281c4,gaussian_random_field,truncated_line,7,0.9012218733735586,0.9012218733735586,0.9899611429044166,0.21461257282313198,0.21461257282313198,1.7751594209025612e-06,0.09337431013740977,0.09337431013740977,0.0573519127665179,1.0,1.0,1.0,0.0,0.0,0.0
random_smooth_potentials,e87d3fb8f80d4706fdc281c4,gaussian_random_field,truncated_line,8,0.5754289917958482,0.5754289917958482,0.9934637179302893,0.21461257282313198,0.21461257282313198,1.7751594209025612e-06,0.07628108005365433,0.07628108005365433,0.05083998055744217,1.0,1.0,1.0,0.0,0.0,0.0
random_smooth_potentials,e87d3fb8f80d4706fdc281c4,gaussian_random_field,truncated_line,9,0.8619870883761793,0.8619870883761793,0.9812532891282992,0.21461257282313198,0.21461257282313198,1.7751594209025612e-06,0.12466305168976272,0.12466305168976272,0.04433196264859969,1.0,1.0,1.0,0.0,0.0,0.0
random_smooth_potentials,e87d3fb8f80d4706fdc281c4,gaussian_random_field,truncated_line,10,0.9220794813083403,0.9220794813083403,0.9719804713071603,0.21461257282313198,0.21461257282313198,1.7751594209025612e-06,0.10787612825028409,0.10787612825028409,0.037329102036034144,1.0,1.0,1.0,0.0,0.0,0.0
random_smooth_potentials,f02f6a969035c43da602808d,gaussian_random_field,truncated_line,0,0.9454435223725428,0.9454435223725428,0.9985095069097423,0.20374589199240514,0.20374589199240514,1.5801834541973037e-06,0.6510417196743762,0.6510417196743762,0.5710542233410129,1.0,1.0,0.0,0.0,0.0,0.0
random_smooth_potentials,f02f6a969035c43da602808d,gaussian_random_field,truncated_line,1,0.9614814762759833,0.9614814762759833,0.9971710940494674,0.20374589199240514,0.20374589199240514,1.5801834541973037e-06,0.3551504277380945,0.3551504277380945,0.33911481347376016,1.0,1.0,0.0,0.0,0.0,0.0
random_smooth_potentials,f02f6a969035c43da602808d,gaussian_random_field,truncated_line,2,0.9769608416758224,0.9769608416758224,0.9956427415597603,0.20374589199240514,0.20374589199240514,1.5801834541973037e-06,0.1837848198187123,0.1837848198187123,0.16898188899683148,1.0,1.0,0.0,0.0,0.0,0.0
random_smooth_potentials,f02f6a969035c43da602808d,gaussian_random_field,truncated_line,3,0.9283923957635781,0.9283923957635781,0.992546721763297,0.20374589199240514,0.20374589199240514,1.5801834541973037e-06,0.15526634848853396,0.15526634848853396,0.13435090562971655,1.0,1.0,0.0,0.0,0.0,0.0
random_smooth_potentials,f02f6a969035c43da602808d,gaussian_random_field,truncated_line,4,0.8809534363614504,0.8809534363614504,0.9903336395050424,0.20374589199240514,0.20374589199240514,1.5801834541973037e-06,0.11590412575630288,0.11590412575630288,0.09965653444270228,1.0,1.0,1.0,0.0,0.0,0.0
random_smooth_potentials,f02f6a969035c43da602808d,gaussian_random_field,truncated_line,5,0.8864963478311098,0.8864963478311098,0.994442830107315,0.20374589199240514,0.20374589199240514,1.5801834541973037e-06,0.10859428073398944,0.10859428073398944,0.07003911961348004,1.0,1.0,1.0,0.0,0.0,0.0
random_smooth_potentials,f02f6a969035c43da602808d,gaussian_random_field,truncated_line,6,0.42970810449408064,0.42970810449408064,0.9941529597694095,0.20374589199240514,0.20374589199240514,1.5801834541973037e-06,0.09858501480863116,0.09858501480863116,0.05444351886381606,1.0,1.0,0.0,0.0,0.0,0.0
random_smooth_potentials,f02f6a969035c43da602808d,gaussian_random_field,truncated_line,7,0.3470195862039912,0.3470195862039912,0.6742998523851734,0.20374589199240514,0.20374589199240514,1.5801834541973037e-06,0.09434013657344514,0.09434013657344514,0.05474320577913103,1.0,1.0,1.0,0.0,0.0,0.0
random_smooth_potentials,f02f6a969035c43da602808d,gaussian_random_field,truncated_line,8,0.707047636563369,0.707047636563369,0.6609333127636873,0.20374589199240514,0.20374589199240514,1.5801834541973037e-06,0.06539190226386522,0.06539190226386522,0.06385937124654921,1.0,1.0,1.0,0.0,0.0,0.0
random_smooth_potentials,f02f6a969035c43da602808d,gaussian_random_field,truncated_line,9,0.8038577087222305,0.8038577087222305,0.9838079322756618,0.20374589199240514,0.20374589199240514,1.5801834541973037e-06,0.07332059599897775,0.07332059599897775,0.031928748004377436,1.0,1.0,1.0,0.0,0.0,0.0
random_smooth_potentials,f02f6a969035c43da602808d,gaussian_random_field,truncated_line,10,0.8417207328710644,0.8417207328710644,0.8818999252468864,0.20374589199240514,0.20374589199240514,1.5801834541973037e-06,0.06058201411159857,0.06058201411159857,0.03591329505584666,1.0,1.0,1.0,0.0,0.0,0.0
seen_basis_reparameterization,04bcca246792a9ac8bc34a0e,rosen_morse_ii,truncated_line,0,0.9976857039625472,0.9976857039625472,0.999978445765251,0.26378162402405636,0.26378162402405636,1.2942774921809175e-06,0.01137730665151126,0.01137730665151126,0.00355242238772489,1.0,1.0,1.0,0.0,0.0,0.0
seen_basis_reparameterization,04bcca246792a9ac8bc34a0e,rosen_morse_ii,truncated_line,1,0.9968823794755619,0.9968823794755619,0.9999685041746741,0.26378162402405636,0.26378162402405636,1.2942774921809175e-06,0.013486505657317693,0.013486505657317693,0.0035294669943662688,1.0,1.0,1.0,0.0,0.0,0.0
seen_basis_reparameterization,04bcca246792a9ac8bc34a0e,rosen_morse_ii,truncated_line,2,0.9922607832528416,0.9922607832528416,0.9997810320639707,0.26378162402405636,0.26378162402405636,1.2942774921809175e-06,0.017907028433900497,0.017907028433900497,0.008229064455020795,1.0,1.0,0.0,0.0,0.0,0.0
seen_basis_reparameterization,04bcca246792a9ac8bc34a0e,rosen_morse_ii,truncated_line,3,0.9862275221928727,0.9862275221928727,0.9995254181568587,0.26378162402405636,0.26378162402405636,1.2942774921809175e-06,0.0368431480948312,0.0368431480948312,0.014821667032850911,1.0,1.0,1.0,0.0,0.0,0.0
seen_basis_reparameterization,04bcca246792a9ac8bc34a0e,rosen_morse_ii,truncated_line,4,0.9816655756804105,0.9816655756804105,0.9993523549190364,0.26378162402405636,0.26378162402405636,1.2942774921809175e-06,0.04123721049113548,0.04123721049113548,0.020777948837663873,1.0,1.0,0.0,0.0,0.0,0.0
seen_basis_reparameterization,04bcca246792a9ac8bc34a0e,rosen_morse_ii,truncated_line,5,0.9778247528546641,0.9778247528546641,0.9990946809426876,0.26378162402405636,0.26378162402405636,1.2942774921809175e-06,0.07414259498007392,0.07414259498007392,0.020299990384921657,1.0,1.0,1.0,0.0,0.0,0.0
seen_basis_reparameterization,04bcca246792a9ac8bc34a0e,rosen_morse_ii,truncated_line,6,0.9844638176865296,0.9844638176865296,0.9980791999523401,0.26378162402405636,0.26378162402405636,1.2942774921809175e-06,0.04872134603395043,0.04872134603395043,0.02557703409334016,1.0,1.0,1.0,0.0,0.0,0.0
seen_basis_reparameterization,04bcca246792a9ac8bc34a0e,rosen_morse_ii,truncated_line,7,0.9770022477920405,0.9770022477920405,0.991589451279865,0.26378162402405636,0.26378162402405636,1.2942774921809175e-06,0.06459223371604182,0.06459223371604182,0.04647984039258093,1.0,1.0,1.0,0.0,0.0,0.0
seen_basis_reparameterization,04bcca246792a9ac8bc34a0e,rosen_morse_ii,truncated_line,8,0.9556349201913112,0.9556349201913112,0.9969362877402388,0.26378162402405636,0.26378162402405636,1.2942774921809175e-06,0.07933460278735271,0.07933460278735271,0.0454367288854707,1.0,1.0,1.0,0.0,0.0,0.0
seen_basis_reparameterization,04bcca246792a9ac8bc34a0e,rosen_morse_ii,truncated_line,9,0.9528245541271213,0.9528245541271213,0.9913856025352963,0.26378162402405636,0.26378162402405636,1.2942774921809175e-06,0.10563476177026479,0.10563476177026479,0.05643339853246863,1.0,1.0,1.0,0.0,0.0,0.0
seen_basis_reparameterization,04bcca246792a9ac8bc34a0e,rosen_morse_ii,truncated_line,10,0.9056906951431132,0.9056906951431132,0.9856474514363136,0.26378162402405636,0.26378162402405636,1.2942774921809175e-06,0.1963960181277776,0.1963960181277776,0.11533204903257374,1.0,1.0,1.0,0.0,0.0,0.0
seen_basis_reparameterization,052642260507a0d470e0039d,rosen_morse_ii,truncated_line,0,0.9978075404703345,0.9978075404703345,0.999984712562047,0.25384257689008105,0.25384257689008105,1.47157855101554e-06,0.01046710284147873,0.01046710284147873,0.003235564272615556,1.0,1.0,1.0,0.0,0.0,0.0
seen_basis_reparameterization,052642260507a0d470e0039d,rosen_morse_ii,truncated_line,1,0.9974001794939519,0.9974001794939519,0.9999801092202609,0.25384257689008105,0.25384257689008105,1.47157855101554e-06,0.012234756093348256,0.012234756093348256,0.002963264697078287,1.0,1.0,1.0,0.0,0.0,0.0
seen_basis_reparameterization,052642260507a0d470e0039d,rosen_morse_ii,truncated_line,2,0.992834824046413,0.992834824046413,0.9997584687351911,0.25384257689008105,0.25384257689008105,1.47157855101554e-06,0.017060186210691556,0.017060186210691556,0.008310998348245204,1.0,1.0,0.0,0.0,0.0,0.0
seen_basis_reparameterization,052642260507a0d470e0039d,rosen_morse_ii,truncated_line,3,0.9874696691224792,0.9874696691224792,0.9994454618596087,0.25384257689008105,0.25384257689008105,1.47157855101554e-06,0.034331122218693624,0.034331122218693624,0.015356481473079959,1.0,1.0,1.0,0.0,0.0,0.0
seen_basis_reparameterization,052642260507a0d470e0039d,rosen_morse_ii,truncated_line,4,0.9834394968991071,0.9834394968991071,0.9993020216641968,0.25384257689008105,0.25384257689008105,1.47157855101554e-06,0.038070859148623425,0.038070859148623425,0.0203124060594632,1.0,1.0,1.0,0.0,0.0,0.0
seen_basis_reparameterization,052642260507a0d470e0039d,rosen_morse_ii,truncated_line,5,0.9801497662988257,0.9801497662988257,0.9992315031820508,0.25384257689008105,0.25384257689008105,1.47157855101554e-06,0.06896826037325778,0.06896826037325778,0.01906103247490568,1.0,1.0,1.0,0.0,0.0,0.0
seen_basis_reparameterization,052642260507a0d470e0039d,rosen_morse_ii,truncated_line,6,0.9861745081045146,0.9861745081045146,0.998474958090066,0.25384257689008105,0.25384257689008105,1.47157855101554e-06,0.04458056454253114,0.04458056454253114,0.022826733506480828,1.0,1.0,1.0,0.0,0.0,0.0
seen_basis_reparameterization,052642260507a0d470e0039d,rosen_morse_ii,truncated_line,7,0.979098246642916,0.979098246642916,0.9920127432926893,0.25384257689008105,0.25384257689008105,1.47157855101554e-06,0.05978533258151415,0.05978533258151415,0.04275601639656059,1.0,1.0,1.0,0.0,0.0,0.0
seen_basis_reparameterization,052642260507a0d470e0039d,rosen_morse_ii,truncated_line,8,0.9602777569487632,0.9602777569487632,0.9971763264517827,0.25384257689008105,0.25384257689008105,1.47157855101554e-06,0.07092245275550868,0.07092245275550868,0.041127228060815195,1.0,1.0,1.0,0.0,0.0,0.0
seen_basis_reparameterization,052642260507a0d470e0039d,rosen_morse_ii,truncated_line,9,0.9567631007772099,0.9567631007772099,0.9916176135592222,0.25384257689008105,0.25384257689008105,1.47157855101554e-06,0.09426587351411975,0.09426587351411975,0.051768875668406225,1.0,1.0,1.0,0.0,0.0,0.0
seen_basis_reparameterization,052642260507a0d470e0039d,rosen_morse_ii,truncated_line,10,0.9139344453450429,0.9139344453450429,0.9863197050591558,0.25384257689008105,0.25384257689008105,1.47157855101554e-06,0.1776492227746625,0.1776492227746625,0.10237020852056179,1.0,1.0,1.0,0.0,0.0,0.0
seen_basis_reparameterization,09368923ae9cecadb572c912,rosen_morse_ii,truncated_line,0,0.9977198314210777,0.9977198314210777,0.999981909407962,0.2596485022376103,0.2596485022376103,1.885495783393587e-06,0.011020664063205553,0.011020664063205553,0.0033907652250528275,1.0,1.0,1.0,0.0,0.0,0.0
seen_basis_reparameterization,09368923ae9cecadb572c912,rosen_morse_ii,truncated_line,1,0.9971426334174482,0.9971426334174482,0.9999740099939187,0.2596485022376103,0.2596485022376103,1.885495783393587e-06,0.012992715369345646,0.012992715369345646,0.003258606526028386,1.0,1.0,1.0,0.0,0.0,0.0
seen_basis_reparameterization,09368923ae9cecadb572c912,rosen_morse_ii,truncated_line,2,0.9925776143747033,0.9925776143747033,0.9997708893881737,0.2596485022376103,0.2596485022376103,1.885495783393587e-06,0.017533043246499312,0.017533043246499312,0.008285699930394323,1.0,1.0,0.0,0.0,0.0,0.0
seen_basis_reparameterization,09368923ae9cecadb572c912,rosen_morse_ii,truncated_line,3,0.9868494813579529,0.9868494813579529,0.9994918487772454,0.2596485022376103,0.2596485022376103,1.885495783393587e-06,0.03578039345499084,0.03578039345499084,0.015087616862955098,1.0,1.0,1.0,0.0,0.0,0.0
seen_basis_reparameterization,09368923ae9cecadb572c912,rosen_morse_ii,truncated_line,4,0.9825439051033985,0.9825439051033985,0.9993306072400248,0.2596485022376103,0.2596485022376103,1.885495783393587e-06,0.039867860197601836,0.039867860197601836,0.020610674371819036,1.0,1.0,1.0,0.0,0.0,0.0
seen_basis_reparameterization,09368923ae9cecadb572c912,rosen_morse_ii,truncated_line,5,0.9789734980282556,0.9789734980282556,0.9991576279444214,0.2596485022376103,0.2596485022376103,1.885495783393587e-06,0.07182760834739475,0.07182760834739475,0.01979017358716343,1.0,1.0,1.0,0.0,0.0,0.0
seen_basis_reparameterization,09368923ae9cecadb572c912,rosen_morse_ii,truncated_line,6,0.9853209090613141,0.9853209090613141,0.998261814281129,0.2596485022376103,0.2596485022376103,1.885495783393587e-06,0.04678430336738131,0.04678430336738131,0.024369427096582203,1.0,1.0,1.0,0.0,0.0,0.0
seen_basis_reparameterization,09368923ae9cecadb572c912,rosen_morse_ii,truncated_line,7,0.9780368120419587,0.9780368120419587,0.9918076972504051,0.2596485022376103,0.2596485022376103,1.885495783393587e-06,0.06230234822694738,0.06230234822694738,0.04489472946892592,1.0,1.0,1.0,0.0,0.0,0.0
seen_basis_reparameterization,09368923ae9cecadb572c912,rosen_morse_ii,truncated_line,8,0.9579367916014704,0.9579367916014704,0.997068248316805,0.2596485022376103,0.2596485022376103,1.885495783393587e-06,0.07577141601455191,0.07577141601455191,0.04360713344506304,1.0,1.0,1.0,0.0,0.0,0.0
seen_basis_reparameterization,09368923ae9cecadb572c912,rosen_morse_ii,truncated_line,9,0.9546370075335294,0.9546370075335294,0.9913561870988709,0.2596485022376103,0.2596485022376103,1.885495783393587e-06,0.10140909429754803,0.10140909429754803,0.054730526895611906,1.0,1.0,1.0,0.0,0.0,0.0
seen_basis_reparameterization,09368923ae9cecadb572c912,rosen_morse_ii,truncated_line,10,0.9095091123014938,0.9095091123014938,0.9858155430382035,0.2596485022376103,0.2596485022376103,1.885495783393587e-06,0.18916169207240405,0.18916169207240405,0.10992560797220557,1.0,1.0,1.0,0.0,0.0,0.0
seen_basis_reparameterization,098860d9a55dfe9169db05ca,rosen_morse_ii,truncated_line,0,0.9981986752055089,0.9981986752055089,0.9999859897946406,0.2426696896792496,0.2426696896792496,1.699964012003008e-06,0.00907442312076336,0.00907442312076336,0.0030814206125468974,1.0,1.0,1.0,0.0,0.0,0.0
seen_basis_reparameterization,098860d9a55dfe9169db05ca,rosen_morse_ii,truncated_line,1,0.9977753469500282,0.9977753469500282,0.9999852025922978,0.2426696896792496,0.2426696896792496,1.699964012003008e-06,0.010449787991610898,0.010449787991610898,0.0025896783107324808,1.0,1.0,1.0,0.0,0.0,0.0
seen_basis_reparameterization,098860d9a55dfe9169db05ca,rosen_morse_ii,truncated_line,2,0.9931476045256904,0.9931476045256904,0.9997294280601989,0.2426696896792496,0.2426696896792496,1.699964012003008e-06,0.01630190052162809,0.01630190052162809,0.008409287719045163,1.0,1.0,0.0,0.0,0.0,0.0
seen_basis_reparameterization,098860d9a55dfe9169db05ca,rosen_morse_ii,truncated_line,3,0.9891475195805846,0.9891475195805846,0.9993372622518392,0.2426696896792496,0.2426696896792496,1.699964012003008e-06,0.03110209606565474,0.03110209606565474,0.015751614039545496,1.0,1.0,1.0,0.0,0.0,0.0
seen_basis_reparameterization,098860d9a55dfe9169db05ca,rosen_morse_ii,truncated_line,4,0.9861563818757034,0.9861563818757034,0.9992380995399871,0.2426696896792496,0.2426696896792496,1.699964012003008e-06,0.03373522615103603,0.03373522615103603,0.019445593704564893,1.0,1.0,1.0,0.0,0.0,0.0
seen_basis_reparameterization,098860d9a55dfe9169db05ca,rosen_morse_ii,truncated_line,5,0.9835506015996919,0.9835506015996919,0.9993741843152067,0.2426696896792496,0.2426696896792496,1.699964012003008e-06,0.06236727013295132,0.06236727013295132,0.017444770655128884,1.0,1.0,1.0,0.0,0.0,0.0
seen_basis_reparameterization,098860d9a55dfe9169db05ca,rosen_morse_ii,truncated_line,6,0.9886237023549199,0.9886237023549199,0.9989134938789577,0.2426696896792496,0.2426696896792496,1.699964012003008e-06,0.03913282818014261,0.03913282818014261,0.019691571080479985,1.0,1.0,1.0,0.0,0.0,0.0
seen_basis_reparameterization,098860d9a55dfe9169db05ca,rosen_morse_ii,truncated_line,7,0.9818840753772867,0.9818840753772867,0.9927883621310373,0.2426696896792496,0.2426696896792496,1.699964012003008e-06,0.05379311275753978,0.05379311275753978,0.03797741535064871,1.0,1.0,1.0,0.0,0.0,0.0
seen_basis_reparameterization,098860d9a55dfe9169db05ca,rosen_morse_ii,truncated_line,8,0.9649625154787003,0.9649625154787003,0.9974588432418968,0.2426696896792496,0.2426696896792496,1.699964012003008e-06,0.06162744350680479,0.06162744350680479,0.036171218245274396,1.0,1.0,1.0,0.0,0.0,0.0
seen_basis_reparameterization,098860d9a55dfe9169db05ca,rosen_morse_ii,truncated_line,9,0.9606275693803332,0.9606275693803332,0.9919791252750415,0.2426696896792496,0.2426696896792496,1.699964012003008e-06,0.08089609958549791,0.08089609958549791,0.046094131313420154,1.0,1.0,1.0,0.0,0.0,0.0
seen_basis_reparameterization,098860d9a55dfe9169db05ca,rosen_morse_ii,truncated_line,10,0.9222246646740737,0.9222246646740737,0.9867333816132103,0.2426696896792496,0.2426696896792496,1.699964012003008e-06,0.15602711667407773,0.15602711667407773,0.08954073374462691,1.0,1.0,1.0,0.0,0.0,0.0
seen_basis_reparameterization,109ad689e33554166d4da553,rosen_morse_ii,truncated_line,0,0.9961181062659554,0.9961181062659554,0.9999614540702427,0.284322368044594,0.284322368044594,1.4633659637386387e-06,0.015226806961914072,0.015226806961914072,0.004337376655760064,1.0,1.0,0.0,0.0,0.0,0.0
seen_basis_reparameterization,109ad689e33554166d4da553,rosen_morse_ii,truncated_line,1,0.9956033362443167,0.9956033362443167,0.9998839214876485,0.284322368044594,0.284322368044594,1.4633659637386387e-06,0.018825924934894378,0.018825924934894378,0.006212301382798417,1.0,1.0,0.0,0.0,0.0,0.0
seen_basis_reparameterization,109ad689e33554166d4da553,rosen_morse_ii,truncated_line,2,0.9901018250118587,0.9901018250118587,0.9998417052282819,0.284322368044594,0.284322368044594,1.4633659637386387e-06,0.02163798156728875,0.02163798156728875,0.007876107512754686,1.0,1.0,0.0,0.0,0.0,0.0
seen_basis_reparameterization,109ad689e33554166d4da553,rosen_morse_ii,truncated_line,3,0.9808900081679932,0.9808900081679932,0.9996547869797759,0.284322368044594,0.284322368044594,1.4633659637386387e-06,0.04493089583152605,0.04493089583152605,0.014016613625240301,1.0,1.0,0.0,0.0,0.0,0.0
seen_basis_reparameterization,109ad689e33554166d4da553,rosen_morse_ii,truncated_line,4,0.9747780349148727,0.9747780349148727,0.9994366800886425,0.284322368044594,0.284322368044594,1.4633659637386387e-06,0.051001802959633025,0.051001802959633025,0.022233663123299427,1.0,1.0,0.0,0.0,0.0,0.0
seen_basis_reparameterization,109ad689e33554166d4da553,rosen_morse_ii,truncated_line,5,0.9696714849260638,0.9696714849260638,0.9985281645249395,0.284322368044594,0.284322368044594,1.4633659637386387e-06,0.08714637141655553,0.08714637141655553,0.024620823075357227,1.0,1.0,1.0,0.0,0.0,0.0
seen_basis_reparameterization,109ad689e33554166d4da553,rosen_morse_ii,truncated_line,6,0.978519623304574,0.978519623304574,0.9968121183195237,0.284322368044594,0.284322368044594,1.4633659637386387e-06,0.060468691371983456,0.060468691371983456,0.03328164155638698,1.0,1.0,1.0,0.0,0.0,0.0
seen_basis_reparameterization,109ad689e33554166d4da553,rosen_morse_ii,truncated_line,7,0.9706951262403212,0.9706951262403212,0.9899748492767215,0.284322368044594,0.284322368044594,1.4633659637386387e-06,0.07759366329035995,0.07759366329035995,0.05693498624582251,1.0,1.0,1.0,0.0,0.0,0.0
seen_basis_reparameterization,109ad689e33554166d4da553,rosen_morse_ii,truncated_line,8,0.9461729625725381,0.9461729625725381,0.9963688267920366,0.284322368044594,0.284322368044594,1.4633659637386387e-06,0.10079568550235309,0.10079568550235309,0.05653361093326333,1.0,1.0,1.0,0.0,0.0,0.0
seen_basis_reparameterization,109ad689e33554166d4da553,rosen_morse_ii,truncated_line,9,0.9446993903875937,0.9446993903875937,0.9904494215499953,0.284322368044594,0.284322368044594,1.4633659637386387e-06,0.13844487966380944,0.13844487966380944,0.0706032071863244,1.0,1.0,1.0,0.0,0.0,0.0
seen_basis_reparameterization,109ad689e33554166d4da553,rosen_morse_ii,truncated_line,10,0.8891023875465845,0.8891023875465845,0.9843985884913313,0.284322368044594,0.284322368044594,1.4633659637386387e-06,0.24386750491817272,0.24386750491817272,0.1462733634913488,1.0,1.0,1.0,0.0,0.0,0.0
seen_basis_reparameterization,17e574fb446fd7b617b9c38a,rosen_morse_ii,truncated_line,0,0.9953227336816594,0.9953227336816594,0.9999495230321132,0.29238124691973655,0.29238124691973655,1.6826279402026856e-06,0.016884342786619117,0.016884342786619117,0.004824352408592278,1.0,1.0,0.0,0.0,0.0,0.0
seen_basis_reparameterization,17e574fb446fd7b617b9c38a,rosen_morse_ii,truncated_line,1,0.9948652877595254,0.9948652877595254,0.9998274621328861,0.29238124691973655,0.29238124691973655,1.6826279402026856e-06,0.021160604422710387,0.021160604422710387,0.00756271869811681,1.0,1.0,0.0,0.0,0.0,0.0
seen_basis_reparameterization,17e574fb446fd7b617b9c38a,rosen_morse_ii,truncated_line,2,0.9887930701157127,0.9887930701157127,0.9998576562981176,0.29238124691973655,0.29238124691973655,1.6826279402026856e-06,0.023608690912897478,0.023608690912897478,0.007825906600236618,1.0,1.0,0.0,0.0,0.0,0.0
seen_basis_reparameterization,17e574fb446fd7b617b9c38a,rosen_morse_ii,truncated_line,3,0.9782747728581034,0.9782747728581034,0.9996806246296541,0.29238124691973655,0.29238124691973655,1.6826279402026856e-06,0.04843551200439811,0.04843551200439811,0.01381279362814034,1.0,1.0,0.0,0.0,0.0,0.0
seen_basis_reparameterization,17e574fb446fd7b617b9c38a,rosen_morse_ii,truncated_line,4,0.971734937280809,0.971734937280809,0.9994477398869595,0.29238124691973655,0.29238124691973655,1.6826279402026856e-06,0.05504928230424263,0.05504928230424263,0.022798531001690922,1.0,1.0,0.0,0.0,0.0,0.0
seen_basis_reparameterization,17e574fb446fd7b617b9c38a,rosen_morse_ii,truncated_line,5,0.9661608787689557,0.9661608787689557,0.9982430724201565,0.29238124691973655,0.29238124691973655,1.6826279402026856e-06,0.09231742425393928,0.09231742425393928,0.026473622787229166,1.0,1.0,1.0,0.0,0.0,0.0
seen_basis_reparameterization,17e574fb446fd7b617b9c38a,rosen_morse_ii,truncated_line,6,0.9759283678205605,0.9759283678205605,0.9962146962050554,0.29238124691973655,0.29238124691973655,1.6826279402026856e-06,0.06535699946198655,0.06535699946198655,0.03662522148849328,1.0,1.0,1.0,0.0,0.0,0.0
seen_basis_reparameterization,17e574fb446fd7b617b9c38a,rosen_morse_ii,truncated_line,7,0.9679988345367284,0.9679988345367284,0.9893352845357168,0.29238124691973655,0.29238124691973655,1.6826279402026856e-06,0.08324165995401095,0.08324165995401095,0.0612726218701435,1.0,1.0,1.0,0.0,0.0,0.0
seen_basis_reparameterization,17e574fb446fd7b617b9c38a,rosen_morse_ii,truncated_line,8,0.942044177308824,0.942044177308824,0.9961196604961418,0.29238124691973655,0.29238124691973655,1.6826279402026856e-06,0.11008225716905044,0.11008225716905044,0.06130559320143626,1.0,1.0,1.0,0.0,0.0,0.0
seen_basis_reparameterization,17e574fb446fd7b617b9c38a,rosen_morse_ii,truncated_line,9,0.9411254816562764,0.9411254816562764,0.9900903877614206,0.29238124691973655,0.29238124691973655,1.6826279402026856e-06,0.15232512375912396,0.15232512375912396,0.07686525754395844,1.0,1.0,1.0,0.0,0.0,0.0
seen_basis_reparameterization,17e574fb446fd7b617b9c38a,rosen_morse_ii,truncated_line,10,0.8820216007550877,0.8820216007550877,0.9838127848247186,0.29238124691973655,0.29238124691973655,1.6826279402026856e-06,0.26313039336803434,0.26313039336803434,0.1604295892339553,1.0,1.0,1.0,0.0,0.0,0.0
seen_basis_reparameterization,19b930ee2e192436cbeee6c2,rosen_morse_ii,truncated_line,0,0.9940546713930932,0.9940546713930932,0.9999119977225908,0.3092389922690151,0.3092389922690151,1.8109862579551717e-06,0.019801138160753025,0.019801138160753025,0.006174475553059756,1.0,1.0,0.0,0.0,0.0,0.0
seen_basis_reparameterization,19b930ee2e192436cbeee6c2,rosen_morse_ii,truncated_line,1,0.9933385425544127,0.9933385425544127,0.9996834311451219,0.3092389922690151,0.3092389922690151,1.8109862579551717e-06,0.025180449704917927,0.025180449704917927,0.010296670233542974,1.0,1.0,0.0,0.0,0.0,0.0
seen_basis_reparameterization,19b930ee2e192436cbeee6c2,rosen_morse_ii,truncated_line,2,0.9855147725388741,0.9855147725388741,0.9998798717182307,0.3092389922690151,0.3092389922690151,1.8109862579551717e-06,0.027615227743108355,0.027615227743108355,0.0078063034982413125,1.0,1.0,0.0,0.0,0.0,0.0
seen_basis_reparameterization,19b930ee2e192436cbeee6c2,rosen_morse_ii,truncated_line,3,0.9726556451848581,0.9726556451848581,0.9997049984800408,0.3092389922690151,0.3092389922690151,1.8109862579551717e-06,0.05554392532966995,0.05554392532966995,0.013284278428394681,1.0,1.0,0.0,0.0,0.0,0.0
seen_basis_reparameterization,19b930ee2e192436cbeee6c2,rosen_morse_ii,truncated_line,4,0.9655331776830076,0.9655331776830076,0.9994312629023366,0.3092389922690151,0.3092389922690151,1.8109862579551717e-06,0.06289907385371284,0.06289907385371284,0.02370906061718036,1.0,1.0,0.0,0.0,0.0,0.0
seen_basis_reparameterization,19b930ee2e192436cbeee6c2,rosen_morse_ii,truncated_line,5,0.958764656141247,0.958764656141247,0.9976092728902952,0.3092389922690151,0.3092389922690151,1.8109862579551717e-06,0.10325670796046676,0.10325670796046676,0.029964304194323787,1.0,1.0,1.0,0.0,0.0,0.0
seen_basis_reparameterization,19b930ee2e192436cbeee6c2,rosen_morse_ii,truncated_line,6,0.9702765849208066,0.9702765849208066,0.9948727137571642,0.3092389922690151,0.3092389922690151,1.8109862579551717e-06,0.07563744986229573,0.07563744986229573,0.04355887567225688,1.0,1.0,1.0,0.0,0.0,0.0
seen_basis_reparameterization,19b930ee2e192436cbeee6c2,rosen_morse_ii,truncated_line,7,0.9619107769935613,0.9619107769935613,0.9881176710669148,0.3092389922690151,0.3092389922690151,1.8109862579551717e-06,0.0955314821667176,0.0955314821667176,0.06988771045380143,1.0,1.0,1.0,0.0,0.0,0.0
seen_basis_reparameterization,19b930ee2e192436cbeee6c2,rosen_morse_ii,truncated_line,8,0.9309377673585516,0.9309377673585516,0.9954832676239579,0.3092389922690151,0.3092389922690151,1.8109862579551717e-06,0.12915100734994064,0.12915100734994064,0.07132198254291526,1.0,1.0,1.0,0.0,0.0,0.0
seen_basis_reparameterization,19b930ee2e192436cbeee6c2,rosen_morse_ii,truncated_line,9,0.93197785641787,0.93197785641787,0.9901438170977642,0.3092389922690151,0.3092389922690151,1.8109862579551717e-06,0.1774720372893575,0.1774720372893575,0.08802792366962711,1.0,1.0,1.0,0.0,0.0,0.0
seen_basis_reparameterization,19b930ee2e192436cbeee6c2,rosen_morse_ii,truncated_line,10,0.864250322356391,0.864250322356391,0.9826611082580573,0.3092389922690151,0.3092389922690151,1.8109862579551717e-06,0.29902722369723583,0.29902722369723583,0.19285781153071455,1.0,1.0,1.0,0.0,0.0,0.0
seen_basis_reparameterization,278c7511ce818e81fbc48aa0,rosen_morse_ii,truncated_line,0,0.9948632563588765,0.9948632563588765,0.9999338627743083,0.2998246514658424,0.2998246514658424,1.5703538317479726e-06,0.018088200361076594,0.018088200361076594,0.005393343067187189,1.0,1.0,0.0,0.0,0.0,0.0
seen_basis_reparameterization,278c7511ce818e81fbc48aa0,rosen_morse_ii,truncated_line,1,0.9942425189632308,0.9942425189632308,0.9997705637410242,0.2998246514658424,0.2998246514658424,1.5703538317479726e-06,0.022815907738197843,0.022815907738197843,0.00871579204056429,1.0,1.0,0.0,0.0,0.0,0.0
seen_basis_reparameterization,278c7511ce818e81fbc48aa0,rosen_morse_ii,truncated_line,2,0.987439770713118,0.987439770713118,0.9998713698594288,0.2998246514658424,0.2998246514658424,1.5703538317479726e-06,0.025242517205080982,0.025242517205080982,0.007758884653826244,1.0,1.0,0.0,0.0,0.0,0.0
seen_basis_reparameterization,278c7511ce818e81fbc48aa0,rosen_morse_ii,truncated_line,3,0.9759012321165889,0.9759012321165889,0.9996991425879532,0.2998246514658424,0.2998246514658424,1.5703538317479726e-06,0.05145343378875628,0.05145343378875628,0.013479642380485784,1.0,1.0,0.0,0.0,0.0,0.0
seen_basis_reparameterization,278c7511ce818e81fbc48aa0,rosen_morse_ii,truncated_line,4,0.9690297473369766,0.9690297473369766,0.9994499895235406,0.2998246514658424,0.2998246514658424,1.5703538317479726e-06,0.058407172162103616,0.058407172162103616,0.023157137753529337,1.0,1.0,0.0,0.0,0.0,0.0
seen_basis_reparameterization,278c7511ce818e81fbc48aa0,rosen_morse_ii,truncated_line,5,0.9628975286819527,0.9628975286819527,0.9979808873385054,0.2998246514658424,0.2998246514658424,1.5703538317479726e-06,0.09720925360246667,0.09720925360246667,0.02793247779771993,1.0,1.0,1.0,0.0,0.0,0.0
seen_basis_reparameterization,278c7511ce818e81fbc48aa0,rosen_morse_ii,truncated_line,6,0.9734261721927617,0.9734261721927617,0.995643757390939,0.2998246514658424,0.2998246514658424,1.5703538317479726e-06,0.06989308070442986,0.06989308070442986,0.039601927963127594,1.0,1.0,1.0,0.0,0.0,0.0
seen_basis_reparameterization,278c7511ce818e81fbc48aa0,rosen_morse_ii,truncated_line,7,0.9652738583562875,0.9652738583562875,0.9887797251621397,0.2998246514658424,0.2998246514658424,1.5703538317479726e-06,0.08860983233965794,0.08860983233965794,0.06495239675561576,1.0,1.0,1.0,0.0,0.0,0.0
seen_basis_reparameterization,278c7511ce818e81fbc48aa0,rosen_morse_ii,truncated_line,8,0.9370003159905044,0.9370003159905044,0.9958229226649511,0.2998246514658424,0.2998246514658424,1.5703538317479726e-06,0.11816777663691197,0.11816777663691197,0.06555765645359857,1.0,1.0,1.0,0.0,0.0,0.0
seen_basis_reparameterization,278c7511ce818e81fbc48aa0,rosen_morse_ii,truncated_line,9,0.9371006352742449,0.9371006352742449,0.9902154309362681,0.2998246514658424,0.2998246514658424,1.5703538317479726e-06,0.16253392554698645,0.16253392554698645,0.08127358490188866,1.0,1.0,1.0,0.0,0.0,0.0
seen_basis_reparameterization,278c7511ce818e81fbc48aa0,rosen_morse_ii,truncated_line,10,0.8740677886262076,0.8740677886262076,0.9834269627302595,0.2998246514658424,0.2998246514658424,1.5703538317479726e-06,0.2782437429294283,0.2782437429294283,0.1738390193631591,1.0,1.0,1.0,0.0,0.0,0.0
seen_basis_reparameterization,54083941178345ebdf44c89b,rosen_morse_ii,truncated_line,0,0.9982658844914049,0.9982658844914049,0.9999860671868215,0.24444498691877856,0.24444498691877856,1.0576518795213374e-06,0.009076306067325705,0.009076306067325705,0.0031494252006614674,1.0,1.0,1.0,0.0,0.0,0.0
seen_basis_reparameterization,54083941178345ebdf44c89b,rosen_morse_ii,truncated_line,1,0.9976370897707958,0.9976370897707958,0.9999860148255582,0.24444498691877856,0.24444498691877856,1.0576518795213374e-06,0.010471134114648999,0.010471134114648999,0.0025657061551186944,1.0,1.0,1.0,0.0,0.0,0.0
seen_basis_reparameterization,54083941178345ebdf44c89b,rosen_morse_ii,truncated_line,2,0.9930371186739833,0.9930371186739833,0.999732997559046,0.24444498691877856,0.24444498691877856,1.0576518795213374e-06,0.016371036264046703,0.016371036264046703,0.008400768888302148,1.0,1.0,0.0,0.0,0.0,0.0
seen_basis_reparameterization,54083941178345ebdf44c89b,rosen_morse_ii,truncated_line,3,0.9889840585305039,0.9889840585305039,0.9993539877296987,0.24444498691877856,0.24444498691877856,1.0576518795213374e-06,0.03135904855054979,0.03135904855054979,0.015633155843071844,1.0,1.0,1.0,0.0,0.0,0.0
seen_basis_reparameterization,54083941178345ebdf44c89b,rosen_morse_ii,truncated_line,4,0.9858925243583834,0.9858925243583834,0.9992461139855147,0.24444498691877856,0.24444498691877856,1.0576518795213374e-06,0.03414700504602931,0.03414700504602931,0.019510500956791035,1.0,1.0,1.0,0.0,0.0,0.0
seen_basis_reparameterization,54083941178345ebdf44c89b,rosen_morse_ii,truncated_line,5,0.9831512324645633,0.9831512324645633,0.9993652603040714,0.24444498691877856,0.24444498691877856,1.0576518795213374e-06,0.0633051263157892,0.0633051263157892,0.017544348296243323,1.0,1.0,1.0,0.0,0.0,0.0
seen_basis_reparameterization,54083941178345ebdf44c89b,rosen_morse_ii,truncated_line,6,0.9883303441990441,0.9883303441990441,0.9988595483951146,0.24444498691877856,0.24444498691877856,1.0576518795213374e-06,0.03986989803285105,0.03986989803285105,0.020086362454057496,1.0,1.0,1.0,0.0,0.0,0.0
seen_basis_reparameterization,54083941178345ebdf44c89b,rosen_morse_ii,truncated_line,7,0.9814751433681341,0.9814751433681341,0.9927064004464032,0.24444498691877856,0.24444498691877856,1.0576518795213374e-06,0.05484621988726986,0.05484621988726986,0.038522088654564066,1.0,1.0,1.0,0.0,0.0,0.0
seen_basis_reparameterization,54083941178345ebdf44c89b,rosen_morse_ii,truncated_line,8,0.9637898470642662,0.9637898470642662,0.9973833662842747,0.24444498691877856,0.24444498691877856,1.0576518795213374e-06,0.06299035831707436,0.06299035831707436,0.0368374548133132,1.0,1.0,1.0,0.0,0.0,0.0
seen_basis_reparameterization,54083941178345ebdf44c89b,rosen_morse_ii,truncated_line,9,0.9598174569397363,0.9598174569397363,0.9920610023113586,0.24444498691877856,0.24444498691877856,1.0576518795213374e-06,0.08183266306802073,0.08183266306802073,0.046462547053907066,1.0,1.0,1.0,0.0,0.0,0.0
seen_basis_reparameterization,54083941178345ebdf44c89b,rosen_morse_ii,truncated_line,10,0.9203984571480268,0.9203984571480268,0.9867017659689581,0.24444498691877856,0.24444498691877856,1.0576518795213374e-06,0.15804390223035275,0.15804390223035275,0.09151090455495095,1.0,1.0,1.0,0.0,0.0,0.0
seen_basis_reparameterization,789a7edf290458bf6e0909dc,rosen_morse_ii,truncated_line,0,0.9983737874990976,0.9983737874990976,0.9999863967135759,0.23936752793758287,0.23936752793758287,1.5464946149235104e-06,0.008557042690287639,0.008557042690287639,0.0030954171149617203,1.0,1.0,1.0,0.0,0.0,0.0
seen_basis_reparameterization,789a7edf290458bf6e0909dc,rosen_morse_ii,truncated_line,1,0.9977213708014537,0.9977213708014537,0.9999861414247684,0.23936752793758287,0.23936752793758287,1.5464946149235104e-06,0.009846389419681675,0.009846389419681675,0.00250742885658453,1.0,1.0,1.0,0.0,0.0,0.0
seen_basis_reparameterization,789a7edf290458bf6e0909dc,rosen_morse_ii,truncated_line,2,0.9930232380529692,0.9930232380529692,0.9997248233681919,0.23936752793758287,0.23936752793758287,1.5464946149235104e-06,0.016160768626648704,0.016160768626648704,0.008372261980030769,1.0,1.0,0.0,0.0,0.0,0.0
seen_basis_reparameterization,789a7edf290458bf6e0909dc,rosen_morse_ii,truncated_line,3,0.9893806306327927,0.9893806306327927,0.9993084056023943,0.23936752793758287,0.23936752793758287,1.5464946149235104e-06,0.03014062464183463,0.03014062464183463,0.015739010704288507,1.0,1.0,1.0,0.0,0.0,0.0
seen_basis_reparameterization,789a7edf290458bf6e0909dc,rosen_morse_ii,truncated_line,4,0.9866130016100083,0.9866130016100083,0.9992191191011484,0.23936752793758287,0.23936752793758287,1.5464946149235104e-06,0.032562690227291455,0.032562690227291455,0.019127373061801234,1.0,1.0,1.0,0.0,0.0,0.0
seen_basis_reparameterization,789a7edf290458bf6e0909dc,rosen_morse_ii,truncated_line,5,0.9841084838998523,0.9841084838998523,0.9994018108044115,0.23936752793758287,0.23936752793758287,1.5464946149235104e-06,0.06080641155189007,0.06080641155189007,0.01696689696705387,1.0,1.0,1.0,0.0,0.0,0.0
seen_basis_reparameterization,789a7edf290458bf6e0909dc,rosen_morse_ii,truncated_line,6,0.9890069116806539,0.9890069116806539,0.9989992835280948,0.23936752793758287,0.23936752793758287,1.5464946149235104e-06,0.03804697770225344,0.03804697770225344,0.01894499844987391,1.0,1.0,1.0,0.0,0.0,0.0
seen_basis_reparameterization,789a7edf290458bf6e0909dc,rosen_morse_ii,truncated_line,7,0.9823165884355204,0.9823165884355204,0.9929063395568333,0.23936752793758287,0.23936752793758287,1.5464946149235104e-06,0.05291269974384182,0.05291269974384182,0.03667277219533664,1.0,1.0,1.0,0.0,0.0,0.0
seen_basis_reparameterization,789a7edf290458bf6e0909dc,rosen_morse_ii,truncated_line,8,0.9653822308394138,0.9653822308394138,0.9974487001698092,0.23936752793758287,0.23936752793758287,1.5464946149235104e-06,0.059289940725749765,0.059289940725749765,0.034828264250549176,1.0,1.0,1.0,0.0,0.0,0.0
seen_basis_reparameterization,789a7edf290458bf6e0909dc,rosen_morse_ii,truncated_line,9,0.9613537226903952,0.9613537226903952,0.9923845097183861,0.23936752793758287,0.23936752793758287,1.5464946149235104e-06,0.07581376794185202,0.07581376794185202,0.04389607938039583,1.0,1.0,1.0,0.0,0.0,0.0
seen_basis_reparameterization,789a7edf290458bf6e0909dc,rosen_morse_ii,truncated_line,10,0.9236592509068672,0.9236592509068672,0.9871364185044742,0.23936752793758287,0.23936752793758287,1.5464946149235104e-06,0.14809051639701593,0.14809051639701593,0.08584415667092801,1.0,1.0,1.0,0.0,0.0,0.0
seen_basis_reparameterization,9d77950c418f1453a44929af,rosen_morse_ii,truncated_line,0,0.9973206951067484,0.9973206951067484,0.9999723087951509,0.2724111336497273,0.2724111336497273,1.4294434682593504e-06,0.012592539565821,0.012592539565821,0.0038464183300380324,1.0,1.0,1.0,0.0,0.0,0.0
seen_basis_reparameterization,9d77950c418f1453a44929af,rosen_morse_ii,truncated_line,1,0.9964425978660062,0.9964425978660062,0.9999458243029592,0.2724111336497273,0.2724111336497273,1.4294434682593504e-06,0.01514845847432836,0.01514845847432836,0.0043554706808307695,1.0,1.0,0.0,0.0,0.0,0.0
seen_basis_reparameterization,9d77950c418f1453a44929af,rosen_morse_ii,truncated_line,2,0.9916133640431164,0.9916133640431164,0.9998036987874683,0.2724111336497273,0.2724111336497273,1.4294434682593504e-06,0.019012715856505265,0.019012715856505265,0.008103724654504416,1.0,1.0,0.0,0.0,0.0,0.0
seen_basis_reparameterization,9d77950c418f1453a44929af,rosen_morse_ii,truncated_line,3,0.9846682261590599,0.9846682261590599,0.9995883254502775,0.2724111336497273,0.2724111336497273,1.4294434682593504e-06,0.03963219966745443,0.03963219966745443,0.014393107643604344,1.0,1.0,0.0,0.0,0.0,0.0
seen_basis_reparameterization,9d77950c418f1453a44929af,rosen_morse_ii,truncated_line,4,0.9795673011063073,0.9795673011063073,0.9993946561025326,0.2724111336497273,0.2724111336497273,1.4294434682593504e-06,0.04462747636170583,0.04462747636170583,0.021261005511925727,1.0,1.0,0.0,0.0,0.0,0.0
seen_basis_reparameterization,9d77950c418f1453a44929af,rosen_morse_ii,truncated_line,5,0.9752416682488543,0.9752416682488543,0.9989182612441994,0.2724111336497273,0.2724111336497273,1.4294434682593504e-06,0.07903230429228585,0.07903230429228585,0.021748594426599613,1.0,1.0,1.0,0.0,0.0,0.0
seen_basis_reparameterization,9d77950c418f1453a44929af,rosen_morse_ii,truncated_line,6,0.9825743254825694,0.9825743254825694,0.9976513568470834,0.2724111336497273,0.2724111336497273,1.4294434682593504e-06,0.05287555943595152,0.05287555943595152,0.028375451908982434,1.0,1.0,1.0,0.0,0.0,0.0
seen_basis_reparameterization,9d77950c418f1453a44929af,rosen_morse_ii,truncated_line,7,0.9748766960317397,0.9748766960317397,0.9911016480547244,0.2724111336497273,0.2724111336497273,1.4294434682593504e-06,0.06921558271834502,0.06921558271834502,0.05026966805781705,1.0,1.0,1.0,0.0,0.0,0.0
seen_basis_reparameterization,9d77950c418f1453a44929af,rosen_morse_ii,truncated_line,8,0.9517875666229568,0.9517875666229568,0.9967345012462201,0.2724111336497273,0.2724111336497273,1.4294434682593504e-06,0.08749834036844775,0.08749834036844775,0.04962998551986576,1.0,1.0,1.0,0.0,0.0,0.0
seen_basis_reparameterization,9d77950c418f1453a44929af,rosen_morse_ii,truncated_line,9,0.9494397860672475,0.9494397860672475,0.991047647524376,0.2724111336497273,0.2724111336497273,1.4294434682593504e-06,0.11779696309489399,0.11779696309489399,0.06150827747167617,1.0,1.0,1.0,0.0,0.0,0.0
seen_basis_reparameterization,9d77950c418f1453a44929af,rosen_morse_ii,truncated_line,10,0.8987574249799797,0.8987574249799797,0.9850366789283637,0.2724111336497273,0.2724111336497273,1.4294434682593504e-06,0.21499559976703894,0.21499559976703894,0.1276581427105502,1.0,1.0,1.0,0.0,0.0,0.0
seen_basis_reparameterization,a78e5f46945a45cb128faa82,rosen_morse_ii,truncated_line,0,0.9967781493414256,0.9967781493414256,0.9999662501366847,0.2798913178758416,0.2798913178758416,1.6779242352216173e-06,0.013973494943810895,0.013973494943810895,0.004126204363220123,1.0,1.0,1.0,0.0,0.0,0.0
seen_basis_reparameterization,a78e5f46945a45cb128faa82,rosen_morse_ii,truncated_line,1,0.9960260730389568,0.9960260730389568,0.999916004968051,0.2798913178758416,0.2798913178758416,1.6779242352216173e-06,0.01706238942780814,0.01706238942780814,0.00532386812205333,1.0,1.0,0.0,0.0,0.0,0.0
seen_basis_reparameterization,a78e5f46945a45cb128faa82,rosen_morse_ii,truncated_line,2,0.9908951148168503,0.9908951148168503,0.999824286399596,0.2798913178758416,0.2798913178758416,1.6779242352216173e-06,0.020352095991425016,0.020352095991425016,0.007986160052726041,1.0,1.0,0.0,0.0,0.0,0.0
seen_basis_reparameterization,a78e5f46945a45cb128faa82,rosen_morse_ii,truncated_line,3,0.9829095605657416,0.9829095605657416,0.9996333116491777,0.2798913178758416,0.2798913178758416,1.6779242352216173e-06,0.04252283840629314,0.04252283840629314,0.014102034491327454,1.0,1.0,0.0,0.0,0.0,0.0
seen_basis_reparameterization,a78e5f46945a45cb128faa82,rosen_morse_ii,truncated_line,4,0.9773319112841365,0.9773319112841365,0.9994249074424394,0.2798913178758416,0.2798913178758416,1.6779242352216173e-06,0.048031168289982266,0.048031168289982266,0.02176761318212126,1.0,1.0,0.0,0.0,0.0,0.0
seen_basis_reparameterization,a78e5f46945a45cb128faa82,rosen_morse_ii,truncated_line,5,0.9726072107318838,0.9726072107318838,0.9987182423036134,0.2798913178758416,0.2798913178758416,1.6779242352216173e-06,0.08349527959653077,0.08349527959653077,0.023306543804971932,1.0,1.0,1.0,0.0,0.0,0.0
seen_basis_reparameterization,a78e5f46945a45cb128faa82,rosen_morse_ii,truncated_line,6,0.9806628542566792,0.9806628542566792,0.9972126371617923,0.2798913178758416,0.2798913178758416,1.6779242352216173e-06,0.05683145535870901,0.05683145535870901,0.031121693615290782,1.0,1.0,1.0,0.0,0.0,0.0
seen_basis_reparameterization,a78e5f46945a45cb128faa82,rosen_morse_ii,truncated_line,7,0.9728427440695779,0.9728427440695779,0.9906033781586338,0.2798913178758416,0.2798913178758416,1.6779242352216173e-06,0.0736154001139603,0.0736154001139603,0.05399037368896191,1.0,1.0,1.0,0.0,0.0,0.0
seen_basis_reparameterization,a78e5f46945a45cb128faa82,rosen_morse_ii,truncated_line,8,0.9486890831959611,0.9486890831959611,0.996568500952961,0.2798913178758416,0.2798913178758416,1.6779242352216173e-06,0.095393460544917,0.095393460544917,0.05365340610661186,1.0,1.0,1.0,0.0,0.0,0.0
seen_basis_reparameterization,a78e5f46945a45cb128faa82,rosen_morse_ii,truncated_line,9,0.9465821557624419,0.9465821557624419,0.990585941506279,0.2798913178758416,0.2798913178758416,1.6779242352216173e-06,0.13038345593868034,0.13038345593868034,0.066932880265025,1.0,1.0,1.0,0.0,0.0,0.0
seen_basis_reparameterization,a78e5f46945a45cb128faa82,rosen_morse_ii,truncated_line,10,0.89301013595557,0.89301013595557,0.9844236750105639,0.2798913178758416,0.2798913178758416,1.6779242352216173e-06,0.23300744948179228,0.23300744948179228,0.13940240315211086,1.0,1.0,1.0,0.0,0.0,0.0
seen_basis_reparameterization,b386d2812f1574321b43974c,rosen_morse_ii,truncated_line,0,0.9978569373830555,0.9978569373830555,0.9999828893000594,0.25753817594119593,0.25753817594119593,1.4447769959291534e-06,0.010652191690743322,0.010652191690743322,0.0033675028433850967,1.0,1.0,1.0,0.0,0.0,0.0
seen_basis_reparameterization,b386d2812f1574321b43974c,rosen_morse_ii,truncated_line,1,0.997187559881645,0.997187559881645,0.9999773977305605,0.25753817594119593,0.25753817594119593,1.4447769959291534e-06,0.012503334498975257,0.012503334498975257,0.003096810672934311,1.0,1.0,1.0,0.0,0.0,0.0
seen_basis_reparameterization,b386d2812f1574321b43974c,rosen_morse_ii,truncated_line,2,0.9926351734063144,0.9926351734063144,0.9997656829450758,0.25753817594119593,0.25753817594119593,1.4447769959291534e-06,0.01729810945816322,0.01729810945816322,0.008302498002163925,1.0,1.0,0.0,0.0,0.0,0.0
seen_basis_reparameterization,b386d2812f1574321b43974c,rosen_morse_ii,truncated_line,3,0.9871735763046463,0.9871735763046463,0.9994745243683807,0.25753817594119593,0.25753817594119593,1.4447769959291534e-06,0.0350582810498145,0.0350582810498145,0.015139751079195756,1.0,1.0,1.0,0.0,0.0,0.0
seen_basis_reparameterization,b386d2812f1574321b43974c,rosen_morse_ii,truncated_line,4,0.983018123914136,0.983018123914136,0.9993194933267904,0.25753817594119593,0.25753817594119593,1.4447769959291534e-06,0.03898492087011923,0.03898492087011923,0.020437948915092635,1.0,1.0,1.0,0.0,0.0,0.0
seen_basis_reparameterization,b386d2812f1574321b43974c,rosen_morse_ii,truncated_line,5,0.9795417279046919,0.9795417279046919,0.9991948786928645,0.25753817594119593,0.25753817594119593,1.4447769959291534e-06,0.0706838367624137,0.0706838367624137,0.019396991807486247,1.0,1.0,1.0,0.0,0.0,0.0
seen_basis_reparameterization,b386d2812f1574321b43974c,rosen_morse_ii,truncated_line,6,0.9857190428251351,0.9857190428251351,0.9983520245123579,0.25753817594119593,0.25753817594119593,1.4447769959291534e-06,0.045858058347192726,0.045858058347192726,0.023723142764091636,1.0,1.0,1.0,0.0,0.0,0.0
seen_basis_reparameterization,b386d2812f1574321b43974c,rosen_morse_ii,truncated_line,7,0.9784664697241062,0.9784664697241062,0.9919229636083375,0.25753817594119593,0.25753817594119593,1.4447769959291534e-06,0.06137177893004418,0.06137177893004418,0.043925066216721896,1.0,1.0,1.0,0.0,0.0,0.0
seen_basis_reparameterization,b386d2812f1574321b43974c,rosen_morse_ii,truncated_line,8,0.9584920939329569,0.9584920939329569,0.9970903689411879,0.25753817594119593,0.25753817594119593,1.4447769959291534e-06,0.07383925370419848,0.07383925370419848,0.04259676920839615,1.0,1.0,1.0,0.0,0.0,0.0
seen_basis_reparameterization,b386d2812f1574321b43974c,rosen_morse_ii,truncated_line,9,0.9552518841533557,0.9552518841533557,0.9915640290191472,0.25753817594119593,0.25753817594119593,1.4447769959291534e-06,0.09786601773854618,0.09786601773854618,0.0532244487118567,1.0,1.0,1.0,0.0,0.0,0.0
seen_basis_reparameterization,b386d2812f1574321b43974c,rosen_morse_ii,truncated_line,10,0.9107591777325507,0.9107591777325507,0.9860347297840264,0.25753817594119593,0.25753817594119593,1.4447769959291534e-06,0.1839748930575188,0.1839748930575188,0.1071041910729771,1.0,1.0,1.0,0.0,0.0,0.0
seen_basis_reparameterization,d68b1604c7dd257e6d95f211,rosen_morse_ii,truncated_line,0,0.9980737312205086,0.9980737312205086,0.9999850705444104,0.24838182092964584,0.24838182092964584,1.8872852743934132e-06,0.009667593354866728,0.009667593354866728,0.0031712252261967,1.0,1.0,1.0,0.0,0.0,0.0
seen_basis_reparameterization,d68b1604c7dd257e6d95f211,rosen_morse_ii,truncated_line,1,0.9975837143121927,0.9975837143121927,0.9999846898914974,0.24838182092964584,0.24838182092964584,1.8872852743934132e-06,0.011198093347905481,0.011198093347905481,0.0026931362446037605,1.0,1.0,1.0,0.0,0.0,0.0
seen_basis_reparameterization,d68b1604c7dd257e6d95f211,rosen_morse_ii,truncated_line,2,0.9930090671096754,0.9930090671096754,0.999742913065083,0.24838182092964584,0.24838182092964584,1.8872852743934132e-06,0.016609028237473098,0.016609028237473098,0.00836697055667204,1.0,1.0,0.0,0.0,0.0,0.0
seen_basis_reparameterization,d68b1604c7dd257e6d95f211,rosen_morse_ii,truncated_line,3,0.9883883145077403,0.9883883145077403,0.9993930201065144,0.24838182092964584,0.24838182092964584,1.8872852743934132e-06,0.032600650197683795,0.032600650197683795,0.015535662942530481,1.0,1.0,1.0,0.0,0.0,0.0
seen_basis_reparameterization,d68b1604c7dd257e6d95f211,rosen_morse_ii,truncated_line,4,0.9848850431197429,0.9848850431197429,0.9992694113371645,0.24838182092964584,0.24838182092964584,1.8872852743934132e-06,0.03579267061849737,0.03579267061849737,0.019866059911200957,1.0,1.0,1.0,0.0,0.0,0.0
seen_basis_reparameterization,d68b1604c7dd257e6d95f211,rosen_morse_ii,truncated_line,5,0.9819067591391141,0.9819067591391141,0.9993153133302068,0.24838182092964584,0.24838182092964584,1.8872852743934132e-06,0.06569327983953734,0.06569327983953734,0.01816624304131835,1.0,1.0,1.0,0.0,0.0,0.0
seen_basis_reparameterization,d68b1604c7dd257e6d95f211,rosen_morse_ii,truncated_line,6,0.9874420282026164,0.9874420282026164,0.9987080428603521,0.24838182092964584,0.24838182092964584,1.8872852743934132e-06,0.041826101763183986,0.041826101763183986,0.021195326249889627,1.0,1.0,1.0,0.0,0.0,0.0
seen_basis_reparameterization,d68b1604c7dd257e6d95f211,rosen_morse_ii,truncated_line,7,0.9804937100686006,0.9804937100686006,0.9924107185282354,0.24838182092964584,0.24838182092964584,1.8872852743934132e-06,0.05687919142309637,0.05687919142309637,0.04030372399167774,1.0,1.0,1.0,0.0,0.0,0.0
seen_basis_reparameterization,d68b1604c7dd257e6d95f211,rosen_morse_ii,truncated_line,8,0.9623942353615751,0.9623942353615751,0.9973027388829634,0.24838182092964584,0.24838182092964584,1.8872852743934132e-06,0.06623542887006421,0.06623542887006421,0.038608890773852045,1.0,1.0,1.0,0.0,0.0,0.0
seen_basis_reparameterization,d68b1604c7dd257e6d95f211,rosen_morse_ii,truncated_line,9,0.9585968210078567,0.9585968210078567,0.9918618048844162,0.24838182092964584,0.24838182092964584,1.8872852743934132e-06,0.0870362201808385,0.0870362201808385,0.04867290743253015,1.0,1.0,1.0,0.0,0.0,0.0
seen_basis_reparameterization,d68b1604c7dd257e6d95f211,rosen_morse_ii,truncated_line,10,0.9177928369862398,0.9177928369862398,0.9865341911460961,0.24838182092964584,0.24838182092964584,1.8872852743934132e-06,0.1662625147017519,0.1662625147017519,0.09592497845365847,1.0,1.0,1.0,0.0,0.0,0.0
seen_basis_reparameterization,ed8856c693412156c6960110,rosen_morse_ii,truncated_line,0,0.9968281763600425,0.9968281763600425,0.9999693930275174,0.27627967621205135,0.27627967621205135,1.7855438120273348e-06,0.013610666376267906,0.013610666376267906,0.003933165796931662,1.0,1.0,1.0,0.0,0.0,0.0
seen_basis_reparameterization,ed8856c693412156c6960110,rosen_morse_ii,truncated_line,1,0.9962345988672486,0.9962345988672486,0.999929034674092,0.27627967621205135,0.27627967621205135,1.7855438120273348e-06,0.01656240684770159,0.01656240684770159,0.004972095436038089,1.0,1.0,0.0,0.0,0.0,0.0
seen_basis_reparameterization,ed8856c693412156c6960110,rosen_morse_ii,truncated_line,2,0.9912306407576144,0.9912306407576144,0.9998174627010936,0.27627967621205135,0.27627967621205135,1.7855438120273348e-06,0.01989369895569069,0.01989369895569069,0.008026838831377586,1.0,1.0,0.0,0.0,0.0,0.0
seen_basis_reparameterization,ed8856c693412156c6960110,rosen_morse_ii,truncated_line,3,0.9834255020726184,0.9834255020726184,0.9996130607052277,0.27627967621205135,0.27627967621205135,1.7855438120273348e-06,0.04151244644505096,0.04151244644505096,0.014332001790131416,1.0,1.0,0.0,0.0,0.0,0.0
seen_basis_reparameterization,ed8856c693412156c6960110,rosen_morse_ii,truncated_line,4,0.9779418049080628,0.9779418049080628,0.9994123558973254,0.27627967621205135,0.27627967621205135,1.7855438120273348e-06,0.04689030513949807,0.04689030513949807,0.021664006987969477,1.0,1.0,0.0,0.0,0.0,0.0
seen_basis_reparameterization,ed8856c693412156c6960110,rosen_morse_ii,truncated_line,5,0.9734158570439467,0.9734158570439467,0.9987876295598767,0.27627967621205135,0.27627967621205135,1.7855438120273348e-06,0.08167000245943931,0.08167000245943931,0.022815733860311934,1.0,1.0,1.0,0.0,0.0,0.0
seen_basis_reparameterization,ed8856c693412156c6960110,rosen_morse_ii,truncated_line,6,0.9812696198103383,0.9812696198103383,0.9973840768031179,0.27627967621205135,0.27627967621205135,1.7855438120273348e-06,0.05534506862221228,0.05534506862221228,0.03001425646992016,1.0,1.0,1.0,0.0,0.0,0.0
seen_basis_reparameterization,ed8856c693412156c6960110,rosen_morse_ii,truncated_line,7,0.9735909137112256,0.9735909137112256,0.9907136247125746,0.27627967621205135,0.27627967621205135,1.7855438120273348e-06,0.07180115772126248,0.07180115772126248,0.05259678901499268,1.0,1.0,1.0,0.0,0.0,0.0
seen_basis_reparameterization,ed8856c693412156c6960110,rosen_morse_ii,truncated_line,8,0.9505288093066006,0.9505288093066006,0.9966505273599051,0.27627967621205135,0.27627967621205135,1.7855438120273348e-06,0.09195689045427004,0.09195689045427004,0.05194603706554688,1.0,1.0,1.0,0.0,0.0,0.0
seen_basis_reparameterization,ed8856c693412156c6960110,rosen_morse_ii,truncated_line,9,0.9482040524031653,0.9482040524031653,0.9906610122465873,0.27627967621205135,0.27627967621205135,1.7855438120273348e-06,0.12569345043995495,0.12569345043995495,0.06504413699015682,1.0,1.0,1.0,0.0,0.0,0.0
seen_basis_reparameterization,ed8856c693412156c6960110,rosen_morse_ii,truncated_line,10,0.8962776229880982,0.8962776229880982,0.9847725342603367,0.27627967621205135,0.27627967621205135,1.7855438120273348e-06,0.22566695485816557,0.22566695485816557,0.13360925667633086,1.0,1.0,1.0,0.0,0.0,0.0
seen_basis_reparameterization,f9521bec513820496e8a73af,rosen_morse_ii,truncated_line,0,0.9944239131996057,0.9944239131996057,0.9999320592970924,0.3013213428314931,0.3013213428314931,1.5228674422607114e-06,0.018695563132658945,0.018695563132658945,0.0055014141543916805,1.0,1.0,0.0,0.0,0.0,0.0
seen_basis_reparameterization,f9521bec513820496e8a73af,rosen_morse_ii,truncated_line,1,0.9939633671992741,0.9939633671992741,0.9997497504600478,0.3013213428314931,0.3013213428314931,1.5228674422607114e-06,0.023701941989268664,0.023701941989268664,0.009151898100392327,1.0,1.0,0.0,0.0,0.0,0.0
seen_basis_reparameterization,f9521bec513820496e8a73af,rosen_morse_ii,truncated_line,2,0.9870306139504802,0.9870306139504802,0.9998713491577967,0.3013213428314931,0.3013213428314931,1.5228674422607114e-06,0.02596163706588311,0.02596163706588311,0.007831802581949944,1.0,1.0,0.0,0.0,0.0,0.0
seen_basis_reparameterization,f9521bec513820496e8a73af,rosen_morse_ii,truncated_line,3,0.9750162997183536,0.9750162997183536,0.9996941217050207,0.3013213428314931,0.3013213428314931,1.5228674422607114e-06,0.05247590282860883,0.05247590282860883,0.01363488799577121,1.0,1.0,0.0,0.0,0.0,0.0
seen_basis_reparameterization,f9521bec513820496e8a73af,rosen_morse_ii,truncated_line,4,0.9680723118173102,0.9680723118173102,0.9994433144485578,0.3013213428314931,0.3013213428314931,1.5228674422607114e-06,0.05959816133750311,0.05959816133750311,0.023406367131676042,1.0,1.0,0.0,0.0,0.0,0.0
seen_basis_reparameterization,f9521bec513820496e8a73af,rosen_morse_ii,truncated_line,5,0.961911978993682,0.961911978993682,0.9978915923825262,0.3013213428314931,0.3013213428314931,1.5228674422607114e-06,0.0982951871928615,0.0982951871928615,0.028534288600646454,1.0,1.0,1.0,0.0,0.0,0.0
seen_basis_reparameterization,f9521bec513820496e8a73af,rosen_morse_ii,truncated_line,6,0.9727374217169514,0.9727374217169514,0.9954817438596011,0.3013213428314931,0.3013213428314931,1.5228674422607114e-06,0.0710789476333353,0.0710789476333353,0.04047624017807339,1.0,1.0,1.0,0.0,0.0,0.0
seen_basis_reparameterization,f9521bec513820496e8a73af,rosen_morse_ii,truncated_line,7,0.9646622636887485,0.9646622636887485,0.9885874769283508,0.3013213428314931,0.3013213428314931,1.5228674422607114e-06,0.08999593859863846,0.08999593859863846,0.06615918221886564,1.0,1.0,1.0,0.0,0.0,0.0
seen_basis_reparameterization,f9521bec513820496e8a73af,rosen_morse_ii,truncated_line,8,0.9366639683796034,0.9366639683796034,0.9957903602327026,0.3013213428314931,0.3013213428314931,1.5228674422607114e-06,0.12058895891019913,0.12058895891019913,0.06678804983327304,1.0,1.0,1.0,0.0,0.0,0.0
seen_basis_reparameterization,f9521bec513820496e8a73af,rosen_morse_ii,truncated_line,9,0.936662143760408,0.936662143760408,0.9899114109888005,0.3013213428314931,0.3013213428314931,1.5228674422607114e-06,0.1670606249239746,0.1670606249239746,0.08360857460511009,1.0,1.0,1.0,0.0,0.0,0.0
seen_basis_reparameterization,f9521bec513820496e8a73af,rosen_morse_ii,truncated_line,10,0.8732626202783873,0.8732626202783873,0.9832268533358867,0.3013213428314931,0.3013213428314931,1.5228674422607114e-06,0.2835145653175581,0.2835145653175581,0.17720341761778394,1.0,1.0,1.0,0.0,0.0,0.0
single_parameter_extrapolation,78f27c1747f6bb72bb8c7c86,harmonic,truncated_line,0,0.9959972640734733,0.9959972640734733,0.9999897120588086,0.09073350969792841,0.09073350969792841,1.3398574398859608e-06,0.1529559163453255,0.1529559163453255,0.05400703566093288,1.0,1.0,1.0,0.0,0.0,0.0
single_parameter_extrapolation,78f27c1747f6bb72bb8c7c86,harmonic,truncated_line,1,0.9942102957912577,0.9942102957912577,0.9999559708168023,0.09073350969792841,0.09073350969792841,1.3398574398859608e-06,0.07532737192146109,0.07532737192146109,0.029283071270481235,1.0,1.0,0.0,0.0,0.0,0.0
single_parameter_extrapolation,78f27c1747f6bb72bb8c7c86,harmonic,truncated_line,2,0.9854926461740446,0.9854926461740446,0.9999431091265281,0.09073350969792841,0.09073350969792841,1.3398574398859608e-06,0.05972753521264652,0.05972753521264652,0.020271380385940594,1.0,1.0,1.0,0.0,0.0,0.0
single_parameter_extrapolation,78f27c1747f6bb72bb8c7c86,harmonic,truncated_line,3,0.9973823565366431,0.9973823565366431,0.9997400847764225,0.09073350969792841,0.09073350969792841,1.3398574398859608e-06,0.03893947074531693,0.03893947074531693,0.02596393961164976,1.0,1.0,1.0,0.0,0.0,0.0
single_parameter_extrapolation,78f27c1747f6bb72bb8c7c86,harmonic,truncated_line,4,0.9977659702484916,0.9977659702484916,0.9997458646695353,0.09073350969792841,0.09073350969792841,1.3398574398859608e-06,0.0318140893939892,0.0318140893939892,0.022494560432546582,1.0,1.0,1.0,0.0,0.0,0.0
single_parameter_extrapolation,78f27c1747f6bb72bb8c7c86,harmonic,truncated_line,5,0.9975690163419327,0.9975690163419327,0.9982293136009278,0.09073350969792841,0.09073350969792841,1.3398574398859608e-06,0.038536394871104336,0.038536394871104336,0.03194059878848888,1.0,1.0,1.0,0.0,0.0,0.0
single_parameter_extrapolation,78f27c1747f6bb72bb8c7c86,harmonic,truncated_line,6,0.9975066342787605,0.9975066342787605,0.9988429440853024,0.09073350969792841,0.09073350969792841,1.3398574398859608e-06,0.02716438325305226,0.02716438325305226,0.026211497493317314,1.0,1.0,1.0,0.0,0.0,0.0
single_parameter_extrapolation,78f27c1747f6bb72bb8c7c86,harmonic,truncated_line,7,0.9962026360946349,0.9962026360946349,0.9975740709428554,0.09073350969792841,0.09073350969792841,1.3398574398859608e-06,0.02854691484278831,0.02854691484278831,0.02837655597419421,1.0,1.0,1.0,0.0,0.0,0.0
single_parameter_extrapolation,78f27c1747f6bb72bb8c7c86,harmonic,truncated_line,8,0.995135936241725,0.995135936241725,0.999204012281786,0.09073350969792841,0.09073350969792841,1.3398574398859608e-06,0.03271667321652648,0.03271667321652648,0.03223233082647797,1.0,1.0,1.0,0.0,0.0,0.0
single_parameter_extrapolation,78f27c1747f6bb72bb8c7c86,harmonic,truncated_line,9,0.995701615022067,0.995701615022067,0.998167238930729,0.09073350969792841,0.09073350969792841,1.3398574398859608e-06,0.03195881040303227,0.03195881040303227,0.03127604140737988,1.0,1.0,1.0,0.0,0.0,0.0
single_parameter_extrapolation,78f27c1747f6bb72bb8c7c86,harmonic,truncated_line,10,0.9931399643578099,0.9931399643578099,0.99426803209589,0.09073350969792841,0.09073350969792841,1.3398574398859608e-06,0.03926352021938834,0.03926352021938834,0.027865086896899628,1.0,1.0,1.0,0.0,0.0,0.0
single_parameter_extrapolation,97483de7a31c4aa31e1b1b6c,morse,truncated_line,0,0.961077536269215,0.961077536269215,0.9999077474979622,0.12313158952909162,0.12313158952909162,1.2845329073751799e-06,0.3630433482562113,0.3630433482562113,0.13480137645821422,1.0,1.0,0.0,0.0,0.0,0.0
single_parameter_extrapolation,97483de7a31c4aa31e1b1b6c,morse,truncated_line,1,0.946858683905059,0.946858683905059,0.9997362048422461,0.12313158952909162,0.12313158952909162,1.2845329073751799e-06,0.16538763956533947,0.16538763956533947,0.07400101968081348,1.0,1.0,1.0,0.0,0.0,0.0
single_parameter_extrapolation,97483de7a31c4aa31e1b1b6c,morse,truncated_line,2,0.9464042927743505,0.9464042927743505,0.9997228039830881,0.12313158952909162,0.12313158952909162,1.2845329073751799e-06,0.103505056731478,0.103505056731478,0.055622844910035656,1.0,1.0,0.0,0.0,0.0,0.0
single_parameter_extrapolation,97483de7a31c4aa31e1b1b6c,morse,truncated_line,3,0.978244364333676,0.978244364333676,0.9996188994838295,0.12313158952909162,0.12313158952909162,1.2845329073751799e-06,0.0628829666901411,0.0628829666901411,0.04192668318762085,1.0,1.0,0.0,0.0,0.0,0.0
single_parameter_extrapolation,97483de7a31c4aa31e1b1b6c,morse,truncated_line,4,0.9830975859995735,0.9830975859995735,0.9985013890471004,0.12313158952909162,0.12313158952909162,1.2845329073751799e-06,0.051993880197121235,0.051993880197121235,0.03960725339015015,1.0,1.0,1.0,0.0,0.0,0.0
single_parameter_extrapolation,97483de7a31c4aa31e1b1b6c,morse,truncated_line,5,0.992667713130496,0.992667713130496,0.9971033541951626,0.12313158952909162,0.12313158952909162,1.2845329073751799e-06,0.04096023183886573,0.04096023183886573,0.03757073858633471,1.0,1.0,1.0,0.0,0.0,0.0
single_parameter_extrapolation,97483de7a31c4aa31e1b1b6c,morse,truncated_line,6,0.9902379617366118,0.9902379617366118,0.9965184029890317,0.12313158952909162,0.12313158952909162,1.2845329073751799e-06,0.05547226290510351,0.05547226290510351,0.03219672990130938,1.0,1.0,1.0,0.0,0.0,0.0
single_parameter_extrapolation,97483de7a31c4aa31e1b1b6c,morse,truncated_line,7,0.9857929668528874,0.9857929668528874,0.9956633324909231,0.12313158952909162,0.12313158952909162,1.2845329073751799e-06,0.04853043774941596,0.04853043774941596,0.029097937147075856,1.0,1.0,1.0,0.0,0.0,0.0
single_parameter_extrapolation,97483de7a31c4aa31e1b1b6c,morse,truncated_line,8,0.9726540883028699,0.9726540883028699,0.9968351529988332,0.12313158952909162,0.12313158952909162,1.2845329073751799e-06,0.04870671949376856,0.04870671949376856,0.02174701382455817,1.0,1.0,1.0,0.0,0.0,0.0
single_parameter_extrapolation,97483de7a31c4aa31e1b1b6c,morse,truncated_line,9,0.971407108256726,0.971407108256726,0.9970037352866059,0.12313158952909162,0.12313158952909162,1.2845329073751799e-06,0.03259734081590178,0.03259734081590178,0.02184017805540748,1.0,1.0,1.0,0.0,0.0,0.0
single_parameter_extrapolation,97483de7a31c4aa31e1b1b6c,morse,truncated_line,10,0.9682539957677699,0.9682539957677699,0.9958058770983679,0.12313158952909162,0.12313158952909162,1.2845329073751799e-06,0.2528148131991647,0.2528148131991647,0.020895056212774103,1.0,1.0,1.0,0.0,0.0,0.0
unseen_analytical_functional_forms,061bba719e04aadd81f16a65,cosh_well,truncated_line,0,0.9986722768875413,0.9986722768875413,0.9999875504080364,0.09473698856782267,0.09473698856782267,1.6830839374426532e-06,0.17128507410427968,0.17128507410427968,0.06251266481325214,1.0,1.0,0.0,0.0,0.0,0.0
unseen_analytical_functional_forms,061bba719e04aadd81f16a65,cosh_well,truncated_line,1,0.9919539618414873,0.9919539618414873,0.9999393176105478,0.09473698856782267,0.09473698856782267,1.6830839374426532e-06,0.09548874420002432,0.09548874420002432,0.039653354467866296,1.0,1.0,0.0,0.0,0.0,0.0
unseen_analytical_functional_forms,061bba719e04aadd81f16a65,cosh_well,truncated_line,2,0.9688660418278549,0.9688660418278549,0.999777225428136,0.09473698856782267,0.09473698856782267,1.6830839374426532e-06,0.09201828418642585,0.09201828418642585,0.03940709065531762,1.0,1.0,1.0,0.0,0.0,0.0
unseen_analytical_functional_forms,061bba719e04aadd81f16a65,cosh_well,truncated_line,3,0.9852273322506909,0.9852273322506909,0.9997887474422348,0.09473698856782267,0.09473698856782267,1.6830839374426532e-06,0.06069066630372644,0.06069066630372644,0.030709339846528988,1.0,1.0,1.0,0.0,0.0,0.0
unseen_analytical_functional_forms,061bba719e04aadd81f16a65,cosh_well,truncated_line,4,0.9886857300060475,0.9886857300060475,0.9998190561727585,0.09473698856782267,0.09473698856782267,1.6830839374426532e-06,0.045059286972307315,0.045059286972307315,0.024233721368535997,1.0,1.0,1.0,0.0,0.0,0.0
unseen_analytical_functional_forms,061bba719e04aadd81f16a65,cosh_well,truncated_line,5,0.9914063207575513,0.9914063207575513,0.9979676249866932,0.09473698856782267,0.09473698856782267,1.6830839374426532e-06,0.044903958948942495,0.044903958948942495,0.03683702617584709,1.0,1.0,1.0,0.0,0.0,0.0
unseen_analytical_functional_forms,061bba719e04aadd81f16a65,cosh_well,truncated_line,6,0.9936079603476643,0.9936079603476643,0.9985415917091104,0.09473698856782267,0.09473698856782267,1.6830839374426532e-06,0.02989921110321663,0.02989921110321663,0.025807869507050784,1.0,1.0,1.0,0.0,0.0,0.0
unseen_analytical_functional_forms,061bba719e04aadd81f16a65,cosh_well,truncated_line,7,0.994464807707494,0.994464807707494,0.9973299716580382,0.09473698856782267,0.09473698856782267,1.6830839374426532e-06,0.024966014128202086,0.024966014128202086,0.0206106349509668,1.0,1.0,1.0,0.0,0.0,0.0
unseen_analytical_functional_forms,061bba719e04aadd81f16a65,cosh_well,truncated_line,8,0.9956133173340873,0.9956133173340873,0.9988429204446616,0.09473698856782267,0.09473698856782267,1.6830839374426532e-06,0.018495606655151393,0.018495606655151393,0.01570822462236163,1.0,1.0,1.0,0.0,0.0,0.0
unseen_analytical_functional_forms,061bba719e04aadd81f16a65,cosh_well,truncated_line,9,0.9904644811943325,0.9904644811943325,0.9982110782892943,0.09473698856782267,0.09473698856782267,1.6830839374426532e-06,0.03853094693080704,0.03853094693080704,0.018699597403132588,1.0,1.0,1.0,0.0,0.0,0.0
unseen_analytical_functional_forms,061bba719e04aadd81f16a65,cosh_well,truncated_line,10,0.9902102633249151,0.9902102633249151,0.9976902694536711,0.09473698856782267,0.09473698856782267,1.6830839374426532e-06,0.023037511569053155,0.023037511569053155,0.018891671891801673,1.0,1.0,1.0,0.0,0.0,0.0
unseen_analytical_functional_forms,06c55e5feda6dc0a61e8149e,eckart,half_line,0,0.049346784665676595,0.049346784665676595,0.5836629334019379,0.9754325828676104,0.9754325828676104,0.40847519200938454,0.24834060842627625,0.24834060842627625,0.579775478050345,1.0,1.0,0.0,0.0,0.0,0.0
unseen_analytical_functional_forms,06c55e5feda6dc0a61e8149e,eckart,half_line,1,0.3410019124047703,0.3410019124047703,0.28779836159220323,0.9754325828676104,0.9754325828676104,0.40847519200938454,0.43530570240726285,0.43530570240726285,0.7037978622615191,1.0,1.0,0.0,0.0,0.0,0.0
unseen_analytical_functional_forms,06c55e5feda6dc0a61e8149e,eckart,half_line,2,0.0661706725236414,0.0661706725236414,0.13724531779424304,0.9754325828676104,0.9754325828676104,0.40847519200938454,0.6678678452412594,0.6678678452412594,0.6154651386778688,0.0,0.0,0.0,0.0,0.0,0.0
unseen_analytical_functional_forms,06c55e5feda6dc0a61e8149e,eckart,half_line,3,0.26005854472996837,0.26005854472996837,0.058421758596015325,0.9754325828676104,0.9754325828676104,0.40847519200938454,0.8104540186299731,0.8104540186299731,0.6279716324745144,1.0,1.0,0.0,0.0,0.0,0.0
unseen_analytical_functional_forms,06c55e5feda6dc0a61e8149e,eckart,half_line,4,0.06341058468500713,0.06341058468500713,0.010833652782813933,0.9754325828676104,0.9754325828676104,0.40847519200938454,0.852930300249666,0.852930300249666,0.7682726279378055,1.0,1.0,0.0,0.0,0.0,0.0
unseen_analytical_functional_forms,06c55e5feda6dc0a61e8149e,eckart,half_line,5,0.027943084786941758,0.027943084786941758,0.0035839544869038184,0.9754325828676104,0.9754325828676104,0.40847519200938454,0.8480590325059866,0.8480590325059866,0.5059135723058885,1.0,1.0,0.0,0.0,0.0,0.0
unseen_analytical_functional_forms,06c55e5feda6dc0a61e8149e,eckart,half_line,6,0.18243444599480935,0.18243444599480935,0.00026197369248799363,0.9754325828676104,0.9754325828676104,0.40847519200938454,0.8673484789457142,0.8673484789457142,0.6885902397436593,1.0,1.0,0.0,0.0,0.0,0.0
unseen_analytical_functional_forms,06c55e5feda6dc0a61e8149e,eckart,half_line,7,0.061286480157863595,0.061286480157863595,0.005675193324499653,0.9754325828676104,0.9754325828676104,0.40847519200938454,0.8552702967035152,0.8552702967035152,0.7992720256873747,1.0,1.0,0.0,0.0,0.0,0.0
unseen_analytical_functional_forms,06c55e5feda6dc0a61e8149e,eckart,half_line,8,0.0012882165389472614,0.0012882165389472614,0.005724881554448801,0.9754325828676104,0.9754325828676104,0.40847519200938454,0.9475707140780147,0.9475707140780147,0.8781887375251151,1.0,1.0,0.0,0.0,0.0,0.0
unseen_analytical_functional_forms,06c55e5feda6dc0a61e8149e,eckart,half_line,9,0.07622001425281487,0.07622001425281487,0.0035490472793469744,0.9754325828676104,0.9754325828676104,0.40847519200938454,0.9221930698926951,0.9221930698926951,0.9417915736066069,1.0,1.0,0.0,0.0,0.0,0.0
unseen_analytical_functional_forms,06c55e5feda6dc0a61e8149e,eckart,half_line,10,0.11261532917719388,0.11261532917719388,0.003195053634434604,0.9754325828676104,0.9754325828676104,0.40847519200938454,0.9691551631042004,0.9691551631042004,0.9478002176690227,1.0,1.0,0.0,0.0,0.0,0.0
unseen_analytical_functional_forms,08b9b10d488b7868540bcc75,scarf_ii,truncated_line,0,0.9938720610220866,0.9938720610220866,0.9999421843951585,0.2896786355848412,0.2896786355848412,1.4580807669029028e-06,0.016924793035707892,0.016924793035707892,0.0051169310073024355,1.0,1.0,0.0,0.0,0.0,0.0
unseen_analytical_functional_forms,08b9b10d488b7868540bcc75,scarf_ii,truncated_line,1,0.9933584889324182,0.9933584889324182,0.9998541666715745,0.2896786355848412,0.2896786355848412,1.4580807669029028e-06,0.021327312049798697,0.021327312049798697,0.0071500795198075374,1.0,1.0,0.0,0.0,0.0,0.0
unseen_analytical_functional_forms,08b9b10d488b7868540bcc75,scarf_ii,truncated_line,2,0.9886970026638792,0.9886970026638792,0.999859171064422,0.2896786355848412,0.2896786355848412,1.4580807669029028e-06,0.023487510151883766,0.023487510151883766,0.007724760182359607,1.0,1.0,0.0,0.0,0.0,0.0
unseen_analytical_functional_forms,08b9b10d488b7868540bcc75,scarf_ii,truncated_line,3,0.9799869825027145,0.9799869825027145,0.9996830198977683,0.2896786355848412,0.2896786355848412,1.4580807669029028e-06,0.045367856105715566,0.045367856105715566,0.014210748219133377,1.0,1.0,0.0,0.0,0.0,0.0
unseen_analytical_functional_forms,08b9b10d488b7868540bcc75,scarf_ii,truncated_line,4,0.9742212145405984,0.9742212145405984,0.99941595902172,0.2896786355848412,0.2896786355848412,1.4580807669029028e-06,0.05509142111852908,0.05509142111852908,0.022512168101750833,1.0,1.0,0.0,0.0,0.0,0.0
unseen_analytical_functional_forms,08b9b10d488b7868540bcc75,scarf_ii,truncated_line,5,0.9667676933601683,0.9667676933601683,0.9984533218578416,0.2896786355848412,0.2896786355848412,1.4580807669029028e-06,0.08953627686911263,0.08953627686911263,0.025864886655770015,1.0,1.0,1.0,0.0,0.0,0.0
unseen_analytical_functional_forms,08b9b10d488b7868540bcc75,scarf_ii,truncated_line,6,0.9771840653035804,0.9771840653035804,0.9964472506958284,0.2896786355848412,0.2896786355848412,1.4580807669029028e-06,0.06488649387284201,0.06488649387284201,0.03536332743397495,1.0,1.0,1.0,0.0,0.0,0.0
unseen_analytical_functional_forms,08b9b10d488b7868540bcc75,scarf_ii,truncated_line,7,0.968650075077696,0.968650075077696,0.989349003318203,0.2896786355848412,0.2896786355848412,1.4580807669029028e-06,0.08329424013207272,0.08329424013207272,0.06067464370074281,1.0,1.0,1.0,0.0,0.0,0.0
unseen_analytical_functional_forms,08b9b10d488b7868540bcc75,scarf_ii,truncated_line,8,0.9434135357338067,0.9434135357338067,0.9962133303699778,0.2896786355848412,0.2896786355848412,1.4580807669029028e-06,0.10628134727742662,0.10628134727742662,0.059776320977582405,1.0,1.0,1.0,0.0,0.0,0.0
unseen_analytical_functional_forms,08b9b10d488b7868540bcc75,scarf_ii,truncated_line,9,0.941828034881348,0.941828034881348,0.9898769771368696,0.2896786355848412,0.2896786355848412,1.4580807669029028e-06,0.1483011807055316,0.1483011807055316,0.07982167100046679,1.0,1.0,1.0,0.0,0.0,0.0
unseen_analytical_functional_forms,08b9b10d488b7868540bcc75,scarf_ii,truncated_line,10,0.8844189211830064,0.8844189211830064,0.9842016221346864,0.2896786355848412,0.2896786355848412,1.4580807669029028e-06,0.2526663359988848,0.2526663359988848,0.15271233262863299,1.0,1.0,1.0,0.0,0.0,0.0
unseen_analytical_functional_forms,115afa0e53c0aa4b0d1719ae,cosh_well,truncated_line,0,0.9986980045220555,0.9986980045220555,0.9999884961202964,0.09364263544789725,0.09364263544789725,1.4274610441455948e-06,0.1676837595219605,0.1676837595219605,0.062197368846792785,1.0,1.0,0.0,0.0,0.0,0.0
unseen_analytical_functional_forms,115afa0e53c0aa4b0d1719ae,cosh_well,truncated_line,1,0.9920698834535003,0.9920698834535003,0.9999404701475004,0.09364263544789725,0.09364263544789725,1.4274610441455948e-06,0.09437549788706907,0.09437549788706907,0.03915080460042361,1.0,1.0,0.0,0.0,0.0,0.0
unseen_analytical_functional_forms,115afa0e53c0aa4b0d1719ae,cosh_well,truncated_line,2,0.969078716219949,0.969078716219949,0.9997786992327032,0.09364263544789725,0.09364263544789725,1.4274610441455948e-06,0.09159861968356076,0.09159861968356076,0.03908769457205816,1.0,1.0,1.0,0.0,0.0,0.0
unseen_analytical_functional_forms,115afa0e53c0aa4b0d1719ae,cosh_well,truncated_line,3,0.9853112794299874,0.9853112794299874,0.9997850193189667,0.09364263544789725,0.09364263544789725,1.4274610441455948e-06,0.06039608808597753,0.06039608808597753,0.030546323285977357,1.0,1.0,1.0,0.0,0.0,0.0
unseen_analytical_functional_forms,115afa0e53c0aa4b0d1719ae,cosh_well,truncated_line,4,0.9886815509904162,0.9886815509904162,0.9998204660269171,0.09364263544789725,0.09364263544789725,1.4274610441455948e-06,0.04483131888295151,0.04483131888295151,0.024016667035232832,1.0,1.0,1.0,0.0,0.0,0.0
unseen_analytical_functional_forms,115afa0e53c0aa4b0d1719ae,cosh_well,truncated_line,5,0.991375293290982,0.991375293290982,0.9979639192306574,0.09364263544789725,0.09364263544789725,1.4274610441455948e-06,0.04492439249600541,0.04492439249600541,0.03665440424705146,1.0,1.0,1.0,0.0,0.0,0.0
unseen_analytical_functional_forms,115afa0e53c0aa4b0d1719ae,cosh_well,truncated_line,6,0.993575975474131,0.993575975474131,0.998547786217302,0.09364263544789725,0.09364263544789725,1.4274610441455948e-06,0.029785989972766973,0.029785989972766973,0.025653200917761125,1.0,1.0,1.0,0.0,0.0,0.0
unseen_analytical_functional_forms,115afa0e53c0aa4b0d1719ae,cosh_well,truncated_line,7,0.9944081390306913,0.9944081390306913,0.9972962326752504,0.09364263544789725,0.09364263544789725,1.4274610441455948e-06,0.025044315006074593,0.025044315006074593,0.020517606558466548,1.0,1.0,1.0,0.0,0.0,0.0
unseen_analytical_functional_forms,115afa0e53c0aa4b0d1719ae,cosh_well,truncated_line,8,0.9955240249136176,0.9955240249136176,0.9988340959566799,0.09364263544789725,0.09364263544789725,1.4274610441455948e-06,0.01840447426273224,0.01840447426273224,0.015513563665946207,1.0,1.0,1.0,0.0,0.0,0.0
unseen_analytical_functional_forms,115afa0e53c0aa4b0d1719ae,cosh_well,truncated_line,9,0.9903670505006125,0.9903670505006125,0.998218169224215,0.09364263544789725,0.09364263544789725,1.4274610441455948e-06,0.037886527621989886,0.037886527621989886,0.018463303749386817,1.0,1.0,1.0,0.0,0.0,0.0
unseen_analytical_functional_forms,115afa0e53c0aa4b0d1719ae,cosh_well,truncated_line,10,0.9900264824492522,0.9900264824492522,0.9976406012193232,0.09364263544789725,0.09364263544789725,1.4274610441455948e-06,0.02250901773478643,0.02250901773478643,0.018606644888632895,1.0,1.0,1.0,0.0,0.0,0.0
unseen_analytical_functional_forms,1235ab36300fbf4e26237594,scarf_ii,truncated_line,0,0.9942460900303138,0.9942460900303138,0.9999606443979482,0.27252349717194496,0.27252349717194496,1.6730690214350474e-06,0.014351490096075658,0.014351490096075658,0.0043344741135027025,1.0,1.0,1.0,0.0,0.0,0.0
unseen_analytical_functional_forms,1235ab36300fbf4e26237594,scarf_ii,truncated_line,1,0.9937545101496423,0.9937545101496423,0.999938589756182,0.27252349717194496,0.27252349717194496,1.6730690214350474e-06,0.017701433774259,0.017701433774259,0.004860151382406157,1.0,1.0,1.0,0.0,0.0,0.0
unseen_analytical_functional_forms,1235ab36300fbf4e26237594,scarf_ii,truncated_line,2,0.9904043709229426,0.9904043709229426,0.9998234566202234,0.27252349717194496,0.27252349717194496,1.6730690214350474e-06,0.02022572446461203,0.02022572446461203,0.008022596824570703,1.0,1.0,0.0,0.0,0.0,0.0
unseen_analytical_functional_forms,1235ab36300fbf4e26237594,scarf_ii,truncated_line,3,0.9844334379887193,0.9844334379887193,0.999609047646496,0.27252349717194496,0.27252349717194496,1.6730690214350474e-06,0.03810455826345522,0.03810455826345522,0.014795447592565987,1.0,1.0,0.0,0.0,0.0,0.0
unseen_analytical_functional_forms,1235ab36300fbf4e26237594,scarf_ii,truncated_line,4,0.9797404786897083,0.9797404786897083,0.9993741551240547,0.27252349717194496,0.27252349717194496,1.6730690214350474e-06,0.04784120393356858,0.04784120393356858,0.021345041263648234,1.0,1.0,0.0,0.0,0.0,0.0
unseen_analytical_functional_forms,1235ab36300fbf4e26237594,scarf_ii,truncated_line,5,0.9728199018831376,0.9728199018831376,0.998933508625562,0.27252349717194496,0.27252349717194496,1.6730690214350474e-06,0.07881027628215592,0.07881027628215592,0.02250975251647705,1.0,1.0,1.0,0.0,0.0,0.0
unseen_analytical_functional_forms,1235ab36300fbf4e26237594,scarf_ii,truncated_line,6,0.9817480984771882,0.9817480984771882,0.9974828558302063,0.27252349717194496,0.27252349717194496,1.6730690214350474e-06,0.05639645883433862,0.05639645883433862,0.02904693665628015,1.0,1.0,1.0,0.0,0.0,0.0
unseen_analytical_functional_forms,1235ab36300fbf4e26237594,scarf_ii,truncated_line,7,0.9735369669332778,0.9735369669332778,0.9904420288777872,0.27252349717194496,0.27252349717194496,1.6730690214350474e-06,0.0735477985327882,0.0735477985327882,0.052470161154942956,1.0,1.0,1.0,0.0,0.0,0.0
unseen_analytical_functional_forms,1235ab36300fbf4e26237594,scarf_ii,truncated_line,8,0.9511521703473582,0.9511521703473582,0.9966642172799312,0.27252349717194496,0.27252349717194496,1.6730690214350474e-06,0.08781122482002175,0.08781122482002175,0.050309759720700994,1.0,1.0,1.0,0.0,0.0,0.0
unseen_analytical_functional_forms,1235ab36300fbf4e26237594,scarf_ii,truncated_line,9,0.9486728853397841,0.9486728853397841,0.9907490200291156,0.27252349717194496,0.27252349717194496,1.6730690214350474e-06,0.12014172222417345,0.12014172222417345,0.06799198196661076,1.0,1.0,1.0,0.0,0.0,0.0
unseen_analytical_functional_forms,1235ab36300fbf4e26237594,scarf_ii,truncated_line,10,0.8984317538064742,0.8984317538064742,0.985699170557082,0.27252349717194496,0.27252349717194496,1.6730690214350474e-06,0.21023207990492754,0.21023207990492754,0.12383880478583446,1.0,1.0,1.0,0.0,0.0,0.0
unseen_analytical_functional_forms,248f80bae9217eda8d34416e,eckart,half_line,0,1.898127890905895e-05,1.898127890905895e-05,0.0010905297270977837,0.9681198097216266,0.9681198097216266,0.0024438607512393684,0.5954872204787793,0.5954872204787793,0.3261989522583683,1.0,1.0,0.0,0.0,0.0,0.0
unseen_analytical_functional_forms,248f80bae9217eda8d34416e,eckart,half_line,1,0.0003578420911928387,0.0003578420911928387,0.0006868585959945327,0.9681198097216266,0.9681198097216266,0.0024438607512393684,0.5368642074839106,0.5368642074839106,0.21174895097771124,0.0,0.0,0.0,0.0,0.0,0.0
unseen_analytical_functional_forms,248f80bae9217eda8d34416e,eckart,half_line,2,0.003174420428748135,0.003174420428748135,0.0003672380327946688,0.9681198097216266,0.9681198097216266,0.0024438607512393684,0.5048887095759073,0.5048887095759073,0.13869082825878476,0.0,0.0,0.0,0.0,0.0,0.0
unseen_analytical_functional_forms,248f80bae9217eda8d34416e,eckart,half_line,3,0.007949241405294028,0.007949241405294028,0.00014536298645662213,0.9681198097216266,0.9681198097216266,0.0024438607512393684,0.5330086415840178,0.5330086415840178,0.09955501283218833,1.0,1.0,0.0,0.0,0.0,0.0
unseen_analytical_functional_forms,248f80bae9217eda8d34416e,eckart,half_line,4,0.018286703579638415,0.018286703579638415,6.128650188871157e-06,0.9681198097216266,0.9681198097216266,0.0024438607512393684,0.5439296581806123,0.5439296581806123,0.06988909062477928,1.0,1.0,0.0,0.0,0.0,0.0
unseen_analytical_functional_forms,248f80bae9217eda8d34416e,eckart,half_line,5,0.03281658815588986,0.03281658815588986,6.828037909629583e-06,0.9681198097216266,0.9681198097216266,0.0024438607512393684,0.5529915591432515,0.5529915591432515,0.03144026118055976,1.0,1.0,0.0,0.0,0.0,0.0
unseen_analytical_functional_forms,248f80bae9217eda8d34416e,eckart,half_line,6,0.0456825758012039,0.0456825758012039,5.127043441903829e-06,0.9681198097216266,0.9681198097216266,0.0024438607512393684,0.5491593259744149,0.5491593259744149,0.013943897103854902,1.0,1.0,0.0,0.0,0.0,0.0
unseen_analytical_functional_forms,248f80bae9217eda8d34416e,eckart,half_line,7,0.02348762531924836,0.02348762531924836,8.23828167547575e-07,0.9681198097216266,0.9681198097216266,0.0024438607512393684,0.595904845299995,0.595904845299995,0.05467566805473763,1.0,1.0,0.0,0.0,0.0,0.0
unseen_analytical_functional_forms,248f80bae9217eda8d34416e,eckart,half_line,8,0.038395711938068504,0.038395711938068504,6.508845724496416e-08,0.9681198097216266,0.9681198097216266,0.0024438607512393684,0.5134960839627447,0.5134960839627447,0.04847703743709019,1.0,1.0,1.0,0.0,0.0,0.0
unseen_analytical_functional_forms,248f80bae9217eda8d34416e,eckart,half_line,9,0.05566387863027628,0.05566387863027628,0.0001605069398902138,0.9681198097216266,0.9681198097216266,0.0024438607512393684,0.5469493061663512,0.5469493061663512,0.044989483665289216,1.0,1.0,0.0,0.0,0.0,0.0
unseen_analytical_functional_forms,248f80bae9217eda8d34416e,eckart,half_line,10,0.0005417127950212369,0.0005417127950212369,0.000550251156558282,0.9681198097216266,0.9681198097216266,0.0024438607512393684,0.5268133709851349,0.5268133709851349,0.11699467567087737,1.0,1.0,0.0,0.0,0.0,0.0
unseen_analytical_functional_forms,287120bfef56733f42171a64,cosh_well,truncated_line,0,0.9986378046218942,0.9986378046218942,0.9999874545037679,0.09491944088587129,0.09491944088587129,1.706988450589364e-06,0.17374970861065359,0.17374970861065359,0.06277993824112152,1.0,1.0,0.0,0.0,0.0,0.0
unseen_analytical_functional_forms,287120bfef56733f42171a64,cosh_well,truncated_line,1,0.9918344853648097,0.9918344853648097,0.9999378788695803,0.09491944088587129,0.09491944088587129,1.706988450589364e-06,0.0963759260241772,0.0963759260241772,0.040051071564559844,1.0,1.0,0.0,0.0,0.0,0.0
unseen_analytical_functional_forms,287120bfef56733f42171a64,cosh_well,truncated_line,2,0.9687346554504909,0.9687346554504909,0.9997748709399448,0.09491944088587129,0.09491944088587129,1.706988450589364e-06,0.09233973282974435,0.09233973282974435,0.039686305837656734,1.0,1.0,1.0,0.0,0.0,0.0
unseen_analytical_functional_forms,287120bfef56733f42171a64,cosh_well,truncated_line,3,0.9851615935178751,0.9851615935178751,0.9997902107698022,0.09491944088587129,0.09491944088587129,1.706988450589364e-06,0.060933074581894245,0.060933074581894245,0.030884902361764267,1.0,1.0,1.0,0.0,0.0,0.0
unseen_analytical_functional_forms,287120bfef56733f42171a64,cosh_well,truncated_line,4,0.9886516643670223,0.9886516643670223,0.9998164608376012,0.09491944088587129,0.09491944088587129,1.706988450589364e-06,0.045274181137489655,0.045274181137489655,0.024437560264040762,1.0,1.0,1.0,0.0,0.0,0.0
unseen_analytical_functional_forms,287120bfef56733f42171a64,cosh_well,truncated_line,5,0.9913933956974819,0.9913933956974819,0.9979669965015218,0.09491944088587129,0.09491944088587129,1.706988450589364e-06,0.045004815243355124,0.045004815243355124,0.03701638097248395,1.0,1.0,1.0,0.0,0.0,0.0
unseen_analytical_functional_forms,287120bfef56733f42171a64,cosh_well,truncated_line,6,0.9936012442249292,0.9936012442249292,0.9985342549716284,0.09491944088587129,0.09491944088587129,1.706988450589364e-06,0.030045617682906717,0.030045617682906717,0.025970021343507902,1.0,1.0,1.0,0.0,0.0,0.0
unseen_analytical_functional_forms,287120bfef56733f42171a64,cosh_well,truncated_line,7,0.9944803580122997,0.9944803580122997,0.9973436083920383,0.09491944088587129,0.09491944088587129,1.706988450589364e-06,0.025090365415704398,0.025090365415704398,0.0207272726063993,1.0,1.0,1.0,0.0,0.0,0.0
unseen_analytical_functional_forms,287120bfef56733f42171a64,cosh_well,truncated_line,8,0.9956650589362293,0.9956650589362293,0.9988500484820608,0.09491944088587129,0.09491944088587129,1.706988450589364e-06,0.018658242375300237,0.018658242375300237,0.015830416033828138,1.0,1.0,1.0,0.0,0.0,0.0
unseen_analytical_functional_forms,287120bfef56733f42171a64,cosh_well,truncated_line,9,0.9905084055036114,0.9905084055036114,0.9982034824944719,0.09491944088587129,0.09491944088587129,1.706988450589364e-06,0.039308822454218496,0.039308822454218496,0.01884620049907861,1.0,1.0,1.0,0.0,0.0,0.0
unseen_analytical_functional_forms,287120bfef56733f42171a64,cosh_well,truncated_line,10,0.9903275296765124,0.9903275296765124,0.9977331138574721,0.09491944088587129,0.09491944088587129,1.706988450589364e-06,0.02365804496517457,0.02365804496517457,0.019169161337234692,1.0,1.0,1.0,0.0,0.0,0.0
unseen_analytical_functional_forms,2cfdb037bb16a11820c38545,scarf_ii,truncated_line,0,0.9970737222575489,0.9970737222575489,0.9999854562517703,0.23861773707834497,0.23861773707834497,1.2494150091191258e-06,0.009728373145052286,0.009728373145052286,0.0031187567658280944,1.0,1.0,1.0,0.0,0.0,0.0
unseen_analytical_functional_forms,2cfdb037bb16a11820c38545,scarf_ii,truncated_line,1,0.9976776706267663,0.9976776706267663,0.9999822907762459,0.23861773707834497,0.23861773707834497,1.2494150091191258e-06,0.011178329410999305,0.011178329410999305,0.002724132693471645,1.0,1.0,1.0,0.0,0.0,0.0
unseen_analytical_functional_forms,2cfdb037bb16a11820c38545,scarf_ii,truncated_line,2,0.9931670213920312,0.9931670213920312,0.9997407223039547,0.23861773707834497,0.23861773707834497,1.2494150091191258e-06,0.016143548759765862,0.016143548759765862,0.008311479942978841,1.0,1.0,0.0,0.0,0.0,0.0
unseen_analytical_functional_forms,2cfdb037bb16a11820c38545,scarf_ii,truncated_line,3,0.9896377665042599,0.9896377665042599,0.9993237108606289,0.23861773707834497,0.23861773707834497,1.2494150091191258e-06,0.029609717693221085,0.029609717693221085,0.0158911300110507,1.0,1.0,1.0,0.0,0.0,0.0
unseen_analytical_functional_forms,2cfdb037bb16a11820c38545,scarf_ii,truncated_line,4,0.9869210964476428,0.9869210964476428,0.9992277543191516,0.23861773707834497,0.23861773707834497,1.2494150091191258e-06,0.03343471573461616,0.03343471573461616,0.01920134750611063,1.0,1.0,1.0,0.0,0.0,0.0
unseen_analytical_functional_forms,2cfdb037bb16a11820c38545,scarf_ii,truncated_line,5,0.9834119409144432,0.9834119409144432,0.9993993280448996,0.23861773707834497,0.23861773707834497,1.2494150091191258e-06,0.060312887746560115,0.060312887746560115,0.01734435937883445,1.0,1.0,1.0,0.0,0.0,0.0
unseen_analytical_functional_forms,2cfdb037bb16a11820c38545,scarf_ii,truncated_line,6,0.9888641446872408,0.9888641446872408,0.9990025733638723,0.23861773707834497,0.23861773707834497,1.2494150091191258e-06,0.03888047732898718,0.03888047732898718,0.01884846568355024,1.0,1.0,1.0,0.0,0.0,0.0
unseen_analytical_functional_forms,2cfdb037bb16a11820c38545,scarf_ii,truncated_line,7,0.9821038769912275,0.9821038769912275,0.992687428110461,0.23861773707834497,0.23861773707834497,1.2494150091191258e-06,0.05379643808382903,0.05379643808382903,0.037466758032838304,1.0,1.0,1.0,0.0,0.0,0.0
unseen_analytical_functional_forms,2cfdb037bb16a11820c38545,scarf_ii,truncated_line,8,0.966519763580198,0.966519763580198,0.997572791543231,0.23861773707834497,0.23861773707834497,1.2494150091191258e-06,0.05865740111722773,0.05865740111722773,0.03456268533100641,1.0,1.0,1.0,0.0,0.0,0.0
unseen_analytical_functional_forms,2cfdb037bb16a11820c38545,scarf_ii,truncated_line,9,0.9620351934047211,0.9620351934047211,0.9920879802125322,0.23861773707834497,0.23861773707834497,1.2494150091191258e-06,0.0777749616778162,0.0777749616778162,0.046117236885721,1.0,1.0,1.0,0.0,0.0,0.0
unseen_analytical_functional_forms,2cfdb037bb16a11820c38545,scarf_ii,truncated_line,10,0.9253988573168374,0.9253988573168374,0.9872059210092338,0.23861773707834497,0.23861773707834497,1.2494150091191258e-06,0.145956906571888,0.145956906571888,0.08312831388995073,1.0,1.0,1.0,0.0,0.0,0.0
unseen_analytical_functional_forms,2f0ebf8f4bbefa9e24e5c661,scarf_ii,truncated_line,0,0.9903542533924726,0.9903542533924726,0.9999174110588549,0.29275762725430887,0.29275762725430887,1.5671500162017793e-06,0.018966359956634933,0.018966359956634933,0.0060075895193343895,1.0,1.0,0.0,0.0,0.0,0.0
unseen_analytical_functional_forms,2f0ebf8f4bbefa9e24e5c661,scarf_ii,truncated_line,1,0.9883489126130122,0.9883489126130122,0.99980614389095,0.29275762725430887,0.29275762725430887,1.5671500162017793e-06,0.024452978999837904,0.024452978999837904,0.008574012767811943,1.0,1.0,0.0,0.0,0.0,0.0
unseen_analytical_functional_forms,2f0ebf8f4bbefa9e24e5c661,scarf_ii,truncated_line,2,0.9852876696881638,0.9852876696881638,0.9998628236439697,0.29275762725430887,0.29275762725430887,1.5671500162017793e-06,0.02655621857535377,0.02655621857535377,0.007966505175337743,1.0,1.0,0.0,0.0,0.0,0.0
unseen_analytical_functional_forms,2f0ebf8f4bbefa9e24e5c661,scarf_ii,truncated_line,3,0.9770607775829618,0.9770607775829618,0.9996790869625835,0.29275762725430887,0.29275762725430887,1.5671500162017793e-06,0.04629427998774437,0.04629427998774437,0.01513157998681534,1.0,1.0,0.0,0.0,0.0,0.0
unseen_analytical_functional_forms,2f0ebf8f4bbefa9e24e5c661,scarf_ii,truncated_line,4,0.9719849678978296,0.9719849678978296,0.9993407406690351,0.29275762725430887,0.29275762725430887,1.5671500162017793e-06,0.0612149179712703,0.0612149179712703,0.02303070203172853,1.0,1.0,0.0,0.0,0.0,0.0
unseen_analytical_functional_forms,2f0ebf8f4bbefa9e24e5c661,scarf_ii,truncated_line,5,0.9627822394797662,0.9627822394797662,0.9983088857051928,0.29275762725430887,0.29275762725430887,1.5671500162017793e-06,0.09188216951495257,0.09188216951495257,0.02725967082830651,1.0,1.0,1.0,0.0,0.0,0.0
unseen_analytical_functional_forms,2f0ebf8f4bbefa9e24e5c661,scarf_ii,truncated_line,6,0.9749124455162419,0.9749124455162419,0.9958005193556356,0.29275762725430887,0.29275762725430887,1.5671500162017793e-06,0.0711035954159242,0.0711035954159242,0.03831823689408122,1.0,1.0,1.0,0.0,0.0,0.0
unseen_analytical_functional_forms,2f0ebf8f4bbefa9e24e5c661,scarf_ii,truncated_line,7,0.966174958292856,0.966174958292856,0.9884960138921998,0.29275762725430887,0.29275762725430887,1.5671500162017793e-06,0.08983352779498045,0.08983352779498045,0.06476787655458369,1.0,1.0,1.0,0.0,0.0,0.0
unseen_analytical_functional_forms,2f0ebf8f4bbefa9e24e5c661,scarf_ii,truncated_line,8,0.9398394738687648,0.9398394738687648,0.9958498349809101,0.29275762725430887,0.29275762725430887,1.5671500162017793e-06,0.11157784326801092,0.11157784326801092,0.06343297684757539,1.0,1.0,1.0,0.0,0.0,0.0
unseen_analytical_functional_forms,2f0ebf8f4bbefa9e24e5c661,scarf_ii,truncated_line,9,0.9386225044516079,0.9386225044516079,0.9894658452961749,0.29275762725430887,0.29275762725430887,1.5671500162017793e-06,0.1564880170781622,0.1564880170781622,0.08847928396389812,1.0,1.0,1.0,0.0,0.0,0.0
unseen_analytical_functional_forms,2f0ebf8f4bbefa9e24e5c661,scarf_ii,truncated_line,10,0.879627640621416,0.879627640621416,0.9843067804928405,0.29275762725430887,0.29275762725430887,1.5671500162017793e-06,0.2597757053588737,0.2597757053588737,0.15910358502266816,1.0,1.0,1.0,0.0,0.0,0.0
unseen_analytical_functional_forms,31729ae16ba4730f600a20bf,eckart,half_line,0,0.040204701845736546,0.040204701845736546,0.5273562358244093,0.9770295639287705,0.9770295639287705,0.40567865289387917,0.25254462567862346,0.25254462567862346,0.5325931827547491,1.0,1.0,0.0,0.0,0.0,0.0
unseen_analytical_functional_forms,31729ae16ba4730f600a20bf,eckart,half_line,1,0.3133076074182064,0.3133076074182064,0.2307406852722337,0.9770295639287705,0.9770295639287705,0.40567865289387917,0.448324892620293,0.448324892620293,0.6308003893583589,1.0,1.0,0.0,0.0,0.0,0.0
unseen_analytical_functional_forms,31729ae16ba4730f600a20bf,eckart,half_line,2,0.09843947232096183,0.09843947232096183,0.09130540116202197,0.9770295639287705,0.9770295639287705,0.40567865289387917,0.6878663387745624,0.6878663387745624,0.4902344338288441,0.0,0.0,0.0,0.0,0.0,0.0
unseen_analytical_functional_forms,31729ae16ba4730f600a20bf,eckart,half_line,3,0.2359341730960747,0.2359341730960747,0.028956593166699903,0.9770295639287705,0.9770295639287705,0.40567865289387917,0.727991952366295,0.727991952366295,0.6198635950245346,1.0,1.0,0.0,0.0,0.0,0.0
unseen_analytical_functional_forms,31729ae16ba4730f600a20bf,eckart,half_line,4,0.030284133033888112,0.030284133033888112,0.001501567398324716,0.9770295639287705,0.9770295639287705,0.40567865289387917,0.806134513264447,0.806134513264447,0.7474843155871989,1.0,1.0,0.0,0.0,0.0,0.0
unseen_analytical_functional_forms,31729ae16ba4730f600a20bf,eckart,half_line,5,0.007783604138010287,0.007783604138010287,2.076083868858225e-05,0.9770295639287705,0.9770295639287705,0.40567865289387917,0.8357682127159846,0.8357682127159846,0.5523364044302668,1.0,1.0,0.0,0.0,0.0,0.0
unseen_analytical_functional_forms,31729ae16ba4730f600a20bf,eckart,half_line,6,0.13144064722553794,0.13144064722553794,4.9571872526196446e-05,0.9770295639287705,0.9770295639287705,0.40567865289387917,0.8909859359965858,0.8909859359965858,0.6441041262170523,1.0,1.0,0.0,0.0,0.0,0.0
unseen_analytical_functional_forms,31729ae16ba4730f600a20bf,eckart,half_line,7,0.0920854224871422,0.0920854224871422,0.013822928094564929,0.9770295639287705,0.9770295639287705,0.40567865289387917,0.8613790266798963,0.8613790266798963,0.7821715517698813,1.0,1.0,0.0,0.0,0.0,0.0
unseen_analytical_functional_forms,31729ae16ba4730f600a20bf,eckart,half_line,8,0.0014883531460354595,0.0014883531460354595,0.02006978147977382,0.9770295639287705,0.9770295639287705,0.40567865289387917,0.9138149737324687,0.9138149737324687,0.9138243479947674,1.0,1.0,0.0,0.0,0.0,0.0
unseen_analytical_functional_forms,31729ae16ba4730f600a20bf,eckart,half_line,9,0.04430846241466697,0.04430846241466697,0.0018990172324547714,0.9770295639287705,0.9770295639287705,0.40567865289387917,0.9202483970115275,0.9202483970115275,0.9480965418111705,1.0,1.0,0.0,0.0,0.0,0.0
unseen_analytical_functional_forms,31729ae16ba4730f600a20bf,eckart,half_line,10,0.09089001262401007,0.09089001262401007,0.009185704245736148,0.9770295639287705,0.9770295639287705,0.40567865289387917,0.9538981100675606,0.9538981100675606,0.9542233675442254,1.0,1.0,0.0,0.0,0.0,0.0
unseen_analytical_functional_forms,331cb5dfce729376262d1335,eckart,half_line,0,2.8085631213551828e-05,2.8085631213551828e-05,0.0011444417439290032,0.9741143017872772,0.9741143017872772,0.001361484004326674,0.4891319267108756,0.4891319267108756,0.3116487622231597,1.0,1.0,0.0,0.0,0.0,0.0
unseen_analytical_functional_forms,331cb5dfce729376262d1335,eckart,half_line,1,0.00046258691631641155,0.00046258691631641155,0.0007310240525907257,0.9741143017872772,0.9741143017872772,0.001361484004326674,0.4295803939239363,0.4295803939239363,0.1748064455600721,0.0,0.0,0.0,0.0,0.0,0.0
unseen_analytical_functional_forms,331cb5dfce729376262d1335,eckart,half_line,2,0.004175582596804376,0.004175582596804376,0.00016115397136320673,0.9741143017872772,0.9741143017872772,0.001361484004326674,0.3944684294006117,0.3944684294006117,0.07185616082229108,0.0,0.0,0.0,0.0,0.0,0.0
unseen_analytical_functional_forms,331cb5dfce729376262d1335,eckart,half_line,3,0.009034266714995694,0.009034266714995694,9.312058198189065e-05,0.9741143017872772,0.9741143017872772,0.001361484004326674,0.42907680085066435,0.42907680085066435,0.05063367711519247,1.0,1.0,0.0,0.0,0.0,0.0
unseen_analytical_functional_forms,331cb5dfce729376262d1335,eckart,half_line,4,0.018705942040979785,0.018705942040979785,4.076020162743707e-06,0.9741143017872772,0.9741143017872772,0.001361484004326674,0.4445112209521562,0.4445112209521562,0.03856033202402303,1.0,1.0,0.0,0.0,0.0,0.0
unseen_analytical_functional_forms,331cb5dfce729376262d1335,eckart,half_line,5,0.03277203048243348,0.03277203048243348,4.472046772065585e-06,0.9741143017872772,0.9741143017872772,0.001361484004326674,0.45326871905777005,0.45326871905777005,0.012913292994341154,1.0,1.0,0.0,0.0,0.0,0.0
unseen_analytical_functional_forms,331cb5dfce729376262d1335,eckart,half_line,6,0.04234014422981277,0.04234014422981277,1.6687804168626298e-07,0.9741143017872772,0.9741143017872772,0.001361484004326674,0.4569346964037597,0.4569346964037597,0.005474800680166529,1.0,1.0,0.0,0.0,0.0,0.0
unseen_analytical_functional_forms,331cb5dfce729376262d1335,eckart,half_line,7,0.021899619468250968,0.021899619468250968,3.507527070295237e-05,0.9741143017872772,0.9741143017872772,0.001361484004326674,0.49334510738572634,0.49334510738572634,0.010389333031830851,1.0,1.0,0.0,0.0,0.0,0.0
unseen_analytical_functional_forms,331cb5dfce729376262d1335,eckart,half_line,8,0.055196526988749044,0.055196526988749044,3.6314133598601005e-05,0.9741143017872772,0.9741143017872772,0.001361484004326674,0.4241906620298015,0.4241906620298015,0.02400848549986495,1.0,1.0,0.0,0.0,0.0,0.0
unseen_analytical_functional_forms,331cb5dfce729376262d1335,eckart,half_line,9,0.051083317730519516,0.051083317730519516,0.0024572826130580877,0.9741143017872772,0.9741143017872772,0.001361484004326674,0.4592572165659424,0.4592572165659424,0.036456436070820546,1.0,1.0,0.0,0.0,0.0,0.0
unseen_analytical_functional_forms,331cb5dfce729376262d1335,eckart,half_line,10,0.003290793752737682,0.003290793752737682,0.0021443558266215886,0.9741143017872772,0.9741143017872772,0.001361484004326674,0.4388129112265292,0.4388129112265292,0.05600972644548104,1.0,1.0,0.0,0.0,0.0,0.0
unseen_analytical_functional_forms,3c68487f6ee2b44e85c36e7a,cosh_well,truncated_line,0,0.9987485264339292,0.9987485264339292,0.9999887892315994,0.09052020646692195,0.09052020646692195,1.691705269424304e-06,0.15877296195517035,0.15877296195517035,0.061384170133972835,1.0,1.0,0.0,0.0,0.0,0.0
unseen_analytical_functional_forms,3c68487f6ee2b44e85c36e7a,cosh_well,truncated_line,1,0.9923353574203717,0.9923353574203717,0.9999439147539735,0.09052020646692195,0.09052020646692195,1.691705269424304e-06,0.09168216790716599,0.09168216790716599,0.037920450426271846,1.0,1.0,0.0,0.0,0.0,0.0
unseen_analytical_functional_forms,3c68487f6ee2b44e85c36e7a,cosh_well,truncated_line,2,0.9696316049444448,0.9696316049444448,0.9997840248970902,0.09052020646692195,0.09052020646692195,1.691705269424304e-06,0.09056524054275254,0.09056524054275254,0.03829362267461878,1.0,1.0,1.0,0.0,0.0,0.0
unseen_analytical_functional_forms,3c68487f6ee2b44e85c36e7a,cosh_well,truncated_line,3,0.9855162435924036,0.9855162435924036,0.9997741569916456,0.09052020646692195,0.09052020646692195,1.691705269424304e-06,0.05967730281115481,0.05967730281115481,0.030197426921432034,1.0,1.0,1.0,0.0,0.0,0.0
unseen_analytical_functional_forms,3c68487f6ee2b44e85c36e7a,cosh_well,truncated_line,4,0.9886580382997091,0.9886580382997091,0.999821250775175,0.09052020646692195,0.09052020646692195,1.691705269424304e-06,0.044275791508487934,0.044275791508487934,0.02349983815224424,1.0,1.0,1.0,0.0,0.0,0.0
unseen_analytical_functional_forms,3c68487f6ee2b44e85c36e7a,cosh_well,truncated_line,5,0.9912827460314753,0.9912827460314753,0.9979570103382487,0.09052020646692195,0.09052020646692195,1.691705269424304e-06,0.045020817413205745,0.045020817413205745,0.03618977423363976,1.0,1.0,1.0,0.0,0.0,0.0
unseen_analytical_functional_forms,3c68487f6ee2b44e85c36e7a,cosh_well,truncated_line,6,0.9934822274205911,0.9934822274205911,0.9985653193927524,0.09052020646692195,0.09052020646692195,1.691705269424304e-06,0.02953467226969075,0.02953467226969075,0.025267796989271733,1.0,1.0,1.0,0.0,0.0,0.0
unseen_analytical_functional_forms,3c68487f6ee2b44e85c36e7a,cosh_well,truncated_line,7,0.994248192412649,0.994248192412649,0.9972031716826857,0.09052020646692195,0.09052020646692195,1.691705269424304e-06,0.025321150779364403,0.025321150779364403,0.02031329472961877,1.0,1.0,1.0,0.0,0.0,0.0
unseen_analytical_functional_forms,3c68487f6ee2b44e85c36e7a,cosh_well,truncated_line,8,0.9952765064951379,0.9952765064951379,0.9988098085313858,0.09052020646692195,0.09052020646692195,1.691705269424304e-06,0.01826176357578841,0.01826176357578841,0.015070050239834142,1.0,1.0,1.0,0.0,0.0,0.0
unseen_analytical_functional_forms,3c68487f6ee2b44e85c36e7a,cosh_well,truncated_line,9,0.9900952350549956,0.9900952350549956,0.9982285808657655,0.09052020646692195,0.09052020646692195,1.691705269424304e-06,0.0363959440167281,0.0363959440167281,0.017961821607352567,1.0,1.0,1.0,0.0,0.0,0.0
unseen_analytical_functional_forms,3c68487f6ee2b44e85c36e7a,cosh_well,truncated_line,10,0.9895230019590046,0.9895230019590046,0.9975046847601433,0.09052020646692195,0.09052020646692195,1.691705269424304e-06,0.021651847157806527,0.021651847157806527,0.018312381031435104,1.0,1.0,1.0,0.0,0.0,0.0
unseen_analytical_functional_forms,4274e749ba286591aa4f342d,eckart,half_line,0,0.05559366119899248,0.05559366119899248,0.6058696833397095,0.975712244788436,0.975712244788436,0.3335473409526598,0.24532005532082313,0.24532005532082313,0.5893916365823707,1.0,1.0,0.0,0.0,0.0,0.0
unseen_analytical_functional_forms,4274e749ba286591aa4f342d,eckart,half_line,1,0.365308687607762,0.365308687607762,0.31806712264931525,0.975712244788436,0.975712244788436,0.3335473409526598,0.43894152702384864,0.43894152702384864,0.703590201433643,1.0,1.0,0.0,0.0,0.0,0.0
unseen_analytical_functional_forms,4274e749ba286591aa4f342d,eckart,half_line,2,0.04390633854818441,0.04390633854818441,0.17233596568366366,0.975712244788436,0.975712244788436,0.3335473409526598,0.672856106435621,0.672856106435621,0.6164005200070671,0.0,0.0,0.0,0.0,0.0,0.0
unseen_analytical_functional_forms,4274e749ba286591aa4f342d,eckart,half_line,3,0.2789874744667388,0.2789874744667388,0.09101033137506724,0.975712244788436,0.975712244788436,0.3335473409526598,0.8212162183857123,0.8212162183857123,0.631805708017073,1.0,1.0,0.0,0.0,0.0,0.0
unseen_analytical_functional_forms,4274e749ba286591aa4f342d,eckart,half_line,4,0.11450055580032689,0.11450055580032689,0.029537527832918537,0.975712244788436,0.975712244788436,0.3335473409526598,0.866471832395067,0.866471832395067,0.7836096659753828,1.0,1.0,0.0,0.0,0.0,0.0
unseen_analytical_functional_forms,4274e749ba286591aa4f342d,eckart,half_line,5,0.07333550703852187,0.07333550703852187,0.01791667688298835,0.975712244788436,0.975712244788436,0.3335473409526598,0.8688957501886694,0.8688957501886694,0.50759209888678,1.0,1.0,0.0,0.0,0.0,0.0
unseen_analytical_functional_forms,4274e749ba286591aa4f342d,eckart,half_line,6,0.25385132055458365,0.25385132055458365,0.0021391972584901687,0.975712244788436,0.975712244788436,0.3335473409526598,0.8950186042500866,0.8950186042500866,0.7123235296811871,1.0,1.0,0.0,0.0,0.0,0.0
unseen_analytical_functional_forms,4274e749ba286591aa4f342d,eckart,half_line,7,0.020904063526168956,0.020904063526168956,0.00041176939395578003,0.975712244788436,0.975712244788436,0.3335473409526598,0.8875976993903889,0.8875976993903889,0.7971794344404605,1.0,1.0,0.0,0.0,0.0,0.0
unseen_analytical_functional_forms,4274e749ba286591aa4f342d,eckart,half_line,8,0.018224613024852943,0.018224613024852943,0.0013987091454965763,0.975712244788436,0.975712244788436,0.3335473409526598,0.9622559574077106,0.9622559574077106,0.8904541194435046,1.0,1.0,0.0,0.0,0.0,0.0
unseen_analytical_functional_forms,4274e749ba286591aa4f342d,eckart,half_line,9,0.1393837133834357,0.1393837133834357,0.01321203427259076,0.975712244788436,0.975712244788436,0.3335473409526598,0.9487620845342771,0.9487620845342771,0.9470036434100724,1.0,1.0,0.0,0.0,0.0,0.0
unseen_analytical_functional_forms,4274e749ba286591aa4f342d,eckart,half_line,10,0.1426818862291605,0.1426818862291605,6.80660707519392e-05,0.975712244788436,0.975712244788436,0.3335473409526598,0.9868874295149588,0.9868874295149588,0.9442482202675824,1.0,1.0,0.0,0.0,0.0,0.0
unseen_analytical_functional_forms,47df3223e8391680b2d7e971,scarf_ii,truncated_line,0,0.9961224635600641,0.9961224635600641,0.999980996760441,0.25176667606607056,0.25176667606607056,2.0741775660360062e-06,0.011409310414363681,0.011409310414363681,0.0033969038723812186,1.0,1.0,1.0,0.0,0.0,0.0
unseen_analytical_functional_forms,47df3223e8391680b2d7e971,scarf_ii,truncated_line,1,0.9965007447184397,0.9965007447184397,0.9999791632133785,0.25176667606607056,0.25176667606607056,2.0741775660360062e-06,0.01344552248718714,0.01344552248718714,0.0030929157205756147,1.0,1.0,1.0,0.0,0.0,0.0
unseen_analytical_functional_forms,47df3223e8391680b2d7e971,scarf_ii,truncated_line,2,0.9926299778244698,0.9926299778244698,0.999765872960113,0.25176667606607056,0.25176667606607056,2.0741775660360062e-06,0.017211207400535392,0.017211207400535392,0.008361138072618526,1.0,1.0,0.0,0.0,0.0,0.0
unseen_analytical_functional_forms,47df3223e8391680b2d7e971,scarf_ii,truncated_line,3,0.988163223783453,0.988163223783453,0.9994439300492511,0.25176667606607056,0.25176667606607056,2.0741775660360062e-06,0.032633886469562175,0.032633886469562175,0.015594788594773333,1.0,1.0,1.0,0.0,0.0,0.0
unseen_analytical_functional_forms,47df3223e8391680b2d7e971,scarf_ii,truncated_line,4,0.9846189210050145,0.9846189210050145,0.9992935231778288,0.25176667606607056,0.25176667606607056,2.0741775660360062e-06,0.03853561228171215,0.03853561228171215,0.02017705330748947,1.0,1.0,1.0,0.0,0.0,0.0
unseen_analytical_functional_forms,47df3223e8391680b2d7e971,scarf_ii,truncated_line,5,0.9800691967283622,0.9800691967283622,0.9992750957492575,0.25176667606607056,0.25176667606607056,2.0741775660360062e-06,0.0670340605523004,0.0670340605523004,0.01916253939838001,1.0,1.0,1.0,0.0,0.0,0.0
unseen_analytical_functional_forms,47df3223e8391680b2d7e971,scarf_ii,truncated_line,6,0.9866200230246603,0.9866200230246603,0.9985353967573015,0.25176667606607056,0.25176667606607056,2.0741775660360062e-06,0.04486071715205525,0.04486071715205525,0.02231036320423741,1.0,1.0,1.0,0.0,0.0,0.0
unseen_analytical_functional_forms,47df3223e8391680b2d7e971,scarf_ii,truncated_line,7,0.9793573345945994,0.9793573345945994,0.9919495135132177,0.25176667606607056,0.25176667606607056,2.0741775660360062e-06,0.060343780319971396,0.060343780319971396,0.04288783616169402,1.0,1.0,1.0,0.0,0.0,0.0
unseen_analytical_functional_forms,47df3223e8391680b2d7e971,scarf_ii,truncated_line,8,0.961703281716828,0.961703281716828,0.9973057350519356,0.25176667606607056,0.25176667606607056,2.0741775660360062e-06,0.06902593264155292,0.06902593264155292,0.04024531450312888,1.0,1.0,1.0,0.0,0.0,0.0
unseen_analytical_functional_forms,47df3223e8391680b2d7e971,scarf_ii,truncated_line,9,0.9575712046275183,0.9575712046275183,0.9913150118943865,0.25176667606607056,0.25176667606607056,2.0741775660360062e-06,0.09391787671268728,0.09391787671268728,0.05414422413437903,1.0,1.0,1.0,0.0,0.0,0.0
unseen_analytical_functional_forms,47df3223e8391680b2d7e971,scarf_ii,truncated_line,10,0.9162740136471332,0.9162740136471332,0.9864449939827001,0.25176667606607056,0.25176667606607056,2.0741775660360062e-06,0.1711453165950378,0.1711453165950378,0.0977338755554295,1.0,1.0,1.0,0.0,0.0,0.0
unseen_analytical_functional_forms,498382b5fda868ada5b5a4bf,cosh_well,truncated_line,0,0.9987412746931819,0.9987412746931819,0.9999882564177619,0.09147341905949007,0.09147341905949007,1.6473073530809401e-06,0.1609893398879371,0.1609893398879371,0.0615817804067862,1.0,1.0,0.0,0.0,0.0,0.0
unseen_analytical_functional_forms,498382b5fda868ada5b5a4bf,cosh_well,truncated_line,1,0.99228028359889,0.99228028359889,0.9999429389504569,0.09147341905949007,0.09147341905949007,1.6473073530809401e-06,0.09231958032785102,0.09231958032785102,0.038215705786240305,1.0,1.0,0.0,0.0,0.0,0.0
unseen_analytical_functional_forms,498382b5fda868ada5b5a4bf,cosh_well,truncated_line,2,0.9694878473235748,0.9694878473235748,0.9997827589294556,0.09147341905949007,0.09147341905949007,1.6473073530809401e-06,0.09081510135024386,0.09081510135024386,0.0384791028001746,1.0,1.0,1.0,0.0,0.0,0.0
unseen_analytical_functional_forms,498382b5fda868ada5b5a4bf,cosh_well,truncated_line,3,0.9854678636470796,0.9854678636470796,0.9997769366499772,0.09147341905949007,0.09147341905949007,1.6473073530809401e-06,0.05984654999889725,0.05984654999889725,0.03026429629955005,1.0,1.0,1.0,0.0,0.0,0.0
unseen_analytical_functional_forms,498382b5fda868ada5b5a4bf,cosh_well,truncated_line,4,0.9886741994620285,0.9886741994620285,0.9998216414062465,0.09147341905949007,0.09147341905949007,1.6473073530809401e-06,0.04440100926191838,0.04440100926191838,0.023615062207748425,1.0,1.0,1.0,0.0,0.0,0.0
unseen_analytical_functional_forms,498382b5fda868ada5b5a4bf,cosh_well,truncated_line,5,0.9913157532036199,0.9913157532036199,0.9979589738945924,0.09147341905949007,0.09147341905949007,1.6473073530809401e-06,0.04496618039831918,0.04496618039831918,0.036296714484564424,1.0,1.0,1.0,0.0,0.0,0.0
unseen_analytical_functional_forms,498382b5fda868ada5b5a4bf,cosh_well,truncated_line,6,0.9935144275840732,0.9935144275840732,0.998561526618719,0.09147341905949007,0.09147341905949007,1.6473073530809401e-06,0.029578370317125777,0.029578370317125777,0.025353314896132177,1.0,1.0,1.0,0.0,0.0,0.0
unseen_analytical_functional_forms,498382b5fda868ada5b5a4bf,cosh_well,truncated_line,7,0.9942960357953197,0.9942960357953197,0.9972295208084885,0.09147341905949007,0.09147341905949007,1.6473073530809401e-06,0.02520220891319163,0.02520220891319163,0.020350161470526866,1.0,1.0,1.0,0.0,0.0,0.0
unseen_analytical_functional_forms,498382b5fda868ada5b5a4bf,cosh_well,truncated_line,8,0.9953439370434012,0.9953439370434012,0.9988163378526466,0.09147341905949007,0.09147341905949007,1.6473073530809401e-06,0.018265799837052565,0.018265799837052565,0.015180659884870707,1.0,1.0,1.0,0.0,0.0,0.0
unseen_analytical_functional_forms,498382b5fda868ada5b5a4bf,cosh_well,truncated_line,9,0.9901719386743797,0.9901719386743797,0.9982273448784759,0.09147341905949007,0.09147341905949007,1.6473073530809401e-06,0.03668868330404204,0.03668868330404204,0.01808494512907701,1.0,1.0,1.0,0.0,0.0,0.0
unseen_analytical_functional_forms,498382b5fda868ada5b5a4bf,cosh_well,truncated_line,10,0.9896566285087296,0.9896566285087296,0.9975383237367044,0.09147341905949007,0.09147341905949007,1.6473073530809401e-06,0.021781096270382907,0.021781096270382907,0.018337698872451905,1.0,1.0,1.0,0.0,0.0,0.0
unseen_analytical_functional_forms,4db457bed086197a643341d7,eckart,half_line,0,0.02634518347059582,0.02634518347059582,0.38342256254413404,0.9825251272775859,0.9825251272775859,0.2326565907193332,0.3028001746333646,0.3028001746333646,0.6670001694020312,1.0,1.0,0.0,0.0,0.0,0.0
unseen_analytical_functional_forms,4db457bed086197a643341d7,eckart,half_line,1,0.27489816289060626,0.27489816289060626,0.1247463851087888,0.9825251272775859,0.9825251272775859,0.2326565907193332,0.4578199268802977,0.4578199268802977,0.7771584205482075,1.0,1.0,0.0,0.0,0.0,0.0
unseen_analytical_functional_forms,4db457bed086197a643341d7,eckart,half_line,2,0.15476361779404213,0.15476361779404213,0.034081095462167275,0.9825251272775859,0.9825251272775859,0.2326565907193332,0.6173399802844072,0.6173399802844072,0.8226045234371394,0.0,0.0,0.0,0.0,0.0,0.0
unseen_analytical_functional_forms,4db457bed086197a643341d7,eckart,half_line,3,0.21249313568125097,0.21249313568125097,0.006490629519724116,0.9825251272775859,0.9825251272775859,0.2326565907193332,0.7489668852556284,0.7489668852556284,0.8492563669919552,1.0,1.0,0.0,0.0,0.0,0.0
unseen_analytical_functional_forms,4db457bed086197a643341d7,eckart,half_line,4,0.01795207511960934,0.01795207511960934,0.000702944856808126,0.9825251272775859,0.9825251272775859,0.2326565907193332,0.8173749377190621,0.8173749377190621,0.9149154688872745,1.0,1.0,0.0,0.0,0.0,0.0
unseen_analytical_functional_forms,4db457bed086197a643341d7,eckart,half_line,5,0.006985369903305788,0.006985369903305788,0.0022296563472928585,0.9825251272775859,0.9825251272775859,0.2326565907193332,0.8314651952622073,0.8314651952622073,0.8660682534454964,1.0,1.0,0.0,0.0,0.0,0.0
unseen_analytical_functional_forms,4db457bed086197a643341d7,eckart,half_line,6,0.13253921735433422,0.13253921735433422,0.0002561088253311543,0.9825251272775859,0.9825251272775859,0.2326565907193332,0.8618469670037024,0.8618469670037024,0.8901557933623017,1.0,1.0,0.0,0.0,0.0,0.0
unseen_analytical_functional_forms,4db457bed086197a643341d7,eckart,half_line,7,0.07022651314385453,0.07022651314385453,0.01415240568682556,0.9825251272775859,0.9825251272775859,0.2326565907193332,0.8175227266911628,0.8175227266911628,0.9138875195176055,1.0,1.0,0.0,0.0,0.0,0.0
unseen_analytical_functional_forms,4db457bed086197a643341d7,eckart,half_line,8,0.0011715110156087952,0.0011715110156087952,0.011381278528790815,0.9825251272775859,0.9825251272775859,0.2326565907193332,0.9170556504838908,0.9170556504838908,0.9761574360491665,1.0,1.0,0.0,0.0,0.0,0.0
unseen_analytical_functional_forms,4db457bed086197a643341d7,eckart,half_line,9,0.06381393121171094,0.06381393121171094,0.011522336756618472,0.9825251272775859,0.9825251272775859,0.2326565907193332,0.9092736329341866,0.9092736329341866,0.9845239574708587,1.0,1.0,0.0,0.0,0.0,0.0
unseen_analytical_functional_forms,4db457bed086197a643341d7,eckart,half_line,10,0.0976339680574373,0.0976339680574373,0.0023613207136926446,0.9825251272775859,0.9825251272775859,0.2326565907193332,0.9442579002195095,0.9442579002195095,0.9802732307460627,1.0,1.0,0.0,0.0,0.0,0.0
unseen_analytical_functional_forms,50f3bacab6e6dbecbc622e87,cosh_well,truncated_line,0,0.9986994156284718,0.9986994156284718,0.9999887200241335,0.09433556918608567,0.09433556918608567,1.6050166877779048e-06,0.16883434592577776,0.16883434592577776,0.062268030419327366,1.0,1.0,0.0,0.0,0.0,0.0
unseen_analytical_functional_forms,50f3bacab6e6dbecbc622e87,cosh_well,truncated_line,1,0.99205715247798,0.99205715247798,0.9999410062219721,0.09433556918608567,0.09433556918608567,1.6050166877779048e-06,0.09465452908949916,0.09465452908949916,0.03927901625571231,1.0,1.0,0.0,0.0,0.0,0.0
unseen_analytical_functional_forms,50f3bacab6e6dbecbc622e87,cosh_well,truncated_line,2,0.9690032957509013,0.9690032957509013,0.9997779075824405,0.09433556918608567,0.09433556918608567,1.6050166877779048e-06,0.09171116239053605,0.09171116239053605,0.039150882757957264,1.0,1.0,1.0,0.0,0.0,0.0
unseen_analytical_functional_forms,50f3bacab6e6dbecbc622e87,cosh_well,truncated_line,3,0.985290021661733,0.985290021661733,0.9997870236754671,0.09433556918608567,0.09433556918608567,1.6050166877779048e-06,0.06046492324618135,0.06046492324618135,0.030560883707287306,1.0,1.0,1.0,0.0,0.0,0.0
unseen_analytical_functional_forms,50f3bacab6e6dbecbc622e87,cosh_well,truncated_line,4,0.9887063513312078,0.9887063513312078,0.9998194977658662,0.09433556918608567,0.09433556918608567,1.6050166877779048e-06,0.04486764972359025,0.04486764972359025,0.024052767783076252,1.0,1.0,1.0,0.0,0.0,0.0
unseen_analytical_functional_forms,50f3bacab6e6dbecbc622e87,cosh_well,truncated_line,5,0.9914068127521795,0.9914068127521795,0.9979659469518255,0.09433556918608567,0.09433556918608567,1.6050166877779048e-06,0.04484661926057611,0.04484661926057611,0.03667878986683175,1.0,1.0,1.0,0.0,0.0,0.0
unseen_analytical_functional_forms,50f3bacab6e6dbecbc622e87,cosh_well,truncated_line,6,0.9936041259072309,0.9936041259072309,0.9985477224003642,0.09433556918608567,0.09433556918608567,1.6050166877779048e-06,0.029779229057688584,0.029779229057688584,0.02566771510982181,1.0,1.0,1.0,0.0,0.0,0.0
unseen_analytical_functional_forms,50f3bacab6e6dbecbc622e87,cosh_well,truncated_line,7,0.9944404159862053,0.9944404159862053,0.9973128111395382,0.09433556918608567,0.09433556918608567,1.6050166877779048e-06,0.02490901472268956,0.02490901472268956,0.020515477101203248,1.0,1.0,1.0,0.0,0.0,0.0
unseen_analytical_functional_forms,50f3bacab6e6dbecbc622e87,cosh_well,truncated_line,8,0.9955576349332378,0.9955576349332378,0.9988368957896201,0.09433556918608567,0.09433556918608567,1.6050166877779048e-06,0.018375872481755144,0.018375872481755144,0.015587226527958698,1.0,1.0,1.0,0.0,0.0,0.0
unseen_analytical_functional_forms,50f3bacab6e6dbecbc622e87,cosh_well,truncated_line,9,0.9904111402585069,0.9904111402585069,0.998217968064604,0.09433556918608567,0.09433556918608567,1.6050166877779048e-06,0.03788977253837832,0.03788977253837832,0.018558112601338127,1.0,1.0,1.0,0.0,0.0,0.0
unseen_analytical_functional_forms,50f3bacab6e6dbecbc622e87,cosh_well,truncated_line,10,0.9900884656609205,0.9900884656609205,0.9976499079065916,0.09433556918608567,0.09433556918608567,1.6050166877779048e-06,0.022564153698547036,0.022564153698547036,0.01868617014486085,1.0,1.0,1.0,0.0,0.0,0.0
unseen_analytical_functional_forms,5523fb8f67e40d01d7eae812,cosh_well,truncated_line,0,0.998695668316677,0.998695668316677,0.9999890247722621,0.09176173872235796,0.09176173872235796,1.4371974516036445e-06,0.16441002512119485,0.16441002512119485,0.06197027874019239,1.0,1.0,0.0,0.0,0.0,0.0
unseen_analytical_functional_forms,5523fb8f67e40d01d7eae812,cosh_well,truncated_line,1,0.9921146230897008,0.9921146230897008,0.9999422542757357,0.09176173872235796,0.09176173872235796,1.4371974516036445e-06,0.09355334004081114,0.09355334004081114,0.038770970904646464,1.0,1.0,0.0,0.0,0.0,0.0
unseen_analytical_functional_forms,5523fb8f67e40d01d7eae812,cosh_well,truncated_line,2,0.9692941156578614,0.9692941156578614,0.9997792301638053,0.09176173872235796,0.09176173872235796,1.4371974516036445e-06,0.09126781124223075,0.09126781124223075,0.03888761745658213,1.0,1.0,1.0,0.0,0.0,0.0
unseen_analytical_functional_forms,5523fb8f67e40d01d7eae812,cosh_well,truncated_line,3,0.9853732557024221,0.9853732557024221,0.9997801508119685,0.09176173872235796,0.09176173872235796,1.4371974516036445e-06,0.0601889809024376,0.0601889809024376,0.030494032176126132,1.0,1.0,1.0,0.0,0.0,0.0
unseen_analytical_functional_forms,5523fb8f67e40d01d7eae812,cosh_well,truncated_line,4,0.9886180623043517,0.9886180623043517,0.9998197960244207,0.09176173872235796,0.09176173872235796,1.4371974516036445e-06,0.04471120632436426,0.04471120632436426,0.02389913050623119,1.0,1.0,1.0,0.0,0.0,0.0
unseen_analytical_functional_forms,5523fb8f67e40d01d7eae812,cosh_well,truncated_line,5,0.991291935337135,0.991291935337135,0.9979580790979529,0.09176173872235796,0.09176173872235796,1.4371974516036445e-06,0.045120082986924534,0.045120082986924534,0.03656361830699809,1.0,1.0,1.0,0.0,0.0,0.0
unseen_analytical_functional_forms,5523fb8f67e40d01d7eae812,cosh_well,truncated_line,6,0.9934999848316638,0.9934999848316638,0.9985497278831704,0.09176173872235796,0.09176173872235796,1.4371974516036445e-06,0.029792660741025215,0.029792660741025215,0.02559267895243578,1.0,1.0,1.0,0.0,0.0,0.0
unseen_analytical_functional_forms,5523fb8f67e40d01d7eae812,cosh_well,truncated_line,7,0.9943182585944557,0.9943182585944557,0.9972492833234479,0.09176173872235796,0.09176173872235796,1.4371974516036445e-06,0.02539751937015725,0.02539751937015725,0.02051242631896422,1.0,1.0,1.0,0.0,0.0,0.0
unseen_analytical_functional_forms,5523fb8f67e40d01d7eae812,cosh_well,truncated_line,8,0.9954258886600639,0.9954258886600639,0.9988265314785143,0.09176173872235796,0.09176173872235796,1.4371974516036445e-06,0.018479906018327785,0.018479906018327785,0.015310710992052811,1.0,1.0,1.0,0.0,0.0,0.0
unseen_analytical_functional_forms,5523fb8f67e40d01d7eae812,cosh_well,truncated_line,9,0.990242826708672,0.990242826708672,0.9982179295654426,0.09176173872235796,0.09176173872235796,1.4371974516036445e-06,0.03778533215819146,0.03778533215819146,0.018204832099254796,1.0,1.0,1.0,0.0,0.0,0.0
unseen_analytical_functional_forms,5523fb8f67e40d01d7eae812,cosh_well,truncated_line,10,0.9898434397750421,0.9898434397750421,0.9976091966496832,0.09176173872235796,0.09176173872235796,1.4371974516036445e-06,0.022321453716536988,0.022321453716536988,0.018399612483514863,1.0,1.0,1.0,0.0,0.0,0.0
unseen_analytical_functional_forms,614dd208afc5298ed6b83e81,eckart,half_line,0,0.036827385996062445,0.036827385996062445,0.4938275012352594,0.9787114084570531,0.9787114084570531,0.35302444529112875,0.26192903461044326,0.26192903461044326,0.5692400458256811,1.0,1.0,0.0,0.0,0.0,0.0
unseen_analytical_functional_forms,614dd208afc5298ed6b83e81,eckart,half_line,1,0.3069678455041097,0.3069678455041097,0.20420273330238164,0.9787114084570531,0.9787114084570531,0.35302444529112875,0.4589374974567804,0.4589374974567804,0.6490518156741636,1.0,1.0,0.0,0.0,0.0,0.0
unseen_analytical_functional_forms,614dd208afc5298ed6b83e81,eckart,half_line,2,0.1086625920986259,0.1086625920986259,0.07645516543214957,0.9787114084570531,0.9787114084570531,0.35302444529112875,0.6912185838088378,0.6912185838088378,0.5403744756108744,0.0,0.0,0.0,0.0,0.0,0.0
unseen_analytical_functional_forms,614dd208afc5298ed6b83e81,eckart,half_line,3,0.234800729390115,0.234800729390115,0.023267070668442063,0.9787114084570531,0.9787114084570531,0.35302444529112875,0.7237498057763138,0.7237498057763138,0.6025384429412253,1.0,1.0,0.0,0.0,0.0,0.0
unseen_analytical_functional_forms,614dd208afc5298ed6b83e81,eckart,half_line,4,0.030974454806669063,0.030974454806669063,0.0008088388263234782,0.9787114084570531,0.9787114084570531,0.35302444529112875,0.8081798293830635,0.8081798293830635,0.8098754427100288,1.0,1.0,0.0,0.0,0.0,0.0
unseen_analytical_functional_forms,614dd208afc5298ed6b83e81,eckart,half_line,5,0.010213342911592234,0.010213342911592234,6.758667009070547e-05,0.9787114084570531,0.9787114084570531,0.35302444529112875,0.8387318524520635,0.8387318524520635,0.6390117978649815,1.0,1.0,0.0,0.0,0.0,0.0
unseen_analytical_functional_forms,614dd208afc5298ed6b83e81,eckart,half_line,6,0.14135170111239367,0.14135170111239367,3.885089951542568e-05,0.9787114084570531,0.9787114084570531,0.35302444529112875,0.8904760845334059,0.8904760845334059,0.736293892109625,1.0,1.0,0.0,0.0,0.0,0.0
unseen_analytical_functional_forms,614dd208afc5298ed6b83e81,eckart,half_line,7,0.07921446715012179,0.07921446715012179,0.012720432052047153,0.9787114084570531,0.9787114084570531,0.35302444529112875,0.8600872975426863,0.8600872975426863,0.8182266846751288,1.0,1.0,0.0,0.0,0.0,0.0
unseen_analytical_functional_forms,614dd208afc5298ed6b83e81,eckart,half_line,8,0.0005205637429067416,0.0005205637429067416,0.013835955799182637,0.9787114084570531,0.9787114084570531,0.35302444529112875,0.9133007235905406,0.9133007235905406,0.935745315647562,1.0,1.0,0.0,0.0,0.0,0.0
unseen_analytical_functional_forms,614dd208afc5298ed6b83e81,eckart,half_line,9,0.05607179282799424,0.05607179282799424,0.005229481146932664,0.9787114084570531,0.9787114084570531,0.35302444529112875,0.9221973524389059,0.9221973524389059,0.9586820037797241,1.0,1.0,0.0,0.0,0.0,0.0
unseen_analytical_functional_forms,614dd208afc5298ed6b83e81,eckart,half_line,10,0.09758087073911488,0.09758087073911488,0.006160246410746568,0.9787114084570531,0.9787114084570531,0.35302444529112875,0.9539690286148199,0.9539690286148199,0.9614443708037361,1.0,1.0,0.0,0.0,0.0,0.0
unseen_analytical_functional_forms,62f3e4c6d5eecd90c12ab630,cosh_well,truncated_line,0,0.9986441154365278,0.9986441154365278,0.9999882006299369,0.09418345906611121,0.09418345906611121,1.7694325145090062e-06,0.17205628372414897,0.17205628372414897,0.06265582817600455,1.0,1.0,0.0,0.0,0.0,0.0
unseen_analytical_functional_forms,62f3e4c6d5eecd90c12ab630,cosh_well,truncated_line,1,0.9918728561844242,0.9918728561844242,0.9999395621345293,0.09418345906611121,0.09418345906611121,1.7694325145090062e-06,0.09590415074643649,0.09590415074643649,0.039838475289081896,1.0,1.0,0.0,0.0,0.0,0.0
unseen_analytical_functional_forms,62f3e4c6d5eecd90c12ab630,cosh_well,truncated_line,2,0.9688381195815032,0.9688381195815032,0.9997762423561731,0.09418345906611121,0.09418345906611121,1.7694325145090062e-06,0.09215799613976425,0.09215799613976425,0.03956631203981773,1.0,1.0,1.0,0.0,0.0,0.0
unseen_analytical_functional_forms,62f3e4c6d5eecd90c12ab630,cosh_well,truncated_line,3,0.985197442210819,0.985197442210819,0.999788349125277,0.09418345906611121,0.09418345906611121,1.7694325145090062e-06,0.06081280928251737,0.06081280928251737,0.030831159344518647,1.0,1.0,1.0,0.0,0.0,0.0
unseen_analytical_functional_forms,62f3e4c6d5eecd90c12ab630,cosh_well,truncated_line,4,0.9886326910451686,0.9886326910451686,0.9998173748717148,0.09418345906611121,0.09418345906611121,1.7694325145090062e-06,0.04519396291452449,0.04519396291452449,0.02435834751428843,1.0,1.0,1.0,0.0,0.0,0.0
unseen_analytical_functional_forms,62f3e4c6d5eecd90c12ab630,cosh_well,truncated_line,5,0.9913639694145604,0.9913639694145604,0.9979645537780073,0.09418345906611121,0.09418345906611121,1.7694325145090062e-06,0.045064501995789014,0.045064501995789014,0.036957329329046884,1.0,1.0,1.0,0.0,0.0,0.0
unseen_analytical_functional_forms,62f3e4c6d5eecd90c12ab630,cosh_well,truncated_line,6,0.9935735626272182,0.9935735626272182,0.9985364754993562,0.09418345906611121,0.09418345906611121,1.7694325145090062e-06,0.030022993327009268,0.030022993327009268,0.025924240962344674,1.0,1.0,1.0,0.0,0.0,0.0
unseen_analytical_functional_forms,62f3e4c6d5eecd90c12ab630,cosh_well,truncated_line,7,0.9944447233753828,0.9944447233753828,0.9973234187174962,0.09418345906611121,0.09418345906611121,1.7694325145090062e-06,0.02520508170062524,0.02520508170062524,0.020705409550656192,1.0,1.0,1.0,0.0,0.0,0.0
unseen_analytical_functional_forms,62f3e4c6d5eecd90c12ab630,cosh_well,truncated_line,8,0.9956223450808227,0.9956223450808227,0.9988454584092977,0.09418345906611121,0.09418345906611121,1.7694325145090062e-06,0.01865451039569839,0.01865451039569839,0.01572574327319505,1.0,1.0,1.0,0.0,0.0,0.0
unseen_analytical_functional_forms,62f3e4c6d5eecd90c12ab630,cosh_well,truncated_line,9,0.990456224174555,0.990456224174555,0.9982046303668803,0.09418345906611121,0.09418345906611121,1.7694325145090062e-06,0.03915006778702912,0.03915006778702912,0.018710228987543,1.0,1.0,1.0,0.0,0.0,0.0
unseen_analytical_functional_forms,62f3e4c6d5eecd90c12ab630,cosh_well,truncated_line,10,0.9902437024530918,0.9902437024530918,0.9977147788540772,0.09418345906611121,0.09418345906611121,1.7694325145090062e-06,0.023451178168341302,0.023451178168341302,0.018998377444148683,1.0,1.0,1.0,0.0,0.0,0.0
unseen_analytical_functional_forms,649331a41c858cec5c904c67,scarf_ii,truncated_line,0,0.9911569555806736,0.9911569555806736,0.9999402604969225,0.27941672103811327,0.27941672103811327,1.8837026547480207e-06,0.016797484671639155,0.016797484671639155,0.005120200456488966,1.0,1.0,0.0,0.0,0.0,0.0
unseen_analytical_functional_forms,649331a41c858cec5c904c67,scarf_ii,truncated_line,1,0.9894608993798727,0.9894608993798727,0.9998903821040656,0.27941672103811327,0.27941672103811327,1.8837026547480207e-06,0.021325128100097204,0.021325128100097204,0.0065445398614249,1.0,1.0,0.0,0.0,0.0,0.0
unseen_analytical_functional_forms,649331a41c858cec5c904c67,scarf_ii,truncated_line,2,0.9873744903636201,0.9873744903636201,0.9998375793141604,0.27941672103811327,0.27941672103811327,1.8837026547480207e-06,0.02345254388203438,0.02345254388203438,0.008235385924002489,1.0,1.0,0.0,0.0,0.0,0.0
unseen_analytical_functional_forms,649331a41c858cec5c904c67,scarf_ii,truncated_line,3,0.9811001950700856,0.9811001950700856,0.9996403820208133,0.27941672103811327,0.27941672103811327,1.8837026547480207e-06,0.04086109103970682,0.04086109103970682,0.015291174334861785,1.0,1.0,0.0,0.0,0.0,0.0
unseen_analytical_functional_forms,649331a41c858cec5c904c67,scarf_ii,truncated_line,4,0.9765364273563423,0.9765364273563423,0.9993531363634327,0.27941672103811327,0.27941672103811327,1.8837026547480207e-06,0.05471640843447081,0.05471640843447081,0.02205482937491492,1.0,1.0,0.0,0.0,0.0,0.0
unseen_analytical_functional_forms,649331a41c858cec5c904c67,scarf_ii,truncated_line,5,0.9682086337021121,0.9682086337021121,0.9987056449010552,0.27941672103811327,0.27941672103811327,1.8837026547480207e-06,0.08359609875880791,0.08359609875880791,0.02459696558494009,1.0,1.0,1.0,0.0,0.0,0.0
unseen_analytical_functional_forms,649331a41c858cec5c904c67,scarf_ii,truncated_line,6,0.9788249384392805,0.9788249384392805,0.996712994127844,0.27941672103811327,0.27941672103811327,1.8837026547480207e-06,0.06361986698102264,0.06361986698102264,0.03314440345019819,1.0,1.0,1.0,0.0,0.0,0.0
unseen_analytical_functional_forms,649331a41c858cec5c904c67,scarf_ii,truncated_line,7,0.9704383861601192,0.9704383861601192,0.9894828979415089,0.27941672103811327,0.27941672103811327,1.8837026547480207e-06,0.0811344876556466,0.0811344876556466,0.05794229200994259,1.0,1.0,1.0,0.0,0.0,0.0
unseen_analytical_functional_forms,649331a41c858cec5c904c67,scarf_ii,truncated_line,8,0.9466684698833551,0.9466684698833551,0.9962746223093844,0.27941672103811327,0.27941672103811327,1.8837026547480207e-06,0.0969142913426415,0.0969142913426415,0.055663908693533604,1.0,1.0,1.0,0.0,0.0,0.0
unseen_analytical_functional_forms,649331a41c858cec5c904c67,scarf_ii,truncated_line,9,0.9446751984353062,0.9446751984353062,0.9901130635945737,0.27941672103811327,0.27941672103811327,1.8837026547480207e-06,0.13462029328167177,0.13462029328167177,0.07755428493386615,1.0,1.0,1.0,0.0,0.0,0.0
unseen_analytical_functional_forms,649331a41c858cec5c904c67,scarf_ii,truncated_line,10,0.8914510319991643,0.8914510319991643,0.9852700972020076,0.27941672103811327,0.27941672103811327,1.8837026547480207e-06,0.22783759078898871,0.22783759078898871,0.13608172884300712,1.0,1.0,1.0,0.0,0.0,0.0
unseen_analytical_functional_forms,67d360effb3316940fee9c1f,scarf_ii,truncated_line,0,0.9972824143901623,0.9972824143901623,0.9999796250191372,0.2628969048506479,0.2628969048506479,1.934226782740467e-06,0.011742441554244965,0.011742441554244965,0.003474960099804041,1.0,1.0,1.0,0.0,0.0,0.0
unseen_analytical_functional_forms,67d360effb3316940fee9c1f,scarf_ii,truncated_line,1,0.9972014903108886,0.9972014903108886,0.9999694424239204,0.2628969048506479,0.2628969048506479,1.934226782740467e-06,0.013948281761455445,0.013948281761455445,0.0034813737474475442,1.0,1.0,1.0,0.0,0.0,0.0
unseen_analytical_functional_forms,67d360effb3316940fee9c1f,scarf_ii,truncated_line,2,0.9926275145237752,0.9926275145237752,0.9997853228511858,0.2628969048506479,0.2628969048506479,1.934226782740467e-06,0.017867443581878882,0.017867443581878882,0.008164565941502363,1.0,1.0,0.0,0.0,0.0,0.0
unseen_analytical_functional_forms,67d360effb3316940fee9c1f,scarf_ii,truncated_line,3,0.9866161360458353,0.9866161360458353,0.9995218998555118,0.2628969048506479,0.2628969048506479,1.934226782740467e-06,0.03654568618975334,0.03654568618975334,0.015006318689653055,1.0,1.0,1.0,0.0,0.0,0.0
unseen_analytical_functional_forms,67d360effb3316940fee9c1f,scarf_ii,truncated_line,4,0.9821576331610442,0.9821576331610442,0.9993488757558606,0.2628969048506479,0.2628969048506479,1.934226782740467e-06,0.04124800101501704,0.04124800101501704,0.020854510517491702,1.0,1.0,0.0,0.0,0.0,0.0
unseen_analytical_functional_forms,67d360effb3316940fee9c1f,scarf_ii,truncated_line,5,0.9779915192933304,0.9779915192933304,0.9991130486632629,0.2628969048506479,0.2628969048506479,1.934226782740467e-06,0.07333988346259074,0.07333988346259074,0.020416570973654846,1.0,1.0,1.0,0.0,0.0,0.0
unseen_analytical_functional_forms,67d360effb3316940fee9c1f,scarf_ii,truncated_line,6,0.9847868382997633,0.9847868382997633,0.9981529131073787,0.2628969048506479,0.2628969048506479,1.934226782740467e-06,0.04824349004165748,0.04824349004165748,0.02519741658367642,1.0,1.0,1.0,0.0,0.0,0.0
unseen_analytical_functional_forms,67d360effb3316940fee9c1f,scarf_ii,truncated_line,7,0.9773193007867308,0.9773193007867308,0.9915968492031865,0.2628969048506479,0.2628969048506479,1.934226782740467e-06,0.06407412219525706,0.06407412219525706,0.046509019513587754,1.0,1.0,1.0,0.0,0.0,0.0
unseen_analytical_functional_forms,67d360effb3316940fee9c1f,scarf_ii,truncated_line,8,0.9572512711059348,0.9572512711059348,0.9970665155038092,0.2628969048506479,0.2628969048506479,1.934226782740467e-06,0.07857375746488704,0.07857375746488704,0.04504482793781401,1.0,1.0,1.0,0.0,0.0,0.0
unseen_analytical_functional_forms,67d360effb3316940fee9c1f,scarf_ii,truncated_line,9,0.9537639996602852,0.9537639996602852,0.9909739892209074,0.2628969048506479,0.2628969048506479,1.934226782740467e-06,0.1071157780798167,0.1071157780798167,0.05792819259875904,1.0,1.0,1.0,0.0,0.0,0.0
unseen_analytical_functional_forms,67d360effb3316940fee9c1f,scarf_ii,truncated_line,10,0.9078068188171697,0.9078068188171697,0.9855335251739369,0.2628969048506479,0.2628969048506479,1.934226782740467e-06,0.19610706425985275,0.19610706425985275,0.11341824427921081,1.0,1.0,1.0,0.0,0.0,0.0
unseen_analytical_functional_forms,6b8b957c9feeb6c39f5edf11,eckart,half_line,0,2.031440367856261e-05,2.031440367856261e-05,0.0009069594081480471,0.9736005175004038,0.9736005175004038,0.001918158796680225,0.566468707477797,0.566468707477797,0.3138630246282794,1.0,1.0,0.0,0.0,0.0,0.0
unseen_analytical_functional_forms,6b8b957c9feeb6c39f5edf11,eckart,half_line,1,0.0003461091669626532,0.0003461091669626532,0.0005892462380430723,0.9736005175004038,0.9736005175004038,0.001918158796680225,0.5123690888657216,0.5123690888657216,0.19534772790232635,0.0,0.0,0.0,0.0,0.0,0.0
unseen_analytical_functional_forms,6b8b957c9feeb6c39f5edf11,eckart,half_line,2,0.0031679338408628025,0.0031679338408628025,0.0003403537796849594,0.9736005175004038,0.9736005175004038,0.001918158796680225,0.47549575484515355,0.47549575484515355,0.12002070792461071,0.0,0.0,0.0,0.0,0.0,0.0
unseen_analytical_functional_forms,6b8b957c9feeb6c39f5edf11,eckart,half_line,3,0.0074696039124161956,0.0074696039124161956,0.00014454956150441472,0.9736005175004038,0.9736005175004038,0.001918158796680225,0.5065719820966874,0.5065719820966874,0.08256078171931241,1.0,1.0,0.0,0.0,0.0,0.0
unseen_analytical_functional_forms,6b8b957c9feeb6c39f5edf11,eckart,half_line,4,0.01621303567712961,0.01621303567712961,9.299221444611167e-06,0.9736005175004038,0.9736005175004038,0.001918158796680225,0.5207528921808275,0.5207528921808275,0.06470072112886426,1.0,1.0,0.0,0.0,0.0,0.0
unseen_analytical_functional_forms,6b8b957c9feeb6c39f5edf11,eckart,half_line,5,0.029605133265599173,0.029605133265599173,2.720257671221636e-06,0.9736005175004038,0.9736005175004038,0.001918158796680225,0.5287916583902442,0.5287916583902442,0.027967553631665063,1.0,1.0,0.0,0.0,0.0,0.0
unseen_analytical_functional_forms,6b8b957c9feeb6c39f5edf11,eckart,half_line,6,0.04244141172092711,0.04244141172092711,2.7242292164175145e-07,0.9736005175004038,0.9736005175004038,0.001918158796680225,0.5277327583197657,0.5277327583197657,0.006459318130673474,1.0,1.0,0.0,0.0,0.0,0.0
unseen_analytical_functional_forms,6b8b957c9feeb6c39f5edf11,eckart,half_line,7,0.02265214440950821,0.02265214440950821,1.7965203405458145e-05,0.9736005175004038,0.9736005175004038,0.001918158796680225,0.5704910997702548,0.5704910997702548,0.019308891474611917,1.0,1.0,0.0,0.0,0.0,0.0
unseen_analytical_functional_forms,6b8b957c9feeb6c39f5edf11,eckart,half_line,8,0.02493079386147557,0.02493079386147557,2.643304828984352e-08,0.9736005175004038,0.9736005175004038,0.001918158796680225,0.491764554934508,0.491764554934508,0.03276933039303944,1.0,1.0,0.0,0.0,0.0,0.0
unseen_analytical_functional_forms,6b8b957c9feeb6c39f5edf11,eckart,half_line,9,0.051165517364583045,0.051165517364583045,0.00013383722840229096,0.9736005175004038,0.9736005175004038,0.001918158796680225,0.5275328312790357,0.5275328312790357,0.0572726222962729,1.0,1.0,1.0,0.0,0.0,0.0
unseen_analytical_functional_forms,6b8b957c9feeb6c39f5edf11,eckart,half_line,10,0.0103070493979897,0.0103070493979897,0.0003902656504323862,0.9736005175004038,0.9736005175004038,0.001918158796680225,0.5067982212279489,0.5067982212279489,0.13396744847747147,1.0,1.0,0.0,0.0,0.0,0.0
unseen_analytical_functional_forms,7d01faa462d1a8eafd86ffdc,cosh_well,truncated_line,0,0.9986381641251418,0.9986381641251418,0.9999874419983595,0.09394768366987373,0.09394768366987373,1.6984671676878449e-06,0.17199981815337542,0.17199981815337542,0.06267492926946765,1.0,1.0,0.0,0.0,0.0,0.0
unseen_analytical_functional_forms,7d01faa462d1a8eafd86ffdc,cosh_well,truncated_line,1,0.9918590691597571,0.9918590691597571,0.9999387700159923,0.09394768366987373,0.09394768366987373,1.6984671676878449e-06,0.09593532682000405,0.09593532682000405,0.03985235179636094,1.0,1.0,0.0,0.0,0.0,0.0
unseen_analytical_functional_forms,7d01faa462d1a8eafd86ffdc,cosh_well,truncated_line,2,0.9688460104439206,0.9688460104439206,0.9997751669449418,0.09394768366987373,0.09394768366987373,1.6984671676878449e-06,0.09216507859449422,0.09216507859449422,0.03958660909726657,1.0,1.0,1.0,0.0,0.0,0.0
unseen_analytical_functional_forms,7d01faa462d1a8eafd86ffdc,cosh_well,truncated_line,3,0.985195343562672,0.985195343562672,0.9997880304182684,0.09394768366987373,0.09394768366987373,1.6984671676878449e-06,0.06082446030493727,0.06082446030493727,0.030852364572186874,1.0,1.0,1.0,0.0,0.0,0.0
unseen_analytical_functional_forms,7d01faa462d1a8eafd86ffdc,cosh_well,truncated_line,4,0.9886175186336124,0.9886175186336124,0.9998167132806274,0.09394768366987373,0.09394768366987373,1.6984671676878449e-06,0.04521438757982304,0.04521438757982304,0.024376861642693547,1.0,1.0,1.0,0.0,0.0,0.0
unseen_analytical_functional_forms,7d01faa462d1a8eafd86ffdc,cosh_well,truncated_line,5,0.9913495327164924,0.9913495327164924,0.9979634129449815,0.09394768366987373,0.09394768366987373,1.6984671676878449e-06,0.04511073099473439,0.04511073099473439,0.036977009465236355,1.0,1.0,1.0,0.0,0.0,0.0
unseen_analytical_functional_forms,7d01faa462d1a8eafd86ffdc,cosh_well,truncated_line,6,0.9935613568329084,0.9935613568329084,0.998534844382061,0.09394768366987373,0.09394768366987373,1.6984671676878449e-06,0.03004932634090418,0.03004932634090418,0.02594518353877103,1.0,1.0,1.0,0.0,0.0,0.0
unseen_analytical_functional_forms,7d01faa462d1a8eafd86ffdc,cosh_well,truncated_line,7,0.9944346017907302,0.9944346017907302,0.9973192922097451,0.09394768366987373,0.09394768366987373,1.6984671676878449e-06,0.025278268188826704,0.025278268188826704,0.02072470566219283,1.0,1.0,1.0,0.0,0.0,0.0
unseen_analytical_functional_forms,7d01faa462d1a8eafd86ffdc,cosh_well,truncated_line,8,0.9956179250307011,0.9956179250307011,0.9988464804413536,0.09394768366987373,0.09394768366987373,1.6984671676878449e-06,0.018693338351570978,0.018693338351570978,0.015715620673529496,1.0,1.0,1.0,0.0,0.0,0.0
unseen_analytical_functional_forms,7d01faa462d1a8eafd86ffdc,cosh_well,truncated_line,9,0.9904463139609673,0.9904463139609673,0.998203696216007,0.09394768366987373,0.09394768366987373,1.6984671676878449e-06,0.03927371904825378,0.03927371904825378,0.018694351278242715,1.0,1.0,1.0,0.0,0.0,0.0
unseen_analytical_functional_forms,7d01faa462d1a8eafd86ffdc,cosh_well,truncated_line,10,0.9902390470136676,0.9902390470136676,0.9977176620033713,0.09394768366987373,0.09394768366987373,1.6984671676878449e-06,0.02352417959525518,0.02352417959525518,0.0190027197194671,1.0,1.0,1.0,0.0,0.0,0.0
unseen_analytical_functional_forms,830d26e9b97383b72d9faa1d,scarf_ii,truncated_line,0,0.9977333436921177,0.9977333436921177,0.999986053431651,0.24736218579266292,0.24736218579266292,1.177468359148115e-06,0.009933906597878758,0.009933906597878758,0.003174155457424363,1.0,1.0,1.0,0.0,0.0,0.0
unseen_analytical_functional_forms,830d26e9b97383b72d9faa1d,scarf_ii,truncated_line,1,0.9979049064032239,0.9979049064032239,0.9999850184169891,0.24736218579266292,0.24736218579266292,1.177468359148115e-06,0.011473546703242694,0.011473546703242694,0.002645211313032305,1.0,1.0,1.0,0.0,0.0,0.0
unseen_analytical_functional_forms,830d26e9b97383b72d9faa1d,scarf_ii,truncated_line,2,0.9932441689220958,0.9932441689220958,0.9997556037318782,0.24736218579266292,0.24736218579266292,1.177468359148115e-06,0.016432605641921685,0.016432605641921685,0.008195680050140094,1.0,1.0,0.0,0.0,0.0,0.0
unseen_analytical_functional_forms,830d26e9b97383b72d9faa1d,scarf_ii,truncated_line,3,0.9886328232800415,0.9886328232800415,0.9993944312069899,0.24736218579266292,0.24736218579266292,1.177468359148115e-06,0.032074411145857754,0.032074411145857754,0.015563278724001818,1.0,1.0,1.0,0.0,0.0,0.0
unseen_analytical_functional_forms,830d26e9b97383b72d9faa1d,scarf_ii,truncated_line,4,0.9851369035145503,0.9851369035145503,0.9992661778887825,0.24736218579266292,0.24736218579266292,1.177468359148115e-06,0.035745593613074694,0.035745593613074694,0.01982949437169733,1.0,1.0,1.0,0.0,0.0,0.0
unseen_analytical_functional_forms,830d26e9b97383b72d9faa1d,scarf_ii,truncated_line,5,0.9816074272910003,0.9816074272910003,0.9993276998590056,0.24736218579266292,0.24736218579266292,1.177468359148115e-06,0.06516507300401292,0.06516507300401292,0.018175879481292883,1.0,1.0,1.0,0.0,0.0,0.0
unseen_analytical_functional_forms,830d26e9b97383b72d9faa1d,scarf_ii,truncated_line,6,0.9874118209025815,0.9874118209025815,0.9987528143953434,0.24736218579266292,0.24736218579266292,1.177468359148115e-06,0.04188935232976152,0.04188935232976152,0.020819984167479228,1.0,1.0,1.0,0.0,0.0,0.0
unseen_analytical_functional_forms,830d26e9b97383b72d9faa1d,scarf_ii,truncated_line,7,0.9803892774387896,0.9803892774387896,0.9922957333349421,0.24736218579266292,0.24736218579266292,1.177468359148115e-06,0.05719449272573614,0.05719449272573614,0.040289164255727664,1.0,1.0,1.0,0.0,0.0,0.0
unseen_analytical_functional_forms,830d26e9b97383b72d9faa1d,scarf_ii,truncated_line,8,0.9629060397317318,0.9629060397317318,0.9973481028428866,0.24736218579266292,0.24736218579266292,1.177468359148115e-06,0.06520585472468819,0.06520585472468819,0.03805722501329661,1.0,1.0,1.0,0.0,0.0,0.0
unseen_analytical_functional_forms,830d26e9b97383b72d9faa1d,scarf_ii,truncated_line,9,0.9590586323186496,0.9590586323186496,0.9919150727579131,0.24736218579266292,0.24736218579266292,1.177468359148115e-06,0.08606716767486221,0.08606716767486221,0.04909911317295589,1.0,1.0,1.0,0.0,0.0,0.0
unseen_analytical_functional_forms,830d26e9b97383b72d9faa1d,scarf_ii,truncated_line,10,0.9188511716420845,0.9188511716420845,0.9868906262231742,0.24736218579266292,0.24736218579266292,1.177468359148115e-06,0.16267051573387695,0.16267051573387695,0.0931662992308617,1.0,1.0,1.0,0.0,0.0,0.0
unseen_analytical_functional_forms,86a4e3e83bddc846c89f615d,eckart,half_line,0,0.036803354506553095,0.036803354506553095,0.486585387023794,0.9792868758889806,0.9792868758889806,0.30927688955229815,0.27639397825440215,0.27639397825440215,0.6776529507539056,1.0,1.0,0.0,0.0,0.0,0.0
unseen_analytical_functional_forms,86a4e3e83bddc846c89f615d,eckart,half_line,1,0.31049782016078,0.31049782016078,0.19956513445059482,0.9792868758889806,0.9792868758889806,0.30927688955229815,0.44488503445420313,0.44488503445420313,0.7770375190706793,1.0,1.0,0.0,0.0,0.0,0.0
unseen_analytical_functional_forms,86a4e3e83bddc846c89f615d,eckart,half_line,2,0.10572937259385502,0.10572937259385502,0.07606687911020835,0.9792868758889806,0.9792868758889806,0.30927688955229815,0.6467444198639394,0.6467444198639394,0.7017763560570142,0.0,0.0,0.0,0.0,0.0,0.0
unseen_analytical_functional_forms,86a4e3e83bddc846c89f615d,eckart,half_line,3,0.2416286743083555,0.2416286743083555,0.024946312732389873,0.9792868758889806,0.9792868758889806,0.30927688955229815,0.8115480752726734,0.8115480752726734,0.6774734754367775,1.0,1.0,0.0,0.0,0.0,0.0
unseen_analytical_functional_forms,86a4e3e83bddc846c89f615d,eckart,half_line,4,0.03942094436242121,0.03942094436242121,0.0012728947310349237,0.9792868758889806,0.9792868758889806,0.30927688955229815,0.8681755815581733,0.8681755815581733,0.8494467639452064,1.0,1.0,0.0,0.0,0.0,0.0
unseen_analytical_functional_forms,86a4e3e83bddc846c89f615d,eckart,half_line,5,0.017013390509454773,0.017013390509454773,1.9176326427817875e-05,0.9792868758889806,0.9792868758889806,0.30927688955229815,0.8744390068569361,0.8744390068569361,0.7262505501707296,1.0,1.0,0.0,0.0,0.0,0.0
unseen_analytical_functional_forms,86a4e3e83bddc846c89f615d,eckart,half_line,6,0.1607864784539188,0.1607864784539188,8.355502152781817e-07,0.9792868758889806,0.9792868758889806,0.30927688955229815,0.8817697476873118,0.8817697476873118,0.7895192093574261,1.0,1.0,0.0,0.0,0.0,0.0
unseen_analytical_functional_forms,86a4e3e83bddc846c89f615d,eckart,half_line,7,0.06359669413141761,0.06359669413141761,0.009722993088606415,0.9792868758889806,0.9792868758889806,0.30927688955229815,0.8197673669432538,0.8197673669432538,0.8287742401615643,1.0,1.0,0.0,0.0,0.0,0.0
unseen_analytical_functional_forms,86a4e3e83bddc846c89f615d,eckart,half_line,8,4.60949232990675e-05,4.60949232990675e-05,0.007721940410724153,0.9792868758889806,0.9792868758889806,0.30927688955229815,0.9478621142380026,0.9478621142380026,0.9468710721671125,1.0,1.0,0.0,0.0,0.0,0.0
unseen_analytical_functional_forms,86a4e3e83bddc846c89f615d,eckart,half_line,9,0.07255108526576468,0.07255108526576468,0.008064645745094204,0.9792868758889806,0.9792868758889806,0.30927688955229815,0.9299153653798052,0.9299153653798052,0.953525145481438,1.0,1.0,0.0,0.0,0.0,0.0
unseen_analytical_functional_forms,86a4e3e83bddc846c89f615d,eckart,half_line,10,0.1078536641194408,0.1078536641194408,0.002900822666104207,0.9792868758889806,0.9792868758889806,0.30927688955229815,0.9682252074937977,0.9682252074937977,0.963730940580015,1.0,1.0,0.0,0.0,0.0,0.0
unseen_analytical_functional_forms,9b98373479ffd04f98fd2eb9,cosh_well,truncated_line,0,0.9987106591934565,0.9987106591934565,0.9999886053879786,0.0922708571761305,0.0922708571761305,9.853592756181584e-07,0.16440391638747132,0.16440391638747132,0.061926714908504585,1.0,1.0,0.0,0.0,0.0,0.0
unseen_analytical_functional_forms,9b98373479ffd04f98fd2eb9,cosh_well,truncated_line,1,0.9921506573583365,0.9921506573583365,0.9999423818053604,0.0922708571761305,0.0922708571761305,9.853592756181584e-07,0.0934399373881562,0.0934399373881562,0.038723845671252206,1.0,1.0,0.0,0.0,0.0,0.0
unseen_analytical_functional_forms,9b98373479ffd04f98fd2eb9,cosh_well,truncated_line,2,0.9692837367775012,0.9692837367775012,0.999779930973659,0.0922708571761305,0.0922708571761305,9.853592756181584e-07,0.09123606178047967,0.09123606178047967,0.03882969798911241,1.0,1.0,1.0,0.0,0.0,0.0
unseen_analytical_functional_forms,9b98373479ffd04f98fd2eb9,cosh_well,truncated_line,3,0.9853823205395172,0.9853823205395172,0.9997815956257015,0.0922708571761305,0.0922708571761305,9.853592756181584e-07,0.060151498355289316,0.060151498355289316,0.030439623816704037,1.0,1.0,1.0,0.0,0.0,0.0
unseen_analytical_functional_forms,9b98373479ffd04f98fd2eb9,cosh_well,truncated_line,4,0.9886542914421105,0.9886542914421105,0.9998205361341845,0.0922708571761305,0.0922708571761305,9.853592756181584e-07,0.04465691499698178,0.04465691499698178,0.023850914629217065,1.0,1.0,1.0,0.0,0.0,0.0
unseen_analytical_functional_forms,9b98373479ffd04f98fd2eb9,cosh_well,truncated_line,5,0.9913251546766314,0.9913251546766314,0.9979603548423247,0.0922708571761305,0.0922708571761305,9.853592756181584e-07,0.04501372815143681,0.04501372815143681,0.036514421626498095,1.0,1.0,1.0,0.0,0.0,0.0
unseen_analytical_functional_forms,9b98373479ffd04f98fd2eb9,cosh_well,truncated_line,6,0.993527983155137,0.993527983155137,0.9985525336067225,0.0922708571761305,0.0922708571761305,9.853592756181584e-07,0.02972654176890662,0.02972654176890662,0.025541601910529472,1.0,1.0,1.0,0.0,0.0,0.0
unseen_analytical_functional_forms,9b98373479ffd04f98fd2eb9,cosh_well,truncated_line,7,0.9943402673496765,0.9943402673496765,0.9972585964484755,0.0922708571761305,0.0922708571761305,9.853592756181584e-07,0.025228963976398084,0.025228963976398084,0.020465305290124722,1.0,1.0,1.0,0.0,0.0,0.0
unseen_analytical_functional_forms,9b98373479ffd04f98fd2eb9,cosh_well,truncated_line,8,0.9954336627348376,0.9954336627348376,0.9988267728022289,0.0922708571761305,0.0922708571761305,9.853592756181584e-07,0.018388632551618184,0.018388632551618184,0.015331604778203738,1.0,1.0,1.0,0.0,0.0,0.0
unseen_analytical_functional_forms,9b98373479ffd04f98fd2eb9,cosh_well,truncated_line,9,0.9902617824171721,0.9902617824171721,0.9982209969812212,0.0922708571761305,0.0922708571761305,9.853592756181584e-07,0.0374909097769536,0.0374909097769536,0.018242292125870856,1.0,1.0,1.0,0.0,0.0,0.0
unseen_analytical_functional_forms,9b98373479ffd04f98fd2eb9,cosh_well,truncated_line,10,0.9898475647634377,0.9898475647634377,0.9975991924655975,0.0922708571761305,0.0922708571761305,9.853592756181584e-07,0.022189476697211986,0.022189476697211986,0.018416810820115464,1.0,1.0,1.0,0.0,0.0,0.0
unseen_analytical_functional_forms,9e9eddd77bf096604c1c16a9,cosh_well,truncated_line,0,0.9986954242226634,0.9986954242226634,0.9999881334417238,0.09273089428035666,0.09273089428035666,1.3167115635592808e-06,0.16618785465687208,0.16618785465687208,0.06209855707149683,1.0,1.0,0.0,0.0,0.0,0.0
unseen_analytical_functional_forms,9e9eddd77bf096604c1c16a9,cosh_well,truncated_line,1,0.9920860129302376,0.9920860129302376,0.9999418350719098,0.09273089428035666,0.09273089428035666,1.3167115635592808e-06,0.0940134820169549,0.0940134820169549,0.03898404878872,1.0,1.0,0.0,0.0,0.0,0.0
unseen_analytical_functional_forms,9e9eddd77bf096604c1c16a9,cosh_well,truncated_line,2,0.9691778003132677,0.9691778003132677,0.9997790182483257,0.09273089428035666,0.09273089428035666,1.3167115635592808e-06,0.09145159643218367,0.09145159643218367,0.039004033655644206,1.0,1.0,1.0,0.0,0.0,0.0
unseen_analytical_functional_forms,9e9eddd77bf096604c1c16a9,cosh_well,truncated_line,3,0.9853389025023206,0.9853389025023206,0.9997828096288814,0.09273089428035666,0.09273089428035666,1.3167115635592808e-06,0.06030615508064563,0.06030615508064563,0.030528182670447088,1.0,1.0,1.0,0.0,0.0,0.0
unseen_analytical_functional_forms,9e9eddd77bf096604c1c16a9,cosh_well,truncated_line,4,0.9886486196586697,0.9886486196586697,0.9998201541222943,0.09273089428035666,0.09273089428035666,1.3167115635592808e-06,0.04478356860466461,0.04478356860466461,0.02396929471542334,1.0,1.0,1.0,0.0,0.0,0.0
unseen_analytical_functional_forms,9e9eddd77bf096604c1c16a9,cosh_well,truncated_line,5,0.9913337988068466,0.9913337988068466,0.9979610824456121,0.09273089428035666,0.09273089428035666,1.3167115635592808e-06,0.045026074041633085,0.045026074041633085,0.03662032783527698,1.0,1.0,1.0,0.0,0.0,0.0
unseen_analytical_functional_forms,9e9eddd77bf096604c1c16a9,cosh_well,truncated_line,6,0.9935385379812074,0.9935385379812074,0.9985481026762507,0.09273089428035666,0.09273089428035666,1.3167115635592808e-06,0.02979615352900865,0.02979615352900865,0.02563277862324506,1.0,1.0,1.0,0.0,0.0,0.0
unseen_analytical_functional_forms,9e9eddd77bf096604c1c16a9,cosh_well,truncated_line,7,0.9943650248036734,0.9943650248036734,0.9972739425975023,0.09273089428035666,0.09273089428035666,1.3167115635592808e-06,0.025223727595388587,0.025223727595388587,0.020520792200776197,1.0,1.0,1.0,0.0,0.0,0.0
unseen_analytical_functional_forms,9e9eddd77bf096604c1c16a9,cosh_well,truncated_line,8,0.9954793662588558,0.9954793662588558,0.9988317130825769,0.09273089428035666,0.09273089428035666,1.3167115635592808e-06,0.018446700581718392,0.018446700581718392,0.015418161371125396,1.0,1.0,1.0,0.0,0.0,0.0
unseen_analytical_functional_forms,9e9eddd77bf096604c1c16a9,cosh_well,truncated_line,9,0.9903089887031999,0.9903089887031999,0.9982176521016463,0.09273089428035666,0.09273089428035666,1.3167115635592808e-06,0.037878097733050634,0.037878097733050634,0.018340277683641142,1.0,1.0,1.0,0.0,0.0,0.0
unseen_analytical_functional_forms,9e9eddd77bf096604c1c16a9,cosh_well,truncated_line,10,0.9899440236870621,0.9899440236870621,0.997627781712053,0.09273089428035666,0.09273089428035666,1.3167115635592808e-06,0.022438675896410677,0.022438675896410677,0.018507395218328136,1.0,1.0,1.0,0.0,0.0,0.0
unseen_analytical_functional_forms,9ea0a396459a21cffae3d460,scarf_ii,truncated_line,0,0.9921699726108469,0.9921699726108469,0.9999022209108148,0.30981571574911626,0.30981571574911626,1.4786722098980576e-06,0.021038732025287738,0.021038732025287738,0.006665137015465312,1.0,1.0,0.0,0.0,0.0,0.0
unseen_analytical_functional_forms,9ea0a396459a21cffae3d460,scarf_ii,truncated_line,1,0.9917275075012356,0.9917275075012356,0.9996581502098916,0.30981571574911626,0.30981571574911626,1.4786722098980576e-06,0.027114740920990615,0.027114740920990615,0.011001528943468675,1.0,1.0,0.0,0.0,0.0,0.0
unseen_analytical_functional_forms,9ea0a396459a21cffae3d460,scarf_ii,truncated_line,2,0.9845011772468326,0.9845011772468326,0.9998763951970608,0.30981571574911626,0.30981571574911626,1.4786722098980576e-06,0.029189850522605993,0.029189850522605993,0.007901633466710207,1.0,1.0,0.0,0.0,0.0,0.0
unseen_analytical_functional_forms,9ea0a396459a21cffae3d460,scarf_ii,truncated_line,3,0.9715893388501441,0.9715893388501441,0.9996892415733991,0.30981571574911626,0.30981571574911626,1.4786722098980576e-06,0.055726777083472456,0.055726777083472456,0.014061017613487936,1.0,1.0,0.0,0.0,0.0,0.0
unseen_analytical_functional_forms,9ea0a396459a21cffae3d460,scarf_ii,truncated_line,4,0.9646696186543832,0.9646696186543832,0.9993740060735781,0.30981571574911626,0.30981571574911626,1.4786722098980576e-06,0.06564043019570283,0.06564043019570283,0.024162620121946806,1.0,1.0,0.0,0.0,0.0,0.0
unseen_analytical_functional_forms,9ea0a396459a21cffae3d460,scarf_ii,truncated_line,5,0.9561997857719653,0.9561997857719653,0.9975872823853288,0.30981571574911626,0.30981571574911626,1.4786722098980576e-06,0.10413033299284881,0.10413033299284881,0.030725681212178155,1.0,1.0,1.0,0.0,0.0,0.0
unseen_analytical_functional_forms,9ea0a396459a21cffae3d460,scarf_ii,truncated_line,6,0.9691340975748758,0.9691340975748758,0.9946770755689298,0.30981571574911626,0.30981571574911626,1.4786722098980576e-06,0.07814832451529215,0.07814832451529215,0.0444314132065415,1.0,1.0,1.0,0.0,0.0,0.0
unseen_analytical_functional_forms,9ea0a396459a21cffae3d460,scarf_ii,truncated_line,7,0.9603693797814922,0.9603693797814922,0.9874602175044758,0.30981571574911626,0.30981571574911626,1.4786722098980576e-06,0.09888909227756343,0.09888909227756343,0.07202565766488989,1.0,1.0,1.0,0.0,0.0,0.0
unseen_analytical_functional_forms,9ea0a396459a21cffae3d460,scarf_ii,truncated_line,8,0.9308788360903744,0.9308788360903744,0.9953971673529294,0.30981571574911626,0.30981571574911626,1.4786722098980576e-06,0.13086953756006078,0.13086953756006078,0.07266866358223159,1.0,1.0,1.0,0.0,0.0,0.0
unseen_analytical_functional_forms,9ea0a396459a21cffae3d460,scarf_ii,truncated_line,9,0.9317046304348545,0.9317046304348545,0.9895399250600561,0.30981571574911626,0.30981571574911626,1.4786722098980576e-06,0.18255287428936315,0.18255287428936315,0.09511016264834608,1.0,1.0,1.0,0.0,0.0,0.0
unseen_analytical_functional_forms,9ea0a396459a21cffae3d460,scarf_ii,truncated_line,10,0.8643739884297283,0.8643739884297283,0.9829313747609716,0.30981571574911626,0.30981571574911626,1.4786722098980576e-06,0.3007013181281572,0.3007013181281572,0.1920039060826889,1.0,1.0,1.0,0.0,0.0,0.0
unseen_analytical_functional_forms,a475005dfe45cfa215a9f890,cosh_well,truncated_line,0,0.9987330735142755,0.9987330735142755,0.9999882420003934,0.0923840015956786,0.0923840015956786,1.827147172561716e-06,0.16318370825477466,0.16318370825477466,0.06177438474756767,1.0,1.0,0.0,0.0,0.0,0.0
unseen_analytical_functional_forms,a475005dfe45cfa215a9f890,cosh_well,truncated_line,1,0.9922245025930444,0.9922245025930444,0.999942052497013,0.0923840015956786,0.0923840015956786,1.827147172561716e-06,0.09295269019191597,0.09295269019191597,0.038506589351048864,1.0,1.0,0.0,0.0,0.0,0.0
unseen_analytical_functional_forms,a475005dfe45cfa215a9f890,cosh_well,truncated_line,2,0.9693479705637871,0.9693479705637871,0.9997808725805291,0.0923840015956786,0.0923840015956786,1.827147172561716e-06,0.09106159650271096,0.09106159650271096,0.03866081361083752,1.0,1.0,1.0,0.0,0.0,0.0
unseen_analytical_functional_forms,a475005dfe45cfa215a9f890,cosh_well,truncated_line,3,0.9854198339527215,0.9854198339527215,0.9997805080213817,0.0923840015956786,0.0923840015956786,1.827147172561716e-06,0.06001411574947942,0.06001411574947942,0.030334793900170114,1.0,1.0,1.0,0.0,0.0,0.0
unseen_analytical_functional_forms,a475005dfe45cfa215a9f890,cosh_well,truncated_line,4,0.9886892264544873,0.9886892264544873,0.999821041407228,0.0923840015956786,0.0923840015956786,1.827147172561716e-06,0.044524230434977836,0.044524230434977836,0.023729691752163596,1.0,1.0,1.0,0.0,0.0,0.0
unseen_analytical_functional_forms,a475005dfe45cfa215a9f890,cosh_well,truncated_line,5,0.99134714925591,0.99134714925591,0.9979608104650065,0.0923840015956786,0.0923840015956786,1.827147172561716e-06,0.04491463333009118,0.04491463333009118,0.03639947845755723,1.0,1.0,1.0,0.0,0.0,0.0
unseen_analytical_functional_forms,a475005dfe45cfa215a9f890,cosh_well,truncated_line,6,0.9935446684091447,0.9935446684091447,0.9985576216737873,0.0923840015956786,0.0923840015956786,1.827147172561716e-06,0.02962324246407257,0.02962324246407257,0.025435835192531838,1.0,1.0,1.0,0.0,0.0,0.0
unseen_analytical_functional_forms,a475005dfe45cfa215a9f890,cosh_well,truncated_line,7,0.9943416662963979,0.9943416662963979,0.9972552070752162,0.0923840015956786,0.0923840015956786,1.827147172561716e-06,0.02509019652650594,0.02509019652650594,0.020387989952004883,1.0,1.0,1.0,0.0,0.0,0.0
unseen_analytical_functional_forms,a475005dfe45cfa215a9f890,cosh_well,truncated_line,8,0.9954079694967009,0.9954079694967009,0.998821891462705,0.0923840015956786,0.0923840015956786,1.827147172561716e-06,0.01827700537197017,0.01827700537197017,0.015293598604977516,1.0,1.0,1.0,0.0,0.0,0.0
unseen_analytical_functional_forms,a475005dfe45cfa215a9f890,cosh_well,truncated_line,9,0.990244912216796,0.990244912216796,0.9982249440686385,0.0923840015956786,0.0923840015956786,1.827147172561716e-06,0.03697976996356283,0.03697976996356283,0.018213813500337215,1.0,1.0,1.0,0.0,0.0,0.0
unseen_analytical_functional_forms,a475005dfe45cfa215a9f890,cosh_well,truncated_line,10,0.989783711858602,0.989783711858602,0.9975686644217819,0.0923840015956786,0.0923840015956786,1.827147172561716e-06,0.021941129801778956,0.021941129801778956,0.018395976093495567,1.0,1.0,1.0,0.0,0.0,0.0
unseen_analytical_functional_forms,aa3adf4af840f1e1915e4e85,eckart,half_line,0,0.028043469527459956,0.028043469527459956,0.4042384829550641,0.9818242200565516,0.9818242200565516,0.23304399488157834,0.2919842384818649,0.2919842384818649,0.6256150553253026,1.0,1.0,0.0,0.0,0.0,0.0
unseen_analytical_functional_forms,aa3adf4af840f1e1915e4e85,eckart,half_line,1,0.28079999909871384,0.28079999909871384,0.13807586189453916,0.9818242200565516,0.9818242200565516,0.23304399488157834,0.47911087165534305,0.47911087165534305,0.720898179832505,1.0,1.0,0.0,0.0,0.0,0.0
unseen_analytical_functional_forms,aa3adf4af840f1e1915e4e85,eckart,half_line,2,0.14597756392104153,0.14597756392104153,0.03996048379409419,0.9818242200565516,0.9818242200565516,0.23304399488157834,0.6687978430815777,0.6687978430815777,0.7781808773879071,0.0,0.0,0.0,0.0,0.0,0.0
unseen_analytical_functional_forms,aa3adf4af840f1e1915e4e85,eckart,half_line,3,0.21671277770304004,0.21671277770304004,0.008375937550439968,0.9818242200565516,0.9818242200565516,0.23304399488157834,0.713479468041207,0.713479468041207,0.7994462723160377,1.0,1.0,0.0,0.0,0.0,0.0
unseen_analytical_functional_forms,aa3adf4af840f1e1915e4e85,eckart,half_line,4,0.01999130435584899,0.01999130435584899,0.00034491703794960107,0.9818242200565516,0.9818242200565516,0.23304399488157834,0.7975208107223913,0.7975208107223913,0.8992706567829721,1.0,1.0,0.0,0.0,0.0,0.0
unseen_analytical_functional_forms,aa3adf4af840f1e1915e4e85,eckart,half_line,5,0.007476088327198623,0.007476088327198623,0.0018015635369085918,0.9818242200565516,0.9818242200565516,0.23304399488157834,0.8227604318166464,0.8227604318166464,0.8292442480600627,1.0,1.0,0.0,0.0,0.0,0.0
unseen_analytical_functional_forms,aa3adf4af840f1e1915e4e85,eckart,half_line,6,0.1341640583083481,0.1341640583083481,0.00021342099572142076,0.9818242200565516,0.9818242200565516,0.23304399488157834,0.8682488599554128,0.8682488599554128,0.8668908746585564,1.0,1.0,0.0,0.0,0.0,0.0
unseen_analytical_functional_forms,aa3adf4af840f1e1915e4e85,eckart,half_line,7,0.07184156350755312,0.07184156350755312,0.01399491096955853,0.9818242200565516,0.9818242200565516,0.23304399488157834,0.8320576654522659,0.8320576654522659,0.8988714860351751,1.0,1.0,0.0,0.0,0.0,0.0
unseen_analytical_functional_forms,aa3adf4af840f1e1915e4e85,eckart,half_line,8,0.0010576168051160196,0.0010576168051160196,0.010984176513495808,0.9818242200565516,0.9818242200565516,0.23304399488157834,0.9029315635540777,0.9029315635540777,0.9694354378683416,1.0,1.0,0.0,0.0,0.0,0.0
unseen_analytical_functional_forms,aa3adf4af840f1e1915e4e85,eckart,half_line,9,0.062411665809156004,0.062411665809156004,0.01164548614856168,0.9818242200565516,0.9818242200565516,0.23304399488157834,0.9087416703496969,0.9087416703496969,0.9816231118177985,1.0,1.0,0.0,0.0,0.0,0.0
unseen_analytical_functional_forms,aa3adf4af840f1e1915e4e85,eckart,half_line,10,0.09753395768056589,0.09753395768056589,0.0031725974102293306,0.9818242200565516,0.9818242200565516,0.23304399488157834,0.940765279718548,0.940765279718548,0.9758996751861205,1.0,1.0,0.0,0.0,0.0,0.0
unseen_analytical_functional_forms,ad0098a06a72897464e1cbb4,eckart,half_line,0,0.04306274600509717,0.04306274600509717,0.5452985219338274,0.9767119255163842,0.9767119255163842,0.4118110790438658,0.2476008915627169,0.2476008915627169,0.5477735093209614,1.0,1.0,0.0,0.0,0.0,0.0
unseen_analytical_functional_forms,ad0098a06a72897464e1cbb4,eckart,half_line,1,0.3233846027290509,0.3233846027290509,0.24901126088227746,0.9767119255163842,0.9767119255163842,0.4118110790438658,0.44925535974576947,0.44925535974576947,0.6635417687069719,1.0,1.0,0.0,0.0,0.0,0.0
unseen_analytical_functional_forms,ad0098a06a72897464e1cbb4,eckart,half_line,2,0.08670386543621678,0.08670386543621678,0.10606863295777921,0.9767119255163842,0.9767119255163842,0.4118110790438658,0.6818665065348919,0.6818665065348919,0.4826254708964714,0.0,0.0,0.0,0.0,0.0,0.0
unseen_analytical_functional_forms,ad0098a06a72897464e1cbb4,eckart,half_line,3,0.24635127513238345,0.24635127513238345,0.03844869470107102,0.9767119255163842,0.9767119255163842,0.4118110790438658,0.7448803809309915,0.7448803809309915,0.5616719362114079,1.0,1.0,0.0,0.0,0.0,0.0
unseen_analytical_functional_forms,ad0098a06a72897464e1cbb4,eckart,half_line,4,0.042361501474076795,0.042361501474076795,0.004071313308337309,0.9767119255163842,0.9767119255163842,0.4118110790438658,0.832097737505949,0.832097737505949,0.7695209884298495,1.0,1.0,0.0,0.0,0.0,0.0
unseen_analytical_functional_forms,ad0098a06a72897464e1cbb4,eckart,half_line,5,0.014883869690796008,0.014883869690796008,0.0004001668420866718,0.9767119255163842,0.9767119255163842,0.4118110790438658,0.8604836774385572,0.8604836774385572,0.5073026603313109,1.0,1.0,0.0,0.0,0.0,0.0
unseen_analytical_functional_forms,ad0098a06a72897464e1cbb4,eckart,half_line,6,0.15323631226191867,0.15323631226191867,4.456902077583897e-06,0.9767119255163842,0.9767119255163842,0.4118110790438658,0.9017933972098059,0.9017933972098059,0.6761325206145126,1.0,1.0,0.0,0.0,0.0,0.0
unseen_analytical_functional_forms,ad0098a06a72897464e1cbb4,eckart,half_line,7,0.07726303541202927,0.07726303541202927,0.010515748952725251,0.9767119255163842,0.9767119255163842,0.4118110790438658,0.8676826977980646,0.8676826977980646,0.7455094583205575,1.0,1.0,0.0,0.0,0.0,0.0
unseen_analytical_functional_forms,ad0098a06a72897464e1cbb4,eckart,half_line,8,3.459335118066601e-05,3.459335118066601e-05,0.012285073312735437,0.9767119255163842,0.9767119255163842,0.4118110790438658,0.9267026164535745,0.9267026164535745,0.9156218279393359,1.0,1.0,0.0,0.0,0.0,0.0
unseen_analytical_functional_forms,ad0098a06a72897464e1cbb4,eckart,half_line,9,0.05843090549804953,0.05843090549804953,0.0030435508367095366,0.9767119255163842,0.9767119255163842,0.4118110790438658,0.9327215000562633,0.9327215000562633,0.9367730195853607,1.0,1.0,0.0,0.0,0.0,0.0
unseen_analytical_functional_forms,ad0098a06a72897464e1cbb4,eckart,half_line,10,0.1008861914919308,0.1008861914919308,0.006266577298746649,0.9767119255163842,0.9767119255163842,0.4118110790438658,0.9646798780790781,0.9646798780790781,0.9524639287479889,1.0,1.0,0.0,0.0,0.0,0.0
unseen_analytical_functional_forms,b6bd5d144f4d015698b0c7a0,scarf_ii,truncated_line,0,0.9971090460676453,0.9971090460676453,0.9999812077805829,0.2560016731936329,0.2560016731936329,2.146673765635043e-06,0.011038907985207352,0.011038907985207352,0.003431168662268459,1.0,1.0,1.0,0.0,0.0,0.0
unseen_analytical_functional_forms,b6bd5d144f4d015698b0c7a0,scarf_ii,truncated_line,1,0.9973065137148069,0.9973065137148069,0.9999802401077297,0.2560016731936329,0.2560016731936329,2.146673765635043e-06,0.012969424354089156,0.012969424354089156,0.0029713234335701855,1.0,1.0,1.0,0.0,0.0,0.0
unseen_analytical_functional_forms,b6bd5d144f4d015698b0c7a0,scarf_ii,truncated_line,2,0.9929245548337099,0.9929245548337099,0.9997769249598322,0.2560016731936329,0.2560016731936329,2.146673765635043e-06,0.01707983160407908,0.01707983160407908,0.008134976855418077,1.0,1.0,0.0,0.0,0.0,0.0
unseen_analytical_functional_forms,b6bd5d144f4d015698b0c7a0,scarf_ii,truncated_line,3,0.9879835226041924,0.9879835226041924,0.9994722978306536,0.2560016731936329,0.2560016731936329,2.146673765635043e-06,0.03371430210686913,0.03371430210686913,0.015238294536181632,1.0,1.0,1.0,0.0,0.0,0.0
unseen_analytical_functional_forms,b6bd5d144f4d015698b0c7a0,scarf_ii,truncated_line,4,0.9841215233071363,0.9841215233071363,0.9993093504417009,0.2560016731936329,0.2560016731936329,2.146673765635043e-06,0.038709241723816776,0.038709241723816776,0.020320704672405134,1.0,1.0,0.0,0.0,0.0,0.0
unseen_analytical_functional_forms,b6bd5d144f4d015698b0c7a0,scarf_ii,truncated_line,5,0.9796442237160826,0.9796442237160826,0.9992451779935961,0.2560016731936329,0.2560016731936329,2.146673765635043e-06,0.06922134635293403,0.06922134635293403,0.01931232163926835,1.0,1.0,1.0,0.0,0.0,0.0
unseen_analytical_functional_forms,b6bd5d144f4d015698b0c7a0,scarf_ii,truncated_line,6,0.9861799636221604,0.9861799636221604,0.9984640115647223,0.2560016731936329,0.2560016731936329,2.146673765635043e-06,0.0454676749756759,0.0454676749756759,0.022962140451391704,1.0,1.0,1.0,0.0,0.0,0.0
unseen_analytical_functional_forms,b6bd5d144f4d015698b0c7a0,scarf_ii,truncated_line,7,0.9787129160613746,0.9787129160613746,0.9919023649019297,0.2560016731936329,0.2560016731936329,2.146673765635043e-06,0.06145568163006572,0.06145568163006572,0.0437151892353915,1.0,1.0,1.0,0.0,0.0,0.0
unseen_analytical_functional_forms,b6bd5d144f4d015698b0c7a0,scarf_ii,truncated_line,8,0.9596261093258063,0.9596261093258063,0.9972117708753703,0.2560016731936329,0.2560016731936329,2.146673765635043e-06,0.07196904604198574,0.07196904604198574,0.041605243252019836,1.0,1.0,1.0,0.0,0.0,0.0
unseen_analytical_functional_forms,b6bd5d144f4d015698b0c7a0,scarf_ii,truncated_line,9,0.9559907956548171,0.9559907956548171,0.9914366450430916,0.2560016731936329,0.2560016731936329,2.146673765635043e-06,0.09667162647586106,0.09667162647586106,0.05450772502612633,1.0,1.0,1.0,0.0,0.0,0.0
unseen_analytical_functional_forms,b6bd5d144f4d015698b0c7a0,scarf_ii,truncated_line,10,0.912614964819497,0.912614964819497,0.986221508742139,0.2560016731936329,0.2560016731936329,2.146673765635043e-06,0.17802923364099088,0.17802923364099088,0.10280244745975396,1.0,1.0,1.0,0.0,0.0,0.0
unseen_analytical_functional_forms,b9febe379d76531767e1aafd,eckart,half_line,0,0.030630214059390627,0.030630214059390627,0.4494513843575058,0.9791286086500207,0.9791286086500207,0.3683433096737664,0.27678233171582173,0.27678233171582173,0.6255233012248564,1.0,1.0,0.0,0.0,0.0,0.0
unseen_analytical_functional_forms,b9febe379d76531767e1aafd,eckart,half_line,1,0.280071895925219,0.280071895925219,0.16185344132592822,0.9791286086500207,0.9791286086500207,0.3683433096737664,0.4511432873224494,0.4511432873224494,0.7757214655285454,1.0,1.0,0.0,0.0,0.0,0.0
unseen_analytical_functional_forms,b9febe379d76531767e1aafd,eckart,half_line,2,0.14133259680492868,0.14133259680492868,0.04656489071703666,0.9791286086500207,0.9791286086500207,0.3683433096737664,0.6293674638764932,0.6293674638764932,0.7406096581864109,0.0,0.0,0.0,0.0,0.0,0.0
unseen_analytical_functional_forms,b9febe379d76531767e1aafd,eckart,half_line,3,0.20171475715896303,0.20171475715896303,0.007919441455722258,0.9791286086500207,0.9791286086500207,0.3683433096737664,0.7686114117745626,0.7686114117745626,0.7078639879400783,1.0,1.0,0.0,0.0,0.0,0.0
unseen_analytical_functional_forms,b9febe379d76531767e1aafd,eckart,half_line,4,0.007867371352948483,0.007867371352948483,0.0011253838071263492,0.9791286086500207,0.9791286086500207,0.3683433096737664,0.836953956962004,0.836953956962004,0.8600073618119889,1.0,1.0,0.0,0.0,0.0,0.0
unseen_analytical_functional_forms,b9febe379d76531767e1aafd,eckart,half_line,5,9.81937189846498e-05,9.81937189846498e-05,0.004777952232527096,0.9791286086500207,0.9791286086500207,0.3683433096737664,0.8500741968898567,0.8500741968898567,0.7466628180817046,1.0,1.0,0.0,0.0,0.0,0.0
unseen_analytical_functional_forms,b9febe379d76531767e1aafd,eckart,half_line,6,0.08621879999080613,0.08621879999080613,0.000716824184429181,0.9791286086500207,0.9791286086500207,0.3683433096737664,0.8742302869206757,0.8742302869206757,0.822380855742003,1.0,1.0,0.0,0.0,0.0,0.0
unseen_analytical_functional_forms,b9febe379d76531767e1aafd,eckart,half_line,7,0.12068384344078398,0.12068384344078398,0.022282381145027366,0.9791286086500207,0.9791286086500207,0.3683433096737664,0.8242034090065307,0.8242034090065307,0.8195856542916462,1.0,1.0,0.0,0.0,0.0,0.0
unseen_analytical_functional_forms,b9febe379d76531767e1aafd,eckart,half_line,8,0.012600304992300563,0.012600304992300563,0.039157728690132405,0.9791286086500207,0.9791286086500207,0.3683433096737664,0.9260828775522504,0.9260828775522504,0.9483503521966535,1.0,1.0,0.0,0.0,0.0,0.0
unseen_analytical_functional_forms,b9febe379d76531767e1aafd,eckart,half_line,9,0.022895854343578118,0.022895854343578118,0.0008199824544393293,0.9791286086500207,0.9791286086500207,0.3683433096737664,0.9162376172062014,0.9162376172062014,0.9363890919510239,1.0,1.0,0.0,0.0,0.0,0.0
unseen_analytical_functional_forms,b9febe379d76531767e1aafd,eckart,half_line,10,0.06944396564562613,0.06944396564562613,0.015650742508555904,0.9791286086500207,0.9791286086500207,0.3683433096737664,0.9521249231373641,0.9521249231373641,0.9687135635274574,1.0,1.0,0.0,0.0,0.0,0.0
unseen_analytical_functional_forms,c31288c16721870ab296b68d,scarf_ii,truncated_line,0,0.9861547586607184,0.9861547586607184,0.9998760001883764,0.301094239018941,0.301094239018941,1.753336000942518e-06,0.02221096319611097,0.02221096319611097,0.007436861826178008,1.0,1.0,0.0,0.0,0.0,0.0
unseen_analytical_functional_forms,c31288c16721870ab296b68d,scarf_ii,truncated_line,1,0.9821852813400717,0.9821852813400717,0.9996849236408475,0.301094239018941,0.301094239018941,1.753336000942518e-06,0.02935752444084419,0.02935752444084419,0.011356437884132336,1.0,1.0,0.0,0.0,0.0,0.0
unseen_analytical_functional_forms,c31288c16721870ab296b68d,scarf_ii,truncated_line,2,0.9797908802711206,0.9797908802711206,0.999862485069478,0.301094239018941,0.301094239018941,1.753336000942518e-06,0.031897531353995,0.031897531353995,0.00827872297911858,1.0,1.0,0.0,0.0,0.0,0.0
unseen_analytical_functional_forms,c31288c16721870ab296b68d,scarf_ii,truncated_line,3,0.9703652036151688,0.9703652036151688,0.9996512753236131,0.301094239018941,0.301094239018941,1.753336000942518e-06,0.05126398740719383,0.05126398740719383,0.016526178285109817,1.0,1.0,0.0,0.0,0.0,0.0
unseen_analytical_functional_forms,c31288c16721870ab296b68d,scarf_ii,truncated_line,4,0.965970920256225,0.965970920256225,0.9991753719251125,0.301094239018941,0.301094239018941,1.753336000942518e-06,0.07125734836754047,0.07125734836754047,0.024564578733297766,1.0,1.0,0.0,0.0,0.0,0.0
unseen_analytical_functional_forms,c31288c16721870ab296b68d,scarf_ii,truncated_line,5,0.9551939889854235,0.9551939889854235,0.9978583208044951,0.301094239018941,0.301094239018941,1.753336000942518e-06,0.09897388541781395,0.09897388541781395,0.03025934559461125,1.0,1.0,1.0,0.0,0.0,0.0
unseen_analytical_functional_forms,c31288c16721870ab296b68d,scarf_ii,truncated_line,6,0.9698758126327198,0.9698758126327198,0.9944708470220064,0.301094239018941,0.301094239018941,1.753336000942518e-06,0.08136127774931314,0.08136127774931314,0.0443468679054633,1.0,1.0,1.0,0.0,0.0,0.0
unseen_analytical_functional_forms,c31288c16721870ab296b68d,scarf_ii,truncated_line,7,0.961136228765864,0.961136228765864,0.9870166366980926,0.301094239018941,0.301094239018941,1.753336000942518e-06,0.10109126047140106,0.10109126047140106,0.07261408225647141,1.0,1.0,1.0,0.0,0.0,0.0
unseen_analytical_functional_forms,c31288c16721870ab296b68d,scarf_ii,truncated_line,8,0.9326150365195488,0.9326150365195488,0.9951827729434277,0.301094239018941,0.301094239018941,1.753336000942518e-06,0.1250481098307358,0.1250481098307358,0.07152588366432079,1.0,1.0,1.0,0.0,0.0,0.0
unseen_analytical_functional_forms,c31288c16721870ab296b68d,scarf_ii,truncated_line,9,0.9324132063686825,0.9324132063686825,0.9887198547916054,0.301094239018941,0.301094239018941,1.753336000942518e-06,0.17671094125015877,0.17671094125015877,0.1027577222533982,1.0,1.0,1.0,0.0,0.0,0.0
unseen_analytical_functional_forms,c31288c16721870ab296b68d,scarf_ii,truncated_line,10,0.8692272623229977,0.8692272623229977,0.9837260587446134,0.301094239018941,0.301094239018941,1.753336000942518e-06,0.28401808649193,0.28401808649193,0.1793086214876784,1.0,1.0,1.0,0.0,0.0,0.0
unseen_analytical_functional_forms,d27db58447c1475e8e2625c8,eckart,half_line,0,0.027637400219405403,0.027637400219405403,0.41347777382075607,0.9806871028287104,0.9806871028287104,0.35312814393764236,0.2901970937437928,0.2901970937437928,0.6498347378081731,1.0,1.0,0.0,0.0,0.0,0.0
unseen_analytical_functional_forms,d27db58447c1475e8e2625c8,eckart,half_line,1,0.271479204101856,0.271479204101856,0.1384155106828015,0.9806871028287104,0.9806871028287104,0.35312814393764236,0.44288369747287565,0.44288369747287565,0.7892641781296719,1.0,1.0,0.0,0.0,0.0,0.0
unseen_analytical_functional_forms,d27db58447c1475e8e2625c8,eckart,half_line,2,0.15501773172100788,0.15501773172100788,0.03617677344529825,0.9806871028287104,0.9806871028287104,0.35312814393764236,0.6168543372074794,0.6168543372074794,0.7872495307702264,0.0,0.0,0.0,0.0,0.0,0.0
unseen_analytical_functional_forms,d27db58447c1475e8e2625c8,eckart,half_line,3,0.19682524156217285,0.19682524156217285,0.005021793135658291,0.9806871028287104,0.9806871028287104,0.35312814393764236,0.766435645073369,0.766435645073369,0.7922360947879599,1.0,1.0,0.0,0.0,0.0,0.0
unseen_analytical_functional_forms,d27db58447c1475e8e2625c8,eckart,half_line,4,0.00694279111231385,0.00694279111231385,0.0020061041534192208,0.9806871028287104,0.9806871028287104,0.35312814393764236,0.8302925912058364,0.8302925912058364,0.8835912882888692,1.0,1.0,0.0,0.0,0.0,0.0
unseen_analytical_functional_forms,d27db58447c1475e8e2625c8,eckart,half_line,5,0.0002133515836558078,0.0002133515836558078,0.005546413488945436,0.9806871028287104,0.9806871028287104,0.35312814393764236,0.8405577701733208,0.8405577701733208,0.812980480609645,1.0,1.0,0.0,0.0,0.0,0.0
unseen_analytical_functional_forms,d27db58447c1475e8e2625c8,eckart,half_line,6,0.09022199536736046,0.09022199536736046,0.0007322189708541056,0.9806871028287104,0.9806871028287104,0.35312814393764236,0.8636142832490799,0.8636142832490799,0.8523458511330687,1.0,1.0,0.0,0.0,0.0,0.0
unseen_analytical_functional_forms,d27db58447c1475e8e2625c8,eckart,half_line,7,0.11146388443200639,0.11146388443200639,0.021329836349346126,0.9806871028287104,0.9806871028287104,0.35312814393764236,0.8113156725122823,0.8113156725122823,0.8663398591510854,1.0,1.0,0.0,0.0,0.0,0.0
unseen_analytical_functional_forms,d27db58447c1475e8e2625c8,eckart,half_line,8,0.010901145966398159,0.010901145966398159,0.0337809061461196,0.9806871028287104,0.9806871028287104,0.35312814393764236,0.923084299487902,0.923084299487902,0.9613244692236981,1.0,1.0,0.0,0.0,0.0,0.0
unseen_analytical_functional_forms,d27db58447c1475e8e2625c8,eckart,half_line,9,0.028963903993626094,0.028963903993626094,0.002316213904168651,0.9806871028287104,0.9806871028287104,0.35312814393764236,0.9098267801064185,0.9098267801064185,0.9603513615505909,1.0,1.0,0.0,0.0,0.0,0.0
unseen_analytical_functional_forms,d27db58447c1475e8e2625c8,eckart,half_line,10,0.07315862342272345,0.07315862342272345,0.01106445211576508,0.9806871028287104,0.9806871028287104,0.35312814393764236,0.9474353513137534,0.9474353513137534,0.9756184645421814,1.0,1.0,0.0,0.0,0.0,0.0
unseen_analytical_functional_forms,d2b15794565a3abe6557408b,cosh_well,truncated_line,0,0.9987740844757717,0.9987740844757717,0.9999884641955945,0.0900242140203405,0.0900242140203405,1.5948233595963757e-06,0.1562415239577037,0.1562415239577037,0.06111582215411853,1.0,1.0,0.0,0.0,0.0,0.0
unseen_analytical_functional_forms,d2b15794565a3abe6557408b,cosh_well,truncated_line,1,0.9924399170824014,0.9924399170824014,0.9999449861742827,0.0900242140203405,0.0900242140203405,1.5948233595963757e-06,0.09082192032624573,0.09082192032624573,0.037529505583786385,1.0,1.0,0.0,0.0,0.0,0.0
unseen_analytical_functional_forms,d2b15794565a3abe6557408b,cosh_well,truncated_line,2,0.9697860747683469,0.9697860747683469,0.9997856185866768,0.0900242140203405,0.0900242140203405,1.5948233595963757e-06,0.09024145407789984,0.09024145407789984,0.03801037553785905,1.0,1.0,1.0,0.0,0.0,0.0
unseen_analytical_functional_forms,d2b15794565a3abe6557408b,cosh_well,truncated_line,3,0.9855835445776847,0.9855835445776847,0.9997712028568662,0.0900242140203405,0.0900242140203405,1.5948233595963757e-06,0.05943958319018902,0.05943958319018902,0.030061879355272946,1.0,1.0,1.0,0.0,0.0,0.0
unseen_analytical_functional_forms,d2b15794565a3abe6557408b,cosh_well,truncated_line,4,0.9886844360579009,0.9886844360579009,0.9998221157581676,0.0900242140203405,0.0900242140203405,1.5948233595963757e-06,0.044067858992827426,0.044067858992827426,0.02331335590559101,1.0,1.0,1.0,0.0,0.0,0.0
unseen_analytical_functional_forms,d2b15794565a3abe6557408b,cosh_well,truncated_line,5,0.99128535644965,0.99128535644965,0.9979578364835113,0.0900242140203405,0.0900242140203405,1.5948233595963757e-06,0.04495549458441307,0.04495549458441307,0.03600826778907932,1.0,1.0,1.0,0.0,0.0,0.0
unseen_analytical_functional_forms,d2b15794565a3abe6557408b,cosh_well,truncated_line,6,0.9934800231619849,0.9934800231619849,0.9985732103431556,0.0900242140203405,0.0900242140203405,1.5948233595963757e-06,0.029404818178800158,0.029404818178800158,0.025109397761790324,1.0,1.0,1.0,0.0,0.0,0.0
unseen_analytical_functional_forms,d2b15794565a3abe6557408b,cosh_well,truncated_line,7,0.9942196429870608,0.9942196429870608,0.9971836848545154,0.0900242140203405,0.0900242140203405,1.5948233595963757e-06,0.02525440081139958,0.02525440081139958,0.020216788747116087,1.0,1.0,1.0,0.0,0.0,0.0
unseen_analytical_functional_forms,d2b15794565a3abe6557408b,cosh_well,truncated_line,8,0.9952067859229716,0.9952067859229716,0.9988016646422232,0.0900242140203405,0.0900242140203405,1.5948233595963757e-06,0.018159260597079088,0.018159260597079088,0.014981607919678005,1.0,1.0,1.0,0.0,0.0,0.0
unseen_analytical_functional_forms,d2b15794565a3abe6557408b,cosh_well,truncated_line,9,0.9900277022182922,0.9900277022182922,0.9982324637426011,0.0900242140203405,0.0900242140203405,1.5948233595963757e-06,0.03572717070825588,0.03572717070825588,0.017891833592547996,1.0,1.0,1.0,0.0,0.0,0.0
unseen_analytical_functional_forms,d2b15794565a3abe6557408b,cosh_well,truncated_line,10,0.9893703348808437,0.9893703348808437,0.9974520355053209,0.0900242140203405,0.0900242140203405,1.5948233595963757e-06,0.02148075350558419,0.02148075350558419,0.018407459943260204,1.0,1.0,1.0,0.0,0.0,0.0
unseen_analytical_functional_forms,db6d56c360de5f05d5de6918,scarf_ii,truncated_line,0,0.9956125304212806,0.9956125304212806,0.9999781138599774,0.2500039579643668,0.2500039579643668,1.5606306779103463e-06,0.011393528377411756,0.011393528377411756,0.003504553241373195,1.0,1.0,1.0,0.0,0.0,0.0
unseen_analytical_functional_forms,db6d56c360de5f05d5de6918,scarf_ii,truncated_line,1,0.9958528297209115,0.9958528297209115,0.9999795149247784,0.2500039579643668,0.2500039579643668,1.5606306779103463e-06,0.01346286932234889,0.01346286932234889,0.0030905900464183334,1.0,1.0,1.0,0.0,0.0,0.0
unseen_analytical_functional_forms,db6d56c360de5f05d5de6918,scarf_ii,truncated_line,2,0.9922826512235611,0.9922826512235611,0.9997668042051112,0.2500039579643668,0.2500039579643668,1.5606306779103463e-06,0.01716591325756699,0.01716591325756699,0.008374466244834856,1.0,1.0,0.0,0.0,0.0,0.0
unseen_analytical_functional_forms,db6d56c360de5f05d5de6918,scarf_ii,truncated_line,3,0.9884193332682023,0.9884193332682023,0.9994382652178448,0.2500039579643668,0.2500039579643668,1.5606306779103463e-06,0.031478456288357194,0.031478456288357194,0.015548195001221397,1.0,1.0,1.0,0.0,0.0,0.0
unseen_analytical_functional_forms,db6d56c360de5f05d5de6918,scarf_ii,truncated_line,4,0.9850805614058135,0.9850805614058135,0.9992823020143502,0.2500039579643668,0.2500039579643668,1.5606306779103463e-06,0.038202645505089936,0.038202645505089936,0.019930078270895192,1.0,1.0,1.0,0.0,0.0,0.0
unseen_analytical_functional_forms,db6d56c360de5f05d5de6918,scarf_ii,truncated_line,5,0.9800114032435384,0.9800114032435384,0.9993019679341885,0.2500039579643668,0.2500039579643668,1.5606306779103463e-06,0.06601971524571078,0.06601971524571078,0.018910033362345136,1.0,1.0,1.0,0.0,0.0,0.0
unseen_analytical_functional_forms,db6d56c360de5f05d5de6918,scarf_ii,truncated_line,6,0.9867323074811664,0.9867323074811664,0.9985630677794154,0.2500039579643668,0.2500039579643668,1.5606306779103463e-06,0.04497083461757414,0.04497083461757414,0.021921658314052173,1.0,1.0,1.0,0.0,0.0,0.0
unseen_analytical_functional_forms,db6d56c360de5f05d5de6918,scarf_ii,truncated_line,7,0.9793681176868698,0.9793681176868698,0.9919143077408122,0.2500039579643668,0.2500039579643668,1.5606306779103463e-06,0.060893395074889896,0.060893395074889896,0.042377635238521845,1.0,1.0,1.0,0.0,0.0,0.0
unseen_analytical_functional_forms,db6d56c360de5f05d5de6918,scarf_ii,truncated_line,8,0.9612787801547201,0.9612787801547201,0.9972729467090039,0.2500039579643668,0.2500039579643668,1.5606306779103463e-06,0.06755996032401002,0.06755996032401002,0.03938588073691675,1.0,1.0,1.0,0.0,0.0,0.0
unseen_analytical_functional_forms,db6d56c360de5f05d5de6918,scarf_ii,truncated_line,9,0.9575479985482901,0.9575479985482901,0.9917243220746741,0.2500039579643668,0.2500039579643668,1.5606306779103463e-06,0.09004336106501917,0.09004336106501917,0.05325240949553175,1.0,1.0,1.0,0.0,0.0,0.0
unseen_analytical_functional_forms,db6d56c360de5f05d5de6918,scarf_ii,truncated_line,10,0.9164383854844851,0.9164383854844851,0.98693175645715,0.2500039579643668,0.2500039579643668,1.5606306779103463e-06,0.1634421116400029,0.1634421116400029,0.09449835251948478,1.0,1.0,1.0,0.0,0.0,0.0
unseen_analytical_functional_forms,e2399d4cb94c9891bb3f6a7a,eckart,half_line,0,0.053301344584774396,0.053301344584774396,0.5906788914172005,0.9766216592803058,0.9766216592803058,0.2853601971986791,0.24742838984285737,0.24742838984285737,0.6010821968464448,1.0,1.0,0.0,0.0,0.0,0.0
unseen_analytical_functional_forms,e2399d4cb94c9891bb3f6a7a,eckart,half_line,1,0.362688070757734,0.362688070757734,0.3034869763559276,0.9766216592803058,0.9766216592803058,0.2853601971986791,0.4423484014372461,0.4423484014372461,0.6912378246411666,1.0,1.0,0.0,0.0,0.0,0.0
unseen_analytical_functional_forms,e2399d4cb94c9891bb3f6a7a,eckart,half_line,2,0.04755843011600077,0.04755843011600077,0.16147323655585497,0.9766216592803058,0.9766216592803058,0.2853601971986791,0.6859783846917661,0.6859783846917661,0.6002627961566952,0.0,0.0,0.0,0.0,0.0,0.0
unseen_analytical_functional_forms,e2399d4cb94c9891bb3f6a7a,eckart,half_line,3,0.27969123865414236,0.27969123865414236,0.08462405485088681,0.9766216592803058,0.9766216592803058,0.2853601971986791,0.8018566489737721,0.8018566489737721,0.6781231009664742,1.0,1.0,0.0,0.0,0.0,0.0
unseen_analytical_functional_forms,e2399d4cb94c9891bb3f6a7a,eckart,half_line,4,0.11554017661006535,0.11554017661006535,0.02749313031056857,0.9766216592803058,0.9766216592803058,0.2853601971986791,0.849503291234439,0.849503291234439,0.762940366459789,1.0,1.0,0.0,0.0,0.0,0.0
unseen_analytical_functional_forms,e2399d4cb94c9891bb3f6a7a,eckart,half_line,5,0.07696934185193678,0.07696934185193678,0.01734877824313989,0.9766216592803058,0.9766216592803058,0.2853601971986791,0.8593919925920639,0.8593919925920639,0.5307388762664639,1.0,1.0,0.0,0.0,0.0,0.0
unseen_analytical_functional_forms,e2399d4cb94c9891bb3f6a7a,eckart,half_line,6,0.2586182864980459,0.2586182864980459,0.0021558113926763147,0.9766216592803058,0.9766216592803058,0.2853601971986791,0.9072840252684045,0.9072840252684045,0.6854976586267787,1.0,1.0,0.0,0.0,0.0,0.0
unseen_analytical_functional_forms,e2399d4cb94c9891bb3f6a7a,eckart,half_line,7,0.01713594071996222,0.01713594071996222,0.00037672929598414894,0.9766216592803058,0.9766216592803058,0.2853601971986791,0.8972432152465897,0.8972432152465897,0.7975676023028684,1.0,1.0,0.0,0.0,0.0,0.0
unseen_analytical_functional_forms,e2399d4cb94c9891bb3f6a7a,eckart,half_line,8,0.02026379508904758,0.02026379508904758,0.002512208982752998,0.9766216592803058,0.9766216592803058,0.2853601971986791,0.9579505385546476,0.9579505385546476,0.9002666112958023,1.0,1.0,0.0,0.0,0.0,0.0
unseen_analytical_functional_forms,e2399d4cb94c9891bb3f6a7a,eckart,half_line,9,0.14783328209495253,0.14783328209495253,0.017025614382800727,0.9766216592803058,0.9766216592803058,0.2853601971986791,0.9495425424325464,0.9495425424325464,0.9572384556642334,1.0,1.0,0.0,0.0,0.0,0.0
unseen_analytical_functional_forms,e2399d4cb94c9891bb3f6a7a,eckart,half_line,10,0.14567135620305047,0.14567135620305047,0.00014562673726012574,0.9766216592803058,0.9766216592803058,0.2853601971986791,0.9857047860658115,0.9857047860658115,0.944339749617977,1.0,1.0,0.0,0.0,0.0,0.0
unseen_analytical_functional_forms,e77de3ea2724864de3d2b956,eckart,half_line,0,0.04358947946441356,0.04358947946441356,0.5326278615336085,0.9784705129702281,0.9784705129702281,0.3122246545410403,0.25730190547638676,0.25730190547638676,0.6303219085370316,1.0,1.0,0.0,0.0,0.0,0.0
unseen_analytical_functional_forms,e77de3ea2724864de3d2b956,eckart,half_line,1,0.3357768171004202,0.3357768171004202,0.24436289395094754,0.9784705129702281,0.9784705129702281,0.3122246545410403,0.4602884116319339,0.4602884116319339,0.7319291699590406,1.0,1.0,0.0,0.0,0.0,0.0
unseen_analytical_functional_forms,e77de3ea2724864de3d2b956,eckart,half_line,2,0.07653542965749023,0.07653542965749023,0.1113434004666442,0.9784705129702281,0.9784705129702281,0.3122246545410403,0.6692777759356818,0.6692777759356818,0.60451736629086,0.0,0.0,0.0,0.0,0.0,0.0
unseen_analytical_functional_forms,e77de3ea2724864de3d2b956,eckart,half_line,3,0.26499014300886287,0.26499014300886287,0.04877052123078489,0.9784705129702281,0.9784705129702281,0.3122246545410403,0.7942347133361881,0.7942347133361881,0.4714269991079379,1.0,1.0,0.0,0.0,0.0,0.0
unseen_analytical_functional_forms,e77de3ea2724864de3d2b956,eckart,half_line,4,0.07522924083396028,0.07522924083396028,0.009725788513769826,0.9784705129702281,0.9784705129702281,0.3122246545410403,0.8696929581307938,0.8696929581307938,0.836630010339936,1.0,1.0,0.0,0.0,0.0,0.0
unseen_analytical_functional_forms,e77de3ea2724864de3d2b956,eckart,half_line,5,0.04464156111263336,0.04464156111263336,0.004421663104475223,0.9784705129702281,0.9784705129702281,0.3122246545410403,0.8892030403833061,0.8892030403833061,0.6139842662899268,1.0,1.0,0.0,0.0,0.0,0.0
unseen_analytical_functional_forms,e77de3ea2724864de3d2b956,eckart,half_line,6,0.21475301643786798,0.21475301643786798,0.000484736505662043,0.9784705129702281,0.9784705129702281,0.3122246545410403,0.913042375075717,0.913042375075717,0.7685804923780879,1.0,1.0,0.0,0.0,0.0,0.0
unseen_analytical_functional_forms,e77de3ea2724864de3d2b956,eckart,half_line,7,0.03384533366813996,0.03384533366813996,0.0036928355509476874,0.9784705129702281,0.9784705129702281,0.3122246545410403,0.8755574354325134,0.8755574354325134,0.777306902995381,1.0,1.0,0.0,0.0,0.0,0.0
unseen_analytical_functional_forms,e77de3ea2724864de3d2b956,eckart,half_line,8,0.006881811074376439,0.006881811074376439,7.152282068314923e-05,0.9784705129702281,0.9784705129702281,0.3122246545410403,0.9520120456952659,0.9520120456952659,0.9419492030731726,1.0,1.0,0.0,0.0,0.0,0.0
unseen_analytical_functional_forms,e77de3ea2724864de3d2b956,eckart,half_line,9,0.11423656779539908,0.11423656779539908,0.01466741139977336,0.9784705129702281,0.9784705129702281,0.3122246545410403,0.9500897888897127,0.9500897888897127,0.9449896469681837,1.0,1.0,0.0,0.0,0.0,0.0
unseen_analytical_functional_forms,e77de3ea2724864de3d2b956,eckart,half_line,10,0.1305872335745765,0.1305872335745765,0.0003399030291078792,0.9784705129702281,0.9784705129702281,0.3122246545410403,0.9787219737700948,0.9787219737700948,0.958278700695601,1.0,1.0,0.0,0.0,0.0,0.0
unseen_analytical_functional_forms,ed36d57bd32b17181661912b,scarf_ii,truncated_line,0,0.9975904597432477,0.9975904597432477,0.9999853776440912,0.24147835865710637,0.24147835865710637,1.5151485831532696e-06,0.009471480225915587,0.009471480225915587,0.0031689466228205054,1.0,1.0,1.0,0.0,0.0,0.0
unseen_analytical_functional_forms,ed36d57bd32b17181661912b,scarf_ii,truncated_line,1,0.9979911847884669,0.9979911847884669,0.999985461034036,0.24147835865710637,0.24147835865710637,1.5151485831532696e-06,0.010866598036281783,0.010866598036281783,0.0025496070870424364,1.0,1.0,1.0,0.0,0.0,0.0
unseen_analytical_functional_forms,ed36d57bd32b17181661912b,scarf_ii,truncated_line,2,0.993290661979831,0.993290661979831,0.9997488566229602,0.24147835865710637,0.24147835865710637,1.5151485831532696e-06,0.016060686375833626,0.016060686375833626,0.008165007440353299,1.0,1.0,0.0,0.0,0.0,0.0
unseen_analytical_functional_forms,ed36d57bd32b17181661912b,scarf_ii,truncated_line,3,0.9895343852936127,0.9895343852936127,0.9993442738929709,0.24147835865710637,0.24147835865710637,1.5151485831532696e-06,0.030034402859067465,0.030034402859067465,0.015686944495715553,1.0,1.0,1.0,0.0,0.0,0.0
unseen_analytical_functional_forms,ed36d57bd32b17181661912b,scarf_ii,truncated_line,4,0.986623692007471,0.986623692007471,0.9992352426124962,0.24147835865710637,0.24147835865710637,1.5151485831532696e-06,0.03365701470672713,0.03365701470672713,0.019303733076179143,1.0,1.0,1.0,0.0,0.0,0.0
unseen_analytical_functional_forms,ed36d57bd32b17181661912b,scarf_ii,truncated_line,5,0.9830128386791526,0.9830128386791526,0.999390672954021,0.24147835865710637,0.24147835865710637,1.5151485831532696e-06,0.06161592635106661,0.06161592635106661,0.017415300908394837,1.0,1.0,1.0,0.0,0.0,0.0
unseen_analytical_functional_forms,ed36d57bd32b17181661912b,scarf_ii,truncated_line,6,0.9885430636164961,0.9885430636164961,0.9989606418212802,0.24147835865710637,0.24147835865710637,1.5151485831532696e-06,0.039531007709041666,0.039531007709041666,0.01921870825708118,1.0,1.0,1.0,0.0,0.0,0.0
unseen_analytical_functional_forms,ed36d57bd32b17181661912b,scarf_ii,truncated_line,7,0.9816146601377862,0.9816146601377862,0.9926079780740812,0.24147835865710637,0.24147835865710637,1.5151485831532696e-06,0.054899716365920594,0.054899716365920594,0.038017388377084925,1.0,1.0,1.0,0.0,0.0,0.0
unseen_analytical_functional_forms,ed36d57bd32b17181661912b,scarf_ii,truncated_line,8,0.9649738354788544,0.9649738354788544,0.9974876303850285,0.24147835865710637,0.24147835865710637,1.5151485831532696e-06,0.060419893819101136,0.060419893819101136,0.03538649471771403,1.0,1.0,1.0,0.0,0.0,0.0
unseen_analytical_functional_forms,ed36d57bd32b17181661912b,scarf_ii,truncated_line,9,0.9608742890584767,0.9608742890584767,0.9922203542210636,0.24147835865710637,0.24147835865710637,1.5151485831532696e-06,0.07879991175097054,0.07879991175097054,0.046474169954517495,1.0,1.0,1.0,0.0,0.0,0.0
unseen_analytical_functional_forms,ed36d57bd32b17181661912b,scarf_ii,truncated_line,10,0.9228715510195774,0.9228715510195774,0.9873028557335596,0.24147835865710637,0.24147835865710637,1.5151485831532696e-06,0.14917117508093966,0.14917117508093966,0.08568968509825046,1.0,1.0,1.0,0.0,0.0,0.0
unseen_analytical_functional_forms,f1e2dc8f2d64ffe05eb9e81f,cosh_well,truncated_line,0,0.9986204490224314,0.9986204490224314,0.9999875773839201,0.09626263610924873,0.09626263610924873,1.581334402755985e-06,0.17721654124623348,0.17721654124623348,0.06303906663059379,1.0,1.0,0.0,0.0,0.0,0.0
unseen_analytical_functional_forms,f1e2dc8f2d64ffe05eb9e81f,cosh_well,truncated_line,1,0.9917453096910831,0.9917453096910831,0.9999375946181077,0.09626263610924873,0.09626263610924873,1.581334402755985e-06,0.09737500035309544,0.09737500035309544,0.040497206199699536,1.0,1.0,0.0,0.0,0.0,0.0
unseen_analytical_functional_forms,f1e2dc8f2d64ffe05eb9e81f,cosh_well,truncated_line,2,0.9685282639183372,0.9685282639183372,0.9997735567921727,0.09626263610924873,0.09626263610924873,1.581334402755985e-06,0.0927203245974314,0.0927203245974314,0.03994413207712542,1.0,1.0,1.0,0.0,0.0,0.0
unseen_analytical_functional_forms,f1e2dc8f2d64ffe05eb9e81f,cosh_well,truncated_line,3,0.9850859737687095,0.9850859737687095,0.999793369501738,0.09626263610924873,0.09626263610924873,1.581334402755985e-06,0.06118872809987985,0.06118872809987985,0.03101344589161517,1.0,1.0,1.0,0.0,0.0,0.0
unseen_analytical_functional_forms,f1e2dc8f2d64ffe05eb9e81f,cosh_well,truncated_line,4,0.9886809810671164,0.9886809810671164,0.9998159957646985,0.09626263610924873,0.09626263610924873,1.581334402755985e-06,0.04545054575782845,0.04545054575782845,0.02461112275894305,1.0,1.0,1.0,0.0,0.0,0.0
unseen_analytical_functional_forms,f1e2dc8f2d64ffe05eb9e81f,cosh_well,truncated_line,5,0.9914446888163719,0.9914446888163719,0.9979724859023836,0.09626263610924873,0.09626263610924873,1.581334402755985e-06,0.04491122903837318,0.04491122903837318,0.03714484813506829,1.0,1.0,1.0,0.0,0.0,0.0
unseen_analytical_functional_forms,f1e2dc8f2d64ffe05eb9e81f,cosh_well,truncated_line,6,0.9936495335919362,0.9936495335919362,0.998531433642928,0.09626263610924873,0.09626263610924873,1.581334402755985e-06,0.03011065743630496,0.03011065743630496,0.02607342692627905,1.0,1.0,1.0,0.0,0.0,0.0
unseen_analytical_functional_forms,f1e2dc8f2d64ffe05eb9e81f,cosh_well,truncated_line,7,0.9945459854752943,0.9945459854752943,0.9973800880093426,0.09626263610924873,0.09626263610924873,1.581334402755985e-06,0.02490427112999051,0.02490427112999051,0.020785661863990598,1.0,1.0,1.0,0.0,0.0,0.0
unseen_analytical_functional_forms,f1e2dc8f2d64ffe05eb9e81f,cosh_well,truncated_line,8,0.9957480130011531,0.9957480130011531,0.9988571236939998,0.09626263610924873,0.09626263610924873,1.581334402755985e-06,0.018698908296953903,0.018698908296953903,0.016044443639668234,1.0,1.0,1.0,0.0,0.0,0.0
unseen_analytical_functional_forms,f1e2dc8f2d64ffe05eb9e81f,cosh_well,truncated_line,9,0.9906075850002505,0.9906075850002505,0.9981979263004096,0.09626263610924873,0.09626263610924873,1.581334402755985e-06,0.03970743335554427,0.03970743335554427,0.01912622606000254,1.0,1.0,1.0,0.0,0.0,0.0
unseen_analytical_functional_forms,f1e2dc8f2d64ffe05eb9e81f,cosh_well,truncated_line,10,0.9904925623216475,0.9904925623216475,0.9977691462352547,0.09626263610924873,0.09626263610924873,1.581334402755985e-06,0.024157880509583642,0.024157880509583642,0.019561157369661474,1.0,1.0,1.0,0.0,0.0,0.0
unseen_analytical_functional_forms,f21dc04046f51c179503779f,eckart,half_line,0,0.04767692931595156,0.04767692931595156,0.5570942481827431,0.9777313142589454,0.9777313142589454,0.3339504891078212,0.25988974027579254,0.25988974027579254,0.6413998651273849,1.0,1.0,0.0,0.0,0.0,0.0
unseen_analytical_functional_forms,f21dc04046f51c179503779f,eckart,half_line,1,0.34829968953720597,0.34829968953720597,0.2690380634427428,0.9777313142589454,0.9777313142589454,0.3339504891078212,0.4450930027190205,0.4450930027190205,0.7253884864643266,1.0,1.0,0.0,0.0,0.0,0.0
unseen_analytical_functional_forms,f21dc04046f51c179503779f,eckart,half_line,2,0.06273908427141282,0.06273908427141282,0.13197666730364863,0.9777313142589454,0.9777313142589454,0.3339504891078212,0.6836686887364765,0.6836686887364765,0.6315399126424345,0.0,0.0,0.0,0.0,0.0,0.0
unseen_analytical_functional_forms,f21dc04046f51c179503779f,eckart,half_line,3,0.27305056870628835,0.27305056870628835,0.06295302502222755,0.9777313142589454,0.9777313142589454,0.3339504891078212,0.8199383550390166,0.8199383550390166,0.6653743419693773,1.0,1.0,0.0,0.0,0.0,0.0
unseen_analytical_functional_forms,f21dc04046f51c179503779f,eckart,half_line,4,0.09376313598424217,0.09376313598424217,0.016205516841881096,0.9777313142589454,0.9777313142589454,0.3339504891078212,0.8615588712710285,0.8615588712710285,0.8010240865424765,1.0,1.0,0.0,0.0,0.0,0.0
unseen_analytical_functional_forms,f21dc04046f51c179503779f,eckart,half_line,5,0.05953548088447067,0.05953548088447067,0.009230002063077824,0.9777313142589454,0.9777313142589454,0.3339504891078212,0.8589564193255241,0.8589564193255241,0.6175106086011981,1.0,1.0,0.0,0.0,0.0,0.0
unseen_analytical_functional_forms,f21dc04046f51c179503779f,eckart,half_line,6,0.23651049669464771,0.23651049669464771,0.0011011901899882568,0.9777313142589454,0.9777313142589454,0.3339504891078212,0.8799733417643858,0.8799733417643858,0.7344136800249668,1.0,1.0,0.0,0.0,0.0,0.0
unseen_analytical_functional_forms,f21dc04046f51c179503779f,eckart,half_line,7,0.0246915227531381,0.0246915227531381,0.0015439847963823782,0.9777313142589454,0.9777313142589454,0.3339504891078212,0.8733621238703818,0.8733621238703818,0.8312081428207387,1.0,1.0,0.0,0.0,0.0,0.0
unseen_analytical_functional_forms,f21dc04046f51c179503779f,eckart,half_line,8,0.012702933835358038,0.012702933835358038,0.0003484783941890148,0.9777313142589454,0.9777313142589454,0.3339504891078212,0.9566977665277137,0.9566977665277137,0.9151953299452218,1.0,1.0,0.0,0.0,0.0,0.0
unseen_analytical_functional_forms,f21dc04046f51c179503779f,eckart,half_line,9,0.13114830735122138,0.13114830735122138,0.016584720073003673,0.9777313142589454,0.9777313142589454,0.3339504891078212,0.9377833719999522,0.9377833719999522,0.9603440780564253,1.0,1.0,0.0,0.0,0.0,0.0
unseen_analytical_functional_forms,f21dc04046f51c179503779f,eckart,half_line,10,0.1386629263517446,0.1386629263517446,1.9679685968909353e-05,0.9777313142589454,0.9777313142589454,0.3339504891078212,0.9790963563588774,0.9790963563588774,0.9541114860925258,1.0,1.0,0.0,0.0,0.0,0.0
unseen_analytical_functional_forms,f68eea2a84c46ce994ab9aeb,scarf_ii,truncated_line,0,0.9933984691649,0.9933984691649,0.9999666312634833,0.26371963830331163,0.26371963830331163,1.3354026815459719e-06,0.014062923687974127,0.014062923687974127,0.004070787985889614,1.0,1.0,1.0,0.0,0.0,0.0
unseen_analytical_functional_forms,f68eea2a84c46ce994ab9aeb,scarf_ii,truncated_line,1,0.992929749545701,0.992929749545701,0.999954100545984,0.26371963830331163,0.26371963830331163,1.3354026815459719e-06,0.01725457077800389,0.01725457077800389,0.004436831101542362,1.0,1.0,1.0,0.0,0.0,0.0
unseen_analytical_functional_forms,f68eea2a84c46ce994ab9aeb,scarf_ii,truncated_line,2,0.9904165771235219,0.9904165771235219,0.9997959876236077,0.26371963830331163,0.26371963830331163,1.3354026815459719e-06,0.019801742723501083,0.019801742723501083,0.008510790912533117,1.0,1.0,0.0,0.0,0.0,0.0
unseen_analytical_functional_forms,f68eea2a84c46ce994ab9aeb,scarf_ii,truncated_line,3,0.9854037791083635,0.9854037791083635,0.999549672198405,0.26371963830331163,0.26371963830331163,1.3354026815459719e-06,0.035791820530186674,0.035791820530186674,0.015512326138566844,1.0,1.0,1.0,0.0,0.0,0.0
unseen_analytical_functional_forms,f68eea2a84c46ce994ab9aeb,scarf_ii,truncated_line,4,0.981357641441356,0.981357641441356,0.9993408690882701,0.26371963830331163,0.26371963830331163,1.3354026815459719e-06,0.04590887517192866,0.04590887517192866,0.02103929878387112,1.0,1.0,0.0,0.0,0.0,0.0
unseen_analytical_functional_forms,f68eea2a84c46ce994ab9aeb,scarf_ii,truncated_line,5,0.9750378354611403,0.9750378354611403,0.9990613341073229,0.26371963830331163,0.26371963830331163,1.3354026815459719e-06,0.07397151813711687,0.07397151813711687,0.02160758102670633,1.0,1.0,1.0,0.0,0.0,0.0
unseen_analytical_functional_forms,f68eea2a84c46ce994ab9aeb,scarf_ii,truncated_line,6,0.9834051509990047,0.9834051509990047,0.9977822845049891,0.26371963830331163,0.26371963830331163,1.3354026815459719e-06,0.05330018965681433,0.05330018965681433,0.026994463742939907,1.0,1.0,1.0,0.0,0.0,0.0
unseen_analytical_functional_forms,f68eea2a84c46ce994ab9aeb,scarf_ii,truncated_line,7,0.9756667290581278,0.9756667290581278,0.9908514170360384,0.26371963830331163,0.26371963830331163,1.3354026815459719e-06,0.06947016138247057,0.06947016138247057,0.049592259701434944,1.0,1.0,1.0,0.0,0.0,0.0
unseen_analytical_functional_forms,f68eea2a84c46ce994ab9aeb,scarf_ii,truncated_line,8,0.955764035506855,0.955764035506855,0.996884415328013,0.26371963830331163,0.26371963830331163,1.3354026815459719e-06,0.08077186258104495,0.08077186258104495,0.04683940150504113,1.0,1.0,1.0,0.0,0.0,0.0
unseen_analytical_functional_forms,f68eea2a84c46ce994ab9aeb,scarf_ii,truncated_line,9,0.9523459200438551,0.9523459200438551,0.9906076498962773,0.26371963830331163,0.26371963830331163,1.3354026815459719e-06,0.11185974284566083,0.11185974284566083,0.06468834362098184,1.0,1.0,1.0,0.0,0.0,0.0
unseen_analytical_functional_forms,f68eea2a84c46ce994ab9aeb,scarf_ii,truncated_line,10,0.9062667036634412,0.9062667036634412,0.9859132988375638,0.26371963830331163,0.26371963830331163,1.3354026815459719e-06,0.19521979729111416,0.19521979729111416,0.11315568844076332,1.0,1.0,1.0,0.0,0.0,0.0
unseen_analytical_functional_forms,f6e50af4772cc9c2dd7a3a92,cosh_well,truncated_line,0,0.9987184358411921,0.9987184358411921,0.999988269953185,0.09169517131206383,0.09169517131206383,1.57596370220503e-06,0.16284611675273764,0.16284611675273764,0.061785516395338684,1.0,1.0,0.0,0.0,0.0,0.0
unseen_analytical_functional_forms,f6e50af4772cc9c2dd7a3a92,cosh_well,truncated_line,1,0.9921946375489469,0.9921946375489469,0.9999421460966599,0.09169517131206383,0.09169517131206383,1.57596370220503e-06,0.09297581412090537,0.09297581412090537,0.038511211110926515,1.0,1.0,0.0,0.0,0.0,0.0
unseen_analytical_functional_forms,f6e50af4772cc9c2dd7a3a92,cosh_well,truncated_line,2,0.9693807538984229,0.9693807538984229,0.9997802260999605,0.09169517131206383,0.09169517131206383,1.57596370220503e-06,0.09105751271764505,0.09105751271764505,0.038695065892621346,1.0,1.0,1.0,0.0,0.0,0.0
unseen_analytical_functional_forms,f6e50af4772cc9c2dd7a3a92,cosh_well,truncated_line,3,0.9854172842401865,0.9854172842401865,0.9997796074821297,0.09169517131206383,0.09169517131206383,1.57596370220503e-06,0.06002814090887999,0.06002814090887999,0.030381537403087334,1.0,1.0,1.0,0.0,0.0,0.0
unseen_analytical_functional_forms,f6e50af4772cc9c2dd7a3a92,cosh_well,truncated_line,4,0.9886478601526866,0.9886478601526866,0.9998206851951433,0.09169517131206383,0.09169517131206383,1.57596370220503e-06,0.04456319257745577,0.04456319257745577,0.023763268701123243,1.0,1.0,1.0,0.0,0.0,0.0
unseen_analytical_functional_forms,f6e50af4772cc9c2dd7a3a92,cosh_well,truncated_line,5,0.9913066797236834,0.9913066797236834,0.9979588900653481,0.09169517131206383,0.09169517131206383,1.57596370220503e-06,0.045037236723570045,0.045037236723570045,0.036436374307809154,1.0,1.0,1.0,0.0,0.0,0.0
unseen_analytical_functional_forms,f6e50af4772cc9c2dd7a3a92,cosh_well,truncated_line,6,0.9935097940444088,0.9935097940444088,0.9985551421522362,0.09169517131206383,0.09169517131206383,1.57596370220503e-06,0.02968707770819012,0.02968707770819012,0.025477572622052008,1.0,1.0,1.0,0.0,0.0,0.0
unseen_analytical_functional_forms,f6e50af4772cc9c2dd7a3a92,cosh_well,truncated_line,7,0.9943108794087204,0.9943108794087204,0.997241711255517,0.09169517131206383,0.09169517131206383,1.57596370220503e-06,0.025288178833410918,0.025288178833410918,0.020432366490982255,1.0,1.0,1.0,0.0,0.0,0.0
unseen_analytical_functional_forms,f6e50af4772cc9c2dd7a3a92,cosh_well,truncated_line,8,0.9953898671992378,0.9953898671992378,0.9988218362154501,0.09169517131206383,0.09169517131206383,1.57596370220503e-06,0.01836887948163908,0.01836887948163908,0.015251573034993365,1.0,1.0,1.0,0.0,0.0,0.0
unseen_analytical_functional_forms,f6e50af4772cc9c2dd7a3a92,cosh_well,truncated_line,9,0.990213200722544,0.990213200722544,0.9982228649686388,0.09169517131206383,0.09169517131206383,1.57596370220503e-06,0.037246972191255445,0.037246972191255445,0.018149650980638067,1.0,1.0,1.0,0.0,0.0,0.0
unseen_analytical_functional_forms,f6e50af4772cc9c2dd7a3a92,cosh_well,truncated_line,10,0.9897598292937722,0.9897598292937722,0.9975756195208182,0.09169517131206383,0.09169517131206383,1.57596370220503e-06,0.022034816249812125,0.022034816249812125,0.01835369717281124,1.0,1.0,1.0,0.0,0.0,0.0
unseen_analytical_functional_forms,fa46c0be2a511470a054ea14,scarf_ii,truncated_line,0,0.9952624392049906,0.9952624392049906,0.9999689509283718,0.2694340836981442,0.2694340836981442,1.5658511284266652e-06,0.013627133778367344,0.013627133778367344,0.003995389022482122,1.0,1.0,1.0,0.0,0.0,0.0
unseen_analytical_functional_forms,fa46c0be2a511470a054ea14,scarf_ii,truncated_line,1,0.9951814802301805,0.9951814802301805,0.9999499765580073,0.2694340836981442,0.2694340836981442,1.5658511284266652e-06,0.016612018008172153,0.016612018008172153,0.004381687901486053,1.0,1.0,1.0,0.0,0.0,0.0
unseen_analytical_functional_forms,fa46c0be2a511470a054ea14,scarf_ii,truncated_line,2,0.991361980365604,0.991361980365604,0.9998131006978573,0.2694340836981442,0.2694340836981442,1.5658511284266652e-06,0.01938777169218785,0.01938777169218785,0.008063827076902038,1.0,1.0,0.0,0.0,0.0,0.0
unseen_analytical_functional_forms,fa46c0be2a511470a054ea14,scarf_ii,truncated_line,3,0.9852134227886745,0.9852134227886745,0.9995833875314719,0.2694340836981442,0.2694340836981442,1.5658511284266652e-06,0.03773689905013162,0.03773689905013162,0.014891599577689272,1.0,1.0,0.0,0.0,0.0,0.0
unseen_analytical_functional_forms,fa46c0be2a511470a054ea14,scarf_ii,truncated_line,4,0.9805396147098725,0.9805396147098725,0.9993715075316403,0.2694340836981442,0.2694340836981442,1.5658511284266652e-06,0.04566591388724429,0.04566591388724429,0.021261316314048023,1.0,1.0,0.0,0.0,0.0,0.0
unseen_analytical_functional_forms,fa46c0be2a511470a054ea14,scarf_ii,truncated_line,5,0.9746052758916041,0.9746052758916041,0.9989887386412959,0.2694340836981442,0.2694340836981442,1.5658511284266652e-06,0.0770127542325853,0.0770127542325853,0.021930995280863307,1.0,1.0,1.0,0.0,0.0,0.0
unseen_analytical_functional_forms,fa46c0be2a511470a054ea14,scarf_ii,truncated_line,6,0.9828077022966928,0.9828077022966928,0.9977220368425087,0.2694340836981442,0.2694340836981442,1.5658511284266652e-06,0.05353078625740726,0.05353078625740726,0.027763838515369874,1.0,1.0,1.0,0.0,0.0,0.0
unseen_analytical_functional_forms,fa46c0be2a511470a054ea14,scarf_ii,truncated_line,7,0.9748832173553692,0.9748832173553692,0.9908304663645637,0.2694340836981442,0.2694340836981442,1.5658511284266652e-06,0.07019391277991098,0.07019391277991098,0.05061898203667079,1.0,1.0,1.0,0.0,0.0,0.0
unseen_analytical_functional_forms,fa46c0be2a511470a054ea14,scarf_ii,truncated_line,8,0.9537610431911615,0.9537610431911615,0.9968398023072317,0.2694340836981442,0.2694340836981442,1.5658511284266652e-06,0.08490860842216373,0.08490860842216373,0.04863072024517561,1.0,1.0,1.0,0.0,0.0,0.0
unseen_analytical_functional_forms,fa46c0be2a511470a054ea14,scarf_ii,truncated_line,9,0.9507095498962511,0.9507095498962511,0.9906287932060458,0.2694340836981442,0.2694340836981442,1.5658511284266652e-06,0.11705539462230394,0.11705539462230394,0.06510503723377747,1.0,1.0,1.0,0.0,0.0,0.0
unseen_analytical_functional_forms,fa46c0be2a511470a054ea14,scarf_ii,truncated_line,10,0.9021805622341691,0.9021805622341691,0.9855117863354036,0.2694340836981442,0.2694340836981442,1.5658511284266652e-06,0.2069599337832217,0.2069599337832217,0.1205409726469404,1.0,1.0,1.0,0.0,0.0,0.0
unseen_analytical_functional_forms,fc9e018ee786c90189fd6019,scarf_ii,truncated_line,0,0.9950714353667621,0.9950714353667621,0.999952921369856,0.2860210103199808,0.2860210103199808,1.6409701550923472e-06,0.015873114235156482,0.015873114235156482,0.0046853490683359455,1.0,1.0,0.0,0.0,0.0,0.0
unseen_analytical_functional_forms,fc9e018ee786c90189fd6019,scarf_ii,truncated_line,1,0.9948459385197606,0.9948459385197606,0.9998792335162605,0.2860210103199808,0.2860210103199808,1.6409701550923472e-06,0.019782986253855887,0.019782986253855887,0.006415828868279208,1.0,1.0,0.0,0.0,0.0,0.0
unseen_analytical_functional_forms,fc9e018ee786c90189fd6019,scarf_ii,truncated_line,2,0.989829705562736,0.989829705562736,0.999851231006632,0.2860210103199808,0.2860210103199808,1.6409701550923472e-06,0.022162134194729597,0.022162134194729597,0.0077176542846038474,1.0,1.0,0.0,0.0,0.0,0.0
unseen_analytical_functional_forms,fc9e018ee786c90189fd6019,scarf_ii,truncated_line,3,0.9811493894472121,0.9811493894472121,0.9996704398363574,0.2860210103199808,0.2860210103199808,1.6409701550923472e-06,0.04438943636337532,0.04438943636337532,0.014083966388870758,1.0,1.0,0.0,0.0,0.0,0.0
unseen_analytical_functional_forms,fc9e018ee786c90189fd6019,scarf_ii,truncated_line,4,0.9752747761227796,0.9752747761227796,0.9994263367036623,0.2860210103199808,0.2860210103199808,1.6409701550923472e-06,0.05232864864709671,0.05232864864709671,0.022264252181275576,1.0,1.0,0.0,0.0,0.0,0.0
unseen_analytical_functional_forms,fc9e018ee786c90189fd6019,scarf_ii,truncated_line,5,0.968678735560557,0.968678735560557,0.9985516329271554,0.2860210103199808,0.2860210103199808,1.6409701550923472e-06,0.08751459330285602,0.08751459330285602,0.024963853886844543,1.0,1.0,1.0,0.0,0.0,0.0
unseen_analytical_functional_forms,fc9e018ee786c90189fd6019,scarf_ii,truncated_line,6,0.978319201037014,0.978319201037014,0.9967559338359919,0.2860210103199808,0.2860210103199808,1.6409701550923472e-06,0.06189244668270938,0.06189244668270938,0.03365972905177556,1.0,1.0,1.0,0.0,0.0,0.0
unseen_analytical_functional_forms,fc9e018ee786c90189fd6019,scarf_ii,truncated_line,7,0.9700073173585184,0.9700073173585184,0.9897282908171429,0.2860210103199808,0.2860210103199808,1.6409701550923472e-06,0.07981404768153584,0.07981404768153584,0.058228780207959054,1.0,1.0,1.0,0.0,0.0,0.0
unseen_analytical_functional_forms,fc9e018ee786c90189fd6019,scarf_ii,truncated_line,8,0.9454832561036041,0.9454832561036041,0.9963532628029509,0.2860210103199808,0.2860210103199808,1.6409701550923472e-06,0.10201593256577658,0.10201593256577658,0.057346807348993376,1.0,1.0,1.0,0.0,0.0,0.0
unseen_analytical_functional_forms,fc9e018ee786c90189fd6019,scarf_ii,truncated_line,9,0.9438187389884279,0.9438187389884279,0.9901921264460809,0.2860210103199808,0.2860210103199808,1.6409701550923472e-06,0.1414292079997183,0.1414292079997183,0.07488706284267099,1.0,1.0,1.0,0.0,0.0,0.0
unseen_analytical_functional_forms,fc9e018ee786c90189fd6019,scarf_ii,truncated_line,10,0.8878666495360933,0.8878666495360933,0.9844384134261203,0.2860210103199808,0.2860210103199808,1.6409701550923472e-06,0.2447309515879347,0.2447309515879347,0.14669697345129087,1.0,1.0,1.0,0.0,0.0,0.0
unseen_analytical_functional_forms,fca4c8509b242451a55ee744,cosh_well,truncated_line,0,0.998602944632429,0.998602944632429,0.9999881073537621,0.0968475925115393,0.0968475925115393,1.3728666949930357e-06,0.17934491602217084,0.17934491602217084,0.06322236241528852,1.0,1.0,0.0,0.0,0.0,0.0
unseen_analytical_functional_forms,fca4c8509b242451a55ee744,cosh_well,truncated_line,1,0.9916742925621931,0.9916742925621931,0.9999368107635158,0.0968475925115393,0.0968475925115393,1.3728666949930357e-06,0.09804111326181948,0.09804111326181948,0.040795012683170005,1.0,1.0,0.0,0.0,0.0,0.0
unseen_analytical_functional_forms,fca4c8509b242451a55ee744,cosh_well,truncated_line,2,0.9684088979838327,0.9684088979838327,0.9997729466451665,0.0968475925115393,0.0968475925115393,1.3728666949930357e-06,0.09296883900604883,0.09296883900604883,0.0401275198297042,1.0,1.0,1.0,0.0,0.0,0.0
unseen_analytical_functional_forms,fca4c8509b242451a55ee744,cosh_well,truncated_line,3,0.9850367951504038,0.9850367951504038,0.9997957034141405,0.0968475925115393,0.0968475925115393,1.3728666949930357e-06,0.061363041760447386,0.061363041760447386,0.031120330943028133,1.0,1.0,1.0,0.0,0.0,0.0
unseen_analytical_functional_forms,fca4c8509b242451a55ee744,cosh_well,truncated_line,4,0.9886848748588681,0.9886848748588681,0.9998148774686254,0.0968475925115393,0.0968475925115393,1.3728666949930357e-06,0.045583058994509304,0.045583058994509304,0.024739354715611252,1.0,1.0,1.0,0.0,0.0,0.0
unseen_analytical_functional_forms,fca4c8509b242451a55ee744,cosh_well,truncated_line,5,0.9914631752971471,0.9914631752971471,0.9979752493038896,0.0968475925115393,0.0968475925115393,1.3728666949930357e-06,0.04490354367192931,0.04490354367192931,0.03724650259323214,1.0,1.0,1.0,0.0,0.0,0.0
unseen_analytical_functional_forms,fca4c8509b242451a55ee744,cosh_well,truncated_line,6,0.993668464690711,0.993668464690711,0.9985288652815891,0.0968475925115393,0.0968475925115393,1.3728666949930357e-06,0.030178385949753226,0.030178385949753226,0.026158229786878498,1.0,1.0,1.0,0.0,0.0,0.0
unseen_analytical_functional_forms,fca4c8509b242451a55ee744,cosh_well,truncated_line,7,0.9945771296937186,0.9945771296937186,0.9973985119227166,0.0968475925115393,0.0968475925115393,1.3728666949930357e-06,0.02486429578081298,0.02486429578081298,0.020838678526770824,1.0,1.0,1.0,0.0,0.0,0.0
unseen_analytical_functional_forms,fca4c8509b242451a55ee744,cosh_well,truncated_line,8,0.9957952241411185,0.9957952241411185,0.998862609759322,0.0968475925115393,0.0968475925115393,1.3728666949930357e-06,0.01874627730099011,0.01874627730099011,0.0161431971884961,1.0,1.0,1.0,0.0,0.0,0.0
unseen_analytical_functional_forms,fca4c8509b242451a55ee744,cosh_well,truncated_line,9,0.9906585149296885,0.9906585149296885,0.9981942627130634,0.0968475925115393,0.0968475925115393,1.3728666949930357e-06,0.040072830710873454,0.040072830710873454,0.019222164697126603,1.0,1.0,1.0,0.0,0.0,0.0
unseen_analytical_functional_forms,fca4c8509b242451a55ee744,cosh_well,truncated_line,10,0.9905884707863438,0.9905884707863438,0.9977971219309364,0.0968475925115393,0.0968475925115393,1.3728666949930357e-06,0.02437136519894652,0.02437136519894652,0.019559748770551902,1.0,1.0,1.0,0.0,0.0,0.0
valid_spatial_reflection,3e9703fca63f4b9d8f6c235e,reflected_potential,truncated_line,0,0.901930550508571,0.901930550508571,0.9941942815318336,0.41459219671749886,0.41459219671749886,2.3168364301495714e-06,0.15301487236068345,0.15301487236068345,0.09466489376476865,1.0,1.0,0.0,0.0,0.0,0.0
valid_spatial_reflection,3e9703fca63f4b9d8f6c235e,reflected_potential,truncated_line,1,0.9076464386512695,0.9076464386512695,0.9649294276384157,0.41459219671749886,0.41459219671749886,2.3168364301495714e-06,0.3277674187322902,0.3277674187322902,0.2739987782914656,1.0,1.0,0.0,0.0,0.0,0.0
valid_spatial_reflection,3e9703fca63f4b9d8f6c235e,reflected_potential,truncated_line,2,0.8900425071258034,0.8900425071258034,0.9631319151379756,0.41459219671749886,0.41459219671749886,2.3168364301495714e-06,0.5472420874811781,0.5472420874811781,0.47006554500344516,1.0,1.0,0.0,0.0,0.0,0.0
valid_spatial_reflection,3e9703fca63f4b9d8f6c235e,reflected_potential,truncated_line,3,0.3549917987654715,0.3549917987654715,0.9586186809112259,0.41459219671749886,0.41459219671749886,2.3168364301495714e-06,0.7244101642138705,0.7244101642138705,0.7302401229965466,1.0,1.0,0.0,0.0,0.0,0.0
valid_spatial_reflection,3e9703fca63f4b9d8f6c235e,reflected_potential,truncated_line,4,0.6409775032320547,0.6409775032320547,0.9609912358478054,0.41459219671749886,0.41459219671749886,2.3168364301495714e-06,0.7547185813078567,0.7547185813078567,0.8345627443147224,1.0,1.0,1.0,0.0,0.0,0.0
valid_spatial_reflection,3e9703fca63f4b9d8f6c235e,reflected_potential,truncated_line,5,0.6971362704805556,0.6971362704805556,0.9479281355110755,0.41459219671749886,0.41459219671749886,2.3168364301495714e-06,0.8806000624277868,0.8806000624277868,0.7153178994196544,1.0,1.0,0.0,0.0,0.0,0.0
valid_spatial_reflection,3e9703fca63f4b9d8f6c235e,reflected_potential,truncated_line,6,0.8373029694233042,0.8373029694233042,0.9776989670030244,0.41459219671749886,0.41459219671749886,2.3168364301495714e-06,0.7826026908160196,0.7826026908160196,0.3763971872523437,1.0,1.0,0.0,0.0,0.0,0.0
valid_spatial_reflection,3e9703fca63f4b9d8f6c235e,reflected_potential,truncated_line,7,0.8966313004968159,0.8966313004968159,0.9900331439387444,0.41459219671749886,0.41459219671749886,2.3168364301495714e-06,0.4835202110651929,0.4835202110651929,0.20689631961015567,1.0,1.0,0.0,0.0,0.0,0.0
valid_spatial_reflection,3e9703fca63f4b9d8f6c235e,reflected_potential,truncated_line,8,0.9012963880765955,0.9012963880765955,0.9867934073269763,0.41459219671749886,0.41459219671749886,2.3168364301495714e-06,0.1835817820095785,0.1835817820095785,0.14299358915509688,1.0,1.0,1.0,0.0,0.0,0.0
valid_spatial_reflection,3e9703fca63f4b9d8f6c235e,reflected_potential,truncated_line,9,0.8609842362341433,0.8609842362341433,0.9595745844784794,0.41459219671749886,0.41459219671749886,2.3168364301495714e-06,0.17932371027714214,0.17932371027714214,0.11952510546367041,1.0,1.0,1.0,0.0,0.0,0.0
valid_spatial_reflection,3e9703fca63f4b9d8f6c235e,reflected_potential,truncated_line,10,0.7939733176584327,0.7939733176584327,0.8293484290566551,0.41459219671749886,0.41459219671749886,2.3168364301495714e-06,0.18810631663344962,0.18810631663344962,0.10229327471453126,1.0,1.0,1.0,0.0,0.0,0.0
variable_uniform_resolution,e51b0c876b7609a9f8ab12c8,harmonic,truncated_line,0,0.9926537060682944,0.9926537060682944,0.9999963655182774,0.0904533788763624,0.0904533788763624,1.3109214836992678e-06,0.1857517646303111,0.1857517646303111,0.045221254539504895,1.0,1.0,1.0,0.0,0.0,0.0
variable_uniform_resolution,e51b0c876b7609a9f8ab12c8,harmonic,truncated_line,1,0.988121171903785,0.988121171903785,0.9999832970011272,0.0904533788763624,0.0904533788763624,1.3109214836992678e-06,0.08730407621711744,0.08730407621711744,0.019193955786904936,1.0,1.0,0.0,0.0,0.0,0.0
variable_uniform_resolution,e51b0c876b7609a9f8ab12c8,harmonic,truncated_line,2,0.9734465890862497,0.9734465890862497,0.9998781747774342,0.0904533788763624,0.0904533788763624,1.3109214836992678e-06,0.07704883377567884,0.07704883377567884,0.02785396753193858,1.0,1.0,1.0,0.0,0.0,0.0
variable_uniform_resolution,e51b0c876b7609a9f8ab12c8,harmonic,truncated_line,3,0.992245055972602,0.992245055972602,0.9997341429487508,0.0904533788763624,0.0904533788763624,1.3109214836992678e-06,0.04571658353131072,0.04571658353131072,0.027144047568916516,1.0,1.0,1.0,0.0,0.0,0.0
variable_uniform_resolution,e51b0c876b7609a9f8ab12c8,harmonic,truncated_line,4,0.9947376924172618,0.9947376924172618,0.9997558006170565,0.0904533788763624,0.0904533788763624,1.3109214836992678e-06,0.03488620461891718,0.03488620461891718,0.02207042453269461,1.0,1.0,1.0,0.0,0.0,0.0
variable_uniform_resolution,e51b0c876b7609a9f8ab12c8,harmonic,truncated_line,5,0.9956954139870617,0.9956954139870617,0.9981408543204124,0.0904533788763624,0.0904533788763624,1.3109214836992678e-06,0.040520705998312326,0.040520705998312326,0.03220916944597739,1.0,1.0,1.0,0.0,0.0,0.0
variable_uniform_resolution,e51b0c876b7609a9f8ab12c8,harmonic,truncated_line,6,0.996583816232723,0.996583816232723,0.9987230438124985,0.0904533788763624,0.0904533788763624,1.3109214836992678e-06,0.025658010021493437,0.025658010021493437,0.022973866850288776,1.0,1.0,1.0,0.0,0.0,0.0
variable_uniform_resolution,e51b0c876b7609a9f8ab12c8,harmonic,truncated_line,7,0.9961150201370466,0.9961150201370466,0.9969514589393321,0.0904533788763624,0.0904533788763624,1.3109214836992678e-06,0.021331006548133434,0.021331006548133434,0.018541875292907427,1.0,1.0,1.0,0.0,0.0,0.0
variable_uniform_resolution,e51b0c876b7609a9f8ab12c8,harmonic,truncated_line,8,0.9964657889597665,0.9964657889597665,0.9988134668373994,0.0904533788763624,0.0904533788763624,1.3109214836992678e-06,0.014346647275994088,0.014346647275994088,0.011962780719085981,1.0,1.0,1.0,0.0,0.0,0.0
variable_uniform_resolution,e51b0c876b7609a9f8ab12c8,harmonic,truncated_line,9,0.9942432170252798,0.9942432170252798,0.9986450607552094,0.0904533788763624,0.0904533788763624,1.3109214836992678e-06,0.019108589013137618,0.019108589013137618,0.015104813116819917,1.0,1.0,1.0,0.0,0.0,0.0
variable_uniform_resolution,e51b0c876b7609a9f8ab12c8,harmonic,truncated_line,10,0.9919541024896069,0.9919541024896069,0.9955054431593237,0.0904533788763624,0.0904533788763624,1.3109214836992678e-06,0.026700165120745526,0.026700165120745526,0.018099603673915752,1.0,1.0,1.0,0.0,0.0,0.0
within_range_unseen_parameter_interpolation,7f1cc10f9ffc9bcd227293eb,harmonic,truncated_line,0,0.9959973649387756,0.9959973649387756,0.9999890098912959,0.09073328000716317,0.09073328000716317,1.5137664542974605e-06,0.15295529958761225,0.15295529958761225,0.05400499749171665,1.0,1.0,1.0,0.0,0.0,0.0
within_range_unseen_parameter_interpolation,7f1cc10f9ffc9bcd227293eb,harmonic,truncated_line,1,0.9942102374406788,0.9942102374406788,0.9999556333931416,0.09073328000716317,0.09073328000716317,1.5137664542974605e-06,0.0753275672073948,0.0753275672073948,0.029283575351256853,1.0,1.0,0.0,0.0,0.0,0.0
within_range_unseen_parameter_interpolation,7f1cc10f9ffc9bcd227293eb,harmonic,truncated_line,2,0.9854926419838036,0.9854926419838036,0.999942990242419,0.09073328000716317,0.09073328000716317,1.5137664542974605e-06,0.059727643580672916,0.059727643580672916,0.020271660261730797,1.0,1.0,1.0,0.0,0.0,0.0
within_range_unseen_parameter_interpolation,7f1cc10f9ffc9bcd227293eb,harmonic,truncated_line,3,0.9973823080476594,0.9973823080476594,0.9997400588829819,0.09073328000716317,0.09073328000716317,1.5137664542974605e-06,0.03893940250845767,0.03893940250845767,0.02596381479409504,1.0,1.0,1.0,0.0,0.0,0.0
within_range_unseen_parameter_interpolation,7f1cc10f9ffc9bcd227293eb,harmonic,truncated_line,4,0.9977658338403941,0.9977658338403941,0.9997455355405073,0.09073328000716317,0.09073328000716317,1.5137664542974605e-06,0.03181421717639642,0.03181421717639642,0.02249478452740139,1.0,1.0,1.0,0.0,0.0,0.0
within_range_unseen_parameter_interpolation,7f1cc10f9ffc9bcd227293eb,harmonic,truncated_line,5,0.9975690835878968,0.9975690835878968,0.9982294848192724,0.09073328000716317,0.09073328000716317,1.5137664542974605e-06,0.038536471278399834,0.038536471278399834,0.03194066242499309,1.0,1.0,1.0,0.0,0.0,0.0
within_range_unseen_parameter_interpolation,7f1cc10f9ffc9bcd227293eb,harmonic,truncated_line,6,0.9975066382243601,0.9975066382243601,0.9988436186221785,0.09073328000716317,0.09073328000716317,1.5137664542974605e-06,0.02716439505001998,0.02716439505001998,0.026211441097546865,1.0,1.0,1.0,0.0,0.0,0.0
within_range_unseen_parameter_interpolation,7f1cc10f9ffc9bcd227293eb,harmonic,truncated_line,7,0.9962026236762842,0.9962026236762842,0.9975741799430962,0.09073328000716317,0.09073328000716317,1.5137664542974605e-06,0.02854671211113933,0.02854671211113933,0.028376223155930833,1.0,1.0,1.0,0.0,0.0,0.0
within_range_unseen_parameter_interpolation,7f1cc10f9ffc9bcd227293eb,harmonic,truncated_line,8,0.9951358572704521,0.9951358572704521,0.9992035966452802,0.09073328000716317,0.09073328000716317,1.5137664542974605e-06,0.032716285940952744,0.032716285940952744,0.032231803404511275,1.0,1.0,1.0,0.0,0.0,0.0
within_range_unseen_parameter_interpolation,7f1cc10f9ffc9bcd227293eb,harmonic,truncated_line,9,0.9957015937655425,0.9957015937655425,0.9981665673545879,0.09073328000716317,0.09073328000716317,1.5137664542974605e-06,0.031957845267871134,0.031957845267871134,0.031274993489572085,1.0,1.0,1.0,0.0,0.0,0.0
within_range_unseen_parameter_interpolation,7f1cc10f9ffc9bcd227293eb,harmonic,truncated_line,10,0.9931398911052967,0.9931398911052967,0.9942672314456709,0.09073328000716317,0.09073328000716317,1.5137664542974605e-06,0.03926238381636091,0.03926238381636091,0.0278634406201895,1.0,1.0,1.0,0.0,0.0,0.0
