group_id,family,component,binding_margin_min,tail_max,label_residual_max,model_gram_error,projection_fidelity_min,solver_seconds
fd8d043515dc06ac2b014b2c,infinite_box,analytical,inf,0.0,0.00021913471669684007,1.7205746376258713e-15,0.9999881896525183,1.0290461569998115
17934e5806e50797b4de389d,infinite_box,analytical,inf,0.0,0.00021913471656064706,7.527615683566857e-16,0.9999881896525179,0.6528080260000024
dea2f27c778acfa337dbe49a,infinite_box,analytical,inf,0.0,0.0002191347165346369,8.92650753661628e-16,0.999988189652519,0.14029346300003454
6c505a909c6cc8a2337d20e1,infinite_box,analytical,inf,0.0,0.00021913471660768092,1.0853947948752385e-15,0.9999881896525188,0.07086323800012906
47a2ae7d5b9440b95e611321,infinite_box,analytical,inf,0.0,0.0002191347165694271,9.938339214088376e-16,0.999988189652519,0.07284468300031222
1b43e808bf843d3efb08b9ec,infinite_box,analytical,inf,0.0,0.00021913471659276346,1.0157890154016691e-15,0.9999881896525188,0.06499411599997984
5f0f7f467966795b5ab986ed,infinite_box,analytical,inf,0.0,0.00021913471658304969,1.266510767788942e-15,0.9999881896525183,0.06480912000006356
fca8c0d99947f6db441fe327,infinite_box,analytical,inf,0.0,0.00021913471656916894,9.789803516457862e-16,0.9999881896525179,0.06539612899996428
dd0a88d7824fb42a6b3bf6ec,infinite_box,analytical,inf,0.0,0.00021913471658692915,1.4000302653305319e-15,0.999988189652519,0.0645153520003987
7d77f30070efed0073a40a75,infinite_box,analytical,inf,0.0,0.0002191347164746564,8.336430504241044e-16,0.9999881896525188,0.0645097070000702
69a5d45478d20f78e5808418,infinite_box,analytical,inf,0.0,0.00021913471674180564,8.881784197001252e-16,0.999988189652517,0.06466591700018398
008e6efa5ff1f2257deaacce,infinite_box,analytical,inf,0.0,0.0002191347165600395,7.976881958790538e-16,0.9999881896525186,0.064741640000193
9a02ff192712ddc7019e4f77,infinite_box,analytical,inf,0.0,0.00021913471655416912,1.2758078014180052e-15,0.9999881896525175,0.06434476200001882
7f591ac65b4b1dc35e710b72,infinite_box,analytical,inf,0.0,0.00021913471654429436,9.660580170024746e-16,0.9999881896525186,0.06468351800003802
c6bdfaebdec34c7e2dbd3031,infinite_box,analytical,inf,0.0,0.00021913471652952685,1.1021999285487638e-15,0.9999881896525199,0.06448406400022577
b1b1ad3c58e32af37b156f37,infinite_box,analytical,inf,0.0,0.00021913471673610594,1.4117125437390632e-15,0.9999881896525186,0.0652038140001423
bccd7f4e38b42d743206dd52,infinite_box,analytical,inf,0.0,0.00021913471651550262,8.805890044927267e-16,0.9999881896525197,0.09027070399997683
5440feca4f601192dcc412e5,infinite_box,analytical,inf,0.0,0.00021913471662746395,1.5170156797417178e-15,0.9999881896525188,0.06463099300026443
b8910d16ad7b658d8d711e62,infinite_box,analytical,inf,0.0,0.00021913471669417678,1.404583914454971e-15,0.9999881896525179,0.06490616800010685
c11a54f305b75b740dcde354,infinite_box,analytical,inf,0.0,0.0002191347166397155,1.2681641761019824e-15,0.9999881896525179,0.06497931300009441
4b5cdad2fa01f1a71783ce08,infinite_box,analytical,inf,0.0,0.00021913471653544275,1.1515175748696982e-15,0.9999881896525183,0.06469055800016577
c738295b40140eb7afe454dd,infinite_box,analytical,inf,0.0,0.00021913471656900816,8.888153884764605e-16,0.9999881896525197,0.06446316599976853
1b73a45d4a9de6a8de22b678,infinite_box,analytical,inf,0.0,0.0002191347166528632,9.165303065106212e-16,0.9999881896525181,0.06485997299978408
39c85510bcf678ea336cf4ff,infinite_box,analytical,inf,0.0,0.0002191347166481341,1.0731704153804644e-15,0.9999881896525197,0.06434058100012408
eea05fd1b3cc4607ac8a3950,infinite_box,analytical,inf,0.0,0.0002191347164087234,9.73017239697116e-16,0.9999881896525177,0.06470553300005122
ae3bcfcee4af1448db12787f,infinite_box,analytical,inf,0.0,0.00021913471647814036,8.866334316043334e-16,0.9999881896525183,0.06449387800012119
05ad31bf2141651f53f6d0ac,infinite_box,analytical,inf,0.0,0.00021913471668144152,1.2441219929271163e-15,0.999988189652517,0.06477878200030318
cd087cafd0ac9182468bbd23,infinite_box,analytical,inf,0.0,0.00021913471656852818,1.1836777218110495e-15,0.9999881896525166,0.2785647420000714
0e3473cd0b30a7fd37129719,infinite_box,analytical,inf,0.0,0.00021913471663834497,1.2274252794708396e-15,0.9999881896525181,0.06460284600007071
411b963b53606ae9bf30c96e,infinite_box,analytical,inf,0.0,0.00021913471663811008,9.349617434428747e-16,0.9999881896525183,0.06465763999995033
007b963b8893f40a30548159,infinite_box,analytical,inf,0.0,0.00021913471636937355,9.45071928701302e-16,0.9999881896525172,0.06502938999983598
9f171bc1222d733b427d5712,infinite_box,analytical,inf,0.0,0.0002191347165646116,7.887570804832045e-16,0.9999881896525188,0.06480644299972482
cec36658ac8565d46bd255fa,harmonic,analytical,inf,1.1735634540016794e-05,0.00036310101658289815,1.7212834758863306e-15,0.9999676901171191,0.06682068600002822
7183f46ae4f6809b4a1cca2e,harmonic,analytical,inf,1.1735634539985223e-05,0.00036310101658891135,8.483059702941801e-16,0.9999676901171175,0.06694831100003285
e51b0c876b7609a9f8ab12c8,harmonic,analytical,inf,1.17356345400066e-05,0.0003631010166119453,1.761911021690682e-15,0.9999676901171175,0.0667671880000853
a69fb0a37f3e033e816b1060,harmonic,analytical,inf,1.173563453999431e-05,0.0003631010166140355,1.6079155897833696e-15,0.9999676901171184,0.0666974890000347
0fe22c7ec7aff4c323e95ea8,harmonic,analytical,inf,1.1735634540016499e-05,0.0003631010166071549,8.921385214729704e-16,0.9999676901171171,0.06706291299997247
ced1c04eed5aec1d98afbe63,harmonic,analytical,inf,1.1735634540008374e-05,0.00036310101664493625,1.309968519825992e-15,0.9999676901171175,0.06682445199976428
54703f717a537724c25b0c46,harmonic,analytical,inf,1.1735634540009651e-05,0.0003631010166123376,1.7046112100632506e-15,0.9999676901171153,0.07524231900015366
fe7d9dcca04e6fc268d2a6ff,harmonic,analytical,inf,1.1735634539986031e-05,0.00036310101663666606,1.2027665700477066e-15,0.9999676901171157,0.07991167799991672
cc05d50a126fe7860498eeeb,harmonic,analytical,inf,1.1735634540017647e-05,0.00036310101661634193,1.193977027908248e-15,0.9999676901171191,0.06612718299993503
d8104859b8bfe5c981260fb4,harmonic,analytical,inf,1.1735634540023792e-05,0.000363101016620281,9.712634710119424e-16,0.9999676901171171,0.11109642199971859
3fae46c9b8b723ee4910897b,harmonic,analytical,inf,1.173563454002486e-05,0.00036310101662191116,1.430894094185299e-15,0.9999676901171182,0.06652409099979195
46070ef34a4d75f363f3ffcc,harmonic,analytical,inf,1.173563454003247e-05,0.0003631010165954333,1.2430287082673698e-15,0.9999676901171166,0.06664423599977454
72a8162789185ce1f1bff674,harmonic,analytical,inf,1.173563453997129e-05,0.00036310101660799125,8.881784197001252e-16,0.9999676901171157,0.06676278099985211
079c2a5980e18a135fd0e190,harmonic,analytical,inf,1.17356345400105e-05,0.00036310101660974863,1.3353126494051175e-15,0.9999676901171157,0.06685711000000083
5c2852ff1ecdaab66d115f5b,harmonic,analytical,inf,1.1735634540021844e-05,0.00036310101663057496,1.123937300412921e-15,0.9999676901171157,0.06716043400001581
158f01be3a8c33a104e90f39,harmonic,analytical,inf,1.173563453997834e-05,0.00036310101660392354,2.1034388552769962e-15,0.9999676901171173,0.06672491600011199
bfb05bf41d4571b6f821b32b,harmonic,analytical,inf,1.1735634540016575e-05,0.0003631010166099092,1.2121117595567868e-15,0.9999676901171171,0.06728575299985096
92dd25f32c1bbd821d88ff90,harmonic,analytical,inf,1.1735634539996251e-05,0.0003631010165951947,1.4180326714413035e-15,0.9999676901171162,0.06695134100027644
be9b73e79b79a928e09973fa,harmonic,analytical,inf,1.1735634539994767e-05,0.0003631010166061476,1.3539758702669725e-15,0.9999676901171166,0.14305031100002452
89353850f2d74cfec07a9bdb,harmonic,analytical,inf,1.1735634540010852e-05,0.0003631010166348642,1.0650931608112432e-15,0.9999676901171182,0.09420928500003356
0d11209c6777f3729bcbe363,harmonic,analytical,inf,1.1735634539968909e-05,0.00036310101663846573,1.6195843514403064e-15,0.9999676901171184,0.06666375400027391
cb8ea27b9993d3a3fd58eabf,harmonic,analytical,inf,1.1735634539993891e-05,0.00036310101662371104,1.6298198161006662e-15,0.9999676901171171,0.06705400400005601
4f045668602396b3f9b8f9bc,harmonic,analytical,inf,1.1735634539959148e-05,0.0003631010166402695,1.7155176325550814e-15,0.9999676901171166,0.06720321600005263
4335550448bd8774a40bd540,harmonic,analytical,inf,1.173563454001728e-05,0.00036310101658702766,1.6074794545782173e-15,0.999967690117116,0.06714529600003516
2cce9226d7b6311b8977b2ee,harmonic,analytical,inf,1.1735634539982702e-05,0.0003631010166386667,1.559575324280248e-15,0.9999676901171166,0.08409210199988593
c4e44b0bf64d3742dbfebc63,harmonic,analytical,inf,1.1735634540003295e-05,0.00036310101665492533,1.5290225795981764e-15,0.9999676901171177,0.06711906600003203
0b18d534d7295fcf8fbbee1f,harmonic,analytical,inf,1.1735634540007956e-05,0.0003631010166304947,1.0280403790159804e-15,0.9999676901171177,0.06750864700006787
eacb6d3e77f9115012cf2866,harmonic,analytical,inf,1.1735634540019868e-05,0.0003631010166233218,9.41583579828814e-16,0.999967690117118,0.06718163699997604
4463f30ff83252ec7224461e,harmonic,analytical,inf,1.173563454002483e-05,0.00036310101664837924,2.244220686232723e-15,0.9999676901171186,0.06712604899985308
fedeb4ab52372ae6595f6478,harmonic,analytical,inf,1.1735634540030704e-05,0.00036310101663005357,2.5254443798592478e-15,0.9999676901171177,0.09919071699960114
63bc86f24eebdc8e7c468ce5,harmonic,analytical,inf,1.1735634540041774e-05,0.00036310101664566624,1.526616780207667e-15,0.9999676901171184,0.0670685160002904
df487d9e9ebd3cc5c6e32e89,harmonic,analytical,inf,1.1735634539999551e-05,0.00036310101660351474,7.990024901262447e-16,0.9999676901171175,0.06657542399989325
162126a16803d72072690eaa,half_harmonic,analytical,inf,1.735442992328618e-10,0.00012491716946305649,1.044327281230678e-15,0.9999954424560432,0.12494912300007854
f8613cbc19ec9028c6b6dd33,half_harmonic,analytical,inf,1.7354429922680037e-10,0.00012491716945961057,1.4110139827822863e-15,0.9999954424560445,0.12338706100035779
e830b5f9f34670cfb16b850d,half_harmonic,analytical,inf,1.7354429922622607e-10,0.0001249171694706715,1.1545619179958326e-15,0.9999954424560428,0.12346819499998674
109f659445aa2a6bf1f3ba55,half_harmonic,analytical,inf,1.735442992357877e-10,0.00012491716947100057,1.5311905404974265e-15,0.9999954424560432,0.12361660700025823
63aacab87be6d3082e287154,half_harmonic,analytical,inf,1.735442992280555e-10,0.00012491716946797177,1.460605601784869e-15,0.9999954424560419,0.12265195500003756
f3230346f8dd9b96ec21f534,half_harmonic,analytical,inf,1.7354429922791593e-10,0.00012491716946707785,1.8537293871698617e-15,0.999995442456043,0.12293727099995522
3b064a354af378e5196bb650,half_harmonic,analytical,inf,1.7354429923553173e-10,0.0001249171694684941,1.480658490144579e-15,0.9999954424560419,0.12314061699999002
0b333a65e09b83cb9c3f82dc,half_harmonic,analytical,inf,1.7354429924020804e-10,0.00012491716946635883,1.1680456478731329e-15,0.9999954424560419,0.1224707380001746
2f760c27ba0dc7853c20f264,half_harmonic,analytical,inf,1.735442992270281e-10,0.00012491716947166196,1.444336712379083e-15,0.9999954424560421,0.12304943600020124
83fe3955a11076a1c265395a,half_harmonic,analytical,inf,1.7354429922841006e-10,0.00012491716945914975,1.8292945199912584e-15,0.9999954424560419,0.12231550200021957
788a11f3f69275bbedebb575,half_harmonic,analytical,inf,1.7354429923406172e-10,0.00012491716946698875,1.1307392730747578e-15,0.9999954424560428,0.12253580199967473
6d76ba71cf7b3c835f3dd6e3,half_harmonic,analytical,inf,1.7354429923092717e-10,0.00012491716946537839,1.6182696353076252e-15,0.9999954424560417,0.12276367000004029
ff0533aed13e0771e0991d97,half_harmonic,analytical,inf,1.7354429923538557e-10,0.00012491716946534797,1.605789038502786e-15,0.9999954424560434,0.12186388299960527
b7011a849a21736a3e2141be,half_harmonic,analytical,inf,1.7354429923830606e-10,0.00012491716946594724,1.5676129571687888e-15,0.9999954424560437,0.12320014699980675
25008f6332e12ed00e2f492f,half_harmonic,analytical,inf,1.7354429923617713e-10,0.00012491716946921977,1.3947623921765625e-15,0.9999954424560441,0.12259587999960786
521cd8beafd64a4e8adf7190,half_harmonic,analytical,inf,1.7354429922892273e-10,0.000124917169466415,1.130013087095366e-15,0.9999954424560423,0.1226372200003425
2030ec7ee4870673b027d198,half_harmonic,analytical,inf,1.735442992353125e-10,0.0001249171694742502,1.822279272613955e-15,0.9999954424560454,0.12304467300009492
1aa6a7b5eb05f4868a0327eb,half_harmonic,analytical,inf,1.7354429922888016e-10,0.00012491716947206127,1.884701675831866e-15,0.9999954424560432,0.12319889900027192
08fb00f9cea63a7d1a023ba5,half_harmonic,analytical,inf,1.7354429922554616e-10,0.0001249171694617471,1.2200215327580295e-15,0.9999954424560425,0.12202607599965631
33441b3f53f269472589e912,half_harmonic,analytical,inf,1.735442992336928e-10,0.00012491716947170216,1.0997804796042455e-15,0.9999954424560428,0.12288854999997056
1a81792ed19ab72065ac96cd,half_harmonic,analytical,inf,1.7354429922421184e-10,0.00012491716946850623,1.385846786249737e-15,0.9999954424560412,0.12290184399989812
987c36596553f18a70faea20,half_harmonic,analytical,inf,1.7354429923164168e-10,0.00012491716946272567,1.3125068639914264e-15,0.9999954424560423,0.12375740600009522
51e3b4023b583f57171207b8,half_harmonic,analytical,inf,1.735442992298607e-10,0.0001249171694620449,1.2243317807073662e-15,0.9999954424560432,0.12331669099967257
27d512ef4c06026f2543dc65,half_harmonic,analytical,inf,1.7354429923699558e-10,0.00012491716946636986,1.975646376063299e-15,0.9999954424560437,0.12343240200016226
2833d12fdb140cef055fd84c,half_harmonic,analytical,inf,1.7354429923892953e-10,0.00012491716947284748,1.516285262047269e-15,0.9999954424560439,0.122689998000169
3beb302314571b76e1e7ab8f,half_harmonic,analytical,inf,1.7354429923327244e-10,0.000124917169465377,8.000427533937021e-16,0.9999954424560432,0.12320023499978561
7b33133f96d1f8d63ce2657e,half_harmonic,analytical,inf,1.735442992348435e-10,0.00012491716946294042,1.2845810103899644e-15,0.9999954424560441,0.12457927300010851
db9f074dd689c702975c5188,half_harmonic,analytical,inf,1.7354429922947268e-10,0.00012491716947021116,1.3281521434387077e-15,0.9999954424560412,0.12382275900017703
fd394529dc3654109ad1a5fe,half_harmonic,analytical,inf,1.7354429922794141e-10,0.0001249171694717496,1.2710156231098065e-15,0.9999954424560419,0.12333056599982228
95b91cfebf1c7097bc33ad5a,half_harmonic,analytical,inf,1.7354429923927405e-10,0.00012491716946971316,1.2671037406813137e-15,0.9999954424560432,0.12288807599998108
4ef1718ea9b23aa36d5696b7,half_harmonic,analytical,inf,1.7354429923370968e-10,0.0001249171694684132,9.811243487392006e-16,0.9999954424560437,0.12279410800010737
c6f209f5824a807933ea721f,half_harmonic,analytical,inf,1.7354429923461687e-10,0.00012491716947086917,1.3291042927262038e-15,0.9999954424560441,0.12368960399999196
603ec09312511efbe81774c9,morse,analytical,41.27507182533393,0.00011755515441439237,0.00011147023486950799,1.7365516159578892e-15,0.9999977993117957,0.19109313100034342
64ec82b41315f1f02b8ab88c,morse,analytical,41.294994905096914,9.614509614443801e-05,0.00010744089342465818,1.9738966382399147e-15,0.9999978328530901,0.14070923000008406
34d615fc8e4289164d554017,morse,analytical,46.616374221364964,9.810018261335892e-05,0.00010745868049549227,2.233448636646462e-15,0.9999978331131293,0.13988662199972168
0d70eb3f9c25125ee58b415b,morse,analytical,41.822034489906905,0.00011197622814859282,0.00010983770526526889,1.1702741857936036e-15,0.999997816814696,0.14046485800008668
3b5ac61817b415974c59f901,morse,analytical,46.938236629383326,0.0001081441289474816,0.0001093895153028843,1.3934251754128095e-15,0.9999978134112473,0.1406034820001878
30044f9d866dff8845dc82ee,morse,analytical,40.801615724681945,0.00010691835912584924,0.00010947553256170232,1.1815992253295193e-15,0.9999978141990546,0.13970215299968913
596e14b3a3c5b99671f02726,morse,analytical,45.96129473537031,9.843055762224183e-05,0.0001069810920324962,1.3944213530564905e-15,0.9999978405308204,0.13995775300008972
aa462b7d1424e5cc01eeaef8,morse,analytical,35.09521370921347,0.0001391413640494539,0.00011376163211244335,1.4638422948676016e-15,0.9999977802731778,0.140301069999623
edaef9abfa85ae19d1e477d5,morse,analytical,45.067497322703275,0.00011627773125169038,0.00011061260496444432,9.459468499618948e-16,0.9999978097970588,0.13888477699993018
fed703d6b88b506c2d30bbca,morse,analytical,42.95423908463897,9.771779224003527e-05,0.00010715621753302526,1.2484419099781425e-15,0.9999978376853856,0.14071349100004227
040e3b1b11e12821908a253b,morse,analytical,44.661239285665175,0.00010388808770705797,0.00010794036780432877,1.6357399121729127e-15,0.9999978320164884,0.1407217410001067
0360d0fb55d782f0b233fd32,morse,analytical,37.66820785243339,0.00012067829202343916,0.00011107450033202135,1.4414065907071023e-15,0.9999978017153335,0.1398853630003032
2233e6a788e6fb45439f7868,morse,analytical,45.06344961904201,0.00010489192829500335,0.00010864309243310092,1.1883114854869207e-15,0.9999978222395612,0.14084154600004695
c2d8f37568aa5316a1cb1f6b,morse,analytical,38.194664932173794,0.0001079189069571933,0.00010878528499695358,2.2644364820271998e-15,0.9999978218970268,0.19580453599974135
1d4f3d892e08c2394e322cb2,morse,analytical,50.771146742161164,8.867701542840677e-05,0.00010496482255967008,1.5711255549087477e-15,0.9999978574073426,0.13993777300038346
848d3ab2cb46c82fa5cf1237,morse,analytical,38.96861496282705,0.00012237524933260614,0.00011147739550000658,1.5175448974666518e-15,0.9999977991936498,0.13899688799983778
002e3c4c4929110236423bf7,morse,analytical,47.0855634149939,0.00011562404613356068,0.00010951065107878708,1.7301873967825017e-15,0.999997825615385,0.13864004400011254
ff0a94a73cc0b6d6bfbb686b,morse,analytical,41.80491192660854,9.603694024051358e-05,0.00010690591561638071,1.525644902131331e-15,0.999997838473348,0.1388657559996318
d9fd83a75e20ca349b428cb3,morse,analytical,46.7033876562116,9.9089857831196e-05,0.00010703463608684722,1.446504015627203e-15,0.9999978378794344,0.13949304800007667
dfc704ebd8167eebc98d21be,morse,analytical,36.583794626073534,0.000113870201197556,0.00011106201149223602,1.95537139636371e-15,0.9999977958405506,0.1643977100002303
1061839bea1dba8662d6237d,morse,analytical,42.723608807368514,0.00011309594056707607,0.00010996155523146206,2.0650886405417124e-15,0.9999978135246749,0.13995286299996224
33e4c13ee5470803ae9a726d,morse,analytical,39.03257204274042,0.00011405073559260245,0.00010932634614444682,1.6706189074984003e-15,0.9999978253512741,0.13996039199992083
84ff2c7b148fe5fb8af2791e,morse,analytical,48.37323484214178,9.442311922480105e-05,0.00010621069582421793,1.8977031222187757e-15,0.9999978467154819,0.13893438900004185
e6befccc9c153ef3662dc154,morse,analytical,39.75436897944049,0.0001233030119552597,0.00011217954771351656,1.2711096339143857e-15,0.9999977926317536,0.139262064000377
fe95faf5c4620bb0664a1009,morse,analytical,42.319851227188266,0.00012241273284290365,0.0001115790616180358,1.2593668438712647e-15,0.9999978000681922,0.13982573400016918
37502fa673eb2de7f968d3ee,morse,analytical,39.29902942373849,0.00010513065325181538,0.00010827881929424342,1.7104660641288675e-15,0.9999978312432839,0.13985267799989742
626b249a0a3656f960bc875e,morse,analytical,47.7189293232136,9.790159460840617e-05,0.00010779735715432217,1.6942128303376615e-15,0.9999978278640647,0.14383816800000204
b04d22a335a45a5ca1b402ee,morse,analytical,39.84233613603864,0.00011791660467272163,0.00011084234419673217,1.3316082801508238e-15,0.9999978064989734,0.13991362299975663
0371e5ac3beb26a2782f4eb8,morse,analytical,46.19184908477382,0.00010506348762700607,0.00010869635465665138,2.0636934436224844e-15,0.9999978261120437,0.14018554700032837
77abb33e9eb05d121b08cc6c,morse,analytical,43.085171279687934,0.00010152798995881718,0.00010801627364048801,1.6481237691946548e-15,0.9999978304041921,0.1400560970000697
35cc89bbfe8f7fb08a618623,morse,analytical,45.159799820059284,9.705890801241792e-05,0.00010620075476127162,1.2431678230963773e-15,0.9999978526589585,0.13921849999996994
4b52c47c792e4428976233d8,morse,analytical,37.298915524240826,0.0001298777174433019,0.00011220155849910126,2.9889274163875873e-15,0.999997795239022,0.14016948800008322
bde19aec6b730e424e9ed4da,poschl_h,analytical,1.3252827703865693,0.0006425734359606056,0.0002496472903319304,1.662801280199263e-15,0.9999973436350299,0.1400087390002227
05e0ced05a4438041fa6b284,poschl_h,analytical,1.08634681064237,0.0008797694822968137,0.00035008450011163675,1.4115275980631914e-15,0.9999971138517253,0.1365619709999919
0e4d6bcc05e131ec8de7ea20,poschl_h,analytical,1.416342945361757,0.0006675242157091624,0.0002669632019460446,1.8183874378624855e-15,0.9999972890821806,0.13662217000000965
c0ad3ee1e6e4d98119114123,poschl_h,analytical,0.3707393837963098,0.00138047010800242,0.0005795813523226142,1.3100376434860922e-15,0.9999967650475362,0.1357859859999735
200b663cbabad404424f3f10,poschl_h,analytical,0.8026875890633791,0.0007822954093472899,0.00030820899905664495,2.0998808930330877e-15,0.9999972010608388,0.13580509099983828
34f67acaaf74356115fd9d4b,poschl_h,analytical,0.6334048734778053,0.0011263086083866311,0.0004538111589765629,2.2659510868485144e-15,0.999996941046604,0.13676973199972053
3472a5ffe65cde68ce5b3d96,poschl_h,analytical,1.8178461835094541,0.0006081261310207053,0.0002360124698057589,2.0751751095549866e-15,0.9999973803874896,0.13576342400028807
bfcdff2a33ff5fc742854f96,poschl_h,analytical,0.6762658726857298,0.0009907839462497995,0.0003786498979106277,1.1102230246251565e-15,0.9999970820316774,0.13924859400003697
f3921a3e8cafda9e4219037d,poschl_h,analytical,1.0128441054855974,0.0007314065968424149,0.0002908190549372821,1.2255305991167297e-15,0.9999972352508746,0.1363359940000919
0158b9e1c5a4cc205d93acef,poschl_h,analytical,0.6066348857827055,0.0012779706447906293,0.0005115214057632508,1.1785958374725021e-15,0.999996869830393,0.13625997799999823
82867b579bff50b90d693ca2,poschl_h,analytical,1.3589273187712196,0.0006321405354837331,0.00025558671884708806,1.7315011929417558e-15,0.999997313581208,0.13646014200003265
c9cde521ee670180bd3dc912,poschl_h,analytical,0.7357182245576732,0.0008767029736126939,0.0003370041466536266,8.881784197001252e-16,0.9999971537567045,0.1364055979997829
f6dfa6e26cefbcbc18c27630,poschl_h,analytical,1.454233037144843,0.0005431280861627439,0.00022190420182389045,1.3886267394702251e-15,0.9999974025961464,0.13651968000021952
05a38873d4c03fb94ffbe8c7,poschl_h,analytical,0.7217658674195624,0.0010493707066042423,0.000421915111611568,9.631561337375358e-16,0.9999969885244446,0.13550068799986548
a6a5f3e64469c7247733f264,poschl_h,analytical,1.2976234208717106,0.000757318849750117,0.0003032029726199535,1.4961952127872051e-15,0.9999972051325495,0.13658124399989902
fc9f50f4af33d0e73f21051d,poschl_h,analytical,0.5520482837012546,0.0011818859866699013,0.00048056480075542757,9.459507014383508e-16,0.9999969000195652,0.13673963700011882
3eeb970e12e5a23546e21508,poschl_h,analytical,1.076458779629986,0.000757907587786817,0.00029570399093262163,1.4041747047353692e-15,0.9999972320085734,0.1361846400000104
2e72921b5a1e413dffe43158,poschl_h,analytical,0.6834619985510431,0.0012199680044769413,0.0004829962272176952,1.8123872376623085e-15,0.9999969113517633,0.13569651100033298
af20b7f61af725ffef635879,poschl_h,analytical,1.7266902676814624,0.0005822649893513474,0.00022912741307831914,1.1212623578621155e-15,0.9999973946893861,0.13584827300019242
15153ab509dacb1ecdc4e0ee,poschl_h,analytical,0.6110668501930965,0.0010347027439972008,0.0004005284557559964,2.078184974261286e-15,0.9999970403432984,0.13574092399994697
313d8b627b06c8df8a20be75,poschl_h,analytical,1.0433963232866104,0.0006485684404145324,0.00025952515611704337,1.1102230246251565e-15,0.999997307403983,0.13826102299981358
2285542f0a644376d22bb854,poschl_h,analytical,0.9403714837053645,0.0008391878827129405,0.0003351583883101743,1.5954613082976814e-15,0.9999971406053078,0.1370479960000921
7e806d81d07359bc521195d4,poschl_h,analytical,1.367722547377765,0.0007261000178623659,0.000276308239162634,1.2398926101833266e-15,0.9999972858320221,0.13538339900014762
83f7f5632d5f718466472c94,poschl_h,analytical,0.45278600034608996,0.00131906205602191,0.0005404598624893313,1.7721867421747762e-15,0.9999968225296961,0.13613460000033228
1f2e46d455e3188fefb3a263,poschl_h,analytical,1.407710253341084,0.000588804486713809,0.00023229849903744259,8.95699191898964e-16,0.999997384871459,0.13638488600008714
9f8b7c98eb9bb8347aa72bb4,poschl_h,analytical,0.8955953256182427,0.0009690325394700044,0.00038226225936835434,1.5273996334713513e-15,0.9999970610534714,0.13631671399980405
a6ceac9e98872311c87a0729,poschl_h,analytical,1.02097723027323,0.0008388919340757585,0.00032275809096593664,1.4243898909433253e-15,0.9999971811531089,0.13596929599998475
04b996f8dd8d8e9951fc43a8,poschl_h,analytical,0.4932355722587536,0.001097938976168675,0.00043006248195932194,1.0795030723357443e-15,0.9999969895468437,0.1357114789998377
c96fd76931fa182a0baefd76,poschl_h,analytical,1.0175485018935735,0.0006879266759753898,0.0002712292174378871,1.5780765915514823e-15,0.9999972841613892,0.13632236200010084
24f879b14fef98a233072efc,poschl_h,analytical,0.5105933529451168,0.00135775363041411,0.0005707745653707099,1.1311555958557642e-15,0.9999967736905865,0.13564413599988256
571355d89670587e6b002b3d,poschl_h,analytical,1.8626330759584704,0.000620497697800765,0.0002395014467627452,1.015732330368652e-15,0.9999973728489071,0.13506861899986689
76b41cac56b4be390ca69e1b,poschl_h,analytical,0.7830695192782393,0.0009475304572438527,0.00036247259022287727,1.4911773507944898e-15,0.9999971093198006,0.13540566099982243
59f95cefab35d35d9c096812,poschl_t,analytical,inf,0.0,0.0004583350101737936,1.9213720715501487e-15,0.9999956172222852,0.1449727110002641
5863819323742ff19490b372,poschl_t,analytical,inf,0.0,0.0002622303594322719,1.4461114535379549e-15,0.9999946808506336,0.14934043399989605
46fa9383f6d1d06ebea1247d,poschl_t,analytical,inf,0.0,0.0005627643855261719,1.599119446881914e-15,0.9999957380976677,0.14488014300013674
3495348f23a870d064b057c9,poschl_t,analytical,inf,0.0,0.00026596363714422825,1.0336032212556588e-15,0.9999948108336815,0.14461466200009454
76d65e5f6f7287e76fb9a146,poschl_t,analytical,inf,0.0,0.0008772295786378342,1.206004973115901e-15,0.9999956396217292,0.14593848000004073
64b8295b7afe13faee3f06fa,poschl_t,analytical,inf,0.0,0.0007210611075064295,2.333687390920649e-15,0.9999956262624865,0.14468996499999776
56e758e708fe3502dbc01246,poschl_t,analytical,inf,0.0,0.000355418423877252,1.1100703963540739e-15,0.9999950566459576,0.14421486700030073
e7519f9a4209cb944dd550f6,poschl_t,analytical,inf,0.0,0.00028536018705222003,1.563691935169396e-15,0.9999950480324219,0.202974162999908
637b99d9bcd5990ca79ee2f6,poschl_t,analytical,inf,0.0,0.0004626520669276707,1.3817381517685561e-15,0.9999952304904188,0.14485568200007037
9f68fef5e174fe2d9d9c4e4e,poschl_t,analytical,inf,0.0,0.00031208096359366017,1.4059781508110283e-15,0.9999952218429697,0.14515509900002144
cb56e3af0bdce3e4bdcb95b2,poschl_t,analytical,inf,0.0,0.000320894170234332,1.3729585650304524e-15,0.9999954017521913,0.14441056900022886
05ee7208a40a5dcaacea0a7b,poschl_t,analytical,inf,0.0,0.001156472910451538,1.2520724713606188e-15,0.999995423408792,0.14594474500017895
735471796d89edc663997cca,poschl_t,analytical,inf,0.0,0.0004393544085712109,1.6534285174188183e-15,0.9999956775226904,0.14477145000000746
bb654261c4daaa3a88b7a92e,poschl_t,analytical,inf,0.0,0.00026273779594543784,1.1060083244264237e-15,0.999994748469726,0.14518313700000363
082e5035c7d0437a75d276b1,poschl_t,analytical,inf,0.0,0.0011681420485828474,1.6509516625144208e-15,0.9999960563700786,0.1496766270001899
3a47351e6ac16212a1fcb625,poschl_t,analytical,inf,0.0,0.00028437952391155766,1.0942308558003111e-15,0.9999951604833447,0.14582740800005922
0f3a8ad15150c980b8182750,poschl_t,analytical,inf,0.0,0.0011218339510875208,1.748636238227976e-15,0.9999958302241361,0.14512916700005007
567570d7d01881bab8ab45a6,poschl_t,analytical,inf,0.0,0.00027878793412955795,1.6190802023081357e-15,0.9999949273106896,0.14542566599993734
2d9152b22d09e652233be83f,poschl_t,analytical,inf,0.0,0.0009865230498982936,1.3322676295501878e-15,0.9999958643908214,0.14509565100024702
dcc59901e68266870cfad563,poschl_t,analytical,inf,0.0,0.0002745866247338224,1.3367579845205256e-15,0.9999949331678049,0.1457551210000929
4e6e0c8b043d1ed8ead96322,poschl_t,analytical,inf,0.0,0.00030747461817929233,1.347112500257045e-15,0.9999951533641035,0.14909229300019433
eec43baf50c281bc23de3cd9,poschl_t,analytical,inf,0.0,0.00036768839560063875,1.1951160163073728e-15,0.9999951511741756,0.14453274900006363
883acf10a0ff3ec19436d7fb,poschl_t,analytical,inf,0.0,0.0004495393790344895,1.193245413257691e-15,0.9999954176499223,0.1457893960000547
be217edef2d34fb0c99a115c,poschl_t,analytical,inf,0.0,0.0005289413124810869,1.3649710028620392e-15,0.9999954265024807,0.14486845100009305
44f3b1513982fca62f74d79d,poschl_t,analytical,inf,0.0,0.00040673536552360046,1.8393690285886323e-15,0.999995358132893,0.14520933599987984
b4a5a3e5df32929bd7a0d584,poschl_t,analytical,inf,0.0,0.0004710180309611918,1.7576269248758515e-15,0.9999953670790444,0.15341099899978872
bd7a29d2dc7c8c4889a43342,poschl_t,analytical,inf,0.0,0.0006848289871479356,1.252872007142512e-15,0.9999953983723711,0.1770111360001465
68c4a4fb2e38a0e46f14eeb9,poschl_t,analytical,inf,0.0,0.0003512357932382914,1.6351728659385922e-15,0.9999953767466255,0.1451596840001912
2fd0c9418275edcf4e301fff,poschl_t,analytical,inf,0.0,0.0009984409140186509,1.6885586300148807e-15,0.9999960197877288,0.14427334200036057
9befdb2f384f85fe8f9f9673,poschl_t,analytical,inf,0.0,0.00027935172086034847,8.644647209444732e-16,0.9999951073372539,0.14471469899990552
98b391767b6d4bc1e403b373,poschl_t,analytical,inf,0.0,0.000312435726751756,2.750408089508206e-15,0.9999953754032412,0.14497113199968226
55229bd7a2eeb340979ea69b,poschl_t,analytical,inf,0.0,0.00025622378584431353,1.4040446790998687e-15,0.9999944330081291,0.14545427399980326
b058b3af0541f532568d06d2,radial_coulomb,analytical,0.010304877918867916,0.00032857957279532166,0.012985425464998597,9.891028210209861e-16,0.9999988912121562,0.2297026910000568
0afed2617c23430c1d1bfa31,radial_coulomb,analytical,0.005530817752815276,1.7000007866411986e-05,0.0029139981529773982,1.3842224044446234e-15,0.9999977910668659,0.23115137300010247
41899d2df9c8edac12f02fbd,radial_coulomb,analytical,0.0049168206445329155,2.6340116610285852e-05,0.019951329650703998,1.941416477176063e-15,0.9999998761213752,0.23202957400008017
e77ec8a0ae3e885c8e747b17,radial_coulomb,analytical,0.013616549367256203,2.6340116610021327e-05,0.019951329537867872,1.2743777614717297e-15,0.9999998761213752,0.18047403499986103
bb4c21373d08d26984918111,radial_coulomb,analytical,0.010988946204507632,2.6340116610873503e-05,0.019951329678481105,1.1588653443776328e-15,0.9999998761213745,0.18076289999999062
a7433217e79a6bcbe2dd5b68,radial_coulomb,analytical,0.003836995325982251,2.6340116608158888e-05,0.019951329652983102,1.2212453270876722e-15,0.9999998761213739,0.23288498900001287
5fd7f55322608f18def5dfb6,radial_coulomb,analytical,0.007966206743776016,0.0003285795727891526,0.012985425295539775,1.3515189758254133e-15,0.9999988912121558,0.18070288900025844
b20e6b7ab06e836c31405381,radial_coulomb,analytical,0.008184270594376652,1.7000007866730945e-05,0.002913998163928663,1.35509916998749e-15,0.9999977910668666,0.1802786240000387
de0210f19c63537e34cb0e97,radial_coulomb,analytical,0.01249848335758097,0.00032857957279263197,0.01298542516138146,1.3322676295501878e-15,0.9999988912121562,0.1801356570003918
fa14d86cafb37c96e756fc84,radial_coulomb,analytical,0.007450269097269313,2.634011660968138e-05,0.019951329587785345,1.6653345369377348e-15,0.9999998761213743,0.20991200099979324
fde2a1625aefff530e6861cc,radial_coulomb,analytical,0.004998831673230786,0.00032857957279304353,0.012985425557678723,1.4391659334791661e-15,0.999998891212156,0.2301018920002207
65a202351f7622eed4f4a1a7,radial_coulomb,analytical,0.009884620478190609,1.7000007866530506e-05,0.0029139981716360297,1.0601442480244074e-15,0.999997791066867,0.17970221299992772
ef37ee4e48d2a5a56b9b21ac,radial_coulomb,analytical,0.01541053651129598,0.0003285795727922988,0.012985425389628064,8.881784197001252e-16,0.9999988912121576,0.18049671399967337
747933284e074bfc7cfbfa27,radial_coulomb,analytical,0.0038531022148589056,1.7000007864300573e-05,0.002913998133444173,1.2763105221129936e-15,0.9999977910668668,0.230656917000033
f39fb0d4504ab3459a1ce8ec,radial_coulomb,analytical,0.005788403591385771,2.6340116608302148e-05,0.019951329642691536,1.3322676295501878e-15,0.9999998761213734,0.18575285899987648
1ecffad4ba37d11d3609ef75,radial_coulomb,analytical,0.006685170379782557,1.700000786629518e-05,0.002913998162539753,1.285869308751745e-15,0.9999977910668675,0.18060944199987716
f593c5ca5ee4b6ce48d3081f,radial_coulomb,analytical,0.008308906339776545,2.6340116609515428e-05,0.019951329641087354,2.1094237467877974e-15,0.9999998761213739,0.18057841100016958
e3569f55a42af1b5c82ea46c,radial_coulomb,analytical,0.004807674465979295,1.700000786647213e-05,0.002913998126010881,1.3825578347904144e-15,0.9999977910668666,0.23270696999998108
ac8d7d878df6565fd999dee4,radial_coulomb,analytical,0.005558217710772695,0.0003285795727991538,0.01298542550403347,1.5542638195939664e-15,0.9999988912121571,0.18041716700008692
7cc1f9d27ddfd16dc919948a,radial_coulomb,analytical,0.010516373598063122,1.700000786664627e-05,0.0029139981659450963,1.7173645060861518e-15,0.9999977910668673,0.1814730360001704
09688dc7299d2dc5fff3ad64,radial_coulomb,analytical,0.014469253920617486,0.00032857957280350055,0.012985425411414541,1.2373953584580724e-15,0.9999988912121556,0.17977189600014754
7f63c163ac3583f81eb2761c,radial_coulomb,analytical,0.003474567737209,1.7000007865088707e-05,0.0029139981751044723,1.6983574800102433e-15,0.9999977910668659,0.23068074899993007
9e1a8a68d32d9a8ca4fb8953,radial_coulomb,analytical,0.009092980068390322,0.0003285795727967457,0.012985425127022925,1.1400104793534114e-15,0.9999988912121576,0.17870264399971347
d2df575ba435123dc6e3cedb,radial_coulomb,analytical,0.009955210228757005,2.634011661067697e-05,0.019951329599512527,1.7763568394002505e-15,0.9999998761213748,0.18013049199998932
97fc795bf13ca07cdb81b1e8,radial_coulomb,analytical,0.011171097531390561,0.0003285795727924388,0.01298542525208829,1.1515528186403785e-15,0.9999988912121553,0.18136524200008353
bc0c485be01cc265fdeaba92,radial_coulomb,analytical,0.006090519586597676,1.7000007867230206e-05,0.0029139981289992437,9.893986106278166e-16,0.9999977910668637,0.1796328660002473
5986d036ab0a207c1c20eb86,radial_coulomb,analytical,0.0035245833547790095,2.6340116610945057e-05,0.019951329925409274,1.3322676295501878e-15,0.9999998761213739,0.2329312580000078
da71cf1a13f5474bd816de07,radial_coulomb,analytical,0.011192055617958552,2.6340116608421753e-05,0.01995132965617786,1.1657661730829377e-15,0.9999998761213739,0.17899351699998078
960936728f42c9fd1083a9f8,radial_coulomb,analytical,0.015893475670261115,0.0003285795727979068,0.012985425676042646,1.2841191547359077e-15,0.9999988912121562,0.1809340740001062
a7984651c581b79afea8dce6,radial_coulomb,analytical,0.005305812329151616,2.6340116607979317e-05,0.019951329490613536,9.622234223027272e-16,0.9999998761213743,0.17980340100029935
3177fa67cde0cebcdffdc195,radial_coulomb,analytical,0.007237427556886722,0.0003285795728060972,0.012985425290570625,1.5072943150212205e-15,0.9999988912121558,0.17945515399969736
7c60fe8adf3254bc4a261988,radial_coulomb,analytical,0.00753330259636531,1.7000007866939955e-05,0.002913998153942366,9.955440155311847e-16,0.9999977910668642,0.17986638100001073
e17d46041d2480af76206bb9,radial_oscillator,analytical,inf,2.7000601595328755e-11,0.0012760816892899794,1.3734976789645784e-15,0.999994471919261,0.14510802799986777
2c71c563f315d83448c59840,radial_oscillator,analytical,inf,2.7000601593375358e-11,0.001276081689289308,1.8669251768763516e-15,0.9999944719192617,0.1313613370002713
9549789e5819c1d9fa42d519,radial_oscillator,analytical,inf,1.833939215507391e-10,0.00012485273550451464,1.1882221226095718e-15,0.9999954471686074,0.13497405599991907
71774960e7ad5898a810ed53,radial_oscillator,analytical,inf,1.0587874733074862e-11,0.0001467534434183085,1.1680862049380337e-15,0.9999935168113859,0.13070382600017183
74e48d758a1cca4f8b2e65d9,radial_oscillator,analytical,inf,1.8339392156269166e-10,0.000124852735493282,9.753398598770923e-16,0.9999954471686086,0.1638684720001038
55bc5f5b375625eb9a4aced5,radial_oscillator,analytical,inf,1.0587874732138114e-11,0.0001467534434141799,9.648642079975023e-16,0.9999935168113828,0.13120630699995672
9d3b2eae999a2d5c2c3f18d7,radial_oscillator,analytical,inf,2.7000601595273515e-11,0.0012760816892885703,1.1130806077768226e-15,0.9999944719192608,0.1308829429999605
87ea958b66d048f929098671,radial_oscillator,analytical,inf,2.7000601592775203e-11,0.0012760816892881438,1.4099514056406348e-15,0.9999944719192604,0.1315800450001916
387591d95126cf9712f8635f,radial_oscillator,analytical,inf,1.8339392154971604e-10,0.00012485273549358905,1.198539821777827e-15,0.9999954471686072,0.1318762969999625
444b7aaee3a587a4039b5215,radial_oscillator,analytical,inf,1.0587874732898627e-11,0.00014675344341950213,1.4443330093733393e-15,0.999993516811383,0.1340071849999731
c8430da29a411b9ed70c63c3,radial_oscillator,analytical,inf,1.8339392155449994e-10,0.00012485273550576556,1.4619497222614631e-15,0.9999954471686101,0.13314109099974303
66c5b6793f0bb609b6bfd854,radial_oscillator,analytical,inf,1.0587874733748137e-11,0.0001467534434171841,1.447607860724854e-15,0.999993516811385,0.13182212700030504
97ec97c16d786f27dfa55296,radial_oscillator,analytical,inf,2.7000601594113546e-11,0.0012760816892889806,1.0648740544429997e-15,0.9999944719192619,0.13537119400007214
59b46129abcbc9a7cfece9c6,radial_oscillator,analytical,inf,2.70006015949406e-11,0.0012760816892886419,1.3452555680697062e-15,0.9999944719192613,0.13129611800013663
6d026617bc04465919a62786,radial_oscillator,analytical,inf,1.8339392155813452e-10,0.00012485273548884935,9.218433274256755e-16,0.9999954471686086,0.13222269700008837
71fb12febfd8fda989d8aea8,radial_oscillator,analytical,inf,1.05878747338272e-11,0.0001467534434117656,1.6294481743925107e-15,0.9999935168113846,0.13048435700011396
94f9212f51a4c36ea67878de,radial_oscillator,analytical,inf,1.833939215491703e-10,0.0001248527355006231,1.4100789296888534e-15,0.9999954471686081,0.13305084600006012
377b173a4bf78a09bb315d61,radial_oscillator,analytical,inf,1.0587874733288515e-11,0.00014675344342515573,1.8116733593565758e-15,0.9999935168113817,0.1307770589996835
0157f359e4d9808827f24e55,radial_oscillator,analytical,inf,2.700060159390549e-11,0.0012760816892891187,1.4917061039950692e-15,0.9999944719192613,0.13075529299976552
f7fc978e5f738585d67a1f51,radial_oscillator,analytical,inf,2.7000601595383588e-11,0.0012760816892888236,8.769002503787822e-16,0.9999944719192626,0.13074727100001837
7921d2324ec8cb63d51c2df0,radial_oscillator,analytical,inf,1.8339392154709737e-10,0.00012485273550522853,1.4231227670852253e-15,0.9999954471686072,0.1315942050000558
c919931aa1eeaeb21cef6162,radial_oscillator,analytical,inf,1.0587874733252297e-11,0.00014675344342606947,1.0521746226395886e-15,0.9999935168113855,0.13163673600001857
8a7aeca7afa7f457b5ec8f68,radial_oscillator,analytical,inf,1.8339392156111787e-10,0.00012485273549943206,1.6992472087659418e-15,0.9999954471686074,0.18350948300030723
504be3d0fcf2a43b3b13db0c,radial_oscillator,analytical,inf,1.0587874733700786e-11,0.00014675344341695277,1.607764515833567e-15,0.9999935168113842,0.1310554179999599
a221b5baf26ba2a0c59246a8,radial_oscillator,analytical,inf,2.70006015921235e-11,0.001276081689288789,1.1610937454329675e-15,0.9999944719192604,0.13065005400039809
dc4867dcae4565a07b95f2b1,radial_oscillator,analytical,inf,2.7000601594422e-11,0.0012760816892901927,1.4758939288897446e-15,0.9999944719192626,0.1305690509998385
37694f793ab0b32b70bfd8cd,radial_oscillator,analytical,inf,1.8339392156000464e-10,0.00012485273549650076,1.463255680398919e-15,0.9999954471686099,0.13228009199974622
00a846ae768a4d06633f6c43,radial_oscillator,analytical,inf,1.0587874734196408e-11,0.0001467534434185707,2.097433323977443e-15,0.9999935168113855,0.13071223099996132
58693c86ff2a5945825806cf,radial_oscillator,analytical,inf,1.8339392155642833e-10,0.00012485273550554867,1.3659864100682704e-15,0.9999954471686081,0.13215526999965732
3e81c5bce9a268a64d3d68e2,radial_oscillator,analytical,inf,1.0587874733243544e-11,0.00014675344341973903,1.7467090678370717e-15,0.9999935168113839,0.13176607400009743
6ac8744c6553908f91b2a613,radial_oscillator,analytical,inf,2.7000601594007305e-11,0.0012760816892883194,1.4829422478436278e-15,0.9999944719192617,0.13037333600004786
b4a31f317fcac245f8a6879c,radial_oscillator,analytical,inf,1.058787473350075e-11,0.00014675344341821765,1.7645154282562162e-15,0.9999935168113848,0.13159117599980164
8a8ee8193efc9d9a5b6d1211,kratzer,analytical,0.9529144314309796,2.6971158281986396e-06,0.0007588532769337892,1.2364408187611065e-15,0.9999964493741276,0.14183862800018687
464e63df9f2d99e5ce6b929d,kratzer,analytical,0.5673651871180532,3.954521552491289e-06,0.0009315531314940533,1.4394965508056043e-15,0.9999968322706234,0.14067046700029096
240c21a9c8f22d0a7e2e1257,kratzer,analytical,0.5464719272015435,3.845478503665934e-06,0.0009219128223104378,1.5388042938785475e-15,0.9999968132613075,0.1413616020004156
b2af1900a1bfceb7bafaefbc,kratzer,analytical,0.86570955383801,3.381634338488272e-06,0.000845145528416016,1.1224345925034575e-15,0.999996665891489,0.18008020599972951
328ebd2fb8e8ff4da0dfd738,kratzer,analytical,1.2021596966822354,1.7579464369712243e-06,0.000618943016940889,1.1403129157944966e-15,0.9999959584890922,0.14055154500010758
23159579304a79f189bcee1a,kratzer,analytical,0.2714444188666034,7.929146717056652e-06,0.0017609221451691073,1.1225479892853212e-15,0.999997552484868,0.14191279399983614
b2125d5b0f47487c516ee860,kratzer,analytical,0.5241755843178257,3.6057457763565556e-06,0.0008817312123782987,1.694852958264027e-15,0.999996739732813,0.14203040500024144
8dd7843142ada5006dff7831,kratzer,analytical,0.753068999280603,3.989639429755061e-06,0.0009558718973682521,2.03449662214818e-15,0.9999968676689039,0.14089732399997956
56a549ad426626faac8f9dd2,kratzer,analytical,0.8203327948259735,2.3772219990722123e-06,0.0006962568574072254,1.121706521989393e-15,0.9999962676129287,0.1407185970001592
caeb31075b09e256b5452ede,kratzer,analytical,0.476876823088471,6.403992464565927e-06,0.0013690346824502902,1.6757172998572992e-15,0.9999973283520879,0.14253190500039636
8d572bf994f5c0ecb4351022,kratzer,analytical,0.4315064297633322,4.4390723909782184e-06,0.0010214029889312856,1.4636701121420772e-15,0.9999969690142158,0.1410331839997525
0656cbb17121f6419259ce4b,kratzer,analytical,0.831347978596729,3.8060596278414883e-06,0.0009184206557847703,2.2978733690376605e-15,0.999996806256479,0.1414898269999867
1a036944a7cc5e8ed56db149,kratzer,analytical,1.081252539934483,2.689979789267036e-06,0.0007582787389893074,1.3920362425588695e-15,0.9999964475471947,0.14098516900003233
44c852cfcc83ad4ebe1ad2b1,kratzer,analytical,0.4722824943495887,3.893315722121415e-06,0.0009469656423623436,1.0221869344911787e-15,0.9999968511069057,0.1406356299999061
7b7e347cfa6d550d59c07956,kratzer,analytical,0.8319202324136379,2.315017027645714e-06,0.0007031539127174123,1.6314127250733472e-15,0.9999962809203835,0.1411520169999676
e139b310d66f7ed1f18a4b0c,kratzer,analytical,0.621116422749032,5.358861909028857e-06,0.0011717320925814538,1.3939454537726079e-15,0.9999971530524657,0.14115789400011636
8258e31552de00ebf536eb4c,kratzer,analytical,1.1766254898499238,1.9116395964380428e-06,0.0006304116302526127,1.6107936062465553e-15,0.9999960176606643,0.14296423599989794
4285fd14360adf0612c46086,kratzer,analytical,0.43316152702445354,4.902984636159782e-06,0.0011226805484636333,9.078698009290249e-16,0.9999970933216683,0.14138311300030182
eb02ba2a9e2259aba2574049,kratzer,analytical,0.5173173558214597,4.180347523238116e-06,0.0009734574065221267,1.335378661807321e-15,0.9999968993120737,0.14130259000012302
f22eb75f54d2b047dc9a4d3c,kratzer,analytical,1.0454675081486995,2.7579746345576414e-06,0.0007637364377577484,1.171590098660049e-15,0.9999964647603033,0.14225919199998316
b5c2d0834bbefda6c0ad0323,kratzer,analytical,1.0576529752060821,2.164046053777261e-06,0.0006691967444741159,1.3240247510050809e-15,0.9999961699519351,0.14121423800042976
3018e79f01f6adf94685126b,kratzer,analytical,0.30695321725317815,7.644441738355155e-06,0.0016478202814607123,1.0486137257191623e-15,0.9999975012140776,0.1420385360002001
3338e9c531084d62f2f22234,kratzer,analytical,0.6566577490953929,2.6978820069298666e-06,0.0007589149387667543,8.881784197001252e-16,0.9999964495699921,0.19187898599966502
ef748f2722abea1b59350af5,kratzer,analytical,0.5676461794147398,6.0071469562552e-06,0.001279820977049665,1.1210404793109354e-15,0.9999972577652444,0.14248864099999992
41bef58c9b195110e3e11a29,kratzer,analytical,0.7430403556905318,2.947598532244459e-06,0.0007934989222086239,1.3946189615055367e-15,0.999996541312352,0.14156884700014416
02e27ab493e87d53b33a1daa,kratzer,analytical,0.5155933422121706,5.187439032120068e-06,0.001153233151014757,1.2099527098742335e-15,0.9999971312069942,0.1413219979999667
9f49f57922f6e7721ec5dee3,kratzer,analytical,0.5290155542475041,2.870251282497639e-06,0.0007871532116601245,1.1822226695314624e-15,0.9999965230434452,0.1412828970001101
962ad942870bb8472f2660c8,kratzer,analytical,0.6304753993711483,6.0477653393110225e-06,0.0013243505936123435,1.316922810497959e-15,0.9999972900731219,0.1414002290002827
e4391447b7d28f7deed73be3,kratzer,analytical,1.3078362578926823,1.8077353695952549e-06,0.0006136117063679368,1.1550483790087825e-15,0.9999959450801167,0.14349747400001434
9bed5bdbdc700631c1202cf3,kratzer,analytical,0.38385844867457664,6.008927310744236e-06,0.0013195227098021082,1.2351477980635038e-15,0.9999972857654514,0.1464750139998614
62228101db3aa43748a541b9,kratzer,analytical,0.8078423004433679,3.0517541361228653e-06,0.0008019817393880371,1.3993777010425944e-15,0.9999965651668722,0.17671175499981473
4ec6ff57af136b9135b0ffe2,kratzer,analytical,0.705751580119582,3.290560131953303e-06,0.0008546153271582484,1.5234132432845721e-15,0.9999966773366777,0.14259405299981154
29a3985d0b8c448fd3d9c9f4,anharmonic_polynomial,functional,inf,1.4292885428169726e-06,0.0005196297902158913,1.4973990734204469e-15,0.9999684613155367,0.0778049440000359
27255fd038c4523d298870ad,anharmonic_polynomial,functional,inf,1.070218830173248e-06,0.0005503473338582355,1.6388243813320201e-15,0.9999685447888165,0.08329371099989658
8e6039c19ac0a51c335cbbe5,anharmonic_polynomial,functional,inf,1.0832765712959354e-06,0.0005494088975870825,1.0898357436914458e-15,0.9999685227729393,0.08143956599997182
e0dbcc79e3f922113ecc85d8,anharmonic_polynomial,functional,inf,9.71258261337441e-07,0.0005602666564526747,1.791340758088839e-15,0.9999685476697964,0.08208041000034427
9b3736b1a1f2cf3f00d9b9c7,anharmonic_polynomial,functional,inf,1.0256379788698705e-06,0.0005559500528760027,1.9327163632838487e-15,0.9999685523693631,0.0814574559999528
e89ff27aa27485ca8dd85dcf,anharmonic_polynomial,functional,inf,9.939323768801744e-07,0.00056002505266275,1.8652494938364493e-15,0.9999685693791931,0.1552365020002071
dd24a875a2abcd2d1e1e138a,anharmonic_polynomial,functional,inf,8.987130123044612e-07,0.0005705383828938724,1.980001775626345e-15,0.9999685935926497,0.08170226199990793
1525720730685a902131f25c,anharmonic_polynomial,functional,inf,2.2564157461509517e-06,0.00047590836418917717,1.4509188646807235e-15,0.9999683018471636,0.082194569999956
d79b74b4882e5850cabd4293,anharmonic_polynomial,functional,inf,1.091517683529937e-06,0.0005507474251766516,1.6777427468453545e-15,0.9999685787417573,0.0818011760002264
1278fa759ebce56d000288cc,anharmonic_polynomial,functional,inf,1.8256744533562865e-06,0.0005039209420032173,1.5533038680144974e-15,0.9999683588227707,0.08191579100002855
45233615b6533eb3bcd62d3a,anharmonic_polynomial,functional,inf,8.840584432724376e-07,0.0005747414521217538,1.068920336715225e-15,0.9999686348933747,0.08219122099990273
a451ec7705315e6987b5f67b,anharmonic_polynomial,functional,inf,1.255164787803722e-06,0.0005340090669882217,1.0807330342249962e-15,0.9999685222723101,0.0820031220000601
6e68924023717e25e4709c14,anharmonic_polynomial,functional,inf,1.7709896191174407e-06,0.0005018416316073831,2.4274940623252925e-15,0.9999684497535519,0.08163106899974082
31b1e5ba1ad3168102760408,anharmonic_polynomial,functional,inf,7.831039708825237e-07,0.0005874495935349762,1.2018433929047326e-15,0.9999686276284994,0.0814326740000979
3a83f64e5695528650568bf9,anharmonic_polynomial,functional,inf,1.3095936636413567e-06,0.000529525696442508,1.302596533628548e-15,0.9999684871773281,0.0818168170003446
64fb54c7c446100884e16c7e,anharmonic_polynomial,functional,inf,1.1989752536786455e-06,0.0005369215586723966,2.108127028282613e-15,0.9999684843414074,0.16420061899998473
60fb6ab75221ac4b10d496a7,anharmonic_polynomial,functional,inf,2.3604176547024137e-06,0.0004748733555741518,1.790837626894892e-15,0.9999683668078431,0.08227615399982824
3f6c7b2ecb1ed746fad30ba3,anharmonic_polynomial,functional,inf,9.057362706211325e-07,0.000569120523476066,9.871003873690378e-16,0.9999685827690544,0.08562138000024788
b835bebbb7046d3a6fde4c75,anharmonic_polynomial,functional,inf,9.399417185590487e-07,0.0005663839395719475,8.793135789190766e-16,0.9999685799045361,0.08350294299998495
af47d3da059d1b1017af2789,anharmonic_polynomial,functional,inf,1.0110489929778699e-06,0.0005568075312453382,2.0282091434213553e-15,0.9999685489671635,0.08201847800000905
7a180b49b1a3018f7502dba9,anharmonic_polynomial,functional,inf,9.38153178674115e-07,0.0005675397399682485,1.1618170561011238e-15,0.9999686150904028,0.08191097500002797
9db72c6a0424b6cda58bf72d,anharmonic_polynomial,functional,inf,1.2894922219974333e-06,0.0005325831126504774,1.4793952784994528e-15,0.9999684962302682,0.08168359799992686
a70c8fe9889cb5b13f2354ea,anharmonic_polynomial,functional,inf,9.850864723025432e-07,0.0005587005348700519,1.374565317213822e-15,0.9999685483203782,0.08196952800017243
7c0f877d69bbb3b7eb16e399,anharmonic_polynomial,functional,inf,1.6282645710094773e-06,0.0005076117887424002,1.286970201412739e-15,0.9999684387497269,0.08199860099966827
99baec761bbcace959e3014b,anharmonic_polynomial,functional,inf,1.3095531117059518e-06,0.0005300880795438885,1.0999671148628961e-15,0.9999685071483182,0.0820000369999434
2b871d7fb21bd487fd39405a,anharmonic_polynomial,functional,inf,1.1251200594232703e-06,0.0005467593414422462,1.5768184896005348e-15,0.9999685573028592,0.08717551799963985
262548d48f9855686b73a53c,anharmonic_polynomial,functional,inf,8.306329759676352e-07,0.0005812495726169191,1.354153126722034e-15,0.9999686301448809,0.10597487599989108
a3db7d6cbacbcb1e73d631ac,anharmonic_polynomial,functional,inf,1.4681952797585609e-06,0.0005188253646231394,1.4000503059166772e-15,0.9999684775498825,0.08239374999993743
65de707d0b73f54b67d24a3b,anharmonic_polynomial,functional,inf,1.2801077601584305e-06,0.0005321524912118724,1.2558088640492037e-15,0.9999685211975545,0.0821933329998501
0f8e2af7c897321057f89587,anharmonic_polynomial,functional,inf,8.576509041167172e-07,0.0005766070826286249,2.603677164517709e-15,0.9999686116351998,0.08261859499998536
e3c00daad1cc4c891e0e9bd3,anharmonic_polynomial,functional,inf,1.6827145181186417e-06,0.0005089152137959557,1.2545239962870153e-15,0.9999684191931053,0.08231697200017152
ff65d0903aeb651ece008abb,anharmonic_polynomial,functional,inf,1.102695286502345e-06,0.000551743444974676,1.763434351609275e-15,0.9999686159357226,0.08144076000007772
23f18d0fecfd161f335e848f,asymmetric_well,functional,inf,0.00019522426144494642,0.0007123509254407549,1.2832522066644666e-15,0.9999689747115591,0.07847887400021136
487644a7da6a1b2af46e7a4f,asymmetric_well,functional,inf,1.2422010734059048e-05,0.0013006365129647553,1.4493997236375606e-15,0.9999666232748643,0.08076140899993334
cac7b6e9eeecd252581d2dbc,asymmetric_well,functional,inf,0.04194120257557719,0.0006310957001545896,1.437691643110116e-15,0.9999763606602405,0.08020240300038495
8c4a5e97d3047c067e78f5a9,asymmetric_well,functional,inf,1.8617227141910408e-05,0.0003714479125313971,1.2637118574297616e-15,0.9999662543602558,0.08050385099977575
d252286b550da0e487791f64,asymmetric_well,functional,inf,1.4605773224863647e-05,0.0003738078421342234,1.2892763846542803e-15,0.9999664740045182,0.0807810649998828
9999bc12b9909a5c2385aa83,asymmetric_well,functional,inf,0.0014764208186231263,0.0006318739316628529,1.647749775610711e-15,0.9999716988485048,0.08033484299994598
ec40b4a13a74d60c8e64c956,asymmetric_well,functional,inf,1.5570109724472643e-05,0.0003710862474724908,1.5596576772188111e-15,0.9999668273234518,0.08043631700002152
b89d9dd5008bc1449c73e3b6,asymmetric_well,functional,inf,0.00028699427467088933,0.0005635564911857145,1.1616148193695375e-15,0.9999702504639448,0.08051920899970355
b95f813d82bdbd8d6a456252,asymmetric_well,functional,inf,1.7407506754377533e-05,0.0003742624242844482,1.2432640766611451e-15,0.9999659936597953,0.08012170999973023
4230ff09412b8902d4540a33,asymmetric_well,functional,inf,0.00018396426597436057,0.0004817079290918262,1.240482294213921e-15,0.999969839702888,0.07988107599976502
57da03f99a290443cb23024f,asymmetric_well,functional,inf,6.422248993271354e-05,0.0007773780093698346,1.4580280754716535e-15,0.999966372384398,0.07987115500009168
022415686ae10fb21bc27a15,asymmetric_well,functional,inf,1.7817350798727048e-05,0.0005491940811794538,1.1775320240627225e-15,0.9999667568107159,0.0805358000002343
228ecd0c363c191bc2486f8e,asymmetric_well,functional,inf,0.0007371211845148118,0.0003686691075009379,1.3411191825465828e-15,0.9999717922082341,0.08020338799997262
ff05176fa1315444e4a8316e,asymmetric_well,functional,inf,9.556988287030977e-05,0.0007132109950206543,1.5406623656610927e-15,0.9999670963064962,0.08002562499996202
0ef302ad7318934611874b1d,asymmetric_well,functional,inf,0.003524735520267886,0.0003576009796910247,1.2547213043678208e-15,0.9999726442828911,0.18221186099981423
fe06fc6d421cf3cd408809a6,asymmetric_well,functional,inf,1.7317654492351713e-05,0.0003853811685993013,1.1838960749764455e-15,0.9999653051323686,0.08097743100006483
52edfcaf8fd677037f6ad8b5,asymmetric_well,functional,inf,0.00477472700094919,0.0003561129665431762,1.5151785287846223e-15,0.9999738176985,0.08051659400007338
4c831c1e526a0fe07f2cdad6,asymmetric_well,functional,inf,2.416382997550596e-05,0.0020627903910564126,1.7700192866883162e-15,0.9999649412952607,0.08068098700005066
f043101857381f27e4cbe9f6,asymmetric_well,functional,inf,0.009766449511529262,0.0005992530442418081,1.5831403095133192e-15,0.9999739887796343,0.07989817099996799
2fd69b74c862c2c4524f7903,asymmetric_well,functional,inf,1.648376080398154e-05,0.0003768788278447103,2.036010951263014e-15,0.9999658818874466,0.08015885100030573
382fb426646b58fa5b418da5,asymmetric_well,functional,inf,2.186110311196472e-05,0.0017810937996818159,1.0390968605392934e-15,0.9999658538249987,0.0798302089997378
989f882f37b75883290a2fc2,asymmetric_well,functional,inf,0.027048997608871216,0.002029828518182512,1.2515094526083455e-15,0.9999760588176702,0.08014112700038822
17634dd8286e2ed8de3253b0,asymmetric_well,functional,inf,2.5541999241334104e-05,0.0009884519670972226,1.2334924772103486e-15,0.9999650681979974,0.08038433899992015
a44202f47a06a6062b36409a,asymmetric_well,functional,inf,1.9115948247633012e-05,0.0006886338562785599,9.862210630819591e-16,0.9999663726292993,0.08005901799970161
555af85ca6aa6c4cf67b71a1,asymmetric_well,functional,inf,1.3430243425928053e-05,0.000386652711825157,1.3768232474392742e-15,0.9999661984297293,0.08570843900042746
5963a65c0811e033d86a3b72,asymmetric_well,functional,inf,0.0001113521766651457,0.0004590070895546479,1.3776761368126941e-15,0.9999682076018643,0.08163879699986865
c7d715bdac5c721884cabd54,asymmetric_well,functional,inf,0.004261766456535372,0.0005902492653862393,1.272339739298818e-15,0.9999727076149386,0.08061060699992595
02de7b7a265274d2f25dbc2e,asymmetric_well,functional,inf,5.0010959271185534e-05,0.001023061747028445,1.0823574472229479e-15,0.9999673258161312,0.08087753800009523
d2a767c77a9dfd0d1d77319b,asymmetric_well,functional,inf,0.00032942903936700283,0.0005035929375943448,1.73601580473945e-15,0.999969959318918,0.08043010899973524
8378d9978401e4f2e3e992f4,asymmetric_well,functional,inf,8.406833491706418e-05,0.00036600490028447334,9.864454186442634e-16,0.9999695516759584,0.08088745500026562
c974052d0a26b5cd2b61de56,asymmetric_well,functional,inf,0.005084831873329486,0.0004687869845784214,1.391114328925105e-15,0.9999738467029518,0.08072799299998223
22a6974279fa17ae4d8dbd3d,asymmetric_well,functional,inf,1.669388713998002e-05,0.0003720092426713474,1.501909086008861e-15,0.9999662018549397,0.08049556700007088
564dcd463b0547db83a50d6f,double_well,functional,inf,9.716366254300056e-08,0.0008568949280751289,1.0386312549306519e-15,0.9999682204668758,0.08879383000021335
c484352c7d6775fd0913eca5,double_well,functional,inf,1.7026757395314125e-07,0.0007870398473491462,1.1434579793712284e-15,0.999968497056663,0.08719568400010758
6f0d4a48acc0def46741d821,double_well,functional,inf,7.79110249071731e-08,0.0008788743924966594,1.499268399775987e-15,0.9999680729538936,0.07726179300016156
5951e02edfc169cba70c2d8e,double_well,functional,inf,1.2817343232493039e-07,0.0008255114410930581,1.4174559005240205e-15,0.9999683473469159,0.10538169899973582
bb5dc07610ecbc7c72975884,double_well,functional,inf,5.740270836949401e-08,0.0009082495799367446,1.62399914033832e-15,0.9999678531398748,0.07759317299996837
45807ec07209fd058d64f8dd,double_well,functional,inf,1.1018704532182467e-07,0.0008425021620663818,1.1612040579783002e-15,0.9999682016764886,0.07735825100007787
96e7c377e685766b9ead9a67,double_well,functional,inf,9.276479139895209e-08,0.0008609918658389522,1.2908143900314726e-15,0.999968100743714,0.07734028899994883
4c2fedaceacad3a321132540,double_well,functional,inf,1.2252652564470837e-07,0.000823831056175428,2.288462899469978e-15,0.9999683586803111,0.07744457499984492
f29da23452505adb8c8f1d70,double_well,functional,inf,5.982546747490179e-08,0.0009099689629730103,1.361690715902573e-15,0.9999677779512324,0.07761010199965312
e989278a3fe42d9189e5901f,double_well,functional,inf,1.3256867292884146e-07,0.0008156023933817474,2.2096594500934522e-15,0.9999683962707695,0.07691719400008878
397082b83a9d487d10716330,double_well,functional,inf,9.5785703029693e-08,0.0008544267554626492,1.3374001875565254e-15,0.9999682427687041,0.07689621600002283
70f0e96c1f7821bc140bbfdd,double_well,functional,inf,1.5695801045227926e-07,0.0008020662131501597,1.033486648484647e-15,0.9999684424799528,0.0772267100001045
8f95f0be90038db465014511,double_well,functional,inf,8.320388111234734e-08,0.0008733522286095599,1.0863874761965785e-15,0.9999681503491041,0.07702876900020783
d2bd472228ac2c42739b9268,double_well,functional,inf,1.5010921460578234e-07,0.0008041710707769745,1.264926546061505e-15,0.99996842960822,0.08185757699993701
bb6df855193efa2ea433f72d,double_well,functional,inf,7.336394049182659e-08,0.0008857572415752225,1.3905826045215836e-15,0.9999679596111613,0.07775197399996614
05536bf1da3564113bf7bc6d,double_well,functional,inf,1.0715287465381049e-07,0.0008431539632007685,1.4849685213326752e-15,0.999968280543267,0.07814939300033075
983ccb9eba3e914c8639d01f,double_well,functional,inf,5.7308993618545176e-08,0.0009096861111812307,1.2285935285371875e-15,0.999967848932623,0.07741752599986285
09c1d9875fb9ceaddd231196,double_well,functional,inf,1.3331602078503582e-07,0.0008240348276303234,1.0435737503757217e-15,0.999968304778703,0.07736509000005753
d406732cb28a40262ba9e7c9,double_well,functional,inf,9.558043196242783e-08,0.0008608350626042785,1.7319297338628946e-15,0.9999681418950641,0.07697412199968312
255d276a517da16c4e958c25,double_well,functional,inf,1.3919581718526812e-07,0.0008119948673805927,9.760308730647333e-16,0.9999684381053885,0.07746049700017466
e1467cc3d81ef6756531c130,double_well,functional,inf,9.634403652071937e-08,0.0008582464006170175,1.6468009391446567e-15,0.9999682242111434,0.07719849499972042
c537da3c607826803bec0831,double_well,functional,inf,1.5404753050322965e-07,0.0007975785278463204,1.2466623507072398e-15,0.9999684511031792,0.07721683900035714
1c2fec4200cb9b3f4ef06f03,double_well,functional,inf,8.280371186821573e-08,0.0008727653333912376,1.4757381428345201e-15,0.9999681247194835,0.07712294700013445
5a21a05420fc470fc8959ffc,double_well,functional,inf,1.1003661097519134e-07,0.0008407531946796392,1.214224993073642e-15,0.9999682704428158,0.07790139999997336
2c6197dc30545bbded54bb78,double_well,functional,inf,7.11676846465472e-08,0.0008872913121693004,1.3075866598038815e-15,0.9999680278488459,0.07750280200025372
41e384b776a85a8e45b9fabd,double_well,functional,inf,1.5129587829263312e-07,0.000803626565553485,1.571219410827704e-15,0.9999684289531123,0.07802183200010404
265612ce7bfabe24d8da4251,double_well,functional,inf,5.993442096731954e-08,0.0009063928182951688,1.3446249241175171e-15,0.9999678057979456,0.07721620900019843
6826d82437b4e504b3b2803e,double_well,functional,inf,1.0993988966425124e-07,0.0008407205472167181,9.830893233622704e-16,0.9999683104067604,0.07973343200001182
c24632f954ff4c275f94c440,double_well,functional,inf,7.685308202318979e-08,0.0008884363202518417,1.4031319011761538e-15,0.9999679746546382,0.07740449500033719
1486c1631d999d9945a16ca0,double_well,functional,inf,1.3048862115741377e-07,0.0008177965837000733,1.1424557036507773e-15,0.9999683899446867,0.07781940499990014
15181045ba02378078dd0dd2,double_well,functional,inf,1.1363652172415877e-07,0.000837853565203574,1.5065117722559653e-15,0.9999683579186902,0.0773215290000735
2866da697cff0f8932d200ec,double_well,functional,inf,1.653758877090869e-07,0.0007983031893551997,1.293881687228271e-15,0.9999684696217556,0.07738864899965847
d2ae381416e8035414225fcf,multiwell,functional,inf,0.0007418188166800953,0.000978170825821641,1.0990825348353916e-15,0.9999433544216697,0.12203063600009045
489e916b319c630cf2591405,multiwell,functional,inf,3.9650028561918884e-05,0.0005694478191633299,1.223263406612301e-15,0.9999650171536927,0.1263085420000607
a797a0c6ca9dccba6e40838a,multiwell,functional,inf,1.0420203376579538e-05,0.00035090842150235514,9.992007221626409e-16,0.9999675696623574,0.13566149700000096
65e98785854bea1569efdac4,multiwell,functional,inf,1.4424762957682568e-05,0.006683370559430853,7.924201153303556e-16,0.999996434146099,0.1257021250003163
36d72b157327be506e58f9a5,multiwell,functional,inf,1.0887864442490394e-05,0.0011245209897706484,1.4770784460284114e-15,0.9999681861775265,0.1238664089996746
f6354b627cf0c7401d236e67,multiwell,functional,inf,6.013700452251993e-06,0.000396847581454402,1.337042409993845e-15,0.9999466061673209,0.12391840400005094
23f574962d5a3b5a3dc4bcf6,multiwell,functional,inf,2.1606999741513156e-05,0.0034172722443161683,1.90135934122201e-15,0.9999966575331639,0.12413470100000268
66f01d97c7b1181224bbf415,multiwell,functional,inf,1.907753329972505e-05,0.00038253785320644805,1.3254480451017574e-15,0.9999644723349288,0.12407302200017511
dae79fe174807e47716acfc6,multiwell,functional,inf,5.681701382878037e-06,0.00329756502960376,1.2898581610196323e-15,0.9999661390869113,0.12401599200029523
d902479b678cea949de0564a,multiwell,functional,inf,2.238451370690842e-05,0.00038217502360323607,1.6311469334020812e-15,0.9999595172100505,0.12385472500000105
fb87b1dd5e36c8f7d9bab33e,multiwell,functional,inf,1.418570703182405e-05,0.0016019521988274769,1.5399035645122566e-15,0.9999648848002569,0.12390463100018678
103f548589e9ac2edf08b5b5,multiwell,functional,inf,0.00012017571469506179,0.0008563152619057821,1.1448038887457743e-15,0.9999657541801314,0.1270850400001109
63789abc898f1d76e910eff2,multiwell,functional,inf,3.3444082776334514e-05,0.011165650319781418,1.0656839729717917e-15,0.999965379844504,0.12396783999975014
29b01fada246b362caca35ee,multiwell,functional,inf,1.8153674603668304e-05,0.001115918855696389,1.1394132093556382e-15,0.9999628886708053,0.12379667100003644
d6be06e74e462c11c44145d8,multiwell,functional,inf,2.0383700999477823e-05,0.000534260329236904,1.3310662639941164e-15,0.9999657145287475,0.12312245799967059
9fbd2dbbaffd44ab64bcf390,multiwell,functional,inf,0.0001770770745547137,0.0004149038007967176,9.549422367519679e-16,0.999970292509081,0.12380787200027044
f61919244a61ebcdec8716c4,multiwell,functional,inf,0.00021665966275822492,0.0009322180736209881,1.0312204733929848e-15,0.999967936808047,0.12405012999988685
86f6b1e711f4cd1705a9406c,multiwell,functional,inf,4.052413949080548e-06,0.0026580008384843416,1.1951653826384748e-15,0.9999665895276316,0.12369444999967527
6b91613585c6cbc07e994564,multiwell,functional,inf,7.139883607038408e-05,0.0004325014253470887,8.734913770453756e-16,0.9999660913710393,0.12330123399988224
8f90b545876ae24591e8765c,multiwell,functional,inf,3.53729233145827e-05,0.0023411657574918293,1.4686515679398555e-15,0.9999656084282629,0.21001147499964645
c807d0c1a792b4ae4935192c,multiwell,functional,inf,1.382155691139404e-05,0.002156650987659822,1.0531443161953124e-15,0.9999650233044614,0.1256644499999311
b07b240b28bcf460c4bb5159,multiwell,functional,inf,2.0961635697365575e-05,0.00040444353779434366,1.1556803335142726e-15,0.9999668400410695,0.12529506099963328
2e407f3c685ef8505259c1f5,multiwell,functional,inf,2.5579762087261486e-06,0.0005040521823718591,1.029720980849549e-15,0.9999667545759048,0.12421535500016034
09d918fcc2b1881d0aa42938,multiwell,functional,inf,0.0001388476099113112,0.010088731948986707,2.025608856055875e-15,0.9999431014627749,0.12383288599994557
0ee7cad2f2680d3c59ced498,multiwell,functional,inf,1.3354321973157455e-05,0.0003500922642047466,1.3676078225188673e-15,0.9999663555396062,0.12401127300017833
f322b00251e0308adff02075,multiwell,functional,inf,7.159939158149141e-05,0.0006732691374489111,1.1462653374230822e-15,0.9999676478615075,0.12896241799990094
f7250b701c294eda9c8ed9da,multiwell,functional,inf,4.390044559727933e-06,0.00862400714182997,1.279916461531199e-15,0.9999668688249476,0.1361931269998422
319d8fb9fdd0ec7e395b4ca7,multiwell,functional,inf,1.079904494090295e-05,0.0005613498911538846,1.2033012010455336e-15,0.9999678195056532,0.12431544100036263
6bd8363fb829ec0445f39051,multiwell,functional,inf,0.001114191037772352,0.00027839565061410585,1.3530223005525344e-15,0.9999746473159299,0.18476373799967405
5e1449813768033241fb6e96,multiwell,functional,inf,1.2332902485194652e-05,0.003866134818574378,2.0713691519536288e-15,0.9999674602410779,0.1260097840004164
a7ccd05f36d8d7377544d710,multiwell,functional,inf,7.310698808688606e-05,0.00039430636639126355,1.545341259225717e-15,0.9999680977508791,0.12446976599994741
400163ccef706d3451505259,multiwell,functional,inf,2.115745980891237e-05,0.002504056822210137,1.1386390601863834e-15,0.9999645578549349,0.12535976800018034
ea6f18fa3a748b314b2b36a7,single_barrier,functional,inf,7.926730783914844e-06,0.0004063476250723324,1.5085638419240802e-15,0.9999673456540985,0.07979792899959648
a805aba93f0a3770bc29a284,single_barrier,functional,inf,5.571270917864137e-06,0.0005429714791062672,1.3924820778388388e-15,0.9999652479275566,0.08193521899966072
7202672589a2c326a9611329,single_barrier,functional,inf,8.568623378249814e-06,0.0008090516168852949,1.2669074992431435e-15,0.9999669913729278,0.08173162200000661
df798d9f1cd18be2c14261ae,single_barrier,functional,inf,0.00023814432884895526,0.000450165368828062,1.1324862341081536e-15,0.9999694997744202,0.08128242400016461
f34c53e17c78332b876fa5da,single_barrier,functional,inf,5.9269709067104854e-05,0.0004540268490238358,1.4857923822593028e-15,0.9999700207786697,0.08160700999997061
1167ef25af7cbf2dab1ef367,single_barrier,functional,inf,9.842003118058256e-06,0.0015182092056786442,1.4269782615155955e-15,0.9999676269758505,0.082418682000025
bbb0a21d36842023abfcb2bb,single_barrier,functional,inf,6.844640033171367e-06,0.0004987406007778409,1.1817760955696372e-15,0.9999660782717076,0.13773066200019457
87d4fb07dfb5f91dfae31091,single_barrier,functional,inf,7.702715571232312e-06,0.0004068781127469617,1.3576892803259127e-15,0.9999672260194468,0.08181047099969874
e414e0840e8a1c6fcac5866e,single_barrier,functional,inf,8.636559718356985e-06,0.0005243659386497807,1.1828618865751337e-15,0.9999666988466801,0.08187158999999156
fdba96603e6fc632b4ed1761,single_barrier,functional,inf,7.803479522528178e-06,0.0004130986397081982,1.094710676043972e-15,0.9999672541620028,0.08249957100042593
61d89514a58051fab4a1d508,single_barrier,functional,inf,6.7490093375770865e-06,0.0004447247682964412,1.786004843798666e-15,0.9999661432262997,0.08217886900001758
6b1a56100652cadf86d01a12,single_barrier,functional,inf,1.1038762319245936e-05,0.000871507871018014,1.1891236618808866e-15,0.999967902213224,0.08269970099991042
d4ad5cb82ee89aa2cd1473a0,single_barrier,functional,inf,9.426365733569181e-05,0.0016233218073793917,1.2629141625637395e-15,0.9999691713726265,0.08232718299996122
fbdc89a1250a775dac262f24,single_barrier,functional,inf,4.81103336262204e-06,0.0004070347046341225,1.296257978123196e-15,0.9999657425854397,0.08252269499962495
5b095b4e920ae08068eede2d,single_barrier,functional,inf,8.236929951081938e-06,0.00038847026531642933,1.4752402430343864e-15,0.9999675403874502,0.08245012399993357
158a4779dc745c3ea460257a,single_barrier,functional,inf,6.5004375319694575e-06,0.0008246581392691764,1.800974089212763e-15,0.9999657643430838,0.08257252599969434
a58357b123947ead45fca1f3,single_barrier,functional,inf,6.487017107715632e-06,0.00040816719054787286,1.5794978090118146e-15,0.9999668069273625,0.14069537600016702
81663d66de447d09f77df644,single_barrier,functional,inf,7.383235138863852e-06,0.0007447884400820996,1.1074613061697575e-15,0.9999650029771328,0.08200781499999721
aba8a1f413bbba197085f523,single_barrier,functional,inf,8.744544364630388e-06,0.00039476944213203953,1.1353751451870492e-15,0.999967584954172,0.08280361900006028
1aed287b937fd21fbe24ad8c,single_barrier,functional,inf,5.4633863428260256e-05,0.0005460095337881153,8.677588458937943e-16,0.9999663654541301,0.08252763400014373
91e40e879c0684056e36468a,single_barrier,functional,inf,7.042665584677472e-05,0.00047139931288164274,1.1356308092301015e-15,0.9999688969993573,0.08324673400011307
a2f22c403146feca31a9917c,single_barrier,functional,inf,7.855512707122265e-06,0.0004789291180584997,1.4638912146004467e-15,0.9999668991822249,0.0820797040000798
9a77b1b78b38f0b8b3294460,single_barrier,functional,inf,8.70472249666553e-06,0.0018735957349437016,1.099471346301396e-15,0.9999662100729482,0.08141714700013836
5f651a741fe361d3d807f0b5,single_barrier,functional,inf,3.496885990373078e-05,0.0003749342251481267,9.776143799619104e-16,0.9999697840212975,0.08152444300003481
d903b309169dfd8740e76000,single_barrier,functional,inf,7.090403885114135e-05,0.0013539497886325504,1.306617205018859e-15,0.9999691787789894,0.0820020440000917
26ab465591b4ee0b03bf681d,single_barrier,functional,inf,7.569728400554855e-06,0.0003848925459268428,1.649710335604746e-15,0.9999675336577845,0.08214813000040522
515e2016531d59850531edfa,single_barrier,functional,inf,6.288738839117696e-06,0.0004950278748723215,2.1710616056133732e-15,0.9999656339598076,0.11618036200025017
ed52a427bcbeab529292be50,single_barrier,functional,inf,0.00014152889458842773,0.0007000093661335327,1.316982295239147e-15,0.9999689513662686,0.08211955899969325
50ab3eed117b7efb0be8494f,single_barrier,functional,inf,9.619110209902257e-06,0.0005646384382328747,1.0850346310790522e-15,0.9999676850052479,0.08136399699969843
ddf44334451914e69ec31626,single_barrier,functional,inf,9.904580550844422e-06,0.00047593999376832494,9.134275502040901e-16,0.999966748952513,0.08217145699973116
a58ea658ed2348523ea512e8,single_barrier,functional,inf,6.807059444337924e-06,0.00038345864500502654,1.936227511341879e-15,0.9999675013947471,0.08160261800003354
0ad2b455265dc37d8a5488ed,single_barrier,functional,inf,8.348599788630409e-06,0.001462614172512682,1.4205558527904609e-15,0.9999664106164214,0.08158188300012625
d62e9d5be2789dbb7eb1154d,multiple_barriers,functional,inf,4.777354799844215e-06,0.0004881476846464765,1.4381340237154935e-15,0.9999659281843064,0.09788177399968845
faeb700e92c34791792f08b9,multiple_barriers,functional,inf,6.486644576731314e-05,0.0005013311719278878,1.215064567376227e-15,0.9999699759351465,0.10040620800009492
967fa3841f3a61cac20137e5,multiple_barriers,functional,inf,8.830739181503365e-06,0.0024277245621410646,1.8437040585758477e-15,0.9999674200835471,0.1000743730000977
e23d937e108c2f44f8e3bae7,multiple_barriers,functional,inf,4.928705932586418e-06,0.00039419464501582526,1.2715770902221517e-15,0.9999679693186578,0.10036135500013188
4625af23aeac908b49315fff,multiple_barriers,functional,inf,6.203908598784028e-06,0.001275280907805716,1.2356644304541843e-15,0.9999666392715325,0.09981199799995011
2678a0cd48a3d23b6dd550a2,multiple_barriers,functional,inf,6.477565922656391e-05,0.0004216712893059461,1.4798340672683296e-15,0.9999730155332718,0.10022448000017903
aa043b36d5aae96bf9cfe52b,multiple_barriers,functional,inf,1.2943434075363813e-05,0.0005747439790369787,1.2623465977558985e-15,0.9999685633336615,0.09954045900030906
2bb2c9b6b07db62479252ba3,multiple_barriers,functional,inf,4.633420119375274e-06,0.0004349505424044014,1.7185840116522397e-15,0.9999677331642458,0.10121730699984255
2a9bf78a003580f6d0efcc8e,multiple_barriers,functional,inf,6.264931314035987e-06,0.0011958067445996935,1.1807206229311932e-15,0.9999675822129528,0.1006067250000342
b07ce0db729bb28c12363d97,multiple_barriers,functional,inf,5.153948391630643e-06,0.00040356924408274837,1.1045144296369215e-15,0.9999681410114631,0.10062621299994134
01c2bec3ed30725a4ee2af6a,multiple_barriers,functional,inf,0.0005268774546384697,0.001103375666047805,1.8847703290854814e-15,0.9999712283360218,0.10005690299976777
1fc886b5e345c30f795463c7,multiple_barriers,functional,inf,5.791860613948999e-06,0.0003993748547361049,1.1766941842456997e-15,0.9999678820841537,0.10041184199963027
31310895d884f0ee423e8097,multiple_barriers,functional,inf,7.247249497986432e-06,0.0004246822398345548,7.331131938020982e-16,0.9999679383358261,0.09999826199964446
8473dfd768e3abf57513944d,multiple_barriers,functional,inf,0.00019236731444759577,0.000584481189295066,1.2335652221229794e-15,0.9999704439227982,0.09968295999988186
76cd70886a3898d05a988403,multiple_barriers,functional,inf,8.395832976181463e-06,0.0021858958484076703,1.4571473791746055e-15,0.999967373273308,0.19561420600030033
134b75028ac39105ff245e62,multiple_barriers,functional,inf,3.1386183133620754e-06,0.00040360274043080784,1.3335390701547817e-15,0.9999681947941765,0.10140785800012964
bb24e637a471e6854b4d0fac,multiple_barriers,functional,inf,7.318707946275085e-06,0.0003933598720280718,1.6820444106493367e-15,0.9999680675692357,0.09995584299986149
157ba57035443555d363b0b2,multiple_barriers,functional,inf,7.336182902193118e-06,0.0006129368018079356,1.7248033942666387e-15,0.9999678361477732,0.10115723699982482
209a34937d1f96c0e1f20a7a,multiple_barriers,functional,inf,9.1177638522649e-05,0.00038668490074802195,9.540145746603274e-16,0.9999712715789609,0.09993126599965763
ac0806969d87030a3f19d64b,multiple_barriers,functional,inf,7.310793271770021e-06,0.0029276219930717638,1.3927816365652667e-15,0.9999683424067006,0.10040267399972436
b471b177ff72842682291e65,multiple_barriers,functional,inf,1.0632494601310956e-05,0.0004018216299544831,1.5415047394876974e-15,0.9999694684324963,0.10007999300023585
16881efbe17789a7d07bda6f,multiple_barriers,functional,inf,0.00011213657715956038,0.0016709540302537898,1.1647915825845515e-15,0.9999708533052466,0.09962999400022454
e8ff06fa35fd90c2eab06af4,multiple_barriers,functional,inf,9.588041685517146e-06,0.0006149548752568923,1.1542298255162951e-15,0.9999683720562459,0.1001436299998204
b08a556a9be3a8e4f16392f0,multiple_barriers,functional,inf,7.319038558183086e-06,0.0005168317890966151,1.2892253571548634e-15,0.9999679143527365,0.0998289939998358
955a92cfc301569ff94eeefb,multiple_barriers,functional,inf,4.2126431786016e-06,0.00042474837010515417,1.0458436095591354e-15,0.9999678556611157,0.10010640800010151
ea0322b93b7d55597d97c5e4,multiple_barriers,functional,inf,1.1076627119231931e-05,0.0012565490025914752,1.2305330003409237e-15,0.9999685157373395,0.10010303900025974
c2af4b5117bceac8f18b0878,multiple_barriers,functional,inf,9.06704562044753e-05,0.0004530972265307311,1.3438172944287498e-15,0.9999726799828651,0.10032755000020188
fe3feb253daadd4a3329b98d,multiple_barriers,functional,inf,6.669255924789891e-06,0.0007427982551612063,1.5827134103563192e-15,0.9999673852992935,0.10082115700015493
0218b213aa0f6b8d417172f3,multiple_barriers,functional,inf,4.6910198318388685e-06,0.000459402522851229,1.5641061847691604e-15,0.9999675383802207,0.10018163199993069
8664f80b67da4f4d21bd4e8e,multiple_barriers,functional,inf,2.2920366766679663e-05,0.0008225838244853648,1.6026264984863633e-15,0.9999690454946295,0.10034514099970693
b678f0109b01628f87f93d55,multiple_barriers,functional,inf,8.599509152255453e-05,0.0003966578901646071,1.2907207174477223e-15,0.9999702753037374,0.10006096000006437
363515a3b37f45b1910696c0,multiple_barriers,functional,inf,7.554653348951346e-06,0.0014274498603981678,1.3130754160136662e-15,0.999967136621814,0.11342238699990048
8070cabd8379b6f8b809a15c,gaussian_well,functional,inf,0.0006190780342523524,0.03224327359671602,1.6731959783738421e-15,0.9999531552324459,0.07862414900000658
4ff5c6f30f9f0965db57b28f,gaussian_well,functional,inf,0.00015893304314710662,0.014526707191753228,2.5037837325410795e-15,0.9999625432153805,0.10802415100033613
73e9a743ff5d0a34712d7246,gaussian_well,functional,inf,0.00011090928514253582,0.0012758980959121163,1.994894227582776e-15,0.9999661931796793,0.08117455199999313
42d0638383d3766234142b1b,gaussian_well,functional,inf,0.00031388804353905703,0.009255731959798343,1.3165118854143415e-15,0.9999562457328929,0.08071544800031916
615f71a372aa1c7bf3da2f8b,gaussian_well,functional,inf,0.00011201590335176472,0.0011497745745347762,1.6916267129977713e-15,0.999966181438321,0.08062084700031846
725eaceedb54aff0c65e2894,gaussian_well,functional,inf,0.00014158744444732845,0.011875905697862486,1.1334113730736133e-15,0.9999643499802199,0.08095351500014658
6c4e84d6c8343e8d48d4de27,gaussian_well,functional,inf,0.0003635094024164221,0.04889774438240224,1.6016937677433674e-15,0.9999457926448048,0.08140350499979832
76aefff177fab83f808c5321,gaussian_well,functional,inf,0.00018557442609958615,0.006068250573910749,1.9024688638324856e-15,0.9999624806363723,0.08372521000001143
6687102923ab0b1fe03c7083,gaussian_well,functional,inf,0.00038609626533573347,0.016034273835624033,1.87276462415281e-15,0.9999417001656715,0.08086915900003078
57e346227736c3bc1033ba35,gaussian_well,functional,inf,0.0002195967995341588,0.008225524699877937,1.4851809794585456e-15,0.9999565999120262,0.10821219099989321
bb95270fdd90c1e5a04d86b2,gaussian_well,functional,inf,6.599656994224442e-05,0.001222517153446052,1.4131852377485828e-15,0.9999666305906185,0.08135852299983526
22d4784581c73c7b0d687b19,gaussian_well,functional,inf,8.50077581523161e-05,0.001737512139518442,7.144469598298226e-16,0.9999663701156382,0.08100947899993116
63e4706e72619fe0b2f79a7a,gaussian_well,functional,inf,0.00034616472821351617,0.01803979543970806,1.501749872939872e-15,0.9999583534789745,0.08150871799989545
d9a2d112ec0a89481067573e,gaussian_well,functional,inf,0.0005852413821314268,0.010461208094719295,9.238700420577744e-16,0.9999361616457206,0.08068991199979791
0f6f1ccd1ca39d853908348b,gaussian_well,functional,inf,0.0001361262578197581,0.0062546090085200895,1.4930732057967683e-15,0.999964164189839,0.08094155500020861
e2ac3a49fb49d0ab1562424b,gaussian_well,functional,inf,8.869774548213954e-05,0.04407778751011839,1.4612003334799661e-15,0.9999662859214468,0.08140164999986155
19e4bd3dcc7ae089d5b51474,gaussian_well,functional,inf,0.00020372446321148172,0.0024954834462682265,1.589145220351411e-15,0.9999634015239741,0.08117812999989837
0d7fbb4ad342a851ff0d382c,gaussian_well,functional,inf,0.00014408684372448497,0.0055907236778428085,8.975329833186184e-16,0.9999566467304689,0.11035145100004229
1c06c693d38cfb70b3a34aff,gaussian_well,functional,inf,0.00026490903311605907,0.051246438371546195,1.6627919804415095e-15,0.9999964465670114,0.08149204799974541
f89df88871119646274c3963,gaussian_well,functional,inf,0.0001420620759556327,0.0017586609506936122,1.347729937821049e-15,0.9999654150759295,0.08146888600003876
bb1a840833bf9e136cb1a149,gaussian_well,functional,inf,0.00017694453065862688,0.04528918609521655,2.4115819893145746e-15,0.9999969624375714,0.08128694799961522
59cd24475cd3324b3bd200b0,gaussian_well,functional,inf,0.00027870723108322097,0.006297144739784699,1.0057013720368348e-15,0.9999618834799341,0.08166397100012546
46b4a91aefee73a692c712de,gaussian_well,functional,inf,7.321765444442091e-05,0.007625244762694964,1.4674595333748231e-15,0.9999663456980151,0.08104800599994633
9840362f590d300b5690680f,gaussian_well,functional,inf,0.00041253887860491566,0.02466727195166871,1.1454438911281916e-15,0.9999586889347218,0.08131978999972489
9f3e074cda4fd14e5cdc058f,gaussian_well,functional,inf,0.0004727029476544635,0.009963518098681031,9.569404522937646e-16,0.9999464515110669,0.08164762900014466
5e253ad57f2cc0f392bf2c6d,gaussian_well,functional,inf,0.00017369656746124912,0.017878291985254507,1.207141253586601e-15,0.9999634643091381,0.08110206799983644
560b4ac43647c8a366f2d0d9,gaussian_well,functional,inf,0.00013591415342621298,0.0022654711002417453,1.2180333797053486e-15,0.9999655698727202,0.11011099799998192
c11f5ff567a7ddb1fc62ab1f,gaussian_well,functional,inf,8.731878600370695e-05,0.00868716678649286,1.3895303094238592e-15,0.9999485427263353,0.08127409700000499
3a217da71ed5a9ce915f8109,gaussian_well,functional,inf,0.0002486298180937869,0.015056905643527031,1.242715853580201e-15,0.9999610163204202,0.08074185900022712
f3290a2528fa7d8c3ef8f088,gaussian_well,functional,inf,9.789783095191311e-05,0.04820669322465562,2.2163173542394057e-15,0.9999661014808549,0.08114333200001056
28bce97c5c6b8b3638f0fee3,gaussian_well,functional,inf,0.00012326498219664923,0.010534714479232694,1.2988834164083799e-15,0.9999533587932987,0.08154329100034374
b4c120a00dbd89e82dc2b738,gaussian_well,functional,inf,0.0001301882238816013,0.001959835626974977,1.2513004254375712e-15,0.9999653985814536,0.0810753159998967
2b8454960e5ef2dc4ab42205,gaussian_barrier,functional,inf,8.691032035120672e-06,0.00039183391483630856,1.242934407143598e-15,0.9999676077460605,0.07895049899980222
93471e5319e464ee22746423,gaussian_barrier,functional,inf,0.00012903729967891217,0.0004297337148457825,1.2560197043481819e-15,0.9999693056285203,0.082674376000341
14c5ea0be9b54e81367cf4a9,gaussian_barrier,functional,inf,6.690397377288225e-06,0.00040054994205508047,1.7066347395489323e-15,0.9999671586998838,0.08149723799988351
8c0619156910f432b37313e6,gaussian_barrier,functional,inf,7.214049656539544e-06,0.0006065779255465845,1.2852495287885386e-15,0.9999668127175294,0.0817440309997437
da0cd19e86172d6106c2d8dc,gaussian_barrier,functional,inf,6.649834923400439e-06,0.0005425097275191097,1.3975516078603597e-15,0.9999660828799671,0.08166534499969202
dbb236b5824a47e4bf2d4c66,gaussian_barrier,functional,inf,1.533580488704102e-05,0.0003838395885768355,1.4436120857223696e-15,0.9999686184162111,0.08429423999996288
67310ae55b379c20b2c39036,gaussian_barrier,functional,inf,0.0002589016846784017,0.00039977819492305013,1.4273931617657696e-15,0.9999702870438351,0.08220437799991487
ac84b206768a82a942f61b1e,gaussian_barrier,functional,inf,6.955113098976556e-06,0.0004234421209727216,1.0904552452010657e-15,0.9999669446504225,0.08269231500025853
6e5eb412928d00c31ddba540,gaussian_barrier,functional,inf,4.92647262698499e-06,0.00039878155156719585,1.456052447503454e-15,0.9999667366745125,0.08193062600003032
23443dfceed8bcf71ad15c25,gaussian_barrier,functional,inf,5.024469133136619e-05,0.0004667982077357076,1.0380964080650014e-15,0.9999689114811551,0.08222046799983218
89c8caee5e408ddef46eec0e,gaussian_barrier,functional,inf,1.9445974831633274e-05,0.001066853122125961,1.1709186934164934e-15,0.9999665961323967,0.08313311000028989
7321d2567a953cc3c34d7836,gaussian_barrier,functional,inf,7.523576139012964e-06,0.0003798066698333073,1.117524764867887e-15,0.9999676308960134,0.08149992400012707
a6ae40895a2d7275518b5c61,gaussian_barrier,functional,inf,7.540112421645675e-06,0.00039274087359866285,1.404970845864371e-15,0.9999674182942694,0.08229768399996829
ba181bfcff6c1a1a76e441c6,gaussian_barrier,functional,inf,6.633150588012414e-06,0.0005351619149397348,1.2584063482778067e-15,0.9999661101070205,0.0816889119996631
b6145a66da69554f8fa84413,gaussian_barrier,functional,inf,2.655108782457606e-05,0.0003852960820945651,1.3511423780357755e-15,0.9999693040071388,0.09625634700023511
a5445873d9ddea1c3819a9d2,gaussian_barrier,functional,inf,8.288721869444568e-06,0.00043507048779029467,1.1861779145266427e-15,0.9999658419652107,0.0839418000000478
8f791ab2848300324738f58c,gaussian_barrier,functional,inf,8.42804366149368e-06,0.0005713486704151692,1.6084006154752009e-15,0.999967034662403,0.08283056500022212
78cefb6aa41d5a34612e5d94,gaussian_barrier,functional,inf,0.0001350547031442587,0.00042379808799408595,1.5254029392983226e-15,0.9999699586523402,0.08507750499984468
eaa48c5b25012413819c2808,gaussian_barrier,functional,inf,1.612344846904564e-05,0.00037758861560662323,1.6941375149537891e-15,0.9999688454507898,0.08161625000002459
50b2c1669ac2d32fb6b80c51,gaussian_barrier,functional,inf,6.268976759915345e-06,0.0004921963708569976,1.0891117246307024e-15,0.9999659847524827,0.08176658900038092
8c7e75bd8cdc66cd7614b5fd,gaussian_barrier,functional,inf,6.186136132139289e-06,0.00045077494620925833,1.5047435418886034e-15,0.9999663132250404,0.08165117099997588
13d7a8ef16b22919016635d8,gaussian_barrier,functional,inf,7.786228695371435e-06,0.0003905088606660345,1.1068762981074708e-15,0.9999675817640618,0.0820786319995932
eecfad2773efbdee96dbbb78,gaussian_barrier,functional,inf,1.1132810219435722e-05,0.0004998774070265927,1.8847457811010996e-15,0.9999659892141374,0.10057496399986121
2110dec897d5bdc5cda0f94e,gaussian_barrier,functional,inf,9.559541908852911e-06,0.00039674825967904643,1.0697261136120892e-15,0.9999676276533147,0.08446378799999366
a4f0e254e2a89be5b4420382,gaussian_barrier,functional,inf,2.5246479632447317e-05,0.00044115420041721285,1.0842375096412727e-15,0.9999673684274191,0.08315308000010191
e6a1b088a874f83261a162fe,gaussian_barrier,functional,inf,9.563274162270866e-06,0.0007951647981926028,1.2131525890807853e-15,0.9999674569841989,0.08241943400025775
c7f0f225a8fbe95f1b93563f,gaussian_barrier,functional,inf,7.156105217105343e-06,0.0005513686233453596,1.131805791087633e-15,0.999966016732102,0.08345465299998978
4aa38b4c8cf5eac47085107f,gaussian_barrier,functional,inf,6.050899120491724e-06,0.0003803263084810713,1.38858786805887e-15,0.9999674921558912,0.08266449100028694
6c9165206251db6cdd134d0b,gaussian_barrier,functional,inf,7.5106564573798204e-06,0.0003773403771326333,1.134966273285124e-15,0.9999676800499785,0.08208797099996445
8c83cc053ed78e166742fabd,gaussian_barrier,functional,inf,5.923635708278705e-05,0.00047766703462741685,1.1194176148571949e-15,0.9999679524547868,0.0820022639995841
d4a88078f14b485b31ebaa91,gaussian_barrier,functional,inf,8.839813247575994e-05,0.0005087172510953237,1.3685095753247984e-15,0.9999699149332699,0.08135710400028984
db1ca484a2ed33fea81ac67c,gaussian_barrier,functional,inf,6.1223851362194056e-06,0.000425695342702922,1.3211272089851004e-15,0.9999666188947585,0.08225185999981477
e1119b1bd7959ed1c9eba23b,localized_defect,functional,inf,3.0308462191303634e-05,0.006625840956228366,1.1564919724512784e-15,0.9999965925767068,0.0802395499999875
43e201503e7666068ed6213c,localized_defect,functional,inf,2.1478443594038973e-05,0.005210712581519986,1.3137373327991092e-15,0.9999527681079727,0.08246638299988263
28855a5d3a96a8718654d4c6,localized_defect,functional,inf,1.3334916578582174e-05,0.011918833619526175,1.0805570695945721e-15,0.999967002783766,0.08300571099971421
09af7fc6e324843b02535c00,localized_defect,functional,inf,2.5762045082737533e-05,0.002089483342209098,1.5052261736518873e-15,0.999967831842554,0.09954379900000276
0f6eb42a9629f10acc842973,localized_defect,functional,inf,7.11433172492864e-05,0.0035377069995390052,1.261321430984987e-15,0.9999656878489543,0.08237316999975519
e14b1c973029a440395afc09,localized_defect,functional,inf,2.1200402990722068e-05,0.004341492149954881,1.1981139943354574e-15,0.9999969273275273,0.08222892000003412
c7d68448e61ca8bc37b3fe01,localized_defect,functional,inf,1.0261133807269942e-05,0.002443706766503697,1.3351728774926295e-15,0.9999673692344074,0.08204585599969505
39ac0ae5c30cdee0c89c51a5,localized_defect,functional,inf,1.370007596210499e-05,0.0007362221804697256,1.3106977017664365e-15,0.9999679510098434,0.08205185099996015
1cd8158ca98671ef127c8de0,localized_defect,functional,inf,1.110395006055127e-05,0.003791460386495533,1.4317300185485094e-15,0.9999676524653296,0.08208611100008056
18f884ea0db1887c268614f0,localized_defect,functional,inf,1.3402053945155676e-05,0.002722506291021688,1.6899214212407664e-15,0.999967255920305,0.0817888460001086
0887b6a0784e3e17a643401e,localized_defect,functional,inf,4.178919663301701e-06,0.0032531719967282572,1.0304461678373188e-15,0.9999617526412699,0.08204832100000203
eb0f368bf04a69bbdccb4786,localized_defect,functional,inf,6.74365304346402e-05,0.004481493218159122,1.5543122344752192e-15,0.999997055301322,0.08214075200021398
5548ce852a15dda4f09109f4,localized_defect,functional,inf,6.160449350434198e-05,0.009726521118176047,1.641985940783445e-15,0.9999971357016235,0.0823666520000188
9e65445f3b1b15d26583c399,localized_defect,functional,inf,8.254871887408657e-06,0.002750969416014054,9.12136115485008e-16,0.9999681829215917,0.08289789599984942
da93b664b6d9fc82b9722a72,localized_defect,functional,inf,3.384604130260511e-05,0.00976085111853002,1.5850347343581965e-15,0.9999966637940619,0.08257919900006527
732c316a63d980cd409c725b,localized_defect,functional,inf,6.9195438665375806e-06,0.005478671819106411,1.4243528137226021e-15,0.9999574196760369,0.08219033900013528
e9d93277212fe20c095c6faa,localized_defect,functional,inf,1.3910864352540763e-05,0.00366563896142005,1.2969336404361025e-15,0.9999669944125135,0.08221960199989553
f613da04733f81fdcf643976,localized_defect,functional,inf,1.1456606073386812e-05,0.001978572628838305,1.7331118917766938e-15,0.9999677051529211,0.08255060100009359
c99ab9517245f5a742fbf4c0,localized_defect,functional,inf,1.4968307302102127e-05,0.014253486409997927,1.2409313633232051e-15,0.9999658828617318,0.08164935300010256
ae8c079fbd03620273bed8da,localized_defect,functional,inf,3.8659188931128565e-05,0.0023144214004035407,1.7100136593034178e-15,0.9999638541317418,0.08173706900015532
b4227e57009d103fc3f8c25f,localized_defect,functional,inf,0.00010587730335670758,0.0016907719936948716,1.0120557561113663e-15,0.9999674889329311,0.08233397799995146
8c95333897b3284d3da4f087,localized_defect,functional,inf,1.3942611534045111e-05,0.012904493149418265,1.468467122586483e-15,0.9999668270905819,0.082305883999652
414a185f9fc829c25e262ff0,localized_defect,functional,inf,6.782154077021867e-06,0.011320446185923592,1.153310367407357e-15,0.9999688319871525,0.08285281000007672
85e302344a260b4e2f103e55,localized_defect,functional,inf,3.264652900570624e-05,0.010255653110823656,1.034197885977325e-15,0.9999999999999989,0.08341824199987968
6a2316cf0ba89a553da9f475,localized_defect,functional,inf,2.9748553999984973e-05,0.009896292861041673,1.3264090795381964e-15,0.9999653587657847,0.08214351000015085
0e16aa23aa1ffc156edf6b60,localized_defect,functional,inf,2.6907761050382465e-05,0.004510830451311208,1.8925669018803735e-15,0.9999967849403135,0.08249593399978039
ac0bf28cecaee0458d2b535e,localized_defect,functional,inf,9.03071670487954e-06,0.0011997840562744761,1.6205723851811862e-15,0.999966947787219,0.08216119600001548
bac5632a4af48b1841d31bf9,localized_defect,functional,inf,2.019915508751366e-05,0.003119114103533061,1.5777839884971453e-15,0.9999968714630132,0.08239523699967322
0b6aeee6d88fa7b265c7e3ba,localized_defect,functional,inf,2.344664475769357e-05,0.007221977058230005,1.1746877988614084e-15,0.9999967871642388,0.08206788699999379
6245bccdbf00799ca89a1193,localized_defect,functional,inf,6.869450709664045e-06,0.0014321396038958264,1.0033322082207843e-15,0.9999637235856237,0.08187649299998156
ac4dc17928f88aac237145ed,localized_defect,functional,inf,1.78068736618578e-05,0.007796642302414587,9.905309497880281e-16,0.9999969626447576,0.08201738199977626
2f9c8a826a1825569a06b997,localized_defect,functional,inf,1.5285816551290793e-05,0.006373806820891441,1.3547900502167372e-15,0.9999679992082269,0.08226794300026086
cc9e1528709faf771cc46f07,harmonic_compact,functional,inf,1.1778726234904597e-05,0.00036333627100600124,1.7133558673685019e-15,0.9999676520453343,0.09250466200001028
2b7b19457edea386e4683870,harmonic_compact,functional,inf,0.0003682147266200791,0.0051669840449111585,1.0856350245394892e-15,0.9999697579592565,0.09446722500024407
47046133e52c50e71b7051e0,harmonic_compact,functional,inf,2.4750841116897153e-05,0.0037539528569453815,1.6284450350953338e-15,0.9999968683732607,0.09772797400000854
0ae6b6e71187d787ed15db59,harmonic_compact,functional,inf,8.867257688047204e-06,0.0005577941960780121,2.2162008812532963e-15,0.9999674582269629,0.09408874900009323
6fad52c79ac7b1a186abc553,harmonic_compact,functional,inf,6.950135610736676e-06,0.001833800222693143,1.2655919221387744e-15,0.999964784852802,0.0942951990000438
ac133e1985bbcb17b985cdf9,harmonic_compact,functional,inf,1.4220701747428095e-05,0.004631412458875379,1.7110015608726215e-15,0.9999670142198942,0.09429221300024437
818359b2358e40bef9ef2e19,harmonic_compact,functional,inf,1.1522468555025699e-05,0.0015113973527231485,9.051040813954166e-16,0.9999676932728515,0.09409458300024198
60d4f1b25b05414e3750cab2,harmonic_compact,functional,inf,1.0085614861029991e-05,0.001654241796496757,1.1339497242987108e-15,0.999967499095643,0.09441535700034365
8c616eededf32b04987ed4d5,harmonic_compact,functional,inf,3.1061673312399094e-05,0.0076328531264988056,1.5340242197725545e-15,0.9999606846062596,0.09498586100016837
fed6eb73ee389d2e2e6f7ebb,harmonic_compact,functional,inf,3.5041983764611554e-05,0.0014477380774237556,1.7564340050283715e-15,0.999966525055771,0.09525471599999946
c8dfe56ced831da0cca53338,harmonic_compact,functional,inf,2.3463513402268302e-05,0.005983438851351116,2.1106886716907062e-15,0.9999969015334031,0.0953279130003466
42cb5b7439d5dc69d0b9283a,harmonic_compact,functional,inf,2.270122125420806e-05,0.001780675802200359,1.3300414988414737e-15,0.9999683284418053,0.09437643499995829
332d4821f4f3cfd063f4707d,harmonic_compact,functional,inf,1.459321363758455e-05,0.0018558524645440643,1.1626907828475132e-15,0.9999667743635059,0.09434595399989121
a81fc0987fb0d6a7aa050145,harmonic_compact,functional,inf,4.891663753158894e-06,0.005706928666441292,1.8468504012195903e-15,0.9999654785196834,0.09561705099986284
f669bb1ab71a08379e968161,harmonic_compact,functional,inf,3.576400634609917e-05,0.006749248284881941,2.1334472054706404e-15,0.9999966637854115,0.09513229899994258
a9c5a7a102c18e43c79155f4,harmonic_compact,functional,inf,1.148845891809329e-05,0.0011090124645011519,1.285681478782101e-15,0.9999679188761676,0.09413608200020462
7676308cfa904ff715ab205d,harmonic_compact,functional,inf,1.3906236707857925e-05,0.006234771987814147,1.0861152736687543e-15,0.9999664615658882,0.09411446200010687
aa009c09e77a8f2f2b267989,harmonic_compact,functional,inf,4.899369104203598e-06,0.0009678115514538067,1.578975067236186e-15,0.9999615411573715,0.09458152800016251
36ba596354eca032332481c1,harmonic_compact,functional,inf,8.130191425942602e-06,0.0005741210194835415,1.173459335541467e-15,0.9999667896162452,0.09480979799991474
cf4807dde3a4fa431c07a3c6,harmonic_compact,functional,inf,2.1600111636085e-05,0.0030684586620201583,1.3836454215640204e-15,0.9999968909212257,0.0943805329998213
8248c5e6e4d8bfcd826a4639,harmonic_compact,functional,inf,8.50827302135605e-05,0.004639896069026312,1.4284703484013758e-15,0.9999629945499081,0.0944843590000346
c77c8da209ad55a15d8a94a9,harmonic_compact,functional,inf,1.3038743057433417e-05,0.0010830522142983878,1.1596943862799447e-15,0.9999673568430663,0.09621382499972242
88aff89c41d6d450bd4471c9,harmonic_compact,functional,inf,3.553289649307547e-06,0.0030606783274495833,1.2266002079297417e-15,0.9999579407359929,0.0963577030001943
8bca703859e3dbb21396b8d9,harmonic_compact,functional,inf,1.3008939990593324e-05,0.0010464232427831836,1.4478596411732266e-15,0.9999674116887725,0.09428552300005322
bc1961f24d644e63c717a682,harmonic_compact,functional,inf,7.209807922008903e-06,0.0004476028374717379,1.3602261020461414e-15,0.999966781887929,0.09470027299994399
b7efe195da31ff86a696ce40,harmonic_compact,functional,inf,1.469350490769592e-05,0.009716343739503756,1.4642502420701911e-15,0.9999660998448416,0.09505234200014456
8b0f589ae5be172150ade902,harmonic_compact,functional,inf,1.3442594783780075e-05,0.007541318300651579,1.3459707411433733e-15,0.9999669064492425,0.09418191800023124
e1314ec4889ba788af538860,harmonic_compact,functional,inf,9.645784642378562e-06,0.0009391713149143549,1.2396503463527027e-15,0.999965583551592,0.09419659100012723
c8370b2d311aec4248ae31a0,harmonic_compact,functional,inf,8.397393432657792e-05,0.0035346757140056017,1.4730132785014728e-15,0.9999968809336147,0.09449068300000363
6b2c5e05ec35cd24f3c28a00,harmonic_compact,functional,inf,1.095614299388115e-05,0.0006164459157558063,9.566153705381532e-16,0.9999676776482288,0.09545692700021391
e9c81b9f6a9ae4ec043e68c1,harmonic_compact,functional,inf,5.2557618985132005e-06,0.0008720070904555578,9.441247180032566e-16,0.9999640595382457,0.09563667900010842
080f83ab2634fa94ae0a6ae8,harmonic_compact,functional,inf,1.829240877801183e-05,0.009328782495848013,1.493484272174663e-15,0.9999670154687732,0.15071781599999667
ad2b9610606ba4437b564242,fourier_random,functional,inf,8.945066724294853e-07,0.0011301610000999517,1.6437413012205744e-15,0.9999616924529149,0.1573624849997941
49d7d9686c55a6e7e539492a,fourier_random,functional,inf,1.8068266297250988e-05,0.0016846420215404475,1.811655363328134e-15,0.9999684892024616,0.15962064600034864
426c655124472a9150bdff63,fourier_random,functional,inf,0.03090081142927668,0.0021289698413292533,1.0963299902242915e-15,0.9999815559641736,0.1598224169997593
b12819fe8a205a76e5e62933,fourier_random,functional,inf,1.8883339438548023e-06,0.0047932446378353855,1.5811887314933675e-15,0.9999668565593675,0.15938639000023613
39c313e39aa9b370ee5b556b,fourier_random,functional,inf,0.0001114803555630697,0.00040837062306343155,1.6603689782926107e-15,0.999972347989744,0.15970742799981963
0dabd04134e99ee548bcc195,fourier_random,functional,inf,2.3300196675235014e-05,0.004845001886893809,1.2507971510977578e-15,0.9999686913628247,0.15917715300020063
946ed940173d6e5d87b3d042,fourier_random,functional,inf,1.5107412257575862e-05,0.00471009433950093,8.518554972292549e-16,0.9999679034953733,0.16242678299977342
1a66d8df89b22ab0a08bc633,fourier_random,functional,inf,0.004970875124931652,0.0005642985763915146,1.233908469649124e-15,0.9999753656180743,0.15962301299987303
281662007efa3a1265b83449,fourier_random,functional,inf,0.0004607114290456,0.0009906528659464188,1.1970263472965107e-15,0.9999392024852816,0.15920375699988654
8b1ba6a10cbbba73d03155ef,fourier_random,functional,inf,8.897926107065112e-05,0.0023519446444197675,1.9477255125417933e-15,0.9999668942589549,0.15941573999998582
f258c02d7ad44f6df1b98d21,fourier_random,functional,inf,4.998091996226222e-05,0.0010744370618261812,2.997486156164771e-15,0.9999598577249973,0.16012730700003885
4f4b6151d562d2089a29a3e3,fourier_random,functional,inf,0.00010334913250527887,0.0008853736867254453,8.345502792686842e-16,0.999964462551062,0.15914885099982712
483e6f2fd372f641cc48a6d0,fourier_random,functional,inf,0.0004461940690506271,0.0007176488030256912,1.6899097237291419e-15,0.9999522447162102,0.1595805140000266
9cc1b8b8674e00df7f7e879a,fourier_random,functional,inf,1.787354594238256e-05,0.005568747019450179,1.3613525818186946e-15,0.9999240949129651,0.1594243690001349
bcbff4eecbb9f759a3da4ae6,fourier_random,functional,inf,2.4902718203781836e-05,0.0015651764950135633,1.3703240522467151e-15,0.9999593893401295,0.16194462800012843
a8cc0af437eea5ee4d8191c9,fourier_random,functional,inf,5.550671701556452e-05,0.0018894636061162328,1.3228835517052657e-15,0.9999666193841431,0.15967672700026014
25aabe1eb9766ecfe3db289d,fourier_random,functional,inf,0.0006769851231813536,0.0017538946172581794,1.6547525520001054e-15,0.9999529902880385,0.15934803399977682
9bfa3cde4a8e78045a108dad,fourier_random,functional,inf,0.01202807923825527,0.0019389505235583241,1.12394365690538e-15,0.9999555182762139,0.15998415000012756
3e232768954013a5f16b92c3,fourier_random,functional,inf,1.2538382859529988e-05,0.0006188429898359421,1.4818884839196143e-15,0.999969396351321,0.1590862869998091
e1ac87b7f976c6d99e0d3590,fourier_random,functional,inf,3.253587886068213e-05,0.0016763626578797923,1.718623303470467e-15,0.9999665619378506,0.15934485100024176
4482824628fa78d4bf115cc4,fourier_random,functional,inf,1.5425884011034892e-06,0.002063488287189875,1.2338495444581253e-15,0.9999619253066654,0.16079488599962133
13f2063f12892f3e89dd2821,fourier_random,functional,inf,0.0002598566065308115,0.0016643232853172452,1.0180094806590872e-15,0.9999327554021988,0.16001932700010002
7d82cc2f739b83b2eb7cd4cc,fourier_random,functional,inf,1.1438772126804893e-05,0.0006518391741398898,1.6442215012094272e-15,0.9999710854069433,0.15966381099997307
ec13b99714e57408d18b33c9,fourier_random,functional,inf,0.00019755149783449796,0.01091871597387383,7.622746177017883e-16,0.9999640551884217,0.15954110200027571
f878008dc02e0ece20ea8f4f,fourier_random,functional,inf,4.863066927585809e-06,0.005500391427204632,1.0437907763266252e-15,0.9999968052424385,0.16043066100019132
35abffc03141bca554df1a31,fourier_random,functional,inf,5.025059416153848e-05,0.0006319133234415177,1.0883785578175311e-15,0.9999709016270867,0.16310838000026706
ae901d1a3c99ea441cf65e76,fourier_random,functional,inf,9.0318542045955e-06,0.002327283319267348,1.2067094751384533e-15,0.9999681867056881,0.16082511000013255
6195828856eb7741b0791c11,fourier_random,functional,inf,2.9298082157827196e-06,0.0015565017781646474,9.357977974326928e-16,0.9999674348537321,0.1609637390001808
e0a96cfa978563474da869c9,fourier_random,functional,inf,2.8619531752486975e-05,0.0022781030875539243,1.8052805214673932e-15,0.9999601551658571,0.16033082100011598
131ac8b01517c3cac190da37,fourier_random,functional,inf,1.4655903460108613e-05,0.003021444463095227,1.2528930104001773e-15,0.9999655825030663,0.1597728060000918
26e46de95ee6791e374e2638,fourier_random,functional,inf,0.0004375615168739705,0.0036682194602220748,1.787676578018277e-15,0.9999705637559384,0.15979063000031601
9571d392cd35b210f1a4c535,fourier_random,functional,inf,3.6841670790602545e-06,0.0009100709416866483,1.8222255032692846e-15,0.9999666952305674,0.15995384999996531
ef727abc86dd0c71efd3f578,chebyshev_random,functional,inf,6.268211278295698e-06,0.0004013542141779574,1.2703222037002776e-15,0.9999680128471705,0.12496801099996446
fdb8fdf4a851fca136f46e86,chebyshev_random,functional,inf,2.688468701585981e-05,0.0003524407406047752,1.301153365148307e-15,0.9999667934769383,0.12747942400028478
cedc133a5a138e433f8ee97b,chebyshev_random,functional,inf,0.0005749544836262645,0.0002964238979589734,1.2456533210676722e-15,0.9999721280800787,0.12696969499984334
36eadce91b6462f4b7859f77,chebyshev_random,functional,inf,5.9733007650263454e-06,0.0004755775596886172,1.2151666810263137e-15,0.9999681944729191,0.13184654899987436
b3aadb0c02a963885b043f4a,chebyshev_random,functional,inf,2.0734887381881482e-05,0.00047756285431641536,1.9924277924412463e-15,0.999967636288647,0.1280697610000061
84282aed970c244d6a6df86a,chebyshev_random,functional,inf,0.0002672923940678481,0.0003464778248051677,1.3909803469463852e-15,0.9999698679291338,0.12868810100007977
3e9bcc89ba9b0060662cce9d,chebyshev_random,functional,inf,2.0232275481299172e-05,0.0003861680802101981,1.6943547193019294e-15,0.9999671706959387,0.12989591399991696
176f8f7a3dba1a572658f1c0,chebyshev_random,functional,inf,1.1581857241157433e-05,0.0003006844877852748,1.0858203733938105e-15,0.9999669459455877,0.1277235689999543
848a786924dc8071434b7577,chebyshev_random,functional,inf,1.5072768914957175e-05,0.000295319254567122,1.0641574767389121e-15,0.9999670487208533,0.12732530699986455
274e853151ad53e27ae86187,chebyshev_random,functional,inf,6.524157071011367e-06,0.0004878709232557742,1.0763608282556146e-15,0.9999676666476907,0.12681080299989844
a7993609c9127ca11e5dd22d,chebyshev_random,functional,inf,0.001413277099446604,0.0043287876754870575,2.0694663222855943e-15,0.9999712833376029,0.1267310869998255
3923db84cf3992317dcf0a67,chebyshev_random,functional,inf,0.00016571507690593906,0.0004667386796207473,1.426985024234091e-15,0.9999705620923919,0.12767311500010692
5ba14695895cc8c0c077471c,chebyshev_random,functional,inf,9.92213291716661e-06,0.00036271416465429723,1.0077612115340073e-15,0.9999671817455885,0.1275725450000209
8b439a2eb6537ee1aa0f2428,chebyshev_random,functional,inf,6.147268805253043e-05,0.00034552019350035516,1.0631238691590663e-15,0.9999673976023404,0.12718336299985822
821e0a75f229bbfbd9a11bf6,chebyshev_random,functional,inf,4.9516254004325085e-05,0.0008743984456376592,1.5140979876941409e-15,0.9999676344950844,0.12669596500018088
aca696f29b12a7084491d891,chebyshev_random,functional,inf,5.7580915007172066e-06,0.00035653770363367913,1.4740862352913352e-15,0.9999676010776015,0.12927357299986397
97bf8d108531702326703ddd,chebyshev_random,functional,inf,2.217019957913681e-05,0.0003919866903824442,1.2083634440578563e-15,0.9999675083505173,0.12696350000032908
a8785ce9041f60e1ac8c38ca,chebyshev_random,functional,inf,4.988390042138702e-06,0.000351422979665663,1.9867800641942175e-15,0.9999678580138389,0.12649852599997757
2db326fef957a3e6ec3b6a6b,chebyshev_random,functional,inf,9.241928064271392e-06,0.0005595036354236966,1.5589079645925552e-15,0.9999657135591026,0.1274010659999476
246f8d2a22d76bbdd569663a,chebyshev_random,functional,inf,3.1808623590386174e-05,0.0003014091961965664,1.5293148893034259e-15,0.9999668750812879,0.1264202419997673
9afa1a2524e0d05061913dc1,chebyshev_random,functional,inf,1.9593884891407525e-05,0.0003535422346772723,1.5647985614797918e-15,0.9999693418002549,0.12761877599996296
5cf2596d274a2a1563784332,chebyshev_random,functional,inf,6.215263105078823e-05,0.0004707741307836946,1.971710546317755e-15,0.9999703680494441,0.1276281890000064
86c0155786371b31af2ff7dd,chebyshev_random,functional,inf,0.004454573817379562,0.0003672716756404337,1.0837360846939398e-15,0.999975540551412,0.12686297300024307
3b59a2d72533a05be5aaf2e6,chebyshev_random,functional,inf,1.51439365798115e-05,0.00038506350928297516,9.991938441558475e-16,0.9999671040783797,0.12729960700016818
5b5a55f158e0b616a5efcb58,chebyshev_random,functional,inf,1.4629581741603682e-05,0.0004571499070085996,1.0855255398700392e-15,0.9999674130024704,0.12757138599999962
a0de8e08578b43caf87e3b8f,chebyshev_random,functional,inf,0.0016803242031860127,0.00033543628846502904,1.8087889897967888e-15,0.9999752278744122,0.12812793200009764
ba3cda4d6ebf8398fe8a74d6,chebyshev_random,functional,inf,1.4061585487289469e-05,0.0003294268643579722,1.4104126869988863e-15,0.9999662341602071,0.127377886999966
692c532dd69f6107a2bea4e5,chebyshev_random,functional,inf,7.592908142892563e-06,0.0004364402875739459,1.801372309252794e-15,0.9999680193978261,0.12712215800002014
1482d744197ca4965f14c31a,chebyshev_random,functional,inf,2.8087513296215557e-05,0.0003574373046885351,1.4816250709871203e-15,0.9999669667449383,0.12716763299977174
5bf29e296a9023e9185afad6,chebyshev_random,functional,inf,2.1342341961892745e-05,0.000518731161002708,1.0199122914812978e-15,0.9999695351308291,0.12657583600002908
e9342d916ae4d31e5c43c967,chebyshev_random,functional,inf,3.622650774980865e-05,0.0003450992920433466,1.5593088457737738e-15,0.9999711573476953,0.12717076599983557
e98eddda0f0db0be7e3cc32b,chebyshev_random,functional,inf,1.481087889278522e-05,0.00042713792005271366,1.0595307283838685e-15,0.9999672631799676,0.12675643300008232
13f12eff29edb0c8a52fa91b,gaussian_random_field,functional,inf,6.584019663964769e-06,0.0028763193882227933,1.453337160713037e-15,0.9999692502273626,0.16250487999968755
9b3139d61f503a1b3d81558a,gaussian_random_field,functional,inf,9.173658985393492e-06,0.0022551386167859906,1.3531618044368256e-15,0.9999664571827017,0.16354745300031936
69dfc5a605eb4251ec626b1d,gaussian_random_field,functional,inf,8.43980089815909e-05,0.004774246015678011,1.5424690251000167e-15,0.9999653173678086,0.16345859100010784
e87d3fb8f80d4706fdc281c4,gaussian_random_field,functional,inf,1.2488621465626746e-05,0.005328120472651431,1.2175015712873708e-15,0.9999571735192069,0.16377551100003984
81ac793e237869f13e110627,gaussian_random_field,functional,inf,1.6712203591799834e-05,0.0089288478156072,1.1308494368048127e-15,0.9999580167047842,0.16415423799981
1b775f3a111c9901bbf1afa0,gaussian_random_field,functional,inf,8.834617066975215e-06,0.008355633136025243,1.6213091462318478e-15,0.9999437700660275,0.16460130999985267
7492b3e5b0736dae1888770e,gaussian_random_field,functional,inf,6.115676135174603e-05,0.011108975995370233,1.0033887647975595e-15,0.9999667339417462,0.1643928280000182
929b75bf67050039604cc1d1,gaussian_random_field,functional,inf,0.01906364013513429,0.0030511073694349062,6.992320507055293e-16,0.9999705237167151,0.1633489969999573
bcc67832c8620c86b4a26baa,gaussian_random_field,functional,inf,0.032764141320534255,0.0050586529919724715,9.452074539728628e-16,0.9999717253603094,0.16387645400027395
b9760b45d50ac132793f1375,gaussian_random_field,functional,inf,3.7124640537256823e-06,0.014971949772812097,1.025704819486553e-15,0.9999666216184554,0.16457938500025193
c1fe5dabd3dc6ffda86d094b,gaussian_random_field,functional,inf,4.7422178600085975e-06,0.011970180249034078,1.4038706662361722e-15,0.9999680279891447,0.16350612099995487
f02f6a969035c43da602808d,gaussian_random_field,functional,inf,2.938563439863778e-05,0.00497377694562617,1.1788191562677971e-15,0.9999651561875773,0.16369896900005187
d5c59a8be60513bd16706785,gaussian_random_field,functional,inf,0.021695672057225827,0.0013802978155997324,1.2015203881269e-15,0.999979318983775,0.215642742
aebf735df6c10e3ffe03446b,gaussian_random_field,functional,inf,3.6620546894945655e-06,0.006151800405384909,1.2004518509344496e-15,0.9999639661206664,0.16509301399992182
0d20fd0d389032b147cef802,gaussian_random_field,functional,inf,3.006769127316122e-07,0.0023147124854646446,1.5135824940355236e-15,0.9999628139637282,0.16424668899981043
b1885c43019b92008e87a14c,gaussian_random_field,functional,inf,0.0008985836743238354,0.003394575193308858,1.092334270730999e-15,0.9999687398805575,0.1639624240001467
2a7bd3036fdde1d215a0348d,gaussian_random_field,functional,inf,0.0011150280429070053,0.007645882223690733,1.2651846657453021e-15,0.9999588568222112,0.16377544500028307
3fa35afb42b98a51c5c53d88,gaussian_random_field,functional,inf,7.700781408852728e-06,0.0037169626526611143,1.561534373218838e-15,0.9999666503872147,0.16369696199990358
7edc0aac016cacb2483ce044,gaussian_random_field,functional,inf,1.9285050908699327e-05,0.004145414995901241,1.3761660252490382e-15,0.9999691033381573,0.16437405999977273
99bf68848bd00700d75784d0,gaussian_random_field,functional,inf,2.9953497199179847e-05,0.0069156424036471865,1.6675900698709873e-15,0.9999666471720944,0.16414202999976624
6ad82fde733ce9ebca2e73d9,gaussian_random_field,functional,inf,2.0407189772020428e-05,0.002220164184155536,1.520453735189425e-15,0.9999671176582868,0.16338096099980248
1d717d4f6d9bf7be368a4e07,gaussian_random_field,functional,inf,3.6298778267647564e-06,0.006630474717839671,1.1040162670535738e-15,0.9999652673377812,0.16403655399972195
0fff6774d8229a68e2c8b8ac,gaussian_random_field,functional,inf,0.032626433686891186,0.0028881668632573182,1.759820335599495e-15,0.9999648574568096,0.16331523200005904
f62f0f8bea6b6025fedd1ea2,gaussian_random_field,functional,inf,2.940283485478088e-06,0.005215663679718427,1.1303117904609848e-15,0.9999682381576452,0.1930462290001742
c7e0a0ab52b23e0bd994d6d2,gaussian_random_field,functional,inf,3.528803928020673e-05,0.004897241289530337,9.924073517456423e-16,0.9999967363165813,0.1643423430000439
7a620358b62298c5c6fbe0a3,gaussian_random_field,functional,inf,0.001050227182086804,0.001570184524150082,1.1277036434365628e-15,0.9999741902924668,0.1642288869998083
90510a8d0f5096c3eba4a118,gaussian_random_field,functional,inf,4.019332571514756e-06,0.004148067832945187,1.4975445942100515e-15,0.999967462831179,0.16428008999992016
6dfbba099b6d367a94c40dc2,gaussian_random_field,functional,inf,0.0010151224297950785,0.002824709571112396,1.5681565846635315e-15,0.9999730303259183,0.16393018799999481
9cc1088a1e9eef230167a3e7,gaussian_random_field,functional,inf,4.955366081766177e-06,0.006655602728751071,8.361922297121844e-16,0.9999675613087563,0.16359833800015622
572ccef4c08a1b025bbcc996,gaussian_random_field,functional,inf,1.0072545589051227e-05,0.006332208085110789,1.7901883479003587e-15,0.9999560888615912,0.16377653300014572
c20bd1453d84d12ff731899c,gaussian_random_field,functional,inf,0.0028079930119473476,0.001949300978165699,1.051364001868237e-15,0.9999644532767564,0.16460920800000167
7d02868c22706c5c5247688f,gaussian_random_field,functional,inf,8.824941090921992e-06,0.0064470220546815355,1.381629916624306e-15,0.9999659450033033,0.16304148600011104
b509266d717abde6296da5f0,reflected_potential,functional,inf,9.837247531908994e-05,0.004365712588193618,1.1240783558071509e-15,0.9999966832708383,0.08852671100021325
47cfcfccc354acc52f9f57a7,reflected_potential,functional,inf,0.0003513975808498817,0.011644837611790632,1.1779259816531737e-15,0.999996320636168,0.09210888400002659
ee016d3fa180faff6e1afed9,reflected_potential,functional,inf,0.0016231471301344632,0.013337126392376615,9.161571580927126e-16,0.999966202942391,0.09029559600003267
c7400c6f7517895a893bc9fe,reflected_potential,functional,inf,4.868755283213298e-05,0.010170906235271688,1.0159055491792048e-15,0.9999962100875277,0.09187753400010479
d2d5642a3a2c5e7ba5acf0ff,reflected_potential,functional,inf,5.573917656348962e-05,0.007651972245668399,1.036640555973755e-15,0.9999958774918825,0.09190434699985417
b9ecf0547b77b59a33c2183d,reflected_potential,functional,inf,0.009137254857319248,0.004169635838696602,1.1932240983924618e-15,0.9999973442157435,0.11340770600008909
89b75198dda877ea5ab9ee40,reflected_potential,functional,inf,0.00019172979959997677,0.00436668655848647,1.0106236044858938e-15,0.9999963277287968,0.09192898200035415
4bfccf16b9e36255ba6409fa,reflected_potential,functional,inf,4.599906174791835e-05,0.00651388341502088,1.1286405344111406e-15,0.999996224951065,0.09051234600019598
c79bc3da58d02c4bc9fb744a,reflected_potential,functional,inf,5.020046052496681e-05,0.004142944343635861,1.198596845159432e-15,0.9999959852047171,0.09028051299992512
48c62afc9a0461048670b871,reflected_potential,functional,inf,0.0003357700427413399,0.01207493027416167,1.781641514819406e-15,0.9999615467711427,0.09262532699995063
3e9703fca63f4b9d8f6c235e,reflected_potential,functional,inf,0.007227828945451155,0.005531984971696774,1.3530956227174774e-15,0.9999965122686161,0.08956634099968142
4e9b0ee4ff9cbba41be5026d,reflected_potential,functional,inf,4.082247371180775e-05,0.007174149703777806,1.5851187325787637e-15,0.9999964190177395,0.0917026629999782
79b02d7db509c5261f80d4a5,reflected_potential,functional,inf,4.229490303648041e-05,0.007891815470572838,1.3377709274319164e-15,0.999996397236979,0.15368572500028677
ffc49e88c9f02f6d240ff22c,reflected_potential,functional,inf,0.002695481446738842,0.008810557008654742,1.2118954254505286e-15,0.999996883658509,0.0904365940000389
c718bfba888b1f11a0615bb3,reflected_potential,functional,inf,0.0015338671054431663,0.00778230873273589,1.1102230246251565e-15,0.999997081729321,0.09169862899989312
2c186b5064b48d77b53ca0c8,reflected_potential,functional,inf,6.322290872763935e-05,0.007507691972801398,1.0771412708080323e-15,0.9999959261726744,0.0903542720002406
be888d6065ef0b163f37364c,reflected_potential,functional,inf,9.925661623772753e-05,0.012519733849439567,1.043011057402551e-15,0.9999591640833588,0.09165480499996193
6dc102d1af1e2571104c1da6,reflected_potential,functional,inf,0.004156578920524058,0.013857593566058196,1.8606467820474204e-15,0.9999698127465367,0.09210869200023808
429e2bfcec60dc1fec1c7f80,reflected_potential,functional,inf,5.396685224192685e-05,0.004501004625224992,1.5200113514351523e-15,0.9999959872832052,0.09090556399996785
5937c7d4dde01db7f951c756,reflected_potential,functional,inf,4.7219765949527304e-05,0.0063373311327926595,1.2166224265445218e-15,0.9999961886226293,0.08964869400006137
b7b5992acb44217112b4f35c,reflected_potential,functional,inf,0.011190135686345073,0.00848164610415623,1.228463084863855e-15,0.9999973321200236,0.09247750499980611
ec26a653d02b0f832f552897,reflected_potential,functional,inf,6.360830322890267e-05,0.0059585348672538795,1.310835735263125e-15,0.9999965581539128,0.09199443299985433
269050426cc11d087e067480,reflected_potential,functional,inf,5.30138316219565e-05,0.004655643085600021,1.383915663102615e-15,0.9999959727853366,0.0923389889999271
addeeaec7fff71d97cbf4222,reflected_potential,functional,inf,0.00037076832027774773,0.006975945644016394,1.7806842825897384e-15,0.9999969148677291,0.11415290800005096
c6eb4b98c23dc0b06155af0e,reflected_potential,functional,inf,4.197391520469569e-05,0.005371934712730431,1.5847036969807201e-15,0.9999964294618793,0.090186397999787
7aef1287ffc8cb8d9699f12b,reflected_potential,functional,inf,0.0011446704366633118,0.01156856735515544,1.1437260696643508e-15,0.9999963144185194,0.09206438900037028
c350dddf97e49e9660e268a4,reflected_potential,functional,inf,0.00057179618598894,0.01144969617582912,1.0283330656684043e-15,0.9999633896687851,0.09022787399999288
2aa2232779d75d51c8a6e94f,reflected_potential,functional,inf,4.7309823927207416e-05,0.014213070963374376,1.6091611794363953e-15,0.9999547319665104,0.09197714899983112
f14b11142ad352df4ce3b2e5,reflected_potential,functional,inf,5.493476477512934e-05,0.012708286672241272,1.0416226616788688e-15,0.9999958001475916,0.09244771199973911
85a20188171489228d8f83f5,reflected_potential,functional,inf,0.0012566978834788584,0.006995913630841885,2.421261882249387e-15,0.999997033306418,0.09100932499995906
162f6ceb29de9ad76cce169c,reflected_potential,functional,inf,2.8786754122641637e-05,0.012210101467407019,1.2432045125226085e-15,0.9999606799499206,0.09117911699968317
708d047393df7e7b5c8075aa,reflected_potential,functional,inf,0.003211843440249875,0.011904251352156834,1.5167749734752237e-15,0.9999966991865745,0.09254163900004642
ce2c673ac31fa8164547a4fa,smooth_perturbed,functional,inf,0.0001493691802990994,0.0014645004003259808,1.5493353159651501e-15,0.9999654246206173,0.08774629700019432
4e9602af81d32ebec5bfed39,smooth_perturbed,functional,inf,1.6069576807741908e-05,0.00033379229789978255,1.2684682897783745e-15,0.9999668371667226,0.0905839960000776
5f276e725104da82364f3719,smooth_perturbed,functional,inf,1.217398520444784e-05,0.00035940772823928513,2.3114991967493377e-15,0.9999675245571823,0.09014971500027968
ea2fa7e2fdfde1a7fb0ed3e0,smooth_perturbed,functional,inf,4.834492173495188e-05,0.0008071887386384124,1.67293917330238e-15,0.999966106909679,0.08949506399994789
3b0e03e96886bf97a70561a9,smooth_perturbed,functional,inf,2.571797089143666e-05,0.0003906189328777012,1.3977461425537678e-15,0.9999668468870707,0.08997323699986737
fc522c7a1440a3be4840a794,smooth_perturbed,functional,inf,0.00017904276128303577,0.0013572151953704565,1.3739045061437865e-15,0.9999555989582355,0.08978586800003541
5e56aa7448cafc69438250f2,smooth_perturbed,functional,inf,0.00043373097242411943,0.002605774227196752,1.1005224504689703e-15,0.9999426333976207,0.08997573600026953
911c9d24e665d76bbff2f356,smooth_perturbed,functional,inf,5.7363606387753324e-05,0.0005757051188756402,1.5332187305813845e-15,0.9999667881853029,0.08971157499991023
2da770ebe7f5c2f4f5f26b21,smooth_perturbed,functional,inf,8.010632285054983e-06,0.00036679413431926875,1.846677992559052e-15,0.9999694666497798,0.11773481799991714
cf45119f7cb0affd54a43657,smooth_perturbed,functional,inf,1.940313256412003e-06,0.0005128108618536657,1.2501039314241334e-15,0.9999652373372054,0.09006589099999474
cc931f3002c9779cb8bf7747,smooth_perturbed,functional,inf,1.0810127471422959e-05,0.0004395093341620965,1.4692672829944513e-15,0.9999684640766223,0.08988738900006865
494a4a787209acf491c344d3,smooth_perturbed,functional,inf,8.950639181334192e-07,0.0028038899428103944,1.459875035759208e-15,0.9999627280365652,0.09022269499973845
1d158f12334e0c7f5fadbc86,smooth_perturbed,functional,inf,1.2908820443923997e-05,0.0003850321884527515,1.2086678690639475e-15,0.9999697734141211,0.09040315099991858
e090d4e8078d2103dece61ae,smooth_perturbed,functional,inf,1.1645202704942764e-05,0.0004967514618045075,1.5416738386644464e-15,0.9999684070955527,0.08971829499978412
24b8b50716daee94bb445de7,smooth_perturbed,functional,inf,5.710952177269616e-06,0.0005640928542615723,1.4643036366996985e-15,0.9999673511317904,0.09417654600019887
bda9c235d988cb0271743b8c,smooth_perturbed,functional,inf,1.4735952480699578e-06,0.0013641499608502451,1.8962829814367433e-15,0.9999447046029369,0.09113539400004811
29140bb227706dde71d4ed30,smooth_perturbed,functional,inf,2.5682431672752067e-06,0.00043032746915094334,1.5324870801033671e-15,0.9999692196024037,0.0910996609995891
7f407d8f4f089ef826dc918e,smooth_perturbed,functional,inf,2.873932160492726e-05,0.0015349932080223304,1.1757915053916859e-15,0.9999673081584958,0.09156181300022581
258104e1e2e52d67c62b0ac9,smooth_perturbed,functional,inf,2.2800255068975546e-05,0.006146019921272507,1.3373406438302507e-15,0.9999624163081574,0.09127043199987384
923737c05183f84784851880,smooth_perturbed,functional,inf,5.903225692194156e-06,0.0003543762427638152,1.928592083166007e-15,0.9999679924785898,0.09041094099984548
347a81101828e3b83e247c37,smooth_perturbed,functional,inf,7.15648296296927e-06,0.0003775107134767432,1.2897260967195285e-15,0.9999672558555988,0.09037462300011612
5d302029d7f7841d46aff242,smooth_perturbed,functional,inf,1.3587724603301086e-05,0.00036423106392825084,1.7145336837524117e-15,0.9999675856155513,0.09010196799999903
b534e700657f7666c187ac79,smooth_perturbed,functional,inf,3.0041318262829973e-06,0.0017376019940466812,1.3231048386717638e-15,0.9999469116331521,0.08961181399990892
99f445cabe664e24701ffda6,smooth_perturbed,functional,inf,4.609588935116726e-05,0.0005842364789759267,1.7383143745493794e-15,0.9999606936297756,0.09643530699986513
5b6de5d4a8d28e400018b175,smooth_perturbed,functional,inf,1.520762226116001e-05,0.00036908413447305573,1.3558941046296141e-15,0.9999675081564079,0.0898553649999485
41063e98efd017fe58cc97fd,smooth_perturbed,functional,inf,3.408084697882984e-05,0.0008888020144344893,1.3079900802228802e-15,0.9999648632626571,0.0903260519999094
8df1fc05a3c54763aae0a9c8,smooth_perturbed,functional,inf,1.1998025130170398e-05,0.0005054702685045385,1.6911159556140514e-15,0.9999639452045996,0.09068115899981422
8473d03b205f283ea7b31b0c,smooth_perturbed,functional,inf,8.394242511173602e-05,0.0010261173772350117,1.872323978258268e-15,0.9999673873943719,0.09081799100022181
ff9c6f5bcaebb38c63815839,smooth_perturbed,functional,inf,5.6374478088304615e-05,0.0005172552215569803,1.4680694253317197e-15,0.9999622915411092,0.09125891799976671
97b60d9c0d4ecb9476280dd1,smooth_perturbed,functional,inf,5.313908265943832e-05,0.004464300130278901,1.6660905543459287e-15,0.9999674663499891,0.0897020010002052
4745ea09a5933abd0de224c9,smooth_perturbed,functional,inf,2.246695758278727e-05,0.002529781216029087,1.2949378552432864e-15,0.9999635398964917,0.0911508130002403
676931c968977c054291eab5,smooth_perturbed,functional,inf,6.510421932212192e-06,0.0026205241475404585,1.1493806657841566e-15,0.9999465015463209,0.09000249500013524
da083699b9851113a2d42e1b,composite_confining,functional,inf,4.483483049716681e-06,0.0009193393041837095,1.0639007818506981e-15,0.9999674252716041,0.11781663900001149
2cc430c128e823850c4c1223,composite_confining,functional,inf,5.273942793040537e-07,0.000601729047332392,1.2698397183044928e-15,0.9999667495947036,0.12072973799968167
b25e11cdb4957be9395398da,composite_confining,functional,inf,1.656968231741218e-06,0.00045976862955634005,1.1523402301085532e-15,0.999956637513877,0.12025993299994298
3fe375a7ae08c4514a169499,composite_confining,functional,inf,2.801230619455051e-06,0.005373303593997199,1.4651731815597803e-15,0.9999660047680189,0.12024180000025808
98ca5849687506c6fa58c193,composite_confining,functional,inf,1.3553150766715714e-06,0.0018615070849866576,1.338534943666164e-15,0.9999683812438772,0.12149187199975131
11a5caa135fa6c14856f7466,composite_confining,functional,inf,6.411638418292659e-07,0.00044719204905562107,1.5126107950179409e-15,0.999966080886662,0.11990294600036577
14108620a179445b96169c75,composite_confining,functional,inf,3.5207644491787146e-07,0.0006883206734951805,1.925124952271301e-15,0.9999668796744932,0.12089510199984943
aa571b7a77295fd14a88a6ae,composite_confining,functional,inf,1.5405075201518957e-06,0.0005110131941009599,1.1248830568901088e-15,0.9999672664186198,0.12048437800012834
0027a27825b5b32cb7cbd838,composite_confining,functional,inf,1.1710218017417927e-05,0.0004341955310821371,1.4256022192696534e-15,0.9999667659762731,0.12006764800025849
92fd8807902c33586460a358,composite_confining,functional,inf,5.222319866984302e-06,0.012059343382979518,1.2547878655606746e-15,0.9999612649050741,0.12036791299988181
b93a976ef5c47ad94e89d7ab,composite_confining,functional,inf,1.1634284737680661e-05,0.0008359900038011606,2.094413434386145e-15,0.9999669856946333,0.12078672199959328
e64a29df550a38b2c7708d5e,composite_confining,functional,inf,1.2293205896072818e-06,0.009702588659383457,1.2233377572386444e-15,0.9999670439684307,0.11991478600020855
7697680dde4f1bf563c5e890,composite_confining,functional,inf,1.542564447187474e-06,0.0005403492091952302,1.1264112506684538e-15,0.9999678963825541,0.11966853000012634
284bcd93fa9416ae2e159fa6,composite_confining,functional,inf,3.2098029865479246e-06,0.0004992596744209458,9.426760702690202e-16,0.9999675366998059,0.12181872300016039
1baefe101d4088728df7e114,composite_confining,functional,inf,3.016554668477509e-06,0.002970949797155613,1.024391680869435e-15,0.9999636848156256,0.12028003500017803
8cce73a1f1c131ada36ef4d0,composite_confining,functional,inf,2.6561756848609276e-06,0.0004976503954924366,1.2148936083758897e-15,0.9999603760110749,0.11945796199961478
d06338ede9be528d39e32c20,composite_confining,functional,inf,1.0857805587815595e-06,0.0005372374283812408,1.1795951730004322e-15,0.9999670884515934,0.1204309849999845
d6724809054eb9c685ca10d5,composite_confining,functional,inf,9.906790902448318e-07,0.00045151791187411806,1.0595300468369802e-15,0.999965636703039,0.14145633700036342
f609be192d4186d19f6550bd,composite_confining,functional,inf,1.859714817756167e-05,0.0004641505001168466,1.6318605206938453e-15,0.9999671931747338,0.12285307100000864
29dead874e6cce046bb60ccf,composite_confining,functional,inf,1.998547143560351e-06,0.00653292594552612,1.978369268209292e-15,0.9999588305177133,0.11970183799985534
ad039e6cf685cf0edd998b6a,composite_confining,functional,inf,1.3296912801241819e-06,0.0006093838289508941,1.2224474190927575e-15,0.9999666769420182,0.12029241399977764
45ed28b6d65c6764993105d4,composite_confining,functional,inf,2.5838265449046188e-06,0.0005804137661440384,1.5475936112204117e-15,0.999967899232853,0.11951063500009695
a4638dccb997176e34b59675,composite_confining,functional,inf,9.69278476579065e-07,0.0023588562435528076,1.1564554444255845e-15,0.9999643817619001,0.12006022900004609
428f1c7d2b3258eed31abc43,composite_confining,functional,inf,9.865927903547773e-07,0.0010389352091831061,1.2918576555605151e-15,0.9999577286624362,0.11967197300009502
de6ed17901a78f31fe2053be,composite_confining,functional,inf,8.081977915443365e-07,0.0006469824728816121,1.4298848015565632e-15,0.9999686896675267,0.11963795999963622
12396afba8c9ae2dffa0e8c7,composite_confining,functional,inf,7.864464444354731e-07,0.00048376965122600335,1.6934395136841676e-15,0.9999677848548431,0.12365838599998824
98d892802bcdfa064cd6d890,composite_confining,functional,inf,2.6862159765013378e-06,0.0004204301551265575,1.3772060977187382e-15,0.9999662705005531,0.12183943599984559
3b1db31de4aa4797a7420feb,composite_confining,functional,inf,1.1111749003175838e-06,0.0014218303613705758,1.001914215159595e-15,0.9999683963872327,0.1277260919996479
ece3a75f45d7b6b5c13b0338,composite_confining,functional,inf,0.0002136019489901307,0.0004770289324537612,1.6118505580026802e-15,0.9999675973370872,0.11958936000019094
5ce1ca2386707bbd214e7713,composite_confining,functional,inf,5.331129206628288e-06,0.0006880462121607675,1.2391340556074183e-15,0.9999648618106628,0.12018120999982784
8bafaa0cbd753d93e3b31386,composite_confining,functional,inf,1.6638280940232861e-06,0.0011096285812502598,1.1600358960164052e-15,0.9999675845564333,0.11991087799970046
6da0cd01d59c692dcaee1931,composite_confining,functional,inf,5.321405490567982e-07,0.0005773726678765564,1.4281772720887222e-15,0.999967674187244,0.12024623400020573
1831e9f38bbba2a0ca64be2d,procedural_composite,functional,inf,4.742186875648282e-06,0.0035906707081585997,1.453152185132762e-15,0.9999586272898962,0.16640644800008886
5ccdcb824960bb83ef4b75cb,procedural_composite,functional,inf,9.828907895550736e-06,0.012389915565168835,9.938256016262366e-16,0.9999665555424699,0.18243418999963978
490d6e0aa1d663bcca6480f3,procedural_composite,functional,inf,5.353432924917931e-06,0.0015520664226596548,9.98807324989478e-16,0.9999674625494762,0.2212796209996668
bec55d8165dda94fbd1d4826,procedural_composite,functional,inf,1.966915976531642e-06,0.004615893128408158,1.2076491797487501e-15,0.9999651090861442,0.16947529099979874
7d62ca7d87a1df1675f62f1c,procedural_composite,functional,inf,1.8626935602002116e-06,0.003177678192904716,1.2267914293722088e-15,0.9999683995294477,0.16923489300006622
e6fad6254fdbb2ffcc0a2e06,procedural_composite,functional,inf,5.445876016343298e-06,0.0012571624975090743,1.4741708449639221e-15,0.9999664818170239,0.16864551299977393
c99a3c515854257943db265e,procedural_composite,functional,inf,1.4764833529686822e-05,0.0019521038950025018,1.558208215093783e-15,0.9999687484668606,0.16883108399997582
af08b6196278933caedd9700,procedural_composite,functional,inf,2.3621593652618677e-06,0.0011429512976525056,1.3577671753105135e-15,0.9999673028075523,0.2699796540000534
677e32d4f96a54635a462010,procedural_composite,functional,inf,1.2411260795585214e-06,0.0005052021274729275,1.4790833858566625e-15,0.9999661979734091,0.16926002199988943
caefa8dd0963d25e23579034,procedural_composite,functional,inf,2.151845880161107e-06,0.0005291832307353676,1.218094175969372e-15,0.9999685584274294,0.16895208599999023
651dc3209ed2fef224f4ca0c,procedural_composite,functional,inf,7.506871456706076e-07,0.0055866293162453754,1.2827345875820185e-15,0.999967664255124,0.16859418400008508
dbd7bad15e87e674da128359,procedural_composite,functional,inf,1.5309026530801778e-05,0.0008223400106587124,1.2885265046911257e-15,0.999967206962145,0.1697636959997908
34484b23478e6dd3185c16c5,procedural_composite,functional,inf,2.262989146565951e-06,0.004996511643759872,1.587914965261771e-15,0.9999967581016374,0.16817568099986602
1a0777e65fc350d0382ba935,procedural_composite,functional,inf,4.033703860883124e-06,0.0007099929566551734,1.3098634039542652e-15,0.9999681315295058,0.1684732549997534
e970e4892fda812ddd3cc332,procedural_composite,functional,inf,3.311265687455397e-07,0.0008457675874546374,1.3858057317503028e-15,0.999963673389912,0.19546005400025024
6c0aa577675a6cb5be7ddbbc,procedural_composite,functional,inf,8.18219968209181e-07,0.005490638230454916,1.771076408655278e-15,0.9999664820941278,0.1760382299999037
e6488b8d5677468a916acef0,procedural_composite,functional,inf,9.514139626806639e-07,0.0006444832900781881,1.3647151153706139e-15,0.9999672637575209,0.16873542199982694
107faa62586cb56e2a9e13e7,procedural_composite,functional,inf,7.551882096425307e-06,0.0018042633524011599,1.475965380764931e-15,0.9999645436426667,0.16948626499970487
e2292163dad9da9fe3e18151,procedural_composite,functional,inf,1.121122282705416e-06,0.0006774796443113979,1.6698210528396088e-15,0.9999675762476724,0.1685744319997866
d53c8b7a2c4179c8b20e17f9,procedural_composite,functional,inf,1.8805040043865482e-07,0.0008086692135260197,1.0042424018611204e-15,0.9999353286814292,0.16807218799976908
4a8a12165920bed0cbedc642,procedural_composite,functional,inf,1.4027706142611022e-05,0.0020479644793492007,1.8667163535884923e-15,0.9999608121361266,0.16840730000012627
8d482e6271d1ec9dc7bcf36b,procedural_composite,functional,inf,3.6950572487826245e-06,0.001850760506583453,1.4577210898855136e-15,0.9999669699332422,0.16817837000007785
cf55fb00e7beb12a48503c63,procedural_composite,functional,inf,2.7049330633958547e-07,0.002169442068428256,1.5167908344152117e-15,0.9999683208003223,0.18139282200036178
6300e46f5d573ea8b643e26c,procedural_composite,functional,inf,6.504857101204085e-06,0.003774295081632015,1.2260176631205308e-15,0.9999965965377591,0.16886198200018043
bddcc40f72c8874c0a7a6002,procedural_composite,functional,inf,7.741755870844525e-06,0.0003926202066636814,1.1791716821032155e-15,0.9999672897118883,0.16855373699991105
e5746fb21fc497ae046879f5,procedural_composite,functional,inf,4.307780610830446e-07,0.0006234883010539907,1.8974242257954487e-15,0.9999646700917979,0.16853329300010955
06f61ffc0296d5303a3699ac,procedural_composite,functional,inf,3.4948601279541124e-06,0.0033525823829854105,1.816467891470805e-15,0.9999653125509416,0.16788123099968288
d09ac7d8e242675991c10a7a,procedural_composite,functional,inf,1.729777294200638e-05,0.0005133971905754844,1.450813689303385e-15,0.9999680622222656,0.16804266799999823
b86c6d085593aeaf909991c5,procedural_composite,functional,inf,7.152517317592722e-07,0.0036793296149109744,1.7819960766949892e-15,0.99996609232913,0.1681030899999314
8057d7c2f3a3741121f76a6b,procedural_composite,functional,inf,3.170489805294694e-05,0.008089577529871744,1.6695643762852227e-15,0.9999623915600961,0.18014114600009634
0a2cee74966faa9fd2286185,procedural_composite,functional,inf,0.0001172815814147201,0.0005142163994820509,9.78931768314937e-16,0.9999677747401003,0.16825771100002385
5de1a7eeda63bee92d37c1a2,procedural_composite,functional,inf,1.624313861502348e-05,0.005342400361185909,1.214750639926054e-15,0.9999646437536853,0.16903380099984133
80a71395e6ddc51af5335fcd,asymptotically_constant,functional,5.108513709459379,0.00022644777365122133,0.00011300315798837664,1.1140257410488999e-15,0.9999977679478692,0.16073492299983627
420ab18ba97c730c11bc06d5,asymptotically_constant,functional,3.2622113726719792,0.0003838754921093241,0.00016465861042926766,2.0015938122418097e-15,0.9999975797763547,0.15785080100022242
0267db3440c5adca80d4d099,asymptotically_constant,functional,4.583535599773285,0.00030200314712820525,0.00013502263350894368,2.1655287406816e-15,0.9999976875308356,0.1576366809999854
9fcb6beec544b41e9ebab5df,asymptotically_constant,functional,2.370782931299516,0.000436936102475057,0.00017435644328131906,1.909933784996466e-15,0.9999975470473342,0.16600011700029427
97f8dae769f3ffee26df877c,asymptotically_constant,functional,5.672332152912674,0.00022208807061325654,0.00011214792789660528,2.3600498601390566e-15,0.9999977688743297,0.15478580499984673
c54d806684d44c4130b4a1a1,asymptotically_constant,functional,2.7358317903374854,0.00047035712317970794,0.0001930409794976682,1.2091075174133668e-15,0.999997491272159,0.1546231050001552
ff37cfc3da82ae4c8a53803c,asymptotically_constant,functional,4.428943393403017,0.0002811799529258136,0.00013244735726233937,2.140453271447307e-15,0.9999976870674874,0.15538082800003394
b07d8b976af5bc981011248d,asymptotically_constant,functional,4.166735976296565,0.00026578529561856076,0.00012462075861628682,1.3828362926626092e-15,0.999997721505218,0.15490775199987183
0615efe6cbf29894898fe920,asymptotically_constant,functional,5.460253058089679,0.0002263571994308848,0.00010860074871837816,1.523469113364086e-15,0.9999977982435884,0.15589168199994674
f0879bf690d1993fea1bc3d3,asymptotically_constant,functional,2.4247412033923457,0.00044514661355750563,0.00017509905546484925,1.3795969462639622e-15,0.9999975486700062,0.16731655000012324
2a4a84e4f9ce0dc1f52e23b9,asymptotically_constant,functional,3.5134256604466234,0.0003824200831606811,0.0001658624867766367,1.2115402014218641e-15,0.9999975703515408,0.15544758599980923
921ed81fe0c10f6878a7d136,asymptotically_constant,functional,4.041945514879439,0.00029066274454270615,0.00013548810820140916,1.0171105466219438e-15,0.9999976782903652,0.1550141220000114
54a636b8605bd8275f095c11,asymptotically_constant,functional,4.886931125401972,0.00025496482874826564,0.00012147250331944072,1.1986439940079531e-15,0.9999977354447789,0.1553035510000882
5ffbcb6a85fd847b0dfc8851,asymptotically_constant,functional,3.037158102742765,0.000416522760424398,0.00016835394356047218,1.1632479351063965e-15,0.9999975744059404,0.15568351799993252
be33587b21026d84141af539,asymptotically_constant,functional,5.242314301869666,0.0002693221781215622,0.00012663264845434396,1.23313306581894e-15,0.9999977152514604,0.15475247399990621
804fb27e0fb9f7f984ea9f7a,asymptotically_constant,functional,3.6958329131111096,0.000275280456951135,0.0001316942007040711,1.4826940022487377e-15,0.9999976883652645,0.16873487500015472
a41eb1e10e13a7073aa8a90f,asymptotically_constant,functional,6.116030920463654,0.00018832729698867463,9.828017681560148e-05,1.6608882591555816e-15,0.9999978322502161,0.15456551099987337
17f27790f6d6e0d825cd08b0,asymptotically_constant,functional,2.547156151198582,0.00043626907806331046,0.0001796640454319424,1.6713200850864516e-15,0.9999975263473632,0.1548432990002766
918579ec4027c6f95324c517,asymptotically_constant,functional,4.3214496186325775,0.0003293619711008634,0.00014547739100988425,1.7479517865228116e-15,0.9999976490429934,0.15512380500013023
dd012d01b96a0ae2316295f1,asymptotically_constant,functional,3.8965021118355754,0.00031235592380602376,0.00013792199059964582,1.1645625440019045e-15,0.9999976806404424,0.15569814100035728
cea5797aea94b86a98ccaa22,asymptotically_constant,functional,4.191365935735268,0.00026125003441676423,0.00012485026462231164,1.2497364936520563e-15,0.9999977155012945,0.1548955630000819
df9e8551cca882afa328a211,asymptotically_constant,functional,2.8523016297594452,0.0004551176802528185,0.00018267620187528046,1.2273685898624798e-15,0.9999975296341233,0.16976736099968548
a9ce0e93b54faf1f8d91549b,asymptotically_constant,functional,4.842774343808443,0.0002768565923708155,0.0001297495415292902,1.0675812810456592e-15,0.9999977027353835,0.15662072299983265
f4a8e44cf9e585e93a66d3b9,asymptotically_constant,functional,3.2337809824149186,0.00031908643424706284,0.0001412094801353072,1.864735195621895e-15,0.9999976634032361,0.15552733899994564
4c9d3c3525817c53df1af3e0,asymptotically_constant,functional,5.078375752549352,0.00024346243124257643,0.00011692335166266477,1.7047023808763904e-15,0.9999977580703057,0.15580734299965115
a062c23ab51d99406efc5b84,asymptotically_constant,functional,3.934843212103999,0.00030651956471923106,0.00014142697282010678,1.7341454701337995e-15,0.9999976538573004,0.15517845900012617
f63e982c104050b25c400fe1,asymptotically_constant,functional,4.34497614306202,0.0003168065110901329,0.0001400633757052128,8.747897899531079e-16,0.9999976659721271,0.15462136599990117
e8657f8ca85f372a7664efef,asymptotically_constant,functional,3.2464577405227075,0.0003281526149859041,0.0001462765165745064,2.187716362607825e-15,0.9999976380653912,0.1818722169996363
241c5479350fecfe42cf82d3,asymptotically_constant,functional,5.241221055606006,0.00024684773409213535,0.00012017347532434197,9.992007221626409e-16,0.9999977382800173,0.15588888899992526
aa4edf42ea48b56e2c427c5e,asymptotically_constant,functional,2.2419705768141363,0.000502439779785464,0.00020379163329105728,1.3133443551616133e-15,0.9999974555178522,0.15659891299992523
2ed3a5e6d3232d8fa22b04da,asymptotically_constant,functional,3.841408421971499,0.0003231418809547515,0.00014329924317246797,1.3413523976093033e-15,0.9999976517793575,0.15736431999994238
b3f324ef18f2500bc7c051ba,asymptotically_constant,functional,3.8253042699924524,0.00027588199991154463,0.00012655946128236256,1.6904049256533432e-15,0.9999977190151768,0.15598850900005345
