category,group_id,family,geometry,state,target_state_valid,binding_margin,phase_crossing_count,exact_node_count_compliance,persistent_node_count_compliance,node_position_mae,node_position_mae_normalized,worst_node_position_error,lobe_probability_mass_mae,minimum_predicted_lobe_probability_mass,minimum_predicted_nodal_spacing,minimum_grid_intervals_per_lobe,maximum_phase_increment,p95_phase_increment,phase_density_max_min_ratio,phase_density_smoothness,amplitude_dynamic_range,topology_proposals_attempted,topology_proposals_rejected,topology_rejection_fraction,hybrid_fallback,initial_ritz_topology_valid,hybrid_topology_valid,potential_class,near_continuum_margin_role,distribution_role
ID_test,47a2ae7d5b9440b95e611321,infinite_box,finite_interval,0,1.0,inf,0,1.0,1.0,0.0,0.0,0.0,0.0,1.0,11.398253858089447,128,0.024982990697026253,0.02494185045361519,1.0487580299377441,0.07793983680915062,1.130302906036377,8,0,0.0,0.0,1.0,1.0,other,well_bound,untouched_id
ID_test,47a2ae7d5b9440b95e611321,infinite_box,finite_interval,1,1.0,inf,1,1.0,1.0,0.01363256573336269,0.0011960222945629107,0.01363256573336269,0.002230172575874323,0.49777219277133644,5.685494363307953,64,0.04988358914852142,0.049765076488256454,1.0481181144714355,0.06371225705499484,1.1263757944107056,8,0,0.0,0.0,1.0,1.0,other,well_bound,untouched_id
ID_test,47a2ae7d5b9440b95e611321,infinite_box,finite_interval,2,1.0,inf,2,1.0,1.0,0.006452193563260877,0.0005660685964352071,0.011278649871156787,0.004262618343875239,0.32773560987225486,3.7865254878997803,42,0.07454562187194824,0.07445035129785538,1.0408155918121338,0.03277433781308048,1.10142982006073,8,0,0.0,0.0,1.0,1.0,other,well_bound,untouched_id
ID_test,47a2ae7d5b9440b95e611321,infinite_box,finite_interval,3,1.0,inf,3,1.0,1.0,0.014425784350622509,0.0012656135343383666,0.023087874055303992,0.003187703816212223,0.24440355232505767,2.8339428901672363,32,0.09942038357257843,0.09918083250522614,1.0425314903259277,0.03413866999290249,1.106537103652954,8,0,0.0,0.0,1.0,1.0,other,well_bound,untouched_id
ID_test,47a2ae7d5b9440b95e611321,infinite_box,finite_interval,4,1.0,inf,4,1.0,1.0,0.008392125369093839,0.0007362641219942535,0.01770750582555669,0.0024069245234191626,0.19399364319187462,2.2725796699523926,25,0.12449269741773605,0.12411098182201385,1.0447471141815186,0.049979219347079606,1.1191275119781494,8,0,0.0,0.0,1.0,1.0,other,well_bound,untouched_id
ID_test,47a2ae7d5b9440b95e611321,infinite_box,finite_interval,5,1.0,inf,5,1.0,1.0,0.0164612591267864,0.0014441913061186728,0.02493265271214451,0.0038165690478959846,0.16046483151727078,1.8873248100280762,21,0.14930135011672974,0.14919333159923553,1.0414299964904785,0.04262772969939199,1.1021820306777954,8,0,0.0,0.0,1.0,1.0,other,well_bound,untouched_id
ID_test,47a2ae7d5b9440b95e611321,infinite_box,finite_interval,6,1.0,inf,6,1.0,1.0,0.015451343079128469,0.0013555886078254439,0.026427396149935944,0.0033495409627085004,0.13783232825080058,1.612884521484375,18,0.17508018016815186,0.1744549721479416,1.0609712600708008,0.07339091456820768,1.1695996522903442,8,0,0.0,0.0,1.0,1.0,other,well_bound,untouched_id
ID_test,47a2ae7d5b9440b95e611321,infinite_box,finite_interval,7,1.0,inf,7,1.0,1.0,0.009603672793832198,0.0008425564927224693,0.022908583283118844,0.004219364588550677,0.12013390351235509,1.4047729969024658,16,0.20016877353191376,0.19962525367736816,1.0516839027404785,0.07028038594569352,1.135776400566101,8,0,0.0,0.0,1.0,1.0,other,well_bound,untouched_id
ID_test,47a2ae7d5b9440b95e611321,infinite_box,finite_interval,8,1.0,inf,8,1.0,1.0,0.017484991334765693,0.0015340061339620395,0.03370237003768395,0.005287836072670804,0.10420712756787631,1.2467761039733887,14,0.22617407143115997,0.22575317323207855,1.0730810165405273,0.12500083573274878,1.208112120628357,8,0,0.0,0.0,1.0,1.0,other,well_bound,untouched_id
ID_test,47a2ae7d5b9440b95e611321,infinite_box,finite_interval,9,1.0,inf,9,1.0,1.0,0.027262913952858084,0.0023918500405664626,0.047316758253650004,0.00663597191602866,0.0870286926174641,1.1059379577636719,12,0.2579791843891144,0.2562144100666046,1.1041427850723267,0.38170388499104746,1.330199956893921,8,0,0.0,0.0,1.0,1.0,other,well_bound,untouched_id
ID_test,47a2ae7d5b9440b95e611321,infinite_box,finite_interval,10,1.0,inf,10,1.0,1.0,0.01787787353984427,0.0015684747648567394,0.0320535343190933,0.004711620841434717,0.07775315205702116,1.0129530429840088,11,0.2775740623474121,0.27637818455696106,1.0817532539367676,0.1190863072443911,1.2536592483520508,8,0,0.0,0.0,1.0,1.0,other,well_bound,untouched_id
ID_test,39c85510bcf678ea336cf4ff,infinite_box,finite_interval,0,1.0,inf,0,1.0,1.0,0.0,0.0,0.0,0.0,1.0,10.646454006433487,128,0.024983176961541176,0.02494197152554989,1.0487580299377441,0.0779397124940715,1.130301833152771,8,0,0.0,0.0,1.0,1.0,other,well_bound,untouched_id
ID_test,39c85510bcf678ea336cf4ff,infinite_box,finite_interval,1,1.0,inf,1,1.0,1.0,0.012733384971299166,0.0011960212258095117,0.012733384971299166,0.002230154144508667,0.49777221119663717,5.310493618249893,64,0.04988396167755127,0.049765076488256454,1.0481178760528564,0.06371188986728527,1.1263757944107056,8,0,0.0,0.0,1.0,1.0,other,well_bound,untouched_id
ID_test,39c85510bcf678ea336cf4ff,infinite_box,finite_interval,2,1.0,inf,2,1.0,1.0,0.006026893768457331,0.0005660940032066426,0.010534956966481879,0.0042626008114236376,0.3277356558701899,3.5367753505706787,42,0.07454562187194824,0.07445026189088821,1.0408157110214233,0.032774378588797504,1.10142982006073,8,0,0.0,0.0,1.0,1.0,other,well_bound,untouched_id
ID_test,39c85510bcf678ea336cf4ff,infinite_box,finite_interval,3,1.0,inf,3,1.0,1.0,0.013474151492112915,0.0012655999343979408,0.02156516164541422,0.0031877178523902483,0.2444035209106612,2.6470227241516113,32,0.09942038357257843,0.09917972981929779,1.0425316095352173,0.034138545295054,1.106537103652954,8,0,0.0,0.0,1.0,1.0,other,well_bound,untouched_id
ID_test,39c85510bcf678ea336cf4ff,infinite_box,finite_interval,4,1.0,inf,4,1.0,1.0,0.007838651538103814,0.0007362687645451751,0.0165398403654895,0.002406921075078938,0.19399365209162361,2.122685432434082,25,0.12449269741773605,0.12411130219697952,1.0447471141815186,0.04997914425294425,1.1191273927688599,8,0,0.0,0.0,1.0,1.0,other,well_bound,untouched_id
ID_test,39c85510bcf678ea336cf4ff,infinite_box,finite_interval,5,1.0,inf,5,1.0,1.0,0.015375015139816473,0.0014441442315465403,0.02328817546387718,0.0038165561801987804,0.1604648616109648,1.7628417015075684,21,0.149300217628479,0.14919286966323853,1.041430115699768,0.04262770618642442,1.1021820306777954,8,0,0.0,0.0,1.0,1.0,other,well_bound,untouched_id
ID_test,39c85510bcf678ea336cf4ff,infinite_box,finite_interval,6,1.0,inf,6,1.0,1.0,0.014432325243438368,0.0013555992666400604,0.024684336778905358,0.003349569547745568,0.13783233606834147,1.5065021514892578,18,0.17508018016815186,0.17445366084575653,1.0609711408615112,0.0733908934871863,1.1695996522903442,8,0,0.0,0.0,1.0,1.0,other,well_bound,untouched_id
ID_test,39c85510bcf678ea336cf4ff,infinite_box,finite_interval,7,1.0,inf,7,1.0,1.0,0.008970238268546593,0.0008425564289411307,0.021397553384425727,0.004219397765207168,0.12013386968806894,1.312117099761963,16,0.20016877353191376,0.19962525367736816,1.0516839027404785,0.07028023620546264,1.135776400566101,8,0,0.0,0.0,1.0,1.0,other,well_bound,untouched_id
ID_test,39c85510bcf678ea336cf4ff,infinite_box,finite_interval,8,1.0,inf,8,1.0,1.0,0.01633173370610219,0.0015340068811862783,0.031479534277389476,0.005287837205436519,0.10420708025957237,1.1645417213439941,14,0.22617407143115997,0.22575317323207855,1.0730810165405273,0.12500070672643915,1.2081120014190674,8,0,0.0,0.0,1.0,1.0,other,well_bound,untouched_id
ID_test,39c85510bcf678ea336cf4ff,infinite_box,finite_interval,9,1.0,inf,9,1.0,1.0,0.02546500206121875,0.002391876398078707,0.04419598738254926,0.006635966571515356,0.08702870355552081,1.0329933166503906,12,0.25798290967941284,0.2562144100666046,1.1041431427001953,0.381705039795019,1.3302005529403687,8,0,0.0,0.0,1.0,1.0,other,well_bound,untouched_id
ID_test,39c85510bcf678ea336cf4ff,infinite_box,finite_interval,10,1.0,inf,10,1.0,1.0,0.016698580288695298,0.001568464042450623,0.02993864502773924,0.004711614160342406,0.07775326943891225,0.946141242980957,11,0.2775740623474121,0.27637752890586853,1.0817532539367676,0.11908624363839243,1.2536592483520508,8,0,0.0,0.0,1.0,1.0,other,well_bound,untouched_id
ID_test,9a02ff192712ddc7019e4f77,infinite_box,finite_interval,0,1.0,inf,0,1.0,1.0,0.0,0.0,0.0,0.0,1.0,11.727125100791454,128,0.024982990697026253,0.02494185045361519,1.0487580299377441,0.07793995527151765,1.130302906036377,8,0,0.0,0.0,1.0,1.0,other,well_bound,untouched_id
ID_test,9a02ff192712ddc7019e4f77,infinite_box,finite_interval,1,1.0,inf,1,1.0,1.0,0.014026198533818146,0.0011960474893263934,0.014026198533818146,0.0022302295656507765,0.4977721358297706,5.8495363518595695,64,0.04988396167755127,0.049765076488256454,1.0481181144714355,0.06371208184322086,1.1263757944107056,8,0,0.0,0.0,1.0,1.0,other,well_bound,untouched_id
ID_test,9a02ff192712ddc7019e4f77,infinite_box,finite_interval,2,1.0,inf,2,1.0,1.0,0.006638251334704082,0.0005660595651236015,0.011604186238111769,0.004262576880386004,0.327735664521372,3.895777463912964,42,0.07454562187194824,0.07445016503334045,1.0408154726028442,0.03277433294442744,1.10142982006073,8,0,0.0,0.0,1.0,1.0,other,well_bound,untouched_id
ID_test,9a02ff192712ddc7019e4f77,infinite_box,finite_interval,3,1.0,inf,3,1.0,1.0,0.014842225860963657,0.0012656320908491004,0.023754136637731182,0.0031877260477876923,0.24440346201067795,2.9157094955444336,32,0.09942038357257843,0.09917972981929779,1.0425316095352173,0.03413859290911958,1.106537103652954,8,0,0.0,0.0,1.0,1.0,other,well_bound,untouched_id
ID_test,9a02ff192712ddc7019e4f77,infinite_box,finite_interval,4,1.0,inf,4,1.0,1.0,0.008634243161117494,0.0007362625611058567,0.018218700289568623,0.002406931018266778,0.19399362721248298,2.338149070739746,25,0.12449362874031067,0.12411098182201385,1.044746994972229,0.04997924416687738,1.1191270351409912,8,0,0.0,0.0,1.0,1.0,other,well_bound,untouched_id
ID_test,9a02ff192712ddc7019e4f77,infinite_box,finite_interval,5,1.0,inf,5,1.0,1.0,0.016936335712567408,0.001444201845465466,0.02565244212768203,0.0038165569571974034,0.16046486549568945,1.9417791366577148,21,0.149300217628479,0.14919444918632507,1.0414302349090576,0.04262799128631922,1.1021826267242432,8,0,0.0,0.0,1.0,1.0,other,well_bound,untouched_id
ID_test,9a02ff192712ddc7019e4f77,infinite_box,finite_interval,6,1.0,inf,6,1.0,1.0,0.015897228203641183,0.0013555946633986443,0.02718999681017653,0.0033495388567271744,0.13783235182659478,1.6594200134277344,18,0.17508018016815186,0.17445451021194458,1.0609711408615112,0.07339097701431285,1.1695996522903442,8,0,0.0,0.0,1.0,1.0,other,well_bound,untouched_id
ID_test,9a02ff192712ddc7019e4f77,infinite_box,finite_interval,7,1.0,inf,7,1.0,1.0,0.009880919807740434,0.0008425696598967447,0.023569600656659695,0.0042193873168857865,0.12013385869213983,1.4453043937683105,16,0.20016877353191376,0.19962525367736816,1.0516839027404785,0.07028025678954464,1.1357758045196533,8,0,0.0,0.0,1.0,1.0,other,well_bound,untouched_id
ID_test,9a02ff192712ddc7019e4f77,infinite_box,finite_interval,8,1.0,inf,8,1.0,1.0,0.017989394585977286,0.0015339986937432087,0.034675208034643745,0.005287815756638152,0.10420705414761755,1.2827489376068115,14,0.22617407143115997,0.22575367987155914,1.073081135749817,0.1250006637308161,1.208112120628357,8,0,0.0,0.0,1.0,1.0,other,well_bound,untouched_id
ID_test,9a02ff192712ddc7019e4f77,infinite_box,finite_interval,9,1.0,inf,9,1.0,1.0,0.028049648209682365,0.0023918605769618095,0.048682182898667214,0.0066359730917166515,0.08702867956415479,1.1378474235534668,12,0.2579791843891144,0.2562156319618225,1.1041429042816162,0.3817039167629339,1.330199956893921,8,0,0.0,0.0,1.0,1.0,other,well_bound,untouched_id
ID_test,9a02ff192712ddc7019e4f77,infinite_box,finite_interval,10,1.0,inf,10,1.0,1.0,0.018393581186790776,0.0015684646517115613,0.032977530522268594,0.004711611777420541,0.07775330885633558,1.0421788692474365,11,0.27757301926612854,0.27637818455696106,1.0817532539367676,0.11908660405158861,1.2536592483520508,8,0,0.0,0.0,1.0,1.0,other,well_bound,untouched_id
ID_test,b1b1ad3c58e32af37b156f37,infinite_box,finite_interval,0,1.0,inf,0,1.0,1.0,0.0,0.0,0.0,0.0,1.0,10.030337404459715,128,0.024982990697026253,0.02494197152554989,1.0487580299377441,0.07793975773961392,1.1303023099899292,8,0,0.0,0.0,1.0,1.0,other,well_bound,untouched_id
ID_test,b1b1ad3c58e32af37b156f37,infinite_box,finite_interval,1,1.0,inf,1,1.0,1.0,0.011996710672590005,0.0011960425844953129,0.011996710672590005,0.0022301592320253527,0.49777220614770834,5.003171991556883,64,0.04988358914852142,0.049765076488256454,1.048117995262146,0.06371209396405675,1.1263757944107056,8,0,0.0,0.0,1.0,1.0,other,well_bound,untouched_id
ID_test,b1b1ad3c58e32af37b156f37,infinite_box,finite_interval,2,1.0,inf,2,1.0,1.0,0.005677950807545296,0.000566077747795478,0.009924865567608077,0.004262616391523921,0.32773561857682526,3.3321003913879395,42,0.07454562187194824,0.07445016503334045,1.0408157110214233,0.03277434968168791,1.10142982006073,8,0,0.0,0.0,1.0,1.0,other,well_bound,untouched_id
ID_test,b1b1ad3c58e32af37b156f37,infinite_box,finite_interval,3,1.0,inf,3,1.0,1.0,0.012694561855347489,0.0012656166331656202,0.020317059943221416,0.0031877469000655967,0.24440349745386525,2.493837833404541,32,0.09941963106393814,0.09917985647916794,1.0425317287445068,0.0341385483720309,1.106537103652954,8,0,0.0,0.0,1.0,1.0,other,well_bound,untouched_id
ID_test,b1b1ad3c58e32af37b156f37,infinite_box,finite_interval,4,1.0,inf,4,1.0,1.0,0.007385039702833329,0.0007362703172427453,0.01558250216071011,0.002406936588760844,0.19399361314672225,1.999845027923584,25,0.12449269741773605,0.12411098182201385,1.044746994972229,0.04997925074647469,1.1191275119781494,8,0,0.0,0.0,1.0,1.0,other,well_bound,untouched_id
ID_test,b1b1ad3c58e32af37b156f37,infinite_box,finite_interval,5,1.0,inf,5,1.0,1.0,0.014485657588133449,0.0014441844779511403,0.0219411496082067,0.0038165585069094843,0.16046488063516043,1.6608242988586426,21,0.14929798245429993,0.14919333159923553,1.0414299964904785,0.04262776167189308,1.1021820306777954,8,0,0.0,0.0,1.0,1.0,other,well_bound,untouched_id
ID_test,b1b1ad3c58e32af37b156f37,infinite_box,finite_interval,6,1.0,inf,6,1.0,1.0,0.013597058340000875,0.001355593315729869,0.023255436996649337,0.003349553708527821,0.1378323061755056,1.4193196296691895,18,0.1750788688659668,0.17445388436317444,1.0609710216522217,0.07339080629333239,1.1695996522903442,8,0,0.0,0.0,1.0,1.0,other,well_bound,untouched_id
ID_test,b1b1ad3c58e32af37b156f37,infinite_box,finite_interval,7,1.0,inf,7,1.0,1.0,0.008451323025268425,0.0008425761451963496,0.020159226842852984,0.004219396398292219,0.12013384158045004,1.2361843585968018,16,0.20016877353191376,0.19962576031684875,1.0516839027404785,0.07028033680887802,1.135776400566101,8,0,0.0,0.0,1.0,1.0,other,well_bound,untouched_id
ID_test,b1b1ad3c58e32af37b156f37,infinite_box,finite_interval,8,1.0,inf,8,1.0,1.0,0.015386489818944277,0.0015339952384954762,0.029657969458876998,0.0052878122842788195,0.10420716436032651,1.0971488952636719,14,0.22617407143115997,0.22575367987155914,1.073081135749817,0.12500073609953688,1.2081120014190674,8,0,0.0,0.0,1.0,1.0,other,well_bound,untouched_id
ID_test,b1b1ad3c58e32af37b156f37,infinite_box,finite_interval,9,1.0,inf,9,1.0,1.0,0.02399131946808191,0.0023918756170071436,0.04163831015467956,0.006635962819161701,0.08702871299192007,0.973212718963623,12,0.25798290967941284,0.2562144100666046,1.1041427850723267,0.38170347900939916,1.330199956893921,8,0,0.0,0.0,1.0,1.0,other,well_bound,untouched_id
ID_test,b1b1ad3c58e32af37b156f37,infinite_box,finite_interval,10,1.0,inf,10,1.0,1.0,0.015732290861252395,0.0015684707529636504,0.028206212313685697,0.004711626429784485,0.07775322738385049,0.8913874626159668,11,0.2775740623474121,0.27637818455696106,1.0817532539367676,0.11908629608460335,1.2536592483520508,8,0,0.0,0.0,1.0,1.0,other,well_bound,untouched_id
ID_test,ae3bcfcee4af1448db12787f,infinite_box,finite_interval,0,1.0,inf,0,1.0,1.0,0.0,0.0,0.0,0.0,1.0,9.734485801309347,128,0.024982616305351257,0.02494185045361519,1.0487580299377441,0.07793977631206417,1.130302906036377,8,0,0.0,0.0,1.0,1.0,other,well_bound,untouched_id
ID_test,ae3bcfcee4af1448db12787f,infinite_box,finite_interval,1,1.0,inf,1,1.0,1.0,0.011642845337421548,0.00119604112380086,0.011642845337421548,0.002230204156187243,0.4977721612273831,4.85560005530715,64,0.04988396167755127,0.049765076488256454,1.0481181144714355,0.06371230692688101,1.1263757944107056,8,0,0.0,0.0,1.0,1.0,other,well_bound,untouched_id
ID_test,ae3bcfcee4af1448db12787f,infinite_box,finite_interval,2,1.0,inf,2,1.0,1.0,0.0055104833582588775,0.0005660785244062592,0.009632772253990396,0.004262604571275956,0.3277356323095672,3.2338178157806396,42,0.07454506307840347,0.07445026189088821,1.0408155918121338,0.03277416821728707,1.10142982006073,8,0,0.0,0.0,1.0,1.0,other,well_bound,untouched_id
ID_test,ae3bcfcee4af1448db12787f,infinite_box,finite_interval,3,1.0,inf,3,1.0,1.0,0.012320033583565296,0.0012656070217810763,0.019717887972815706,0.0031877028250387185,0.2444035192221737,2.4202804565429688,32,0.09942113608121872,0.09918083250522614,1.0425314903259277,0.034138533154800754,1.106537103652954,8,0,0.0,0.0,1.0,1.0,other,well_bound,untouched_id
ID_test,ae3bcfcee4af1448db12787f,infinite_box,finite_interval,4,1.0,inf,4,1.0,1.0,0.007166923953768334,0.0007362406294541351,0.015122984718343835,0.0024069241084191174,0.1939936444431394,1.9408578872680664,25,0.12449269741773605,0.12411130219697952,1.0447471141815186,0.04997929319466721,1.1191275119781494,8,0,0.0,0.0,1.0,1.0,other,well_bound,untouched_id
ID_test,ae3bcfcee4af1448db12787f,infinite_box,finite_interval,5,1.0,inf,5,1.0,1.0,0.014058025553115926,0.0014441467007147966,0.02129355259146326,0.003816564255233912,0.16046486675810387,1.6118369102478027,21,0.149300217628479,0.1491936594247818,1.0414299964904785,0.04262796020445769,1.1021820306777954,8,0,0.0,0.0,1.0,1.0,other,well_bound,untouched_id
ID_test,ae3bcfcee4af1448db12787f,infinite_box,finite_interval,6,1.0,inf,6,1.0,1.0,0.013196248462836513,0.0013556184406845135,0.022569930406497907,0.0033495786675477195,0.13783233489151575,1.377455711364746,18,0.17508018016815186,0.17445342242717743,1.0609713792800903,0.07339088192256327,1.1695996522903442,8,0,0.0,0.0,1.0,1.0,other,well_bound,untouched_id
ID_test,ae3bcfcee4af1448db12787f,infinite_box,finite_interval,7,1.0,inf,7,1.0,1.0,0.008201950495615895,0.0008425663833741154,0.019564584828722253,0.004219408249493739,0.12013385981961439,1.1997225284576416,16,0.20017026364803314,0.19962525367736816,1.051683783531189,0.07028031312731287,1.1357758045196533,8,0,0.0,0.0,1.0,1.0,other,well_bound,untouched_id
ID_test,ae3bcfcee4af1448db12787f,infinite_box,finite_interval,8,1.0,inf,8,1.0,1.0,0.014932682939936576,0.0015339981222149443,0.028782936404599724,0.005287867861439465,0.10420701645645425,1.0647881031036377,14,0.22617322206497192,0.2257530838251114,1.073081135749817,0.12500076615503986,1.2081120014190674,8,0,0.0,0.0,1.0,1.0,other,well_bound,untouched_id
ID_test,ae3bcfcee4af1448db12787f,infinite_box,finite_interval,9,1.0,inf,9,1.0,1.0,0.023283745357077754,0.002391882409849111,0.04041012897662699,0.006635989514884444,0.08702867857793392,0.9445080757141113,12,0.25797542929649353,0.2562144100666046,1.1041429042816162,0.3817037532484946,1.330199956893921,8,0,0.0,0.0,1.0,1.0,other,well_bound,untouched_id
ID_test,ae3bcfcee4af1448db12787f,infinite_box,finite_interval,10,1.0,inf,10,1.0,1.0,0.01526824371235368,0.0015684694624856312,0.027374921999877344,0.004711629885856242,0.07775324624687552,0.8650953769683838,11,0.2775750756263733,0.27637818455696106,1.0817534923553467,0.11908655058595134,1.2536592483520508,8,0,0.0,0.0,1.0,1.0,other,well_bound,untouched_id
ID_test,e51b0c876b7609a9f8ab12c8,harmonic,truncated_line,0,1.0,inf,0,1.0,1.0,0.0,0.0,0.0,0.0,1.0,13.433314658073998,128,0.05139116570353508,0.05122113600373268,46.48294448852539,88.94817762760303,28363.548828125,4,4,1.0,1.0,1.0,1.0,other,well_bound,untouched_id
ID_test,e51b0c876b7609a9f8ab12c8,harmonic,truncated_line,1,1.0,inf,1,1.0,1.0,0.024853802844868378,0.0018501615928374147,0.024853802844868378,0.008386335916600762,0.4916469627322014,6.691803526192118,64,0.09169936180114746,0.09160321205854416,46.2943229675293,98.93524129813608,28580.2265625,4,4,1.0,1.0,0.0,1.0,other,well_bound,untouched_id
ID_test,e51b0c876b7609a9f8ab12c8,harmonic,truncated_line,2,1.0,inf,2,1.0,1.0,0.38878188926091184,0.028941620080881324,0.39181610058379657,0.19565344719241817,0.23044561406567707,2.229435920715332,26,0.12381398677825928,0.12341631948947906,43.26368713378906,96.54430626691622,27237.521484375,4,4,1.0,1.0,0.0,1.0,other,well_bound,untouched_id
ID_test,e51b0c876b7609a9f8ab12c8,harmonic,truncated_line,3,1.0,inf,3,1.0,1.0,0.41220688092838825,0.030685418410908303,0.6346863881593237,0.16295696886308222,0.11500983935420665,1.8578696250915527,21,0.1518670916557312,0.15120653808116913,38.84891128540039,100.56017738579669,24216.341796875,4,4,1.0,1.0,0.0,1.0,other,well_bound,untouched_id
ID_test,e51b0c876b7609a9f8ab12c8,harmonic,truncated_line,4,1.0,inf,4,1.0,1.0,0.4950940470466454,0.03685568749400749,0.7427996728542638,0.11710303287766596,0.06563279459342947,1.5950961112976074,18,0.1783430576324463,0.1772826910018921,32.4893798828125,98.49939311227836,19357.703125,4,4,1.0,1.0,0.0,1.0,other,well_bound,untouched_id
ID_test,e51b0c876b7609a9f8ab12c8,harmonic,truncated_line,5,1.0,inf,5,1.0,1.0,0.5100846639704625,0.03797161586354115,0.839127177892526,0.08728461142735962,0.03849071122327019,1.4241642951965332,15,0.2046392560005188,0.20320378243923187,21.09537696838379,79.19618992829679,10167.3369140625,4,4,1.0,1.0,1.0,1.0,other,well_bound,untouched_id
ID_test,e51b0c876b7609a9f8ab12c8,harmonic,truncated_line,6,1.0,inf,6,1.0,1.0,0.5593946408616959,0.04164233884936773,0.9193511013639597,0.0768722847029364,0.020932363371925028,1.2857704162597656,14,0.22529594600200653,0.22427308559417725,14.48510456085205,61.76553305848351,4959.18115234375,4,4,1.0,1.0,1.0,1.0,other,well_bound,untouched_id
ID_test,e51b0c876b7609a9f8ab12c8,harmonic,truncated_line,7,1.0,inf,7,1.0,1.0,0.520829577675349,0.03877148648210277,0.9044044841483361,0.07998978127715706,0.010347327742027623,1.1569738388061523,13,0.2515398859977722,0.25029870867729187,10.439068794250488,45.285998308117556,2229.69482421875,4,4,1.0,1.0,0.0,1.0,other,well_bound,untouched_id
ID_test,e51b0c876b7609a9f8ab12c8,harmonic,truncated_line,8,1.0,inf,8,1.0,1.0,0.5614554164371981,0.04179574667371759,0.9893666571185378,0.07702827260238582,0.006034370783733101,1.0681166648864746,12,0.268881618976593,0.2683864235877991,6.900001049041748,31.91181196670861,743.4188842773438,4,4,1.0,1.0,0.0,1.0,other,well_bound,untouched_id
ID_test,e51b0c876b7609a9f8ab12c8,harmonic,truncated_line,9,1.0,inf,9,1.0,1.0,0.4887485150077622,0.03638331472523078,1.0391986736510965,0.09790859729231996,0.003301842162772805,0.903618335723877,10,0.30231237411499023,0.3019814193248749,6.348368167877197,27.685220047466238,570.28369140625,4,4,1.0,1.0,1.0,1.0,other,well_bound,untouched_id
ID_test,e51b0c876b7609a9f8ab12c8,harmonic,truncated_line,10,1.0,inf,10,1.0,1.0,0.5014580639316943,0.0373294363078361,1.0552788227099286,0.08997368963279581,0.002639073474650925,0.8499159812927246,10,0.3206988275051117,0.3199920654296875,4.603288173675537,18.265233010268425,207.05563354492188,4,4,1.0,1.0,1.0,1.0,other,well_bound,untouched_id
ID_test,cb8ea27b9993d3a3fd58eabf,harmonic,truncated_line,0,1.0,inf,0,1.0,1.0,0.0,0.0,0.0,0.0,1.0,14.09199868274821,128,0.05139116570353508,0.05122145265340805,46.48296356201172,88.9481762155954,28363.544921875,4,4,1.0,1.0,1.0,1.0,other,well_bound,untouched_id
ID_test,cb8ea27b9993d3a3fd58eabf,harmonic,truncated_line,1,1.0,inf,1,1.0,1.0,0.026072398200521818,0.0018501561621943894,0.026072398200521818,0.008386348272623273,0.4916469495538474,7.019926943173475,64,0.09169992059469223,0.09160339087247849,46.29433059692383,98.93520987894023,28580.2109375,4,4,1.0,1.0,0.0,1.0,other,well_bound,untouched_id
ID_test,cb8ea27b9993d3a3fd58eabf,harmonic,truncated_line,2,1.0,inf,2,1.0,1.0,0.40784550674477704,0.02894163673489922,0.4110287676772788,0.19565346440669273,0.23044566386627457,2.3387537002563477,26,0.12381371110677719,0.12341539561748505,43.26368713378906,96.54435006641336,27237.521484375,4,4,1.0,1.0,0.0,1.0,other,well_bound,untouched_id
ID_test,cb8ea27b9993d3a3fd58eabf,harmonic,truncated_line,3,1.0,inf,3,1.0,1.0,0.4324197225683933,0.030685478497650777,0.6658099746948218,0.16295690652692313,0.11500986170152025,1.9489693641662598,21,0.1518670916557312,0.15120653808116913,38.84891128540039,100.56019221914232,24216.34765625,4,4,1.0,1.0,0.0,1.0,other,well_bound,untouched_id
ID_test,cb8ea27b9993d3a3fd58eabf,harmonic,truncated_line,4,1.0,inf,4,1.0,1.0,0.5193705086112632,0.03685570232468798,0.779221842352432,0.1171030316418985,0.06563282378769944,1.6733107566833496,18,0.1783430576324463,0.17728114128112793,32.489376068115234,98.49938181164113,19357.705078125,4,4,1.0,1.0,0.0,1.0,other,well_bound,untouched_id
ID_test,cb8ea27b9993d3a3fd58eabf,harmonic,truncated_line,5,1.0,inf,5,1.0,1.0,0.535096369580135,0.03797164487640875,0.8802745705656831,0.0872846076474435,0.0384906958289879,1.4939961433410645,15,0.2046392560005188,0.20320485532283783,21.095382690429688,79.19623036610747,10167.3408203125,4,4,1.0,1.0,1.0,1.0,other,well_bound,untouched_id
ID_test,cb8ea27b9993d3a3fd58eabf,harmonic,truncated_line,6,1.0,inf,6,1.0,1.0,0.5868241810127005,0.04164236700725114,0.9644329070013904,0.0768722627438244,0.020932364970643866,1.3488163948059082,14,0.22529594600200653,0.22427433729171753,14.485095977783203,61.76555963351812,4959.173828125,4,4,1.0,1.0,1.0,1.0,other,well_bound,untouched_id
ID_test,cb8ea27b9993d3a3fd58eabf,harmonic,truncated_line,7,1.0,inf,7,1.0,1.0,0.54636790188603,0.03877149822295312,0.9487499669062145,0.07998978600579135,0.01034726682815501,1.213705062866211,13,0.2515398859977722,0.250297486782074,10.439064025878906,45.28602244786947,2229.69287109375,4,4,1.0,1.0,0.0,1.0,other,well_bound,untouched_id
ID_test,cb8ea27b9993d3a3fd58eabf,harmonic,truncated_line,8,1.0,inf,8,1.0,1.0,0.5889855838375981,0.041795745025058055,1.037878444231164,0.07702828742836382,0.006034374314961455,1.1204900741577148,12,0.26887908577919006,0.26838362216949463,6.900000095367432,31.911831894247786,743.4183959960938,4,4,1.0,1.0,0.0,1.0,other,well_bound,untouched_id
ID_test,cb8ea27b9993d3a3fd58eabf,harmonic,truncated_line,9,1.0,inf,9,1.0,1.0,0.5127140403947139,0.03638334433158809,1.090155708669081,0.09790860435529897,0.003301842744206379,0.9479260444641113,10,0.30231425166130066,0.3019804358482361,6.34836483001709,27.68526133202036,570.28271484375,4,4,1.0,1.0,1.0,1.0,other,well_bound,untouched_id
ID_test,cb8ea27b9993d3a3fd58eabf,harmonic,truncated_line,10,1.0,inf,10,1.0,1.0,0.5260462766984304,0.03732942988012267,1.1070233114371177,0.08997370464671177,0.0026390747605664604,0.8915905952453613,10,0.32069677114486694,0.3199900984764099,4.603287220001221,18.265262285978658,207.05532836914062,4,4,1.0,1.0,1.0,1.0,other,well_bound,untouched_id
ID_test,89353850f2d74cfec07a9bdb,harmonic,truncated_line,0,1.0,inf,0,1.0,1.0,0.0,0.0,0.0,0.0,1.0,12.970883487671482,128,0.051391541957855225,0.051221515983343124,46.482940673828125,88.94819476042301,28363.548828125,4,4,1.0,1.0,1.0,1.0,other,well_bound,untouched_id
ID_test,89353850f2d74cfec07a9bdb,harmonic,truncated_line,1,1.0,inf,1,1.0,1.0,0.02399757727979912,0.0018501112358775137,0.02399757727979912,0.008386297306778645,0.49164699972752884,6.4614441665559355,64,0.09169992059469223,0.09160295873880386,46.29432678222656,98.93515890549935,28580.2265625,4,4,1.0,1.0,0.0,1.0,other,well_bound,untouched_id
ID_test,89353850f2d74cfec07a9bdb,harmonic,truncated_line,2,1.0,inf,2,1.0,1.0,0.37539842911133015,0.028941623711918888,0.37832814864868736,0.19565342916258666,0.23044570380032117,2.1526894569396973,26,0.12381483614444733,0.12341557443141937,43.26371765136719,96.54431423329274,27237.53515625,4,4,1.0,1.0,0.0,1.0,other,well_bound,untouched_id
ID_test,89353850f2d74cfec07a9bdb,harmonic,truncated_line,3,1.0,inf,3,1.0,1.0,0.3980173587297367,0.030685447071361237,0.6128390471628424,0.16295688300610514,0.11500987325696384,1.793914794921875,21,0.1518678516149521,0.15120676159858704,38.848907470703125,100.56012988790161,24216.34765625,4,4,1.0,1.0,0.0,1.0,other,well_bound,untouched_id
ID_test,89353850f2d74cfec07a9bdb,harmonic,truncated_line,4,1.0,inf,4,1.0,1.0,0.47805107010708725,0.03685570613300655,0.7172295588119884,0.11710311485254934,0.06563279053303386,1.5401873588562012,18,0.17834119498729706,0.17728179693222046,32.48938751220703,98.4993202557905,19357.697265625,4,4,1.0,1.0,0.0,1.0,other,well_bound,untouched_id
ID_test,89353850f2d74cfec07a9bdb,harmonic,truncated_line,5,1.0,inf,5,1.0,1.0,0.49252568871800956,0.037971637721219496,0.8102418225628214,0.08728461087406447,0.03849069431822094,1.375138759613037,15,0.2046426236629486,0.20320305228233337,21.095373153686523,79.19616186368134,10167.3369140625,4,4,1.0,1.0,1.0,1.0,other,well_bound,untouched_id
ID_test,89353850f2d74cfec07a9bdb,harmonic,truncated_line,6,1.0,inf,6,1.0,1.0,0.540138164143356,0.04164235725783402,0.8877046027808158,0.07687225860068718,0.0209323701253338,1.2415099143981934,14,0.2252972573041916,0.22427472472190857,14.48510456085205,61.76555523002594,4959.17919921875,4,4,1.0,1.0,1.0,1.0,other,well_bound,untouched_id
ID_test,89353850f2d74cfec07a9bdb,harmonic,truncated_line,7,1.0,inf,7,1.0,1.0,0.5029005583275917,0.0387714960824054,0.8732708071648374,0.07998978672454549,0.010347305543089269,1.1171469688415527,13,0.251541405916214,0.250297486782074,10.439059257507324,45.285983171494124,2229.6904296875,4,4,1.0,1.0,0.0,1.0,other,well_bound,untouched_id
ID_test,89353850f2d74cfec07a9bdb,harmonic,truncated_line,8,1.0,inf,8,1.0,1.0,0.5421277332617624,0.0417957445826294,0.9553084831244467,0.07702828126179338,0.006034367914031025,1.0313477516174316,12,0.2688799500465393,0.26838362216949463,6.899998188018799,31.911818685051294,743.4185180664062,4,4,1.0,1.0,0.0,1.0,other,well_bound,untouched_id
ID_test,89353850f2d74cfec07a9bdb,harmonic,truncated_line,9,1.0,inf,9,1.0,1.0,0.4719239169868895,0.03638332866342081,1.0034255878225915,0.09790858668010091,0.0033018424240236315,0.8725118637084961,10,0.30231332778930664,0.30197954177856445,6.3483662605285645,27.685212465153114,570.2830810546875,4,4,1.0,1.0,1.0,1.0,other,well_bound,untouched_id
ID_test,89353850f2d74cfec07a9bdb,harmonic,truncated_line,10,1.0,inf,10,1.0,1.0,0.4841956208642788,0.03732942488647711,1.0189520247783426,0.08997373414986365,0.0026390723907902696,0.8206577301025391,10,0.3206988275051117,0.31999075412750244,4.603288173675537,18.265246809460283,207.05563354492188,4,4,1.0,1.0,1.0,1.0,other,well_bound,untouched_id
ID_test,4f045668602396b3f9b8f9bc,harmonic,truncated_line,0,1.0,inf,0,1.0,1.0,0.0,0.0,0.0,0.0,1.0,15.080816317724972,128,0.0513913556933403,0.051221515983343124,46.48294448852539,88.94811741713964,28363.548828125,4,4,1.0,1.0,1.0,1.0,other,well_bound,untouched_id
ID_test,4f045668602396b3f9b8f9bc,harmonic,truncated_line,1,1.0,inf,1,1.0,1.0,0.02790211550945304,0.0018501727573366688,0.02790211550945304,0.008386228302192877,0.49164706950920756,7.512506043353573,64,0.09169973433017731,0.09160302579402924,46.2943229675293,98.93515480379413,28580.2265625,4,4,1.0,1.0,0.0,1.0,other,well_bound,untouched_id
ID_test,4f045668602396b3f9b8f9bc,harmonic,truncated_line,2,1.0,inf,2,1.0,1.0,0.4364637201409571,0.028941650832784636,0.4398709492516002,0.19565348444688158,0.230445689502624,2.502861499786377,26,0.12381426990032196,0.12341568619012833,43.26371383666992,96.54427561074048,27237.5234375,4,4,1.0,1.0,0.0,1.0,other,well_bound,untouched_id
ID_test,4f045668602396b3f9b8f9bc,harmonic,truncated_line,3,1.0,inf,3,1.0,1.0,0.46276204074094274,0.030685476899353487,0.7125287044369355,0.1629569248923952,0.11500981630230182,2.0857253074645996,21,0.1518670916557312,0.15120556950569153,38.84891128540039,100.56019623020691,24216.35546875,4,4,1.0,1.0,0.0,1.0,other,well_bound,untouched_id
ID_test,4f045668602396b3f9b8f9bc,harmonic,truncated_line,4,1.0,inf,4,1.0,1.0,0.5558139883805988,0.03685569644710364,0.833898914616543,0.1171030480190077,0.06563280298511169,1.790724754333496,18,0.17834025621414185,0.17728209495544434,32.4893798828125,98.49935211835378,19357.697265625,4,4,1.0,1.0,0.0,1.0,other,well_bound,untouched_id
ID_test,4f045668602396b3f9b8f9bc,harmonic,truncated_line,5,1.0,inf,5,1.0,1.0,0.5726436766005424,0.03797166310735419,0.9420428715748494,0.08728461905997421,0.038490582601101275,1.5988283157348633,15,0.20463700592517853,0.20320378243923187,21.095367431640625,79.196199965836,10167.328125,4,4,1.0,1.0,1.0,1.0,other,well_bound,untouched_id
ID_test,4f045668602396b3f9b8f9bc,harmonic,truncated_line,6,1.0,inf,6,1.0,1.0,0.6280006101636678,0.04164234859259962,1.0321038218277683,0.07687230618397402,0.020932360919469067,1.4434614181518555,14,0.2252933233976364,0.2242739349603653,14.485103607177734,61.76557245658675,4959.1787109375,4,4,1.0,1.0,1.0,1.0,other,well_bound,untouched_id
ID_test,4f045668602396b3f9b8f9bc,harmonic,truncated_line,7,1.0,inf,7,1.0,1.0,0.5847056554566112,0.03877148578286095,1.0153226338243377,0.07998979555089258,0.010347283864374224,1.2988691329956055,13,0.2515398859977722,0.2502967119216919,10.439062118530273,45.286005954621956,2229.691650390625,4,4,1.0,1.0,0.0,1.0,other,well_bound,untouched_id
ID_test,4f045668602396b3f9b8f9bc,harmonic,truncated_line,8,1.0,inf,8,1.0,1.0,0.6303141984350509,0.04179576126089555,1.1107052868798633,0.07702829060040468,0.006034375952268096,1.1991138458251953,12,0.2688782513141632,0.26838749647140503,6.900000095367432,31.911850513611135,743.41943359375,4,4,1.0,1.0,0.0,1.0,other,well_bound,untouched_id
ID_test,4f045668602396b3f9b8f9bc,harmonic,truncated_line,9,1.0,inf,9,1.0,1.0,0.5486901439324119,0.03638331854009246,1.1666506590703953,0.09790861616034952,0.0033018452337379165,1.0144405364990234,10,0.30231332778930664,0.30197978019714355,6.348369598388672,27.685244949820877,570.2842407226562,4,4,1.0,1.0,1.0,1.0,other,well_bound,untouched_id
ID_test,4f045668602396b3f9b8f9bc,harmonic,truncated_line,10,1.0,inf,10,1.0,1.0,0.562958103681831,0.03732941850237696,1.1846998609758868,0.08997373960281718,0.002639070110171637,0.9541521072387695,10,0.32069677114486694,0.3199893832206726,4.603288173675537,18.265245981085172,207.05563354492188,4,4,1.0,1.0,1.0,1.0,other,well_bound,untouched_id
ID_test,72a8162789185ce1f1bff674,harmonic,truncated_line,0,1.0,inf,0,1.0,1.0,0.0,0.0,0.0,0.0,1.0,12.862279628599442,128,0.05139182135462761,0.05122145265340805,46.48295593261719,88.94817129667604,28363.548828125,4,4,1.0,1.0,1.0,1.0,other,well_bound,untouched_id
ID_test,72a8162789185ce1f1bff674,harmonic,truncated_line,1,1.0,inf,1,1.0,1.0,0.023797630145883486,0.0018501875898397633,0.023797630145883486,0.00838619999805415,0.4916470979934313,6.407342184153576,64,0.09169973433017731,0.09160289168357849,46.2943229675293,98.93519029675949,28580.2265625,4,4,1.0,1.0,0.0,1.0,other,well_bound,untouched_id
ID_test,72a8162789185ce1f1bff674,harmonic,truncated_line,2,1.0,inf,2,1.0,1.0,0.37225539573870137,0.028941634491524097,0.37516088263537317,0.19565349789001543,0.23044563299868195,2.1346654891967773,26,0.12381371110677719,0.12341511994600296,43.263702392578125,96.54436077079541,27237.521484375,4,4,1.0,1.0,0.0,1.0,other,well_bound,untouched_id
ID_test,72a8162789185ce1f1bff674,harmonic,truncated_line,3,1.0,inf,3,1.0,1.0,0.394685258987197,0.030685482696987034,0.6077082606371664,0.16295688262961036,0.1150098719642224,1.7788944244384766,21,0.1518670916557312,0.15120576322078705,38.84891891479492,100.56021218370915,24216.34765625,4,4,1.0,1.0,0.0,1.0,other,well_bound,untouched_id
ID_test,72a8162789185ce1f1bff674,harmonic,truncated_line,4,1.0,inf,4,1.0,1.0,0.474048249595873,0.03685569458012876,0.7112237745738392,0.11710303637614036,0.06563282457425257,1.5272912979125977,18,0.17834213376045227,0.1772804856300354,32.4893798828125,98.49940889809712,19357.708984375,4,4,1.0,1.0,0.0,1.0,other,well_bound,untouched_id
ID_test,72a8162789185ce1f1bff674,harmonic,truncated_line,5,1.0,inf,5,1.0,1.0,0.488401898698206,0.037971643658892176,0.8034578646795427,0.08728457872096174,0.03849071718085506,1.3636250495910645,15,0.2046392560005188,0.2032044678926468,21.095382690429688,79.19626507588245,10167.337890625,4,4,1.0,1.0,1.0,1.0,other,well_bound,untouched_id
ID_test,72a8162789185ce1f1bff674,harmonic,truncated_line,6,1.0,inf,6,1.0,1.0,0.5356154833988778,0.041642344814828154,0.880271436589217,0.0768723156978383,0.020932368530880225,1.2311134338378906,14,0.22529594600200653,0.22427557408809662,14.485100746154785,61.76558965683018,4959.17626953125,4,4,1.0,1.0,1.0,1.0,other,well_bound,untouched_id
ID_test,72a8162789185ce1f1bff674,harmonic,truncated_line,7,1.0,inf,7,1.0,1.0,0.4986895430050437,0.03877147421800729,0.8659587972562983,0.07998980785721939,0.010347318446063736,1.107792854309082,13,0.251541405916214,0.25029700994491577,10.439058303833008,45.28600607801998,2229.689453125,4,4,1.0,1.0,0.0,1.0,other,well_bound,untouched_id
ID_test,72a8162789185ce1f1bff674,harmonic,truncated_line,8,1.0,inf,8,1.0,1.0,0.5375886234387937,0.04179574997292537,0.9473092542979948,0.07702827972377287,0.0060343748578910155,1.0227127075195312,12,0.2688782513141632,0.268384724855423,6.899999141693115,31.911812441212867,743.4185791015625,4,4,1.0,1.0,0.0,1.0,other,well_bound,untouched_id
ID_test,72a8162789185ce1f1bff674,harmonic,truncated_line,9,1.0,inf,9,1.0,1.0,0.4679728601347581,0.036383353001766074,0.9950251201517957,0.09790858116302191,0.003301845157590178,0.865206241607666,10,0.30231237411499023,0.30197861790657043,6.348368167877197,27.68522639748203,570.2832641601562,4,4,1.0,1.0,1.0,1.0,other,well_bound,untouched_id
ID_test,72a8162789185ce1f1bff674,harmonic,truncated_line,10,1.0,inf,10,1.0,1.0,0.4801413969387368,0.03732941677547861,1.0104198695603297,0.08997373639977106,0.0026390731122715055,0.8137869834899902,10,0.32069677114486694,0.31998875737190247,4.6032891273498535,18.265243287613497,207.0557861328125,4,4,1.0,1.0,1.0,1.0,other,well_bound,untouched_id
ID_test,63aacab87be6d3082e287154,half_harmonic,half_line,0,1.0,inf,0,1.0,1.0,0.0,0.0,0.0,0.0,1.0,8.681933874033714,256,0.028969991952180862,0.028469977900385857,47.35773849487305,30.756346744189674,30962.875,4,4,1.0,1.0,1.0,1.0,other,well_bound,untouched_id
ID_test,63aacab87be6d3082e287154,half_harmonic,half_line,1,1.0,inf,1,1.0,1.0,0.685180527013552,0.07892026557157021,0.685180527013552,0.25654332640793565,0.2632175054278284,1.833732008934021,118,0.05415259301662445,0.05356471240520477,47.52873611450195,39.82709068587615,30977.61328125,4,4,1.0,1.0,0.0,1.0,other,well_bound,untouched_id
ID_test,63aacab87be6d3082e287154,half_harmonic,half_line,2,1.0,inf,2,1.0,1.0,0.7035656926232233,0.0810379004068986,0.928647411964171,0.12551717160297443,0.12124062278916758,1.3774023056030273,44,0.07921722531318665,0.07837402075529099,48.50485610961914,43.43153429274697,31667.0625,4,4,1.0,1.0,0.0,1.0,other,well_bound,untouched_id
ID_test,63aacab87be6d3082e287154,half_harmonic,half_line,3,1.0,inf,3,1.0,1.0,0.667267462189023,0.07685700811252595,0.9817815112643298,0.11317088171724177,0.05278342217534693,1.109214186668396,32,0.10267934203147888,0.10144702345132828,49.220428466796875,42.14670535479228,32118.755859375,4,4,1.0,1.0,0.0,1.0,other,well_bound,untouched_id
ID_test,63aacab87be6d3082e287154,half_harmonic,half_line,4,1.0,inf,4,1.0,1.0,0.6999370106195382,0.08061994260437051,1.0788542902595255,0.10397130354994859,0.03326780821542763,0.9693928956985474,25,0.12545143067836761,0.12396346777677536,48.63668441772461,46.11620472652186,31646.38671875,4,4,1.0,1.0,0.0,1.0,other,well_bound,untouched_id
ID_test,63aacab87be6d3082e287154,half_harmonic,half_line,5,1.0,inf,5,1.0,1.0,0.7378943000189684,0.08499192814931396,1.1481040582070783,0.09177357108178108,0.02436619338760526,0.8810978531837463,21,0.14755314588546753,0.14648300409317017,44.209983825683594,45.27881717845747,28485.42578125,4,4,1.0,1.0,0.0,1.0,other,well_bound,untouched_id
ID_test,63aacab87be6d3082e287154,half_harmonic,half_line,6,1.0,inf,6,1.0,1.0,0.7363579496844288,0.08481496868880314,1.1699732311874325,0.08224847008303161,0.01353263654883341,0.7922914028167725,19,0.16669908165931702,0.16580775380134583,43.679893493652344,48.39315029713605,28018.146484375,4,4,1.0,1.0,1.0,1.0,other,well_bound,untouched_id
ID_test,63aacab87be6d3082e287154,half_harmonic,half_line,7,1.0,inf,7,1.0,1.0,0.6629956041364446,0.07636496819209361,1.1119758348844027,0.08648648574940276,0.006509823611054899,0.7027645707130432,17,0.18332569301128387,0.18155652284622192,42.4289436340332,50.976207546909734,27058.240234375,4,4,1.0,1.0,0.0,1.0,other,well_bound,untouched_id
ID_test,63aacab87be6d3082e287154,half_harmonic,half_line,8,1.0,inf,8,1.0,1.0,0.6598744879644303,0.07600547269059606,1.149495648449549,0.08202738087411801,0.0030546985092934076,0.638096034526825,16,0.19646844267845154,0.19548845291137695,23.217636108398438,31.878067603683498,11875.1787109375,4,4,1.0,1.0,0.0,1.0,other,well_bound,untouched_id
ID_test,63aacab87be6d3082e287154,half_harmonic,half_line,9,1.0,inf,9,1.0,1.0,0.42977690933645935,0.04950243984486612,0.991114407520465,0.0965687136763139,0.0005516455356645578,0.5117574334144592,15,0.21072949469089508,0.20661787688732147,22.24425506591797,29.904150307473824,10950.7919921875,4,4,1.0,1.0,1.0,1.0,other,well_bound,untouched_id
ID_test,63aacab87be6d3082e287154,half_harmonic,half_line,10,1.0,inf,10,1.0,1.0,0.6192215316229471,0.07132299561448406,1.2388821356511412,0.07873046523980722,0.0010383297892098131,0.5396652817726135,14,0.2275572270154953,0.22486869990825653,10.952764511108398,23.905474285177217,2445.206298828125,4,4,1.0,1.0,0.0,1.0,other,well_bound,untouched_id
ID_test,f3230346f8dd9b96ec21f534,half_harmonic,half_line,0,1.0,inf,0,1.0,1.0,0.0,0.0,0.0,0.0,1.0,9.950365960080168,256,0.02896980382502079,0.028469838201999664,47.35774230957031,30.756349031235775,30962.876953125,4,4,1.0,1.0,1.0,1.0,other,well_bound,untouched_id
ID_test,f3230346f8dd9b96ec21f534,half_harmonic,half_line,1,1.0,inf,1,1.0,1.0,0.7852851663651086,0.07892022961925128,0.7852851663651086,0.2565434170572699,0.26321748622683916,2.101640224456787,118,0.054152969270944595,0.05356517806649208,47.52872848510742,39.82708797993626,30977.61328125,4,4,1.0,1.0,0.0,1.0,other,well_bound,untouched_id
ID_test,f3230346f8dd9b96ec21f534,half_harmonic,half_line,2,1.0,inf,2,1.0,1.0,0.8063566113707761,0.08103788489848462,1.0643229842077857,0.12551722832952664,0.12124062100563482,1.5786406993865967,44,0.07921835035085678,0.07837387919425964,48.50485610961914,43.431515216072135,31667.0625,4,4,1.0,1.0,0.0,1.0,other,well_bound,untouched_id
ID_test,f3230346f8dd9b96ec21f534,half_harmonic,half_line,3,1.0,inf,3,1.0,1.0,0.7647555552050709,0.07685702800009472,1.1252200994561217,0.11317091573618049,0.05278333806572988,1.2712708711624146,32,0.10268009454011917,0.1014472171664238,49.220420837402344,42.14668905206736,32118.755859375,4,4,1.0,1.0,0.0,1.0,other,well_bound,untouched_id
ID_test,f3230346f8dd9b96ec21f534,half_harmonic,half_line,4,1.0,inf,4,1.0,1.0,0.8021976683856791,0.08061991605173242,1.2364743179318816,0.10397125697455065,0.03326784480231604,1.1110213994979858,25,0.12545330822467804,0.12396276742219925,48.636680603027344,46.116212285429086,31646.38671875,4,4,1.0,1.0,0.0,1.0,other,well_bound,untouched_id
ID_test,f3230346f8dd9b96ec21f534,half_harmonic,half_line,5,1.0,inf,5,1.0,1.0,0.8457010326421883,0.0849919526613446,1.31584320429545,0.0917735890175279,0.02436613450647629,1.009826421737671,21,0.14755314588546753,0.14648045599460602,44.209999084472656,45.27882047246674,28485.42578125,4,4,1.0,1.0,0.0,1.0,other,well_bound,untouched_id
ID_test,f3230346f8dd9b96ec21f534,half_harmonic,half_line,6,1.0,inf,6,1.0,1.0,0.8439400103020653,0.08481497200081532,1.3409070206967995,0.08224847255234057,0.01353266791553831,0.9080455303192139,19,0.16670039296150208,0.1658070981502533,43.679874420166016,48.39314237364426,28018.1484375,4,4,1.0,1.0,1.0,1.0,other,well_bound,untouched_id
ID_test,f3230346f8dd9b96ec21f534,half_harmonic,half_line,7,1.0,inf,7,1.0,1.0,0.759859365708291,0.07636496675165191,1.2744351349499663,0.0864864842768387,0.006509820126295307,0.8054385781288147,17,0.1833241879940033,0.18155503273010254,42.428932189941406,50.97620269828462,27058.24609375,4,4,1.0,1.0,0.0,1.0,other,well_bound,untouched_id
ID_test,f3230346f8dd9b96ec21f534,half_harmonic,half_line,8,1.0,inf,8,1.0,1.0,0.7562823042424203,0.07600547630876554,1.3174378220700014,0.0820273911219744,0.0030546934927634384,0.7313220500946045,16,0.19646844267845154,0.1954859346151352,23.21764373779297,31.87807789155901,11875.1904296875,4,4,1.0,1.0,0.0,1.0,other,well_bound,untouched_id
ID_test,f3230346f8dd9b96ec21f534,half_harmonic,half_line,9,1.0,inf,9,1.0,1.0,0.492567387109478,0.049502439315861055,1.1359159318644902,0.09656872054881283,0.000551647529689836,0.5865252614021301,15,0.2107313722372055,0.20661693811416626,22.24425506591797,29.90414904061939,10950.7919921875,4,4,1.0,1.0,1.0,1.0,other,well_bound,untouched_id
ID_test,f3230346f8dd9b96ec21f534,half_harmonic,half_line,10,1.0,inf,10,1.0,1.0,0.709689968600693,0.07132300173158407,1.4198831298770909,0.07873047072161621,0.0010383306613278576,0.6185105443000793,14,0.2275531142950058,0.22486817836761475,10.95276927947998,23.905506734897337,2445.2109375,4,4,1.0,1.0,0.0,1.0,other,well_bound,untouched_id
ID_test,987c36596553f18a70faea20,half_harmonic,half_line,0,1.0,inf,0,1.0,1.0,0.0,0.0,0.0,0.0,1.0,9.786175148102206,256,0.028969617560505867,0.028469931334257126,47.35774230957031,30.75634332737198,30962.875,4,4,1.0,1.0,1.0,1.0,other,well_bound,untouched_id
ID_test,987c36596553f18a70faea20,half_harmonic,half_line,1,1.0,inf,1,1.0,1.0,0.7723276202127436,0.07892027360275869,0.7723276202127436,0.2565432941315545,0.2632174327290242,2.0669615268707275,118,0.05415259301662445,0.053564805537462234,47.52873992919922,39.82709300777763,30977.61328125,4,4,1.0,1.0,0.0,1.0,other,well_bound,untouched_id
ID_test,987c36596553f18a70faea20,half_harmonic,half_line,2,1.0,inf,2,1.0,1.0,0.793051066018433,0.08103789826122479,1.0467606476438145,0.12551715724143295,0.12124066260133581,1.5525918006896973,44,0.07921835035085678,0.07837402075529099,48.50486373901367,43.431543167512345,31667.0625,4,4,1.0,1.0,0.0,1.0,other,well_bound,untouched_id
ID_test,987c36596553f18a70faea20,half_harmonic,half_line,3,1.0,inf,3,1.0,1.0,0.7521361479646783,0.07685700864556232,1.106652817955322,0.11317088430427785,0.052783448443885383,1.2502933740615845,32,0.10268009454011917,0.10144777595996857,49.220428466796875,42.1467132529011,32118.755859375,4,4,1.0,1.0,0.0,1.0,other,well_bound,untouched_id
ID_test,987c36596553f18a70faea20,half_harmonic,half_line,4,1.0,inf,4,1.0,1.0,0.7889607425316878,0.08061992868426106,1.2160718460898825,0.10397127229632024,0.03326783579792936,1.0926884412765503,25,0.12545424699783325,0.12396253645420074,48.636680603027344,46.11620270843494,31646.37890625,4,4,1.0,1.0,0.0,1.0,other,well_bound,untouched_id
ID_test,987c36596553f18a70faea20,half_harmonic,half_line,5,1.0,inf,5,1.0,1.0,0.8317461921312097,0.08499195850715045,1.2941304249689152,0.09177353262483023,0.024366223600355563,0.9931632876396179,21,0.14755314588546753,0.1464824378490448,44.20998764038086,45.27880281382108,28485.4296875,4,4,1.0,1.0,0.0,1.0,other,well_bound,untouched_id
ID_test,987c36596553f18a70faea20,half_harmonic,half_line,6,1.0,inf,6,1.0,1.0,0.830014044845783,0.08481495909121801,1.3187803283812745,0.08224848299908498,0.013532682901330029,0.8930617570877075,19,0.16669908165931702,0.16580742597579956,43.679874420166016,48.39315354601124,28018.1484375,4,4,1.0,1.0,1.0,1.0,other,well_bound,untouched_id
ID_test,987c36596553f18a70faea20,half_harmonic,half_line,7,1.0,inf,7,1.0,1.0,0.7473211961887721,0.07636499294964051,1.2534067235040158,0.08648648588476403,0.006509816469027485,0.7921481132507324,17,0.1833241879940033,0.18155540525913239,42.42893600463867,50.97621485518206,27058.248046875,4,4,1.0,1.0,0.0,1.0,other,well_bound,untouched_id
ID_test,987c36596553f18a70faea20,half_harmonic,half_line,8,1.0,inf,8,1.0,1.0,0.743802815100614,0.07600546728870437,1.2956981375781895,0.082027374918942,0.0030547006392129816,0.7192544341087341,16,0.19646675884723663,0.19548720121383667,23.21763801574707,31.87809192296706,11875.1826171875,4,4,1.0,1.0,0.0,1.0,other,well_bound,untouched_id
ID_test,987c36596553f18a70faea20,half_harmonic,half_line,9,1.0,inf,9,1.0,1.0,0.4844393536373233,0.049502420128998886,1.117171895474776,0.09656872438122865,0.0005516479137011032,0.5768470168113708,15,0.2107313722372055,0.20661647617816925,22.2442569732666,29.90414796727692,10950.7900390625,4,4,1.0,1.0,1.0,1.0,other,well_bound,untouched_id
ID_test,987c36596553f18a70faea20,half_harmonic,half_line,10,1.0,inf,10,1.0,1.0,0.6979790107256316,0.07132296327855811,1.3964526727276887,0.07873047743182422,0.0010383348028286665,0.6083044409751892,14,0.22755517065525055,0.22486817836761475,10.952764511108398,23.905487198850185,2445.20654296875,4,4,1.0,1.0,0.0,1.0,other,well_bound,untouched_id
ID_test,db9f074dd689c702975c5188,half_harmonic,half_line,0,1.0,inf,0,1.0,1.0,0.0,0.0,0.0,0.0,1.0,8.772256199589433,256,0.028969991952180862,0.028469838201999664,47.35774230957031,30.75634252068554,30962.859375,4,4,1.0,1.0,1.0,1.0,other,well_bound,untouched_id
ID_test,db9f074dd689c702975c5188,half_harmonic,half_line,1,1.0,inf,1,1.0,1.0,0.6923087764405291,0.07892026414743007,0.6923087764405291,0.25654326270386063,0.2632175141724321,1.852809190750122,118,0.05415184423327446,0.05356433615088463,47.528724670410156,39.82711003674473,30977.61328125,4,4,1.0,1.0,0.0,1.0,other,well_bound,untouched_id
ID_test,db9f074dd689c702975c5188,half_harmonic,half_line,2,1.0,inf,2,1.0,1.0,0.7108851964906466,0.08103789724289152,0.9383086267453071,0.12551714263059502,0.1212406701760389,1.3917319774627686,44,0.07921722531318665,0.07837444543838501,48.50485610961914,43.431546417313314,31667.0625,4,4,1.0,1.0,0.0,1.0,other,well_bound,untouched_id
ID_test,db9f074dd689c702975c5188,half_harmonic,half_line,3,1.0,inf,3,1.0,1.0,0.674209500330852,0.07685702343741477,0.9919955233280016,0.11317088258795838,0.052783401368743266,1.1207538843154907,32,0.10267934203147888,0.10144665092229843,49.220428466796875,42.14668613124522,32118.755859375,4,4,1.0,1.0,0.0,1.0,other,well_bound,untouched_id
ID_test,db9f074dd689c702975c5188,half_harmonic,half_line,4,1.0,inf,4,1.0,1.0,0.7072188199943514,0.08061994587292734,1.0900783378150147,0.10397129528071428,0.03326780058418288,0.9794780611991882,25,0.12545143067836761,0.12396159768104553,48.63668441772461,46.116219749067064,31646.37890625,4,4,1.0,1.0,0.0,1.0,other,well_bound,untouched_id
ID_test,db9f074dd689c702975c5188,half_harmonic,half_line,5,1.0,inf,5,1.0,1.0,0.7455713717500201,0.08499197410409821,1.1600498096429375,0.09177355001911018,0.024366121818789166,0.8902643918991089,21,0.14755427837371826,0.14648103713989258,44.209983825683594,45.27883071243715,28485.42578125,4,4,1.0,1.0,0.0,1.0,other,well_bound,untouched_id
ID_test,db9f074dd689c702975c5188,half_harmonic,half_line,6,1.0,inf,6,1.0,1.0,0.7440187768760467,0.08481498487365985,1.182145106823202,0.08224847317394743,0.013532646989979358,0.8005341291427612,19,0.16669777035713196,0.1658061146736145,43.679893493652344,48.39314574686294,28018.1484375,4,4,1.0,1.0,1.0,1.0,other,well_bound,untouched_id
ID_test,db9f074dd689c702975c5188,half_harmonic,half_line,7,1.0,inf,7,1.0,1.0,0.6698932763204366,0.07636499220711196,1.1235446718860054,0.08648649271800461,0.006509805494865684,0.7100757956504822,17,0.1833226978778839,0.18155540525913239,42.42894744873047,50.97621749726272,27058.248046875,4,4,1.0,1.0,0.0,1.0,other,well_bound,untouched_id
ID_test,db9f074dd689c702975c5188,half_harmonic,half_line,8,1.0,inf,8,1.0,1.0,0.6667397320010975,0.07600550153018819,1.1614556322784724,0.0820273761066489,0.0030546917505344107,0.6447344422340393,16,0.19646675884723663,0.19548720121383667,23.21764373779297,31.87806994992776,11875.1904296875,4,4,1.0,1.0,0.0,1.0,other,well_bound,untouched_id
ID_test,db9f074dd689c702975c5188,half_harmonic,half_line,9,1.0,inf,9,1.0,1.0,0.43424806604416427,0.0495024377040525,1.0014250570258332,0.0965687401860801,0.0005516445619827559,0.5170814990997314,15,0.21072949469089508,0.20661647617816925,22.24427032470703,29.904060586719808,10950.796875,4,4,1.0,1.0,1.0,1.0,other,well_bound,untouched_id
ID_test,db9f074dd689c702975c5188,half_harmonic,half_line,10,1.0,inf,10,1.0,1.0,0.6256632470593054,0.0713229564691223,1.2517694348855004,0.07873047400355188,0.0010383313051293142,0.5452796816825867,14,0.22755517065525055,0.22486713528633118,10.952764511108398,23.905479144090492,2445.206787109375,4,4,1.0,1.0,0.0,1.0,other,well_bound,untouched_id
ID_test,f8613cbc19ec9028c6b6dd33,half_harmonic,half_line,0,1.0,inf,0,1.0,1.0,0.0,0.0,0.0,0.0,1.0,10.34412039016275,256,0.02896980382502079,0.028469743207097054,47.35772705078125,30.75634293342605,30962.859375,4,4,1.0,1.0,1.0,1.0,other,well_bound,untouched_id
ID_test,f8613cbc19ec9028c6b6dd33,half_harmonic,half_line,1,1.0,inf,1,1.0,1.0,0.8163609169085495,0.07892028380536908,0.8163609169085495,0.25654326465813326,0.26321749600532063,2.1848065853118896,118,0.054152220487594604,0.053564898669719696,47.52873992919922,39.827091637837,30977.61328125,4,4,1.0,1.0,0.0,1.0,other,well_bound,untouched_id
ID_test,f8613cbc19ec9028c6b6dd33,half_harmonic,half_line,2,1.0,inf,2,1.0,1.0,0.8382658769478348,0.08103790804146334,1.106440357824002,0.12551715881533052,0.1212406281181787,1.6411107778549194,44,0.07921722531318665,0.07837429642677307,48.50485610961914,43.43154654080786,31667.0625,4,4,1.0,1.0,0.0,1.0,other,well_bound,untouched_id
ID_test,f8613cbc19ec9028c6b6dd33,half_harmonic,half_line,3,1.0,inf,3,1.0,1.0,0.7950181919476987,0.0768570126758927,1.1697470237279988,0.11317089721153516,0.05278342639943845,1.3215773105621338,32,0.10268009454011917,0.10144796222448349,49.220420837402344,42.14670549836688,32118.755859375,4,4,1.0,1.0,0.0,1.0,other,well_bound,untouched_id
ID_test,f8613cbc19ec9028c6b6dd33,half_harmonic,half_line,4,1.0,inf,4,1.0,1.0,0.8339424263493548,0.08061994591076428,1.2854049668336511,0.10397127305384198,0.03326782923508542,1.1549866199493408,25,0.12545236945152283,0.12396253645420074,48.636680603027344,46.11621545818061,31646.37890625,4,4,1.0,1.0,0.0,1.0,other,well_bound,untouched_id
ID_test,f8613cbc19ec9028c6b6dd33,half_harmonic,half_line,5,1.0,inf,5,1.0,1.0,0.8791668930759151,0.08499194324072273,1.367912980055169,0.09177356671969365,0.024366190319354497,1.049787163734436,21,0.14755314588546753,0.14648213982582092,44.209983825683594,45.27882938032536,28485.42578125,4,4,1.0,1.0,0.0,1.0,other,well_bound,untouched_id
ID_test,f8613cbc19ec9028c6b6dd33,half_harmonic,half_line,6,1.0,inf,6,1.0,1.0,0.8773361590980814,0.08481496019056654,1.3939686453707418,0.08224846708795967,0.013532661370243892,0.9439784288406372,19,0.16669908165931702,0.16580742597579956,43.67988586425781,48.39313592209482,28018.1484375,4,4,1.0,1.0,1.0,1.0,other,well_bound,untouched_id
ID_test,f8613cbc19ec9028c6b6dd33,half_harmonic,half_line,7,1.0,inf,7,1.0,1.0,0.7899287218874546,0.07636499693474914,1.3248680442787775,0.08648647466653528,0.006509798363296682,0.837311327457428,17,0.1833241879940033,0.18155540525913239,42.42894744873047,50.97620633359743,27058.248046875,4,4,1.0,1.0,0.0,1.0,other,well_bound,untouched_id
ID_test,f8613cbc19ec9028c6b6dd33,half_harmonic,half_line,8,1.0,inf,8,1.0,1.0,0.7862097096901723,0.0760054678441153,1.3695717457970975,0.08202738475393087,0.0030547035535992695,0.7602617740631104,16,0.19646675884723663,0.19548550248146057,23.217649459838867,31.878059486358165,11875.1904296875,4,4,1.0,1.0,0.0,1.0,other,well_bound,untouched_id
ID_test,f8613cbc19ec9028c6b6dd33,half_harmonic,half_line,9,1.0,inf,9,1.0,1.0,0.5120587779204681,0.04950239929607118,1.1808650635293896,0.09656872052500344,0.0005516493249700938,0.6097351312637329,15,0.21072949469089508,0.20661601424217224,22.244264602661133,29.904135894963726,10950.7998046875,4,4,1.0,1.0,1.0,1.0,other,well_bound,untouched_id
ID_test,f8613cbc19ec9028c6b6dd33,half_harmonic,half_line,10,1.0,inf,10,1.0,1.0,0.7377734177730239,0.07132297285273727,1.4760702716083403,0.07873048766044714,0.001038333411626735,0.6429860591888428,14,0.22755517065525055,0.2248656004667282,10.952765464782715,23.905480602470043,2445.208251953125,4,4,1.0,1.0,0.0,1.0,other,well_bound,untouched_id
ID_test,d9fd83a75e20ca349b428cb3,morse,truncated_line,0,1.0,65.06151828581449,0,1.0,1.0,0.0,0.0,0.0,0.0,1.0,9.927395534543974,256,0.026768077164888382,0.026637069880962372,48.420345306396484,114.49697808028273,29969.021484375,4,4,1.0,1.0,0.0,1.0,other,well_bound,untouched_id
ID_test,d9fd83a75e20ca349b428cb3,morse,truncated_line,1,1.0,63.089236565665566,1,1.0,1.0,0.27468981151553473,0.027669876813078236,0.27468981151553473,0.06865090583284109,0.46861341911077226,4.333736806416686,108,0.04957031458616257,0.04928835481405258,49.43899154663086,126.88619401465337,31299.3203125,4,4,1.0,1.0,0.0,1.0,other,well_bound,untouched_id
ID_test,d9fd83a75e20ca349b428cb3,morse,truncated_line,2,1.0,61.14727839157426,2,1.0,1.0,0.2918189706960405,0.029395320220757734,0.5833064099971697,0.11119276029963714,0.19674928137079317,1.5971784591674805,49,0.0686759278178215,0.06805525720119476,48.677513122558594,122.8705269489677,31427.654296875,4,4,1.0,1.0,0.0,1.0,other,well_bound,untouched_id
ID_test,d9fd83a75e20ca349b428cb3,morse,truncated_line,3,1.0,59.23564562700922,3,1.0,1.0,0.42115169683177306,0.04242318092054535,0.7989229114575802,0.09080596144008812,0.091744857526606,1.3249566555023193,39,0.08372703939676285,0.08293318003416061,46.2243766784668,125.90347844455982,29834.279296875,4,4,1.0,1.0,0.0,1.0,other,well_bound,untouched_id
ID_test,d9fd83a75e20ca349b428cb3,morse,truncated_line,4,1.0,57.35434005603216,4,1.0,1.0,0.458483496593965,0.04618366368083126,0.9112489043684757,0.08919694364516259,0.045336389646243425,1.1501235961914062,33,0.09854497760534286,0.09757588058710098,41.539268493652344,120.19079568599825,26382.884765625,4,4,1.0,1.0,0.0,1.0,other,well_bound,untouched_id
ID_test,d9fd83a75e20ca349b428cb3,morse,truncated_line,5,1.0,55.50336338911484,5,1.0,1.0,0.4840832547996234,0.04876236200272041,1.0124975701111794,0.09208898085106165,0.0210886549183672,1.0237698554992676,29,0.11181619018316269,0.11070004105567932,31.83793830871582,102.47248169275666,18990.54296875,4,4,1.0,1.0,0.0,1.0,other,well_bound,untouched_id
ID_test,d9fd83a75e20ca349b428cb3,morse,truncated_line,6,1.0,53.68271726841215,6,1.0,1.0,0.507019010522694,0.051072711745839036,1.0718489778660847,0.09067104994492099,0.01302743837583753,0.9278771877288818,26,0.12365487962961197,0.1224871426820755,23.5048828125,87.56538709787264,12151.4658203125,4,4,1.0,1.0,0.0,1.0,other,well_bound,untouched_id
ID_test,d9fd83a75e20ca349b428cb3,morse,truncated_line,7,1.0,51.892403259022025,7,1.0,1.0,0.47419685971215036,0.047766492033293716,1.0251443726521923,0.09009559351296172,0.006674523172186642,0.828233003616333,23,0.13763396441936493,0.13640594482421875,15.446929931640625,63.195609589716305,5497.10986328125,4,4,1.0,1.0,0.0,1.0,other,well_bound,untouched_id
ID_test,d9fd83a75e20ca349b428cb3,morse,truncated_line,8,1.0,50.132422555211974,8,1.0,1.0,0.4918214218539886,0.04954183805234884,1.0888588908576713,0.08481875612949136,0.005819189478310727,0.7746012210845947,22,0.14460642635822296,0.14399951696395874,8.942039489746094,41.020541293501026,1516.65283203125,4,4,1.0,1.0,0.0,1.0,other,well_bound,untouched_id
ID_test,d9fd83a75e20ca349b428cb3,morse,truncated_line,9,1.0,48.40277134613187,9,1.0,1.0,0.42897249018148625,0.04321098002883105,1.042548741437927,0.10063591688650379,0.0033290710064308726,0.6674594879150391,20,0.1540534794330597,0.15394768118858337,7.296994209289551,33.26020297908693,850.2982788085938,4,4,1.0,1.0,0.0,1.0,other,well_bound,untouched_id
ID_test,d9fd83a75e20ca349b428cb3,morse,truncated_line,10,1.0,46.7033876562116,10,1.0,1.0,0.4094692267997296,0.041246389888960844,0.9566589129858754,0.09178099958248213,0.0024949692929175584,0.6301021575927734,19,0.16351737082004547,0.16309987008571625,5.1056976318359375,21.328415081829988,288.8905334472656,4,4,1.0,1.0,1.0,1.0,other,well_bound,untouched_id
ID_test,2233e6a788e6fb45439f7868,morse,truncated_line,0,1.0,64.40176844686948,0,1.0,1.0,0.0,0.0,0.0,0.0,1.0,9.695647487019357,256,0.026913199573755264,0.026757732033729553,48.475528717041016,116.89262052049588,30042.796875,4,4,1.0,1.0,0.0,1.0,other,well_bound,untouched_id
ID_test,2233e6a788e6fb45439f7868,morse,truncated_line,1,1.0,62.313147015081704,1,1.0,1.0,0.277403243748223,0.028611110719486615,0.277403243748223,0.07207701455441617,0.4659562107134986,4.207845763216321,108,0.04980400577187538,0.04947904869914055,49.4786376953125,129.1163930007493,31356.0859375,4,4,1.0,1.0,0.0,1.0,other,well_bound,untouched_id
ID_test,2233e6a788e6fb45439f7868,morse,truncated_line,2,1.0,60.25891980966983,2,1.0,1.0,0.2950579766182999,0.03043200333070348,0.582032645028437,0.10636427991971383,0.19522746070236896,1.5593137741088867,49,0.06900034844875336,0.06835783272981644,48.681922912597656,124.0252933567718,31455.59765625,4,4,1.0,1.0,0.0,1.0,other,well_bound,untouched_id
ID_test,2233e6a788e6fb45439f7868,morse,truncated_line,3,1.0,58.23908906283724,3,1.0,1.0,0.41759064405405955,0.043069907874964994,0.7955992838723995,0.08881304928162054,0.0896459946910717,1.293243646621704,40,0.08409012854099274,0.08327080309391022,46.18053436279297,126.66159106605322,29829.228515625,4,4,1.0,1.0,0.0,1.0,other,well_bound,untouched_id
ID_test,2233e6a788e6fb45439f7868,morse,truncated_line,4,1.0,56.253656907130264,4,1.0,1.0,0.45657699191391005,0.04709092327512737,0.9077854761503934,0.08861031321168926,0.04368262647392973,1.122056245803833,33,0.09892650693655014,0.09793709963560104,41.400794982910156,120.35431625280734,26304.52734375,4,4,1.0,1.0,0.0,1.0,other,well_bound,untouched_id
ID_test,2233e6a788e6fb45439f7868,morse,truncated_line,5,1.0,54.30262538259287,5,1.0,1.0,0.48351432387237886,0.04986921446140789,1.0094126772335459,0.09293453390378308,0.02015650060848717,0.9991800785064697,29,0.11223722994327545,0.11110366135835648,31.61583137512207,102.41355619151709,18828.41015625,4,4,1.0,1.0,0.0,1.0,other,well_bound,untouched_id
ID_test,2233e6a788e6fb45439f7868,morse,truncated_line,6,1.0,52.385996443381515,6,1.0,1.0,0.5029800712966922,0.05187689341739039,1.0681838024917298,0.09194553784550122,0.01249324168161925,0.9054892063140869,26,0.12406449764966965,0.1228533387184143,23.25141716003418,87.20465655965529,11950.197265625,4,4,1.0,1.0,0.0,1.0,other,well_bound,untouched_id
ID_test,2233e6a788e6fb45439f7868,morse,truncated_line,7,1.0,50.503771949895636,7,1.0,1.0,0.47098420976420036,0.04857687022911666,1.020770520476399,0.09129691264743268,0.006411507751163059,0.8077173233032227,23,0.13813692331314087,0.13695187866687775,15.26284408569336,62.829779438769975,5362.02734375,4,4,1.0,1.0,0.0,1.0,other,well_bound,untouched_id
ID_test,2233e6a788e6fb45439f7868,morse,truncated_line,8,1.0,48.65595335198626,8,1.0,1.0,0.48512386386791906,0.050035220908908704,1.0807987817030584,0.08566889460126154,0.005661226473674841,0.7552375793457031,22,0.14511580765247345,0.1444656103849411,8.876644134521484,40.84974175916952,1487.6826171875,4,4,1.0,1.0,0.0,1.0,other,well_bound,untouched_id
ID_test,2233e6a788e6fb45439f7868,morse,truncated_line,9,1.0,46.84253647022924,9,1.0,1.0,0.42283168758352974,0.043610464195364115,1.031814514785518,0.10122670163514055,0.0032526932007548304,0.6512603759765625,20,0.1545908898115158,0.15455904603004456,7.249852180480957,33.15260039596537,835.4073486328125,4,4,1.0,1.0,0.0,1.0,other,well_bound,untouched_id
ID_test,2233e6a788e6fb45439f7868,morse,truncated_line,10,1.0,45.06344961904201,10,1.0,1.0,0.40200514796884956,0.04146243440750694,0.943969926575912,0.0923177618339249,0.002491045017567184,0.6153616905212402,19,0.1643907129764557,0.16392958164215088,5.0859503746032715,21.319644848345916,285.4518127441406,4,4,1.0,1.0,1.0,1.0,other,well_bound,untouched_id
ID_test,35cc89bbfe8f7fb08a618623,morse,truncated_line,0,1.0,62.14805313336407,0,1.0,1.0,0.0,0.0,0.0,0.0,1.0,10.295350300051116,256,0.026655163615942,0.026541979983448982,48.382102966308594,113.47332044038382,29914.37109375,4,4,1.0,1.0,0.0,1.0,other,well_bound,untouched_id
ID_test,35cc89bbfe8f7fb08a618623,morse,truncated_line,1,1.0,60.32757564911446,1,1.0,1.0,0.281605015067788,0.027352640450358436,0.281605015067788,0.06700377489428988,0.469716644355917,4.5030035030929945,109,0.04938081279397011,0.04911606013774872,49.417232513427734,125.93623448197697,31270.5625,4,4,1.0,1.0,0.0,1.0,other,well_bound,untouched_id
ID_test,35cc89bbfe8f7fb08a618623,morse,truncated_line,2,1.0,58.534129592758376,2,1.0,1.0,0.30242658997927296,0.029375065555347975,0.6006830079515288,0.11347971522797091,0.19714655051322982,1.6595680713653564,49,0.06844181567430496,0.06785383075475693,48.66695785522461,122.30670873214162,31411.486328125,4,4,1.0,1.0,0.0,1.0,other,well_bound,untouched_id
ID_test,35cc89bbfe8f7fb08a618623,morse,truncated_line,3,1.0,56.76771657544713,3,1.0,1.0,0.43486334879158656,0.04223881034814595,0.8235197576749238,0.0923186236053484,0.09232269210970001,1.3766698837280273,39,0.08347312361001968,0.08271230757236481,46.21877670288086,125.5785794790651,29822.8203125,4,4,1.0,1.0,0.0,1.0,other,well_bound,untouched_id
ID_test,35cc89bbfe8f7fb08a618623,morse,truncated_line,4,1.0,55.028338141012554,4,1.0,1.0,0.4724049799347012,0.045885275018991416,0.9389842054551027,0.08963100350410494,0.04581567736234904,1.1950814723968506,33,0.09827720373868942,0.09733303636312485,41.53508377075195,120.06899236249873,26372.28515625,4,4,1.0,1.0,0.0,1.0,other,well_bound,untouched_id
ID_test,35cc89bbfe8f7fb08a618623,morse,truncated_line,5,1.0,53.31599577094762,5,1.0,1.0,0.4982361667951018,0.04839428987594799,1.0432789253885772,0.09185508943789282,0.02143972327551258,1.063422441482544,29,0.11154008656740189,0.11041487753391266,31.839750289916992,102.42727856550374,18987.427734375,4,4,1.0,1.0,0.0,1.0,other,well_bound,untouched_id
ID_test,35cc89bbfe8f7fb08a618623,morse,truncated_line,6,1.0,51.630690888858645,6,1.0,1.0,0.5228514721632026,0.05078520467250218,1.103821196773084,0.09028594258661193,0.013248791036658214,0.9635937213897705,26,0.1234114021062851,0.12224538624286652,23.525957107543945,87.61687842006066,12166.2578125,4,4,1.0,1.0,0.0,1.0,other,well_bound,untouched_id
ID_test,35cc89bbfe8f7fb08a618623,morse,truncated_line,7,1.0,49.972424851612644,7,1.0,1.0,0.48840198990650635,0.04743908421494716,1.0553865925572756,0.08979770286123054,0.006779497179219107,0.860060453414917,23,0.13738304376602173,0.13617731630802155,15.472800254821777,63.246476274501035,5516.015625,4,4,1.0,1.0,0.0,1.0,other,well_bound,untouched_id
ID_test,35cc89bbfe8f7fb08a618623,morse,truncated_line,8,1.0,48.341198676455086,8,1.0,1.0,0.5076137263210155,0.04930514373255423,1.1220254642423138,0.08462991139242286,0.005889365087202836,0.8042633533477783,22,0.1443532258272171,0.1437571495771408,8.955988883972168,41.09414690607481,1523.159423828125,4,4,1.0,1.0,0.0,1.0,other,well_bound,untouched_id
ID_test,35cc89bbfe8f7fb08a618623,morse,truncated_line,9,1.0,46.73700883295021,9,1.0,1.0,0.4429896496550433,0.04302812791642883,1.0755687854515559,0.10048770032486454,0.0033625699584923785,0.6929459571838379,20,0.15377259254455566,0.15363776683807373,7.308041095733643,33.31873233444275,853.7823486328125,4,4,1.0,1.0,0.0,1.0,other,well_bound,untouched_id
ID_test,35cc89bbfe8f7fb08a618623,morse,truncated_line,10,1.0,45.159799820059284,10,1.0,1.0,0.42317275511503477,0.04110328864797672,0.9883371103363618,0.09164558962776322,0.002537836133956859,0.6538810729980469,19,0.16313888132572174,0.16273696720600128,5.113437175750732,21.369584964388018,290.3031311035156,4,4,1.0,1.0,1.0,1.0,other,well_bound,untouched_id
ID_test,84ff2c7b148fe5fb8af2791e,morse,truncated_line,0,1.0,66.46641456009688,0,1.0,1.0,0.0,0.0,0.0,0.0,1.0,9.984511343443193,256,0.0266584400087595,0.026542354375123978,48.44454574584961,113.57511042831155,29993.51171875,4,4,1.0,1.0,0.0,1.0,other,well_bound,untouched_id
ID_test,84ff2c7b148fe5fb8af2791e,morse,truncated_line,1,1.0,64.52816385142835,1,1.0,1.0,0.27215282793396933,0.027257501000556378,0.27215282793396933,0.06683994770918336,0.46985860944053714,4.370335478102623,109,0.04938362166285515,0.04911329969763756,49.4486083984375,126.01199330115969,31307.205078125,4,4,1.0,1.0,0.0,1.0,other,well_bound,untouched_id
ID_test,84ff2c7b148fe5fb8af2791e,morse,truncated_line,2,1.0,62.61856228878721,2,1.0,1.0,0.29338191562648475,0.029383702971017004,0.5815855893135624,0.11337253521075967,0.19769583248345834,1.6089024543762207,49,0.06844546645879745,0.06786113232374191,48.69022750854492,122.33684314356424,31433.00390625,4,4,1.0,1.0,0.0,1.0,other,well_bound,untouched_id
ID_test,84ff2c7b148fe5fb8af2791e,morse,truncated_line,3,1.0,60.737611576427376,3,1.0,1.0,0.42136450710521794,0.0422018156533947,0.7974398901128077,0.09224023721685648,0.09274116601282256,1.3346295356750488,40,0.08347892761230469,0.08273141086101532,46.24605178833008,125.53604104917976,29845.5390625,4,4,1.0,1.0,0.0,1.0,other,well_bound,untouched_id
ID_test,84ff2c7b148fe5fb8af2791e,morse,truncated_line,4,1.0,58.88531334769311,4,1.0,1.0,0.4574444084592142,0.04581540274974167,0.9091104562041505,0.08948815447605618,0.04603219229763322,1.1584968566894531,33,0.09828563034534454,0.09734830260276794,41.565467834472656,119.96375019288467,26396.443359375,4,4,1.0,1.0,0.0,1.0,other,well_bound,untouched_id
ID_test,84ff2c7b148fe5fb8af2791e,morse,truncated_line,5,1.0,57.06166917026951,5,1.0,1.0,0.48214171030579145,0.048288964148697454,1.0097398408148002,0.09165117496699811,0.02152672683582224,1.030794382095337,29,0.11155581474304199,0.11045588552951813,31.887807846069336,102.35357311945518,19025.298828125,4,4,1.0,1.0,0.0,1.0,other,well_bound,untouched_id
ID_test,84ff2c7b148fe5fb8af2791e,morse,truncated_line,6,1.0,55.26668055089123,6,1.0,1.0,0.5064803808033448,0.05072660677940432,1.0686400248345138,0.09010514955109852,0.013280468356756114,0.9340441226959229,26,0.12342025339603424,0.12222334742546082,23.558469772338867,87.51863977804251,12193.341796875,4,4,1.0,1.0,0.0,1.0,other,well_bound,untouched_id
ID_test,84ff2c7b148fe5fb8af2791e,morse,truncated_line,7,1.0,53.50034892641168,7,1.0,1.0,0.47299010180751927,0.04737238363879779,1.0218223395702526,0.08962711327041556,0.006782759285114515,0.8337161540985107,24,0.13738004863262177,0.13620896637439728,15.501941680908203,63.21161019771172,5537.59912109375,4,4,1.0,1.0,0.0,1.0,other,well_bound,untouched_id
ID_test,84ff2c7b148fe5fb8af2791e,morse,truncated_line,8,1.0,51.76267538418986,8,1.0,1.0,0.49189070776687877,0.04926537622593842,1.0865598898084818,0.08452216570404193,0.005869431091183208,0.7795672416687012,22,0.14437386393547058,0.14376695454120636,8.976402282714844,41.1007398569419,1532.3140869140625,4,4,1.0,1.0,0.0,1.0,other,well_bound,untouched_id
ID_test,84ff2c7b148fe5fb8af2791e,morse,truncated_line,9,1.0,50.05365634536698,9,1.0,1.0,0.42907517820229363,0.042974078895114516,1.0418555007451937,0.10048614069927035,0.0033441615601752517,0.6714558601379395,20,0.15387465059757233,0.15371853113174438,7.3293914794921875,33.34383965879115,860.7382202148438,4,4,1.0,1.0,0.0,1.0,other,well_bound,untouched_id
ID_test,84ff2c7b148fe5fb8af2791e,morse,truncated_line,10,1.0,48.37323484214178,10,1.0,1.0,0.41030198131411993,0.04109384697965858,0.9579551145138936,0.09164226827323847,0.002508697145056385,0.633610725402832,19,0.16314248740673065,0.16276244819164276,5.127863883972168,21.401160947104728,292.8525390625,4,4,1.0,1.0,1.0,1.0,other,well_bound,untouched_id
ID_test,ff0a94a73cc0b6d6bfbb686b,morse,truncated_line,0,1.0,58.04571010389876,0,1.0,1.0,0.0,0.0,0.0,0.0,1.0,10.55152242141964,256,0.026745887473225594,0.026616893708705902,48.430137634277344,114.41404267935945,29978.369140625,4,4,1.0,1.0,0.0,1.0,other,well_bound,untouched_id
ID_test,ff0a94a73cc0b6d6bfbb686b,morse,truncated_line,1,1.0,56.30209838608968,1,1.0,1.0,0.29113432806899,0.027591689278694598,0.29113432806899,0.06825268370516521,0.4689011129333108,4.606773740297734,108,0.04953267425298691,0.049253806471824646,49.445499420166016,126.8081569965045,31304.818359375,4,4,1.0,1.0,0.0,1.0,other,well_bound,untouched_id
ID_test,ff0a94a73cc0b6d6bfbb686b,morse,truncated_line,2,1.0,54.585046820620114,2,1.0,1.0,0.3102664043379162,0.02940489456839649,0.6190734065618577,0.11156435344534665,0.1970392065003962,1.6984226703643799,49,0.06863477826118469,0.06801663339138031,48.68724060058594,122.81823869818375,31434.576171875,4,4,1.0,1.0,0.0,1.0,other,well_bound,untouched_id
ID_test,ff0a94a73cc0b6d6bfbb686b,morse,truncated_line,3,1.0,52.89455702953343,3,1.0,1.0,0.4473083673415627,0.042392779873501915,0.8481478222577292,0.09103493820032409,0.09196494735385818,1.408891201019287,39,0.08368584513664246,0.08289385586977005,46.2379150390625,125.87798580635229,29843.728515625,4,4,1.0,1.0,0.0,1.0,other,well_bound,untouched_id
ID_test,ff0a94a73cc0b6d6bfbb686b,morse,truncated_line,4,1.0,51.23063056610251,4,1.0,1.0,0.4867010051980392,0.04612614045249374,0.9673653775483628,0.08923035183845533,0.04546781955331902,1.2229208946228027,34,0.09850799292325974,0.09753906726837158,41.552921295166016,120.16884322239402,26392.05078125,4,4,1.0,1.0,0.0,1.0,other,well_bound,untouched_id
ID_test,ff0a94a73cc0b6d6bfbb686b,morse,truncated_line,5,1.0,49.59326891987208,5,1.0,1.0,0.5137854399639576,0.04869301504027236,1.074955626268932,0.09201367413029411,0.021156542288064295,1.088423728942871,29,0.11178276687860489,0.1106744110584259,31.862133026123047,102.46555810254029,19008.6953125,4,4,1.0,1.0,0.0,1.0,other,well_bound,untouched_id
ID_test,ff0a94a73cc0b6d6bfbb686b,morse,truncated_line,6,1.0,47.98247352123351,6,1.0,1.0,0.5383781973496858,0.051023745754145915,1.1379633149282284,0.0905850888572348,0.013060451750283697,0.9864141941070557,26,0.12363161146640778,0.12247395515441895,23.5266170501709,87.55766472671209,12168.9833984375,4,4,1.0,1.0,0.0,1.0,other,well_bound,untouched_id
ID_test,ff0a94a73cc0b6d6bfbb686b,morse,truncated_line,7,1.0,46.39824573398156,7,1.0,1.0,0.5034734017677039,0.04771571169158022,1.0885902070089406,0.0900551088836866,0.006681728370026896,0.8804459571838379,23,0.1376163512468338,0.1363825500011444,15.46930980682373,63.20078635003132,5513.63525390625,4,4,1.0,1.0,0.0,1.0,other,well_bound,untouched_id
ID_test,ff0a94a73cc0b6d6bfbb686b,morse,truncated_line,8,1.0,44.8405866043927,8,1.0,1.0,0.5223660398504972,0.049506224693234,1.1567221273810397,0.08481610715349107,0.005810757059812932,0.8233413696289062,22,0.14458957314491272,0.14398299157619476,8.957737922668457,41.04406350215618,1523.77099609375,4,4,1.0,1.0,0.0,1.0,other,well_bound,untouched_id
ID_test,ff0a94a73cc0b6d6bfbb686b,morse,truncated_line,9,1.0,43.30949291223294,9,1.0,1.0,0.4557662234259554,0.04319435672152369,1.108189850106862,0.10064183551734551,0.003322415974257753,0.7094483375549316,20,0.15403474867343903,0.15392333269119263,7.310856819152832,33.288317298262584,854.7667236328125,4,4,1.0,1.0,0.0,1.0,other,well_bound,untouched_id
ID_test,ff0a94a73cc0b6d6bfbb686b,morse,truncated_line,10,1.0,41.80491192660854,10,1.0,1.0,0.4351327138646763,0.04123885601392978,1.017743268365252,0.09177507565594939,0.002507393666073126,0.6696882247924805,19,0.1634921282529831,0.16307348012924194,5.115493297576904,21.356434136690318,290.64044189453125,4,4,1.0,1.0,1.0,1.0,other,well_bound,untouched_id
ID_test,571355d89670587e6b002b3d,poschl_h,truncated_line,0,1.0,10.155772072847164,0,1.0,1.0,0.0,0.0,0.0,0.0,1.0,16.850083805601415,256,0.03219224885106087,0.03216320276260376,49.86623764038086,122.50261309730924,32461.2265625,4,4,1.0,1.0,0.0,1.0,other,well_bound,untouched_id
ID_test,571355d89670587e6b002b3d,poschl_h,truncated_line,1,1.0,9.027838902343252,1,1.0,1.0,0.006855456158552459,0.00040684997402051635,0.006855456158552459,0.0018092427651194287,0.49819455779246774,8.418186446642192,128,0.05708872899413109,0.05705239996314049,50.050758361816406,123.62980201942517,32460.904296875,4,4,1.0,1.0,0.0,1.0,other,well_bound,untouched_id
ID_test,571355d89670587e6b002b3d,poschl_h,truncated_line,2,1.0,7.966257560041696,2,1.0,1.0,0.48405880060750106,0.02872738237934384,0.4941885224427437,0.1539608055350659,0.2627119286293863,2.313061237335205,42,0.07467005401849747,0.07441171258687973,48.45607376098633,105.173948585933,31523.57421875,4,4,1.0,1.0,0.0,1.0,other,well_bound,untouched_id
ID_test,571355d89670587e6b002b3d,poschl_h,truncated_line,3,1.0,6.9710352091001395,3,1.0,1.0,0.5225962113300228,0.03101445769405004,0.7959854609831085,0.12348204958778344,0.1312917465692797,1.9608759880065918,35,0.0889207050204277,0.08878831565380096,45.7949333190918,93.2450474389663,29720.857421875,4,4,1.0,1.0,0.0,1.0,other,well_bound,untouched_id
ID_test,571355d89670587e6b002b3d,poschl_h,truncated_line,4,1.0,6.042178377493786,4,1.0,1.0,0.679873655511759,0.04034838421905955,1.0136740156564823,0.08067604263560033,0.06046852742496737,1.739884853363037,31,0.10076486319303513,0.1005331352353096,41.25727844238281,88.15240040330814,26247.396484375,4,4,1.0,1.0,0.0,1.0,other,well_bound,untouched_id
ID_test,571355d89670587e6b002b3d,poschl_h,truncated_line,5,1.0,5.179692949045275,5,1.0,1.0,0.7289688997434576,0.04326203407374918,1.1962798894621067,0.07152042193748918,0.022819720225606466,1.5873661041259766,28,0.11228020489215851,0.1116357296705246,31.08623504638672,76.81790491608075,18398.69921875,4,4,1.0,1.0,1.0,1.0,other,well_bound,untouched_id
ID_test,571355d89670587e6b002b3d,poschl_h,truncated_line,6,1.0,4.3835841517996625,6,1.0,1.0,0.8618085053551564,0.051145650982974245,1.4251976700179778,0.08220243812051575,0.010685834078900142,1.4872550964355469,26,0.12015871703624725,0.11953871697187424,22.91034507751465,68.6705155250846,11656.2763671875,4,4,1.0,1.0,1.0,1.0,other,well_bound,untouched_id
ID_test,571355d89670587e6b002b3d,poschl_h,truncated_line,7,1.0,3.6538565060983235,7,1.0,1.0,0.8791508759906124,0.052174866673266,1.5654713601805423,0.09725487449556429,0.005156399374561693,1.3673386573791504,24,0.13004232943058014,0.1298678070306778,14.114006042480469,50.08569187372256,4532.66162109375,4,4,1.0,1.0,0.0,1.0,other,well_bound,untouched_id
ID_test,571355d89670587e6b002b3d,poschl_h,truncated_line,8,1.0,2.9905127570140007,8,1.0,1.0,0.9892701732697935,0.058710104037638905,1.8105763504568904,0.10812098157771281,0.0036104888186361287,1.292989730834961,23,0.13536518812179565,0.13500769436359406,7.682098388671875,31.97693587516275,991.7393798828125,4,4,1.0,1.0,0.0,1.0,other,well_bound,untouched_id
ID_test,571355d89670587e6b002b3d,poschl_h,truncated_line,9,1.0,2.3935341091659676,9,1.0,1.0,0.8594222622907552,0.05100403488824551,1.8028117002238928,0.12164198978522314,0.001985090224060987,1.0626249313354492,19,0.1622270941734314,0.16175544261932373,6.729306697845459,25.73505948610243,664.25341796875,4,4,1.0,1.0,1.0,1.0,other,well_bound,untouched_id
ID_test,571355d89670587e6b002b3d,poschl_h,truncated_line,10,1.0,1.8626330759584704,10,1.0,1.0,0.8674434909023402,0.051480069826951184,1.7841770223794464,0.118492222014719,0.0021709644162563975,0.9985041618347168,19,0.17108400166034698,0.1705569624900818,4.601856708526611,15.431365202798002,199.95858764648438,4,4,1.0,1.0,1.0,1.0,other,well_bound,untouched_id
ID_test,7e806d81d07359bc521195d4,poschl_h,truncated_line,0,1.0,8.45237323757102,0,1.0,1.0,0.0,0.0,0.0,0.0,1.0,18.47650915575914,256,0.03254316374659538,0.03250894322991371,49.78376388549805,126.40503078041827,32431.953125,4,4,1.0,1.0,0.0,1.0,other,well_bound,untouched_id
ID_test,7e806d81d07359bc521195d4,poschl_h,truncated_line,1,1.0,7.472273591366236,1,1.0,1.0,0.00632545817647534,0.00034235136752029216,0.00632545817647534,0.001297827564556292,0.498705579872717,9.231929119703135,128,0.05774730071425438,0.057699549943208694,49.98352813720703,126.89883638304119,32433.91796875,4,4,1.0,1.0,0.0,1.0,other,well_bound,untouched_id
ID_test,7e806d81d07359bc521195d4,poschl_h,truncated_line,2,1.0,6.552530634002334,2,1.0,1.0,0.5320991041202779,0.02879868159264394,0.5434237733547553,0.15203147357788657,0.2638499663734892,2.507704734802246,42,0.07551690936088562,0.07524333149194717,48.364559173583984,106.61176776567596,31474.970703125,4,4,1.0,1.0,0.0,1.0,other,well_bound,untouched_id
ID_test,7e806d81d07359bc521195d4,poschl_h,truncated_line,3,1.0,5.693151163210704,3,1.0,1.0,0.5749504070401668,0.031117913140045417,0.8757549846984845,0.12028338034499739,0.13162475989864666,2.126636505126953,35,0.08983150869607925,0.08971522003412247,45.67304992675781,93.11548116199602,29650.7890625,4,4,1.0,1.0,0.0,1.0,other,well_bound,untouched_id
ID_test,7e806d81d07359bc521195d4,poschl_h,truncated_line,4,1.0,4.8941413290826885,4,1.0,1.0,0.7500826695139193,0.040596557671724376,1.1177141157969792,0.07799453610004266,0.05955658122994022,1.8897943496704102,31,0.10158222913742065,0.10139567404985428,41.14579391479492,87.21512079911975,26183.158203125,4,4,1.0,1.0,0.0,1.0,other,well_bound,untouched_id
ID_test,7e806d81d07359bc521195d4,poschl_h,truncated_line,5,1.0,4.155506625365052,5,1.0,1.0,0.8072052674539567,0.043688191348761916,1.3265276903564782,0.07073083029100184,0.021762152259668762,1.7267742156982422,28,0.1129767894744873,0.11237120628356934,30.91953468322754,75.70793981545799,18282.951171875,4,4,1.0,1.0,1.0,1.0,other,well_bound,untouched_id
ID_test,7e806d81d07359bc521195d4,poschl_h,truncated_line,6,1.0,3.477251878311675,6,1.0,1.0,0.9587502822088018,0.05189022851267111,1.5876344285332662,0.08363154345072268,0.009784129011457126,1.620941162109375,26,0.12065943330526352,0.12003877758979797,22.732078552246094,67.60744758322915,11516.1640625,4,4,1.0,1.0,1.0,1.0,other,well_bound,untouched_id
ID_test,7e806d81d07359bc521195d4,poschl_h,truncated_line,7,1.0,2.8593812010708435,7,1.0,1.0,0.9836925176086976,0.05324017157765324,1.7560434335758273,0.09956485204055442,0.004799451890880935,1.4932441711425781,24,0.1303209662437439,0.13016535341739655,13.912043571472168,49.195649002663146,4391.66650390625,4,4,1.0,1.0,0.0,1.0,other,well_bound,untouched_id
ID_test,7e806d81d07359bc521195d4,poschl_h,truncated_line,8,1.0,2.301896996128014,8,1.0,1.0,1.1088019291148592,0.060011440460290895,2.0353831125050847,0.11051962929038958,0.0034749130554989883,1.412515640258789,23,0.13551096618175507,0.13516190648078918,7.544335842132568,31.223807816611586,940.2584228515625,4,4,1.0,1.0,0.0,1.0,other,well_bound,untouched_id
ID_test,7e806d81d07359bc521195d4,poschl_h,truncated_line,9,1.0,1.8047798783872713,9,1.0,1.0,0.9645338288102236,0.05220325012041454,2.0249527005462458,0.1234993833347858,0.001921226996493022,1.1596364974975586,19,0.16300512850284576,0.16252459585666656,6.634334564208984,25.120507049292385,635.1185302734375,4,4,1.0,1.0,1.0,1.0,other,well_bound,untouched_id
ID_test,7e806d81d07359bc521195d4,poschl_h,truncated_line,10,1.0,1.367722547377765,10,1.0,1.0,0.9729179332811914,0.052657021143949816,1.9972632936438828,0.12067489419520004,0.0021527590086610022,1.090780258178711,18,0.17172665894031525,0.17120063304901123,4.5290207862854,14.946746413651534,188.95663452148438,4,4,1.0,1.0,1.0,1.0,other,well_bound,untouched_id
ID_test,1f2e46d455e3188fefb3a263,poschl_h,truncated_line,0,1.0,7.463520118091916,0,1.0,1.0,0.0,0.0,0.0,0.0,1.0,19.674231071292397,256,0.032110702246427536,0.03208153694868088,49.88587951660156,121.91507472062662,32469.865234375,4,4,1.0,1.0,0.0,1.0,other,well_bound,untouched_id
ID_test,1f2e46d455e3188fefb3a263,poschl_h,truncated_line,1,1.0,6.643088218579474,1,1.0,1.0,0.008235623128722003,0.0004185994918367606,0.008235623128722003,0.0019107355314746666,0.49809312296584324,9.828879912517486,128,0.056942109018564224,0.05690905824303627,50.067535400390625,123.16334694499476,32468.564453125,4,4,1.0,1.0,0.0,1.0,other,well_bound,untouched_id
ID_test,1f2e46d455e3188fefb3a263,poschl_h,truncated_line,2,1.0,5.870394957876563,2,1.0,1.0,0.5651739338861553,0.028726608518430355,0.5769702397735488,0.15413940238530266,0.26262834725751755,2.707141876220703,42,0.07449731230735779,0.07424367964267731,48.48244094848633,105.04402128196756,31538.697265625,4,4,1.0,1.0,0.0,1.0,other,well_bound,untouched_id
ID_test,1f2e46d455e3188fefb3a263,poschl_h,truncated_line,3,1.0,5.145445448152659,3,1.0,1.0,0.6099047386936006,0.03100018173434699,0.9289305642123054,0.12389932542265675,0.13140572111092005,2.2945170402526855,35,0.08874768018722534,0.08860686421394348,45.833248138427734,93.377657505798,29744.390625,4,4,1.0,1.0,0.0,1.0,other,well_bound,untouched_id
ID_test,1f2e46d455e3188fefb3a263,poschl_h,truncated_line,4,1.0,4.468244355874291,4,1.0,1.0,0.7928247456018995,0.040297622953038695,1.182207758984592,0.08104093011498854,0.06079116996704712,2.0351247787475586,31,0.10061974078416824,0.10038228332996368,41.30016326904297,88.3966790326935,26274.98046875,4,4,1.0,1.0,0.0,1.0,other,well_bound,untouched_id
ID_test,1f2e46d455e3188fefb3a263,poschl_h,truncated_line,5,1.0,3.838795895449066,5,1.0,1.0,0.8492484554459498,0.043165522066330134,1.393183584230791,0.07160862499444194,0.02310762797805058,1.8559608459472656,28,0.11217571794986725,0.1115187332034111,31.15338706970215,77.08445024029787,18448.34375,4,4,1.0,1.0,1.0,1.0,other,well_bound,untouched_id
ID_test,1f2e46d455e3188fefb3a263,poschl_h,truncated_line,6,1.0,3.2571038209881786,6,1.0,1.0,1.0031294349664457,0.05098697028267394,1.6584465923918699,0.08185921179188113,0.010886264452768598,1.7382783889770508,26,0.120090551674366,0.11944761872291565,22.975866317749023,68.92343852573472,11708.8095703125,4,4,1.0,1.0,1.0,1.0,other,well_bound,untouched_id
ID_test,1f2e46d455e3188fefb3a263,poschl_h,truncated_line,7,1.0,2.72317138953212,7,1.0,1.0,1.0222342807245772,0.05195802961855865,1.8193119695145636,0.09674481368285592,0.005232019264829413,1.5974998474121094,24,0.13002285361289978,0.12983709573745728,14.17809009552002,50.312172570772816,4577.69140625,4,4,1.0,1.0,0.0,1.0,other,well_bound,untouched_id
ID_test,1f2e46d455e3188fefb3a263,poschl_h,truncated_line,8,1.0,2.2370006181784614,8,1.0,1.0,1.1499138251745837,0.05844771371281074,2.1034847375077987,0.10759192346703252,0.0036313590630281637,1.5104589462280273,23,0.13537445664405823,0.13503044843673706,7.723124980926514,32.16556499930046,1007.122802734375,4,4,1.0,1.0,0.0,1.0,other,well_bound,untouched_id
ID_test,1f2e46d455e3188fefb3a263,poschl_h,truncated_line,9,1.0,1.7985787355531277,9,1.0,1.0,0.9988339110197791,0.05076863778819926,2.0952734243789566,0.12123256078574589,0.0019935978067676654,1.241602897644043,19,0.16210724413394928,0.1616409868001938,6.759672164916992,25.897049103878743,673.4550170898438,4,4,1.0,1.0,1.0,1.0,other,well_bound,untouched_id
ID_test,1f2e46d455e3188fefb3a263,poschl_h,truncated_line,10,1.0,1.407710253341084,10,1.0,1.0,1.0085969994728021,0.051264875146479996,2.0759596565528806,0.11801432753449102,0.00216897851633781,1.1664924621582031,19,0.1709974855184555,0.1704624593257904,4.623043537139893,15.55568361915969,203.15135192871094,4,4,1.0,1.0,1.0,1.0,other,well_bound,untouched_id
ID_test,24f879b14fef98a233072efc,poschl_h,truncated_line,0,1.0,5.943203745488088,0,1.0,1.0,0.0,0.0,0.0,0.0,1.0,22.67371551268991,256,0.034025367349386215,0.03397698700428009,49.31233596801758,148.020415705862,32211.28125,4,4,1.0,1.0,0.0,1.0,other,well_bound,untouched_id
ID_test,24f879b14fef98a233072efc,poschl_h,truncated_line,1,1.0,5.132934512497948,1,1.0,1.0,0.0017526829615478468,7.730020960027103e-05,0.0017526829615478468,0.0006673610307498246,0.49933163519034807,11.335105073383435,128,0.06066545844078064,0.06056041270494461,49.61332702636719,145.50425893601275,32261.845703125,4,4,1.0,1.0,0.0,1.0,other,well_bound,untouched_id
ID_test,24f879b14fef98a233072efc,poschl_h,truncated_line,2,1.0,4.3819982824090875,2,1.0,1.0,0.6661908502383515,0.02938163574759069,0.6808542401222595,0.14018964512709856,0.2699110784007323,2.923102378845215,40,0.07948911935091019,0.07919229567050934,47.91897964477539,115.95685755589669,31228.13671875,4,4,1.0,1.0,0.0,1.0,other,well_bound,untouched_id
ID_test,24f879b14fef98a233072efc,poschl_h,truncated_line,3,1.0,3.6904032727600966,3,1.0,1.0,0.7212199626304155,0.031808635961175696,1.0981767901871387,0.10145899965948293,0.13431854901973675,2.479567527770996,33,0.09433607757091522,0.09417840838432312,45.1112174987793,94.55108869545654,29320.93359375,4,4,1.0,1.0,0.0,1.0,other,well_bound,untouched_id
ID_test,24f879b14fef98a233072efc,poschl_h,truncated_line,4,1.0,3.0581566804890032,4,1.0,1.0,0.9510142348193087,0.041943466843228666,1.4136440720079648,0.06788333758857286,0.05589380795020306,2.216573715209961,30,0.10583756119012833,0.10563884675502777,40.64895248413086,84.13781841591931,25892.4296875,4,4,1.0,1.0,0.0,1.0,other,well_bound,untouched_id
ID_test,24f879b14fef98a233072efc,poschl_h,truncated_line,5,1.0,2.4852646708853534,5,1.0,1.0,1.0391390747048033,0.04583011876122479,1.7188345051734428,0.06742562894674496,0.01749517621155136,2.0383243560791016,27,0.11655295640230179,0.11611674726009369,30.258031845092773,71.42982302391546,17825.484375,4,4,1.0,1.0,1.0,1.0,other,well_bound,untouched_id
ID_test,24f879b14fef98a233072efc,poschl_h,truncated_line,6,1.0,1.9717323636863382,6,1.0,1.0,1.2613381017547267,0.05562996947054343,2.102573511744528,0.09153232289442169,0.006246207013814605,1.9309940338134766,26,0.12324558943510056,0.12261641770601273,21.989898681640625,63.22765232286592,10931.8447265625,4,4,1.0,1.0,1.0,1.0,other,well_bound,untouched_id
ID_test,24f879b14fef98a233072efc,poschl_h,truncated_line,7,1.0,1.5175637987448152,7,1.0,1.0,1.3303696772720406,0.058674533361215815,2.405781628252705,0.1106245819356916,0.003428396856039906,1.7961816787719727,24,0.13200998306274414,0.13174858689308167,13.08276653289795,45.46538394214515,3824.692138671875,4,4,1.0,1.0,0.0,1.0,other,well_bound,untouched_id
ID_test,24f879b14fef98a233072efc,poschl_h,truncated_line,8,1.0,1.1227610319833596,8,1.0,1.0,1.5095692366942082,0.06657793848782041,2.812103840184255,0.11993902551560555,0.0029521197119758407,1.7000293731689453,23,0.13666707277297974,0.13639511168003082,7.002064228057861,28.053443757510284,748.6728515625,4,4,1.0,1.0,0.0,1.0,other,well_bound,untouched_id
ID_test,24f879b14fef98a233072efc,poschl_h,truncated_line,9,1.0,0.787295614412467,9,1.0,1.0,1.3211765349462992,0.05826907964011764,2.7867569608941043,0.13260221245532328,0.001653918626596107,1.3888025283813477,19,0.16700579226016998,0.16643279790878296,6.288238048553467,22.735967361751776,531.529052734375,4,4,1.0,1.0,1.0,1.0,other,well_bound,untouched_id
ID_test,24f879b14fef98a233072efc,poschl_h,truncated_line,10,1.0,0.5105933529451168,10,1.0,1.0,1.3320404778778827,0.05874822223699389,2.7107106858549805,0.131076783136991,0.002072839965899338,1.3136043548583984,18,0.1749749332666397,0.17442497611045837,4.24995756149292,13.074147892509544,149.5232391357422,4,4,1.0,1.0,1.0,1.0,other,well_bound,untouched_id
ID_test,2285542f0a644376d22bb854,poschl_h,truncated_line,0,1.0,6.853525269719602,0,1.0,1.0,0.0,0.0,0.0,0.0,1.0,20.639692597203585,256,0.032969072461128235,0.03293183445930481,49.669063568115234,132.58605648851545,32388.197265625,4,4,1.0,1.0,0.0,1.0,other,well_bound,untouched_id
ID_test,2285542f0a644376d22bb854,poschl_h,truncated_line,1,1.0,6.017879936809241,1,1.0,1.0,0.005283461883669946,0.0002559854929421666,0.005283461883669946,0.0006466157274484519,0.4993561468847493,10.314562836718128,128,0.058583762496709824,0.058518409729003906,49.89452362060547,132.19616968145456,32397.408203125,4,4,1.0,1.0,0.0,1.0,other,well_bound,untouched_id
ID_test,2285542f0a644376d22bb854,poschl_h,truncated_line,2,1.0,5.236524661118667,2,1.0,1.0,0.5977851783984776,0.028962891553892128,0.610770778557054,0.1483201758539756,0.26585979442097185,2.7597227096557617,41,0.07665503770112991,0.07637105882167816,48.25954818725586,109.28653944219302,31420.92578125,4,4,1.0,1.0,0.0,1.0,other,well_bound,untouched_id
ID_test,2285542f0a644376d22bb854,poschl_h,truncated_line,3,1.0,4.5094659318581805,3,1.0,1.0,0.6460793110901124,0.031302758413061245,0.9839605762696197,0.11495418912346875,0.13267422403386198,2.340367317199707,34,0.09109733998775482,0.09099210053682327,45.54584884643555,93.45360363140651,29580.931640625,4,4,1.0,1.0,0.0,1.0,other,well_bound,untouched_id
ID_test,2285542f0a644376d22bb854,poschl_h,truncated_line,4,1.0,3.836709566060163,4,1.0,1.0,0.8453426204478398,0.040957132305467235,1.25872727620714,0.07361500111063946,0.05879571269166513,2.083144187927246,30,0.10277877748012543,0.10262862592935562,41.05309295654297,86.22851278248586,26137.380859375,4,4,1.0,1.0,0.0,1.0,other,well_bound,untouched_id
ID_test,2285542f0a644376d22bb854,poschl_h,truncated_line,5,1.0,3.2182607001225714,5,1.0,1.0,0.913345315137471,0.04425188557610677,1.5034882756276602,0.06937285655603963,0.020591640097882342,1.9066696166992188,28,0.1140463799238205,0.11348644644021988,30.797313690185547,74.4054248999297,18206.302734375,4,4,1.0,1.0,1.0,1.0,other,well_bound,untouched_id
ID_test,2285542f0a644376d22bb854,poschl_h,truncated_line,6,1.0,2.6541237791434282,6,1.0,1.0,1.091793742133861,0.05289777146592703,1.8109838347786669,0.08547057641456293,0.008674371710182559,1.7945442199707031,26,0.12144851684570312,0.12085309624671936,22.58162498474121,66.32722539364192,11400.5009765625,4,4,1.0,1.0,1.0,1.0,other,well_bound,untouched_id
ID_test,2285542f0a644376d22bb854,poschl_h,truncated_line,7,1.0,2.1443025205095756,7,1.0,1.0,1.1295441243369413,0.054726790092308845,2.0233543360959936,0.10254299287496486,0.0043514125585623065,1.657820701599121,24,0.13084226846694946,0.13067543506622314,13.712992668151855,48.16003758219955,4253.59912109375,4,4,1.0,1.0,0.0,1.0,other,well_bound,untouched_id
ID_test,2285542f0a644376d22bb854,poschl_h,truncated_line,8,1.0,1.6887990718306014,8,1.0,1.0,1.2760540936298228,0.06182524703893661,2.3525399674759804,0.11347555406637427,0.0032836673119023955,1.5685319900512695,23,0.13585308194160461,0.1355212926864624,7.4024529457092285,30.335934909491606,887.878662109375,4,4,1.0,1.0,0.0,1.0,other,well_bound,untouched_id
ID_test,2285542f0a644376d22bb854,poschl_h,truncated_line,9,1.0,1.2875948232924097,9,1.0,1.0,1.1123347387451958,0.053892989612447185,2.339262889204644,0.12588883866817407,0.0018258437766921235,1.2858848571777344,19,0.16420073807239532,0.16370685398578644,6.544823169708252,24.43549035052608,607.2689819335938,4,4,1.0,1.0,1.0,1.0,other,well_bound,untouched_id
ID_test,2285542f0a644376d22bb854,poschl_h,truncated_line,10,1.0,0.9403714837053645,10,1.0,1.0,1.122412332726012,0.054381252406738106,2.3001760481397104,0.12356478629654033,0.0021129402826894185,1.2114629745483398,18,0.1727174073457718,0.17216254770755768,4.452957630157471,14.395991331449995,177.59339904785156,4,4,1.0,1.0,1.0,1.0,other,well_bound,untouched_id
ID_test,44f3b1513982fca62f74d79d,poschl_t,singular_interval,0,1.0,inf,0,1.0,1.0,0.0,0.0,0.0,0.0,1.0,8.400498725372822,256,0.023730076849460602,0.023492874577641487,6.370015621185303,56.335808398218035,444.6717834472656,4,4,1.0,1.0,0.0,1.0,other,well_bound,untouched_id
ID_test,44f3b1513982fca62f74d79d,poschl_t,singular_interval,1,1.0,inf,1,1.0,1.0,0.2961881451320485,0.03525840010396566,0.2961881451320485,0.009686990062221623,0.47199713411019534,4.188324309784443,128,0.046491678804159164,0.04609989747405052,6.257674694061279,56.79098390296422,455.44451904296875,4,4,1.0,1.0,1.0,1.0,other,well_bound,untouched_id
ID_test,44f3b1513982fca62f74d79d,poschl_t,singular_interval,2,1.0,inf,2,1.0,1.0,0.2386798229641176,0.028412577725083193,0.4664042252605025,0.0885824817670529,0.26737284031735065,2.4621176719665527,48,0.06612764298915863,0.06534693390130997,4.749631881713867,51.431107741587766,265.74462890625,4,4,1.0,1.0,1.0,1.0,other,well_bound,untouched_id
ID_test,44f3b1513982fca62f74d79d,poschl_t,singular_interval,3,1.0,inf,3,1.0,1.0,0.27012855961315774,0.03215625267548257,0.509519400103061,0.07932930508811026,0.16546897107991276,1.8630447387695312,38,0.08698300272226334,0.08615131676197052,4.421751022338867,53.27531394319258,214.41798400878906,4,4,1.0,1.0,1.0,1.0,other,well_bound,untouched_id
ID_test,44f3b1513982fca62f74d79d,poschl_t,singular_interval,4,1.0,inf,4,1.0,1.0,0.2335652241206786,0.027803733058755123,0.4411307442748784,0.06833918833886674,0.13237127764838608,1.4940271377563477,30,0.10653789341449738,0.10586506128311157,4.300173759460449,54.433759353393114,194.57054138183594,4,4,1.0,1.0,1.0,1.0,other,well_bound,untouched_id
ID_test,44f3b1513982fca62f74d79d,poschl_t,singular_interval,5,1.0,inf,5,1.0,1.0,0.21697072746794963,0.025828315027608108,0.409245432026645,0.05461698832942897,0.09596982503814958,1.2447872161865234,25,0.12925098836421967,0.12788787484169006,4.17687463760376,56.40284885593206,170.7113494873047,4,4,1.0,1.0,1.0,1.0,other,well_bound,untouched_id
ID_test,44f3b1513982fca62f74d79d,poschl_t,singular_interval,6,1.0,inf,6,1.0,1.0,0.19296252480829926,0.02297036534574742,0.3741497361976238,0.0474208540767982,0.08505032777489865,1.0723304748535156,21,0.14833906292915344,0.14690768718719482,3.638272285461426,50.550877953213714,110.50491333007812,4,4,1.0,1.0,1.0,1.0,other,well_bound,untouched_id
ID_test,44f3b1513982fca62f74d79d,poschl_t,singular_interval,7,1.0,inf,7,1.0,1.0,0.15329994787964082,0.01824891031964739,0.30856351544627625,0.04177326073830971,0.06613068464119995,0.9305915832519531,19,0.16713650524616241,0.16598302125930786,3.8272924423217773,55.21088889539287,121.45935821533203,4,4,1.0,1.0,1.0,1.0,other,well_bound,untouched_id
ID_test,44f3b1513982fca62f74d79d,poschl_t,singular_interval,8,1.0,inf,8,1.0,1.0,0.0999537487723699,0.01189854936475023,0.20876374074211768,0.04788333255746982,0.043363276917166065,0.8193426132202148,16,0.19302710890769958,0.19127735495567322,3.907672882080078,38.927988635451314,137.79640197753906,4,4,1.0,1.0,1.0,1.0,other,well_bound,untouched_id
ID_test,44f3b1513982fca62f74d79d,poschl_t,singular_interval,9,1.0,inf,9,1.0,1.0,0.13090556915609836,0.015583071128945221,0.22729618566190535,0.04378291978977551,0.028219879335235443,0.7309222221374512,14,0.2229805588722229,0.2195177674293518,3.339160680770874,27.10853918026544,80.17228698730469,4,4,1.0,1.0,1.0,1.0,other,well_bound,untouched_id
ID_test,44f3b1513982fca62f74d79d,poschl_t,singular_interval,10,1.0,inf,10,1.0,1.0,0.1077449267839202,0.012826015491019358,0.21886170016194129,0.03293563198966753,0.030993656106986196,0.6935069561004639,14,0.23196929693222046,0.2310696840286255,3.2767438888549805,39.74552016042773,71.52777099609375,4,4,1.0,1.0,1.0,1.0,other,well_bound,untouched_id
ID_test,5863819323742ff19490b372,poschl_t,singular_interval,0,1.0,inf,0,1.0,1.0,0.0,0.0,0.0,0.0,1.0,9.503735789757016,256,0.02414446882903576,0.023898066952824593,6.564476490020752,54.55921601519938,483.2648010253906,4,4,1.0,1.0,0.0,1.0,other,well_bound,untouched_id
ID_test,5863819323742ff19490b372,poschl_t,singular_interval,1,1.0,inf,1,1.0,1.0,0.057539591507637766,0.0060544182604121925,0.057539591507637766,0.03818542136616965,0.47012810786689924,4.671529063682797,127,0.047269903123378754,0.04679432511329651,6.442452430725098,54.811925110695746,495.65960693359375,4,4,1.0,1.0,1.0,1.0,other,well_bound,untouched_id
ID_test,5863819323742ff19490b372,poschl_t,singular_interval,2,1.0,inf,2,1.0,1.0,0.3177188296712814,0.03343094091627778,0.3771137619279963,0.10289678807883267,0.2586262082676764,2.7521653175354004,48,0.06697365641593933,0.06618024408817291,4.910124778747559,49.81764910505658,294.2198181152344,4,4,1.0,1.0,1.0,1.0,other,well_bound,untouched_id
ID_test,5863819323742ff19490b372,poschl_t,singular_interval,3,1.0,inf,3,1.0,1.0,0.2648498893011187,0.02786797688405542,0.4102781590115101,0.09579419513546239,0.15292452326730854,2.082333564758301,37,0.0879896804690361,0.0871613621711731,4.5741963386535645,51.451920944713045,238.4752197265625,4,4,1.0,1.0,1.0,1.0,other,well_bound,untouched_id
ID_test,5863819323742ff19490b372,poschl_t,singular_interval,4,1.0,inf,4,1.0,1.0,0.2716557986567546,0.028584106783517818,0.435800929564532,0.07960412856891827,0.11613623410247048,1.6706433296203613,30,0.10773163288831711,0.10704862326383591,4.450555324554443,52.83985371079931,217.17478942871094,4,4,1.0,1.0,1.0,1.0,other,well_bound,untouched_id
ID_test,5863819323742ff19490b372,poschl_t,singular_interval,5,1.0,inf,5,1.0,1.0,0.23344952626683008,0.024563974781205353,0.385446107267029,0.06244453841034525,0.0825438672894367,1.3910088539123535,24,0.13067111372947693,0.12930771708488464,4.313304901123047,54.847305103943164,189.7127227783203,4,4,1.0,1.0,1.0,1.0,other,well_bound,untouched_id
ID_test,5863819323742ff19490b372,poschl_t,singular_interval,6,1.0,inf,6,1.0,1.0,0.22634398938994163,0.023816317540507784,0.38882636763404266,0.053080602012867066,0.07163592224900017,1.200273036956787,21,0.14984776079654694,0.14840951561927795,3.7633748054504395,49.8660560700569,123.82299041748047,4,4,1.0,1.0,1.0,1.0,other,well_bound,untouched_id
ID_test,5863819323742ff19490b372,poschl_t,singular_interval,7,1.0,inf,7,1.0,1.0,0.18925867228910434,0.019914134449432453,0.3455329251103074,0.0468817176765438,0.05186933693370304,1.0412321090698242,19,0.16895809769630432,0.1678173542022705,3.964585065841675,53.86556393753976,136.7919158935547,4,4,1.0,1.0,1.0,1.0,other,well_bound,untouched_id
ID_test,5863819323742ff19490b372,poschl_t,singular_interval,8,1.0,inf,8,1.0,1.0,0.12797509695252343,0.01346576754484832,0.26121956547021496,0.05135619090941971,0.03249062218604366,0.9163742065429688,16,0.19522470235824585,0.19346527755260468,3.993661880493164,37.478602221625565,147.8126220703125,4,4,1.0,1.0,1.0,1.0,other,well_bound,untouched_id
ID_test,5863819323742ff19490b372,poschl_t,singular_interval,9,1.0,inf,9,1.0,1.0,0.10680207304138577,0.011237904273022346,0.21693488307761633,0.04947518661078594,0.02013939099425169,0.8171582221984863,14,0.2253989428281784,0.22186008095741272,3.4123401641845703,26.3859779010509,86.2061996459961,4,4,1.0,1.0,1.0,1.0,other,well_bound,untouched_id
ID_test,5863819323742ff19490b372,poschl_t,singular_interval,10,1.0,inf,10,1.0,1.0,0.1208202471146741,0.012712921506602946,0.2287327060456057,0.03695609981755579,0.023060044872039106,0.7787983417510986,13,0.23393021523952484,0.23298323154449463,3.3130388259887695,37.932884349226065,74.2509994506836,4,4,1.0,1.0,1.0,1.0,other,well_bound,untouched_id
ID_test,56e758e708fe3502dbc01246,poschl_t,singular_interval,0,1.0,inf,0,1.0,1.0,0.0,0.0,0.0,0.0,1.0,9.132498299079563,256,0.023900290951132774,0.023666925728321075,6.452418327331543,54.89389469836006,459.9235534667969,4,4,1.0,1.0,0.0,1.0,other,well_bound,untouched_id
ID_test,56e758e708fe3502dbc01246,poschl_t,singular_interval,1,1.0,inf,1,1.0,1.0,0.42561258463154683,0.04660417891065395,0.42561258463154683,0.001386754876356422,0.4761122102960646,4.557438850402832,128,0.046808138489723206,0.04643990099430084,6.3478240966796875,55.36850111787968,473.4486389160156,4,4,1.0,1.0,1.0,1.0,other,well_bound,untouched_id
ID_test,56e758e708fe3502dbc01246,poschl_t,singular_interval,2,1.0,inf,2,1.0,1.0,0.35096065484785943,0.038429862602135025,0.6272570379244424,0.08316976893971373,0.27006911409941114,2.6622259616851807,48,0.06646638363599777,0.06569607555866241,4.822757244110107,50.642136873852266,278.4488830566406,4,4,1.0,1.0,0.0,1.0,other,well_bound,untouched_id
ID_test,56e758e708fe3502dbc01246,poschl_t,singular_interval,3,1.0,inf,3,1.0,1.0,0.34777758917971174,0.03808131989630518,0.6737448537483388,0.07354531987175414,0.16712592722368014,2.0175228118896484,37,0.08737698942422867,0.08653116226196289,4.491503715515137,52.41212582054898,225.25814819335938,4,4,1.0,1.0,1.0,1.0,other,well_bound,untouched_id
ID_test,56e758e708fe3502dbc01246,poschl_t,singular_interval,4,1.0,inf,4,1.0,1.0,0.3114381373229369,0.034102183994310274,0.5919392784291126,0.062387107172533394,0.13356715231609242,1.6187834739685059,30,0.10700695961713791,0.10634338110685349,4.361430644989014,53.664937277231935,203.6105499267578,4,4,1.0,1.0,1.0,1.0,other,well_bound,untouched_id
ID_test,56e758e708fe3502dbc01246,poschl_t,singular_interval,5,1.0,inf,5,1.0,1.0,0.2913995120804541,0.03190797332092834,0.5489880406706824,0.05165140552556827,0.09660035448527825,1.3485608100891113,24,0.1297779232263565,0.12838222086429596,4.234776496887207,55.87127851536003,178.76588439941406,4,4,1.0,1.0,0.0,1.0,other,well_bound,untouched_id
ID_test,56e758e708fe3502dbc01246,poschl_t,singular_interval,6,1.0,inf,6,1.0,1.0,0.2602917958868867,0.028501707568138364,0.5049224201658067,0.04527414799559946,0.08542555941770925,1.1621031761169434,21,0.14888827502727509,0.14743658900260925,3.6899144649505615,50.17312267475802,115.9629898071289,4,4,1.0,1.0,1.0,1.0,other,well_bound,untouched_id
ID_test,56e758e708fe3502dbc01246,poschl_t,singular_interval,7,1.0,inf,7,1.0,1.0,0.20851785932130698,0.022832510063793044,0.4241371556403468,0.041397686421879624,0.06618799903463761,1.0083589553833008,19,0.16779562830924988,0.1666634976863861,3.885897636413574,54.56001178552162,127.98358917236328,4,4,1.0,1.0,1.0,1.0,other,well_bound,untouched_id
ID_test,56e758e708fe3502dbc01246,poschl_t,singular_interval,8,1.0,inf,8,1.0,1.0,0.15109100153671162,0.01654432298683698,0.307161721902232,0.048414015854765284,0.0405948300489557,0.8874578475952148,16,0.19380401074886322,0.1921067237854004,3.938967227935791,38.15272791107978,141.41184997558594,4,4,1.0,1.0,1.0,1.0,other,well_bound,untouched_id
ID_test,56e758e708fe3502dbc01246,poschl_t,singular_interval,9,1.0,inf,9,1.0,1.0,0.18063452278450143,0.019779310859845113,0.323305126988342,0.044018553816538866,0.028143918375633695,0.7907965183258057,14,0.22410689294338226,0.22065065801143646,3.3722281455993652,26.428108661388706,82.86202239990234,4,4,1.0,1.0,1.0,1.0,other,well_bound,untouched_id
ID_test,56e758e708fe3502dbc01246,poschl_t,singular_interval,10,1.0,inf,10,1.0,1.0,0.15743219357922705,0.01723867756921391,0.31504353130911866,0.03249036201812247,0.030964087773620034,0.7514877319335938,13,0.23269228637218475,0.23181043565273285,3.2988955974578857,38.9358135016693,73.14534759521484,4,4,1.0,1.0,1.0,1.0,other,well_bound,untouched_id
ID_test,4e6e0c8b043d1ed8ead96322,poschl_t,singular_interval,0,1.0,inf,0,1.0,1.0,0.0,0.0,0.0,0.0,1.0,7.807845558047753,256,0.023852353915572166,0.023615384474396706,6.429909706115723,55.574846146194226,456.0479431152344,4,4,1.0,1.0,0.0,1.0,other,well_bound,untouched_id
ID_test,4e6e0c8b043d1ed8ead96322,poschl_t,singular_interval,1,1.0,inf,1,1.0,1.0,0.22850045081485426,0.029265493165311497,0.22850045081485426,0.012226209112113029,0.47294435897610293,3.8870348585848626,128,0.04672050103545189,0.046323712915182114,6.317241668701172,55.958111877541235,467.1968078613281,4,4,1.0,1.0,1.0,1.0,other,well_bound,untouched_id
ID_test,4e6e0c8b043d1ed8ead96322,poschl_t,singular_interval,2,1.0,inf,2,1.0,1.0,0.2283012011181742,0.029239974000620197,0.41309461132817926,0.09306388124260423,0.2666338136355468,2.279874563217163,48,0.06637930870056152,0.0655992329120636,4.800771236419678,50.80707765651211,274.6160888671875,4,4,1.0,1.0,1.0,1.0,other,well_bound,untouched_id
ID_test,4e6e0c8b043d1ed8ead96322,poschl_t,singular_interval,3,1.0,inf,3,1.0,1.0,0.25585624418928665,0.03276912206922034,0.46657301116016914,0.08343311827909206,0.16371605453319282,1.7257764339447021,38,0.08728111535310745,0.08644670993089676,4.470355033874512,52.57489092729313,221.93377685546875,4,4,1.0,1.0,1.0,1.0,other,well_bound,untouched_id
ID_test,4e6e0c8b043d1ed8ead96322,poschl_t,singular_interval,4,1.0,inf,4,1.0,1.0,0.21632326253802953,0.027705883899696172,0.4100635937053161,0.0713528236477906,0.12978425839017807,1.3842501640319824,29,0.10689367353916168,0.1062188595533371,4.34619665145874,53.82513778440174,201.33392333984375,4,4,1.0,1.0,1.0,1.0,other,well_bound,untouched_id
ID_test,4e6e0c8b043d1ed8ead96322,poschl_t,singular_interval,5,1.0,inf,5,1.0,1.0,0.1981673406150247,0.02538054052705594,0.38448011529293336,0.05687482275112939,0.09369914086611128,1.1531243324279785,25,0.12966331839561462,0.1282968372106552,4.219417572021484,55.77439829938404,176.54566955566406,4,4,1.0,1.0,1.0,1.0,other,well_bound,untouched_id
ID_test,4e6e0c8b043d1ed8ead96322,poschl_t,singular_interval,6,1.0,inf,6,1.0,1.0,0.185933070101065,0.023813620379493656,0.3541035812604667,0.04919029388309358,0.08277221963640707,0.9937748908996582,21,0.14877554774284363,0.14733794331550598,3.6766953468322754,50.254321204148766,114.51463317871094,4,4,1.0,1.0,1.0,1.0,other,well_bound,untouched_id
ID_test,4e6e0c8b043d1ed8ead96322,poschl_t,singular_interval,7,1.0,inf,7,1.0,1.0,0.14617641321248245,0.018721734712313122,0.2940790101834976,0.04339430071424937,0.06344263940483616,0.8623123168945312,19,0.1676653027534485,0.16651780903339386,3.8700151443481445,54.63302661672692,126.1436538696289,4,4,1.0,1.0,1.0,1.0,other,well_bound,untouched_id
ID_test,4e6e0c8b043d1ed8ead96322,poschl_t,singular_interval,8,1.0,inf,8,1.0,1.0,0.09266528611438582,0.011868227339470521,0.20214703393325095,0.04937692928787978,0.04126175635248194,0.7591071128845215,16,0.19365403056144714,0.19191229343414307,3.9333267211914062,38.39905542836476,140.7493438720703,4,4,1.0,1.0,1.0,1.0,other,well_bound,untouched_id
ID_test,4e6e0c8b043d1ed8ead96322,poschl_t,singular_interval,9,1.0,inf,9,1.0,1.0,0.1156729443889428,0.014814963171206124,0.21963862751164953,0.045289033532387675,0.026600491808965825,0.6769454479217529,14,0.22373799979686737,0.22026327252388,3.3625526428222656,26.764856498183782,82.07037353515625,4,4,1.0,1.0,1.0,1.0,other,well_bound,untouched_id
ID_test,4e6e0c8b043d1ed8ead96322,poschl_t,singular_interval,10,1.0,inf,10,1.0,1.0,0.09686816486340388,0.012406516515117195,0.21324082013522982,0.0340331037811372,0.029450266129433068,0.6429777145385742,13,0.2325439751148224,0.23163844645023346,3.2906363010406494,39.09168856680958,72.55287170410156,4,4,1.0,1.0,1.0,1.0,other,well_bound,untouched_id
ID_test,68c4a4fb2e38a0e46f14eeb9,poschl_t,singular_interval,0,1.0,inf,0,1.0,1.0,0.0,0.0,0.0,0.0,1.0,7.853269773440911,256,0.023741312325000763,0.023486552760004997,6.370762825012207,57.17178332248581,445.5354309082031,4,4,1.0,1.0,0.0,1.0,other,well_bound,untouched_id
ID_test,68c4a4fb2e38a0e46f14eeb9,poschl_t,singular_interval,1,1.0,inf,1,1.0,1.0,0.10250813883095411,0.013052924678282146,0.10250813883095411,0.04665848772161721,0.4668805378172985,3.8545891818576594,127,0.04651414975523949,0.04603936895728111,6.246443748474121,57.57114659273762,455.6668395996094,4,4,1.0,1.0,1.0,1.0,other,well_bound,untouched_id
ID_test,68c4a4fb2e38a0e46f14eeb9,poschl_t,singular_interval,2,1.0,inf,2,1.0,1.0,0.21118670846982202,0.026891564222591393,0.30312811922841654,0.09408396987527871,0.2593355429125159,2.3027124404907227,48,0.06615348160266876,0.06534609198570251,4.746679306030273,51.925120959258855,265.2776794433594,4,4,1.0,1.0,1.0,1.0,other,well_bound,untouched_id
ID_test,68c4a4fb2e38a0e46f14eeb9,poschl_t,singular_interval,3,1.0,inf,3,1.0,1.0,0.18193912411449378,0.0231673085686928,0.30190543457978647,0.08928016880803222,0.15619349581436057,1.7389039993286133,37,0.08702494949102402,0.08620833605527878,4.419230937957764,53.82792362718659,214.050537109375,4,4,1.0,1.0,1.0,1.0,other,well_bound,untouched_id
ID_test,68c4a4fb2e38a0e46f14eeb9,poschl_t,singular_interval,4,1.0,inf,4,1.0,1.0,0.17190401680680278,0.021889483204584097,0.3102074569095077,0.07535313447398329,0.12132650581114716,1.3942041397094727,30,0.1065809577703476,0.105887770652771,4.306186199188232,55.03209435251284,195.4267578125,4,4,1.0,1.0,1.0,1.0,other,well_bound,untouched_id
ID_test,68c4a4fb2e38a0e46f14eeb9,poschl_t,singular_interval,5,1.0,inf,5,1.0,1.0,0.14020456904949513,0.017853018308839334,0.26378033947967117,0.05871348212815993,0.08722321427953554,1.1607685089111328,25,0.12934985756874084,0.12801314890384674,4.179825782775879,56.48011194842745,170.9736785888672,4,4,1.0,1.0,1.0,1.0,other,well_bound,untouched_id
ID_test,68c4a4fb2e38a0e46f14eeb9,poschl_t,singular_interval,6,1.0,inf,6,1.0,1.0,0.13880715366376442,0.017675077727903655,0.26350301363349526,0.04997509591156828,0.07668756724800939,1.0006647109985352,21,0.1484517902135849,0.14704008400440216,3.6423819065093994,51.14393304919364,110.86561584472656,4,4,1.0,1.0,1.0,1.0,other,well_bound,untouched_id
ID_test,68c4a4fb2e38a0e46f14eeb9,poschl_t,singular_interval,7,1.0,inf,7,1.0,1.0,0.11584004199001104,0.014750549176570017,0.22982956987955294,0.04366301877145991,0.05729656508742829,0.8684792518615723,19,0.16727131605148315,0.16610023379325867,3.830106735229492,55.65598543116432,121.64191436767578,4,4,1.0,1.0,1.0,1.0,other,well_bound,untouched_id
ID_test,68c4a4fb2e38a0e46f14eeb9,poschl_t,singular_interval,8,1.0,inf,8,1.0,1.0,0.06929868210845375,0.008824182042340629,0.16111149693957838,0.047101187143867324,0.03670008489067715,0.7651796340942383,16,0.19321922957897186,0.191374272108078,3.913644552230835,39.355473565706646,138.44970703125,4,4,1.0,1.0,1.0,1.0,other,well_bound,untouched_id
ID_test,68c4a4fb2e38a0e46f14eeb9,poschl_t,singular_interval,9,1.0,inf,9,1.0,1.0,0.04950962308296779,0.006304332400550547,0.12598413234022088,0.044568194418347994,0.023237374193085573,0.6830041408538818,14,0.22284947335720062,0.2193499505519867,3.3369157314300537,27.75465978853906,79.99333953857422,4,4,1.0,1.0,1.0,1.0,other,well_bound,untouched_id
ID_test,68c4a4fb2e38a0e46f14eeb9,poschl_t,singular_interval,10,1.0,inf,10,1.0,1.0,0.06291509888895142,0.008011325308309784,0.1341693788696876,0.034428025301194244,0.026084005723339326,0.6482292413711548,13,0.23210318386554718,0.231167271733284,3.2683043479919434,39.9700064532625,70.9466552734375,4,4,1.0,1.0,1.0,1.0,other,well_bound,untouched_id
ID_test,3177fa67cde0cebcdffdc195,radial_coulomb,radial_reduced,0,1.0,0.8760569702516494,0,1.0,1.0,0.0,0.0,0.0,0.0,1.0,237.8160070623054,256,0.03175754100084305,0.030765144154429436,35.1951789855957,38.073659383251,22112.08984375,4,4,1.0,1.0,0.0,1.0,other,well_bound,untouched_id
ID_test,3177fa67cde0cebcdffdc195,radial_coulomb,radial_reduced,1,1.0,0.21901224511939343,1,1.0,1.0,18.262954628368195,0.07679447171772372,18.262954628368195,0.04536522625179127,0.0029581846402194634,19.773494720458984,91,0.06344392895698547,0.06175335496664047,38.49452209472656,33.30749878094663,24562.611328125,4,4,1.0,1.0,0.0,1.0,other,well_bound,untouched_id
ID_test,3177fa67cde0cebcdffdc195,radial_coulomb,radial_reduced,2,1.0,0.09733790925417396,2,1.0,1.0,18.417184778835548,0.07744299892315672,25.46721148176752,0.1126353601888251,0.00010448789985739726,12.8037109375,33,0.10049643367528915,0.09814223647117615,43.46500015258789,33.32222905599477,28126.3203125,4,4,1.0,1.0,0.0,1.0,other,moderate,untouched_id
ID_test,3177fa67cde0cebcdffdc195,radial_coulomb,radial_reduced,3,1.0,0.05475215067059103,3,1.0,1.0,21.033487350845927,0.08844437180940207,34.26439970326766,0.20863620667872607,1.3535135401698817e-05,11.234289169311523,26,0.1250097006559372,0.12254544347524643,43.17168045043945,27.88187223782743,27908.5625,4,4,1.0,1.0,0.0,1.0,other,moderate,untouched_id
ID_test,3177fa67cde0cebcdffdc195,radial_coulomb,radial_reduced,4,1.0,0.035041138449626974,4,1.0,1.0,26.61285642823127,0.11190523614021898,43.00470142000543,0.17325901352793743,4.960913008666967e-05,12.902613639831543,22,0.1484237015247345,0.1462317705154419,43.25200271606445,25.28489086216561,27995.146484375,4,4,1.0,1.0,0.0,1.0,other,near,untouched_id
ID_test,3177fa67cde0cebcdffdc195,radial_coulomb,radial_reduced,5,1.0,0.024333976227941756,5,1.0,1.0,31.388329455055317,0.13198577271054715,55.38299440540569,0.18915335401237376,4.462650515257849e-05,12.816107749938965,21,0.15659412741661072,0.15454579889774323,45.85607147216797,21.801174623777747,29506.34765625,4,4,1.0,1.0,0.0,1.0,other,near,untouched_id
ID_test,3177fa67cde0cebcdffdc195,radial_coulomb,radial_reduced,6,1.0,0.017877924949878388,6,1.0,1.0,42.50048782294777,0.1787116365628537,66.18667897886877,0.12077226297293817,0.0006214822216299432,16.075376510620117,18,0.17912915349006653,0.17703814804553986,43.98815155029297,26.621742641857598,28304.154296875,4,4,1.0,1.0,0.0,1.0,other,near,untouched_id
ID_test,3177fa67cde0cebcdffdc195,radial_coulomb,radial_reduced,7,1.0,0.013687717166614322,7,1.0,1.0,44.19736094685334,0.18584687167535394,64.93650855698594,0.11311751780235853,0.00034711234595108387,16.09844398498535,15,0.203688383102417,0.2006964534521103,40.11294174194336,30.34349839856796,25594.16796875,4,4,1.0,1.0,0.0,1.0,other,near,untouched_id
ID_test,3177fa67cde0cebcdffdc195,radial_coulomb,radial_reduced,8,1.0,0.01081493581337778,8,1.0,1.0,49.442654326611525,0.20790297060894664,73.70111544864436,0.12033969564218866,0.0005866508780585367,15.694570541381836,15,0.2056363821029663,0.20356222987174988,21.47496223449707,24.7455409985762,10626.392578125,4,4,1.0,1.0,0.0,1.0,other,near,untouched_id
ID_test,3177fa67cde0cebcdffdc195,radial_coulomb,radial_reduced,9,1.0,0.008760048161115419,9,1.0,1.0,49.784864495150636,0.20934194089848418,71.31343180580969,0.13384844491662767,0.0004954103261322063,14.703052520751953,15,0.21458879113197327,0.20976139605045319,10.635462760925293,27.462362834594433,2312.13134765625,4,4,1.0,1.0,0.0,1.0,other,near,untouched_id
ID_test,3177fa67cde0cebcdffdc195,radial_coulomb,radial_reduced,10,1.0,0.007237427556886722,10,1.0,1.0,46.294320245860526,0.19466444171578356,63.780971755917165,0.1322122287044556,0.00041093468969410907,13.458880424499512,14,0.22770346701145172,0.22150659561157227,5.477602481842041,8.669859728153353,312.75555419921875,4,4,1.0,1.0,0.0,1.0,other,near,untouched_id
ID_test,da71cf1a13f5474bd816de07,radial_coulomb,radial_reduced,0,1.0,0.40297151516451457,0,1.0,1.0,0.0,0.0,0.0,0.0,1.0,225.0306661609002,512,0.01583247259259224,0.015306847169995308,31.91153335571289,2305.8300401075635,17813.212890625,4,4,1.0,1.0,0.0,1.0,other,well_bound,untouched_id
ID_test,da71cf1a13f5474bd816de07,radial_coulomb,radial_reduced,1,1.0,0.1790942043498578,1,1.0,1.0,15.580969429013344,0.06923931611113271,15.580969429013344,0.047990093461823154,0.0010907179559570546,18.92265510559082,182,0.031687039881944656,0.03086087852716446,36.048099517822266,2088.624009223797,21392.712890625,4,4,1.0,1.0,0.0,1.0,other,moderate,untouched_id
ID_test,da71cf1a13f5474bd816de07,radial_coulomb,radial_reduced,2,1.0,0.10073839917499372,2,1.0,1.0,15.536790052056789,0.06904299008272835,21.967713745302888,0.3221712916108571,4.994234426280997e-05,12.184657096862793,69,0.049868326634168625,0.04867247864603996,42.72429275512695,1965.9954755359208,27382.31640625,4,4,1.0,1.0,0.0,1.0,other,moderate,untouched_id
ID_test,da71cf1a13f5474bd816de07,radial_coulomb,radial_reduced,3,1.0,0.06447149183806844,3,1.0,1.0,17.330102289541056,0.07701218054053922,29.067352077356702,0.2526213818135602,1.0095607525184569e-05,10.689434051513672,53,0.06258087605237961,0.06134284660220146,42.59687805175781,1624.9482330698743,27311.412109375,4,4,1.0,1.0,0.0,1.0,other,moderate,untouched_id
ID_test,da71cf1a13f5474bd816de07,radial_coulomb,radial_reduced,4,1.0,0.044771248539063,4,1.0,1.0,21.440347954725766,0.09527744960500452,35.11507983846711,0.20228997212470717,2.5656925444428325e-05,11.985581398010254,42,0.07584516704082489,0.07467401027679443,44.01704025268555,717.564724012524,28453.21484375,4,4,1.0,1.0,0.0,1.0,other,near,untouched_id
ID_test,da71cf1a13f5474bd816de07,radial_coulomb,radial_reduced,5,1.0,0.032892776077526165,5,1.0,1.0,26.31587870425998,0.1169435222017418,47.96604115627825,0.2102292439261139,6.509236140306296e-05,11.972846984863281,40,0.07937058806419373,0.07852083444595337,46.48640823364258,504.0676744024945,29926.078125,4,4,1.0,1.0,0.0,1.0,other,near,untouched_id
ID_test,da71cf1a13f5474bd816de07,radial_coulomb,radial_reduced,6,1.0,0.0251832756671988,6,1.0,1.0,35.36376086032478,0.15715085176452873,56.14749027672469,0.1174448038486914,0.000498075945289389,14.618734359741211,35,0.08970548957586288,0.08935727924108505,45.37424087524414,139.97485959781628,29205.380859375,4,4,1.0,1.0,0.0,1.0,other,near,untouched_id
ID_test,da71cf1a13f5474bd816de07,radial_coulomb,radial_reduced,7,1.0,0.019897718341316928,7,1.0,1.0,39.233098994829454,0.1743455666028079,59.868330715266346,0.1068105764868024,0.00027843196044230467,15.158028602600098,30,0.10419385135173798,0.10219907760620117,41.41416549682617,53.140395036496926,26499.96875,4,4,1.0,1.0,0.0,1.0,other,near,untouched_id
ID_test,da71cf1a13f5474bd816de07,radial_coulomb,radial_reduced,8,1.0,0.016117022353794752,8,1.0,1.0,45.02597556808011,0.20008817614167254,71.0544468553208,0.11498338647363147,0.0008273825445812566,14.918203353881836,31,0.10351842641830444,0.10234352946281433,23.20874786376953,58.63155787533913,12028.3857421875,4,4,1.0,1.0,0.0,1.0,other,near,untouched_id
ID_test,da71cf1a13f5474bd816de07,radial_coulomb,radial_reduced,9,1.0,0.013319755731976635,9,1.0,1.0,46.77541992785044,0.207862424823492,72.37679919804437,0.12731249632072492,0.0004830990151075687,14.131359100341797,29,0.10585441440343857,0.1043294221162796,9.907662391662598,113.20102970177993,1921.613525390625,4,4,1.0,1.0,0.0,1.0,other,near,untouched_id
ID_test,da71cf1a13f5474bd816de07,radial_coulomb,radial_reduced,10,1.0,0.011192055617958552,10,1.0,1.0,44.87130197886683,0.19940083164835495,65.66512624924464,0.12579234816418278,0.0005684476880968292,13.040815353393555,28,0.11237795650959015,0.1108844056725502,5.1559858322143555,155.39018134403779,261.2734375,4,4,1.0,1.0,0.0,1.0,other,near,untouched_id
ID_test,bb4c21373d08d26984918111,radial_coulomb,radial_reduced,0,1.0,0.3956585325565225,0,1.0,1.0,0.0,0.0,0.0,0.0,1.0,227.10077275899016,512,0.0158325657248497,0.015306898392736912,31.911529541015625,2305.8302966842357,17813.216796875,4,4,1.0,1.0,0.0,1.0,other,well_bound,untouched_id
ID_test,bb4c21373d08d26984918111,radial_coulomb,radial_reduced,1,1.0,0.1758440669274386,1,1.0,1.0,15.724300793027856,0.06923930994156154,15.724300793027856,0.04799010564051889,0.0010907178110848292,19.09672737121582,182,0.0316874161362648,0.03086116909980774,36.048099517822266,2088.609388981039,21392.703125,4,4,1.0,1.0,0.0,1.0,other,moderate,untouched_id
ID_test,bb4c21373d08d26984918111,radial_coulomb,radial_reduced,2,1.0,0.09891023481745553,2,1.0,1.0,15.679717883758883,0.06904299661013891,22.16980081749586,0.3221712274991853,4.9942364153010566e-05,12.296748161315918,69,0.049868326634168625,0.04867204278707504,42.72428512573242,1965.9921209368738,27382.294921875,4,4,1.0,1.0,0.0,1.0,other,moderate,untouched_id
ID_test,bb4c21373d08d26984918111,radial_coulomb,radial_reduced,3,1.0,0.06330148631465216,3,1.0,1.0,17.489527908469,0.07701219020962864,29.33475193340822,0.252621373011674,1.0095617491767683e-05,10.787769317626953,53,0.06258087605237961,0.06134185567498207,42.59687423706055,1624.930557868322,27311.412109375,4,4,1.0,1.0,0.0,1.0,other,moderate,untouched_id
ID_test,bb4c21373d08d26984918111,radial_coulomb,radial_reduced,4,1.0,0.04395875596928156,4,1.0,1.0,21.637578992897524,0.09527743446236672,35.43810846642886,0.20228995748143025,2.5656888705816172e-05,12.095837593078613,42,0.07584422826766968,0.07467316836118698,44.01704025268555,717.563762572353,28453.232421875,4,4,1.0,1.0,0.0,1.0,other,near,untouched_id
ID_test,bb4c21373d08d26984918111,radial_coulomb,radial_reduced,5,1.0,0.03229584976801214,5,1.0,1.0,26.5579662108653,0.11694353078688041,48.40729857983818,0.21022921247017537,6.50923526902547e-05,12.082984924316406,40,0.07936946302652359,0.07852083444595337,46.486412048339844,504.0705188614087,29926.09375,4,4,1.0,1.0,0.0,1.0,other,near,untouched_id
ID_test,bb4c21373d08d26984918111,radial_coulomb,radial_reduced,6,1.0,0.024726258607590923,6,1.0,1.0,35.68907829060756,0.15715084478590682,56.663999137611356,0.11744478379520729,0.0004980754489430916,14.753214836120605,35,0.08970417827367783,0.08935990184545517,45.37424087524414,139.97367411593504,29205.3828125,4,4,1.0,1.0,0.0,1.0,other,near,untouched_id
ID_test,bb4c21373d08d26984918111,radial_coulomb,radial_reduced,7,1.0,0.019536621681395472,7,1.0,1.0,39.59400893409765,0.17434554912816894,60.41906906917041,0.1068105703389824,0.00027843235141067346,15.297472953796387,30,0.10419385135173798,0.10219907760620117,41.4141845703125,53.14025071587717,26499.95703125,4,4,1.0,1.0,0.0,1.0,other,near,untouched_id
ID_test,bb4c21373d08d26984918111,radial_coulomb,radial_reduced,8,1.0,0.015824536409426937,8,1.0,1.0,45.44018247747477,0.20008818959721458,71.70811053364596,0.11498337945181072,0.000827383516697533,15.055439949035645,31,0.10351674258708954,0.10234411805868149,23.20876693725586,58.63202036038833,12028.408203125,4,4,1.0,1.0,0.0,1.0,other,near,untouched_id
ID_test,bb4c21373d08d26984918111,radial_coulomb,radial_reduced,9,1.0,0.013078033579548176,9,1.0,1.0,47.20572253440567,0.20786244785042,73.0426308591058,0.12731249392299265,0.00048309841936267084,14.26135540008545,29,0.10585067421197891,0.10433148592710495,9.907670021057129,113.20050762302364,1921.61767578125,4,4,1.0,1.0,0.0,1.0,other,near,untouched_id
ID_test,bb4c21373d08d26984918111,radial_coulomb,radial_reduced,10,1.0,0.010988946204507632,10,1.0,1.0,45.28408015030375,0.19940081929338616,66.26919883327402,0.12579230968326735,0.0005684515438916238,13.160781860351562,28,0.11238207668066025,0.11088327318429947,5.155981540679932,155.38715837815005,261.2725524902344,4,4,1.0,1.0,0.0,1.0,other,near,untouched_id
ID_test,5fd7f55322608f18def5dfb6,radial_coulomb,radial_reduced,0,1.0,0.9642723038670968,0,1.0,1.0,0.0,0.0,0.0,0.0,1.0,226.67697649222166,256,0.03175744786858559,0.03076537884771824,35.19515609741211,38.07365791579398,22112.08984375,4,4,1.0,1.0,0.0,1.0,other,well_bound,untouched_id
ID_test,5fd7f55322608f18def5dfb6,radial_coulomb,radial_reduced,1,1.0,0.24106587738890628,1,1.0,1.0,17.407547698662214,0.07679451159107704,17.407547698662214,0.04536523562879634,0.002958184271196429,18.847335815429688,91,0.06344430148601532,0.06175330653786659,38.49451446533203,33.30747601448941,24562.58984375,4,4,1.0,1.0,0.0,1.0,other,well_bound,untouched_id
ID_test,5fd7f55322608f18def5dfb6,radial_coulomb,radial_reduced,2,1.0,0.10713943635784462,2,1.0,1.0,17.55455265313682,0.07744303336311352,24.27436928967844,0.11263524090735079,0.00010448844160837467,12.204002380371094,33,0.10049587488174438,0.09814266115427017,43.46500015258789,33.322234816198154,28126.33203125,4,4,1.0,1.0,0.0,1.0,other,moderate,untouched_id
ID_test,5fd7f55322608f18def5dfb6,radial_coulomb,radial_reduced,3,1.0,0.06026546704336244,3,1.0,1.0,20.048310056386494,0.08844440386769693,32.65951196078433,0.20863621859428944,1.3535222223248766e-05,10.708088874816895,26,0.1250089555978775,0.12254516035318375,43.17168045043945,27.881908776728924,27908.568359375,4,4,1.0,1.0,0.0,1.0,other,moderate,untouched_id
ID_test,5fd7f55322608f18def5dfb6,radial_coulomb,radial_reduced,4,1.0,0.03856963696464444,4,1.0,1.0,25.366345414049604,0.11190525745749941,40.99041629931951,0.17325898179238894,4.960910699391974e-05,12.298270225524902,22,0.1484237015247345,0.14623188972473145,43.252010345458984,25.284887701053847,27995.150390625,4,4,1.0,1.0,0.0,1.0,other,near,untouched_id
ID_test,5fd7f55322608f18def5dfb6,radial_coulomb,radial_reduced,5,1.0,0.02678430754660943,5,1.0,1.0,29.918145706347456,0.13198581598062778,52.78892598983588,0.1891532277916098,4.4626802750968864e-05,12.2158203125,21,0.15659299492835999,0.15454496443271637,45.85608673095703,21.801084473703153,29506.349609375,4,4,1.0,1.0,0.0,1.0,other,near,untouched_id
ID_test,5fd7f55322608f18def5dfb6,radial_coulomb,radial_reduced,6,1.0,0.019678158459068396,6,1.0,1.0,40.50981786517728,0.17871165608461062,63.086580339671876,0.12077228612352882,0.0006214830528021853,15.322423934936523,18,0.1791265308856964,0.17703716456890106,43.98815155029297,26.621757472859567,28304.138671875,4,4,1.0,1.0,0.0,1.0,other,near,untouched_id
ID_test,5fd7f55322608f18def5dfb6,radial_coulomb,radial_reduced,7,1.0,0.015066013986674509,7,1.0,1.0,42.127203909763374,0.18584685821062624,61.89495592571701,0.11311747389602277,0.0003471153746670286,15.344412803649902,15,0.2036868929862976,0.2006964534521103,40.112937927246094,30.343492420736535,25594.169921875,4,4,1.0,1.0,0.0,1.0,other,near,untouched_id
ID_test,5fd7f55322608f18def5dfb6,radial_coulomb,radial_reduced,8,1.0,0.011903955367132735,8,1.0,1.0,47.12682572669131,0.20790301007172843,70.24905483124749,0.12033968043696862,0.0005866508919398772,14.959457397460938,15,0.2056346982717514,0.20356179773807526,21.474943161010742,24.74566818120708,10626.3740234375,4,4,1.0,1.0,0.0,1.0,other,near,untouched_id
ID_test,5fd7f55322608f18def5dfb6,radial_coulomb,radial_reduced,9,1.0,0.009642148980199883,9,1.0,1.0,47.452988384138536,0.20934189752511928,67.97318188751039,0.13384844082655992,0.0004954119925781875,14.01437759399414,15,0.2145850509405136,0.20975998044013977,10.635455131530762,27.462160215099953,2312.126953125,4,4,1.0,1.0,0.0,1.0,other,near,untouched_id
ID_test,5fd7f55322608f18def5dfb6,radial_coulomb,radial_reduced,10,1.0,0.007966206743776016,10,1.0,1.0,44.12593440526514,0.19466438580620166,60.79352727452117,0.13221223020105188,0.00041093457791530064,12.828478813171387,14,0.22770141065120697,0.2215096801519394,5.47760534286499,8.669728563729135,312.756103515625,4,4,1.0,1.0,0.0,1.0,other,near,untouched_id
ID_test,e3569f55a42af1b5c82ea46c,radial_coulomb,radial_reduced,0,1.0,0.09029073218160111,0,1.0,1.0,0.0,0.0,0.0,0.0,1.0,371.9565702957328,256,0.03295736759901047,0.031909193843603134,31.788333892822266,473.2089252594583,17357.1328125,4,4,1.0,1.0,0.0,1.0,other,moderate,untouched_id
ID_test,e3569f55a42af1b5c82ea46c,radial_coulomb,radial_reduced,1,1.0,0.05078755872719265,1,1.0,1.0,25.685485031232368,0.06905506471040564,25.685485031232368,0.01801301742400109,0.005323115304739501,35.09783935546875,96,0.06410099565982819,0.06277084350585938,35.96985626220703,360.5073527996678,20954.8515625,4,4,1.0,1.0,0.0,1.0,other,moderate,untouched_id
ID_test,e3569f55a42af1b5c82ea46c,radial_coulomb,radial_reduced,2,1.0,0.032503369488196876,2,1.0,1.0,24.223916540789006,0.06512565841095162,33.79954352343334,0.3336695918001262,0.0003491833550008927,23.18715476989746,32,0.10042424499988556,0.09851868450641632,43.039642333984375,337.7106515321866,27478.06640625,4,4,1.0,1.0,0.0,1.0,other,near,untouched_id
ID_test,e3569f55a42af1b5c82ea46c,radial_coulomb,radial_reduced,3,1.0,0.02257136608290211,3,1.0,1.0,27.08250952993021,0.07281094539719415,44.492394775413004,0.27620499942231225,7.551761894686315e-05,20.3352108001709,27,0.12545011937618256,0.12344978749752045,42.777679443359375,273.3726798529592,27259.3046875,4,4,1.0,1.0,0.0,1.0,other,near,untouched_id
ID_test,e3569f55a42af1b5c82ea46c,radial_coulomb,radial_reduced,4,1.0,0.01658277488145732,4,1.0,1.0,33.19581388954374,0.08924647805831373,53.84075591644524,0.17899838496286433,0.00018799591301110752,21.37950325012207,21,0.15118849277496338,0.14926236867904663,43.4676628112793,110.85819170993724,27993.94921875,4,4,1.0,1.0,0.0,1.0,other,near,untouched_id
ID_test,e3569f55a42af1b5c82ea46c,radial_coulomb,radial_reduced,5,1.0,0.012696005738791483,5,1.0,1.0,37.39672605439944,0.10054057124106262,66.22670074457619,0.19714339388135405,8.550492836711943e-05,20.274642944335938,19,0.16460539400577545,0.16260510683059692,46.81868362426758,89.13634636437979,30225.48046875,4,4,1.0,1.0,0.0,1.0,other,near,untouched_id
ID_test,e3569f55a42af1b5c82ea46c,radial_coulomb,radial_reduced,6,1.0,0.010031285080993158,6,1.0,1.0,53.11649712017305,0.14280295432862372,84.10133184773372,0.11219577498698942,0.0008313310962797527,24.675928115844727,17,0.18788382411003113,0.18544185161590576,45.00152587890625,35.23180913640693,29077.955078125,4,4,1.0,1.0,0.0,1.0,other,near,untouched_id
ID_test,e3569f55a42af1b5c82ea46c,radial_coulomb,radial_reduced,7,1.0,0.008125249002320034,7,1.0,1.0,56.16096576023059,0.15098796538418047,84.53435280826727,0.10395598869946222,0.00039559984303516593,24.553266525268555,15,0.21010743081569672,0.20865097641944885,41.69063949584961,31.403205028349856,26742.115234375,4,4,1.0,1.0,0.0,1.0,other,near,untouched_id
ID_test,e3569f55a42af1b5c82ea46c,radial_coulomb,radial_reduced,8,1.0,0.006715013223425492,8,1.0,1.0,65.29335612035867,0.17554026823197572,104.17341211195941,0.11787362607490998,0.00044706420025275584,24.313718795776367,15,0.2105489820241928,0.20773203670978546,23.283733367919922,27.36091565888476,12113.51953125,4,4,1.0,1.0,0.0,1.0,other,near,untouched_id
ID_test,e3569f55a42af1b5c82ea46c,radial_coulomb,radial_reduced,9,1.0,0.005642423810703789,9,1.0,1.0,68.26007108322007,0.18351623962159966,108.60160264966132,0.12827493918034233,0.0003994319828185544,23.232126235961914,15,0.21521984040737152,0.21106842160224915,11.666122436523438,37.83471097219813,2921.478515625,4,4,1.0,1.0,0.0,1.0,other,near,untouched_id
ID_test,e3569f55a42af1b5c82ea46c,radial_coulomb,radial_reduced,10,1.0,0.004807674465979295,10,1.0,1.0,64.86706818233792,0.1743941991151382,97.2421173473764,0.12706211217782915,0.000303689674628127,21.45351219177246,14,0.224809467792511,0.22246594727039337,5.779575347900391,30.35871172075806,388.1742248535156,4,4,1.0,1.0,0.0,1.0,other,near,untouched_id
ID_test,94f9212f51a4c36ea67878de,radial_oscillator,radial_reduced,0,1.0,inf,0,1.0,1.0,0.0,0.0,0.0,0.0,1.0,10.05311003565057,256,0.024588072672486305,0.024249985814094543,32.48019027709961,28.753056610380746,16290.486328125,4,4,1.0,1.0,0.0,1.0,other,well_bound,untouched_id
ID_test,94f9212f51a4c36ea67878de,radial_oscillator,radial_reduced,1,1.0,inf,1,1.0,1.0,0.9537478577692582,0.0948709259509799,0.9537478577692582,0.33268922845162663,0.1693551187008817,2.28438138961792,122,0.05113406851887703,0.05026324465870857,34.823970794677734,33.293162065407415,18275.8671875,4,4,1.0,1.0,0.0,1.0,other,well_bound,untouched_id
ID_test,94f9212f51a4c36ea67878de,radial_oscillator,radial_reduced,2,1.0,inf,2,1.0,1.0,0.8750823137564653,0.08704593013040027,1.1834187747560008,0.1803793475277721,0.06882649394555251,1.6081711053848267,46,0.07428721338510513,0.07351043820381165,40.215545654296875,38.77162090928421,22851.97265625,4,4,1.0,1.0,0.0,1.0,other,well_bound,untouched_id
ID_test,94f9212f51a4c36ea67878de,radial_oscillator,radial_reduced,3,1.0,inf,3,1.0,1.0,0.8131856144799431,0.0808889598936255,1.258563042768353,0.15370344058417196,0.034054783891471874,1.2680824995040894,33,0.0954873114824295,0.09474971890449524,38.18783187866211,35.20020695208223,21657.779296875,4,4,1.0,1.0,0.0,1.0,other,well_bound,untouched_id
ID_test,94f9212f51a4c36ea67878de,radial_oscillator,radial_reduced,4,1.0,inf,4,1.0,1.0,0.8092033184104906,0.08049283411211806,1.263928879720193,0.11898472620689189,0.021022468945368522,1.1177617311477661,26,0.12458913028240204,0.12238001078367233,37.01707077026367,35.732096135692466,21941.794921875,4,4,1.0,1.0,0.0,1.0,other,well_bound,untouched_id
ID_test,94f9212f51a4c36ea67878de,radial_oscillator,radial_reduced,5,1.0,inf,5,1.0,1.0,0.6441152346168809,0.06407124087299398,1.0932052179418377,0.11721328157807558,0.004801448625174842,0.9161339402198792,23,0.14244449138641357,0.14063450694084167,40.43307113647461,33.01778245276811,24899.716796875,4,4,1.0,1.0,0.0,1.0,other,well_bound,untouched_id
ID_test,94f9212f51a4c36ea67878de,radial_oscillator,radial_reduced,6,1.0,inf,6,1.0,1.0,0.9387817200050729,0.09338221870405711,1.4885426996949258,0.07530969066851088,0.011897296609651442,0.9513967633247375,19,0.16822482645511627,0.16609710454940796,35.89952087402344,44.13283700710944,22008.193359375,4,4,1.0,1.0,0.0,1.0,other,well_bound,untouched_id
ID_test,94f9212f51a4c36ea67878de,radial_oscillator,radial_reduced,7,1.0,inf,7,1.0,1.0,0.7009439921552413,0.06972409430211522,1.091625249232905,0.08134863047196518,0.004449125390946995,0.8135389685630798,16,0.19433170557022095,0.19188278913497925,34.22146987915039,43.51885265671569,20739.779296875,4,4,1.0,1.0,0.0,1.0,other,well_bound,untouched_id
ID_test,94f9212f51a4c36ea67878de,radial_oscillator,radial_reduced,8,1.0,inf,8,1.0,1.0,0.7457321625520659,0.07417924999403501,1.284938786629641,0.08403666701911816,0.0017821594921053618,0.7439529299736023,16,0.20050300657749176,0.19876718521118164,18.51390838623047,25.28910103191196,8097.3330078125,4,4,1.0,1.0,0.0,1.0,other,well_bound,untouched_id
ID_test,94f9212f51a4c36ea67878de,radial_oscillator,radial_reduced,9,1.0,inf,9,1.0,1.0,0.6555554655358534,0.0652092201528788,1.289284434062373,0.08601581983453525,0.0004190621201204392,0.666488528251648,14,0.2155250608921051,0.21292737126350403,12.923497200012207,21.593587302205165,3772.37255859375,4,4,1.0,1.0,0.0,1.0,other,well_bound,untouched_id
ID_test,94f9212f51a4c36ea67878de,radial_oscillator,radial_reduced,10,1.0,inf,10,1.0,1.0,0.5324747316610042,0.05296616965026047,1.2484149939641682,0.08713782746017223,0.00015985643153715312,0.6011196374893188,13,0.23026378452777863,0.22652527689933777,8.356513023376465,13.385088873279258,1255.4671630859375,4,4,1.0,1.0,1.0,1.0,other,well_bound,untouched_id
ID_test,dc4867dcae4565a07b95f2b1,radial_oscillator,radial_reduced,0,1.0,inf,0,1.0,1.0,0.0,0.0,0.0,0.0,1.0,9.043024978510207,256,0.025530144572257996,0.02513967454433441,29.074312210083008,27.16711915315617,11753.763671875,4,4,1.0,1.0,0.0,1.0,other,well_bound,untouched_id
ID_test,dc4867dcae4565a07b95f2b1,radial_oscillator,radial_reduced,1,1.0,inf,1,1.0,1.0,0.6287633511236539,0.0695302017430941,0.6287633511236539,0.37981791993297764,0.19724739205921882,2.1252851486206055,124,0.05218643322587013,0.05142730474472046,32.05952072143555,32.27855972693928,14372.09765625,4,4,1.0,1.0,0.0,1.0,other,well_bound,untouched_id
ID_test,dc4867dcae4565a07b95f2b1,radial_oscillator,radial_reduced,2,1.0,inf,2,1.0,1.0,0.5992214404679489,0.06626338441969754,0.900428850043721,0.1816842362967086,0.0852514065205785,1.5060718059539795,46,0.0755472406744957,0.0747654139995575,37.849456787109375,38.693026897417084,19371.453125,4,4,1.0,1.0,0.0,1.0,other,well_bound,untouched_id
ID_test,dc4867dcae4565a07b95f2b1,radial_oscillator,radial_reduced,3,1.0,inf,3,1.0,1.0,0.5625292932936589,0.06220587631135049,0.9941806336910033,0.1478655086877948,0.04237508891768582,1.187443494796753,33,0.09743549674749374,0.09662431478500366,36.586280822753906,35.42465822242164,19126.7265625,4,4,1.0,1.0,1.0,1.0,other,well_bound,untouched_id
ID_test,dc4867dcae4565a07b95f2b1,radial_oscillator,radial_reduced,4,1.0,inf,4,1.0,1.0,0.5844656165586791,0.0646316490275765,1.0434428468430799,0.10588372233843706,0.026471583585074066,1.031601905822754,25,0.12665453553199768,0.12439766526222229,37.244117736816406,38.69824905344633,21953.6015625,4,4,1.0,1.0,0.0,1.0,other,well_bound,untouched_id
ID_test,dc4867dcae4565a07b95f2b1,radial_oscillator,radial_reduced,5,1.0,inf,5,1.0,1.0,0.472873719891,0.05229154193588256,0.9344739431217355,0.10859260292331847,0.006843552968233024,0.8623176217079163,22,0.14494208991527557,0.1430070996284485,40.26890182495117,35.260961348262136,24634.203125,4,4,1.0,1.0,0.0,1.0,other,well_bound,untouched_id
ID_test,dc4867dcae4565a07b95f2b1,radial_oscillator,radial_reduced,6,1.0,inf,6,1.0,1.0,0.7063317991593386,0.07810791199160254,1.2544922298450354,0.07466996351335535,0.014210552404148036,0.8556081652641296,19,0.1702290028333664,0.16817665100097656,36.62419128417969,45.74504321848622,22550.2578125,4,4,1.0,1.0,0.0,1.0,other,well_bound,untouched_id
ID_test,dc4867dcae4565a07b95f2b1,radial_oscillator,radial_reduced,7,1.0,inf,7,1.0,1.0,0.5160978736837063,0.057071375442416486,0.9298125433205104,0.07658119125244056,0.005512354609213177,0.7335655689239502,16,0.19668810069561005,0.19402049481868744,34.78668975830078,44.36554743514026,21180.583984375,4,4,1.0,1.0,1.0,1.0,other,well_bound,untouched_id
ID_test,dc4867dcae4565a07b95f2b1,radial_oscillator,radial_reduced,8,1.0,inf,8,1.0,1.0,0.5642475989017735,0.06239589078241498,1.1002527283787016,0.08169348937753412,0.0020647321481566117,0.6828218102455139,16,0.20316912233829498,0.2015874981880188,18.925289154052734,26.070338957474835,8386.4677734375,4,4,1.0,1.0,0.0,1.0,other,well_bound,untouched_id
ID_test,dc4867dcae4565a07b95f2b1,radial_oscillator,radial_reduced,9,1.0,inf,9,1.0,1.0,0.5093945848928715,0.05633010923926384,1.1270998829291372,0.082291634233711,0.00042866923846063276,0.6111096739768982,14,0.21899299323558807,0.2163536548614502,13.067028999328613,22.167820434573443,3866.62353515625,4,4,1.0,1.0,0.0,1.0,other,well_bound,untouched_id
ID_test,dc4867dcae4565a07b95f2b1,radial_oscillator,radial_reduced,10,1.0,inf,10,1.0,1.0,0.41960123438580954,0.04640053913186655,1.1080714113816592,0.08354916216767769,0.00015067626086406882,0.5554602146148682,13,0.23473148047924042,0.23114022612571716,8.268908500671387,13.024615273041706,1229.654541015625,4,4,1.0,1.0,1.0,1.0,other,well_bound,untouched_id
ID_test,55bc5f5b375625eb9a4aced5,radial_oscillator,radial_reduced,0,1.0,inf,0,1.0,1.0,0.0,0.0,0.0,0.0,1.0,8.770144228653676,256,0.026383833959698677,0.025998512282967567,28.356300354003906,29.767518530693653,10911.818359375,4,4,1.0,1.0,0.0,1.0,other,well_bound,untouched_id
ID_test,55bc5f5b375625eb9a4aced5,radial_oscillator,radial_reduced,1,1.0,inf,1,1.0,1.0,0.4519463682226914,0.0515323758013123,0.4519463682226914,0.37395284822639296,0.2262812935178441,2.1322262287139893,126,0.052977390587329865,0.052260491997003555,31.14798355102539,34.61135023488961,13202.6337890625,4,4,1.0,1.0,0.0,1.0,other,well_bound,untouched_id
ID_test,55bc5f5b375625eb9a4aced5,radial_oscillator,radial_reduced,2,1.0,inf,2,1.0,1.0,0.4417792582103852,0.05037308927794038,0.7485651384117991,0.17124082402766896,0.10240455081287458,1.5201818943023682,44,0.07648482173681259,0.07567897439002991,37.071598052978516,41.312366087954565,18289.216796875,4,4,1.0,1.0,1.0,1.0,other,well_bound,untouched_id
ID_test,55bc5f5b375625eb9a4aced5,radial_oscillator,radial_reduced,3,1.0,inf,3,1.0,1.0,0.4244966143087528,0.048402466737302245,0.855621036187078,0.15353569302799347,0.05101287795851617,1.1752065420150757,33,0.09970725327730179,0.09784390032291412,36.047298431396484,37.71421990087015,18319.380859375,4,4,1.0,1.0,0.0,1.0,other,well_bound,untouched_id
ID_test,55bc5f5b375625eb9a4aced5,radial_oscillator,radial_reduced,4,1.0,inf,4,1.0,1.0,0.4733858138592004,0.05397697022046249,0.9253686647616712,0.09967073939949637,0.031182071269699074,1.0075898170471191,25,0.12812915444374084,0.1258825808763504,37.457069396972656,41.00519575679131,22105.232421875,4,4,1.0,1.0,0.0,1.0,other,well_bound,untouched_id
ID_test,55bc5f5b375625eb9a4aced5,radial_oscillator,radial_reduced,5,1.0,inf,5,1.0,1.0,0.4134866737771631,0.04714707797235831,0.8468744054773234,0.10219364906759683,0.008892441836513942,0.8468525409698486,21,0.14671611785888672,0.14464351534843445,39.917152404785156,36.97714622209558,24172.90234375,4,4,1.0,1.0,0.0,1.0,other,well_bound,untouched_id
ID_test,55bc5f5b375625eb9a4aced5,radial_oscillator,radial_reduced,6,1.0,inf,6,1.0,1.0,0.5935721779101559,0.06768100528732998,1.136152506774188,0.07440529127177606,0.01629008844885038,0.8313968181610107,18,0.17146898806095123,0.16952314972877502,36.91497039794922,46.988395355656834,22743.798828125,4,4,1.0,1.0,0.0,1.0,other,well_bound,untouched_id
ID_test,55bc5f5b375625eb9a4aced5,radial_oscillator,radial_reduced,7,1.0,inf,7,1.0,1.0,0.4379262226101865,0.04993375378929356,0.8432856812198573,0.073335352672698,0.006595082256374174,0.7147817611694336,16,0.19812770187854767,0.19528819620609283,35.02737045288086,45.30328312315502,21356.12109375,4,4,1.0,1.0,0.0,1.0,other,well_bound,untouched_id
ID_test,55bc5f5b375625eb9a4aced5,radial_oscillator,radial_reduced,8,1.0,inf,8,1.0,1.0,0.4811289469707154,0.054859867115842696,1.004237056546848,0.07934758089401127,0.0023412778969498227,0.6657534837722778,16,0.20497743785381317,0.20338399708271027,19.020360946655273,26.698122347960595,8418.060546875,4,4,1.0,1.0,0.0,1.0,other,well_bound,untouched_id
ID_test,55bc5f5b375625eb9a4aced5,radial_oscillator,radial_reduced,9,1.0,inf,9,1.0,1.0,0.4428955493092699,0.05050037237269697,1.0417333837047824,0.07998070440231193,0.0004506708318333663,0.5964436531066895,14,0.2218579798936844,0.21897286176681519,13.130324363708496,22.535952546604587,3910.40576171875,4,4,1.0,1.0,0.0,1.0,other,well_bound,untouched_id
ID_test,55bc5f5b375625eb9a4aced5,radial_oscillator,radial_reduced,10,1.0,inf,10,1.0,1.0,0.3706293738009675,0.0422603510430368,1.033806947665596,0.08045273546872679,0.00014868881213880858,0.5362131595611572,13,0.23849882185459137,0.23508164286613464,8.406393051147461,13.517413852629454,1283.844482421875,4,4,1.0,1.0,1.0,1.0,other,well_bound,untouched_id
ID_test,3e81c5bce9a268a64d3d68e2,radial_oscillator,radial_reduced,0,1.0,inf,0,1.0,1.0,0.0,0.0,0.0,0.0,1.0,8.990328342311361,256,0.026383645832538605,0.025998419150710106,28.35629653930664,29.767499237254906,10911.8076171875,4,4,1.0,1.0,0.0,1.0,other,well_bound,untouched_id
ID_test,3e81c5bce9a268a64d3d68e2,radial_oscillator,radial_reduced,1,1.0,inf,1,1.0,1.0,0.4632925031627251,0.051532322905529754,0.4632925031627251,0.3739530150408955,0.22628119178958062,2.185757637023926,126,0.05297776684165001,0.05226030573248863,31.14798355102539,34.611326584524384,13202.6337890625,4,4,1.0,1.0,0.0,1.0,other,well_bound,untouched_id
ID_test,3e81c5bce9a268a64d3d68e2,radial_oscillator,radial_reduced,2,1.0,inf,2,1.0,1.0,0.4528704951311111,0.05037307625348428,0.767358723667908,0.17124099586820152,0.10240434504958384,1.558347463607788,44,0.07648538053035736,0.0756799578666687,37.071598052978516,41.312351255132576,18289.205078125,4,4,1.0,1.0,1.0,1.0,other,well_bound,untouched_id
ID_test,3e81c5bce9a268a64d3d68e2,radial_oscillator,radial_reduced,3,1.0,inf,3,1.0,1.0,0.435153880133631,0.04840244578005651,0.8771017349904557,0.1535357403626612,0.05101290157000449,1.2047114372253418,33,0.0997065082192421,0.09784445911645889,36.04731750488281,37.71420302872113,18319.400390625,4,4,1.0,1.0,0.0,1.0,other,well_bound,untouched_id
ID_test,3e81c5bce9a268a64d3d68e2,radial_oscillator,radial_reduced,4,1.0,inf,4,1.0,1.0,0.48527054882180287,0.053976955050458436,0.9486009902340511,0.09967069770021567,0.03118210831799395,1.0328863859176636,25,0.12812915444374084,0.1258814036846161,37.457069396972656,41.00521169279424,22105.232421875,4,4,1.0,1.0,0.0,1.0,other,well_bound,untouched_id
ID_test,3e81c5bce9a268a64d3d68e2,radial_oscillator,radial_reduced,5,1.0,inf,5,1.0,1.0,0.4238675092998749,0.047147055497964274,0.8681360727451244,0.10219366069948226,0.008892424507677021,0.86811363697052,21,0.14671950042247772,0.14464209973812103,39.917152404785156,36.977129583771394,24172.90234375,4,4,1.0,1.0,0.0,1.0,other,well_bound,untouched_id
ID_test,3e81c5bce9a268a64d3d68e2,radial_oscillator,radial_reduced,6,1.0,inf,6,1.0,1.0,0.6084744306203653,0.06768100201153833,1.1646768834846544,0.07440532750658287,0.016290075026918704,0.8522700071334839,18,0.1714702993631363,0.1695261001586914,36.91497039794922,46.98839229265321,22743.798828125,4,4,1.0,1.0,0.0,1.0,other,well_bound,untouched_id
ID_test,3e81c5bce9a268a64d3d68e2,radial_oscillator,radial_reduced,7,1.0,inf,7,1.0,1.0,0.44892053761008455,0.049933719939606755,0.8644565257341608,0.07333536768221016,0.006595081245782675,0.7327272891998291,16,0.19812920689582825,0.1952870637178421,35.027381896972656,45.30327485039325,21356.1328125,4,4,1.0,1.0,0.0,1.0,other,well_bound,untouched_id
ID_test,3e81c5bce9a268a64d3d68e2,radial_oscillator,radial_reduced,8,1.0,inf,8,1.0,1.0,0.49320798235409735,0.05485984088399784,1.0294494090362756,0.07934757352442728,0.0023412701495277854,0.6824678778648376,16,0.20497743785381317,0.2033827304840088,19.0203857421875,26.698116953308357,8418.0791015625,4,4,1.0,1.0,0.0,1.0,other,well_bound,untouched_id
ID_test,3e81c5bce9a268a64d3d68e2,radial_oscillator,radial_reduced,9,1.0,inf,9,1.0,1.0,0.4540149833990364,0.05050037841913922,1.0678867317378264,0.0799807005424655,0.00045067015154609535,0.6114182472229004,14,0.22185984253883362,0.21897286176681519,13.130324363708496,22.536000085229468,3910.408203125,4,4,1.0,1.0,0.0,1.0,other,well_bound,untouched_id
ID_test,3e81c5bce9a268a64d3d68e2,radial_oscillator,radial_reduced,10,1.0,inf,10,1.0,1.0,0.3799346289217242,0.042260372975882345,1.0597615756360677,0.08045274323211368,0.00014868932216127728,0.549675464630127,13,0.23849882185459137,0.2350831776857376,8.406389236450195,13.51744777979418,1283.8436279296875,4,4,1.0,1.0,1.0,1.0,other,well_bound,untouched_id
ID_test,a221b5baf26ba2a0c59246a8,radial_oscillator,radial_reduced,0,1.0,inf,0,1.0,1.0,0.0,0.0,0.0,0.0,1.0,11.336540545774175,256,0.025530332699418068,0.025139767676591873,29.074312210083008,27.167060840998843,11753.76171875,4,4,1.0,1.0,0.0,1.0,other,well_bound,untouched_id
ID_test,a221b5baf26ba2a0c59246a8,radial_oscillator,radial_reduced,1,1.0,inf,1,1.0,1.0,0.7882318918100977,0.06953019650284055,0.7882318918100977,0.37981789448413583,0.19724740023735687,2.6643054485321045,124,0.05218643322587013,0.05142749100923538,32.05950927734375,32.27855862860378,14372.095703125,4,4,1.0,1.0,0.0,1.0,other,well_bound,untouched_id
ID_test,a221b5baf26ba2a0c59246a8,radial_oscillator,radial_reduced,2,1.0,inf,2,1.0,1.0,0.7511976978420778,0.06626339797479887,1.1287981448581834,0.18168423724724092,0.08525140675384357,1.8880457878112793,46,0.07554780691862106,0.07476583868265152,37.849456787109375,38.69304222090991,19371.462890625,4,4,1.0,1.0,0.0,1.0,other,well_bound,untouched_id
ID_test,a221b5baf26ba2a0c59246a8,radial_oscillator,radial_reduced,3,1.0,inf,3,1.0,1.0,0.7051994112524436,0.06220587386469629,1.246327324977453,0.1478655600169601,0.042375114802485014,1.4886059761047363,33,0.09743624180555344,0.09662412106990814,36.586273193359375,35.4246489564627,19126.724609375,4,4,1.0,1.0,1.0,1.0,other,well_bound,untouched_id
ID_test,a221b5baf26ba2a0c59246a8,radial_oscillator,radial_reduced,4,1.0,inf,4,1.0,1.0,0.7326988879257523,0.06463161181908128,1.3080835589051372,0.10588371167123745,0.02647163248317097,1.2932392358779907,25,0.12665453553199768,0.12439578771591187,37.24411392211914,38.698210987822684,21953.6015625,4,4,1.0,1.0,0.0,1.0,other,well_bound,untouched_id
ID_test,a221b5baf26ba2a0c59246a8,radial_oscillator,radial_reduced,5,1.0,inf,5,1.0,1.0,0.5928055354966333,0.05229157282179953,1.1714787299632343,0.108592590294408,0.006843533123915058,1.0810209512710571,22,0.1449432075023651,0.14300738275051117,40.26890182495117,35.26093220638893,24634.2109375,4,4,1.0,1.0,0.0,1.0,other,well_bound,untouched_id
ID_test,a221b5baf26ba2a0c59246a8,radial_oscillator,radial_reduced,6,1.0,inf,6,1.0,1.0,0.8854736494597285,0.07810792418413737,1.5726595872300262,0.07466995992472635,0.014210556355136017,1.0726101398468018,19,0.17023031413555145,0.16817665100097656,36.62417221069336,45.74504596798649,22550.248046875,4,4,1.0,1.0,0.0,1.0,other,well_bound,untouched_id
ID_test,a221b5baf26ba2a0c59246a8,radial_oscillator,radial_reduced,7,1.0,inf,7,1.0,1.0,0.6469922110175071,0.05707139743426233,1.1656349561650492,0.07658120886761074,0.005512366042979333,0.9196146130561829,16,0.19668960571289062,0.19402198493480682,34.78668212890625,44.36555420187765,21180.5703125,4,4,1.0,1.0,1.0,1.0,other,well_bound,untouched_id
ID_test,a221b5baf26ba2a0c59246a8,radial_oscillator,radial_reduced,8,1.0,inf,8,1.0,1.0,0.7073534768018868,0.06239588470096028,1.379301381917056,0.08169349062340468,0.0020647298391021085,0.8560009002685547,16,0.20316407084465027,0.2015891671180725,18.925289154052734,26.07033281984845,8386.4677734375,4,4,1.0,1.0,0.0,1.0,other,well_bound,untouched_id
ID_test,a221b5baf26ba2a0c59246a8,radial_oscillator,radial_reduced,9,1.0,inf,9,1.0,1.0,0.6385885428403034,0.05633010707824307,1.4129574770222266,0.08229163125849046,0.0004286691172488144,0.7661008834838867,14,0.2189948707818985,0.2163536548614502,13.067017555236816,22.167866577155166,3866.61279296875,4,4,1.0,1.0,0.0,1.0,other,well_bound,untouched_id
ID_test,a221b5baf26ba2a0c59246a8,radial_oscillator,radial_reduced,10,1.0,inf,10,1.0,1.0,0.526021589166317,0.04640053877480265,1.3891020017042335,0.08354917325604397,0.00015067629241205527,0.6963374614715576,13,0.23473559319972992,0.23114228248596191,8.268909454345703,13.024604751522897,1229.65478515625,4,4,1.0,1.0,1.0,1.0,other,well_bound,untouched_id
ID_test,9f49f57922f6e7721ec5dee3,kratzer,radial_reduced,0,1.0,3.244129586356922,0,1.0,1.0,0.0,0.0,0.0,0.0,1.0,44.793428591375445,256,0.03486538678407669,0.03381882607936859,26.812267303466797,158.0228647692519,10618.2958984375,4,4,1.0,1.0,0.0,1.0,other,well_bound,untouched_id
ID_test,9f49f57922f6e7721ec5dee3,kratzer,radial_reduced,1,1.0,2.4631884725755047,1,1.0,1.0,2.4854240162076446,0.0554863535649555,2.4854240162076446,0.3761529320255005,0.009059870862247688,5.53723669052124,90,0.0654679462313652,0.06458958983421326,31.85744285583496,119.13586916839267,15074.056640625,4,4,1.0,1.0,0.0,1.0,other,well_bound,untouched_id
ID_test,9f49f57922f6e7721ec5dee3,kratzer,radial_reduced,2,1.0,1.9336903510310606,2,1.0,1.0,2.408204048780019,0.05376244070862877,3.5870070065336,0.2977540381614921,0.0018675906095866335,3.9585633277893066,34,0.09703318029642105,0.09578129649162292,40.500553131103516,111.25927066450893,23702.150390625,4,4,1.0,1.0,0.0,1.0,other,well_bound,untouched_id
ID_test,9f49f57922f6e7721ec5dee3,kratzer,radial_reduced,3,1.0,1.5582315744454727,3,1.0,1.0,2.518655937149962,0.05622824633778772,4.428495644381297,0.29765879885966984,0.0010213102473651814,3.1263890266418457,28,0.120191290974617,0.11849908530712128,41.12711715698242,89.22637185303783,24815.47265625,4,4,1.0,1.0,0.0,1.0,other,well_bound,untouched_id
ID_test,9f49f57922f6e7721ec5dee3,kratzer,radial_reduced,4,1.0,1.2823807023407943,4,1.0,1.0,3.01564279978231,0.06732333055574459,5.26859458300393,0.20598362412968477,0.0011301302614461495,2.972764492034912,22,0.14235949516296387,0.14081862568855286,43.639122009277344,47.153041401572786,28067.787109375,4,4,1.0,1.0,0.0,1.0,other,well_bound,untouched_id
ID_test,9f49f57922f6e7721ec5dee3,kratzer,radial_reduced,5,1.0,1.0737847215469407,5,1.0,1.0,3.2073021423630337,0.07160206850030162,6.083763509290117,0.19289491773529313,0.0003604202431143344,2.7363595962524414,20,0.15577058494091034,0.15517033636569977,47.00661849975586,40.81189697619426,30363.681640625,4,4,1.0,1.0,0.0,1.0,other,well_bound,untouched_id
ID_test,9f49f57922f6e7721ec5dee3,kratzer,radial_reduced,6,1.0,0.9122336827317907,6,1.0,1.0,4.860714770535737,0.10851401474259156,8.132396383498278,0.11981069799685197,0.0021046526361758744,3.176191806793213,18,0.17343515157699585,0.17264507710933685,45.268253326416016,33.183396140808725,29256.3671875,4,4,1.0,1.0,0.0,1.0,other,well_bound,untouched_id
ID_test,9f49f57922f6e7721ec5dee3,kratzer,radial_reduced,7,1.0,0.7845755203952756,7,1.0,1.0,5.0208485517012775,0.11208895388436498,8.05635294956748,0.11015531828606323,0.0007081802096654544,3.081860065460205,16,0.19600050151348114,0.19412347674369812,41.86470031738281,32.06559113158751,26833.412109375,4,4,1.0,1.0,0.0,1.0,other,well_bound,untouched_id
ID_test,9f49f57922f6e7721ec5dee3,kratzer,radial_reduced,8,1.0,0.681952393808094,8,1.0,1.0,5.984434590354152,0.13360072623479416,10.41369892433644,0.11465953816221794,0.0006021543335104074,3.036658763885498,16,0.1941983699798584,0.19202056527137756,23.462635040283203,24.60677688064639,12216.6826171875,4,4,1.0,1.0,0.0,1.0,other,well_bound,untouched_id
ID_test,9f49f57922f6e7721ec5dee3,kratzer,radial_reduced,9,1.0,0.5982218271392208,9,1.0,1.0,6.309531522319199,0.14085841876221192,11.249637380737461,0.12024181699155574,0.000410703404573054,2.8620693683624268,16,0.19407328963279724,0.19329291582107544,12.00428295135498,27.37841891093384,3139.322021484375,4,4,1.0,1.0,0.0,1.0,other,well_bound,untouched_id
ID_test,9f49f57922f6e7721ec5dee3,kratzer,radial_reduced,10,1.0,0.5290155542475041,10,1.0,1.0,5.987570492885473,0.13367073432816712,10.48392948665672,0.12289346531795546,0.00026465674023878893,2.6626408100128174,15,0.2047821432352066,0.20173056423664093,5.968277931213379,11.792950233882118,443.4683532714844,4,4,1.0,1.0,0.0,1.0,other,well_bound,untouched_id
ID_test,7b7e347cfa6d550d59c07956,kratzer,radial_reduced,0,1.0,4.668220259754446,0,1.0,1.0,0.0,0.0,0.0,0.0,1.0,36.707439179535534,256,0.034627482295036316,0.033588211983442307,26.436037063598633,152.32567937188375,10106.677734375,4,4,1.0,1.0,0.0,1.0,other,well_bound,untouched_id
ID_test,7b7e347cfa6d550d59c07956,kratzer,radial_reduced,1,1.0,3.6118316806119344,1,1.0,1.0,2.0056842403637245,0.05463972113537948,2.0056842403637245,0.4095884958433996,0.010513506073867696,4.723923206329346,92,0.06512227654457092,0.06427977979183197,31.61159896850586,114.87151631151232,14682.6962890625,4,4,1.0,1.0,0.0,1.0,other,well_bound,untouched_id
ID_test,7b7e347cfa6d550d59c07956,kratzer,radial_reduced,2,1.0,2.877284594947799,2,1.0,1.0,1.9668640489112859,0.05358216462040251,2.9534034000284786,0.29036829732506075,0.0027883865456873602,3.4108710289001465,34,0.09625402092933655,0.09501414000988007,40.192073822021484,107.18830616593564,23193.541015625,4,4,1.0,1.0,0.0,1.0,other,well_bound,untouched_id
ID_test,7b7e347cfa6d550d59c07956,kratzer,radial_reduced,3,1.0,2.345982511530994,3,1.0,1.0,2.0289296794222667,0.055272983481598974,3.5860968665276474,0.28871192939593926,0.0014174142915862609,2.6405727863311768,28,0.11921720206737518,0.11755167692899704,40.91973114013672,86.53480374785806,24479.04296875,4,4,1.0,1.0,0.0,1.0,other,well_bound,untouched_id
ID_test,7b7e347cfa6d550d59c07956,kratzer,radial_reduced,4,1.0,1.949317687920768,4,1.0,1.0,2.4313952636023872,0.06623712571477594,4.298518872443446,0.20212869287926144,0.0014200618816595512,2.4997222423553467,23,0.14265628159046173,0.14067935943603516,43.6209831237793,46.82349348698201,28041.740234375,4,4,1.0,1.0,0.0,1.0,other,well_bound,untouched_id
ID_test,7b7e347cfa6d550d59c07956,kratzer,radial_reduced,5,1.0,1.6453645755505182,5,1.0,1.0,2.552137801576817,0.06952644637220126,4.893794172295616,0.19088807467694893,0.0004354123019868483,2.287914752960205,20,0.1562020182609558,0.15513411164283752,46.9814567565918,40.817801525328946,30339.10546875,4,4,1.0,1.0,0.0,1.0,other,well_bound,untouched_id
ID_test,7b7e347cfa6d550d59c07956,kratzer,radial_reduced,6,1.0,1.4073313582345621,6,1.0,1.0,3.8857791172937133,0.10585808228921734,6.573956429773446,0.11617174173178547,0.0023889698046868357,2.638458490371704,18,0.17459388077259064,0.17270013689994812,45.197898864746094,33.65277603888104,29200.3671875,4,4,1.0,1.0,0.0,1.0,other,well_bound,untouched_id
ID_test,7b7e347cfa6d550d59c07956,kratzer,radial_reduced,7,1.0,1.2174484233944458,7,1.0,1.0,3.9745604783848743,0.10827670268539732,6.461312028885009,0.10758182136194161,0.0007763719606990183,2.5451712608337402,16,0.1966596394777298,0.19460883736610413,41.74513244628906,32.431834108815835,26737.962890625,4,4,1.0,1.0,0.0,1.0,other,well_bound,untouched_id
ID_test,7b7e347cfa6d550d59c07956,kratzer,radial_reduced,8,1.0,1.0635537135052413,8,1.0,1.0,4.731760174228425,0.1289046656478938,8.34456044313081,0.11547412395928733,0.0006273307052743204,2.4978299140930176,16,0.19495001435279846,0.19275829195976257,23.389610290527344,24.669832784353975,12149.78125,4,4,1.0,1.0,0.0,1.0,other,well_bound,untouched_id
ID_test,7b7e347cfa6d550d59c07956,kratzer,radial_reduced,9,1.0,0.937095917593866,9,1.0,1.0,4.983694979025521,0.13576798301429702,9.03083197147431,0.1207802745483632,0.00041274911531363756,2.348998546600342,16,0.19496087729930878,0.19413040578365326,12.095183372497559,27.298260161736945,3198.010498046875,4,4,1.0,1.0,0.0,1.0,other,well_bound,untouched_id
ID_test,7b7e347cfa6d550d59c07956,kratzer,radial_reduced,10,1.0,0.8319202324136379,10,1.0,1.0,4.714373747156254,0.12843101705074886,8.439453559545793,0.12276230081279244,0.00025763261978761776,2.182032823562622,15,0.20586971938610077,0.20288610458374023,6.039196014404297,11.905070246092572,462.0254211425781,4,4,1.0,1.0,1.0,1.0,other,well_bound,untouched_id
ID_test,328ebd2fb8e8ff4da0dfd738,kratzer,radial_reduced,0,1.0,6.082602290732478,0,1.0,1.0,0.0,0.0,0.0,0.0,1.0,31.60121040054576,256,0.034405212849378586,0.033408742398023605,25.60184669494629,150.80920537087977,9110.7275390625,4,4,1.0,1.0,0.0,1.0,other,well_bound,untouched_id
ID_test,328ebd2fb8e8ff4da0dfd738,kratzer,radial_reduced,1,1.0,4.806620513569829,1,1.0,1.0,1.6739728558883744,0.052971795531587124,1.6739728558883744,0.451374477657995,0.011312621674124057,4.255602836608887,94,0.06510767340660095,0.06433819979429245,31.043596267700195,114.7329473630959,13903.978515625,4,4,1.0,1.0,0.0,1.0,other,well_bound,untouched_id
ID_test,328ebd2fb8e8ff4da0dfd738,kratzer,radial_reduced,2,1.0,3.8937349467795506,2,1.0,1.0,1.659427024994497,0.05251150205834642,2.520651365114468,0.2874885736609348,0.003943778727934388,3.106924533843994,34,0.09587426483631134,0.09453580528497696,39.625633239746094,106.49777469864156,22363.474609375,4,4,1.0,1.0,0.0,1.0,other,well_bound,untouched_id
ID_test,328ebd2fb8e8ff4da0dfd738,kratzer,radial_reduced,3,1.0,3.2182006497347166,3,1.0,1.0,1.6825938170899433,0.05324460031002118,3.0047214047545197,0.2781139399472299,0.0018269196831053325,2.3363726139068604,27,0.11864907294511795,0.11706874519586563,40.502532958984375,86.5320364285928,23872.478515625,4,4,1.0,1.0,0.0,1.0,other,well_bound,untouched_id
ID_test,328ebd2fb8e8ff4da0dfd738,kratzer,radial_reduced,4,1.0,2.7043410426399275,4,1.0,1.0,2.0270063139735384,0.06414331249598375,3.6481196404859,0.1984716850746266,0.0017610381557838783,2.20821213722229,23,0.14301955699920654,0.14073693752288818,43.57777786254883,47.58279481768741,27983.873046875,4,4,1.0,1.0,0.0,1.0,other,well_bound,untouched_id
ID_test,328ebd2fb8e8ff4da0dfd738,kratzer,radial_reduced,5,1.0,2.3044000514255822,5,1.0,1.0,2.113853985278613,0.066891551256597,4.119228684792781,0.18727205668696315,0.0005351109352971228,2.01554012298584,21,0.15675927698612213,0.1553211808204651,46.92941665649414,41.55191940644127,30293.35546875,4,4,1.0,1.0,0.0,1.0,other,well_bound,untouched_id
ID_test,328ebd2fb8e8ff4da0dfd738,kratzer,radial_reduced,6,1.0,1.9870350299603006,6,1.0,1.0,3.2199059464443125,0.10189185495213512,5.5350059573757715,0.11166854326096777,0.002747412177665498,2.303010940551758,18,0.17578667402267456,0.17329293489456177,45.13903045654297,34.341305556755486,29150.427734375,4,4,1.0,1.0,0.0,1.0,other,well_bound,untouched_id
ID_test,328ebd2fb8e8ff4da0dfd738,kratzer,radial_reduced,7,1.0,1.7309850739304267,7,1.0,1.0,3.2713185369046625,0.10351877334572494,5.416211173813668,0.10417068965483389,0.0008815318791471904,2.212137460708618,16,0.1974446028470993,0.19523949921131134,41.67091369628906,32.960040408243,26674.759765625,4,4,1.0,1.0,0.0,1.0,other,well_bound,untouched_id
ID_test,328ebd2fb8e8ff4da0dfd738,kratzer,radial_reduced,8,1.0,1.5214159366690678,8,1.0,1.0,3.892018243569413,0.12316041677638388,6.9868632154380705,0.11573940582377812,0.0006674628278424688,2.1612966060638428,16,0.1958887130022049,0.19354869425296783,23.35645866394043,24.845137667793157,12112.1279296875,4,4,1.0,1.0,0.0,1.0,other,well_bound,untouched_id
ID_test,328ebd2fb8e8ff4da0dfd738,kratzer,radial_reduced,9,1.0,1.3477224171602122,9,1.0,1.0,4.100306895268417,0.1297515773382403,7.585529489882697,0.12063546325748245,0.0004200255613259207,2.0284018516540527,16,0.19621548056602478,0.19544118642807007,12.18628978729248,27.316503519761618,3257.162353515625,4,4,1.0,1.0,0.0,1.0,other,well_bound,untouched_id
ID_test,328ebd2fb8e8ff4da0dfd738,kratzer,radial_reduced,10,1.0,1.2021596966822354,10,1.0,1.0,3.8762710590784764,0.12266210724040913,7.128027844116062,0.12179405519973416,0.00025593685545044487,1.8837642669677734,15,0.20730744302272797,0.20437070727348328,6.084023952484131,12.0368357608927,474.9671630859375,4,4,1.0,1.0,1.0,1.0,other,well_bound,untouched_id
ID_test,e4391447b7d28f7deed73be3,kratzer,radial_reduced,0,1.0,6.575524250542655,0,1.0,1.0,0.0,0.0,0.0,0.0,1.0,30.334512417938964,256,0.0343727245926857,0.03340621665120125,25.566299438476562,150.42597408721224,9065.298828125,4,4,1.0,1.0,0.0,1.0,other,well_bound,untouched_id
ID_test,e4391447b7d28f7deed73be3,kratzer,radial_reduced,1,1.0,5.202714715377869,1,1.0,1.0,1.6049182210838269,0.0529073353470064,1.6049182210838269,0.45348511308108697,0.011475898035839482,4.100523471832275,94,0.06507790088653564,0.06427603960037231,31.02194595336914,114.42969870060588,13870.6298828125,4,4,1.0,1.0,0.0,1.0,other,well_bound,untouched_id
ID_test,e4391447b7d28f7deed73be3,kratzer,radial_reduced,2,1.0,4.218870990992069,2,1.0,1.0,1.5923380785043508,0.05249262149216836,2.420384994362401,0.2877198716026415,0.004089827172034877,2.996112108230591,35,0.0957958996295929,0.09443581104278564,39.59218215942383,106.1728103291084,22309.755859375,4,4,1.0,1.0,0.0,1.0,other,well_bound,untouched_id
ID_test,e4391447b7d28f7deed73be3,kratzer,radial_reduced,3,1.0,3.4898191378645995,3,1.0,1.0,1.612240870334617,0.05314873198295364,2.880371679210551,0.2771515425909743,0.0018671490782786737,2.2492339611053467,27,0.11854009330272675,0.11692821234464645,40.476192474365234,86.2854477715659,23832.052734375,4,4,1.0,1.0,0.0,1.0,other,well_bound,untouched_id
ID_test,e4391447b7d28f7deed73be3,kratzer,radial_reduced,4,1.0,2.9346164463629965,4,1.0,1.0,1.943337637313202,0.06406358574479568,3.5017170262853874,0.19820432755974424,0.0017877597308501025,2.1254849433898926,23,0.14299334585666656,0.14078351855278015,43.568267822265625,47.53760455062152,27973.841796875,4,4,1.0,1.0,0.0,1.0,other,well_bound,untouched_id
ID_test,e4391447b7d28f7deed73be3,kratzer,radial_reduced,5,1.0,2.5020833726222964,5,1.0,1.0,2.0244651801554254,0.06673801616663581,3.9498550338777054,0.18702572400974313,0.0005417099201187048,1.9390885829925537,20,0.15674692392349243,0.15535685420036316,46.91642761230469,41.519151343306234,30282.998046875,4,4,1.0,1.0,0.0,1.0,other,well_bound,untouched_id
ID_test,e4391447b7d28f7deed73be3,kratzer,radial_reduced,6,1.0,2.1585753666486616,6,1.0,1.0,3.0844161925994413,0.10168009790641651,5.307613830770583,0.11137331718245327,0.0027695444435781313,2.214393377304077,18,0.17584435641765594,0.1732414811849594,45.12077331542969,34.37281558466605,29136.474609375,4,4,1.0,1.0,0.0,1.0,other,well_bound,untouched_id
ID_test,e4391447b7d28f7deed73be3,kratzer,radial_reduced,7,1.0,1.8812383319198398,7,1.0,1.0,3.1294851575357754,0.10316583020747969,5.187574253342644,0.10396292237377955,0.0008877764665775612,2.12568736076355,16,0.19744759798049927,0.195246621966362,41.64297866821289,33.010079730671535,26653.751953125,4,4,1.0,1.0,0.0,1.0,other,well_bound,untouched_id
ID_test,e4391447b7d28f7deed73be3,kratzer,radial_reduced,8,1.0,1.6541073726244653,8,1.0,1.0,3.7218308540323464,0.12269295127458063,6.6880487819471135,0.1158237746358851,0.0006716942194928688,2.075986385345459,16,0.19591566920280457,0.19356638193130493,23.329803466796875,24.86160511384464,12089.263671875,4,4,1.0,1.0,0.0,1.0,other,well_bound,untouched_id
ID_test,e4391447b7d28f7deed73be3,kratzer,radial_reduced,9,1.0,1.4657571350903345,9,1.0,1.0,3.919115620862299,0.12919659188405633,7.258232938812624,0.12072309577533602,0.00042128311208833313,1.9477434158325195,16,0.19629037380218506,0.19551701843738556,12.18218994140625,27.322082552749325,3254.899658203125,4,4,1.0,1.0,0.0,1.0,other,well_bound,untouched_id
ID_test,e4391447b7d28f7deed73be3,kratzer,radial_reduced,10,1.0,1.3078362578926823,10,1.0,1.0,3.7020159055698016,0.12203973660643166,6.817167717917577,0.12178596016426946,0.00025577585997249574,1.8085753917694092,15,0.20740219950675964,0.20446081459522247,6.0865092277526855,12.067351890735642,475.7471923828125,4,4,1.0,1.0,1.0,1.0,other,well_bound,untouched_id
ID_test,02e27ab493e87d53b33a1daa,kratzer,radial_reduced,0,1.0,4.183285988054239,0,1.0,1.0,0.0,0.0,0.0,0.0,1.0,42.06960210657366,256,0.035052455961704254,0.033979419618844986,28.436595916748047,170.84273284167497,12714.330078125,4,4,1.0,1.0,0.0,1.0,other,well_bound,untouched_id
ID_test,02e27ab493e87d53b33a1daa,kratzer,radial_reduced,1,1.0,2.9799214081513554,1,1.0,1.0,2.5175931485084067,0.059843521745954795,2.5175931485084067,0.23807914606949554,0.007586204618378778,4.733717918395996,86,0.06579732894897461,0.06467970460653305,33.08027267456055,125.00345049322908,16798.236328125,4,4,1.0,1.0,0.0,1.0,other,well_bound,untouched_id
ID_test,02e27ab493e87d53b33a1daa,kratzer,radial_reduced,2,1.0,2.2299105905002543,2,1.0,1.0,2.3865355517549296,0.056728265356757845,3.465507789663927,0.31016688429927286,0.0009283710889954611,3.2923121452331543,33,0.09841061383485794,0.09717032313346863,41.69650650024414,119.39405923936889,25455.5859375,4,4,1.0,1.0,0.0,1.0,other,well_bound,untouched_id
ID_test,02e27ab493e87d53b33a1daa,kratzer,radial_reduced,3,1.0,1.7311401249350125,3,1.0,1.0,2.5753799089062124,0.06121712067497286,4.419745410949455,0.3130554497936219,0.00047019371933076926,2.7591443061828613,26,0.1217058002948761,0.12009251117706299,41.84188461303711,92.9730084132962,25865.060546875,4,4,1.0,1.0,0.0,1.0,other,well_bound,untouched_id
ID_test,02e27ab493e87d53b33a1daa,kratzer,radial_reduced,4,1.0,1.3827512609090729,4,1.0,1.0,3.0819360631891652,0.07325802738475608,5.215487762845637,0.20356148980867778,0.000625106990839619,2.6492044925689697,23,0.14188198745250702,0.14164160192012787,43.647151947021484,47.69350334937046,28100.5625,4,4,1.0,1.0,0.0,1.0,other,well_bound,untouched_id
ID_test,02e27ab493e87d53b33a1daa,kratzer,radial_reduced,5,1.0,1.1298488871917032,5,1.0,1.0,3.3356494689550416,0.07928882855856209,6.151521391211958,0.19070484623835673,0.00021825960871713068,2.4577207565307617,20,0.1567036658525467,0.15571089088916779,47.0103645324707,40.797959589134145,30374.16796875,4,4,1.0,1.0,0.0,1.0,other,well_bound,untouched_id
ID_test,02e27ab493e87d53b33a1daa,kratzer,radial_reduced,6,1.0,0.9404783331644753,6,1.0,1.0,4.982807658525676,0.11844199633509436,8.127161024760436,0.12669905058377098,0.0015252189593201182,2.904895544052124,18,0.17304323613643646,0.17180553078651428,45.29719161987305,32.01530570085866,29283.23828125,4,4,1.0,1.0,0.0,1.0,other,well_bound,untouched_id
ID_test,02e27ab493e87d53b33a1daa,kratzer,radial_reduced,7,1.0,0.7950138734674725,7,1.0,1.0,5.206526263239444,0.12375981712519903,8.119192017790043,0.11458990110381326,0.000546232217164544,2.845235586166382,16,0.19385382533073425,0.1925996094942093,41.90211486816406,31.269033237594115,26875.669921875,4,4,1.0,1.0,0.0,1.0,other,well_bound,untouched_id
ID_test,02e27ab493e87d53b33a1daa,kratzer,radial_reduced,8,1.0,0.6808617185989165,8,1.0,1.0,6.182471275009266,0.14695815898965234,10.414873964908697,0.11195875330901672,0.0005439231767492281,2.8273794651031494,16,0.19219288229942322,0.1900492012500763,23.44388198852539,24.457089217990898,12217.4052734375,4,4,1.0,1.0,0.0,1.0,other,well_bound,untouched_id
ID_test,02e27ab493e87d53b33a1daa,kratzer,radial_reduced,9,1.0,0.5896397766326347,9,1.0,1.0,6.507386577663945,0.1546814386591767,11.142623080178346,0.12124180232991877,0.000404497174371965,2.6753671169281006,16,0.19203972816467285,0.19092556834220886,11.774223327636719,27.66424357808417,2993.591552734375,4,4,1.0,1.0,0.0,1.0,other,well_bound,untouched_id
ID_test,02e27ab493e87d53b33a1daa,kratzer,radial_reduced,10,1.0,0.5155933422121706,10,1.0,1.0,6.176429768547076,0.14681455158288667,10.243264499504974,0.12333536925298061,0.000274680086977952,2.4928979873657227,16,0.20231658220291138,0.19945603609085083,5.86898946762085,12.251145354338933,416.3382263183594,4,4,1.0,1.0,0.0,1.0,other,well_bound,untouched_id
ID_test,e0dbcc79e3f922113ecc85d8,anharmonic_polynomial,truncated_line,0,1.0,inf,0,1.0,1.0,0.0,0.0,0.0,0.0,1.0,15.719079589027782,128,0.045738544315099716,0.045496150851249695,43.1750373840332,99.22581347510419,24117.384765625,4,4,1.0,1.0,1.0,1.0,other,well_bound,untouched_id
ID_test,e0dbcc79e3f922113ecc85d8,anharmonic_polynomial,truncated_line,1,1.0,inf,1,1.0,1.0,0.10404477254228561,0.0066190117527562395,0.10404477254228561,0.006205657686788768,0.48174524324307183,7.856333251225545,64,0.0825347974896431,0.08248721808195114,43.90632629394531,113.18339168277419,25885.568359375,4,4,1.0,1.0,1.0,1.0,other,well_bound,untouched_id
ID_test,e0dbcc79e3f922113ecc85d8,anharmonic_polynomial,truncated_line,2,1.0,inf,2,1.0,1.0,0.3932918282426905,0.02502002906819148,0.4493210898630722,0.19312814380989143,0.22853255928551652,2.8714427947998047,28,0.11312452703714371,0.11272966861724854,40.90846252441406,110.27481675987619,25022.9375,4,4,1.0,1.0,1.0,1.0,other,well_bound,untouched_id
ID_test,e0dbcc79e3f922113ecc85d8,anharmonic_polynomial,truncated_line,3,1.0,inf,3,1.0,1.0,0.43521685881014177,0.027687171907567122,0.6820181048073777,0.16177664188551255,0.1252357246580782,2.3536691665649414,23,0.14215612411499023,0.14134007692337036,36.19841003417969,111.64580251167385,21947.61328125,4,4,1.0,1.0,1.0,1.0,other,well_bound,untouched_id
ID_test,e0dbcc79e3f922113ecc85d8,anharmonic_polynomial,truncated_line,4,1.0,inf,4,1.0,1.0,0.5044417352740332,0.032091047851563984,0.7796300144952757,0.11956673201250537,0.0785839090593728,2.0042309761047363,19,0.16937081515789032,0.1684064120054245,29.384349822998047,103.58389803412885,16780.13671875,4,4,1.0,1.0,1.0,1.0,other,well_bound,untouched_id
ID_test,e0dbcc79e3f922113ecc85d8,anharmonic_polynomial,truncated_line,5,1.0,inf,5,1.0,1.0,0.5244093192289332,0.03336132476833955,0.8714991209808893,0.08837112067119461,0.04881507881476588,1.765838623046875,16,0.1965532749891281,0.19536390900611877,18.313833236694336,78.97197654763309,7901.4228515625,4,4,1.0,1.0,1.0,1.0,other,well_bound,untouched_id
ID_test,e0dbcc79e3f922113ecc85d8,anharmonic_polynomial,truncated_line,6,1.0,inf,6,1.0,1.0,0.5623870473085237,0.03577735223766414,0.9404782654468868,0.0722250765812951,0.028895346443315904,1.565408706665039,14,0.21998240053653717,0.21910424530506134,12.713833808898926,58.94005604703197,3738.03466796875,4,4,1.0,1.0,1.0,1.0,other,well_bound,untouched_id
ID_test,e0dbcc79e3f922113ecc85d8,anharmonic_polynomial,truncated_line,7,1.0,inf,7,1.0,1.0,0.5125086054630658,0.03260423758022108,0.8911982521552462,0.07172324794327449,0.013578398225541632,1.3905072212219238,12,0.24786898493766785,0.24713966250419617,9.45203971862793,43.426421692107695,1732.7940673828125,4,4,1.0,1.0,0.0,1.0,other,well_bound,untouched_id
ID_test,e0dbcc79e3f922113ecc85d8,anharmonic_polynomial,truncated_line,8,1.0,inf,8,1.0,1.0,0.5622812734285783,0.035770623225361196,1.003590109517165,0.06428195750762554,0.0075020667499256614,1.2814726829528809,12,0.26796314120292664,0.26711809635162354,6.509835720062256,31.1313387411429,632.8563842773438,4,4,1.0,1.0,0.0,1.0,other,well_bound,untouched_id
ID_test,e0dbcc79e3f922113ecc85d8,anharmonic_polynomial,truncated_line,9,1.0,inf,9,1.0,1.0,0.5113526602624895,0.032530699864858716,1.0984984443689854,0.08343481124979267,0.00404230254060838,1.1072430610656738,11,0.2890520393848419,0.2884536385536194,5.725846290588379,25.941656705235523,421.30596923828125,4,4,1.0,1.0,1.0,1.0,other,well_bound,untouched_id
ID_test,e0dbcc79e3f922113ecc85d8,anharmonic_polynomial,truncated_line,10,1.0,inf,10,1.0,1.0,0.5367221841812754,0.03414463176049555,1.1533563350147986,0.07716123605794702,0.0030180834290309353,1.039670467376709,10,0.3075655996799469,0.3073492646217346,4.29264497756958,17.579215266304615,166.9793701171875,4,4,1.0,1.0,1.0,1.0,other,well_bound,untouched_id
ID_test,45233615b6533eb3bcd62d3a,anharmonic_polynomial,truncated_line,0,1.0,inf,0,1.0,1.0,0.0,0.0,0.0,0.0,1.0,16.338080372525095,128,0.045163583010435104,0.04494334012269974,42.87495040893555,101.00866398777696,23756.947265625,4,4,1.0,1.0,1.0,1.0,other,well_bound,untouched_id
ID_test,45233615b6533eb3bcd62d3a,anharmonic_polynomial,truncated_line,1,1.0,inf,1,1.0,1.0,0.02787285824002006,0.0017060056998429512,0.02787285824002006,0.028756628020943253,0.47536093033053645,8.106829659470694,63,0.08170844614505768,0.08168177306652069,43.67692565917969,114.89114964521391,25659.525390625,4,4,1.0,1.0,1.0,1.0,other,well_bound,untouched_id
ID_test,45233615b6533eb3bcd62d3a,anharmonic_polynomial,truncated_line,2,1.0,inf,2,1.0,1.0,0.4013765035654947,0.024566931635400007,0.40723941401905583,0.19039804638224958,0.2235386131220412,3.0097084045410156,28,0.11201561242341995,0.11182495206594467,40.56061935424805,111.53749607584425,24700.703125,4,4,1.0,1.0,1.0,1.0,other,well_bound,untouched_id
ID_test,45233615b6533eb3bcd62d3a,anharmonic_polynomial,truncated_line,3,1.0,inf,3,1.0,1.0,0.4310098166722994,0.026380688969868595,0.6598012086398688,0.1613498245026118,0.1225709560612755,2.4569244384765625,22,0.1422070562839508,0.14141033589839935,35.87444305419922,112.39807130917498,21711.67578125,4,4,1.0,1.0,1.0,1.0,other,well_bound,untouched_id
ID_test,45233615b6533eb3bcd62d3a,anharmonic_polynomial,truncated_line,4,1.0,inf,4,1.0,1.0,0.5183370373033378,0.031725700050723116,0.7715549981187388,0.11911121923980954,0.0773345000362908,2.095499038696289,19,0.16947661340236664,0.1684894561767578,28.945262908935547,103.81251300542574,16434.099609375,4,4,1.0,1.0,1.0,1.0,other,well_bound,untouched_id
ID_test,45233615b6533eb3bcd62d3a,anharmonic_polynomial,truncated_line,5,1.0,inf,5,1.0,1.0,0.533069310460931,0.03262741388868218,0.8737154110103025,0.0880793117442158,0.05005819077048973,1.8411741256713867,16,0.1967240422964096,0.19557058811187744,18.087200164794922,78.72736942246696,7725.978515625,4,4,1.0,1.0,1.0,1.0,other,well_bound,untouched_id
ID_test,45233615b6533eb3bcd62d3a,anharmonic_polynomial,truncated_line,6,1.0,inf,6,1.0,1.0,0.5788377548822901,0.03542874938084474,0.9494957131187314,0.07176809306953881,0.02861410190710162,1.6297607421875,14,0.2194918394088745,0.2190423160791397,12.515573501586914,58.54665097625675,3608.165283203125,4,4,1.0,1.0,1.0,1.0,other,well_bound,untouched_id
ID_test,45233615b6533eb3bcd62d3a,anharmonic_polynomial,truncated_line,7,1.0,inf,7,1.0,1.0,0.5295445388164379,0.03241167424460377,0.931747384293427,0.07125182413549352,0.014116782664512217,1.446019172668457,13,0.24721209704875946,0.24666668474674225,9.325963020324707,43.190218694007925,1675.4603271484375,4,4,1.0,1.0,0.0,1.0,other,well_bound,untouched_id
ID_test,45233615b6533eb3bcd62d3a,anharmonic_polynomial,truncated_line,8,1.0,inf,8,1.0,1.0,0.5778738017217498,0.03536974898798578,1.035275042041298,0.0635845194177414,0.007452858907659669,1.3365612030029297,12,0.2669452428817749,0.26678016781806946,6.4616312980651855,31.061394430722544,620.0342407226562,4,4,1.0,1.0,0.0,1.0,other,well_bound,untouched_id
ID_test,45233615b6533eb3bcd62d3a,anharmonic_polynomial,truncated_line,9,1.0,inf,9,1.0,1.0,0.5257626057279678,0.032180194596919454,1.1247057503720326,0.08278680518599742,0.004032987322468775,1.155731201171875,10,0.2876775860786438,0.2875065207481384,5.688046455383301,25.827133414165008,413.1572265625,4,4,1.0,1.0,1.0,1.0,other,well_bound,untouched_id
ID_test,45233615b6533eb3bcd62d3a,anharmonic_polynomial,truncated_line,10,1.0,inf,10,1.0,1.0,0.5539996960741073,0.03390849374237012,1.1865882125257032,0.0763279747046459,0.003024603542657775,1.0840373039245605,10,0.3072463274002075,0.30674830079078674,4.2736101150512695,17.552741958951813,164.69505310058594,4,4,1.0,1.0,1.0,1.0,other,well_bound,untouched_id
ID_test,1278fa759ebce56d000288cc,anharmonic_polynomial,truncated_line,0,1.0,inf,0,1.0,1.0,0.0,0.0,0.0,0.0,1.0,19.11248927841288,128,0.0475715696811676,0.04733229801058769,44.3077278137207,94.589123120115,25539.990234375,4,4,1.0,1.0,1.0,1.0,other,well_bound,untouched_id
ID_test,1278fa759ebce56d000288cc,anharmonic_polynomial,truncated_line,1,1.0,inf,1,1.0,1.0,0.29502253011983015,0.015436112262626688,0.29502253011983015,0.027652057232178368,0.49520493041202424,9.329980695049883,62,0.08563665300607681,0.08538025617599487,44.794315338134766,108.14908122454257,26849.099609375,4,4,1.0,1.0,1.0,1.0,other,well_bound,untouched_id
ID_test,1278fa759ebce56d000288cc,anharmonic_polynomial,truncated_line,2,1.0,inf,2,1.0,1.0,0.516083833027078,0.027002439374026646,0.7222130056598994,0.19563321544584986,0.2210678442689633,3.3942770957946777,27,0.11709533631801605,0.11671694368124008,41.922325134277344,106.23464966243547,26003.455078125,4,4,1.0,1.0,0.0,1.0,other,well_bound,untouched_id
ID_test,1278fa759ebce56d000288cc,anharmonic_polynomial,truncated_line,3,1.0,inf,3,1.0,1.0,0.6070245465621601,0.03176062195350872,1.0051664835367342,0.16012688141777215,0.12310903853300392,2.7982826232910156,22,0.1439766138792038,0.14354178309440613,37.29348373413086,109.34222579228185,22916.5234375,4,4,1.0,1.0,0.0,1.0,other,well_bound,untouched_id
ID_test,1278fa759ebce56d000288cc,anharmonic_polynomial,truncated_line,4,1.0,inf,4,1.0,1.0,0.6476192570001947,0.03388461061069977,1.1040332667517059,0.11932662674935297,0.06992095186892855,2.3898277282714844,18,0.171905055642128,0.17120933532714844,30.591320037841797,102.9764329915432,17810.560546875,4,4,1.0,1.0,0.0,1.0,other,well_bound,untouched_id
ID_test,1278fa759ebce56d000288cc,anharmonic_polynomial,truncated_line,5,1.0,inf,5,1.0,1.0,0.6910530181687162,0.03615714353594143,1.1995383814285612,0.08870441684560589,0.041908775092519446,2.1090574264526367,16,0.19864189624786377,0.19778861105442047,19.189620971679688,79.91935897387225,8611.5859375,4,4,1.0,1.0,1.0,1.0,other,well_bound,untouched_id
ID_test,1278fa759ebce56d000288cc,anharmonic_polynomial,truncated_line,6,1.0,inf,6,1.0,1.0,0.7165327490479836,0.037490289130327516,1.2735628553418366,0.0742336874420763,0.025120279007357582,1.8844022750854492,14,0.22335699200630188,0.22203712165355682,13.30327033996582,60.26770518571185,4126.48095703125,4,4,1.0,1.0,1.0,1.0,other,well_bound,untouched_id
ID_test,1278fa759ebce56d000288cc,anharmonic_polynomial,truncated_line,7,1.0,inf,7,1.0,1.0,0.6651326219429848,0.03480094153377692,1.1938536321515327,0.07418559644799143,0.011748624789190032,1.6713519096374512,13,0.2512418031692505,0.2504517734050751,9.818543434143066,44.21715231093626,1909.3375244140625,4,4,1.0,1.0,0.0,1.0,other,well_bound,untouched_id
ID_test,1278fa759ebce56d000288cc,anharmonic_polynomial,truncated_line,8,1.0,inf,8,1.0,1.0,0.7127151487228671,0.037290545377982896,1.3166507325503325,0.06748173526708787,0.007392452614045197,1.5407710075378418,12,0.2708757519721985,0.2699960768222809,6.667823791503906,31.475806255724013,676.3695678710938,4,4,1.0,1.0,0.0,1.0,other,well_bound,untouched_id
ID_test,1278fa759ebce56d000288cc,anharmonic_polynomial,truncated_line,9,1.0,inf,9,1.0,1.0,0.6440746501252468,0.03369915036931973,1.4029418038698678,0.08747516798925956,0.0038044327672063227,1.3265132904052734,11,0.29391124844551086,0.293171763420105,5.893428802490234,26.483810048353998,459.64373779296875,4,4,1.0,1.0,1.0,1.0,other,well_bound,untouched_id
ID_test,1278fa759ebce56d000288cc,anharmonic_polynomial,truncated_line,10,1.0,inf,10,1.0,1.0,0.6659620636092742,0.03484433942162956,1.4446658326056614,0.08070944576695632,0.0029814426308807686,1.2493610382080078,10,0.31225883960723877,0.31118372082710266,4.376759052276611,17.84358190855317,177.35826110839844,4,4,1.0,1.0,1.0,1.0,other,well_bound,untouched_id
ID_test,ff65d0903aeb651ece008abb,anharmonic_polynomial,truncated_line,0,1.0,inf,0,1.0,1.0,0.0,0.0,0.0,0.0,1.0,15.892276534712321,128,0.046020641922950745,0.04577856510877609,43.256526947021484,98.19354944541911,24225.763671875,4,4,1.0,1.0,1.0,1.0,other,well_bound,untouched_id
ID_test,ff65d0903aeb651ece008abb,anharmonic_polynomial,truncated_line,1,1.0,inf,1,1.0,1.0,0.120787482305315,0.0076003889085045715,0.120787482305315,0.0017529287536339755,0.48344521460443385,7.927205503606789,64,0.08296192437410355,0.08288328349590302,43.96633529663086,112.1806073244386,25953.4453125,4,4,1.0,1.0,1.0,1.0,other,well_bound,untouched_id
ID_test,ff65d0903aeb651ece008abb,anharmonic_polynomial,truncated_line,2,1.0,inf,2,1.0,1.0,0.40127162253002524,0.02524947396010618,0.4692926133306732,0.19481079807083046,0.22926591345652655,2.8921985626220703,28,0.11360820382833481,0.11321534961462021,40.983280181884766,109.56749348870503,25098.158203125,4,4,1.0,1.0,0.0,1.0,other,well_bound,untouched_id
ID_test,ff65d0903aeb651ece008abb,anharmonic_polynomial,truncated_line,3,1.0,inf,3,1.0,1.0,0.4466037895718469,0.02810193924050864,0.7038567402670344,0.1627182031587405,0.12534549342198106,2.3745217323303223,23,0.14222952723503113,0.14148932695388794,36.281761169433594,111.22297308102517,22020.935546875,4,4,1.0,1.0,1.0,1.0,other,well_bound,untouched_id
ID_test,ff65d0903aeb651ece008abb,anharmonic_polynomial,truncated_line,4,1.0,inf,4,1.0,1.0,0.5130986738911608,0.032286039874176456,0.8003015984424366,0.12006932954384433,0.07849402883710009,2.0215210914611816,19,0.16940544545650482,0.16842007637023926,29.496326446533203,103.42281821283828,16874.185546875,4,4,1.0,1.0,1.0,1.0,other,well_bound,untouched_id
ID_test,ff65d0903aeb651ece008abb,anharmonic_polynomial,truncated_line,5,1.0,inf,5,1.0,1.0,0.5346349374472964,0.033641180121647955,0.8916804690177051,0.08870338710187464,0.04798836521739147,1.7819557189941406,16,0.19653305411338806,0.19535723328590393,18.384010314941406,78.971160336951,7953.9296875,4,4,1.0,1.0,1.0,1.0,other,well_bound,untouched_id
ID_test,ff65d0903aeb651ece008abb,anharmonic_polynomial,truncated_line,6,1.0,inf,6,1.0,1.0,0.5714918861651227,0.03596035375528832,0.9604594925884342,0.07263097181475563,0.02857977378535892,1.5816679000854492,14,0.22020752727985382,0.21910974383354187,12.76400375366211,59.07039191953321,3770.910400390625,4,4,1.0,1.0,1.0,1.0,other,well_bound,untouched_id
ID_test,ff65d0903aeb651ece008abb,anharmonic_polynomial,truncated_line,7,1.0,inf,7,1.0,1.0,0.5217453739113462,0.03283012177467064,0.9092352179196315,0.07212653308800432,0.013418974592355637,1.4045653343200684,13,0.2480674684047699,0.24733032286167145,9.480661392211914,43.50628798279681,1746.1497802734375,4,4,1.0,1.0,0.0,1.0,other,well_bound,untouched_id
ID_test,ff65d0903aeb651ece008abb,anharmonic_polynomial,truncated_line,8,1.0,inf,8,1.0,1.0,0.5712058963741566,0.03594235823461252,1.021678567215127,0.0647112721095851,0.007533429269244366,1.2945456504821777,12,0.2681034505367279,0.2672598361968994,6.5150580406188965,31.159510032016655,634.0116577148438,4,4,1.0,1.0,0.0,1.0,other,well_bound,untouched_id
ID_test,ff65d0903aeb651ece008abb,anharmonic_polynomial,truncated_line,9,1.0,inf,9,1.0,1.0,0.5189566388788186,0.032654644395678625,1.115366405808552,0.08393497119244331,0.004058454056991659,1.1179924011230469,11,0.2894677221775055,0.2888432443141937,5.737124443054199,25.980261247854465,423.7991638183594,4,4,1.0,1.0,1.0,1.0,other,well_bound,untouched_id
ID_test,ff65d0903aeb651ece008abb,anharmonic_polynomial,truncated_line,10,1.0,inf,10,1.0,1.0,0.5436456746141458,0.03420816856708357,1.1680837106677293,0.0776241752189421,0.003025839643455646,1.0500288009643555,10,0.30788281559944153,0.30756643414497375,4.293368816375732,17.580790051821985,166.98304748535156,4,4,1.0,1.0,1.0,1.0,other,well_bound,untouched_id
ID_test,262548d48f9855686b73a53c,anharmonic_polynomial,truncated_line,0,1.0,inf,0,1.0,1.0,0.0,0.0,0.0,0.0,1.0,15.869282763597406,128,0.04499458521604538,0.04476160183548927,42.739723205566406,101.57716443422726,23580.140625,4,4,1.0,1.0,1.0,1.0,other,well_bound,untouched_id
ID_test,262548d48f9855686b73a53c,anharmonic_polynomial,truncated_line,1,1.0,inf,1,1.0,1.0,0.08277391449164537,0.005215983338674933,0.08277391449164537,0.013731457738996894,0.4785609702383822,7.911323678164057,64,0.0814032256603241,0.08137941360473633,43.580223083496094,115.45690621295631,25541.52734375,4,4,1.0,1.0,1.0,1.0,other,well_bound,untouched_id
ID_test,262548d48f9855686b73a53c,anharmonic_polynomial,truncated_line,2,1.0,inf,2,1.0,1.0,0.3858834967342937,0.024316379163617462,0.42654577024458407,0.1893543728186503,0.2273231719971777,2.9312639236450195,28,0.11181703209877014,0.11146413534879684,40.528038024902344,111.90389622960464,24677.265625,4,4,1.0,1.0,1.0,1.0,other,well_bound,untouched_id
ID_test,262548d48f9855686b73a53c,anharmonic_polynomial,truncated_line,3,1.0,inf,3,1.0,1.0,0.4257378833102227,0.026827796167752715,0.661492323121819,0.16005621709012535,0.12551303366675728,2.3942971229553223,23,0.14157040417194366,0.1407899707555771,35.774818420410156,112.7041584574087,21595.29296875,4,4,1.0,1.0,1.0,1.0,other,well_bound,untouched_id
ID_test,262548d48f9855686b73a53c,anharmonic_polynomial,truncated_line,4,1.0,inf,4,1.0,1.0,0.500373025615171,0.03153091624046036,0.7633324297104811,0.11860113038365094,0.07919381840340743,2.039207935333252,19,0.16885679960250854,0.16784970462322235,28.895912170410156,103.99000797650797,16377.2197265625,4,4,1.0,1.0,1.0,1.0,other,well_bound,untouched_id
ID_test,262548d48f9855686b73a53c,anharmonic_polynomial,truncated_line,5,1.0,inf,5,1.0,1.0,0.5192280540031363,0.03271906246413323,0.8586197789914172,0.08775639362133203,0.05043001156019944,1.792424201965332,17,0.19612745940685272,0.1949544996023178,18.005596160888672,78.79374470071258,7658.32177734375,4,4,1.0,1.0,1.0,1.0,other,well_bound,untouched_id
ID_test,262548d48f9855686b73a53c,anharmonic_polynomial,truncated_line,6,1.0,inf,6,1.0,1.0,0.5595191323626184,0.035257997522490495,0.9297309300108361,0.0715183988048463,0.02923621809741944,1.5858373641967773,14,0.21935126185417175,0.21889078617095947,12.47772216796875,58.52535211492277,3583.603515625,4,4,1.0,1.0,1.0,1.0,other,well_bound,untouched_id
ID_test,262548d48f9855686b73a53c,anharmonic_polynomial,truncated_line,7,1.0,inf,7,1.0,1.0,0.5100327515335618,0.03213962213235795,0.8929659587525709,0.07094123652424503,0.014006650016767819,1.4071416854858398,13,0.24732594192028046,0.24664629995822906,9.319257736206055,43.17708065144065,1670.460693359375,4,4,1.0,1.0,0.0,1.0,other,well_bound,untouched_id
ID_test,262548d48f9855686b73a53c,anharmonic_polynomial,truncated_line,8,1.0,inf,8,1.0,1.0,0.5591909203242975,0.03523731529990928,0.9962308303244227,0.06320061252819012,0.007543784481782476,1.2978472709655762,12,0.26752540469169617,0.2667224705219269,6.4611616134643555,31.055496359591963,619.8197021484375,4,4,1.0,1.0,0.0,1.0,other,well_bound,untouched_id
ID_test,262548d48f9855686b73a53c,anharmonic_polynomial,truncated_line,9,1.0,inf,9,1.0,1.0,0.5103519228502568,0.03215973465549146,1.0942683756914908,0.08213483182039497,0.004078395729935814,1.123507022857666,11,0.28756147623062134,0.28703024983406067,5.670404434204102,25.799429459861457,409.31787109375,4,4,1.0,1.0,1.0,1.0,other,well_bound,untouched_id
ID_test,262548d48f9855686b73a53c,anharmonic_polynomial,truncated_line,10,1.0,inf,10,1.0,1.0,0.5373944371354813,0.033863813830843824,1.153362896693464,0.07592488963165706,0.0030498273274803325,1.0543603897094727,10,0.30656659603118896,0.306192547082901,4.263421535491943,17.54044371507326,163.463623046875,4,4,1.0,1.0,1.0,1.0,other,well_bound,untouched_id
ID_test,b95f813d82bdbd8d6a456252,asymmetric_well,truncated_line,0,1.0,inf,0,1.0,1.0,0.0,0.0,0.0,0.0,1.0,21.155950056480947,128,0.055782824754714966,0.05556497722864151,47.84770584106445,99.10259020548226,30214.5859375,4,4,1.0,1.0,0.0,1.0,other,well_bound,untouched_id
ID_test,b95f813d82bdbd8d6a456252,asymmetric_well,truncated_line,1,1.0,inf,1,1.0,1.0,0.2579999450191006,0.012195148141790233,0.2579999450191006,0.0012644914419053244,0.4876727709008205,9.59125594192936,57,0.10008326172828674,0.09976568073034286,47.39547348022461,101.64744098804432,29929.1796875,4,4,1.0,1.0,0.0,1.0,other,well_bound,untouched_id
ID_test,b95f813d82bdbd8d6a456252,asymmetric_well,truncated_line,2,1.0,inf,2,1.0,1.0,0.7056551940065277,0.03335492814657861,1.0573347959169612,0.1757692607496247,0.19242011921105895,3.2840585708618164,23,0.1358373463153839,0.13534006476402283,44.27454376220703,95.80759395534989,28383.638671875,4,4,1.0,1.0,0.0,1.0,other,well_bound,untouched_id
ID_test,b95f813d82bdbd8d6a456252,asymmetric_well,truncated_line,3,1.0,inf,3,1.0,1.0,0.9117764762703805,0.043097874301847555,1.6446257008017549,0.13201241420318244,0.08513823569916645,2.7624988555908203,20,0.16331614553928375,0.1626315712928772,39.979618072509766,98.53932753082404,25370.62890625,4,4,1.0,1.0,0.0,1.0,other,well_bound,untouched_id
ID_test,b95f813d82bdbd8d6a456252,asymmetric_well,truncated_line,4,1.0,inf,4,1.0,1.0,0.9179703297668734,0.043390645530743295,1.8592106954523024,0.11908974317313545,0.038315953111040746,2.400646209716797,17,0.1907472014427185,0.1897907704114914,33.940860748291016,98.09801229589716,20715.59375,4,4,1.0,1.0,0.0,1.0,other,well_bound,untouched_id
ID_test,b95f813d82bdbd8d6a456252,asymmetric_well,truncated_line,5,1.0,inf,5,1.0,1.0,1.007503335148541,0.04762269396830519,1.942385298058038,0.10225336713350401,0.020361966993180602,2.150454044342041,15,0.21557477116584778,0.21427705883979797,22.6778507232666,80.41592590131103,11532.0693359375,4,4,1.0,1.0,0.0,1.0,other,well_bound,untouched_id
ID_test,b95f813d82bdbd8d6a456252,asymmetric_well,truncated_line,6,1.0,inf,6,1.0,1.0,1.0298407709435007,0.048678540467059654,2.00055460111233,0.0920532651159114,0.013362858146019452,1.965742588043213,13,0.23607313632965088,0.2347014844417572,15.558077812194824,64.28645015149448,5746.28125,4,4,1.0,1.0,0.0,1.0,other,well_bound,untouched_id
ID_test,b95f813d82bdbd8d6a456252,asymmetric_well,truncated_line,7,1.0,inf,7,1.0,1.0,0.9614531397465578,0.04544599212891527,1.8372923917707094,0.08878575008877018,0.006661741816033961,1.7627687454223633,12,0.2632189095020294,0.2622799277305603,11.244112968444824,47.471097074017905,2667.500244140625,4,4,1.0,1.0,0.0,1.0,other,well_bound,untouched_id
ID_test,b95f813d82bdbd8d6a456252,asymmetric_well,truncated_line,8,1.0,inf,8,1.0,1.0,0.9814850789780489,0.04639286235587323,1.9034369167866996,0.08388204722252357,0.005026589396628145,1.623124599456787,11,0.2815279960632324,0.28047776222229004,7.329555511474609,33.00799378106411,873.5291748046875,4,4,1.0,1.0,0.0,1.0,other,well_bound,untouched_id
ID_test,b95f813d82bdbd8d6a456252,asymmetric_well,truncated_line,9,1.0,inf,9,1.0,1.0,0.8433911214052726,0.03986543356141583,1.8718953210674072,0.10512405525291428,0.002848859046124197,1.368173599243164,10,0.3170539140701294,0.3157639801502228,6.838925838470459,29.574037638931443,705.0440673828125,4,4,1.0,1.0,1.0,1.0,other,well_bound,untouched_id
ID_test,b95f813d82bdbd8d6a456252,asymmetric_well,truncated_line,10,1.0,inf,10,1.0,1.0,0.8349551342372372,0.039466681099554576,1.8045315129346315,0.09713194243389395,0.0024900081517280626,1.3033781051635742,9,0.3349268138408661,0.3335359990596771,4.830228805541992,19.234415835938876,238.9728240966797,4,4,1.0,1.0,1.0,1.0,other,well_bound,untouched_id
ID_test,cac7b6e9eeecd252581d2dbc,asymmetric_well,truncated_line,0,1.0,inf,0,1.0,1.0,0.0,0.0,0.0,0.0,1.0,17.68868526100917,128,0.04897484555840492,0.04852866008877754,39.994590759277344,76.29906989613241,20307.927734375,4,4,1.0,1.0,1.0,1.0,other,well_bound,untouched_id
ID_test,cac7b6e9eeecd252581d2dbc,asymmetric_well,truncated_line,1,1.0,inf,1,1.0,1.0,0.11039125773102398,0.006240783647971697,0.11039125773102398,0.22499777493012754,0.33654031785537286,7.760643005371094,55,0.08799567073583603,0.08753440529108047,42.29011917114258,87.01667678111679,24199.876953125,4,4,1.0,1.0,0.0,1.0,other,well_bound,untouched_id
ID_test,cac7b6e9eeecd252581d2dbc,asymmetric_well,truncated_line,2,1.0,inf,2,1.0,1.0,0.5119531995366029,0.02894241103747216,0.5649340895445683,0.250995998824658,0.14367591247827405,3.141897678375244,27,0.11849776655435562,0.11810281127691269,39.18867874145508,68.74750356096717,23815.6640625,4,4,1.0,1.0,0.0,1.0,other,well_bound,untouched_id
ID_test,cac7b6e9eeecd252581d2dbc,asymmetric_well,truncated_line,3,1.0,inf,3,1.0,1.0,0.5906513663737445,0.033391479222919185,0.9912843960363111,0.18822320512072604,0.08650697718060087,2.631782054901123,22,0.14403316378593445,0.14379753172397614,34.10100555419922,66.55913698057935,20418.03515625,4,4,1.0,1.0,0.0,1.0,other,well_bound,untouched_id
ID_test,cac7b6e9eeecd252581d2dbc,asymmetric_well,truncated_line,4,1.0,inf,4,1.0,1.0,0.6600288217055433,0.0373136166971342,1.3285043370668181,0.1336360963166261,0.0453762238390929,2.243814468383789,19,0.1722404658794403,0.1713990718126297,27.133703231811523,58.53143150922116,15014.302734375,4,4,1.0,1.0,0.0,1.0,other,well_bound,untouched_id
ID_test,cac7b6e9eeecd252581d2dbc,asymmetric_well,truncated_line,5,1.0,inf,5,1.0,1.0,0.7799868895742733,0.044095243827622595,1.7551603638418891,0.10600293363000608,0.017600396948895702,2.0085926055908203,16,0.19812142848968506,0.1971631944179535,15.764093399047852,42.295629947112864,5922.54833984375,4,4,1.0,1.0,0.0,1.0,other,well_bound,untouched_id
ID_test,cac7b6e9eeecd252581d2dbc,asymmetric_well,truncated_line,6,1.0,inf,6,1.0,1.0,0.8498132049533306,0.048042756847879335,2.0303041179324417,0.10517671333872428,0.009818001593451253,1.8196320533752441,14,0.2252749800682068,0.22369129955768585,11.905508995056152,37.2823035514953,3212.918212890625,4,4,1.0,1.0,0.0,1.0,other,well_bound,untouched_id
ID_test,cac7b6e9eeecd252581d2dbc,asymmetric_well,truncated_line,7,1.0,inf,7,1.0,1.0,0.8757698849366307,0.0495101739905494,2.1336174182756595,0.10644827646839611,0.004748648823360013,1.5924501419067383,12,0.25488948822021484,0.25250083208084106,8.928064346313477,28.136447991261107,1487.6529541015625,4,4,1.0,1.0,1.0,1.0,other,well_bound,untouched_id
ID_test,cac7b6e9eeecd252581d2dbc,asymmetric_well,truncated_line,8,1.0,inf,8,1.0,1.0,1.007179988501714,0.056939222652224,2.3949644892502953,0.09473928755458579,0.004847082811559322,1.4821219444274902,12,0.27108892798423767,0.2691650986671448,6.100923538208008,22.110918222822765,519.8995361328125,4,4,1.0,1.0,1.0,1.0,other,well_bound,untouched_id
ID_test,cac7b6e9eeecd252581d2dbc,asymmetric_well,truncated_line,9,1.0,inf,9,1.0,1.0,1.0614950245370016,0.06000983164513842,2.440556574909207,0.10005473567178898,0.0037365329930663105,1.2979011535644531,11,0.28769585490226746,0.2845127582550049,5.253739833831787,16.50524284109146,325.2201843261719,4,4,1.0,1.0,0.0,1.0,other,well_bound,untouched_id
ID_test,cac7b6e9eeecd252581d2dbc,asymmetric_well,truncated_line,10,1.0,inf,10,1.0,1.0,1.0485430236404019,0.059277612110137164,2.319680525972931,0.09395895665314818,0.0035231744382387964,1.2099103927612305,10,0.3097917139530182,0.30807051062583923,3.877153158187866,10.97098803993693,119.41250610351562,4,4,1.0,1.0,1.0,1.0,other,well_bound,untouched_id
ID_test,5963a65c0811e033d86a3b72,asymmetric_well,truncated_line,0,1.0,inf,0,1.0,1.0,0.0,0.0,0.0,0.0,1.0,21.133366971907524,128,0.05670074000954628,0.056457292288541794,47.274269104003906,99.01472069050644,29585.259765625,4,4,1.0,1.0,0.0,1.0,other,well_bound,untouched_id
ID_test,5963a65c0811e033d86a3b72,asymmetric_well,truncated_line,1,1.0,inf,1,1.0,1.0,0.10860953254078032,0.005139244148135714,0.10860953254078032,0.09657490868726704,0.4525724060736253,9.558443069458008,57,0.10139403492212296,0.10105984658002853,47.01430892944336,101.28619623218913,29508.8828125,4,4,1.0,1.0,0.0,1.0,other,well_bound,untouched_id
ID_test,5963a65c0811e033d86a3b72,asymmetric_well,truncated_line,2,1.0,inf,2,1.0,1.0,0.6393391710469541,0.030252594009124265,0.6627969195442951,0.19659985395064716,0.2234970173923363,3.2177515029907227,23,0.13705749809741974,0.1366804540157318,43.827239990234375,93.19030192010487,27968.013671875,4,4,1.0,1.0,0.0,1.0,other,well_bound,untouched_id
ID_test,5963a65c0811e033d86a3b72,asymmetric_well,truncated_line,3,1.0,inf,3,1.0,1.0,0.7414567491706022,0.03508464837411932,1.2374735551864866,0.15066365215201966,0.10319973006533001,2.7333755493164062,19,0.16473403573036194,0.16421109437942505,39.557655334472656,94.48399179978458,24971.45703125,4,4,1.0,1.0,0.0,1.0,other,well_bound,untouched_id
ID_test,5963a65c0811e033d86a3b72,asymmetric_well,truncated_line,4,1.0,inf,4,1.0,1.0,0.8708884663572296,0.041209167829948594,1.63229404860852,0.11053310891125927,0.0391302109020536,2.359163284301758,16,0.1918964684009552,0.19109031558036804,33.67361068725586,94.93625556902737,20438.55859375,4,4,1.0,1.0,0.0,1.0,other,well_bound,untouched_id
ID_test,5963a65c0811e033d86a3b72,asymmetric_well,truncated_line,5,1.0,inf,5,1.0,1.0,0.9899169529294596,0.046841421636474256,1.9953794627451658,0.10110794879924269,0.015553663042640609,2.133206367492676,14,0.21623483300209045,0.2152237892150879,21.753894805908203,75.01725627827506,10756.16796875,4,4,1.0,1.0,0.0,1.0,other,well_bound,untouched_id
ID_test,5963a65c0811e033d86a3b72,asymmetric_well,truncated_line,6,1.0,inf,6,1.0,1.0,1.0651037205638734,0.05039914945780813,2.29241556991486,0.10526659137845164,0.00933396847803869,1.9711017608642578,13,0.2364490032196045,0.23513716459274292,15.615392684936523,61.46588600725539,5784.7919921875,4,4,1.0,1.0,0.0,1.0,other,well_bound,untouched_id
ID_test,5963a65c0811e033d86a3b72,asymmetric_well,truncated_line,7,1.0,inf,7,1.0,1.0,1.026945310648434,0.048593549338993035,2.2539126743790554,0.10661214499350379,0.004773724027476889,1.7632713317871094,12,0.262307345867157,0.26143524050712585,11.22136116027832,46.070948694647456,2657.34423828125,4,4,1.0,1.0,0.0,1.0,other,well_bound,untouched_id
ID_test,5963a65c0811e033d86a3b72,asymmetric_well,truncated_line,8,1.0,inf,8,1.0,1.0,1.0714376663708751,0.05069886250473631,2.3484473236442667,0.09889020051359887,0.0041068736650479165,1.6410794258117676,11,0.2787986695766449,0.2779592275619507,7.202371597290039,32.220475433708124,831.0287475585938,4,4,1.0,1.0,0.0,1.0,other,well_bound,untouched_id
ID_test,5963a65c0811e033d86a3b72,asymmetric_well,truncated_line,9,1.0,inf,9,1.0,1.0,0.9410667548813537,0.04452990174884622,2.2570488335204493,0.11527682684848575,0.002611130502059744,1.3854799270629883,10,0.3125617206096649,0.31141090393066406,6.623803615570068,29.08425715534553,643.0390014648438,4,4,1.0,1.0,0.0,1.0,other,well_bound,untouched_id
ID_test,5963a65c0811e033d86a3b72,asymmetric_well,truncated_line,10,1.0,inf,10,1.0,1.0,0.9040901285883697,0.042780221901705114,2.1125574984935853,0.10311391323882972,0.002422718519288103,1.3080406188964844,9,0.3298216164112091,0.328836590051651,4.6854424476623535,18.513604394408148,216.6314697265625,4,4,1.0,1.0,1.0,1.0,other,well_bound,untouched_id
ID_test,22a6974279fa17ae4d8dbd3d,asymmetric_well,truncated_line,0,1.0,inf,0,1.0,1.0,0.0,0.0,0.0,0.0,1.0,21.549853794690286,128,0.05540213733911514,0.055179663002491,47.89577865600586,97.63899795463817,30250.46875,4,4,1.0,1.0,0.0,1.0,other,well_bound,untouched_id
ID_test,22a6974279fa17ae4d8dbd3d,asymmetric_well,truncated_line,1,1.0,inf,1,1.0,1.0,0.24358156064512837,0.011303165347003187,0.24358156064512837,0.0022461991118362112,0.4901237544678052,9.881524574304942,58,0.09926608949899673,0.09893643110990524,47.4127082824707,100.96349961428245,29938.3125,4,4,1.0,1.0,0.0,1.0,other,well_bound,untouched_id
ID_test,22a6974279fa17ae4d8dbd3d,asymmetric_well,truncated_line,2,1.0,inf,2,1.0,1.0,0.7151583149745216,0.033186225845798126,1.0434487577245812,0.17993294797295042,0.19794145762447823,3.3635082244873047,24,0.13461607694625854,0.13414448499679565,44.279502868652344,95.3831748191665,28379.740234375,4,4,1.0,1.0,0.0,1.0,other,well_bound,untouched_id
ID_test,22a6974279fa17ae4d8dbd3d,asymmetric_well,truncated_line,3,1.0,inf,3,1.0,1.0,0.9067253852628111,0.042075709371458526,1.6185420263471073,0.13572760620414095,0.08959077142744154,2.827146053314209,19,0.1619843989610672,0.16132605075836182,39.9598388671875,98.24099213987782,25348.982421875,4,4,1.0,1.0,0.0,1.0,other,well_bound,untouched_id
ID_test,22a6974279fa17ae4d8dbd3d,asymmetric_well,truncated_line,4,1.0,inf,4,1.0,1.0,0.9163666830615007,0.042523104416016325,1.8243621462957187,0.11726508409168597,0.04069832705817189,2.453690528869629,16,0.18920212984085083,0.18824508786201477,33.84641647338867,97.71473376608355,20632.693359375,4,4,1.0,1.0,0.0,1.0,other,well_bound,untouched_id
ID_test,22a6974279fa17ae4d8dbd3d,asymmetric_well,truncated_line,5,1.0,inf,5,1.0,1.0,1.0068686980625388,0.04672276237487158,1.9138441620250182,0.09929365087813184,0.021659131251329455,2.197464942932129,14,0.214154914021492,0.21300938725471497,22.54609489440918,80.04972213381808,11417.8330078125,4,4,1.0,1.0,0.0,1.0,other,well_bound,untouched_id
ID_test,22a6974279fa17ae4d8dbd3d,asymmetric_well,truncated_line,6,1.0,inf,6,1.0,1.0,1.024623258050891,0.047546645458139955,1.982146197752488,0.08996133899673807,0.013957657668374424,2.0071887969970703,13,0.23464013636112213,0.23331217467784882,15.452781677246094,63.80285283543495,5666.25341796875,4,4,1.0,1.0,0.0,1.0,other,well_bound,untouched_id
ID_test,22a6974279fa17ae4d8dbd3d,asymmetric_well,truncated_line,7,1.0,inf,7,1.0,1.0,0.9657916228223861,0.04481662066126637,1.8278558417034745,0.08802471675563286,0.006870804690261134,1.7990751266479492,12,0.26183846592903137,0.2609561085700989,11.174993515014648,47.086215706436015,2628.574462890625,4,4,1.0,1.0,0.0,1.0,other,well_bound,untouched_id
ID_test,22a6974279fa17ae4d8dbd3d,asymmetric_well,truncated_line,8,1.0,inf,8,1.0,1.0,0.9843353492176182,0.0456771242438847,1.9048129499207822,0.08366578864900545,0.0051001115095649086,1.657081127166748,11,0.2802463173866272,0.2792697846889496,7.304349422454834,32.83106572289218,866.1260375976562,4,4,1.0,1.0,0.0,1.0,other,well_bound,untouched_id
ID_test,22a6974279fa17ae4d8dbd3d,asymmetric_well,truncated_line,9,1.0,inf,9,1.0,1.0,0.8505364781005866,0.039468317799453104,1.8826476011648339,0.10504529585252956,0.0028565661186359392,1.3947715759277344,10,0.31635546684265137,0.31511205434799194,6.8189544677734375,29.36545344365229,699.4302978515625,4,4,1.0,1.0,1.0,1.0,other,well_bound,untouched_id
ID_test,22a6974279fa17ae4d8dbd3d,asymmetric_well,truncated_line,10,1.0,inf,10,1.0,1.0,0.8430761047262131,0.03912212643103594,1.8234401433948575,0.09705541566384289,0.002487851861682322,1.3266429901123047,9,0.3340163826942444,0.3326990306377411,4.830779552459717,19.167735239322962,239.27259826660156,4,4,1.0,1.0,1.0,1.0,other,well_bound,untouched_id
ID_test,02de7b7a265274d2f25dbc2e,asymmetric_well,truncated_line,0,1.0,inf,0,1.0,1.0,0.0,0.0,0.0,0.0,1.0,19.31087393024533,128,0.05414987727999687,0.054035734385252,47.02396774291992,94.81996498902679,29207.80859375,4,4,1.0,1.0,0.0,1.0,other,well_bound,untouched_id
ID_test,02de7b7a265274d2f25dbc2e,asymmetric_well,truncated_line,1,1.0,inf,1,1.0,1.0,0.24619616827297097,0.012749095103736884,0.24619616827297097,0.09129493981044345,0.45921473984142164,9.621978759765625,64,0.09668797999620438,0.09661124646663666,46.72079086303711,100.84999030048105,29128.142578125,4,4,1.0,1.0,0.0,1.0,other,well_bound,untouched_id
ID_test,02de7b7a265274d2f25dbc2e,asymmetric_well,truncated_line,2,1.0,inf,2,1.0,1.0,0.565660884141128,0.02929235031953532,0.7758055365947572,0.1746350398895935,0.21110149790586863,3.037198066711426,24,0.13022339344024658,0.13002212345600128,43.435546875,93.84350511431322,27491.009765625,4,4,1.0,1.0,0.0,1.0,other,well_bound,untouched_id
ID_test,02de7b7a265274d2f25dbc2e,asymmetric_well,truncated_line,3,1.0,inf,3,1.0,1.0,0.6259479014981222,0.03241427103502249,0.9626031129043175,0.15284515817777464,0.10343684402705514,2.5310802459716797,20,0.15919320285320282,0.15841512382030487,39.1567497253418,93.64723149224861,24539.068359375,4,4,1.0,1.0,0.0,1.0,other,well_bound,untouched_id
ID_test,02de7b7a265274d2f25dbc2e,asymmetric_well,truncated_line,4,1.0,inf,4,1.0,1.0,0.7399917736786156,0.038319952600364506,1.1202193487348735,0.10840354789147844,0.05825544547532034,2.194934844970703,17,0.18483233451843262,0.18371592462062836,33.0533561706543,93.38401758305261,19837.4453125,4,4,1.0,1.0,0.0,1.0,other,well_bound,untouched_id
ID_test,02de7b7a265274d2f25dbc2e,asymmetric_well,truncated_line,5,1.0,inf,5,1.0,1.0,0.7708333262447347,0.03991706066898557,1.3329989241167113,0.0815667361402148,0.02984660303416542,1.9743232727050781,15,0.20987261831760406,0.20817726850509644,21.617517471313477,76.0641482298082,10614.68359375,4,4,1.0,1.0,1.0,1.0,other,well_bound,untouched_id
ID_test,02de7b7a265274d2f25dbc2e,asymmetric_well,truncated_line,6,1.0,inf,6,1.0,1.0,0.8712708238205343,0.04511814571250042,1.5774150151294724,0.0795725464463682,0.014855864079502235,1.8003549575805664,14,0.22919026017189026,0.22778727114200592,15.126208305358887,61.6785358997336,5424.2421875,4,4,1.0,1.0,1.0,1.0,other,well_bound,untouched_id
ID_test,02de7b7a265274d2f25dbc2e,asymmetric_well,truncated_line,7,1.0,inf,7,1.0,1.0,0.8381180653804456,0.0434013534761758,1.6235236797482648,0.08754110605872965,0.006630736998235798,1.6328606605529785,12,0.2540341019630432,0.25311872363090515,10.82990550994873,45.89516895917072,2442.270263671875,4,4,1.0,1.0,0.0,1.0,other,well_bound,untouched_id
ID_test,02de7b7a265274d2f25dbc2e,asymmetric_well,truncated_line,8,1.0,inf,8,1.0,1.0,0.8980875112054367,0.04650682897363968,1.8090216413289895,0.08976695504887938,0.0047650463020814104,1.5202550888061523,11,0.27019447088241577,0.2695573568344116,7.018100261688232,32.02117510610931,777.844970703125,4,4,1.0,1.0,0.0,1.0,other,well_bound,untouched_id
ID_test,02de7b7a265274d2f25dbc2e,asymmetric_well,truncated_line,9,1.0,inf,9,1.0,1.0,0.7858702741820114,0.04069573842285591,1.841628982516795,0.10731629531521106,0.0028218429654967014,1.2754030227661133,10,0.308552622795105,0.3082805573940277,6.555911540985107,28.810632109614907,624.249267578125,4,4,1.0,1.0,1.0,1.0,other,well_bound,untouched_id
ID_test,02de7b7a265274d2f25dbc2e,asymmetric_well,truncated_line,10,1.0,inf,10,1.0,1.0,0.7803372879453478,0.0404092166291427,1.7820743005162183,0.10086530466314615,0.0025299217958937303,1.1994915008544922,9,0.32734164595603943,0.32647156715393066,4.670701503753662,18.57100854370023,215.1078338623047,4,4,1.0,1.0,1.0,1.0,other,well_bound,untouched_id
ID_test,8f95f0be90038db465014511,double_well,truncated_line,0,1.0,inf,0,1.0,1.0,0.0,0.0,0.0,0.0,1.0,15.942311344462295,128,0.034938886761665344,0.034715164452791214,34.63594436645508,141.31658743568585,13699.841796875,4,4,1.0,1.0,1.0,1.0,double_well,well_bound,untouched_id
ID_test,8f95f0be90038db465014511,double_well,truncated_line,1,1.0,inf,1,1.0,1.0,1.1379430426568589,0.07137879935158421,1.1379430426568589,0.3739454614684261,0.48388813027719635,7.924155253953868,64,0.06822320073843002,0.06810805201530457,37.89281463623047,147.9756435912784,18939.3515625,4,4,1.0,1.0,1.0,1.0,double_well,well_bound,untouched_id
ID_test,8f95f0be90038db465014511,double_well,truncated_line,2,1.0,inf,2,1.0,1.0,0.21248131701945538,0.013328137459394348,0.3389243661719732,0.08769273155224722,0.2808436006932927,3.4327192306518555,33,0.10079219937324524,0.10029277950525284,36.22820281982422,133.10330762515554,20443.91015625,4,4,1.0,1.0,1.0,1.0,double_well,well_bound,untouched_id
ID_test,8f95f0be90038db465014511,double_well,truncated_line,3,1.0,inf,3,1.0,1.0,0.23900242934199864,0.014991705040625636,0.3270308788751235,0.06268294108170183,0.16993115356841804,2.6790575981140137,25,0.13338667154312134,0.13271039724349976,32.081539154052734,125.80854227395882,18550.537109375,4,4,1.0,1.0,1.0,1.0,double_well,well_bound,untouched_id
ID_test,8f95f0be90038db465014511,double_well,truncated_line,4,1.0,inf,4,1.0,1.0,0.28816536099794676,0.018075507043590865,0.5100370107879426,0.07534728792447799,0.10932566919357642,2.21065616607666,20,0.16374851763248444,0.16220447421073914,24.872478485107422,108.12456426754198,13094.640625,4,4,1.0,1.0,1.0,1.0,double_well,well_bound,untouched_id
ID_test,8f95f0be90038db465014511,double_well,truncated_line,5,1.0,inf,5,1.0,1.0,0.37080023307467364,0.02325887539534689,0.6570835997457602,0.0681195691573204,0.0662004790314803,1.9126853942871094,17,0.19249849021434784,0.1910029649734497,14.978745460510254,78.17782073706435,5326.30419921875,4,4,1.0,1.0,1.0,1.0,double_well,well_bound,untouched_id
ID_test,8f95f0be90038db465014511,double_well,truncated_line,6,1.0,inf,6,1.0,1.0,0.4119152444763667,0.02583786225072371,0.7580556037043262,0.057631356472817516,0.038384080613208305,1.6712636947631836,15,0.2211778312921524,0.218928262591362,10.677177429199219,55.611431217173745,2489.045166015625,4,4,1.0,1.0,1.0,1.0,double_well,well_bound,untouched_id
ID_test,8f95f0be90038db465014511,double_well,truncated_line,7,1.0,inf,7,1.0,1.0,0.3908986812599675,0.024519573907063965,0.7325819897970169,0.05710234854732992,0.01811724926305025,1.4526424407958984,12,0.2520986497402191,0.24990659952163696,8.415748596191406,42.09535442714338,1278.1529541015625,4,4,1.0,1.0,0.0,1.0,double_well,well_bound,untouched_id
ID_test,8f95f0be90038db465014511,double_well,truncated_line,8,1.0,inf,8,1.0,1.0,0.44876951169851653,0.028149588977535597,0.8594891046694295,0.04863253821416738,0.009303327119573646,1.3403549194335938,11,0.27179718017578125,0.27050140500068665,6.162871837615967,31.259550584236056,545.5144653320312,4,4,1.0,1.0,0.0,1.0,double_well,well_bound,untouched_id
ID_test,8f95f0be90038db465014511,double_well,truncated_line,9,1.0,inf,9,1.0,1.0,0.4526274363490513,0.028391581783169445,0.9975318812587304,0.05867546008189413,0.005085111944787446,1.2101316452026367,11,0.2856515049934387,0.2833569049835205,5.091146469116211,25.239587216471726,294.83465576171875,4,4,1.0,1.0,1.0,1.0,double_well,well_bound,untouched_id
ID_test,8f95f0be90038db465014511,double_well,truncated_line,10,1.0,inf,10,1.0,1.0,0.49139863304089265,0.030823550137953137,1.0904343378822183,0.05334822793780125,0.003827628471771094,1.1276359558105469,10,0.3073447048664093,0.30630290508270264,3.954476833343506,17.577224070162668,128.84521484375,4,4,1.0,1.0,1.0,1.0,double_well,well_bound,untouched_id
ID_test,6826d82437b4e504b3b2803e,double_well,truncated_line,0,1.0,inf,0,1.0,1.0,0.0,0.0,0.0,0.0,1.0,15.861250110463978,128,0.03600136190652847,0.0358293280005455,35.745948791503906,135.409899969861,14919.0517578125,4,4,1.0,1.0,1.0,1.0,double_well,well_bound,untouched_id
ID_test,6826d82437b4e504b3b2803e,double_well,truncated_line,1,1.0,inf,1,1.0,1.0,0.9358117503735359,0.058999873519185134,0.9358117503735359,0.3251202248673951,0.4845221025441237,7.879062597823904,63,0.06963228434324265,0.06955348700284958,38.62802505493164,143.5978837600643,19759.013671875,4,4,1.0,1.0,1.0,1.0,double_well,well_bound,untouched_id
ID_test,6826d82437b4e504b3b2803e,double_well,truncated_line,2,1.0,inf,2,1.0,1.0,0.1490137908315008,0.009394832676725366,0.20445145870837922,0.01752990783885459,0.2690110712420567,3.338812828063965,33,0.10121548920869827,0.10117903351783752,36.84236526489258,130.24187168868983,21054.251953125,4,4,1.0,1.0,1.0,1.0,double_well,well_bound,untouched_id
ID_test,6826d82437b4e504b3b2803e,double_well,truncated_line,3,1.0,inf,3,1.0,1.0,0.2752250337971697,0.01735203920752743,0.40246616474559005,0.08240255102262894,0.16333034613121283,2.6278200149536133,25,0.13379788398742676,0.13315826654434204,32.523929595947266,124.24796099165219,18892.556640625,4,4,1.0,1.0,1.0,1.0,double_well,well_bound,untouched_id
ID_test,6826d82437b4e504b3b2803e,double_well,truncated_line,4,1.0,inf,4,1.0,1.0,0.31886997743854534,0.020103710313992246,0.5574845396820609,0.08496460815010157,0.10509297674306672,2.182070732116699,20,0.16389809548854828,0.1624382883310318,25.367399215698242,107.9120448878122,13490.009765625,4,4,1.0,1.0,1.0,1.0,double_well,well_bound,untouched_id
ID_test,6826d82437b4e504b3b2803e,double_well,truncated_line,5,1.0,inf,5,1.0,1.0,0.3956028854203378,0.024941469472154077,0.6884953956617039,0.07225035551312962,0.06361564717309098,1.8940134048461914,16,0.19240102171897888,0.1909436732530594,15.34329891204834,78.373031282397,5596.3623046875,4,4,1.0,1.0,1.0,1.0,double_well,well_bound,untouched_id
ID_test,6826d82437b4e504b3b2803e,double_well,truncated_line,6,1.0,inf,6,1.0,1.0,0.4335061064346244,0.027331143725464104,0.7816051818923597,0.05988972720131169,0.03698490669888643,1.6527700424194336,14,0.22089174389839172,0.21898379921913147,10.890193939208984,56.021087774336195,2610.327392578125,4,4,1.0,1.0,1.0,1.0,double_well,well_bound,untouched_id
ID_test,6826d82437b4e504b3b2803e,double_well,truncated_line,7,1.0,inf,7,1.0,1.0,0.40697144741705943,0.02565822016441014,0.750042110517406,0.05905201996751051,0.017415888271048452,1.4399995803833008,13,0.2513664960861206,0.2493753880262375,8.522444725036621,42.19291268976682,1321.3355712890625,4,4,1.0,1.0,0.0,1.0,double_well,well_bound,untouched_id
ID_test,6826d82437b4e504b3b2803e,double_well,truncated_line,8,1.0,inf,8,1.0,1.0,0.46285144946498635,0.02918127173088546,0.8745810054758816,0.050482807530850715,0.009051339021809827,1.3317852020263672,11,0.2710800766944885,0.2697007656097412,6.192517280578613,31.165527716116635,552.3663940429688,4,4,1.0,1.0,0.0,1.0,double_well,well_bound,untouched_id
ID_test,6826d82437b4e504b3b2803e,double_well,truncated_line,9,1.0,inf,9,1.0,1.0,0.45930727669481086,0.0289578232167083,1.0073781965695296,0.06217240974871792,0.004928854633142521,1.192591667175293,11,0.2834887206554413,0.2816213369369507,5.152392864227295,25.230259972054625,306.039794921875,4,4,1.0,1.0,1.0,1.0,double_well,well_bound,untouched_id
ID_test,6826d82437b4e504b3b2803e,double_well,truncated_line,10,1.0,inf,10,1.0,1.0,0.4963270264153298,0.03129179749128936,1.0956880197694252,0.05683510032099443,0.003725751846324732,1.1135282516479492,10,0.3055598735809326,0.30453410744667053,3.984041929244995,17.508515624701285,131.9402618408203,4,4,1.0,1.0,1.0,1.0,double_well,well_bound,untouched_id
ID_test,41e384b776a85a8e45b9fabd,double_well,truncated_line,0,1.0,inf,0,1.0,1.0,0.0,0.0,0.0,0.0,1.0,16.333438429327696,128,0.03750631958246231,0.03747524693608284,37.263648986816406,129.40866551528245,16724.0,4,4,1.0,1.0,1.0,1.0,double_well,well_bound,untouched_id
ID_test,41e384b776a85a8e45b9fabd,double_well,truncated_line,1,1.0,inf,1,1.0,1.0,0.9509892174997774,0.05822345500701295,0.9509892174997774,0.2786461043840933,0.4974601120703806,8.058963291946046,63,0.07180049270391464,0.07143864035606384,39.728580474853516,138.98706138038682,21017.1796875,4,4,1.0,1.0,1.0,1.0,double_well,well_bound,untouched_id
ID_test,41e384b776a85a8e45b9fabd,double_well,truncated_line,2,1.0,inf,2,1.0,1.0,0.23391693051661155,0.014321352575499307,0.34421766463719794,0.05802630776078684,0.25129969498437177,3.359872341156006,32,0.10320018976926804,0.10302437096834183,37.67429733276367,127.31026881497914,21936.326171875,4,4,1.0,1.0,1.0,1.0,double_well,well_bound,untouched_id
ID_test,41e384b776a85a8e45b9fabd,double_well,truncated_line,3,1.0,inf,3,1.0,1.0,0.3492731663997099,0.02138393381840338,0.5333991815722783,0.10099340633159308,0.15690190286465455,2.6704611778259277,24,0.13379637897014618,0.13337551057338715,33.018489837646484,122.63990413336165,19258.89453125,4,4,1.0,1.0,1.0,1.0,double_well,well_bound,untouched_id
ID_test,41e384b776a85a8e45b9fabd,double_well,truncated_line,4,1.0,inf,4,1.0,1.0,0.3751606925037657,0.022968874197985253,0.6513719889160323,0.09298655963313487,0.099248292154831,2.2287378311157227,20,0.16475220024585724,0.16337808966636658,25.901479721069336,107.57165377424135,13903.4189453125,4,4,1.0,1.0,1.0,1.0,double_well,well_bound,untouched_id
ID_test,41e384b776a85a8e45b9fabd,double_well,truncated_line,5,1.0,inf,5,1.0,1.0,0.4439702217561902,0.02718167541250924,0.7643258361485081,0.07537411330426898,0.06008562462849876,1.9412531852722168,16,0.1930074393749237,0.19179514050483704,15.663607597351074,78.597365908862,5832.33203125,4,4,1.0,1.0,1.0,1.0,double_well,well_bound,untouched_id
ID_test,41e384b776a85a8e45b9fabd,double_well,truncated_line,6,1.0,inf,6,1.0,1.0,0.47323528951510463,0.02897340272611439,0.847525253574045,0.06201805613839365,0.03506512939088258,1.6924724578857422,14,0.22122566401958466,0.2191821038722992,11.106966018676758,56.39187182609392,2736.88037109375,4,4,1.0,1.0,1.0,1.0,double_well,well_bound,untouched_id
ID_test,41e384b776a85a8e45b9fabd,double_well,truncated_line,7,1.0,inf,7,1.0,1.0,0.44174125359595395,0.0270452088522145,0.8050803170614813,0.061178324217170704,0.016447686609261436,1.4746742248535156,13,0.2513706088066101,0.24945209920406342,8.661251068115234,42.300162826291654,1378.7701416015625,4,4,1.0,1.0,0.0,1.0,double_well,well_bound,untouched_id
ID_test,41e384b776a85a8e45b9fabd,double_well,truncated_line,8,1.0,inf,8,1.0,1.0,0.49423248430986577,0.030258936992864947,0.9273369880084457,0.052603833079445904,0.008878881747488212,1.3636889457702637,11,0.27117612957954407,0.2698625326156616,6.253320217132568,31.12804824004686,567.447021484375,4,4,1.0,1.0,0.0,1.0,double_well,well_bound,untouched_id
ID_test,41e384b776a85a8e45b9fabd,double_well,truncated_line,9,1.0,inf,9,1.0,1.0,0.482489210567778,0.029539965675655828,1.055406294739992,0.06599297603210555,0.004709869879257478,1.2134876251220703,11,0.2803409993648529,0.27860450744628906,5.245036602020264,25.284068947732923,323.3570861816406,4,4,1.0,1.0,1.0,1.0,double_well,well_bound,untouched_id
ID_test,41e384b776a85a8e45b9fabd,double_well,truncated_line,10,1.0,inf,10,1.0,1.0,0.5178617157760195,0.03170561532507245,1.139855763737585,0.060478884248254254,0.003585248403535135,1.1354069709777832,10,0.3048492670059204,0.3031087815761566,4.0396623611450195,17.51211013259909,137.94985961914062,4,4,1.0,1.0,1.0,1.0,double_well,well_bound,untouched_id
ID_test,bb6df855193efa2ea433f72d,double_well,truncated_line,0,1.0,inf,0,1.0,1.0,0.0,0.0,0.0,0.0,1.0,16.562892870956976,128,0.0351143404841423,0.03505291789770126,34.85500717163086,143.33735422380965,13850.0029296875,4,4,1.0,1.0,1.0,1.0,double_well,well_bound,untouched_id
ID_test,bb6df855193efa2ea433f72d,double_well,truncated_line,1,1.0,inf,1,1.0,1.0,1.7335140080954305,0.10466251406692043,1.7335140080954305,0.35370020700919,0.4645373083369472,8.074743708622169,62,0.06949052959680557,0.06905585527420044,38.24917221069336,149.40112703211804,19293.228515625,4,4,1.0,1.0,1.0,1.0,double_well,well_bound,untouched_id
ID_test,bb6df855193efa2ea433f72d,double_well,truncated_line,2,1.0,inf,2,1.0,1.0,0.284594190573515,0.017182637887645263,0.4460444376219357,0.0745364991063726,0.2590049598572747,3.5855226516723633,33,0.10348570346832275,0.1027589738368988,36.661865234375,134.15177343062678,20950.380859375,4,4,1.0,1.0,1.0,1.0,double_well,well_bound,untouched_id
ID_test,bb6df855193efa2ea433f72d,double_well,truncated_line,3,1.0,inf,3,1.0,1.0,0.32368957045841035,0.01954305766391811,0.4942124972651524,0.07228724779898901,0.16657156425651753,2.7880539894104004,25,0.13473190367221832,0.13353604078292847,32.132972717285156,126.67423704908488,18518.05078125,4,4,1.0,1.0,1.0,1.0,double_well,well_bound,untouched_id
ID_test,bb6df855193efa2ea433f72d,double_well,truncated_line,4,1.0,inf,4,1.0,1.0,0.3559691376706393,0.021491966436299966,0.567058363074818,0.07264555617605753,0.10717462227475172,2.293152332305908,20,0.1658019870519638,0.1642070710659027,24.968032836914062,108.6723170139282,13138.2626953125,4,4,1.0,1.0,1.0,1.0,double_well,well_bound,untouched_id
ID_test,bb6df855193efa2ea433f72d,double_well,truncated_line,5,1.0,inf,5,1.0,1.0,0.40051498483265313,0.024181463223429765,0.7045557181834714,0.06666255489420682,0.06466782474164623,1.9820170402526855,17,0.19462840259075165,0.19289498031139374,15.087713241577148,78.7647032585665,5402.89208984375,4,4,1.0,1.0,1.0,1.0,double_well,well_bound,untouched_id
ID_test,bb6df855193efa2ea433f72d,double_well,truncated_line,6,1.0,inf,6,1.0,1.0,0.42691309206073913,0.02577527340102109,0.8030954996240665,0.05688277396423647,0.03762469704642246,1.736168384552002,14,0.22312694787979126,0.22082239389419556,10.70478343963623,55.88005452485527,2503.99462890625,4,4,1.0,1.0,1.0,1.0,double_well,well_bound,untouched_id
ID_test,bb6df855193efa2ea433f72d,double_well,truncated_line,7,1.0,inf,7,1.0,1.0,0.40855943174766934,0.024667154157839065,0.7685984402986668,0.05637322875605309,0.01773690759107005,1.502420425415039,13,0.2546505630016327,0.2521345615386963,8.50529670715332,42.34498736237917,1314.246826171875,4,4,1.0,1.0,0.0,1.0,double_well,well_bound,untouched_id
ID_test,bb6df855193efa2ea433f72d,double_well,truncated_line,8,1.0,inf,8,1.0,1.0,0.4614264577107882,0.027859049823349354,0.8965731832690258,0.04797496563347863,0.009636022657713893,1.3845858573913574,12,0.2742172181606293,0.2726724147796631,6.228820323944092,31.47305052338119,562.6982421875,4,4,1.0,1.0,0.0,1.0,double_well,well_bound,untouched_id
ID_test,bb6df855193efa2ea433f72d,double_well,truncated_line,9,1.0,inf,9,1.0,1.0,0.4690027834055717,0.0283164775054464,1.0362883827825486,0.05780280575118355,0.005021858142570057,1.259387493133545,11,0.284319669008255,0.2836841940879822,5.133313179016113,25.432093001463898,302.2780456542969,4,4,1.0,1.0,1.0,1.0,double_well,well_bound,untouched_id
ID_test,bb6df855193efa2ea433f72d,double_well,truncated_line,10,1.0,inf,10,1.0,1.0,0.5076901408237161,0.030652262547320494,1.1312209754740001,0.05290464322906023,0.0037836301605438383,1.167409896850586,10,0.3109838366508484,0.3087068796157837,3.993818759918213,17.73661644812376,133.102294921875,4,4,1.0,1.0,1.0,1.0,double_well,well_bound,untouched_id
ID_test,1c2fec4200cb9b3f4ef06f03,double_well,truncated_line,0,1.0,inf,0,1.0,1.0,0.0,0.0,0.0,0.0,1.0,16.68571000810365,128,0.03673914074897766,0.03658285737037659,36.177677154541016,141.8743105914734,15622.265625,4,4,1.0,1.0,1.0,1.0,double_well,well_bound,untouched_id
ID_test,1c2fec4200cb9b3f4ef06f03,double_well,truncated_line,1,1.0,inf,1,1.0,1.0,1.2292361518750639,0.07366999374183465,1.2292361518750639,0.4844056529884999,0.4011902153711626,8.110405956453027,62,0.0714840292930603,0.07138548046350479,38.91312026977539,148.47980956935302,20359.681640625,4,4,1.0,1.0,1.0,1.0,double_well,well_bound,untouched_id
ID_test,1c2fec4200cb9b3f4ef06f03,double_well,truncated_line,2,1.0,inf,2,1.0,1.0,0.19844854307491877,0.011893323267546866,0.3095482896752273,0.07863656075587834,0.2387899649242574,3.582779884338379,33,0.10417849570512772,0.10387758910655975,36.679779052734375,133.41912013967107,21175.48828125,4,4,1.0,1.0,1.0,1.0,double_well,well_bound,untouched_id
ID_test,1c2fec4200cb9b3f4ef06f03,double_well,truncated_line,3,1.0,inf,3,1.0,1.0,0.23434148938605684,0.014044442176703633,0.3002150606609444,0.06807890495473973,0.1507172106521803,2.760141372680664,25,0.13704486191272736,0.1362326741218567,32.38847351074219,125.65860299394276,19034.83203125,4,4,1.0,1.0,1.0,1.0,double_well,well_bound,untouched_id
ID_test,1c2fec4200cb9b3f4ef06f03,double_well,truncated_line,4,1.0,inf,4,1.0,1.0,0.30264111638578123,0.01813774278941677,0.5475077566695044,0.07612884337264413,0.09988920915918957,2.2873220443725586,20,0.16547687351703644,0.16447530686855316,24.929912567138672,108.00794548842104,13237.298828125,4,4,1.0,1.0,1.0,1.0,double_well,well_bound,untouched_id
ID_test,1c2fec4200cb9b3f4ef06f03,double_well,truncated_line,5,1.0,inf,5,1.0,1.0,0.3889101981647317,0.023307980180396995,0.7002160285069388,0.06855319388451338,0.06505420794138855,1.9827070236206055,17,0.1937815397977829,0.19273953139781952,15.166332244873047,77.90516048708473,5469.994140625,4,4,1.0,1.0,1.0,1.0,double_well,well_bound,untouched_id
ID_test,1c2fec4200cb9b3f4ef06f03,double_well,truncated_line,6,1.0,inf,6,1.0,1.0,0.432938878187084,0.02594668599519116,0.8047802037897069,0.05772892773950287,0.036951412865765726,1.7368383407592773,14,0.22102151811122894,0.21909558773040771,10.651813507080078,55.48495112915791,2472.166015625,4,4,1.0,1.0,1.0,1.0,double_well,well_bound,untouched_id
ID_test,1c2fec4200cb9b3f4ef06f03,double_well,truncated_line,7,1.0,inf,7,1.0,1.0,0.41801364620381126,0.025052194123042833,0.7996833429946482,0.05725500833709729,0.01860237126764973,1.5128564834594727,13,0.24916702508926392,0.24820098280906677,8.416203498840332,42.02338025474121,1277.003662109375,4,4,1.0,1.0,0.0,1.0,double_well,well_bound,untouched_id
ID_test,1c2fec4200cb9b3f4ef06f03,double_well,truncated_line,8,1.0,inf,8,1.0,1.0,0.46986990135412005,0.028160018430496578,0.916000262996973,0.048842378878713504,0.008806574894972559,1.399332046508789,11,0.2738211750984192,0.27195972204208374,6.158796787261963,31.229070898657383,544.830810546875,4,4,1.0,1.0,0.0,1.0,double_well,well_bound,untouched_id
ID_test,1c2fec4200cb9b3f4ef06f03,double_well,truncated_line,9,1.0,inf,9,1.0,1.0,0.4694892847926154,0.02813720750058591,1.0290812670057834,0.05899156839285167,0.005060936797489076,1.257472038269043,11,0.29091519117355347,0.28873127698898315,5.119040489196777,25.246746075976112,300.5027770996094,4,4,1.0,1.0,1.0,1.0,double_well,well_bound,untouched_id
ID_test,1c2fec4200cb9b3f4ef06f03,double_well,truncated_line,10,1.0,inf,10,1.0,1.0,0.5138327408798148,0.030794778324102757,1.131206466643638,0.053509155272186915,0.0036971535438201785,1.1721429824829102,10,0.3119550049304962,0.3085781931877136,3.9695348739624023,17.5972207785631,130.65269470214844,4,4,1.0,1.0,1.0,1.0,double_well,well_bound,untouched_id
ID_test,0ee7cad2f2680d3c59ced498,multiwell,truncated_line,0,1.0,inf,0,1.0,1.0,0.0,0.0,0.0,0.0,1.0,23.308458803381875,128,0.05357089266180992,0.05331018194556236,47.632225036621094,93.1365630271523,29789.10546875,4,4,1.0,1.0,0.0,1.0,multiwell,well_bound,untouched_id
ID_test,0ee7cad2f2680d3c59ced498,multiwell,truncated_line,1,1.0,inf,1,1.0,1.0,0.45364388972175984,0.01946262914886246,0.45364388972175984,0.05244072587844295,0.4743948603352013,10.972430924060074,59,0.09551128000020981,0.0951383113861084,47.28395080566406,103.14175124260495,29676.8046875,4,4,1.0,1.0,0.0,1.0,multiwell,well_bound,untouched_id
ID_test,0ee7cad2f2680d3c59ced498,multiwell,truncated_line,2,1.0,inf,2,1.0,1.0,0.796781339630105,0.03418421382345959,1.1692057429331488,0.19632637950657805,0.2149374639755025,3.772787094116211,25,0.1295105218887329,0.1290811151266098,44.32423400878906,98.78486466184,28314.845703125,4,4,1.0,1.0,0.0,1.0,multiwell,well_bound,untouched_id
ID_test,0ee7cad2f2680d3c59ced498,multiwell,truncated_line,3,1.0,inf,3,1.0,1.0,0.8791882358277722,0.03771970696321667,1.443524866891785,0.16492850724153935,0.11950884312507315,3.138247489929199,21,0.15693530440330505,0.15638257563114166,40.06802749633789,100.88321235308166,25360.2734375,4,4,1.0,1.0,0.0,1.0,multiwell,well_bound,untouched_id
ID_test,0ee7cad2f2680d3c59ced498,multiwell,truncated_line,4,1.0,inf,4,1.0,1.0,0.8895346605654024,0.03816359837726971,1.4734845214080563,0.11513292635413372,0.05837372163234955,2.7085790634155273,17,0.18407489359378815,0.18352478742599487,33.883872985839844,98.51717330766596,20614.810546875,4,4,1.0,1.0,0.0,1.0,multiwell,well_bound,untouched_id
ID_test,0ee7cad2f2680d3c59ced498,multiwell,truncated_line,5,1.0,inf,5,1.0,1.0,0.9642466831361608,0.04136895928083654,1.643081589076706,0.081092407467806,0.028143214056353005,2.41082763671875,15,0.20989620685577393,0.20895624160766602,22.17691993713379,80.39243539419024,11103.21875,4,4,1.0,1.0,0.0,1.0,multiwell,well_bound,untouched_id
ID_test,0ee7cad2f2680d3c59ced498,multiwell,truncated_line,6,1.0,inf,6,1.0,1.0,1.0073550996716845,0.04321843448205701,1.8959003021796836,0.07192158008656076,0.014967697375477873,2.191089630126953,14,0.2316260039806366,0.2304726392030716,15.403854370117188,62.95492674317811,5629.52734375,4,4,1.0,1.0,1.0,1.0,multiwell,well_bound,untouched_id
ID_test,0ee7cad2f2680d3c59ced498,multiwell,truncated_line,7,1.0,inf,7,1.0,1.0,0.996189559130256,0.042739400641355,1.9351955933532654,0.0781242680392932,0.006945240993384116,1.9615106582641602,12,0.25859561562538147,0.2580499053001404,11.123861312866211,46.393558833591555,2602.5849609375,4,4,1.0,1.0,0.0,1.0,multiwell,well_bound,untouched_id
ID_test,0ee7cad2f2680d3c59ced498,multiwell,truncated_line,8,1.0,inf,8,1.0,1.0,1.0434240587833612,0.04476589668948719,2.1630430858893757,0.08218060506938925,0.005109916182836738,1.8057823181152344,11,0.2771538197994232,0.2764250934123993,7.296131610870361,32.624432504821755,866.3871459960938,4,4,1.0,1.0,0.0,1.0,multiwell,well_bound,untouched_id
ID_test,0ee7cad2f2680d3c59ced498,multiwell,truncated_line,9,1.0,inf,9,1.0,1.0,0.9205357805237528,0.03949363569204285,2.185417875709642,0.1029936527643914,0.002903055603786231,1.5267715454101562,10,0.31249430775642395,0.3111555874347687,6.682119369506836,28.759826176421065,661.4964599609375,4,4,1.0,1.0,1.0,1.0,multiwell,well_bound,untouched_id
ID_test,0ee7cad2f2680d3c59ced498,multiwell,truncated_line,10,1.0,inf,10,1.0,1.0,0.9110964920817611,0.0390886630371961,2.082830911337907,0.09424520519102089,0.0024818863237240363,1.4512624740600586,9,0.3301233947277069,0.3287690281867981,4.813309192657471,18.906010543666596,237.60028076171875,4,4,1.0,1.0,1.0,1.0,multiwell,well_bound,untouched_id
ID_test,d6be06e74e462c11c44145d8,multiwell,truncated_line,0,1.0,inf,0,1.0,1.0,0.0,0.0,0.0,0.0,1.0,19.44355609061732,128,0.051482733339071274,0.05121425911784172,46.101741790771484,115.14689759628003,27900.935546875,4,4,1.0,1.0,0.0,1.0,multiwell,well_bound,untouched_id
ID_test,d6be06e74e462c11c44145d8,multiwell,truncated_line,1,1.0,inf,1,1.0,1.0,0.26937367546924507,0.013854136260559558,0.26937367546924507,0.28945559447277036,0.4220307452577878,8.729827773431001,56,0.09247515350580215,0.09224884957075119,46.17120361328125,120.86096360955418,28379.916015625,4,4,1.0,1.0,0.0,1.0,multiwell,well_bound,untouched_id
ID_test,d6be06e74e462c11c44145d8,multiwell,truncated_line,2,1.0,inf,2,1.0,1.0,0.4764834081942779,0.02450598059190467,0.6081064483756131,0.17182530784818104,0.24099715956256457,3.20011043548584,26,0.12633545696735382,0.12629173696041107,43.24434280395508,109.09632310827214,27204.38671875,4,4,1.0,1.0,0.0,1.0,multiwell,well_bound,untouched_id
ID_test,d6be06e74e462c11c44145d8,multiwell,truncated_line,3,1.0,inf,3,1.0,1.0,0.6225087984223548,0.032016200921330056,1.2034322444379013,0.12499886442388891,0.10955830912778342,2.672104835510254,20,0.15689991414546967,0.15610875189304352,38.97940444946289,107.35550844694463,24288.880859375,4,4,1.0,1.0,0.0,1.0,multiwell,well_bound,untouched_id
ID_test,d6be06e74e462c11c44145d8,multiwell,truncated_line,4,1.0,inf,4,1.0,1.0,0.7094461171755091,0.036487467306346257,1.5317277874369708,0.09787368762285047,0.04306865184386055,2.2768187522888184,17,0.18878291547298431,0.1871424913406372,32.912567138671875,102.02941290394338,19682.826171875,4,4,1.0,1.0,0.0,1.0,multiwell,well_bound,untouched_id
ID_test,d6be06e74e462c11c44145d8,multiwell,truncated_line,5,1.0,inf,5,1.0,1.0,0.8266787324158653,0.042516848695943396,1.8156598416109877,0.08596501395040866,0.018644786330856422,2.036684036254883,15,0.21555820107460022,0.21391348540782928,21.311168670654297,81.45427392312686,10353.396484375,4,4,1.0,1.0,0.0,1.0,multiwell,well_bound,untouched_id
ID_test,d6be06e74e462c11c44145d8,multiwell,truncated_line,6,1.0,inf,6,1.0,1.0,0.9240291640831982,0.047523671070082575,2.0726581804316035,0.09146451248370147,0.011591759757964226,1.8543667793273926,14,0.24013687670230865,0.23783406615257263,14.899297714233398,62.64814360541935,5249.29052734375,4,4,1.0,1.0,0.0,1.0,multiwell,well_bound,untouched_id
ID_test,d6be06e74e462c11c44145d8,multiwell,truncated_line,7,1.0,inf,7,1.0,1.0,0.8610968154803975,0.044287002411864784,2.003350124872531,0.09653822048573671,0.005833886725793991,1.657360553741455,12,0.26819121837615967,0.2660141587257385,10.729669570922852,45.95643646763112,2386.098388671875,4,4,1.0,1.0,0.0,1.0,multiwell,well_bound,untouched_id
ID_test,d6be06e74e462c11c44145d8,multiwell,truncated_line,8,1.0,inf,8,1.0,1.0,0.8985479124393305,0.046213146826209105,2.0235346913157137,0.08892170546011638,0.0047045327492279965,1.5369248390197754,11,0.28382501006126404,0.28240278363227844,6.990356922149658,31.888071215152543,769.5000610351562,4,4,1.0,1.0,0.0,1.0,multiwell,well_bound,untouched_id
ID_test,d6be06e74e462c11c44145d8,multiwell,truncated_line,9,1.0,inf,9,1.0,1.0,0.7914910682968261,0.04070711471749594,1.8840412505910171,0.09983432658908396,0.002893416012711758,1.315338134765625,10,0.3027721047401428,0.30200833082199097,6.329095363616943,27.815300517321738,565.310791015625,4,4,1.0,1.0,1.0,1.0,multiwell,well_bound,untouched_id
ID_test,d6be06e74e462c11c44145d8,multiwell,truncated_line,10,1.0,inf,10,1.0,1.0,0.7654371738682026,0.03936713892771765,1.7327762395555864,0.08753991594843856,0.002571202211365642,1.2330665588378906,9,0.31991299986839294,0.3196982741355896,4.568352699279785,18.251115371792274,201.62799072265625,4,4,1.0,1.0,1.0,1.0,multiwell,well_bound,untouched_id
ID_test,29b01fada246b362caca35ee,multiwell,truncated_line,0,1.0,inf,0,1.0,1.0,0.0,0.0,0.0,0.0,1.0,20.43082014146531,128,0.054805126041173935,0.05283151939511299,42.575138092041016,155.2476641490551,23151.30859375,4,4,1.0,1.0,0.0,1.0,multiwell,well_bound,untouched_id
ID_test,29b01fada246b362caca35ee,multiwell,truncated_line,1,1.0,inf,1,1.0,1.0,2.7598544375873013,0.1350829001712979,2.7598544375873013,0.46376746778961186,0.3248742715758077,9.07167478353256,55,0.09611142426729202,0.09371329098939896,43.44816207885742,156.2715455408246,24888.0546875,4,4,1.0,1.0,0.0,1.0,multiwell,well_bound,untouched_id
ID_test,29b01fada246b362caca35ee,multiwell,truncated_line,2,1.0,inf,2,1.0,1.0,0.7341724621462076,0.035934556570060054,1.014278342387465,0.220331369455851,0.15404609316332363,4.841420650482178,36,0.13211962580680847,0.12945693731307983,41.92474365234375,137.3794045955816,25668.310546875,4,4,1.0,1.0,0.0,1.0,multiwell,well_bound,untouched_id
ID_test,29b01fada246b362caca35ee,multiwell,truncated_line,3,1.0,inf,3,1.0,1.0,0.8995242918630305,0.044027811200657754,2.0756816823018625,0.20799091448841775,0.16924187404853852,3.467806816101074,25,0.16251695156097412,0.15958020091056824,38.13429641723633,131.82900810171273,23406.466796875,4,4,1.0,1.0,0.0,1.0,multiwell,well_bound,untouched_id
ID_test,29b01fada246b362caca35ee,multiwell,truncated_line,4,1.0,inf,4,1.0,1.0,0.5552238928991099,0.027175800533442946,1.2699758265145311,0.13361251670139263,0.09389067157061148,2.626478672027588,19,0.19174174964427948,0.18851999938488007,32.325592041015625,120.36578311192159,19214.408203125,4,4,1.0,1.0,0.0,1.0,multiwell,well_bound,untouched_id
ID_test,29b01fada246b362caca35ee,multiwell,truncated_line,5,1.0,inf,5,1.0,1.0,0.56783586189796,0.02779310169470438,0.9514092761555677,0.08662502054829731,0.05020776628028567,2.2489891052246094,15,0.21973039209842682,0.2158265858888626,21.09295082092285,94.91213448484716,10184.333984375,4,4,1.0,1.0,0.0,1.0,multiwell,well_bound,untouched_id
ID_test,29b01fada246b362caca35ee,multiwell,truncated_line,6,1.0,inf,6,1.0,1.0,0.5584662680054296,0.027334500726771908,1.1499052350735428,0.09601357704441016,0.026081141335494107,2.017857074737549,13,0.24528886377811432,0.2416645884513855,14.703897476196289,69.98721277013024,5118.02587890625,4,4,1.0,1.0,0.0,1.0,multiwell,well_bound,untouched_id
ID_test,29b01fada246b362caca35ee,multiwell,truncated_line,7,1.0,inf,7,1.0,1.0,0.5355745886001846,0.026214052343068242,1.2551267006706346,0.06938470061620117,0.01147625698659227,1.7927136421203613,11,0.2791171073913574,0.2747391164302826,10.777149200439453,51.642898709381,2412.867431640625,4,4,1.0,1.0,0.0,1.0,multiwell,well_bound,untouched_id
ID_test,29b01fada246b362caca35ee,multiwell,truncated_line,8,1.0,inf,8,1.0,1.0,0.6107994870680427,0.02989598473476825,1.4749313712130108,0.06231868088642975,0.007325349521437818,1.6366467475891113,11,0.2969622015953064,0.2936994731426239,7.123875141143799,36.24546226394939,814.026123046875,4,4,1.0,1.0,0.0,1.0,multiwell,well_bound,untouched_id
ID_test,29b01fada246b362caca35ee,multiwell,truncated_line,9,1.0,inf,9,1.0,1.0,0.6343394961150717,0.031048166041442938,1.624255632032329,0.05797687240277072,0.004976517185892537,1.5125102996826172,10,0.32090994715690613,0.31688085198402405,5.833168983459473,31.269494734220473,444.2080993652344,4,4,1.0,1.0,1.0,1.0,multiwell,well_bound,untouched_id
ID_test,29b01fada246b362caca35ee,multiwell,truncated_line,10,1.0,inf,10,1.0,1.0,0.6489430749517566,0.03176294786300311,1.6527868520208644,0.05734684686010933,0.00401112583259533,1.416245460510254,9,0.346463680267334,0.34106025099754333,4.289901256561279,20.554073983540153,166.64515686035156,4,4,1.0,1.0,1.0,1.0,multiwell,well_bound,untouched_id
ID_test,8f90b545876ae24591e8765c,multiwell,truncated_line,0,1.0,inf,0,1.0,1.0,0.0,0.0,0.0,0.0,1.0,21.7961581673677,128,0.04222304746508598,0.04176419973373413,41.79289627075195,137.5007988629456,21985.001953125,4,4,1.0,1.0,0.0,1.0,multiwell,well_bound,untouched_id
ID_test,8f90b545876ae24591e8765c,multiwell,truncated_line,1,1.0,inf,1,1.0,1.0,0.2616089694125322,0.012002526656472985,0.2616089694125322,0.644414759660281,0.35149723821217765,10.486781875628015,61,0.08068538457155228,0.07972504198551178,43.83029556274414,140.5231975441327,25468.546875,4,4,1.0,1.0,1.0,1.0,multiwell,well_bound,untouched_id
ID_test,8f90b545876ae24591e8765c,multiwell,truncated_line,2,1.0,inf,2,1.0,1.0,0.7121751599915458,0.03267434354820313,1.1958843208251446,0.19014713310091605,0.31552460587210474,4.485730171203613,31,0.11894086003303528,0.11554908752441406,41.60429763793945,124.4941521536947,25472.798828125,4,4,1.0,1.0,0.0,1.0,multiwell,well_bound,untouched_id
ID_test,8f90b545876ae24591e8765c,multiwell,truncated_line,3,1.0,inf,3,1.0,1.0,0.4731749159924565,0.0217090971885529,0.5613946590123108,0.1967558218736565,0.16741011956813256,3.3401575088500977,23,0.151957169175148,0.14831992983818054,37.643863677978516,121.1194530863998,23215.140625,4,4,1.0,1.0,0.0,1.0,multiwell,well_bound,untouched_id
ID_test,8f90b545876ae24591e8765c,multiwell,truncated_line,4,1.0,inf,4,1.0,1.0,0.438050890067752,0.020097619346678423,1.0221062049461878,0.08944990951990162,0.08533605359444307,2.788288116455078,19,0.18354356288909912,0.17971380054950714,30.661453247070312,110.05557377087007,17908.921875,4,4,1.0,1.0,0.0,1.0,multiwell,well_bound,untouched_id
ID_test,8f90b545876ae24591e8765c,multiwell,truncated_line,5,1.0,inf,5,1.0,1.0,0.5209867590326384,0.023902687576044388,1.3158244434970015,0.07366340749890982,0.04282809430411105,2.468700408935547,15,0.21220335364341736,0.2080545723438263,19.623023986816406,85.94249208694174,8981.7412109375,4,4,1.0,1.0,0.0,1.0,multiwell,well_bound,untouched_id
ID_test,8f90b545876ae24591e8765c,multiwell,truncated_line,6,1.0,inf,6,1.0,1.0,0.6366082001184786,0.029207358252317232,1.5810715230281835,0.047944583542497456,0.019858231680997318,2.165647506713867,13,0.2395925670862198,0.23525932431221008,13.569976806640625,63.17041280853287,4319.5361328125,4,4,1.0,1.0,0.0,1.0,multiwell,well_bound,untouched_id
ID_test,8f90b545876ae24591e8765c,multiwell,truncated_line,7,1.0,inf,7,1.0,1.0,0.642355393180863,0.029471037430007768,1.5882086132170907,0.054011528847036645,0.00811486368191594,1.904876708984375,12,0.27211156487464905,0.26711034774780273,10.11902141571045,46.88939628353718,2066.905029296875,4,4,1.0,1.0,0.0,1.0,multiwell,well_bound,untouched_id
ID_test,8f90b545876ae24591e8765c,multiwell,truncated_line,8,1.0,inf,8,1.0,1.0,0.7493892758457442,0.03438171397414883,1.8073335362724028,0.05597064817003287,0.005554437502644838,1.7838010787963867,11,0.29041868448257446,0.28593721985816956,6.936644554138184,34.283412566918216,762.4577026367188,4,4,1.0,1.0,0.0,1.0,multiwell,well_bound,untouched_id
ID_test,8f90b545876ae24591e8765c,multiwell,truncated_line,9,1.0,inf,9,1.0,1.0,0.7552773728151367,0.03465185777307794,1.9172687686679524,0.06770921080596978,0.0037149652693515556,1.5670623779296875,11,0.30472326278686523,0.2996262013912201,6.029441833496094,29.50185197931952,491.4549255371094,4,4,1.0,1.0,1.0,1.0,multiwell,well_bound,untouched_id
ID_test,8f90b545876ae24591e8765c,multiwell,truncated_line,10,1.0,inf,10,1.0,1.0,0.770407975672956,0.03534604446146747,1.9087421497856623,0.07201739323537132,0.003285985134510172,1.4549245834350586,10,0.32939162850379944,0.32345011830329895,4.47263240814209,19.97000293898582,191.04347229003906,4,4,1.0,1.0,1.0,1.0,multiwell,well_bound,untouched_id
ID_test,400163ccef706d3451505259,multiwell,truncated_line,0,1.0,inf,0,1.0,1.0,0.0,0.0,0.0,0.0,1.0,22.39826065597946,128,0.05083642899990082,0.04828641563653946,41.18417739868164,135.53630251243945,21134.703125,4,4,1.0,1.0,1.0,1.0,multiwell,well_bound,untouched_id
ID_test,400163ccef706d3451505259,multiwell,truncated_line,1,1.0,inf,1,1.0,1.0,2.5225347713537545,0.11262190444597475,2.5225347713537545,0.3557743147273219,0.4355928973931481,9.495028597545272,52,0.09482293576002121,0.09123899787664413,43.382041931152344,136.67952907224696,24657.8046875,4,4,1.0,1.0,0.0,1.0,multiwell,well_bound,untouched_id
ID_test,400163ccef706d3451505259,multiwell,truncated_line,2,1.0,inf,2,1.0,1.0,1.3140286355360136,0.058666548073464775,1.4388793275614093,0.21359974082714484,0.16518613756265232,4.09596586227417,28,0.13366559147834778,0.12962836027145386,41.86319351196289,120.45679054026606,25455.841796875,4,4,1.0,1.0,0.0,1.0,multiwell,well_bound,untouched_id
ID_test,400163ccef706d3451505259,multiwell,truncated_line,3,1.0,inf,3,1.0,1.0,1.0066425727243342,0.04494289035142557,1.8175371799379205,0.07197534313175717,0.0939515587391031,3.331031322479248,22,0.16560514271259308,0.1613096296787262,38.0893440246582,118.88134119242233,23278.6640625,4,4,1.0,1.0,0.0,1.0,multiwell,well_bound,untouched_id
ID_test,400163ccef706d3451505259,multiwell,truncated_line,4,1.0,inf,4,1.0,1.0,0.942722810071089,0.04208910792452176,1.9104816837417073,0.06704612368852954,0.04796874579397492,2.808605194091797,17,0.19631893932819366,0.1915421485900879,32.0771484375,110.579905842125,18957.328125,4,4,1.0,1.0,0.0,1.0,multiwell,well_bound,untouched_id
ID_test,400163ccef706d3451505259,multiwell,truncated_line,5,1.0,inf,5,1.0,1.0,0.9613219326309034,0.04291949037454692,1.9191527185151767,0.06853517498407075,0.02595823494163918,2.458207130432129,15,0.22413599491119385,0.21914801001548767,20.83085060119629,88.23407423766412,9960.2568359375,4,4,1.0,1.0,0.0,1.0,multiwell,well_bound,untouched_id
ID_test,400163ccef706d3451505259,multiwell,truncated_line,6,1.0,inf,6,1.0,1.0,0.9531258823221402,0.0425535668577771,2.0013413119513577,0.06518460667411739,0.01493512889143711,2.200657367706299,13,0.25011253356933594,0.24481883645057678,14.562887191772461,65.71739652667051,5016.22216796875,4,4,1.0,1.0,0.0,1.0,multiwell,well_bound,untouched_id
ID_test,400163ccef706d3451505259,multiwell,truncated_line,7,1.0,inf,7,1.0,1.0,0.85798395921506,0.038305829742454216,1.890838740259532,0.06668495256063853,0.006885921900468994,1.9544763565063477,12,0.2837340235710144,0.27784761786460876,10.709507942199707,48.58008750305261,2377.929443359375,4,4,1.0,1.0,0.0,1.0,multiwell,well_bound,untouched_id
ID_test,400163ccef706d3451505259,multiwell,truncated_line,8,1.0,inf,8,1.0,1.0,0.9134845722129022,0.040783728086896676,2.020263992925317,0.06237028334050362,0.005208923773863283,1.8167848587036133,10,0.3014336824417114,0.2955233156681061,7.1367878913879395,35.17569683463582,822.3616943359375,4,4,1.0,1.0,0.0,1.0,multiwell,well_bound,untouched_id
ID_test,400163ccef706d3451505259,multiwell,truncated_line,9,1.0,inf,9,1.0,1.0,0.8376066456263265,0.037396057599799304,2.0298257811915406,0.0772740374079193,0.003442653353327385,1.5952215194702148,10,0.32350996136665344,0.3158930540084839,6.160884857177734,30.779758259780625,522.123779296875,4,4,1.0,1.0,1.0,1.0,multiwell,well_bound,untouched_id
ID_test,400163ccef706d3451505259,multiwell,truncated_line,10,1.0,inf,10,1.0,1.0,0.826993075061047,0.03692220069062694,1.9461425937204675,0.07867163542338948,0.0030007644053938742,1.5011281967163086,9,0.3469456732273102,0.33830320835113525,4.511358737945557,20.498886443386503,195.62107849121094,4,4,1.0,1.0,1.0,1.0,multiwell,well_bound,untouched_id
ID_test,50ab3eed117b7efb0be8494f,single_barrier,truncated_line,0,1.0,inf,0,1.0,1.0,0.0,0.0,0.0,0.0,1.0,23.167810575278466,128,0.05273864418268204,0.05255715176463127,47.392242431640625,90.9458313050853,29521.43359375,4,4,1.0,1.0,0.0,1.0,barrier,well_bound,untouched_id
ID_test,50ab3eed117b7efb0be8494f,single_barrier,truncated_line,1,1.0,inf,1,1.0,1.0,0.5036822663771209,0.021740607069473453,0.5036822663771209,0.014821369057009925,0.418079723378756,11.194831717393074,61,0.09311536699533463,0.09283892810344696,46.892173767089844,101.41640596483984,29376.873046875,4,4,1.0,1.0,0.0,1.0,barrier,well_bound,untouched_id
ID_test,50ab3eed117b7efb0be8494f,single_barrier,truncated_line,2,1.0,inf,2,1.0,1.0,0.8650167771915608,0.03733701008910134,1.6156716816766719,0.1663347712477307,0.17178915384206028,3.8873062133789062,26,0.12484987825155258,0.12440978735685349,43.74051284790039,100.19244680191866,27867.2265625,4,4,1.0,1.0,0.0,1.0,barrier,well_bound,untouched_id
ID_test,50ab3eed117b7efb0be8494f,single_barrier,truncated_line,3,1.0,inf,3,1.0,1.0,0.876473290825111,0.03783151144028966,1.463626365110446,0.21038318524042565,0.11035289437785001,3.2217931747436523,21,0.15094992518424988,0.15039530396461487,39.146785736083984,104.92284849070879,24654.9609375,4,4,1.0,1.0,0.0,1.0,barrier,well_bound,untouched_id
ID_test,50ab3eed117b7efb0be8494f,single_barrier,truncated_line,4,1.0,inf,4,1.0,1.0,0.8035106132428318,0.03468219884792346,1.098846472328976,0.09638152470857878,0.0654757863464065,2.785675048828125,18,0.17697705328464508,0.17645813524723053,32.53345489501953,101.41558659542973,19526.01171875,4,4,1.0,1.0,0.0,1.0,barrier,well_bound,untouched_id
ID_test,50ab3eed117b7efb0be8494f,single_barrier,truncated_line,5,1.0,inf,5,1.0,1.0,0.9147709088411183,0.0394845644075335,1.2846708630674613,0.09119059469746367,0.03997196969618111,2.471038818359375,15,0.20264050364494324,0.20162029564380646,20.862499237060547,80.86220654593805,9998.84765625,4,4,1.0,1.0,1.0,1.0,barrier,well_bound,untouched_id
ID_test,50ab3eed117b7efb0be8494f,single_barrier,truncated_line,6,1.0,inf,6,1.0,1.0,0.9440640819740422,0.04074895549178129,1.5000726954905481,0.07280205331690395,0.023713226580273115,2.22786808013916,14,0.2242499589920044,0.22341670095920563,14.404345512390137,62.39354170713752,4897.2724609375,4,4,1.0,1.0,1.0,1.0,barrier,well_bound,untouched_id
ID_test,50ab3eed117b7efb0be8494f,single_barrier,truncated_line,7,1.0,inf,7,1.0,1.0,0.8768910636786506,0.037849543910478504,1.4834551498379378,0.07425358355573011,0.011230099872696964,1.9866857528686523,12,0.25268739461898804,0.2519930303096771,10.539480209350586,45.86459457677998,2279.78369140625,4,4,1.0,1.0,0.0,1.0,barrier,well_bound,untouched_id
ID_test,50ab3eed117b7efb0be8494f,single_barrier,truncated_line,8,1.0,inf,8,1.0,1.0,0.9377623207242289,0.040476950451454455,1.644646806472445,0.07366039866199467,0.006511368682198855,1.8232736587524414,11,0.27219659090042114,0.2712792754173279,7.052281856536865,32.588254934397156,790.4307861328125,4,4,1.0,1.0,0.0,1.0,barrier,well_bound,untouched_id
ID_test,50ab3eed117b7efb0be8494f,single_barrier,truncated_line,9,1.0,inf,9,1.0,1.0,0.8167529686413463,0.035253783087853534,1.7349477460562523,0.09659033704121615,0.0034930979660843142,1.5345888137817383,10,0.30785322189331055,0.30694442987442017,6.468963146209717,28.301629200202985,602.7608032226562,4,4,1.0,1.0,1.0,1.0,barrier,well_bound,untouched_id
ID_test,50ab3eed117b7efb0be8494f,single_barrier,truncated_line,10,1.0,inf,10,1.0,1.0,0.8358597889123072,0.03607849719749621,1.7729124730118269,0.0892936490592236,0.002706596476999926,1.4523038864135742,9,0.3251798748970032,0.3244325518608093,4.729754447937012,18.830965562172764,225.6436767578125,4,4,1.0,1.0,1.0,1.0,barrier,well_bound,untouched_id
ID_test,158a4779dc745c3ea460257a,single_barrier,truncated_line,0,1.0,inf,0,1.0,1.0,0.0,0.0,0.0,0.0,1.0,22.965390218790358,128,0.04908120632171631,0.04825165495276451,43.45816421508789,98.48651384419283,24298.115234375,4,4,1.0,1.0,0.0,1.0,barrier,well_bound,untouched_id
ID_test,158a4779dc745c3ea460257a,single_barrier,truncated_line,1,1.0,inf,1,1.0,1.0,1.1462970431239952,0.049914111286734904,1.1462970431239952,0.5649027736601657,0.38649477242226216,11.145337104797363,62,0.08961840718984604,0.0886935368180275,44.9920654296875,111.5241002785696,26749.73046875,4,4,1.0,1.0,0.0,1.0,barrier,well_bound,untouched_id
ID_test,158a4779dc745c3ea460257a,single_barrier,truncated_line,2,1.0,inf,2,1.0,1.0,0.07899849673518178,0.0034398935085607624,0.1023082570826972,0.21933236411339296,0.2741033912414559,4.299747467041016,29,0.12273850291967392,0.12238787859678268,43.292762756347656,108.65841736875808,27001.337890625,4,4,1.0,1.0,0.0,1.0,barrier,well_bound,untouched_id
ID_test,158a4779dc745c3ea460257a,single_barrier,truncated_line,3,1.0,inf,3,1.0,1.0,0.5630756740902069,0.024518445744914734,1.1349916913464273,0.23215000566364802,0.15325195650600418,3.2653236389160156,22,0.15110796689987183,0.1504749059677124,39.47038650512695,111.9726228986174,24551.46875,4,4,1.0,1.0,1.0,1.0,barrier,well_bound,untouched_id
ID_test,158a4779dc745c3ea460257a,single_barrier,truncated_line,4,1.0,inf,4,1.0,1.0,0.4684825868122256,0.020399504748188933,0.8995196491570137,0.16411691503448966,0.08742682529270271,2.7838997840881348,18,0.17914614081382751,0.17816491425037384,33.95038986206055,108.62288773853115,20481.626953125,4,4,1.0,1.0,0.0,1.0,barrier,well_bound,untouched_id
ID_test,158a4779dc745c3ea460257a,single_barrier,truncated_line,5,1.0,inf,5,1.0,1.0,0.5461942184393519,0.023783363279952195,0.9470287675341735,0.12127473560782621,0.04957507766025604,2.4847869873046875,16,0.20589984953403473,0.2053963989019394,22.6120548248291,87.73212792240004,11425.708984375,4,4,1.0,1.0,0.0,1.0,barrier,well_bound,untouched_id
ID_test,158a4779dc745c3ea460257a,single_barrier,truncated_line,6,1.0,inf,6,1.0,1.0,0.7254909431516054,0.03159062120172495,1.3392765259918349,0.07329668013177136,0.027198874636662554,2.2001466751098633,13,0.2279587835073471,0.2271634042263031,15.566359519958496,68.30021634131808,5744.7392578125,4,4,1.0,1.0,1.0,1.0,barrier,well_bound,untouched_id
ID_test,158a4779dc745c3ea460257a,single_barrier,truncated_line,7,1.0,inf,7,1.0,1.0,0.6210946182356698,0.027044810139019024,1.2120425926246696,0.09424472197417932,0.013138110639774214,1.9579534530639648,12,0.2563096284866333,0.25546878576278687,11.146047592163086,50.28963033180013,2619.250732421875,4,4,1.0,1.0,0.0,1.0,barrier,well_bound,untouched_id
ID_test,158a4779dc745c3ea460257a,single_barrier,truncated_line,8,1.0,inf,8,1.0,1.0,0.806387021815627,0.035113142608647625,1.5541501667532778,0.0676596207711177,0.007243434907846121,1.8116121292114258,11,0.2755199670791626,0.27442672848701477,7.180511474609375,34.61914460957502,828.7932739257812,4,4,1.0,1.0,0.0,1.0,barrier,well_bound,untouched_id
ID_test,158a4779dc745c3ea460257a,single_barrier,truncated_line,9,1.0,inf,9,1.0,1.0,0.7027823380351602,0.030601802596854695,1.6260110063168245,0.0840500152961747,0.0043420691876736,1.612574577331543,10,0.30219534039497375,0.3001195192337036,6.369367599487305,29.776998447828174,575.41943359375,4,4,1.0,1.0,1.0,1.0,barrier,well_bound,untouched_id
ID_test,158a4779dc745c3ea460257a,single_barrier,truncated_line,10,1.0,inf,10,1.0,1.0,0.7897502038766854,0.03438871259546503,1.7529929630094783,0.07488943411071186,0.0032705317794894796,1.4878578186035156,10,0.32053712010383606,0.3182390630245209,4.542238235473633,19.183325820789346,198.54342651367188,4,4,1.0,1.0,1.0,1.0,barrier,well_bound,untouched_id
ID_test,81663d66de447d09f77df644,single_barrier,truncated_line,0,1.0,inf,0,1.0,1.0,0.0,0.0,0.0,0.0,1.0,21.23009425060461,128,0.05494542419910431,0.054763101041316986,47.12912368774414,107.44851303038061,29341.564453125,4,4,1.0,1.0,1.0,1.0,barrier,well_bound,untouched_id
ID_test,81663d66de447d09f77df644,single_barrier,truncated_line,1,1.0,inf,1,1.0,1.0,0.29944361254982543,0.0141046765508965,0.29944361254982543,0.11286725315167201,0.4476139888762,10.10329319862154,60,0.09889063984155655,0.0986957773566246,46.83365249633789,102.75250321409999,29235.505859375,4,4,1.0,1.0,0.0,1.0,barrier,well_bound,untouched_id
ID_test,81663d66de447d09f77df644,single_barrier,truncated_line,2,1.0,inf,2,1.0,1.0,0.5924244373879997,0.027904936756045166,0.741514528392754,0.17680699841088465,0.23078127284155667,3.281924247741699,24,0.13352683186531067,0.13315017521381378,43.959930419921875,96.0995355002063,27917.88671875,4,4,1.0,1.0,0.0,1.0,barrier,well_bound,untouched_id
ID_test,81663d66de447d09f77df644,single_barrier,truncated_line,3,1.0,inf,3,1.0,1.0,0.7191686022867163,0.03387496041220991,1.2004744137740553,0.14045844608756486,0.06989026991428637,2.776592254638672,20,0.15997517108917236,0.1595068722963333,39.82612609863281,100.48101878574019,25056.0625,4,4,1.0,1.0,0.0,1.0,barrier,well_bound,untouched_id
ID_test,81663d66de447d09f77df644,single_barrier,truncated_line,4,1.0,inf,4,1.0,1.0,0.8900274303487796,0.04192291470036374,1.8154987179121433,0.10998318686967767,0.032936150428314215,2.4091243743896484,17,0.18582898378372192,0.18527103960514069,34.04190444946289,101.22605945674343,20645.69921875,4,4,1.0,1.0,0.0,1.0,barrier,well_bound,untouched_id
ID_test,81663d66de447d09f77df644,single_barrier,truncated_line,5,1.0,inf,5,1.0,1.0,1.0795721032860526,0.050851027345547826,2.3916994113206664,0.13888988910422045,0.026097214213801068,2.1751136779785156,15,0.21050065755844116,0.2095363438129425,22.63394546508789,82.4082075022292,11450.23046875,4,4,1.0,1.0,0.0,1.0,barrier,well_bound,untouched_id
ID_test,81663d66de447d09f77df644,single_barrier,truncated_line,6,1.0,inf,6,1.0,1.0,0.9609667811407774,0.04526436716659466,1.8160800930755059,0.13745587403084475,0.01755025521814968,1.99399995803833,14,0.2303735613822937,0.22930027544498444,15.617243766784668,66.08442617906667,5780.71923828125,4,4,1.0,1.0,1.0,1.0,barrier,well_bound,untouched_id
ID_test,81663d66de447d09f77df644,single_barrier,truncated_line,7,1.0,inf,7,1.0,1.0,0.8571023393028593,0.04037204588851272,1.3575720964807128,0.05575927249578337,0.008622520664010258,1.7897014617919922,12,0.2570897340774536,0.2563810646533966,11.085433959960938,48.38590799717015,2582.5439453125,4,4,1.0,1.0,0.0,1.0,barrier,well_bound,untouched_id
ID_test,81663d66de447d09f77df644,single_barrier,truncated_line,8,1.0,inf,8,1.0,1.0,0.9228845025728754,0.0434705796252691,1.6830896987477844,0.09118010165526434,0.006173818557976496,1.6583938598632812,12,0.27485090494155884,0.27393150329589844,7.113615036010742,33.21680167526905,804.883544921875,4,4,1.0,1.0,0.0,1.0,barrier,well_bound,untouched_id
ID_test,81663d66de447d09f77df644,single_barrier,truncated_line,9,1.0,inf,9,1.0,1.0,0.8074962895212073,0.038035454764795064,1.56927459123869,0.11442356969292682,0.0033810580895908826,1.3930330276489258,10,0.31072568893432617,0.310024231672287,6.6954026222229,29.532420464405163,663.2803344726562,4,4,1.0,1.0,1.0,1.0,barrier,well_bound,untouched_id
ID_test,81663d66de447d09f77df644,single_barrier,truncated_line,10,1.0,inf,10,1.0,1.0,0.8009385501434304,0.03772656591576934,1.61974141878781,0.09025000341961736,0.0026882536315593775,1.3119745254516602,9,0.3277226984500885,0.3274776339530945,4.704103946685791,18.971416723487632,219.8477020263672,4,4,1.0,1.0,1.0,1.0,barrier,well_bound,untouched_id
ID_test,a58357b123947ead45fca1f3,single_barrier,truncated_line,0,1.0,inf,0,1.0,1.0,0.0,0.0,0.0,0.0,1.0,23.11523993832864,128,0.05615676939487457,0.05600416287779808,48.11351776123047,104.98942536391945,30509.029296875,4,4,1.0,1.0,0.0,1.0,barrier,well_bound,untouched_id
ID_test,a58357b123947ead45fca1f3,single_barrier,truncated_line,1,1.0,inf,1,1.0,1.0,0.11546355630565674,0.004995126877926122,0.11546355630565674,0.09256980189017769,0.49265376325065735,10.438866311166578,56,0.10168690234422684,0.10144311934709549,47.5097770690918,102.03877466430015,30132.619140625,4,4,1.0,1.0,0.0,1.0,barrier,well_bound,untouched_id
ID_test,a58357b123947ead45fca1f3,single_barrier,truncated_line,2,1.0,inf,2,1.0,1.0,0.7605176614482559,0.03290113637052065,1.0378115718635315,0.18196081605984935,0.16205480315352833,3.5766401290893555,24,0.13632749021053314,0.13546015322208405,44.118324279785156,97.18623258570184,28205.576171875,4,4,1.0,1.0,0.0,1.0,barrier,well_bound,untouched_id
ID_test,a58357b123947ead45fca1f3,single_barrier,truncated_line,3,1.0,inf,3,1.0,1.0,1.0288664553757805,0.044510308269383826,1.9183968913340852,0.11345008169048276,0.03550977421564826,3.022481918334961,20,0.1646759808063507,0.16343817114830017,39.8155632019043,103.17582203737422,25243.365234375,4,4,1.0,1.0,0.0,1.0,barrier,well_bound,untouched_id
ID_test,a58357b123947ead45fca1f3,single_barrier,truncated_line,4,1.0,inf,4,1.0,1.0,1.2402252089213277,0.05365400541937887,2.7004644157552513,0.15092945998098936,0.027093341567018852,2.6541004180908203,17,0.18918317556381226,0.1879652738571167,33.48588562011719,102.50229200555529,20342.107421875,4,4,1.0,1.0,1.0,1.0,barrier,well_bound,untouched_id
ID_test,a58357b123947ead45fca1f3,single_barrier,truncated_line,5,1.0,inf,5,1.0,1.0,1.0919070884982571,0.047237540748504475,2.0867433608664196,0.1708996477144095,0.02532224388015233,2.3793296813964844,15,0.21408244967460632,0.21248480677604675,21.97414207458496,82.38865854044718,10962.734375,4,4,1.0,1.0,1.0,1.0,barrier,well_bound,untouched_id
ID_test,a58357b123947ead45fca1f3,single_barrier,truncated_line,6,1.0,inf,6,1.0,1.0,0.9852030605945891,0.04262136422650626,1.6529973301505256,0.07222211017425247,0.018421094143002723,2.164609909057617,13,0.23288795351982117,0.2319856882095337,15.207389831542969,64.9306505225561,5494.26953125,4,4,1.0,1.0,1.0,1.0,barrier,well_bound,untouched_id
ID_test,a58357b123947ead45fca1f3,single_barrier,truncated_line,7,1.0,inf,7,1.0,1.0,0.9604783446241543,0.04155173587584236,1.5948697775733383,0.09384522380502813,0.010626889291059287,1.9425649642944336,12,0.2600846588611603,0.25879642367362976,10.91115665435791,47.46362269978407,2481.763671875,4,4,1.0,1.0,0.0,1.0,barrier,well_bound,untouched_id
ID_test,a58357b123947ead45fca1f3,single_barrier,truncated_line,8,1.0,inf,8,1.0,1.0,0.9587868628521766,0.04147855983369482,1.5501235142602088,0.07710382484499755,0.006093428624918363,1.794865608215332,11,0.27786755561828613,0.2768397629261017,7.204243183135986,33.323236261367484,836.2898559570312,4,4,1.0,1.0,0.0,1.0,barrier,well_bound,untouched_id
ID_test,a58357b123947ead45fca1f3,single_barrier,truncated_line,9,1.0,inf,9,1.0,1.0,0.8062002307194351,0.03487743293473803,1.6708840051784266,0.10767383131894903,0.0031273130163882033,1.5005455017089844,10,0.31523942947387695,0.31435492634773254,6.77677059173584,29.551126751926724,687.6053466796875,4,4,1.0,1.0,1.0,1.0,barrier,well_bound,untouched_id
ID_test,a58357b123947ead45fca1f3,single_barrier,truncated_line,10,1.0,inf,10,1.0,1.0,0.8387998521951537,0.036287741526069735,1.7315273325946476,0.0960368243333486,0.0025343576789228985,1.4155349731445312,9,0.33437788486480713,0.3334428369998932,4.866169452667236,19.375729562524633,245.11489868164062,4,4,1.0,1.0,1.0,1.0,barrier,well_bound,untouched_id
ID_test,5f651a741fe361d3d807f0b5,single_barrier,truncated_line,0,1.0,inf,0,1.0,1.0,0.0,0.0,0.0,0.0,1.0,22.76051496842096,128,0.048647716641426086,0.0482148602604866,44.37049865722656,96.83953982255129,25524.4296875,4,4,1.0,1.0,0.0,1.0,barrier,well_bound,untouched_id
ID_test,5f651a741fe361d3d807f0b5,single_barrier,truncated_line,1,1.0,inf,1,1.0,1.0,1.413900163224019,0.062120745738210775,1.413900163224019,0.3610107334735868,0.28863262590033273,11.055518859412171,62,0.08767247200012207,0.08723164349794388,45.34762191772461,110.17918537509698,27494.078125,4,4,1.0,1.0,0.0,1.0,barrier,well_bound,untouched_id
ID_test,5f651a741fe361d3d807f0b5,single_barrier,truncated_line,2,1.0,inf,2,1.0,1.0,0.5470382319433631,0.024034527896330572,0.9238439814150559,0.2274908947969216,0.18179228779861642,4.217576026916504,28,0.11908593028783798,0.11843504756689072,42.51463317871094,106.68740763725683,26552.751953125,4,4,1.0,1.0,0.0,1.0,barrier,well_bound,untouched_id
ID_test,5f651a741fe361d3d807f0b5,single_barrier,truncated_line,3,1.0,inf,3,1.0,1.0,0.5774261738129972,0.02536964451877061,0.6338733184655672,0.12889413530533156,0.11582076036073975,3.3103322982788086,22,0.14823812246322632,0.14727868139743805,38.299888610839844,110.14098632528717,23901.603515625,4,4,1.0,1.0,0.0,1.0,barrier,well_bound,untouched_id
ID_test,5f651a741fe361d3d807f0b5,single_barrier,truncated_line,4,1.0,inf,4,1.0,1.0,0.6688294501731555,0.029385514831326176,1.0340967469333995,0.10857943346398788,0.07368745304607068,2.8468170166015625,19,0.17411674559116364,0.17295558750629425,31.48192024230957,103.88918492203787,18644.947265625,4,4,1.0,1.0,1.0,1.0,barrier,well_bound,untouched_id
ID_test,5f651a741fe361d3d807f0b5,single_barrier,truncated_line,5,1.0,inf,5,1.0,1.0,0.74679471318299,0.03281097612330516,1.2689669896783315,0.0774302872985883,0.04757844646818295,2.527782440185547,15,0.20011483132839203,0.19860459864139557,20.084857940673828,79.7432182294402,9378.791015625,4,4,1.0,1.0,1.0,1.0,barrier,well_bound,untouched_id
ID_test,5f651a741fe361d3d807f0b5,single_barrier,truncated_line,6,1.0,inf,6,1.0,1.0,0.7964178640452806,0.034991205829493284,1.4497626517457105,0.06841676540549142,0.026395537876235498,2.233226776123047,14,0.22173719108104706,0.22131460905075073,13.966859817504883,60.48068915480514,4598.24462890625,4,4,1.0,1.0,1.0,1.0,barrier,well_bound,untouched_id
ID_test,5f651a741fe361d3d807f0b5,single_barrier,truncated_line,7,1.0,inf,7,1.0,1.0,0.761163791550673,0.03344229217162918,1.431414661297894,0.07186989821356388,0.011863226730000287,1.976578712463379,13,0.2502695620059967,0.24944131076335907,10.221808433532715,44.64724088003531,2115.958740234375,4,4,1.0,1.0,0.0,1.0,barrier,well_bound,untouched_id
ID_test,5f651a741fe361d3d807f0b5,single_barrier,truncated_line,8,1.0,inf,8,1.0,1.0,0.8187471884892561,0.035972261156007476,1.6299777639122368,0.06866443757523497,0.0073328696041504715,1.8381500244140625,12,0.2691613733768463,0.2687202990055084,6.889260292053223,32.36216357600349,743.7139282226562,4,4,1.0,1.0,0.0,1.0,barrier,well_bound,untouched_id
ID_test,5f651a741fe361d3d807f0b5,single_barrier,truncated_line,9,1.0,inf,9,1.0,1.0,0.7472904824829985,0.032832758112890915,1.7670582328617543,0.08394695371268453,0.004024881012589243,1.5891027450561523,10,0.29689982533454895,0.2957458794116974,6.068718910217285,27.250666993873637,501.9749450683594,4,4,1.0,1.0,1.0,1.0,barrier,well_bound,untouched_id
ID_test,5f651a741fe361d3d807f0b5,single_barrier,truncated_line,10,1.0,inf,10,1.0,1.0,0.7691105374877754,0.03379143831125423,1.8308183795332669,0.07906102887787463,0.003226155531018682,1.4873342514038086,10,0.31644535064697266,0.31526973843574524,4.485575199127197,18.224830529908374,192.1363983154297,4,4,1.0,1.0,1.0,1.0,barrier,well_bound,untouched_id
ID_test,ea0322b93b7d55597d97c5e4,multiple_barriers,truncated_line,0,1.0,inf,0,1.0,1.0,0.0,0.0,0.0,0.0,1.0,22.971173782847835,128,0.0564236044883728,0.05629298835992813,48.23796844482422,96.6800137934168,30762.8828125,4,4,1.0,1.0,0.0,1.0,barrier,well_bound,untouched_id
ID_test,ea0322b93b7d55597d97c5e4,multiple_barriers,truncated_line,1,1.0,inf,1,1.0,1.0,0.5727772107804554,0.02493460787833741,0.5727772107804554,0.09394614419751379,0.37252076693460323,11.332148551940918,63,0.09823675453662872,0.09789083153009415,47.25935745239258,99.72658125866799,30056.6484375,4,4,1.0,1.0,0.0,1.0,barrier,well_bound,untouched_id
ID_test,ea0322b93b7d55597d97c5e4,multiple_barriers,truncated_line,2,1.0,inf,2,1.0,1.0,0.950094210883207,0.04136028136240149,1.3363702995317601,0.4307809773475611,0.17208635741745815,3.7448463439941406,25,0.12806539237499237,0.127360999584198,43.51959228515625,101.52238176582958,27932.728515625,4,4,1.0,1.0,0.0,1.0,barrier,well_bound,untouched_id
ID_test,ea0322b93b7d55597d97c5e4,multiple_barriers,truncated_line,3,1.0,inf,3,1.0,1.0,0.6918234193947805,0.030117025187078282,1.5386867302508258,0.06732282877362372,0.08625292189299497,3.146451950073242,21,0.15188394486904144,0.1509963870048523,38.656646728515625,107.6297674559719,24444.6171875,4,4,1.0,1.0,0.0,1.0,barrier,well_bound,untouched_id
ID_test,ea0322b93b7d55597d97c5e4,multiple_barriers,truncated_line,4,1.0,inf,4,1.0,1.0,0.8531054678393127,0.037138087757461975,1.5576599025845737,0.23084711432301877,0.056650228406867634,2.735457420349121,18,0.1752159297466278,0.17444652318954468,31.851896286010742,104.51301886321238,19069.814453125,4,4,1.0,1.0,0.0,1.0,barrier,well_bound,untouched_id
ID_test,ea0322b93b7d55597d97c5e4,multiple_barriers,truncated_line,5,1.0,inf,5,1.0,1.0,0.8953820585437636,0.03897850701962515,1.26637915539729,0.11432975178115712,0.03488859945364578,2.445751190185547,16,0.20282477140426636,0.2002546638250351,21.108623504638672,82.23954572995272,10199.3095703125,4,4,1.0,1.0,1.0,1.0,barrier,well_bound,untouched_id
ID_test,ea0322b93b7d55597d97c5e4,multiple_barriers,truncated_line,6,1.0,inf,6,1.0,1.0,0.8976665482614261,0.03907795730193368,1.3022581387284005,0.05582619470988063,0.020887607521517835,2.223881721496582,14,0.224495068192482,0.22310282289981842,13.941859245300293,63.54573654619571,4563.59326171875,4,4,1.0,1.0,1.0,1.0,barrier,well_bound,untouched_id
ID_test,ea0322b93b7d55597d97c5e4,multiple_barriers,truncated_line,7,1.0,inf,7,1.0,1.0,0.8282246576999289,0.03605495589948257,1.2823330125299766,0.07921843210183908,0.011472607619713757,1.9624834060668945,13,0.2517586052417755,0.24963194131851196,10.289926528930664,46.67397305742823,2142.821044921875,4,4,1.0,1.0,0.0,1.0,barrier,well_bound,untouched_id
ID_test,ea0322b93b7d55597d97c5e4,multiple_barriers,truncated_line,8,1.0,inf,8,1.0,1.0,0.9167020072990337,0.03990662453581361,1.5454650093462021,0.07266727455690675,0.006586653487899329,1.8118515014648438,12,0.2698759436607361,0.26839256286621094,6.968738555908203,33.329324094016975,761.858154296875,4,4,1.0,1.0,0.0,1.0,barrier,well_bound,untouched_id
ID_test,ea0322b93b7d55597d97c5e4,multiple_barriers,truncated_line,9,1.0,inf,9,1.0,1.0,0.7549176634029762,0.03286369562737189,1.5771322201535307,0.09754459661996293,0.003432386795796147,1.4868335723876953,10,0.3141074776649475,0.3133438229560852,6.749436378479004,29.408638984758426,680.5305786132812,4,4,1.0,1.0,1.0,1.0,barrier,well_bound,untouched_id
ID_test,ea0322b93b7d55597d97c5e4,multiple_barriers,truncated_line,10,1.0,inf,10,1.0,1.0,0.7915828829692275,0.03445983607334373,1.695922242638126,0.0944802752682357,0.002667454390544627,1.4064016342163086,9,0.3310348391532898,0.33087092638015747,4.806673526763916,19.555154889118185,236.1878204345703,4,4,1.0,1.0,1.0,1.0,barrier,well_bound,untouched_id
ID_test,8473dfd768e3abf57513944d,multiple_barriers,truncated_line,0,1.0,inf,0,1.0,1.0,0.0,0.0,0.0,0.0,1.0,23.842806247847676,128,0.05459451302886009,0.053341109305620193,45.67351150512695,109.98211571614011,27502.220703125,4,4,1.0,1.0,0.0,1.0,barrier,well_bound,untouched_id
ID_test,8473dfd768e3abf57513944d,multiple_barriers,truncated_line,1,1.0,inf,1,1.0,1.0,0.8443883762802251,0.03541480677663307,0.8443883762802251,0.6948443316030071,0.2804877022428125,10.889687538146973,57,0.09460216015577316,0.0934690535068512,45.85492706298828,114.48041485685751,28282.9609375,4,4,1.0,1.0,0.0,1.0,barrier,well_bound,untouched_id
ID_test,8473dfd768e3abf57513944d,multiple_barriers,truncated_line,2,1.0,inf,2,1.0,1.0,0.7934607179923825,0.03327883092888906,0.983582820563293,0.18854171480561877,0.18610085790226863,4.368426322937012,28,0.12143128365278244,0.12052655220031738,42.21937942504883,116.1694208922359,26550.916015625,4,4,1.0,1.0,0.0,1.0,barrier,well_bound,untouched_id
ID_test,8473dfd768e3abf57513944d,multiple_barriers,truncated_line,3,1.0,inf,3,1.0,1.0,0.7354794561168524,0.03084701727101629,1.8446707536855276,0.2217638334823907,0.05805057446578112,3.4653453826904297,22,0.15104243159294128,0.14915409684181213,38.239444732666016,120.81747881510027,23810.1796875,4,4,1.0,1.0,0.0,1.0,barrier,well_bound,untouched_id
ID_test,8473dfd768e3abf57513944d,multiple_barriers,truncated_line,4,1.0,inf,4,1.0,1.0,0.8527428445341958,0.0357652046353048,1.954683579328807,0.2957012805457143,0.04821084917998382,3.081369400024414,19,0.1790611743927002,0.17767737805843353,31.139644622802734,113.90989923597066,18286.79296875,4,4,1.0,1.0,1.0,1.0,barrier,well_bound,untouched_id
ID_test,8473dfd768e3abf57513944d,multiple_barriers,truncated_line,5,1.0,inf,5,1.0,1.0,0.5504476581214108,0.023086529848855376,0.8280050872552793,0.09963152321794962,0.03741362847941469,2.6728038787841797,16,0.20525719225406647,0.2040407508611679,21.336795806884766,82.55918428021826,10331.98828125,4,4,1.0,1.0,1.0,1.0,barrier,well_bound,untouched_id
ID_test,8473dfd768e3abf57513944d,multiple_barriers,truncated_line,6,1.0,inf,6,1.0,1.0,0.7303581477910881,0.03063222257476586,1.5476052808087495,0.07036405727170178,0.02341279060603502,2.4454822540283203,14,0.230044886469841,0.22864924371242523,13.69522762298584,64.96646133713062,4376.87255859375,4,4,1.0,1.0,0.0,1.0,barrier,well_bound,untouched_id
ID_test,8473dfd768e3abf57513944d,multiple_barriers,truncated_line,7,1.0,inf,7,1.0,1.0,0.6916405589529889,0.029008353788699863,1.3240104095925451,0.08998636738787409,0.013055660683347204,2.1233739852905273,12,0.25651785731315613,0.25566089153289795,9.90054702758789,47.91067555851,1949.4388427734375,4,4,1.0,1.0,0.0,1.0,barrier,well_bound,untouched_id
ID_test,8473dfd768e3abf57513944d,multiple_barriers,truncated_line,8,1.0,inf,8,1.0,1.0,0.7541442008446607,0.03162984226794773,1.5593456733024196,0.06421927503030116,0.007153731757928699,1.987783432006836,11,0.27816078066825867,0.27712246775627136,6.821890830993652,33.64676688290229,721.71533203125,4,4,1.0,1.0,0.0,1.0,barrier,well_bound,untouched_id
ID_test,8473dfd768e3abf57513944d,multiple_barriers,truncated_line,9,1.0,inf,9,1.0,1.0,0.7149368716016021,0.02998543309750464,1.6723690927561403,0.08558562087564162,0.004273120884658495,1.6276845932006836,11,0.2999071180820465,0.29616332054138184,6.511537551879883,28.47284574032379,613.622802734375,4,4,1.0,1.0,1.0,1.0,barrier,well_bound,untouched_id
ID_test,8473dfd768e3abf57513944d,multiple_barriers,truncated_line,10,1.0,inf,10,1.0,1.0,0.7550294593398493,0.03166697122357428,1.8720682651150202,0.07654484225999104,0.0032555163019147198,1.570927619934082,10,0.31683361530303955,0.3160489499568939,4.57586145401001,18.790793283800536,204.750732421875,4,4,1.0,1.0,1.0,1.0,barrier,well_bound,untouched_id
ID_test,0218b213aa0f6b8d417172f3,multiple_barriers,truncated_line,0,1.0,inf,0,1.0,1.0,0.0,0.0,0.0,0.0,1.0,22.83702626274754,128,0.05213381350040436,0.051640160381793976,47.21334457397461,104.33682220785593,29282.34375,4,4,1.0,1.0,0.0,1.0,barrier,well_bound,untouched_id
ID_test,0218b213aa0f6b8d417172f3,multiple_barriers,truncated_line,1,1.0,inf,1,1.0,1.0,0.3787447073601191,0.016584677138018585,0.3787447073601191,0.4989871566655,0.449661447876116,10.824740056144874,60,0.09151341766119003,0.09099964797496796,46.83761978149414,111.60855185446228,29357.951171875,4,4,1.0,1.0,0.0,1.0,barrier,well_bound,untouched_id
ID_test,0218b213aa0f6b8d417172f3,multiple_barriers,truncated_line,2,1.0,inf,2,1.0,1.0,0.7568200561256577,0.03314004404155746,1.1889082763177243,0.07819133202953009,0.13022977627224874,3.940251350402832,27,0.11962578445672989,0.1192641481757164,43.420860290527344,110.81158336713335,27509.416015625,4,4,1.0,1.0,0.0,1.0,barrier,well_bound,untouched_id
ID_test,0218b213aa0f6b8d417172f3,multiple_barriers,truncated_line,3,1.0,inf,3,1.0,1.0,0.9957680222337911,0.043603226215933315,2.2537882516577468,0.12173965536050894,0.0835837847072689,3.332073211669922,22,0.14648374915122986,0.1455824226140976,38.94783401489258,115.22206285523868,24453.1796875,4,4,1.0,1.0,0.0,1.0,barrier,well_bound,untouched_id
ID_test,0218b213aa0f6b8d417172f3,multiple_barriers,truncated_line,4,1.0,inf,4,1.0,1.0,0.8315024160071317,0.036410275420294284,1.5511035603552878,0.17096240893900655,0.06178685511708104,2.8160104751586914,19,0.17614376544952393,0.17480628192424774,32.11545181274414,108.97227394540789,19082.421875,4,4,1.0,1.0,0.0,1.0,barrier,well_bound,untouched_id
ID_test,0218b213aa0f6b8d417172f3,multiple_barriers,truncated_line,5,1.0,inf,5,1.0,1.0,0.7369088903097355,0.03226816319390077,1.256364379044978,0.060213704035142424,0.041563271937942736,2.521632194519043,16,0.20251354575157166,0.20126847922801971,20.45897102355957,85.61653114563227,9623.146484375,4,4,1.0,1.0,0.0,1.0,barrier,well_bound,untouched_id
ID_test,0218b213aa0f6b8d417172f3,multiple_barriers,truncated_line,6,1.0,inf,6,1.0,1.0,0.8383467624228266,0.03670997934570683,1.4280936858258397,0.08350005177009014,0.02678076778373817,2.2587575912475586,14,0.2272932380437851,0.22556915879249573,14.14918041229248,65.0045456654131,4705.56884765625,4,4,1.0,1.0,1.0,1.0,barrier,well_bound,untouched_id
ID_test,0218b213aa0f6b8d417172f3,multiple_barriers,truncated_line,7,1.0,inf,7,1.0,1.0,0.7732020044792257,0.03385738561506568,1.2892283495081012,0.06848042132220111,0.013093631549517482,1.989799976348877,12,0.25630924105644226,0.254984974861145,10.386897087097168,47.66879623729487,2207.55908203125,4,4,1.0,1.0,0.0,1.0,barrier,well_bound,untouched_id
ID_test,0218b213aa0f6b8d417172f3,multiple_barriers,truncated_line,8,1.0,inf,8,1.0,1.0,0.8344728859628493,0.03654034795782791,1.4562207093309736,0.060767526567513656,0.008267065855723121,1.8493099212646484,11,0.2759547531604767,0.27452921867370605,6.953155994415283,33.86782238568473,765.0226440429688,4,4,1.0,1.0,0.0,1.0,barrier,well_bound,untouched_id
ID_test,0218b213aa0f6b8d417172f3,multiple_barriers,truncated_line,9,1.0,inf,9,1.0,1.0,0.7478686252512031,0.032748073967544075,1.5779094673077694,0.09458324896070527,0.004236574858201836,1.5337295532226562,10,0.306060254573822,0.30331480503082275,6.496288776397705,29.36479463450296,610.9203491210938,4,4,1.0,1.0,1.0,1.0,barrier,well_bound,untouched_id
ID_test,0218b213aa0f6b8d417172f3,multiple_barriers,truncated_line,10,1.0,inf,10,1.0,1.0,0.7770910950876508,0.03402768320826717,1.6610611978801888,0.08175991486171551,0.003144019269512499,1.4423646926879883,10,0.3242602050304413,0.3213748335838318,4.776094436645508,19.600005402857484,232.97564697265625,4,4,1.0,1.0,1.0,1.0,barrier,well_bound,untouched_id
ID_test,e23d937e108c2f44f8e3bae7,multiple_barriers,truncated_line,0,1.0,inf,0,1.0,1.0,0.0,0.0,0.0,0.0,1.0,23.15183601525272,128,0.05673772096633911,0.05649048089981079,48.21855545043945,103.47743724056934,30772.50390625,4,4,1.0,1.0,0.0,1.0,barrier,well_bound,untouched_id
ID_test,e23d937e108c2f44f8e3bae7,multiple_barriers,truncated_line,1,1.0,inf,1,1.0,1.0,0.8362540729493544,0.03612042139545303,0.8362540729493544,0.21424064503245233,0.37004602570704326,10.857983589172363,59,0.09949060529470444,0.09922876209020615,47.35601043701172,102.64148011960332,30126.19921875,4,4,1.0,1.0,0.0,1.0,barrier,well_bound,untouched_id
ID_test,e23d937e108c2f44f8e3bae7,multiple_barriers,truncated_line,2,1.0,inf,2,1.0,1.0,0.8542121130089917,0.036896085150491996,1.1906351910924378,0.3264767722643596,0.19576473600296151,3.6883630752563477,24,0.1299784630537033,0.12962421774864197,43.78450393676758,100.43702074757108,28079.388671875,4,4,1.0,1.0,0.0,1.0,barrier,well_bound,untouched_id
ID_test,e23d937e108c2f44f8e3bae7,multiple_barriers,truncated_line,3,1.0,inf,3,1.0,1.0,0.7034723634629912,0.030385165262899014,1.4518714585032373,0.12181521160154066,0.06226783236952363,3.0883522033691406,20,0.15463845431804657,0.15397749841213226,39.19511032104492,106.25801705866402,24811.8046875,4,4,1.0,1.0,0.0,1.0,barrier,well_bound,untouched_id
ID_test,e23d937e108c2f44f8e3bae7,multiple_barriers,truncated_line,4,1.0,inf,4,1.0,1.0,0.9547844036180843,0.041240116031793776,2.2289015582198615,0.08967779843361397,0.028379066258800694,2.7055320739746094,17,0.1816743016242981,0.18045246601104736,32.76051330566406,105.11789730805353,19746.681640625,4,4,1.0,1.0,0.0,1.0,barrier,well_bound,untouched_id
ID_test,e23d937e108c2f44f8e3bae7,multiple_barriers,truncated_line,5,1.0,inf,5,1.0,1.0,1.0618657810088776,0.04586529467076854,2.471471901854237,0.16498878331589242,0.02399724880947478,2.433992385864258,16,0.20849855244159698,0.20701409876346588,21.682626724243164,83.36523089142955,10642.4384765625,4,4,1.0,1.0,0.0,1.0,barrier,well_bound,untouched_id
ID_test,e23d937e108c2f44f8e3bae7,multiple_barriers,truncated_line,6,1.0,inf,6,1.0,1.0,0.9771681638580919,0.042206940443700505,1.823951582461596,0.10139254666981623,0.018766947129160726,2.2189178466796875,14,0.22972506284713745,0.22862616181373596,14.526788711547852,65.60118353770056,4975.0244140625,4,4,1.0,1.0,1.0,1.0,barrier,well_bound,untouched_id
ID_test,e23d937e108c2f44f8e3bae7,multiple_barriers,truncated_line,7,1.0,inf,7,1.0,1.0,0.8833719565982375,0.03815558973449281,1.506995685418032,0.07792649255134013,0.01088706293262449,1.9750995635986328,12,0.25543928146362305,0.2543400824069977,10.474709510803223,47.913612067653446,2243.73046875,4,4,1.0,1.0,0.0,1.0,barrier,well_bound,untouched_id
ID_test,e23d937e108c2f44f8e3bae7,multiple_barriers,truncated_line,8,1.0,inf,8,1.0,1.0,0.9268207706370469,0.04003227951452515,1.499598606491947,0.07900126890424194,0.00613353847931217,1.8350324630737305,11,0.27361389994621277,0.2726801633834839,6.9655256271362305,33.56490252064319,760.07177734375,4,4,1.0,1.0,0.0,1.0,barrier,well_bound,untouched_id
ID_test,e23d937e108c2f44f8e3bae7,multiple_barriers,truncated_line,9,1.0,inf,9,1.0,1.0,0.7798591428346491,0.03368454848768228,1.5592857298689653,0.10181552516345056,0.0031414711726106014,1.495955467224121,10,0.3149791359901428,0.31343311071395874,6.820557594299316,29.67896908909193,700.1014404296875,4,4,1.0,1.0,1.0,1.0,barrier,well_bound,untouched_id
ID_test,e23d937e108c2f44f8e3bae7,multiple_barriers,truncated_line,10,1.0,inf,10,1.0,1.0,0.8100053597344118,0.034986657611118625,1.6527764042454587,0.09391987408438561,0.0025174637040817215,1.4168500900268555,9,0.3322356939315796,0.3309215009212494,4.801632404327393,19.524601294584034,235.69935607910156,4,4,1.0,1.0,1.0,1.0,barrier,well_bound,untouched_id
ID_test,ac0806969d87030a3f19d64b,multiple_barriers,truncated_line,0,1.0,inf,0,1.0,1.0,0.0,0.0,0.0,0.0,1.0,22.613100929450773,128,0.054991208016872406,0.054724130779504776,47.506126403808594,110.97317625900422,29721.5390625,4,4,1.0,1.0,0.0,1.0,barrier,well_bound,untouched_id
ID_test,ac0806969d87030a3f19d64b,multiple_barriers,truncated_line,1,1.0,inf,1,1.0,1.0,0.8095952510823807,0.03580204473540304,0.8095952510823807,0.145128644241709,0.3986416084212414,11.04686164855957,62,0.096670001745224,0.09644016623497009,47.037837982177734,109.54479423910743,29515.453125,4,4,1.0,1.0,0.0,1.0,barrier,well_bound,untouched_id
ID_test,ac0806969d87030a3f19d64b,multiple_barriers,truncated_line,2,1.0,inf,2,1.0,1.0,0.7901425532638964,0.03494180456404514,0.8294672081787507,0.3750297977642118,0.18901568331991697,3.7356815338134766,26,0.12775473296642303,0.12684661149978638,43.95360565185547,105.39956723651869,27988.44140625,4,4,1.0,1.0,0.0,1.0,barrier,well_bound,untouched_id
ID_test,ac0806969d87030a3f19d64b,multiple_barriers,truncated_line,3,1.0,inf,3,1.0,1.0,0.5453198160065756,0.024115216117766666,1.4195664834810304,0.11159101186740356,0.08808083184722897,3.089010238647461,21,0.15400628745555878,0.1526946872472763,39.65327835083008,108.49039852964688,24998.919921875,4,4,1.0,1.0,0.0,1.0,barrier,well_bound,untouched_id
ID_test,ac0806969d87030a3f19d64b,multiple_barriers,truncated_line,4,1.0,inf,4,1.0,1.0,0.8338793448281895,0.036875939634717,1.378973426018429,0.22457223305526744,0.05693289751721352,2.6856327056884766,18,0.18057605624198914,0.1786581575870514,33.53753662109375,105.79995825713908,20299.662109375,4,4,1.0,1.0,1.0,1.0,barrier,well_bound,untouched_id
ID_test,ac0806969d87030a3f19d64b,multiple_barriers,truncated_line,5,1.0,inf,5,1.0,1.0,0.8142104625802584,0.03600613932253094,1.2861788494246582,0.05922376068414235,0.033592590824747595,2.389127731323242,15,0.2066705822944641,0.20486553013324738,22.049713134765625,84.78230365993628,10965.7158203125,4,4,1.0,1.0,1.0,1.0,barrier,well_bound,untouched_id
ID_test,ac0806969d87030a3f19d64b,multiple_barriers,truncated_line,6,1.0,inf,6,1.0,1.0,0.8020177411410533,0.035466950934470214,1.276168700392776,0.06677541015627857,0.020591725970375716,2.179574966430664,14,0.22752688825130463,0.22641122341156006,15.157544136047363,66.36851030669172,5440.71337890625,4,4,1.0,1.0,1.0,1.0,barrier,well_bound,untouched_id
ID_test,ac0806969d87030a3f19d64b,multiple_barriers,truncated_line,7,1.0,inf,7,1.0,1.0,0.8689339174909831,0.0384261282962437,1.4260970188035722,0.10494791281044968,0.012132042029633241,1.9298934936523438,12,0.25483405590057373,0.2531343102455139,10.899733543395996,48.71345982666861,2477.647705078125,4,4,1.0,1.0,0.0,1.0,barrier,well_bound,untouched_id
ID_test,ac0806969d87030a3f19d64b,multiple_barriers,truncated_line,8,1.0,inf,8,1.0,1.0,0.8741594603571474,0.03865721305027488,1.5344817448923127,0.056514873021100254,0.007011292835378719,1.7867507934570312,12,0.27234992384910583,0.27083706855773926,7.151345729827881,34.060809731518376,819.55224609375,4,4,1.0,1.0,0.0,1.0,barrier,well_bound,untouched_id
ID_test,ac0806969d87030a3f19d64b,multiple_barriers,truncated_line,9,1.0,inf,9,1.0,1.0,0.7484448977866025,0.033097844480579196,1.5970300643174182,0.09496323553978804,0.003701294331042794,1.482950210571289,10,0.3097444772720337,0.30943456292152405,6.697479724884033,29.97899994581969,664.9358520507812,4,4,1.0,1.0,1.0,1.0,barrier,well_bound,untouched_id
ID_test,ac0806969d87030a3f19d64b,multiple_barriers,truncated_line,10,1.0,inf,10,1.0,1.0,0.8066148122952672,0.03567024331655244,1.6927476027544843,0.09750051003672006,0.002798366908200911,1.4013605117797852,9,0.32768046855926514,0.32658642530441284,4.800629615783691,19.539858865683165,235.3692169189453,4,4,1.0,1.0,1.0,1.0,barrier,well_bound,untouched_id
ID_test,b4c120a00dbd89e82dc2b738,gaussian_well,truncated_line,0,1.0,inf,0,1.0,1.0,0.0,0.0,0.0,0.0,1.0,14.128266704889457,128,0.055918581783771515,0.05579724162817001,47.07670593261719,100.07163630956275,29524.71875,4,4,1.0,1.0,0.0,1.0,other,well_bound,untouched_id
ID_test,b4c120a00dbd89e82dc2b738,gaussian_well,truncated_line,1,1.0,inf,1,1.0,1.0,0.003381120147188721,0.0002393159909713904,0.003381120147188721,0.001260150482045197,0.49973874033741045,7.005678568876094,63,0.09992409497499466,0.09978871792554855,46.754940032958984,103.42772921721092,29336.21875,4,4,1.0,1.0,0.0,1.0,other,well_bound,untouched_id
ID_test,b4c120a00dbd89e82dc2b738,gaussian_well,truncated_line,2,1.0,inf,2,1.0,1.0,0.4262903560423827,0.030172870101245593,0.4431869178788538,0.1777332894558793,0.2415496798290105,2.1485719680786133,23,0.13469500839710236,0.13433416187763214,43.326210021972656,93.89757763375903,27558.43359375,4,4,1.0,1.0,0.0,1.0,other,well_bound,untouched_id
ID_test,b4c120a00dbd89e82dc2b738,gaussian_well,truncated_line,3,1.0,inf,3,1.0,1.0,0.4483254308357075,0.03173251469556083,0.6821613248993967,0.1450903132486006,0.11569313771503965,1.7994918823242188,19,0.16359815001487732,0.16289542615413666,38.91164016723633,89.93193799066941,24463.3671875,4,4,1.0,1.0,0.0,1.0,other,well_bound,untouched_id
ID_test,b4c120a00dbd89e82dc2b738,gaussian_well,truncated_line,4,1.0,inf,4,1.0,1.0,0.5574955181157277,0.03945958338419474,0.8290590170298406,0.10113992247296633,0.05847706704324022,1.559164047241211,17,0.18967470526695251,0.18873220682144165,32.90163803100586,87.82008725220697,19798.861328125,4,4,1.0,1.0,0.0,1.0,other,well_bound,untouched_id
ID_test,b4c120a00dbd89e82dc2b738,gaussian_well,truncated_line,5,1.0,inf,5,1.0,1.0,0.5823922503672758,0.04122177635319722,0.949985880308684,0.07878366013074888,0.028616329974065352,1.4073972702026367,15,0.21520034968852997,0.21347838640213013,22.064937591552734,71.88835188845705,10987.9521484375,4,4,1.0,1.0,1.0,1.0,other,well_bound,untouched_id
ID_test,b4c120a00dbd89e82dc2b738,gaussian_well,truncated_line,6,1.0,inf,6,1.0,1.0,0.6662717581996405,0.04715877553253292,1.101777813982198,0.0801038605440439,0.012984728225454096,1.294520378112793,13,0.2334280014038086,0.2321479618549347,14.890384674072266,58.56951562492372,5249.85693359375,4,4,1.0,1.0,1.0,1.0,other,well_bound,untouched_id
ID_test,b4c120a00dbd89e82dc2b738,gaussian_well,truncated_line,7,1.0,inf,7,1.0,1.0,0.6525707931866199,0.04618901998507578,1.1623237987872566,0.0888603463652626,0.006801358326975593,1.177175521850586,12,0.25709009170532227,0.25560083985328674,10.566128730773926,43.36635250915147,2290.499267578125,4,4,1.0,1.0,0.0,1.0,other,well_bound,untouched_id
ID_test,b4c120a00dbd89e82dc2b738,gaussian_well,truncated_line,8,1.0,inf,8,1.0,1.0,0.7070759460820609,0.05004689965523929,1.2831778772388684,0.09303114390782809,0.004103670623168843,1.1001687049865723,11,0.27139100432395935,0.2703145444393158,6.801304817199707,29.891794314911593,704.4969482421875,4,4,1.0,1.0,0.0,1.0,other,well_bound,untouched_id
ID_test,b4c120a00dbd89e82dc2b738,gaussian_well,truncated_line,9,1.0,inf,9,1.0,1.0,0.6109661174606932,0.043244237260134134,1.281260941790392,0.10978828809044798,0.0023523112587265603,0.9174537658691406,10,0.3134371042251587,0.3130333125591278,6.500688552856445,26.90654604430497,606.7410278320312,4,4,1.0,1.0,1.0,1.0,other,well_bound,untouched_id
ID_test,b4c120a00dbd89e82dc2b738,gaussian_well,truncated_line,10,1.0,inf,10,1.0,1.0,0.6212501322130559,0.04397214075793572,1.2752105019567859,0.10391777392637959,0.0022675349132999837,0.8663358688354492,9,0.3306558430194855,0.3299510180950165,4.518130779266357,16.92727902924781,191.46145629882812,4,4,1.0,1.0,1.0,1.0,other,well_bound,untouched_id
ID_test,725eaceedb54aff0c65e2894,gaussian_well,truncated_line,0,1.0,inf,0,1.0,1.0,0.0,0.0,0.0,0.0,1.0,15.736730792592464,128,0.05628681555390358,0.05618148669600487,47.159461975097656,102.58848655222789,29679.3046875,4,4,1.0,1.0,0.0,1.0,other,well_bound,untouched_id
ID_test,725eaceedb54aff0c65e2894,gaussian_well,truncated_line,1,1.0,inf,1,1.0,1.0,0.006249569044918357,0.0003971326145999861,0.006249569044918357,0.0006592662682007866,0.4999661523823211,7.82007469128444,64,0.1007242277264595,0.10058320313692093,46.822330474853516,105.05241317174955,29447.994140625,4,4,1.0,1.0,0.0,1.0,other,well_bound,untouched_id
ID_test,725eaceedb54aff0c65e2894,gaussian_well,truncated_line,2,1.0,inf,2,1.0,1.0,0.48003934847890306,0.030504388414960077,0.49577816892978555,0.17472227199219248,0.2435600715237553,2.3717150688171387,23,0.13595981895923615,0.13558858633041382,43.34380340576172,94.50733096242939,27614.955078125,4,4,1.0,1.0,0.0,1.0,other,well_bound,untouched_id
ID_test,725eaceedb54aff0c65e2894,gaussian_well,truncated_line,3,1.0,inf,3,1.0,1.0,0.5062354545130608,0.032169035690141824,0.7723403158929252,0.14082681615814835,0.11669714456754854,1.9862298965454102,19,0.16473665833473206,0.16413599252700806,38.942710876464844,89.53377979533431,24519.27734375,4,4,1.0,1.0,0.0,1.0,other,well_bound,untouched_id
ID_test,725eaceedb54aff0c65e2894,gaussian_well,truncated_line,4,1.0,inf,4,1.0,1.0,0.6284648484167822,0.03993617586141912,0.9306538464658765,0.09802581158780269,0.058330616471633595,1.722372055053711,16,0.1907757669687271,0.18975599110126495,32.90147399902344,86.9268612726191,19821.8203125,4,4,1.0,1.0,0.0,1.0,other,well_bound,untouched_id
ID_test,725eaceedb54aff0c65e2894,gaussian_well,truncated_line,5,1.0,inf,5,1.0,1.0,0.658411877599689,0.04183917779858153,1.0794524632162437,0.07745432171313545,0.028110769282519397,1.5565299987792969,14,0.2161811888217926,0.2146514654159546,22.21584129333496,71.20511115486359,11113.5029296875,4,4,1.0,1.0,1.0,1.0,other,well_bound,untouched_id
ID_test,725eaceedb54aff0c65e2894,gaussian_well,truncated_line,6,1.0,inf,6,1.0,1.0,0.7540220215922672,0.04791478176313454,1.2386877314454323,0.08092432946012586,0.012519051286245296,1.4348258972167969,14,0.2342013567686081,0.23295801877975464,14.866945266723633,58.13990967723318,5231.9287109375,4,4,1.0,1.0,1.0,1.0,other,well_bound,untouched_id
ID_test,725eaceedb54aff0c65e2894,gaussian_well,truncated_line,7,1.0,inf,7,1.0,1.0,0.7400196845670425,0.04702499485569022,1.311324177363471,0.09058491326637333,0.006369110855459326,1.3048691749572754,12,0.25749605894088745,0.25592905282974243,10.534915924072266,43.08606503508712,2272.151611328125,4,4,1.0,1.0,0.0,1.0,other,well_bound,untouched_id
ID_test,725eaceedb54aff0c65e2894,gaussian_well,truncated_line,8,1.0,inf,8,1.0,1.0,0.8024942205879704,0.050994976730854256,1.4473099752900351,0.09539602147185039,0.003986277387797849,1.2204136848449707,11,0.27155616879463196,0.2708238661289215,6.7788543701171875,29.664804613119394,696.473388671875,4,4,1.0,1.0,0.0,1.0,other,well_bound,untouched_id
ID_test,725eaceedb54aff0c65e2894,gaussian_well,truncated_line,9,1.0,inf,9,1.0,1.0,0.6928604042285079,0.04402823009177031,1.4599763330307223,0.1114797915357912,0.002272115561845742,1.015787124633789,10,0.31533586978912354,0.3148502707481384,6.5644683837890625,26.807998573527207,623.5087890625,4,4,1.0,1.0,1.0,1.0,other,well_bound,untouched_id
ID_test,725eaceedb54aff0c65e2894,gaussian_well,truncated_line,10,1.0,inf,10,1.0,1.0,0.7031408113187613,0.044681504728398935,1.4422801866885857,0.10582015104056076,0.0022164205976098537,0.9600305557250977,9,0.33227071166038513,0.33155694603919983,4.50600528717041,16.791439246983124,190.6930694580078,4,4,1.0,1.0,1.0,1.0,other,well_bound,untouched_id
ID_test,615f71a372aa1c7bf3da2f8b,gaussian_well,truncated_line,0,1.0,inf,0,1.0,1.0,0.0,0.0,0.0,0.0,1.0,14.121200111029145,128,0.05569153651595116,0.05553952232003212,46.987247467041016,98.1948660476981,29410.73046875,4,4,1.0,1.0,0.0,1.0,other,well_bound,untouched_id
ID_test,615f71a372aa1c7bf3da2f8b,gaussian_well,truncated_line,1,1.0,inf,1,1.0,1.0,0.025995959266242152,0.0018409171360682305,0.025995959266242152,0.0004946187973161875,0.4980846075465961,7.012541094764949,63,0.09944304078817368,0.09925069659948349,46.66384506225586,102.3498939683623,29239.408203125,4,4,1.0,1.0,0.0,1.0,other,well_bound,untouched_id
ID_test,615f71a372aa1c7bf3da2f8b,gaussian_well,truncated_line,2,1.0,inf,2,1.0,1.0,0.4228464355130327,0.029944086351610798,0.4299986198719483,0.1817813097989425,0.24162696731427932,2.1637911796569824,24,0.13415880501270294,0.13377109169960022,43.20172882080078,93.5971420537792,27469.0078125,4,4,1.0,1.0,0.0,1.0,other,well_bound,untouched_id
ID_test,615f71a372aa1c7bf3da2f8b,gaussian_well,truncated_line,3,1.0,inf,3,1.0,1.0,0.45611393763032976,0.03229994150951016,0.7094319343618205,0.14724756118985036,0.1182848505988331,1.8120841979980469,19,0.16182449460029602,0.16131006181240082,38.984779357910156,90.56667221450306,24506.54296875,4,4,1.0,1.0,0.0,1.0,other,well_bound,untouched_id
ID_test,615f71a372aa1c7bf3da2f8b,gaussian_well,truncated_line,4,1.0,inf,4,1.0,1.0,0.5534885531828739,0.039195574655909046,0.8512132218420694,0.10351613254143444,0.05935739505967552,1.5695977210998535,17,0.1874229907989502,0.18696080148220062,32.643333435058594,88.98160095716474,19605.3359375,4,4,1.0,1.0,0.0,1.0,other,well_bound,untouched_id
ID_test,615f71a372aa1c7bf3da2f8b,gaussian_well,truncated_line,5,1.0,inf,5,1.0,1.0,0.5859342718107634,0.041493234796179154,0.9849245565761979,0.0800656240150255,0.028517284151831968,1.4165215492248535,15,0.21240952610969543,0.2116975486278534,22.29208755493164,72.76884459814201,11165.626953125,4,4,1.0,1.0,1.0,1.0,other,well_bound,untouched_id
ID_test,615f71a372aa1c7bf3da2f8b,gaussian_well,truncated_line,6,1.0,inf,6,1.0,1.0,0.6583208710191933,0.04661932879947095,1.1246065234381417,0.07946058146524568,0.01449064262127886,1.3031506538391113,14,0.23109613358974457,0.2298247367143631,14.642195701599121,59.32733968989396,5061.349609375,4,4,1.0,1.0,1.0,1.0,other,well_bound,untouched_id
ID_test,615f71a372aa1c7bf3da2f8b,gaussian_well,truncated_line,7,1.0,inf,7,1.0,1.0,0.6404067156244752,0.0453507287333387,1.1386521918137422,0.0875775615186426,0.006431868898910231,1.1790351867675781,12,0.25561603903770447,0.2546735107898712,10.431647300720215,43.97955845370173,2216.67578125,4,4,1.0,1.0,0.0,1.0,other,well_bound,untouched_id
ID_test,615f71a372aa1c7bf3da2f8b,gaussian_well,truncated_line,8,1.0,inf,8,1.0,1.0,0.6950259622774337,0.049218618588557105,1.2703132858556794,0.09123059878082691,0.004559678906661091,1.0989103317260742,12,0.27169016003608704,0.27080318331718445,6.899418830871582,30.341940475765146,735.4995727539062,4,4,1.0,1.0,0.0,1.0,other,well_bound,untouched_id
ID_test,615f71a372aa1c7bf3da2f8b,gaussian_well,truncated_line,9,1.0,inf,9,1.0,1.0,0.6053609153342764,0.04286894248184109,1.31031376728685,0.10871196478474414,0.0025999523308109732,0.9195423126220703,10,0.3125036656856537,0.3119201362133026,6.667387008666992,27.333332597756193,654.0310668945312,4,4,1.0,1.0,1.0,1.0,other,well_bound,untouched_id
ID_test,615f71a372aa1c7bf3da2f8b,gaussian_well,truncated_line,10,1.0,inf,10,1.0,1.0,0.6110792941901261,0.04327389240188247,1.2887981187523212,0.1023131970424011,0.0023839343930538923,0.8690199851989746,9,0.3291357159614563,0.32865917682647705,4.577335357666016,17.232679789671376,201.79173278808594,4,4,1.0,1.0,1.0,1.0,other,well_bound,untouched_id
ID_test,560b4ac43647c8a366f2d0d9,gaussian_well,truncated_line,0,1.0,inf,0,1.0,1.0,0.0,0.0,0.0,0.0,1.0,13.734052195815348,128,0.05569125711917877,0.055617235600948334,47.13601303100586,100.16032667196856,29523.650390625,4,4,1.0,1.0,0.0,1.0,other,well_bound,untouched_id
ID_test,560b4ac43647c8a366f2d0d9,gaussian_well,truncated_line,1,1.0,inf,1,1.0,1.0,0.02423456567954363,0.001764560475962637,0.02423456567954363,0.0034538968806273607,0.49930774883972684,6.677661745328628,62,0.09980275481939316,0.09969843924045563,46.8388557434082,103.36645495170069,29370.6640625,4,4,1.0,1.0,0.0,1.0,other,well_bound,untouched_id
ID_test,560b4ac43647c8a366f2d0d9,gaussian_well,truncated_line,2,1.0,inf,2,1.0,1.0,0.4153215967411086,0.03024028093235685,0.4613586480343658,0.1755367741055007,0.24005392453107396,2.091813564300537,24,0.13492420315742493,0.13445496559143066,43.54345703125,93.9791753211369,27665.845703125,4,4,1.0,1.0,0.0,1.0,other,well_bound,untouched_id
ID_test,560b4ac43647c8a366f2d0d9,gaussian_well,truncated_line,3,1.0,inf,3,1.0,1.0,0.4374480544111587,0.031851346432515054,0.6658597076526164,0.14468671846883166,0.11195076779460379,1.7489242553710938,19,0.16514337062835693,0.1643151491880417,39.305885314941406,90.24643471747274,24730.275390625,4,4,1.0,1.0,0.0,1.0,other,well_bound,untouched_id
ID_test,560b4ac43647c8a366f2d0d9,gaussian_well,truncated_line,4,1.0,inf,4,1.0,1.0,0.5414430550055203,0.0394234015777582,0.850694099242775,0.10143523872920916,0.05454111533317092,1.516648769378662,17,0.19157721102237701,0.19033627212047577,33.38380813598633,88.24025354960546,20137.01171875,4,4,1.0,1.0,0.0,1.0,other,well_bound,untouched_id
ID_test,560b4ac43647c8a366f2d0d9,gaussian_well,truncated_line,5,1.0,inf,5,1.0,1.0,0.5723404865940923,0.04167309679866221,0.9714545764492533,0.07953510231505645,0.025591071485562406,1.3653130531311035,14,0.2173226773738861,0.215500608086586,21.880075454711914,72.36793505167992,10855.630859375,4,4,1.0,1.0,1.0,1.0,other,well_bound,untouched_id
ID_test,560b4ac43647c8a366f2d0d9,gaussian_well,truncated_line,6,1.0,inf,6,1.0,1.0,0.6467653537245063,0.04709209958598893,1.1387478191215075,0.08118415423945617,0.011257423134702007,1.254537582397461,14,0.23531420528888702,0.2340228259563446,15.425084114074707,59.08902444100668,5646.65283203125,4,4,1.0,1.0,1.0,1.0,other,well_bound,untouched_id
ID_test,560b4ac43647c8a366f2d0d9,gaussian_well,truncated_line,7,1.0,inf,7,1.0,1.0,0.6424458052200832,0.04677758581810481,1.2027024686131518,0.08982844601526552,0.006057421876718016,1.1451382637023926,12,0.259395569562912,0.25786569714546204,10.978544235229492,43.830742970264765,2521.937744140625,4,4,1.0,1.0,0.0,1.0,other,well_bound,untouched_id
ID_test,560b4ac43647c8a366f2d0d9,gaussian_well,truncated_line,8,1.0,inf,8,1.0,1.0,0.6861374098441665,0.04995884681821924,1.320136444822086,0.09301419638325557,0.0037784579474910416,1.068282127380371,11,0.27405881881713867,0.272849440574646,7.037430286407471,30.29942884852616,780.142333984375,4,4,1.0,1.0,0.0,1.0,other,well_bound,untouched_id
ID_test,560b4ac43647c8a366f2d0d9,gaussian_well,truncated_line,9,1.0,inf,9,1.0,1.0,0.5922558784714814,0.043123170789458404,1.2563906938248746,0.10950240268759277,0.0022183010986493805,0.8940372467041016,10,0.3132161498069763,0.31275424361228943,6.5837483406066895,27.298562046703516,630.5003051757812,4,4,1.0,1.0,1.0,1.0,other,well_bound,untouched_id
ID_test,560b4ac43647c8a366f2d0d9,gaussian_well,truncated_line,10,1.0,inf,10,1.0,1.0,0.6017663165241537,0.043815642167685,1.2788970537197857,0.10373616660410451,0.002212736778115209,0.8426656723022461,9,0.3311481177806854,0.33025988936424255,4.66436243057251,17.227494126860655,212.63217163085938,4,4,1.0,1.0,1.0,1.0,other,well_bound,untouched_id
ID_test,bb95270fdd90c1e5a04d86b2,gaussian_well,truncated_line,0,1.0,inf,0,1.0,1.0,0.0,0.0,0.0,0.0,1.0,14.223099809199265,128,0.054538335651159286,0.05440245568752289,47.15241622924805,95.20030395306814,29417.861328125,4,4,1.0,1.0,0.0,1.0,other,well_bound,untouched_id
ID_test,bb95270fdd90c1e5a04d86b2,gaussian_well,truncated_line,1,1.0,inf,1,1.0,1.0,0.02301444365754607,0.001618103224070797,0.02301444365754607,0.002346388194179788,0.49693491896103703,7.1028530322981425,64,0.09738493710756302,0.09722089767456055,46.795475006103516,100.44053201841413,29259.1015625,4,4,1.0,1.0,0.0,1.0,other,well_bound,untouched_id
ID_test,bb95270fdd90c1e5a04d86b2,gaussian_well,truncated_line,2,1.0,inf,2,1.0,1.0,0.42444722410203284,0.029842104027668244,0.42667277725950414,0.18476566991008692,0.2389691813431139,2.2237167358398438,24,0.1313960701227188,0.1310044229030609,43.53862762451172,93.22907153333361,27648.966796875,4,4,1.0,1.0,0.0,1.0,other,well_bound,untouched_id
ID_test,bb95270fdd90c1e5a04d86b2,gaussian_well,truncated_line,3,1.0,inf,3,1.0,1.0,0.4539398740067134,0.031915678023514436,0.7017308111842611,0.1515571202037452,0.11663046545357365,1.8609051704406738,20,0.15891756117343903,0.15863001346588135,39.2066764831543,92.42932049256385,24631.076171875,4,4,1.0,1.0,0.0,1.0,other,well_bound,untouched_id
ID_test,bb95270fdd90c1e5a04d86b2,gaussian_well,truncated_line,4,1.0,inf,4,1.0,1.0,0.5512170076062681,0.038755054453723944,0.8360303401165283,0.10734890096476324,0.061672965087764764,1.6079702377319336,17,0.18494468927383423,0.18422560393810272,33.14362335205078,91.83295027525386,19958.552734375,4,4,1.0,1.0,0.0,1.0,other,well_bound,untouched_id
ID_test,bb95270fdd90c1e5a04d86b2,gaussian_well,truncated_line,5,1.0,inf,5,1.0,1.0,0.5776009274418992,0.04061005935346924,0.9601977151564154,0.08199208914863486,0.03127478810736262,1.447854995727539,15,0.21063773334026337,0.20907093584537506,22.157323837280273,75.29537842945376,11045.8564453125,4,4,1.0,1.0,1.0,1.0,other,well_bound,untouched_id
ID_test,bb95270fdd90c1e5a04d86b2,gaussian_well,truncated_line,6,1.0,inf,6,1.0,1.0,0.6460913960040451,0.04542549828597588,1.0822127004357402,0.07877205454388655,0.01622798990059432,1.3245396614074707,14,0.2298063337802887,0.22857794165611267,15.076770782470703,61.49211708084919,5383.45751953125,4,4,1.0,1.0,1.0,1.0,other,well_bound,untouched_id
ID_test,bb95270fdd90c1e5a04d86b2,gaussian_well,truncated_line,7,1.0,inf,7,1.0,1.0,0.6177433245753736,0.04343239749859784,1.0779124959993025,0.08553460360850457,0.0075355889920890595,1.1966838836669922,12,0.2543112635612488,0.2538209557533264,10.866896629333496,45.94603351326399,2458.938720703125,4,4,1.0,1.0,0.0,1.0,other,well_bound,untouched_id
ID_test,bb95270fdd90c1e5a04d86b2,gaussian_well,truncated_line,8,1.0,inf,8,1.0,1.0,0.6697545092534385,0.04708920827654267,1.1980853271811558,0.08746979369303898,0.004929080278146779,1.1125507354736328,12,0.2707531452178955,0.2699038088321686,7.047412872314453,32.079189829662894,784.3475952148438,4,4,1.0,1.0,0.0,1.0,other,well_bound,untouched_id
ID_test,bb95270fdd90c1e5a04d86b2,gaussian_well,truncated_line,9,1.0,inf,9,1.0,1.0,0.5799615815926925,0.0407760326070118,1.2406234308743866,0.10628165781023972,0.0027629205603349172,0.9323492050170898,10,0.31037646532058716,0.30989590287208557,6.713483810424805,29.036278065134177,668.3846435546875,4,4,1.0,1.0,1.0,1.0,other,well_bound,untouched_id
ID_test,bb95270fdd90c1e5a04d86b2,gaussian_well,truncated_line,10,1.0,inf,10,1.0,1.0,0.5874046467913075,0.041299340837880075,1.2302814834982558,0.09888302348381127,0.002449803195656782,0.8794035911560059,9,0.3277597725391388,0.32714468240737915,4.678474426269531,18.62990219692122,215.912109375,4,4,1.0,1.0,1.0,1.0,other,well_bound,untouched_id
ID_test,eaa48c5b25012413819c2808,gaussian_barrier,truncated_line,0,1.0,inf,0,1.0,1.0,0.0,0.0,0.0,0.0,1.0,22.59605939511121,128,0.04141785576939583,0.04111065715551376,38.198890686035156,104.39196932731387,17733.3984375,4,4,1.0,1.0,0.0,1.0,barrier,well_bound,untouched_id
ID_test,eaa48c5b25012413819c2808,gaussian_barrier,truncated_line,1,1.0,inf,1,1.0,1.0,0.8384143791808856,0.037104451024866814,0.8384143791808856,0.5069668619466423,0.44404619334011336,11.025376319885254,62,0.08031340688467026,0.07975112646818161,41.253170013427734,116.7489692504729,22607.052734375,4,4,1.0,1.0,1.0,1.0,barrier,well_bound,untouched_id
ID_test,eaa48c5b25012413819c2808,gaussian_barrier,truncated_line,2,1.0,inf,2,1.0,1.0,0.29291101557106314,0.012962924660856403,0.3012453325305475,0.09468778378318021,0.2701154227034522,4.388236045837402,30,0.11500530689954758,0.11401741951704025,39.725929260253906,111.86647840741287,23893.779296875,4,4,1.0,1.0,0.0,1.0,barrier,well_bound,untouched_id
ID_test,eaa48c5b25012413819c2808,gaussian_barrier,truncated_line,3,1.0,inf,3,1.0,1.0,0.4270590305164563,0.018899712691003677,0.6001748085781018,0.10929207649606923,0.14371471230459124,3.4327898025512695,22,0.14647644758224487,0.14533595740795135,35.898990631103516,113.24731194750251,21895.041015625,4,4,1.0,1.0,1.0,1.0,barrier,well_bound,untouched_id
ID_test,eaa48c5b25012413819c2808,gaussian_barrier,truncated_line,4,1.0,inf,4,1.0,1.0,0.46443054628398206,0.02055360796159282,0.8856941306985053,0.10206028262072672,0.08508443806651979,2.8779382705688477,19,0.17401470243930817,0.1728481948375702,28.85419464111328,105.11900123758504,16494.806640625,4,4,1.0,1.0,1.0,1.0,barrier,well_bound,untouched_id
ID_test,eaa48c5b25012413819c2808,gaussian_barrier,truncated_line,5,1.0,inf,5,1.0,1.0,0.644945854695811,0.028542403939482864,1.159544446077546,0.07671009367404734,0.05023295376417135,2.544719696044922,15,0.20139339566230774,0.20006972551345825,19.52361488342285,80.28722188176435,8911.51171875,4,4,1.0,1.0,1.0,1.0,barrier,well_bound,untouched_id
ID_test,eaa48c5b25012413819c2808,gaussian_barrier,truncated_line,6,1.0,inf,6,1.0,1.0,0.7201646512982182,0.031871249703566897,1.3565808996659436,0.0641833434723507,0.026523812043933895,2.2400569915771484,14,0.2236928790807724,0.22299940884113312,12.42076301574707,60.39346274112404,3542.225830078125,4,4,1.0,1.0,1.0,1.0,barrier,well_bound,untouched_id
ID_test,eaa48c5b25012413819c2808,gaussian_barrier,truncated_line,7,1.0,inf,7,1.0,1.0,0.7127300021974057,0.03154222555954198,1.393090977837696,0.06866846645769112,0.013274603546228362,1.9726810455322266,12,0.2524252235889435,0.2513454556465149,9.360306739807129,44.5226929262421,1683.7188720703125,4,4,1.0,1.0,0.0,1.0,barrier,well_bound,untouched_id
ID_test,eaa48c5b25012413819c2808,gaussian_barrier,truncated_line,8,1.0,inf,8,1.0,1.0,0.7803607111628388,0.034535256679829505,1.5665406964628072,0.06561318177423989,0.006887258030429306,1.856027603149414,11,0.2721864581108093,0.2713893949985504,6.546122074127197,32.11075402046408,643.7289428710938,4,4,1.0,1.0,0.0,1.0,barrier,well_bound,untouched_id
ID_test,eaa48c5b25012413819c2808,gaussian_barrier,truncated_line,9,1.0,inf,9,1.0,1.0,0.7255908053162025,0.032111386885148134,1.6109745544713974,0.07893443685693481,0.004139111074506471,1.6649656295776367,10,0.28943029046058655,0.2884647250175476,5.659636497497559,26.75568554891477,407.30340576171875,4,4,1.0,1.0,1.0,1.0,barrier,well_bound,untouched_id
ID_test,eaa48c5b25012413819c2808,gaussian_barrier,truncated_line,10,1.0,inf,10,1.0,1.0,0.7640231469786187,0.03381222954051535,1.7459541183436356,0.0720492518805854,0.003183148053297444,1.5436954498291016,10,0.3084430694580078,0.3067612648010254,4.128419876098633,18.007356082795322,148.91738891601562,4,4,1.0,1.0,1.0,1.0,barrier,well_bound,untouched_id
ID_test,eecfad2773efbdee96dbbb78,gaussian_barrier,truncated_line,0,1.0,inf,0,1.0,1.0,0.0,0.0,0.0,0.0,1.0,24.0,128,0.053654126822948456,0.053237807005643845,43.41775894165039,109.94298370762044,24597.880859375,4,4,1.0,1.0,0.0,1.0,barrier,well_bound,untouched_id
ID_test,eecfad2773efbdee96dbbb78,gaussian_barrier,truncated_line,1,1.0,inf,1,1.0,1.0,1.6255765787790408,0.0677323574491267,1.6255765787790408,0.7013357993745439,0.12007155257761491,10.8803071975708,57,0.09529630839824677,0.09488167613744736,44.74470520019531,119.74441433931042,26870.423828125,4,4,1.0,1.0,0.0,1.0,barrier,well_bound,untouched_id
ID_test,eecfad2773efbdee96dbbb78,gaussian_barrier,truncated_line,2,1.0,inf,2,1.0,1.0,0.12867023826623836,0.0053612599277599315,0.19939866989581967,0.1465014892796014,0.2049495850271531,4.92426872253418,31,0.1284077912569046,0.12745773792266846,42.33684158325195,117.93654748030485,26469.25390625,4,4,1.0,1.0,1.0,1.0,barrier,well_bound,untouched_id
ID_test,eecfad2773efbdee96dbbb78,gaussian_barrier,truncated_line,3,1.0,inf,3,1.0,1.0,0.5614302811207569,0.023392928380031538,1.4550687345639135,0.1402647279512846,0.148872571993092,3.370123863220215,21,0.15793485939502716,0.15657462179660797,38.41796112060547,120.85487416684838,23999.28125,4,4,1.0,1.0,1.0,1.0,barrier,well_bound,untouched_id
ID_test,eecfad2773efbdee96dbbb78,gaussian_barrier,truncated_line,4,1.0,inf,4,1.0,1.0,0.8545829178388976,0.035607621576620736,1.6449914292526353,0.24079496769264522,0.09183776606199981,2.901155471801758,17,0.18334272503852844,0.18209679424762726,32.55986022949219,116.10833879317609,19551.533203125,4,4,1.0,1.0,1.0,1.0,barrier,well_bound,untouched_id
ID_test,eecfad2773efbdee96dbbb78,gaussian_barrier,truncated_line,5,1.0,inf,5,1.0,1.0,0.6029723544555757,0.025123848102315657,1.2297937404649564,0.1331994147023806,0.058156192591626424,2.5981616973876953,15,0.2097523957490921,0.20818211138248444,22.37544822692871,91.54869037516926,11297.49609375,4,4,1.0,1.0,0.0,1.0,barrier,well_bound,untouched_id
ID_test,eecfad2773efbdee96dbbb78,gaussian_barrier,truncated_line,6,1.0,inf,6,1.0,1.0,0.7913820661516547,0.03297425275631895,1.3125503876356144,0.1396100259013577,0.03166876253496263,2.3054819107055664,14,0.23024806380271912,0.2294219434261322,14.66656494140625,70.12757138578613,5091.912109375,4,4,1.0,1.0,0.0,1.0,barrier,well_bound,untouched_id
ID_test,eecfad2773efbdee96dbbb78,gaussian_barrier,truncated_line,7,1.0,inf,7,1.0,1.0,0.6298135196652238,0.026242229986050993,1.1759011337966063,0.09863466491872712,0.01648475792402265,2.041881561279297,12,0.2590300440788269,0.2578899562358856,10.594740867614746,51.47394865539295,2303.87109375,4,4,1.0,1.0,0.0,1.0,barrier,well_bound,untouched_id
ID_test,eecfad2773efbdee96dbbb78,gaussian_barrier,truncated_line,8,1.0,inf,8,1.0,1.0,0.7876285070358122,0.03281785445982551,1.4558924600366865,0.08489353952966554,0.008564947161629166,1.9089574813842773,11,0.2778978943824768,0.27706316113471985,6.961989402770996,35.24287311216037,756.5437622070312,4,4,1.0,1.0,0.0,1.0,barrier,well_bound,untouched_id
ID_test,eecfad2773efbdee96dbbb78,gaussian_barrier,truncated_line,9,1.0,inf,9,1.0,1.0,0.6834771549470321,0.02847821478945967,1.5929802196885001,0.08068526415951545,0.005248155792793782,1.6869640350341797,10,0.30427947640419006,0.303499311208725,6.220091819763184,30.047574381355254,538.466796875,4,4,1.0,1.0,1.0,1.0,barrier,well_bound,untouched_id
ID_test,eecfad2773efbdee96dbbb78,gaussian_barrier,truncated_line,10,1.0,inf,10,1.0,1.0,0.7694145274485209,0.03205893864368837,1.7174213053185587,0.07524393488656904,0.0038512439104036564,1.5704727172851562,9,0.3242890238761902,0.32243359088897705,4.362450122833252,19.250303608359296,175.91038513183594,4,4,1.0,1.0,1.0,1.0,barrier,well_bound,untouched_id
ID_test,8c0619156910f432b37313e6,gaussian_barrier,truncated_line,0,1.0,inf,0,1.0,1.0,0.0,0.0,0.0,0.0,1.0,21.7250316255317,128,0.05486930534243584,0.054580207914114,47.36015701293945,94.44795781403357,29502.4140625,4,4,1.0,1.0,0.0,1.0,barrier,well_bound,untouched_id
ID_test,8c0619156910f432b37313e6,gaussian_barrier,truncated_line,1,1.0,inf,1,1.0,1.0,0.5959142698369573,0.027429845908101082,0.5959142698369573,0.028298512664701958,0.3319964461228898,10.190505299137747,59,0.09605412930250168,0.09577519446611404,47.002647399902344,104.34688776690169,29463.244140625,4,4,1.0,1.0,0.0,1.0,barrier,well_bound,untouched_id
ID_test,8c0619156910f432b37313e6,gaussian_barrier,truncated_line,2,1.0,inf,2,1.0,1.0,1.053868097742181,0.04850939303138477,1.94723037463426,0.2352470777123287,0.12179193110800268,3.6569509506225586,26,0.12758873403072357,0.12710565328598022,44.033424377441406,103.98792508615111,28085.8984375,4,4,1.0,1.0,0.0,1.0,barrier,well_bound,untouched_id
ID_test,8c0619156910f432b37313e6,gaussian_barrier,truncated_line,3,1.0,inf,3,1.0,1.0,0.7737895545851675,0.03561741901796793,1.1793185334724894,0.16410206717962433,0.10848954931096688,2.9922399520874023,21,0.15339958667755127,0.15280169248580933,39.66062545776367,109.22854317446948,25042.841796875,4,4,1.0,1.0,0.0,1.0,barrier,well_bound,untouched_id
ID_test,8c0619156910f432b37313e6,gaussian_barrier,truncated_line,4,1.0,inf,4,1.0,1.0,0.7104744760548448,0.03270303529592476,1.28117964445488,0.10969909185907764,0.0690440090986214,2.619978427886963,17,0.17964540421962738,0.17901022732257843,33.508750915527344,106.04354487616087,20307.771484375,4,4,1.0,1.0,0.0,1.0,barrier,well_bound,untouched_id
ID_test,8c0619156910f432b37313e6,gaussian_barrier,truncated_line,5,1.0,inf,5,1.0,1.0,0.8745484192037332,0.040255334688486535,1.4655321422015852,0.14874402866557215,0.04386412107239468,2.305964469909668,16,0.20515410602092743,0.20413844287395477,21.905797958374023,85.08507426979742,10871.662109375,4,4,1.0,1.0,0.0,1.0,barrier,well_bound,untouched_id
ID_test,8c0619156910f432b37313e6,gaussian_barrier,truncated_line,6,1.0,inf,6,1.0,1.0,0.794224596773106,0.03655804099450503,1.261731870491718,0.0641721917751568,0.02677689709067297,2.078268051147461,14,0.22714251279830933,0.22605516016483307,15.103601455688477,65.92816194149827,5406.05078125,4,4,1.0,1.0,1.0,1.0,barrier,well_bound,untouched_id
ID_test,8c0619156910f432b37313e6,gaussian_barrier,truncated_line,7,1.0,inf,7,1.0,1.0,0.7878552822529541,0.036264862386991906,1.2671199966110276,0.07856647738672767,0.012559340389947216,1.8503389358520508,12,0.2556740939617157,0.25492843985557556,10.947964668273926,48.41210887338967,2503.2783203125,4,4,1.0,1.0,0.0,1.0,barrier,well_bound,untouched_id
ID_test,8c0619156910f432b37313e6,gaussian_barrier,truncated_line,8,1.0,inf,8,1.0,1.0,0.841593684974411,0.038738433134677376,1.4936115805710886,0.06798903979163934,0.007125166190094554,1.698054313659668,12,0.27525031566619873,0.2742884159088135,7.190456867218018,33.83337047450792,831.8248291015625,4,4,1.0,1.0,0.0,1.0,barrier,well_bound,untouched_id
ID_test,8c0619156910f432b37313e6,gaussian_barrier,truncated_line,9,1.0,inf,9,1.0,1.0,0.7403420965475851,0.03407783745997037,1.5739449893015491,0.09370275248664242,0.0038609996810445198,1.431283950805664,10,0.31075939536094666,0.3097250163555145,6.6125664710998535,29.466591185981905,641.4572143554688,4,4,1.0,1.0,1.0,1.0,barrier,well_bound,untouched_id
ID_test,8c0619156910f432b37313e6,gaussian_barrier,truncated_line,10,1.0,inf,10,1.0,1.0,0.7676275005851366,0.035333780581612836,1.641612254398205,0.08761012307604775,0.002898418523095263,1.365647315979004,9,0.32870110869407654,0.3275546133518219,4.762609004974365,19.274880653386326,229.9376678466797,4,4,1.0,1.0,1.0,1.0,barrier,well_bound,untouched_id
ID_test,dbb236b5824a47e4bf2d4c66,gaussian_barrier,truncated_line,0,1.0,inf,0,1.0,1.0,0.0,0.0,0.0,0.0,1.0,22.988900599057168,128,0.04362361133098602,0.04330253228545189,40.74920654296875,99.06790465006416,20604.697265625,4,4,1.0,1.0,0.0,1.0,barrier,well_bound,untouched_id
ID_test,dbb236b5824a47e4bf2d4c66,gaussian_barrier,truncated_line,1,1.0,inf,1,1.0,1.0,1.2744745086145821,0.055438688906543514,1.2744745086145821,0.4763753741362361,0.4596252057537309,11.24557876586914,62,0.08270688354969025,0.08212196826934814,43.29253005981445,111.84498430064508,24666.4609375,4,4,1.0,1.0,0.0,1.0,barrier,well_bound,untouched_id
ID_test,dbb236b5824a47e4bf2d4c66,gaussian_barrier,truncated_line,2,1.0,inf,2,1.0,1.0,0.06409465052531671,0.0027880694098066346,0.08144362732557475,0.11757064170335974,0.2648631453204465,4.302206039428711,29,0.11691107600927353,0.11637858301401138,41.98469543457031,107.20126727840551,25786.4609375,4,4,1.0,1.0,0.0,1.0,barrier,well_bound,untouched_id
ID_test,dbb236b5824a47e4bf2d4c66,gaussian_barrier,truncated_line,3,1.0,inf,3,1.0,1.0,0.6027271919919415,0.02621818252659985,0.666011771114607,0.1285774379424517,0.14453434789699468,3.4135584831237793,22,0.14537538588047028,0.14496156573295593,37.85422897338867,109.96291189991788,23268.201171875,4,4,1.0,1.0,1.0,1.0,barrier,well_bound,untouched_id
ID_test,dbb236b5824a47e4bf2d4c66,gaussian_barrier,truncated_line,4,1.0,inf,4,1.0,1.0,0.5592987329352002,0.024329077005019475,0.9976275066270244,0.0993371745910527,0.08291786167241842,2.8914146423339844,18,0.17391638457775116,0.17306247353553772,31.477773666381836,103.83517326171611,18520.482421875,4,4,1.0,1.0,1.0,1.0,barrier,well_bound,untouched_id
ID_test,dbb236b5824a47e4bf2d4c66,gaussian_barrier,truncated_line,5,1.0,inf,5,1.0,1.0,0.7349356915402594,0.031969153477935386,1.2520116210178607,0.07779647513834331,0.047007262660546334,2.561772346496582,16,0.20054008066654205,0.1999070793390274,20.159713745117188,80.90488977399107,9414.521484375,4,4,1.0,1.0,1.0,1.0,barrier,well_bound,untouched_id
ID_test,dbb236b5824a47e4bf2d4c66,gaussian_barrier,truncated_line,6,1.0,inf,6,1.0,1.0,0.7776488084306035,0.033827142149742334,1.4351403719626123,0.0672144560626128,0.02615446412747724,2.2587499618530273,14,0.22428207099437714,0.22310754656791687,13.913514137268066,61.39447365127985,4550.98828125,4,4,1.0,1.0,1.0,1.0,barrier,well_bound,untouched_id
ID_test,dbb236b5824a47e4bf2d4c66,gaussian_barrier,truncated_line,7,1.0,inf,7,1.0,1.0,0.7610815124018321,0.03310647715067531,1.4116935521312328,0.07112667522900412,0.011840707639178882,1.9938468933105469,12,0.2528596520423889,0.2520768642425537,10.237786293029785,45.20936642517434,2122.40283203125,4,4,1.0,1.0,0.0,1.0,barrier,well_bound,untouched_id
ID_test,dbb236b5824a47e4bf2d4c66,gaussian_barrier,truncated_line,8,1.0,inf,8,1.0,1.0,0.8277695093998269,0.03600735519443569,1.6094651648398006,0.06852080000730039,0.007353695890760847,1.8497896194458008,11,0.27282264828681946,0.27189138531684875,6.886117935180664,32.41489995176748,740.8834838867188,4,4,1.0,1.0,0.0,1.0,barrier,well_bound,untouched_id
ID_test,dbb236b5824a47e4bf2d4c66,gaussian_barrier,truncated_line,9,1.0,inf,9,1.0,1.0,0.7748146593692652,0.033703858783096494,1.7447553485041958,0.0833709120499458,0.004116663970822887,1.6501493453979492,10,0.2938569486141205,0.2923136055469513,5.91304349899292,27.310876322107042,464.0079650878906,4,4,1.0,1.0,1.0,1.0,barrier,well_bound,untouched_id
ID_test,dbb236b5824a47e4bf2d4c66,gaussian_barrier,truncated_line,10,1.0,inf,10,1.0,1.0,0.7945777982690987,0.03456354055929436,1.802396212206852,0.0763913215310563,0.003260552034043851,1.5336332321166992,10,0.3124782145023346,0.31069034337997437,4.3793840408325195,18.21753012403336,177.98101806640625,4,4,1.0,1.0,1.0,1.0,barrier,well_bound,untouched_id
ID_test,4aa38b4c8cf5eac47085107f,gaussian_barrier,truncated_line,0,1.0,inf,0,1.0,1.0,0.0,0.0,0.0,0.0,1.0,21.57381305713696,128,0.04400120675563812,0.043723199516534805,41.77980422973633,108.86461709748257,22080.388671875,4,4,1.0,1.0,0.0,1.0,barrier,well_bound,untouched_id
ID_test,4aa38b4c8cf5eac47085107f,gaussian_barrier,truncated_line,1,1.0,inf,1,1.0,1.0,1.4197851237321315,0.06581057877770216,1.4197851237321315,0.5488866155954792,0.3632866107104503,10.454718989118422,62,0.08303457498550415,0.08258174359798431,43.785797119140625,120.89988248389795,25514.142578125,4,4,1.0,1.0,1.0,1.0,barrier,well_bound,untouched_id
ID_test,4aa38b4c8cf5eac47085107f,gaussian_barrier,truncated_line,2,1.0,inf,2,1.0,1.0,0.1438160884917461,0.006666234110347473,0.17676490220101515,0.10584119755940234,0.24155164568037976,4.165498733520508,30,0.11687203496694565,0.11593718081712723,41.83430099487305,114.33793912712648,25821.228515625,4,4,1.0,1.0,0.0,1.0,barrier,well_bound,untouched_id
ID_test,4aa38b4c8cf5eac47085107f,gaussian_barrier,truncated_line,3,1.0,inf,3,1.0,1.0,0.48831908927468914,0.022634806743777984,0.5152944865533245,0.13592073368386276,0.13908088732354676,3.22934627532959,23,0.1477872133255005,0.14658279716968536,37.7534065246582,114.60709917183436,23444.98828125,4,4,1.0,1.0,1.0,1.0,barrier,well_bound,untouched_id
ID_test,4aa38b4c8cf5eac47085107f,gaussian_barrier,truncated_line,4,1.0,inf,4,1.0,1.0,0.48571218951796363,0.022513970443314022,0.8495496199354076,0.09024723226411008,0.08499960706207568,2.719921112060547,18,0.17514383792877197,0.17394864559173584,30.910640716552734,105.89167251422178,18204.376953125,4,4,1.0,1.0,1.0,1.0,barrier,well_bound,untouched_id
ID_test,4aa38b4c8cf5eac47085107f,gaussian_barrier,truncated_line,5,1.0,inf,5,1.0,1.0,0.635386089978384,0.02945172873685341,1.0926391728994016,0.07214024385123145,0.05153074035768731,2.404881477355957,16,0.2024618685245514,0.2009822428226471,19.660614013671875,82.20836566173608,9037.837890625,4,4,1.0,1.0,1.0,1.0,barrier,well_bound,untouched_id
ID_test,4aa38b4c8cf5eac47085107f,gaussian_barrier,truncated_line,6,1.0,inf,6,1.0,1.0,0.6926856367087458,0.03210770552587107,1.2644964318802674,0.061834015572494495,0.027666657195746618,2.1203718185424805,14,0.224771648645401,0.22396336495876312,13.529133796691895,61.5171339519005,4292.333984375,4,4,1.0,1.0,1.0,1.0,barrier,well_bound,untouched_id
ID_test,4aa38b4c8cf5eac47085107f,gaussian_barrier,truncated_line,7,1.0,inf,7,1.0,1.0,0.6866604716502531,0.031828424109899986,1.276839283225704,0.06597152260488795,0.013374215596974603,1.8654651641845703,12,0.25392624735832214,0.25270140171051025,10.02592945098877,45.29598248985903,2013.52294921875,4,4,1.0,1.0,0.0,1.0,barrier,well_bound,untouched_id
ID_test,4aa38b4c8cf5eac47085107f,gaussian_barrier,truncated_line,8,1.0,inf,8,1.0,1.0,0.7482914602345676,0.03468517402337557,1.4337949520673758,0.06375900698587023,0.007231687340437136,1.749826431274414,12,0.2739020884037018,0.2728578746318817,6.850584030151367,32.589053309705015,732.5551147460938,4,4,1.0,1.0,0.0,1.0,barrier,well_bound,untouched_id
ID_test,4aa38b4c8cf5eac47085107f,gaussian_barrier,truncated_line,9,1.0,inf,9,1.0,1.0,0.6973695952260767,0.03232481867619483,1.5551548931976873,0.07768617234616368,0.004223737915711725,1.5538139343261719,11,0.29464155435562134,0.2937374711036682,5.846047401428223,27.38656954111144,449.7325439453125,4,4,1.0,1.0,1.0,1.0,barrier,well_bound,untouched_id
ID_test,4aa38b4c8cf5eac47085107f,gaussian_barrier,truncated_line,10,1.0,inf,10,1.0,1.0,0.7376899165936062,0.03419376605516505,1.6194612370597836,0.07163688499893489,0.003190333536146751,1.4412212371826172,10,0.3142310678958893,0.31254804134368896,4.375905990600586,18.505643410688815,178.0755615234375,4,4,1.0,1.0,1.0,1.0,barrier,well_bound,untouched_id
ID_test,eb0f368bf04a69bbdccb4786,localized_defect,truncated_line,0,1.0,inf,0,1.0,1.0,0.0,0.0,0.0,0.0,1.0,22.845592240093584,256,0.029607871547341347,0.028938019648194313,51.73212814331055,103.73548238200826,34065.22265625,4,4,1.0,1.0,0.0,1.0,localized_defect,well_bound,untouched_id
ID_test,eb0f368bf04a69bbdccb4786,localized_defect,truncated_line,1,1.0,inf,1,1.0,1.0,1.7031517156816327,0.07455056090393812,1.7031517156816327,0.4321076588275008,0.38398062164210434,11.385124901531572,127,0.05148104950785637,0.05036225542426109,51.45917892456055,103.16411218224825,33718.87890625,4,4,1.0,1.0,0.0,1.0,localized_defect,well_bound,untouched_id
ID_test,eb0f368bf04a69bbdccb4786,localized_defect,truncated_line,2,1.0,inf,2,1.0,1.0,0.5479679323667955,0.02398571797167605,0.9811862025560045,0.21642666153927367,0.22141191714878572,3.723255157470703,50,0.0666717067360878,0.065720334649086,50.02771759033203,104.30306883177172,32780.48828125,4,4,1.0,1.0,0.0,1.0,localized_defect,well_bound,untouched_id
ID_test,eb0f368bf04a69bbdccb4786,localized_defect,truncated_line,3,1.0,inf,3,1.0,1.0,0.6514975149732067,0.0285174272623951,1.0287895818501807,0.14526655740552402,0.12854782967277398,3.0683298110961914,41,0.07953892648220062,0.07856015115976334,47.84978485107422,112.4473855325023,31349.150390625,4,4,1.0,1.0,0.0,1.0,localized_defect,well_bound,untouched_id
ID_test,eb0f368bf04a69bbdccb4786,localized_defect,truncated_line,4,1.0,inf,4,1.0,1.0,0.877578726563865,0.038413481136362525,1.4418917831154725,0.13798718874412183,0.06917875143056963,2.6921987533569336,35,0.0913352444767952,0.09046463668346405,43.378963470458984,115.0791434451267,28023.841796875,4,4,1.0,1.0,0.0,1.0,localized_defect,well_bound,untouched_id
ID_test,eb0f368bf04a69bbdccb4786,localized_defect,truncated_line,5,1.0,inf,5,1.0,1.0,0.8876782139275763,0.038855557106973033,1.5208811136314648,0.066735587538388,0.040148779176991424,2.399770736694336,31,0.10331675410270691,0.10281278192996979,34.31904602050781,103.16800149406441,21047.662109375,4,4,1.0,1.0,1.0,1.0,localized_defect,well_bound,untouched_id
ID_test,eb0f368bf04a69bbdccb4786,localized_defect,truncated_line,6,1.0,inf,6,1.0,1.0,0.9182313083785233,0.040192930816958405,1.5846778939587685,0.07939803232095761,0.027580579813665,2.15423583984375,28,0.11340822279453278,0.11314983665943146,26.0206298828125,92.73486310902607,14359.9541015625,4,4,1.0,1.0,1.0,1.0,localized_defect,well_bound,untouched_id
ID_test,eb0f368bf04a69bbdccb4786,localized_defect,truncated_line,7,1.0,inf,7,1.0,1.0,0.9118985293692136,0.03991573165561665,1.6640196833672287,0.08455418260038833,0.014729937055970506,1.9296660423278809,25,0.12815481424331665,0.12591113150119781,17.981470108032227,69.22524495827118,7466.6494140625,4,4,1.0,1.0,0.0,1.0,localized_defect,well_bound,untouched_id
ID_test,eb0f368bf04a69bbdccb4786,localized_defect,truncated_line,8,1.0,inf,8,1.0,1.0,0.9329036622162434,0.0408351708466115,1.7714098219373229,0.07434599695968992,0.007217402471978375,1.7636690139770508,23,0.14103026688098907,0.13553708791732788,10.858551979064941,47.41307460194591,2472.57666015625,4,4,1.0,1.0,0.0,1.0,localized_defect,well_bound,untouched_id
ID_test,eb0f368bf04a69bbdccb4786,localized_defect,truncated_line,9,1.0,inf,9,1.0,1.0,0.7976348005278387,0.03491416603015459,1.7250172216150474,0.10914471628075065,0.0033187539030364796,1.4655332565307617,19,0.17300072312355042,0.15940353274345398,9.505663871765137,41.30574401848999,1729.5601806640625,4,4,1.0,1.0,0.0,1.0,localized_defect,well_bound,untouched_id
ID_test,eb0f368bf04a69bbdccb4786,localized_defect,truncated_line,10,1.0,inf,10,1.0,1.0,0.8117008989784835,0.035529868976386776,1.8511294446031687,0.09543942400481022,0.0027078795049246722,1.3980884552001953,19,0.18090404570102692,0.16762663424015045,6.461277961730957,27.29301575956336,584.0659790039062,4,4,1.0,1.0,1.0,1.0,localized_defect,well_bound,untouched_id
ID_test,28855a5d3a96a8718654d4c6,localized_defect,truncated_line,0,1.0,inf,0,1.0,1.0,0.0,0.0,0.0,0.0,1.0,20.84463150915121,128,0.056693997234106064,0.0556589737534523,49.25947189331055,93.4063022642757,31869.396484375,4,4,1.0,1.0,0.0,1.0,localized_defect,well_bound,untouched_id
ID_test,28855a5d3a96a8718654d4c6,localized_defect,truncated_line,1,1.0,inf,1,1.0,1.0,0.6380605633860165,0.030610306692439977,0.6380605633860165,0.4487883677134211,0.4352995077450222,10.218378646074262,62,0.0996784195303917,0.09812839329242706,48.52918243408203,96.42095220162508,31290.240234375,4,4,1.0,1.0,0.0,1.0,localized_defect,well_bound,untouched_id
ID_test,28855a5d3a96a8718654d4c6,localized_defect,truncated_line,2,1.0,inf,2,1.0,1.0,0.5881080286053768,0.028213884632462112,0.6262924767738378,0.19079120640293953,0.20327773250123232,3.33221435546875,25,0.13081605732440948,0.12949007749557495,45.07231521606445,93.83287337932842,29140.7109375,4,4,1.0,1.0,0.0,1.0,localized_defect,well_bound,untouched_id
ID_test,28855a5d3a96a8718654d4c6,localized_defect,truncated_line,3,1.0,inf,3,1.0,1.0,0.8385122711352094,0.040226773534810904,1.2095477077374726,0.17529437600243947,0.10094908893381768,2.7800941467285156,20,0.1570824831724167,0.15593184530735016,41.016517639160156,98.58830716065015,26351.58203125,4,4,1.0,1.0,0.0,1.0,localized_defect,well_bound,untouched_id
ID_test,28855a5d3a96a8718654d4c6,localized_defect,truncated_line,4,1.0,inf,4,1.0,1.0,0.7872494505638795,0.037767491846438316,1.23088094172922,0.10755298101066335,0.05940707404083407,2.4191932678222656,17,0.1817089468240738,0.18035627901554108,34.76348876953125,99.67778402926395,21461.25,4,4,1.0,1.0,0.0,1.0,localized_defect,well_bound,untouched_id
ID_test,28855a5d3a96a8718654d4c6,localized_defect,truncated_line,5,1.0,inf,5,1.0,1.0,0.8573311599890108,0.0411295905908735,1.3530556298138756,0.09463514510546982,0.034618783223403844,2.1485538482666016,15,0.20822665095329285,0.2057952880859375,22.908233642578125,81.94113269007427,11748.7587890625,4,4,1.0,1.0,1.0,1.0,localized_defect,well_bound,untouched_id
ID_test,28855a5d3a96a8718654d4c6,localized_defect,truncated_line,6,1.0,inf,6,1.0,1.0,0.9100118118285527,0.043656891292563234,1.4847618206682305,0.07809592792173882,0.01962753799835853,1.9577131271362305,14,0.2275911122560501,0.2257404923439026,16.213735580444336,66.55965731567872,6251.71826171875,4,4,1.0,1.0,1.0,1.0,localized_defect,well_bound,untouched_id
ID_test,28855a5d3a96a8718654d4c6,localized_defect,truncated_line,7,1.0,inf,7,1.0,1.0,0.850704774963761,0.04081169650757724,1.4277723077981124,0.08389262261006004,0.01011996414125882,1.753859519958496,13,0.25339746475219727,0.2512938678264618,11.82062816619873,49.88247111817061,3008.248779296875,4,4,1.0,1.0,0.0,1.0,localized_defect,well_bound,untouched_id
ID_test,28855a5d3a96a8718654d4c6,localized_defect,truncated_line,8,1.0,inf,8,1.0,1.0,0.9013319428457107,0.04324048340456429,1.5607764150565568,0.08105486087685802,0.005935473985117558,1.6112346649169922,12,0.27147191762924194,0.2697368264198303,7.8766045570373535,35.46279477441591,1068.62890625,4,4,1.0,1.0,0.0,1.0,localized_defect,well_bound,untouched_id
ID_test,28855a5d3a96a8718654d4c6,localized_defect,truncated_line,9,1.0,inf,9,1.0,1.0,0.7454277656120392,0.035761139038835085,1.5923706867324539,0.10478198074382435,0.0030980875893276993,1.3239593505859375,10,0.33063167333602905,0.31757092475891113,7.503821849822998,32.743450917304564,916.6331787109375,4,4,1.0,1.0,1.0,1.0,localized_defect,well_bound,untouched_id
ID_test,28855a5d3a96a8718654d4c6,localized_defect,truncated_line,10,1.0,inf,10,1.0,1.0,0.778701210762464,0.03735739873456619,1.6173237510324636,0.0969557944756855,0.0025415923074523445,1.2630090713500977,9,0.34688901901245117,0.335612416267395,5.3358473777771,21.542213907839482,325.62872314453125,4,4,1.0,1.0,1.0,1.0,localized_defect,well_bound,untouched_id
ID_test,da93b664b6d9fc82b9722a72,localized_defect,truncated_line,0,1.0,inf,0,1.0,1.0,0.0,0.0,0.0,0.0,1.0,20.813491527244405,256,0.03597111999988556,0.035686228424310684,51.6820068359375,102.02547371865137,34024.8828125,4,4,1.0,1.0,0.0,1.0,localized_defect,well_bound,untouched_id
ID_test,da93b664b6d9fc82b9722a72,localized_defect,truncated_line,1,1.0,inf,1,1.0,1.0,0.41798141022688884,0.02008223414508615,0.41798141022688884,0.09509172816746905,0.40890419735344663,10.20905595585714,125,0.05985502526164055,0.05946404114365578,51.57977294921875,90.86419377560075,33811.31640625,4,4,1.0,1.0,0.0,1.0,localized_defect,well_bound,untouched_id
ID_test,da93b664b6d9fc82b9722a72,localized_defect,truncated_line,2,1.0,inf,2,1.0,1.0,0.986817975599445,0.04741241873367195,1.4500878135577722,0.13362466056794406,0.16409498627425723,2.9215927124023438,43,0.07399622350931168,0.07347111403942108,50.3276481628418,92.07029692615527,32953.1015625,4,4,1.0,1.0,0.0,1.0,localized_defect,well_bound,untouched_id
ID_test,da93b664b6d9fc82b9722a72,localized_defect,truncated_line,3,1.0,inf,3,1.0,1.0,1.1767202463279636,0.05653641748611291,1.9106845994769628,0.10518330109359542,0.09100780593616704,2.546389579772949,37,0.08490074425935745,0.08446762710809708,48.40098571777344,100.667865590226,31695.447265625,4,4,1.0,1.0,0.0,1.0,localized_defect,well_bound,untouched_id
ID_test,da93b664b6d9fc82b9722a72,localized_defect,truncated_line,4,1.0,inf,4,1.0,1.0,1.2059686346852752,0.057941678507264796,1.7494963819376077,0.09259497926081169,0.05275639851806527,2.26943302154541,33,0.09505316615104675,0.09463465213775635,44.5162467956543,106.19293070046925,28781.833984375,4,4,1.0,1.0,0.0,1.0,localized_defect,well_bound,untouched_id
ID_test,da93b664b6d9fc82b9722a72,localized_defect,truncated_line,5,1.0,inf,5,1.0,1.0,1.192176691797331,0.05727903414171514,1.7192088836144719,0.09006652508453204,0.03178679595766004,2.036036491394043,30,0.10539021342992783,0.10516185313463211,36.24457550048828,97.41546193360304,22464.75390625,4,4,1.0,1.0,1.0,1.0,localized_defect,well_bound,untouched_id
ID_test,da93b664b6d9fc82b9722a72,localized_defect,truncated_line,6,1.0,inf,6,1.0,1.0,1.1874001492499406,0.05704954152914036,1.7403202016019828,0.08661094979896378,0.022546443111582937,1.8851909637451172,27,0.1142222136259079,0.1139594092965126,28.064315795898438,89.9940101489955,15992.4970703125,4,4,1.0,1.0,1.0,1.0,localized_defect,well_bound,untouched_id
ID_test,da93b664b6d9fc82b9722a72,localized_defect,truncated_line,7,1.0,inf,7,1.0,1.0,1.1127417176641958,0.05346252051020086,1.683018376674669,0.08964380585036989,0.011626750363977978,1.6738414764404297,25,0.12749718129634857,0.1270970106124878,19.583553314208984,68.86207373374529,8736.962890625,4,4,1.0,1.0,0.0,1.0,localized_defect,well_bound,untouched_id
ID_test,da93b664b6d9fc82b9722a72,localized_defect,truncated_line,8,1.0,inf,8,1.0,1.0,1.1091915317236805,0.05329194913173376,1.7559778142270774,0.08927990604597283,0.006487653134626572,1.5321617126464844,23,0.14137911796569824,0.14034181833267212,11.910337448120117,47.28343654173469,3077.74560546875,4,4,1.0,1.0,0.0,1.0,localized_defect,well_bound,untouched_id
ID_test,da93b664b6d9fc82b9722a72,localized_defect,truncated_line,9,1.0,inf,9,1.0,1.0,0.899702251197525,0.04322687762501714,1.7001600032128863,0.1260533972630607,0.0025546316775653098,1.1701278686523438,17,0.18206098675727844,0.17983055114746094,10.899209022521973,41.83993778122973,2424.20654296875,4,4,1.0,1.0,1.0,1.0,localized_defect,well_bound,untouched_id
ID_test,da93b664b6d9fc82b9722a72,localized_defect,truncated_line,10,1.0,inf,10,1.0,1.0,0.8906160358254176,0.042790323510095395,1.7125688079796682,0.1162857908672664,0.0020116752170783905,1.1208791732788086,17,0.19253979623317719,0.18982575833797455,7.299169063568115,27.437444972057975,814.337158203125,4,4,1.0,1.0,1.0,1.0,localized_defect,well_bound,untouched_id
ID_test,0e16aa23aa1ffc156edf6b60,localized_defect,truncated_line,0,1.0,inf,0,1.0,1.0,0.0,0.0,0.0,0.0,1.0,20.795921164160738,256,0.03373859077692032,0.03346346691250801,51.74433898925781,90.23905619822274,34035.58984375,4,4,1.0,1.0,0.0,1.0,localized_defect,well_bound,untouched_id
ID_test,0e16aa23aa1ffc156edf6b60,localized_defect,truncated_line,1,1.0,inf,1,1.0,1.0,0.5545230082249446,0.026664988958536643,0.5545230082249446,0.13986616101013305,0.39033630988004003,10.20333134299428,125,0.05579855293035507,0.05546814203262329,51.600250244140625,93.2771881269179,33810.828125,4,4,1.0,1.0,0.0,1.0,localized_defect,well_bound,untouched_id
ID_test,0e16aa23aa1ffc156edf6b60,localized_defect,truncated_line,2,1.0,inf,2,1.0,1.0,1.0492678574100345,0.05045546427721226,1.5263797662322012,0.21132366682010853,0.1914718653591772,3.1084651947021484,46,0.06957797706127167,0.06922800093889236,50.31277847290039,98.1295026977484,32906.18359375,4,4,1.0,1.0,0.0,1.0,localized_defect,well_bound,untouched_id
ID_test,0e16aa23aa1ffc156edf6b60,localized_defect,truncated_line,3,1.0,inf,3,1.0,1.0,1.0383297366291202,0.049929489943371985,1.4059837169868854,0.12578575054447771,0.10408063951162666,2.656097412109375,39,0.08137588202953339,0.08108901232481003,48.424461364746094,106.76362367243523,31688.67578125,4,4,1.0,1.0,0.0,1.0,localized_defect,well_bound,untouched_id
ID_test,0e16aa23aa1ffc156edf6b60,localized_defect,truncated_line,4,1.0,inf,4,1.0,1.0,1.1106955662161986,0.05340929874894643,1.5653377064994936,0.08815280664190761,0.0637942069869171,2.3443450927734375,34,0.09193960577249527,0.091761015355587,44.422088623046875,110.66299926507982,28663.119140625,4,4,1.0,1.0,0.0,1.0,localized_defect,well_bound,untouched_id
ID_test,0e16aa23aa1ffc156edf6b60,localized_defect,truncated_line,5,1.0,inf,5,1.0,1.0,1.0542892413879368,0.050696924318258965,1.5024388697199234,0.08012113497644953,0.03788931933784251,2.0786523818969727,30,0.10376166552305222,0.10347067564725876,36.361289978027344,100.52979687745028,22576.2734375,4,4,1.0,1.0,1.0,1.0,localized_defect,well_bound,untouched_id
ID_test,0e16aa23aa1ffc156edf6b60,localized_defect,truncated_line,6,1.0,inf,6,1.0,1.0,1.0921579638118235,0.052517893061357915,1.6118123098983963,0.0789743827161256,0.025672650345486825,1.9246625900268555,28,0.11358780413866043,0.11319883167743683,27.98236656188965,91.54985157128027,15932.505859375,4,4,1.0,1.0,1.0,1.0,localized_defect,well_bound,untouched_id
ID_test,0e16aa23aa1ffc156edf6b60,localized_defect,truncated_line,7,1.0,inf,7,1.0,1.0,1.018091252329019,0.04895629504902993,1.5563583034547523,0.08152781814232779,0.012964332665837963,1.6974983215332031,25,0.12575197219848633,0.12533439695835114,19.5541934967041,69.76116277324653,8709.982421875,4,4,1.0,1.0,0.0,1.0,localized_defect,well_bound,untouched_id
ID_test,0e16aa23aa1ffc156edf6b60,localized_defect,truncated_line,8,1.0,inf,8,1.0,1.0,1.027184819654106,0.04939357153480343,1.6610508396252066,0.08367850437961555,0.007071460877378451,1.5796794891357422,23,0.13990871608257294,0.13803257048130035,11.877029418945312,47.97182196133027,3063.218994140625,4,4,1.0,1.0,0.0,1.0,localized_defect,well_bound,untouched_id
ID_test,0e16aa23aa1ffc156edf6b60,localized_defect,truncated_line,9,1.0,inf,9,1.0,1.0,0.826382384242383,0.039737714800850144,1.6148417935594068,0.11801474015329232,0.00287600792501881,1.1885604858398438,17,0.1803569793701172,0.17606841027736664,10.91629695892334,42.16129873954189,2439.199951171875,4,4,1.0,1.0,1.0,1.0,localized_defect,well_bound,untouched_id
ID_test,0e16aa23aa1ffc156edf6b60,localized_defect,truncated_line,10,1.0,inf,10,1.0,1.0,0.837882486539397,0.0402907127760893,1.6560000976117104,0.10907627861007932,0.0022386055247368875,1.169508934020996,17,0.19008967280387878,0.18535421788692474,7.311591625213623,27.781972303429743,823.9663696289062,4,4,1.0,1.0,1.0,1.0,localized_defect,well_bound,untouched_id
ID_test,6245bccdbf00799ca89a1193,localized_defect,truncated_line,0,1.0,inf,0,1.0,1.0,0.0,0.0,0.0,0.0,1.0,21.844838186244086,128,0.056186165660619736,0.05613207817077637,47.133365631103516,98.47631799539695,29289.99609375,4,4,1.0,1.0,0.0,1.0,localized_defect,well_bound,untouched_id
ID_test,6245bccdbf00799ca89a1193,localized_defect,truncated_line,1,1.0,inf,1,1.0,1.0,0.1001516801013369,0.004584683999371688,0.1001516801013369,0.06045969525939346,0.42905642850798453,10.124763615382737,58,0.100123330950737,0.0998157262802124,46.917850494384766,102.76978057608532,29307.890625,4,4,1.0,1.0,0.0,1.0,localized_defect,well_bound,untouched_id
ID_test,6245bccdbf00799ca89a1193,localized_defect,truncated_line,2,1.0,inf,2,1.0,1.0,0.7713092961471162,0.03530853786011642,1.4029212019493755,0.1417328586710182,0.07710912420841158,3.4638376235961914,24,0.13223786652088165,0.13161161541938782,43.94954299926758,102.62235260464595,27807.455078125,4,4,1.0,1.0,0.0,1.0,localized_defect,well_bound,untouched_id
ID_test,6245bccdbf00799ca89a1193,localized_defect,truncated_line,3,1.0,inf,3,1.0,1.0,1.1039955830771184,0.05053805268158569,2.1809856381078414,0.32970546616681135,0.06224275031172141,2.905085563659668,20,0.16064779460430145,0.1595696210861206,40.09169387817383,108.21758510628177,25245.962890625,4,4,1.0,1.0,1.0,1.0,localized_defect,well_bound,untouched_id
ID_test,6245bccdbf00799ca89a1193,localized_defect,truncated_line,4,1.0,inf,4,1.0,1.0,0.7150482832310459,0.0327330546985383,1.0076464149881668,0.11001840117471968,0.05405140909042317,2.5410213470458984,18,0.18575924634933472,0.1845461130142212,34.3587646484375,107.43832006128139,20889.1015625,4,4,1.0,1.0,0.0,1.0,localized_defect,well_bound,untouched_id
ID_test,6245bccdbf00799ca89a1193,localized_defect,truncated_line,5,1.0,inf,5,1.0,1.0,0.8293750243243736,0.037966636202718104,1.6607710269374254,0.10531498050501191,0.03776403063773138,2.2699146270751953,15,0.21139498054981232,0.209858238697052,23.126949310302734,87.34249216670958,11897.03125,4,4,1.0,1.0,0.0,1.0,localized_defect,well_bound,untouched_id
ID_test,6245bccdbf00799ca89a1193,localized_defect,truncated_line,6,1.0,inf,6,1.0,1.0,0.9371578636614583,0.0429006548673634,1.7345281758117466,0.1744237326510538,0.024801577752461938,2.055495262145996,14,0.23108433187007904,0.2301030308008194,15.99652099609375,68.99409865680735,6081.81494140625,4,4,1.0,1.0,0.0,1.0,localized_defect,well_bound,untouched_id
ID_test,6245bccdbf00799ca89a1193,localized_defect,truncated_line,7,1.0,inf,7,1.0,1.0,0.8056253827293754,0.03687943924604971,1.2563338595007307,0.06975586639838066,0.01354537946688783,1.8463735580444336,12,0.2580892741680145,0.2567824721336365,11.30636978149414,50.526299400856935,2712.232666015625,4,4,1.0,1.0,0.0,1.0,localized_defect,well_bound,untouched_id
ID_test,6245bccdbf00799ca89a1193,localized_defect,truncated_line,8,1.0,inf,8,1.0,1.0,0.873872484545321,0.04000361445092357,1.4312551186055047,0.08579756622231523,0.007131585383061982,1.709615707397461,12,0.2756749987602234,0.2746029794216156,7.253712177276611,34.59669717737011,852.31640625,4,4,1.0,1.0,0.0,1.0,localized_defect,well_bound,untouched_id
ID_test,6245bccdbf00799ca89a1193,localized_defect,truncated_line,9,1.0,inf,9,1.0,1.0,0.7640840006417533,0.034977782583114056,1.6227218639343768,0.09815803370117193,0.0037434470586233583,1.4355278015136719,10,0.31079214811325073,0.31040599942207336,6.798694133758545,30.60922622607533,693.5772705078125,4,4,1.0,1.0,1.0,1.0,localized_defect,well_bound,untouched_id
ID_test,6245bccdbf00799ca89a1193,localized_defect,truncated_line,10,1.0,inf,10,1.0,1.0,0.761815462855329,0.03487393481060674,1.6012861506617746,0.08409780167008019,0.0028305748244565787,1.3541240692138672,9,0.3307444155216217,0.32949960231781006,4.785556316375732,19.52829229554267,232.6699981689453,4,4,1.0,1.0,1.0,1.0,localized_defect,well_bound,untouched_id
ID_test,6fad52c79ac7b1a186abc553,harmonic_compact,truncated_line,0,1.0,inf,0,1.0,1.0,0.0,0.0,0.0,0.0,1.0,22.532056788983805,128,0.053024955093860626,0.05246305093169212,46.084068298339844,97.90716056661299,27849.892578125,4,4,1.0,1.0,0.0,1.0,other,well_bound,untouched_id
ID_test,6fad52c79ac7b1a186abc553,harmonic_compact,truncated_line,1,1.0,inf,1,1.0,1.0,1.153894420600314,0.05121123346202762,1.153894420600314,0.017107787073129543,0.2753963042850859,10.733565010726492,60,0.0935526043176651,0.09302045404911041,46.35438919067383,109.72121099519745,28553.611328125,4,4,1.0,1.0,0.0,1.0,other,well_bound,untouched_id
ID_test,6fad52c79ac7b1a186abc553,harmonic_compact,truncated_line,2,1.0,inf,2,1.0,1.0,0.9535979241952488,0.042321832095748774,1.5368030127791892,0.4895862237315716,0.20557667202391938,4.079681396484375,27,0.12584953010082245,0.12532348930835724,43.91853332519531,107.75803585152008,27766.841796875,4,4,1.0,1.0,0.0,1.0,other,well_bound,untouched_id
ID_test,6fad52c79ac7b1a186abc553,harmonic_compact,truncated_line,3,1.0,inf,3,1.0,1.0,0.5360536171743315,0.023790709485359305,0.8937309091591921,0.18411001197548613,0.1452402133694356,3.1166505813598633,21,0.15319660305976868,0.1524486541748047,39.91215133666992,111.84209614506858,25055.8359375,4,4,1.0,1.0,1.0,1.0,other,well_bound,untouched_id
ID_test,6fad52c79ac7b1a186abc553,harmonic_compact,truncated_line,4,1.0,inf,4,1.0,1.0,0.7859573735245551,0.03488174119589558,1.4866111261574282,0.21462957400604762,0.08086038674692342,2.70916748046875,17,0.18015240132808685,0.17949903011322021,34.30329895019531,108.89548957492889,20828.634765625,4,4,1.0,1.0,1.0,1.0,other,well_bound,untouched_id
ID_test,6fad52c79ac7b1a186abc553,harmonic_compact,truncated_line,5,1.0,inf,5,1.0,1.0,0.6409009990846718,0.02844396342006452,1.0223040752125088,0.12053240947126602,0.05006486879296079,2.389988899230957,15,0.2061517983675003,0.2051350176334381,22.927143096923828,88.17503575529503,11698.87890625,4,4,1.0,1.0,0.0,1.0,other,well_bound,untouched_id
ID_test,6fad52c79ac7b1a186abc553,harmonic_compact,truncated_line,6,1.0,inf,6,1.0,1.0,0.7594097215938517,0.03370352421467073,1.2440907680582067,0.09831758097653433,0.02695357507006883,2.1478476524353027,13,0.22830909490585327,0.227216437458992,15.773966789245605,68.90626388453745,5901.00830078125,4,4,1.0,1.0,0.0,1.0,other,well_bound,untouched_id
ID_test,6fad52c79ac7b1a186abc553,harmonic_compact,truncated_line,7,1.0,inf,7,1.0,1.0,0.7493529488398449,0.03325719244619571,1.3419463617127194,0.07508886124419062,0.013226414472275017,1.914405345916748,12,0.2566800117492676,0.2559640109539032,11.302033424377441,50.77660518962661,2708.19091796875,4,4,1.0,1.0,0.0,1.0,other,well_bound,untouched_id
ID_test,6fad52c79ac7b1a186abc553,harmonic_compact,truncated_line,8,1.0,inf,8,1.0,1.0,0.7728808962198581,0.034301391278124635,1.413584799468862,0.07672551300578276,0.007209601476654861,1.7636289596557617,11,0.2759109437465668,0.2749851644039154,7.278079509735107,34.95583525636238,860.077880859375,4,4,1.0,1.0,0.0,1.0,other,well_bound,untouched_id
ID_test,6fad52c79ac7b1a186abc553,harmonic_compact,truncated_line,9,1.0,inf,9,1.0,1.0,0.7611377036448972,0.03378021415324262,1.6496533440408987,0.08643114808256278,0.004169584816610267,1.5095653533935547,10,0.30786070227622986,0.3062419593334198,6.625577449798584,30.371322203550687,644.7860107421875,4,4,1.0,1.0,1.0,1.0,other,well_bound,untouched_id
ID_test,6fad52c79ac7b1a186abc553,harmonic_compact,truncated_line,10,1.0,inf,10,1.0,1.0,0.7517143295497787,0.033361993385233296,1.665423006780288,0.07852371784403883,0.003107823398437681,1.4290876388549805,10,0.32595232129096985,0.32456791400909424,4.704185485839844,19.559779698391072,221.16278076171875,4,4,1.0,1.0,1.0,1.0,other,well_bound,untouched_id
ID_test,fed6eb73ee389d2e2e6f7ebb,harmonic_compact,truncated_line,0,1.0,inf,0,1.0,1.0,0.0,0.0,0.0,0.0,1.0,22.7393724494821,128,0.05298076197504997,0.05227956175804138,44.40096664428711,102.81396418851449,25621.26171875,4,4,1.0,1.0,0.0,1.0,other,well_bound,untouched_id
ID_test,fed6eb73ee389d2e2e6f7ebb,harmonic_compact,truncated_line,1,1.0,inf,1,1.0,1.0,1.158379248409994,0.05094156626280936,1.158379248409994,0.729984457329091,0.18600677981059688,10.918627935016769,61,0.09368930011987686,0.09313467890024185,45.5528450012207,111.73426517941965,27492.765625,4,4,1.0,1.0,0.0,1.0,other,well_bound,untouched_id
ID_test,fed6eb73ee389d2e2e6f7ebb,harmonic_compact,truncated_line,2,1.0,inf,2,1.0,1.0,0.1477391071194396,0.006497061756988128,0.28327545818156397,0.21188030575028707,0.2113590443322301,4.399921417236328,30,0.12563830614089966,0.12484903633594513,43.27915954589844,109.44174164121455,26892.330078125,4,4,1.0,1.0,0.0,1.0,other,well_bound,untouched_id
ID_test,fed6eb73ee389d2e2e6f7ebb,harmonic_compact,truncated_line,3,1.0,inf,3,1.0,1.0,0.4516670377502854,0.019862774962401054,1.1509283155355463,0.1717220517552539,0.1403111130339329,3.1571578979492188,21,0.15502195060253143,0.15380986034870148,39.864864349365234,114.04303964760172,24836.83984375,4,4,1.0,1.0,1.0,1.0,other,well_bound,untouched_id
ID_test,fed6eb73ee389d2e2e6f7ebb,harmonic_compact,truncated_line,4,1.0,inf,4,1.0,1.0,0.752813155402356,0.03310615352621579,1.2197795017509074,0.24119283563552404,0.08421631043312677,2.7418460845947266,18,0.18035510182380676,0.17896844446659088,34.41745376586914,112.10805782737877,20793.50390625,4,4,1.0,1.0,1.0,1.0,other,well_bound,untouched_id
ID_test,fed6eb73ee389d2e2e6f7ebb,harmonic_compact,truncated_line,5,1.0,inf,5,1.0,1.0,0.5301268698258459,0.023313170625248267,0.9525486425380797,0.1282346289136225,0.052788170088936326,2.4487361907958984,15,0.2064807116985321,0.20482255518436432,23.280582427978516,89.25254378195207,12007.61328125,4,4,1.0,1.0,0.0,1.0,other,well_bound,untouched_id
ID_test,fed6eb73ee389d2e2e6f7ebb,harmonic_compact,truncated_line,6,1.0,inf,6,1.0,1.0,0.7586704509730625,0.03336373739682256,1.2084770851035307,0.14748097873984925,0.028947134148408327,2.1806631088256836,14,0.22816982865333557,0.22668372094631195,16.217470169067383,69.47932997135203,6248.06103515625,4,4,1.0,1.0,0.0,1.0,other,well_bound,untouched_id
ID_test,fed6eb73ee389d2e2e6f7ebb,harmonic_compact,truncated_line,7,1.0,inf,7,1.0,1.0,0.5874770733801835,0.02583523686440008,1.1770702157522708,0.10700812350494672,0.013565671338666596,1.945352554321289,12,0.25605082511901855,0.25506114959716797,11.443730354309082,51.336952781950856,2797.104248046875,4,4,1.0,1.0,0.0,1.0,other,well_bound,untouched_id
ID_test,fed6eb73ee389d2e2e6f7ebb,harmonic_compact,truncated_line,8,1.0,inf,8,1.0,1.0,0.7437727290770136,0.032708586427764565,1.477882866592032,0.0946236082527399,0.007899406280720278,1.8133869171142578,11,0.27326884865760803,0.2726016938686371,7.242147922515869,35.13628954259548,850.4885864257812,4,4,1.0,1.0,0.0,1.0,other,well_bound,untouched_id
ID_test,fed6eb73ee389d2e2e6f7ebb,harmonic_compact,truncated_line,9,1.0,inf,9,1.0,1.0,0.6832906140087149,0.03004878940818251,1.6809859387283668,0.0848017414168374,0.004599097204722069,1.5673999786376953,10,0.3011411130428314,0.29966846108436584,6.456578731536865,30.425028912920133,599.38525390625,4,4,1.0,1.0,1.0,1.0,other,well_bound,untouched_id
ID_test,fed6eb73ee389d2e2e6f7ebb,harmonic_compact,truncated_line,10,1.0,inf,10,1.0,1.0,0.711029241453485,0.03126863958242959,1.7636667362185667,0.08608829302983544,0.0035484248957706743,1.468679428100586,10,0.31978839635849,0.3192164897918701,4.567043781280518,19.252152239082047,201.970703125,4,4,1.0,1.0,1.0,1.0,other,well_bound,untouched_id
ID_test,8bca703859e3dbb21396b8d9,harmonic_compact,truncated_line,0,1.0,inf,0,1.0,1.0,0.0,0.0,0.0,0.0,1.0,22.858697987701273,128,0.054060839116573334,0.05369652807712555,47.75080490112305,89.19071220810125,30001.736328125,4,4,1.0,1.0,0.0,1.0,other,well_bound,untouched_id
ID_test,8bca703859e3dbb21396b8d9,harmonic_compact,truncated_line,1,1.0,inf,1,1.0,1.0,0.5473028842855618,0.023942872187209818,0.5473028842855618,0.22981762002300754,0.46138791028576853,11.327821696616803,63,0.09607921540737152,0.09557532519102097,47.275901794433594,96.67013628972313,29777.27734375,4,4,1.0,1.0,0.0,1.0,other,well_bound,untouched_id
ID_test,8bca703859e3dbb21396b8d9,harmonic_compact,truncated_line,2,1.0,inf,2,1.0,1.0,0.7257822033028796,0.03175081116577043,0.868466428027969,0.19909392056564568,0.2203794867220481,3.694183349609375,25,0.12878753244876862,0.12820971012115479,44.18226623535156,94.13709869565794,28267.248046875,4,4,1.0,1.0,0.0,1.0,other,well_bound,untouched_id
ID_test,8bca703859e3dbb21396b8d9,harmonic_compact,truncated_line,3,1.0,inf,3,1.0,1.0,0.8140501474351258,0.03561227099956049,1.1682936983911696,0.1663062348980058,0.11648619384066898,3.0774431228637695,20,0.15485341846942902,0.15426963567733765,39.79450607299805,98.29291201029761,25196.568359375,4,4,1.0,1.0,0.0,1.0,other,well_bound,untouched_id
ID_test,8bca703859e3dbb21396b8d9,harmonic_compact,truncated_line,4,1.0,inf,4,1.0,1.0,0.8942750746629682,0.039121872783135656,1.3356262299794137,0.1194222770069178,0.0628786784206109,2.6691436767578125,18,0.17954663932323456,0.17905780673027039,33.47270202636719,97.67476931683382,20303.56640625,4,4,1.0,1.0,0.0,1.0,other,well_bound,untouched_id
ID_test,8bca703859e3dbb21396b8d9,harmonic_compact,truncated_line,5,1.0,inf,5,1.0,1.0,0.928545467946504,0.04062110048639218,1.474596512495082,0.08868326199653875,0.035639071286930446,2.3802127838134766,15,0.2047886848449707,0.20391608774662018,21.800941467285156,79.31465510752949,10772.5205078125,4,4,1.0,1.0,1.0,1.0,other,well_bound,untouched_id
ID_test,8bca703859e3dbb21396b8d9,harmonic_compact,truncated_line,6,1.0,inf,6,1.0,1.0,0.9876949378885737,0.04320871374301309,1.6028530865881105,0.08003381731638723,0.01977087556517185,2.1657047271728516,14,0.22525924444198608,0.22417420148849487,15.067057609558105,62.52882683016174,5376.59912109375,4,4,1.0,1.0,1.0,1.0,other,well_bound,untouched_id
ID_test,8bca703859e3dbb21396b8d9,harmonic_compact,truncated_line,7,1.0,inf,7,1.0,1.0,0.9235256814683117,0.040401499768936915,1.5716138133471382,0.08295227182373022,0.009934057197062973,1.9356613159179688,13,0.2512432932853699,0.250842422246933,10.889642715454102,45.991685676758415,2470.907470703125,4,4,1.0,1.0,0.0,1.0,other,well_bound,untouched_id
ID_test,8bca703859e3dbb21396b8d9,harmonic_compact,truncated_line,8,1.0,inf,8,1.0,1.0,0.9799729607190293,0.042870900225650946,1.7057082401095753,0.0797053004243145,0.005867058646044712,1.784348487854004,12,0.26954731345176697,0.2689230442047119,7.187161922454834,32.4749751618312,830.8977661132812,4,4,1.0,1.0,0.0,1.0,other,well_bound,untouched_id
ID_test,8bca703859e3dbb21396b8d9,harmonic_compact,truncated_line,9,1.0,inf,9,1.0,1.0,0.844478360782091,0.036943414766512424,1.7782528907383464,0.10185558871745362,0.003151950485641193,1.4950485229492188,10,0.31276392936706543,0.3107244670391083,6.685399532318115,28.70639387378268,661.7532958984375,4,4,1.0,1.0,1.0,1.0,other,well_bound,untouched_id
ID_test,8bca703859e3dbb21396b8d9,harmonic_compact,truncated_line,10,1.0,inf,10,1.0,1.0,0.8587637278836482,0.03756835705803065,1.7970446304054013,0.09389012706274395,0.002540894421571438,1.424860954284668,9,0.3298494219779968,0.3279261589050293,4.803796768188477,18.894634821209827,235.98345947265625,4,4,1.0,1.0,1.0,1.0,other,well_bound,untouched_id
ID_test,42cb5b7439d5dc69d0b9283a,harmonic_compact,truncated_line,0,1.0,inf,0,1.0,1.0,0.0,0.0,0.0,0.0,1.0,23.100575088335177,128,0.05601660907268524,0.055653952062129974,45.92909622192383,94.33504786723137,27959.09375,4,4,1.0,1.0,0.0,1.0,other,well_bound,untouched_id
ID_test,42cb5b7439d5dc69d0b9283a,harmonic_compact,truncated_line,1,1.0,inf,1,1.0,1.0,0.4370516311506014,0.01891951301988556,0.4370516311506014,0.0013706933880205108,0.34860733597925025,10.562294960021973,57,0.09857399761676788,0.09821461886167526,46.105342864990234,100.82497726687832,28558.59375,4,4,1.0,1.0,0.0,1.0,other,well_bound,untouched_id
ID_test,42cb5b7439d5dc69d0b9283a,harmonic_compact,truncated_line,2,1.0,inf,2,1.0,1.0,1.0657682337124919,0.046136004391105406,1.9644014647011643,0.12467610174631065,0.0878754094553997,3.8170528411865234,25,0.13013464212417603,0.1294289529323578,42.50794219970703,102.1208036910065,26719.74609375,4,4,1.0,1.0,0.0,1.0,other,well_bound,untouched_id
ID_test,42cb5b7439d5dc69d0b9283a,harmonic_compact,truncated_line,3,1.0,inf,3,1.0,1.0,0.9168761356657349,0.03969061948283352,1.6150596009516818,0.3875363362487011,0.08146555133723847,3.134711265563965,21,0.1584816426038742,0.15748919546604156,38.90943908691406,108.11682905988877,24369.0,4,4,1.0,1.0,1.0,1.0,other,well_bound,untouched_id
ID_test,42cb5b7439d5dc69d0b9283a,harmonic_compact,truncated_line,4,1.0,inf,4,1.0,1.0,0.7165478189687814,0.03101861387557438,1.277069186184995,0.1300894024876992,0.06231302127295261,2.770294189453125,18,0.18321259319782257,0.18209117650985718,32.151832580566406,107.33985225223333,19183.1015625,4,4,1.0,1.0,0.0,1.0,other,well_bound,untouched_id
ID_test,42cb5b7439d5dc69d0b9283a,harmonic_compact,truncated_line,5,1.0,inf,5,1.0,1.0,0.9182924562251648,0.03975193053478846,1.8303388734488903,0.17171260270977826,0.0424799860357752,2.442713737487793,15,0.2088906615972519,0.2074207067489624,22.612377166748047,84.77452545843377,11473.7900390625,4,4,1.0,1.0,0.0,1.0,other,well_bound,untouched_id
ID_test,42cb5b7439d5dc69d0b9283a,harmonic_compact,truncated_line,6,1.0,inf,6,1.0,1.0,0.8375099568238064,0.03625493969830707,1.3477634758112553,0.07354910782172938,0.025297693682584485,2.2071657180786133,14,0.22868430614471436,0.2279556542634964,14.349196434020996,66.36585540736041,4852.84521484375,4,4,1.0,1.0,0.0,1.0,other,well_bound,untouched_id
ID_test,42cb5b7439d5dc69d0b9283a,harmonic_compact,truncated_line,7,1.0,inf,7,1.0,1.0,0.8242330551870513,0.035680196360273926,1.3857814410291556,0.07499193943582698,0.013148979193155472,1.9769153594970703,12,0.25616130232810974,0.25504782795906067,10.28818130493164,48.52057642595285,2139.675537109375,4,4,1.0,1.0,0.0,1.0,other,well_bound,untouched_id
ID_test,42cb5b7439d5dc69d0b9283a,harmonic_compact,truncated_line,8,1.0,inf,8,1.0,1.0,0.9167291675921674,0.03968425738695472,1.6325250875321897,0.07416815982419805,0.00690379420151321,1.828190803527832,12,0.27412790060043335,0.2732968032360077,6.996998310089111,33.47466637699638,770.4810180664062,4,4,1.0,1.0,0.0,1.0,other,well_bound,untouched_id
ID_test,42cb5b7439d5dc69d0b9283a,harmonic_compact,truncated_line,9,1.0,inf,9,1.0,1.0,0.7652706851657001,0.033127776353590856,1.6160782319386202,0.08853710042682723,0.0038484488011433626,1.5492782592773438,10,0.3054048717021942,0.3045569956302643,6.581345081329346,29.073468060227114,632.7075805664062,4,4,1.0,1.0,1.0,1.0,other,well_bound,untouched_id
ID_test,42cb5b7439d5dc69d0b9283a,harmonic_compact,truncated_line,10,1.0,inf,10,1.0,1.0,0.8241747543307983,0.035677672576514,1.794692859934191,0.0900613773194567,0.003006141951159991,1.472060203552246,9,0.324958473443985,0.3242001533508301,4.583171367645264,18.695473259278693,205.04653930664062,4,4,1.0,1.0,1.0,1.0,other,well_bound,untouched_id
ID_test,c8370b2d311aec4248ae31a0,harmonic_compact,truncated_line,0,1.0,inf,0,1.0,1.0,0.0,0.0,0.0,0.0,1.0,22.487955142547463,256,0.03605117276310921,0.03575783967971802,51.683067321777344,101.58189243657185,34005.64453125,4,4,1.0,1.0,0.0,1.0,other,well_bound,untouched_id
ID_test,c8370b2d311aec4248ae31a0,harmonic_compact,truncated_line,1,1.0,inf,1,1.0,1.0,0.463036955638439,0.020590442870564423,0.463036955638439,0.12357122390333675,0.37969074177435236,11.113230754424903,126,0.059503551572561264,0.059114720672369,51.55842208862305,89.14921788672733,33784.640625,4,4,1.0,1.0,0.0,1.0,other,well_bound,untouched_id
ID_test,c8370b2d311aec4248ae31a0,harmonic_compact,truncated_line,2,1.0,inf,2,1.0,1.0,1.0530190408277407,0.04682591343467316,1.63860825308857,0.13144917353511268,0.14617823983225042,3.2077722549438477,44,0.07261035591363907,0.07216376066207886,50.255226135253906,91.9301266633556,32882.125,4,4,1.0,1.0,0.0,1.0,other,well_bound,untouched_id
ID_test,c8370b2d311aec4248ae31a0,harmonic_compact,truncated_line,3,1.0,inf,3,1.0,1.0,1.2060464736566294,0.053630775497892025,1.8851432582754473,0.1374658301045529,0.08302465461850421,2.793170928955078,38,0.08356375247240067,0.08312071859836578,48.287254333496094,101.38930649373034,31594.46875,4,4,1.0,1.0,0.0,1.0,other,well_bound,untouched_id
ID_test,c8370b2d311aec4248ae31a0,harmonic_compact,truncated_line,4,1.0,inf,4,1.0,1.0,1.2549760389254807,0.05580658761414247,1.7876650757156747,0.10232147629804111,0.05447499763908827,2.4908552169799805,34,0.09324102103710175,0.09282718598842621,44.19782257080078,106.86599240008113,28491.109375,4,4,1.0,1.0,0.0,1.0,other,well_bound,untouched_id
ID_test,c8370b2d311aec4248ae31a0,harmonic_compact,truncated_line,5,1.0,inf,5,1.0,1.0,1.252558200677928,0.055699070579702185,1.8813380840376273,0.0905388546688775,0.033431487371673785,2.2296552658081055,30,0.10364819318056107,0.10333332419395447,35.89853286743164,97.22699008485064,22215.7421875,4,4,1.0,1.0,1.0,1.0,other,well_bound,untouched_id
ID_test,c8370b2d311aec4248ae31a0,harmonic_compact,truncated_line,6,1.0,inf,6,1.0,1.0,1.229425193346064,0.05467038623800782,1.846754424825943,0.08416760812486612,0.022042688726100046,2.063328742980957,28,0.11273711174726486,0.1123923733830452,27.69297218322754,88.8026409048434,15672.6533203125,4,4,1.0,1.0,1.0,1.0,other,well_bound,untouched_id
ID_test,c8370b2d311aec4248ae31a0,harmonic_compact,truncated_line,7,1.0,inf,7,1.0,1.0,1.1712830455691348,0.0520849067042585,1.7801183296601848,0.08994976340400121,0.011341984788340032,1.8316469192504883,25,0.1255437433719635,0.12515726685523987,19.224946975708008,67.3986404608983,8436.08203125,4,4,1.0,1.0,0.0,1.0,other,well_bound,untouched_id
ID_test,c8370b2d311aec4248ae31a0,harmonic_compact,truncated_line,8,1.0,inf,8,1.0,1.0,1.1542704495313028,0.051328386339023334,1.9006181124120922,0.08678332127614673,0.007582601396315693,1.6859712600708008,23,0.1386076658964157,0.13779830932617188,11.595376014709473,46.271591782569004,2892.67138671875,4,4,1.0,1.0,0.0,1.0,other,well_bound,untouched_id
ID_test,c8370b2d311aec4248ae31a0,harmonic_compact,truncated_line,9,1.0,inf,9,1.0,1.0,0.9243842608103103,0.0411057499426155,1.8975525620434546,0.12642262664226708,0.0029966695731346027,1.2869253158569336,18,0.1788383424282074,0.17677763104438782,10.646027565002441,40.658769809055734,2292.072509765625,4,4,1.0,1.0,1.0,1.0,other,well_bound,untouched_id
ID_test,c8370b2d311aec4248ae31a0,harmonic_compact,truncated_line,10,1.0,inf,10,1.0,1.0,0.9287405957850424,0.04129946853317289,1.87120069891089,0.1143483769912988,0.0024109558880535888,1.2366228103637695,17,0.18872815370559692,0.1863362193107605,7.121150016784668,26.659893230005448,763.3347778320312,4,4,1.0,1.0,1.0,1.0,other,well_bound,untouched_id
ID_test,26e46de95ee6791e374e2638,fourier_random,truncated_line,0,1.0,inf,0,1.0,1.0,0.0,0.0,0.0,0.0,1.0,20.60147868722425,128,0.05977853387594223,0.059438325464725494,48.095802307128906,134.53120602320786,30460.505859375,4,4,1.0,1.0,0.0,1.0,other,well_bound,untouched_id
ID_test,26e46de95ee6791e374e2638,fourier_random,truncated_line,1,1.0,inf,1,1.0,1.0,0.49661910839031487,0.024105993357568405,0.49661910839031487,0.2578547814698585,0.4694646119238367,10.012908092436652,62,0.10740562528371811,0.10695961862802505,47.819297790527344,123.17892251369534,30277.2109375,4,4,1.0,1.0,0.0,1.0,other,well_bound,untouched_id
ID_test,26e46de95ee6791e374e2638,fourier_random,truncated_line,2,1.0,inf,2,1.0,1.0,0.56483601500915,0.027417255993348964,0.6720008311833494,0.184207160963209,0.16499221883662288,2.9916810989379883,22,0.14169566333293915,0.14116226136684418,45.04292297363281,116.06191748318226,28886.34765625,4,4,1.0,1.0,0.0,1.0,other,well_bound,untouched_id
ID_test,26e46de95ee6791e374e2638,fourier_random,truncated_line,3,1.0,inf,3,1.0,1.0,0.7778803613429345,0.03775847225108784,1.4979198816599752,0.09564359725014421,0.014841579861313979,2.5802268981933594,19,0.1670720875263214,0.16593332588672638,41.144935607910156,111.44909953254553,26169.015625,4,4,1.0,1.0,0.0,1.0,other,well_bound,untouched_id
ID_test,26e46de95ee6791e374e2638,fourier_random,truncated_line,4,1.0,inf,4,1.0,1.0,1.1195859928383916,0.05434493367375075,2.544213039542439,0.10480492044911979,0.010126099471193981,2.2811174392700195,17,0.1892131268978119,0.18767812848091125,35.65182876586914,104.74839474294293,21946.80859375,4,4,1.0,1.0,0.0,1.0,other,well_bound,untouched_id
ID_test,26e46de95ee6791e374e2638,fourier_random,truncated_line,5,1.0,inf,5,1.0,1.0,1.0062564669110239,0.048843895245977716,2.0158135208404797,0.29653419348937865,0.024019006624480588,2.1035804748535156,15,0.21105904877185822,0.2091377228498459,23.833688735961914,77.02581933992815,12438.23828125,4,4,1.0,1.0,0.0,1.0,other,well_bound,untouched_id
ID_test,26e46de95ee6791e374e2638,fourier_random,truncated_line,6,1.0,inf,6,1.0,1.0,0.7758371653540451,0.03765929509881108,1.5108314633676163,0.057745216179541946,0.016653392525693422,1.9330415725708008,14,0.22873149812221527,0.22698234021663666,17.073963165283203,62.469754499915354,6892.30908203125,4,4,1.0,1.0,1.0,1.0,other,well_bound,untouched_id
ID_test,26e46de95ee6791e374e2638,fourier_random,truncated_line,7,1.0,inf,7,1.0,1.0,0.8082547054888433,0.03923284914446808,1.7317115885195176,0.15906604100811106,0.007826970952829138,1.7362556457519531,12,0.2537659704685211,0.2514970600605011,11.909058570861816,46.83028086341428,3071.169677734375,4,4,1.0,1.0,0.0,1.0,other,well_bound,untouched_id
ID_test,26e46de95ee6791e374e2638,fourier_random,truncated_line,8,1.0,inf,8,1.0,1.0,0.8172910825853181,0.03967147674172296,2.176037197394273,0.09122881805169086,0.005563471206775916,1.626150131225586,12,0.2683204412460327,0.2664274573326111,7.555273532867432,32.65563808917307,953.4714965820312,4,4,1.0,1.0,0.0,1.0,other,well_bound,untouched_id
ID_test,26e46de95ee6791e374e2638,fourier_random,truncated_line,9,1.0,inf,9,1.0,1.0,0.7062824187184423,0.03428309343428026,2.2299252209458142,0.12645533426050867,0.0027587400276374296,1.339167594909668,10,0.3152787685394287,0.3134710490703583,7.1212286949157715,28.45066593424505,790.8739624023438,4,4,1.0,1.0,0.0,1.0,other,well_bound,untouched_id
ID_test,26e46de95ee6791e374e2638,fourier_random,truncated_line,10,1.0,inf,10,1.0,1.0,0.7206530061099752,0.03498064469308599,2.181769847787199,0.11394068900362711,0.0023231026608414584,1.2586793899536133,9,0.3325621783733368,0.33108964562416077,4.9580583572387695,17.92292935282312,258.83319091796875,4,4,1.0,1.0,1.0,1.0,other,well_bound,untouched_id
ID_test,6195828856eb7741b0791c11,fourier_random,truncated_line,0,1.0,inf,0,1.0,1.0,0.0,0.0,0.0,0.0,1.0,23.86263006186652,128,0.058092035353183746,0.05768292024731636,48.48138427734375,138.89363057563753,30929.47265625,4,4,1.0,1.0,0.0,1.0,other,well_bound,untouched_id
ID_test,6195828856eb7741b0791c11,fourier_random,truncated_line,1,1.0,inf,1,1.0,1.0,0.421347074212123,0.017657193407421307,0.421347074212123,0.12311540712463606,0.38920494564547214,11.068288020850893,58,0.09910167753696442,0.09859120845794678,47.73263931274414,136.73100004910486,30443.30078125,4,4,1.0,1.0,0.0,1.0,other,well_bound,untouched_id
ID_test,6195828856eb7741b0791c11,fourier_random,truncated_line,2,1.0,inf,2,1.0,1.0,0.8601376425374472,0.03604538310770627,1.6332164582966007,0.4778832928073829,0.07323576623862088,3.9903860092163086,25,0.12465719133615494,0.12428969144821167,44.21500015258789,129.14728856294903,28345.728515625,4,4,1.0,1.0,0.0,1.0,other,well_bound,untouched_id
ID_test,6195828856eb7741b0791c11,fourier_random,truncated_line,3,1.0,inf,3,1.0,1.0,1.1760191974997614,0.04928288266845696,2.4155681163795544,0.33008398831248176,0.03674979038963083,3.523158073425293,22,0.1469677984714508,0.14655134081840515,39.91399002075195,129.9679325814963,25341.44140625,4,4,1.0,1.0,0.0,1.0,other,well_bound,untouched_id
ID_test,6195828856eb7741b0791c11,fourier_random,truncated_line,4,1.0,inf,4,1.0,1.0,0.3967662812353025,0.016627097692360055,0.7696573266492928,0.10914689252354251,0.06248628411290485,2.928640365600586,19,0.17581795156002045,0.17222601175308228,33.26002502441406,121.0008678405895,20091.755859375,4,4,1.0,1.0,0.0,1.0,other,well_bound,untouched_id
ID_test,6195828856eb7741b0791c11,fourier_random,truncated_line,5,1.0,inf,5,1.0,1.0,0.6698861284829183,0.028072602506352573,1.561974187680813,0.09697849382251078,0.05537377779124976,2.6432132720947266,16,0.20402131974697113,0.2003006637096405,21.49956703186035,93.48859242244404,10514.2587890625,4,4,1.0,1.0,0.0,1.0,other,well_bound,untouched_id
ID_test,6195828856eb7741b0791c11,fourier_random,truncated_line,6,1.0,inf,6,1.0,1.0,0.7740860767166913,0.03243926066446939,1.6227346930904583,0.1125744950534172,0.03664834169069154,2.3609724044799805,14,0.23053118586540222,0.22637465596199036,14.981910705566406,70.40878604700805,5310.37060546875,4,4,1.0,1.0,1.0,1.0,other,well_bound,untouched_id
ID_test,6195828856eb7741b0791c11,fourier_random,truncated_line,7,1.0,inf,7,1.0,1.0,0.6815342788814248,0.028560736059456627,0.981561438552836,0.060988443098756395,0.018711874348993685,2.087522506713867,12,0.2578181326389313,0.25341498851776123,10.812793731689453,51.35024318872939,2432.072998046875,4,4,1.0,1.0,0.0,1.0,other,well_bound,untouched_id
ID_test,6195828856eb7741b0791c11,fourier_random,truncated_line,8,1.0,inf,8,1.0,1.0,0.7706123900816082,0.03229369051457069,1.3170201252953682,0.05531611544353468,0.010170623591441684,1.9203033447265625,11,0.27977022528648376,0.275256872177124,7.231366157531738,36.318590063586996,849.5206909179688,4,4,1.0,1.0,0.0,1.0,other,well_bound,untouched_id
ID_test,6195828856eb7741b0791c11,fourier_random,truncated_line,9,1.0,inf,9,1.0,1.0,0.6878738410929767,0.028826405107466667,1.6046677741660043,0.09424223045544348,0.0051356258785821085,1.5762290954589844,10,0.31473010778427124,0.3110349774360657,6.88132905960083,32.15223608143837,719.9728393554688,4,4,1.0,1.0,1.0,1.0,other,well_bound,untouched_id
ID_test,6195828856eb7741b0791c11,fourier_random,truncated_line,10,1.0,inf,10,1.0,1.0,0.7394310827327478,0.03098699015220412,1.7381766429406058,0.08302558210986151,0.0036852524284765958,1.4710474014282227,10,0.33243754506111145,0.32868045568466187,4.9817094802856445,21.20474937194737,264.73748779296875,4,4,1.0,1.0,1.0,1.0,other,well_bound,untouched_id
ID_test,9571d392cd35b210f1a4c535,fourier_random,truncated_line,0,1.0,inf,0,1.0,1.0,0.0,0.0,0.0,0.0,1.0,21.36450738790112,128,0.05501452088356018,0.05466111749410629,44.77083206176758,152.41188372654338,26643.384765625,4,4,1.0,1.0,0.0,1.0,other,well_bound,untouched_id
ID_test,9571d392cd35b210f1a4c535,fourier_random,truncated_line,1,1.0,inf,1,1.0,1.0,0.4043783208364946,0.01892757523000493,0.4043783208364946,0.1479859389046937,0.42116992788499213,8.493127822875977,48,0.0994548350572586,0.0989154502749443,45.33332443237305,147.3676315504892,27983.806640625,4,4,1.0,1.0,0.0,1.0,other,well_bound,untouched_id
ID_test,9571d392cd35b210f1a4c535,fourier_random,truncated_line,2,1.0,inf,2,1.0,1.0,1.2405280036839774,0.0580649008732351,2.00966452290906,0.06995640327734343,0.07473396197352028,3.6011924743652344,26,0.13200417160987854,0.13140258193016052,41.52139663696289,133.00424272136462,26257.171875,4,4,1.0,1.0,0.0,1.0,other,well_bound,untouched_id
ID_test,9571d392cd35b210f1a4c535,fourier_random,truncated_line,3,1.0,inf,3,1.0,1.0,1.4391644780980315,0.06736239932744909,2.8041571307216113,0.1521691708612509,0.01874204915214191,2.958944320678711,20,0.16254578530788422,0.16160480678081512,37.47084426879883,128.0272002469578,23522.966796875,4,4,1.0,1.0,0.0,1.0,other,well_bound,untouched_id
ID_test,9571d392cd35b210f1a4c535,fourier_random,truncated_line,4,1.0,inf,4,1.0,1.0,1.4461265430892956,0.06768826993447309,3.0310483041446696,0.1047809682623689,0.023358879525197572,2.6223230361938477,17,0.19058476388454437,0.18779899179935455,30.028535842895508,118.868773887618,17633.791015625,4,4,1.0,1.0,1.0,1.0,other,well_bound,untouched_id
ID_test,9571d392cd35b210f1a4c535,fourier_random,truncated_line,5,1.0,inf,5,1.0,1.0,1.203782976346674,0.0563449909932576,2.444416868897181,0.23309137884373884,0.03178247189324297,2.304947853088379,15,0.21630364656448364,0.2136746197938919,20.615938186645508,87.4475958728825,9850.154296875,4,4,1.0,1.0,0.0,1.0,other,well_bound,untouched_id
ID_test,9571d392cd35b210f1a4c535,fourier_random,truncated_line,6,1.0,inf,6,1.0,1.0,0.8803725266888501,0.04120724670616144,1.6026597149009276,0.06857239007682411,0.025179741573791093,2.075803756713867,14,0.24324046075344086,0.23804809153079987,13.129077911376953,66.11817515974772,3999.515625,4,4,1.0,1.0,0.0,1.0,other,well_bound,untouched_id
ID_test,9571d392cd35b210f1a4c535,fourier_random,truncated_line,7,1.0,inf,7,1.0,1.0,0.8213881572395721,0.03844638878520224,1.546883319912698,0.07917153099673804,0.013735703548324872,1.8484582901000977,12,0.2697679102420807,0.2654505670070648,9.706060409545898,48.11040912598678,1835.037841796875,4,4,1.0,1.0,0.0,1.0,other,well_bound,untouched_id
ID_test,9571d392cd35b210f1a4c535,fourier_random,truncated_line,8,1.0,inf,8,1.0,1.0,0.8028518038605317,0.037578765065053296,1.374518642272513,0.0703536240881773,0.0070836801355591995,1.697077751159668,11,0.29239973425865173,0.2870473563671112,6.827779769897461,33.25579949025933,717.520751953125,4,4,1.0,1.0,0.0,1.0,other,well_bound,untouched_id
ID_test,9571d392cd35b210f1a4c535,fourier_random,truncated_line,9,1.0,inf,9,1.0,1.0,0.6653924651747751,0.031144760470891635,1.3126949315616958,0.08304412676775523,0.004040985581817462,1.4930458068847656,10,0.31342118978500366,0.3095644414424896,6.105660438537598,27.67488558628827,511.18426513671875,4,4,1.0,1.0,1.0,1.0,other,well_bound,untouched_id
ID_test,9571d392cd35b210f1a4c535,fourier_random,truncated_line,10,1.0,inf,10,1.0,1.0,0.7156975331627227,0.03349936978036889,1.4987258211957943,0.07397264330727658,0.003240713413158865,1.3919095993041992,9,0.33664363622665405,0.3315008580684662,4.366215229034424,18.323461644363142,176.87396240234375,4,4,1.0,1.0,1.0,1.0,other,well_bound,untouched_id
ID_test,e1ac87b7f976c6d99e0d3590,fourier_random,truncated_line,0,1.0,inf,0,1.0,1.0,0.0,0.0,0.0,0.0,1.0,21.088809082237365,128,0.056252267211675644,0.0554920919239521,45.943782806396484,106.45692470145993,27822.0703125,4,4,1.0,1.0,0.0,1.0,other,well_bound,untouched_id
ID_test,e1ac87b7f976c6d99e0d3590,fourier_random,truncated_line,1,1.0,inf,1,1.0,1.0,1.4749213334774476,0.06993857869004756,1.4749213334774476,0.12485181797673695,0.32266048488861027,9.132755494340298,54,0.10147043317556381,0.10048381239175797,46.19116973876953,109.09041691703605,28681.458984375,4,4,1.0,1.0,1.0,1.0,other,well_bound,untouched_id
ID_test,e1ac87b7f976c6d99e0d3590,fourier_random,truncated_line,2,1.0,inf,2,1.0,1.0,0.9854563518949958,0.04672887634631885,1.7352677437445039,0.35092146310836553,0.15872052557374647,3.6226625442504883,26,0.13653141260147095,0.13512276113033295,43.195396423339844,104.00908530251158,27525.69921875,4,4,1.0,1.0,0.0,1.0,other,well_bound,untouched_id
ID_test,e1ac87b7f976c6d99e0d3590,fourier_random,truncated_line,3,1.0,inf,3,1.0,1.0,0.8410222309817194,0.03988002488438731,1.211060109385851,0.09529818888981631,0.0471584165367084,2.861453056335449,21,0.16600549221038818,0.16432316601276398,38.858978271484375,107.12468865289755,24607.580078125,4,4,1.0,1.0,0.0,1.0,other,well_bound,untouched_id
ID_test,e1ac87b7f976c6d99e0d3590,fourier_random,truncated_line,4,1.0,inf,4,1.0,1.0,1.1051232469717769,0.05240330274992141,1.9159924991082535,0.09801796388934814,0.026428004244621047,2.47518253326416,17,0.1911165565252304,0.1894897073507309,32.5009765625,104.9777861447234,19672.611328125,4,4,1.0,1.0,1.0,1.0,other,well_bound,untouched_id
ID_test,e1ac87b7f976c6d99e0d3590,fourier_random,truncated_line,5,1.0,inf,5,1.0,1.0,1.0129152013338092,0.048030934197558134,2.0767004925478423,0.16739392662719924,0.02934669422632256,2.2254533767700195,15,0.2164171189069748,0.2145557999610901,21.165868759155273,83.11449395236812,10323.5673828125,4,4,1.0,1.0,0.0,1.0,other,well_bound,untouched_id
ID_test,e1ac87b7f976c6d99e0d3590,fourier_random,truncated_line,6,1.0,inf,6,1.0,1.0,0.7999860839506584,0.03793415174991882,1.3450267157091944,0.09038736454058195,0.024631381203841975,2.0004873275756836,14,0.23632481694221497,0.235210120677948,14.665129661560059,64.62359505860219,5095.765625,4,4,1.0,1.0,1.0,1.0,other,well_bound,untouched_id
ID_test,e1ac87b7f976c6d99e0d3590,fourier_random,truncated_line,7,1.0,inf,7,1.0,1.0,0.7078788283040022,0.03356656250922357,1.1990662761737951,0.06933014770502877,0.013246106500670537,1.7646493911743164,12,0.2652498483657837,0.26379451155662537,10.760583877563477,47.60655731187984,2389.300048828125,4,4,1.0,1.0,0.0,1.0,other,well_bound,untouched_id
ID_test,e1ac87b7f976c6d99e0d3590,fourier_random,truncated_line,8,1.0,inf,8,1.0,1.0,0.7714115768557068,0.03657919106989544,1.4395455204234153,0.07352872206299495,0.006488723998547323,1.6574840545654297,11,0.2852136790752411,0.2838200628757477,7.194905757904053,33.427298285030695,828.6525268554688,4,4,1.0,1.0,0.0,1.0,other,well_bound,untouched_id
ID_test,e1ac87b7f976c6d99e0d3590,fourier_random,truncated_line,9,1.0,inf,9,1.0,1.0,0.6814574717194555,0.032313701027974685,1.6218212391242153,0.09433800885003277,0.0035086309043500883,1.4509029388427734,10,0.31498101353645325,0.3125053644180298,6.174899101257324,28.920233041781465,528.8810424804688,4,4,1.0,1.0,1.0,1.0,other,well_bound,untouched_id
ID_test,e1ac87b7f976c6d99e0d3590,fourier_random,truncated_line,10,1.0,inf,10,1.0,1.0,0.7238798320475398,0.03432530633781723,1.6687838632038883,0.08265213735686298,0.0029151383839359887,1.3757848739624023,9,0.3318340480327606,0.3294125497341156,4.506783485412598,18.931714690511,193.97232055664062,4,4,1.0,1.0,1.0,1.0,other,well_bound,untouched_id
ID_test,25aabe1eb9766ecfe3db289d,fourier_random,truncated_line,0,1.0,inf,0,1.0,1.0,0.0,0.0,0.0,0.0,1.0,24.0,128,0.061652470380067825,0.061135586351156235,44.89534378051758,192.24053511529394,28019.55078125,4,4,1.0,1.0,0.0,1.0,other,well_bound,untouched_id
ID_test,25aabe1eb9766ecfe3db289d,fourier_random,truncated_line,1,1.0,inf,1,1.0,1.0,1.3093387920984716,0.054555783004102985,1.3093387920984716,0.3453849916870594,0.2444285953226038,9.594202995300293,49,0.10959237068891525,0.10923697799444199,44.26527404785156,182.32119872003477,27739.84765625,4,4,1.0,1.0,0.0,1.0,other,well_bound,untouched_id
ID_test,25aabe1eb9766ecfe3db289d,fourier_random,truncated_line,2,1.0,inf,2,1.0,1.0,0.8536591197897903,0.03556912999124126,1.5863638013339472,0.3533089748235841,0.15962307897637695,3.5046234130859375,21,0.14608526229858398,0.1457914263010025,39.1275520324707,165.5931672177394,24649.931640625,4,4,1.0,1.0,0.0,1.0,other,well_bound,untouched_id
ID_test,25aabe1eb9766ecfe3db289d,fourier_random,truncated_line,3,1.0,inf,3,1.0,1.0,0.4473274466800075,0.01863864361166698,1.0524451278430003,0.10449759905568123,0.040732004003831035,2.880239486694336,18,0.1740173101425171,0.1736215353012085,33.7662239074707,149.87140146100506,20622.23046875,4,4,1.0,1.0,0.0,1.0,other,well_bound,untouched_id
ID_test,25aabe1eb9766ecfe3db289d,fourier_random,truncated_line,4,1.0,inf,4,1.0,1.0,0.7971413618892541,0.033214223412052254,2.1984252132304682,0.08015174517676929,0.00041055495211750337,2.5668764114379883,16,0.21037723124027252,0.20628602802753448,28.20359230041504,137.16124248655785,16098.439453125,4,4,1.0,1.0,0.0,1.0,other,well_bound,untouched_id
ID_test,25aabe1eb9766ecfe3db289d,fourier_random,truncated_line,5,1.0,inf,5,1.0,1.0,1.6404548272843713,0.06835228447018214,4.676262127432593,0.08265993214707255,0.0035778213970275585,2.3994879722595215,13,0.23691970109939575,0.2308996170759201,15.515132904052734,95.76654060564472,5712.23193359375,4,4,1.0,1.0,0.0,1.0,other,well_bound,untouched_id
ID_test,25aabe1eb9766ecfe3db289d,fourier_random,truncated_line,6,1.0,inf,6,1.0,1.0,2.0925446521095687,0.08718936050456537,5.813356576734157,0.23514894700422742,0.012889963780641,2.2244014739990234,12,0.2582527697086334,0.2517503499984741,12.198821067810059,75.10827204565697,3367.846435546875,4,4,1.0,1.0,0.0,1.0,other,well_bound,untouched_id
ID_test,25aabe1eb9766ecfe3db289d,fourier_random,truncated_line,7,1.0,inf,7,1.0,1.0,1.228252692152171,0.05117719550634046,3.510415368656083,0.07134934702091582,0.01443611049649629,2.0023412704467773,11,0.2867162227630615,0.2790799140930176,8.980533599853516,54.727580412858984,1485.509521484375,4,4,1.0,1.0,0.0,1.0,other,well_bound,untouched_id
ID_test,25aabe1eb9766ecfe3db289d,fourier_random,truncated_line,8,1.0,inf,8,1.0,1.0,1.2895441442082753,0.05373100600867814,3.907539207757014,0.19585931605658136,0.01449147287307817,1.8917293548583984,10,0.29674187302589417,0.2905595600605011,5.778846263885498,35.611964485958794,423.58587646484375,4,4,1.0,1.0,0.0,1.0,other,well_bound,untouched_id
ID_test,25aabe1eb9766ecfe3db289d,fourier_random,truncated_line,9,1.0,inf,9,1.0,1.0,0.9282223202003093,0.03867593000834622,2.379872768919925,0.08063932945616203,0.006702620348825072,1.603048324584961,10,0.31215161085128784,0.3101547956466675,5.337618827819824,30.413848775354445,329.84710693359375,4,4,1.0,1.0,0.0,1.0,other,well_bound,untouched_id
ID_test,25aabe1eb9766ecfe3db289d,fourier_random,truncated_line,10,1.0,inf,10,1.0,1.0,0.9413074784208476,0.039221144934201986,2.6437963240204025,0.1644527294797953,0.004940900373547552,1.4847021102905273,9,0.3304544985294342,0.3294910788536072,3.888453960418701,18.684552171202323,114.47966003417969,4,4,1.0,1.0,0.0,1.0,other,well_bound,untouched_id
ID_test,274e853151ad53e27ae86187,chebyshev_random,truncated_line,0,1.0,inf,0,1.0,1.0,0.0,0.0,0.0,0.0,1.0,21.644641828379836,128,0.05251740291714668,0.05232634022831917,46.854957580566406,88.34239032689423,28841.876953125,4,4,1.0,1.0,1.0,1.0,other,well_bound,untouched_id
ID_test,274e853151ad53e27ae86187,chebyshev_random,truncated_line,1,1.0,inf,1,1.0,1.0,0.22724662893377617,0.010498978487868387,0.22724662893377617,0.03648421703896729,0.48592664844744404,10.74845880452806,63,0.09347976744174957,0.09327291697263718,46.587989807128906,97.32554963687058,28915.619140625,4,4,1.0,1.0,0.0,1.0,other,well_bound,untouched_id
ID_test,274e853151ad53e27ae86187,chebyshev_random,truncated_line,2,1.0,inf,2,1.0,1.0,0.6591437505454264,0.03045297564966753,0.8268537964936207,0.19917574905904056,0.21932763254482968,3.5513830184936523,25,0.12588603794574738,0.1254558563232422,43.593360900878906,96.12595220856377,27583.607421875,4,4,1.0,1.0,0.0,1.0,other,well_bound,untouched_id
ID_test,274e853151ad53e27ae86187,chebyshev_random,truncated_line,3,1.0,inf,3,1.0,1.0,0.7402415772929637,0.03419976099222765,1.1916311829340347,0.1633544729937052,0.11564208864105407,2.963191509246826,21,0.152256578207016,0.15172915160655975,39.22028732299805,100.76798825350279,24569.234375,4,4,1.0,1.0,0.0,1.0,other,well_bound,untouched_id
ID_test,274e853151ad53e27ae86187,chebyshev_random,truncated_line,4,1.0,inf,4,1.0,1.0,0.8258330837440198,0.038154157980161675,1.305106627868192,0.11926760333774,0.06270929890348165,2.555535316467285,18,0.17783887684345245,0.17729094624519348,32.98195266723633,99.2497975632387,19791.87109375,4,4,1.0,1.0,0.0,1.0,other,well_bound,untouched_id
ID_test,274e853151ad53e27ae86187,chebyshev_random,truncated_line,5,1.0,inf,5,1.0,1.0,0.8522193044485185,0.03937322276828406,1.391336211782619,0.09074177444104074,0.03736892282057014,2.2830867767333984,16,0.2033112496137619,0.20298047363758087,21.3953857421875,79.98789890521101,10417.0556640625,4,4,1.0,1.0,1.0,1.0,other,well_bound,untouched_id
ID_test,274e853151ad53e27ae86187,chebyshev_random,truncated_line,6,1.0,inf,6,1.0,1.0,0.9123521685905374,0.04215140984196316,1.488601017162138,0.0803329324103715,0.020576145750649172,2.0687947273254395,14,0.22400221228599548,0.22341781854629517,14.729039192199707,62.61804497733844,5127.15380859375,4,4,1.0,1.0,1.0,1.0,other,well_bound,untouched_id
ID_test,274e853151ad53e27ae86187,chebyshev_random,truncated_line,7,1.0,inf,7,1.0,1.0,0.8425962412510755,0.03892862944704806,1.5080558426469315,0.0823447533644043,0.010910166111953855,1.855417251586914,13,0.25135713815689087,0.25058525800704956,10.585530281066895,45.81197144199917,2306.781982421875,4,4,1.0,1.0,0.0,1.0,other,well_bound,untouched_id
ID_test,274e853151ad53e27ae86187,chebyshev_random,truncated_line,8,1.0,inf,8,1.0,1.0,0.9044472255303312,0.04178619506396478,1.6452049684633963,0.07778792346503924,0.005998586145110978,1.710892677307129,12,0.26986414194107056,0.26895391941070557,6.953296661376953,32.10469761768681,758.3785400390625,4,4,1.0,1.0,0.0,1.0,other,well_bound,untouched_id
ID_test,274e853151ad53e27ae86187,chebyshev_random,truncated_line,9,1.0,inf,9,1.0,1.0,0.7797230713232303,0.03602383802447032,1.6059285321001644,0.09882672544304386,0.003261076773763924,1.4436216354370117,10,0.3051249384880066,0.3043868839740753,6.417160987854004,27.83118054459217,588.2174682617188,4,4,1.0,1.0,1.0,1.0,other,well_bound,untouched_id
ID_test,274e853151ad53e27ae86187,chebyshev_random,truncated_line,10,1.0,inf,10,1.0,1.0,0.8029990483307806,0.037099207032287834,1.6975066147343227,0.09074195177354814,0.002602562708253374,1.36163330078125,10,0.32188114523887634,0.32174304127693176,4.628417491912842,18.33887656023915,210.3354034423828,4,4,1.0,1.0,1.0,1.0,other,well_bound,untouched_id
ID_test,86c0155786371b31af2ff7dd,chebyshev_random,truncated_line,0,1.0,inf,0,1.0,1.0,0.0,0.0,0.0,0.0,1.0,22.08128852298271,128,0.053832389414310455,0.05346841737627983,45.058780670166016,76.35959875978523,26499.841796875,4,4,1.0,1.0,1.0,1.0,other,well_bound,untouched_id
ID_test,86c0155786371b31af2ff7dd,chebyshev_random,truncated_line,1,1.0,inf,1,1.0,1.0,0.25218642909933564,0.011420820340119837,0.25218642909933564,0.016069742809201815,0.4870752524192954,10.46972370147705,60,0.09528788924217224,0.09489277750253677,45.69489288330078,84.1870973352321,27826.91015625,4,4,1.0,1.0,1.0,1.0,other,well_bound,untouched_id
ID_test,86c0155786371b31af2ff7dd,chebyshev_random,truncated_line,2,1.0,inf,2,1.0,1.0,0.6557469093224273,0.029696949461980485,0.7933368347856339,0.23376357999328742,0.2045785434599247,3.622303009033203,26,0.1269407421350479,0.12648558616638184,42.955631256103516,84.83427905257628,26970.587890625,4,4,1.0,1.0,0.0,1.0,other,well_bound,untouched_id
ID_test,86c0155786371b31af2ff7dd,chebyshev_random,truncated_line,3,1.0,inf,3,1.0,1.0,0.7520324366318037,0.034057452573434344,1.1870676107747666,0.18348332917120405,0.09068573704451151,3.0673470497131348,21,0.15213562548160553,0.15162509679794312,38.52003860473633,91.08191774510377,23954.408203125,4,4,1.0,1.0,0.0,1.0,other,well_bound,untouched_id
ID_test,86c0155786371b31af2ff7dd,chebyshev_random,truncated_line,4,1.0,inf,4,1.0,1.0,0.8751958081650251,0.039635178320961716,1.334260898104769,0.13156134836294847,0.04582622829916124,2.65435791015625,18,0.17639750242233276,0.17594093084335327,32.18306350708008,87.62884261892509,19117.705078125,4,4,1.0,1.0,0.0,1.0,other,well_bound,untouched_id
ID_test,86c0155786371b31af2ff7dd,chebyshev_random,truncated_line,5,1.0,inf,5,1.0,1.0,0.9223952901436977,0.041772711279219395,1.5121758781376793,0.09998669444880576,0.029606071220041864,2.383342742919922,16,0.20000304281711578,0.19910423457622528,20.371747970581055,64.93861162957069,9586.822265625,4,4,1.0,1.0,1.0,1.0,other,well_bound,untouched_id
ID_test,86c0155786371b31af2ff7dd,chebyshev_random,truncated_line,6,1.0,inf,6,1.0,1.0,0.9737705952184426,0.044099355624329616,1.6430978833564542,0.09382453645229019,0.019149041476247408,2.1732521057128906,14,0.22068104147911072,0.21990180015563965,14.494416236877441,53.29722654258808,4962.89501953125,4,4,1.0,1.0,1.0,1.0,other,well_bound,untouched_id
ID_test,86c0155786371b31af2ff7dd,chebyshev_random,truncated_line,7,1.0,inf,7,1.0,1.0,0.8885742355337379,0.04024105000072299,1.6497124069021867,0.10088719802471789,0.008780705772483022,1.9268989562988281,13,0.24801504611968994,0.24748986959457397,10.388334274291992,40.413669691791746,2203.3408203125,4,4,1.0,1.0,0.0,1.0,other,well_bound,untouched_id
ID_test,86c0155786371b31af2ff7dd,chebyshev_random,truncated_line,8,1.0,inf,8,1.0,1.0,0.9122368299144497,0.041312662934727414,1.9034725762326041,0.095444397095677,0.005932049635955949,1.7864189147949219,11,0.26621636748313904,0.2654610574245453,6.774971008300781,30.213648849929015,704.4749145507812,4,4,1.0,1.0,0.0,1.0,other,well_bound,untouched_id
ID_test,86c0155786371b31af2ff7dd,chebyshev_random,truncated_line,9,1.0,inf,9,1.0,1.0,0.8343578547657948,0.03778574125768866,2.067044029495879,0.10738535094430957,0.003360645404153928,1.5280895233154297,10,0.2959560751914978,0.2948993146419525,6.0380706787109375,24.99908139332005,493.2417907714844,4,4,1.0,1.0,0.0,1.0,other,well_bound,untouched_id
ID_test,86c0155786371b31af2ff7dd,chebyshev_random,truncated_line,10,1.0,inf,10,1.0,1.0,0.8253195726860625,0.03737642265880684,2.1393672981324814,0.09690769584544455,0.002820274006385848,1.4376001358032227,10,0.3137820363044739,0.3126952052116394,4.369922161102295,16.16779617629583,175.5546112060547,4,4,1.0,1.0,1.0,1.0,other,well_bound,untouched_id
ID_test,821e0a75f229bbfbd9a11bf6,chebyshev_random,truncated_line,0,1.0,inf,0,1.0,1.0,0.0,0.0,0.0,0.0,1.0,20.334364356261094,128,0.051527298986911774,0.05134362727403641,45.909454345703125,89.01055541354273,27761.80078125,4,4,1.0,1.0,1.0,1.0,other,well_bound,untouched_id
ID_test,821e0a75f229bbfbd9a11bf6,chebyshev_random,truncated_line,1,1.0,inf,1,1.0,1.0,0.11687293097531937,0.005747557628440614,0.11687293097531937,0.05139106675648941,0.475435817381349,10.080307256254102,63,0.09195908159017563,0.09192086011171341,45.84280776977539,99.19361489234586,28152.96484375,4,4,1.0,1.0,0.0,1.0,other,well_bound,untouched_id
ID_test,821e0a75f229bbfbd9a11bf6,chebyshev_random,truncated_line,2,1.0,inf,2,1.0,1.0,0.565707807232116,0.02782028478101557,0.6716545239291986,0.19052267347609256,0.21982472808660233,3.3633880615234375,26,0.12405526638031006,0.12375158071517944,42.4949836730957,95.85263476050109,26609.638671875,4,4,1.0,1.0,0.0,1.0,other,well_bound,untouched_id
ID_test,821e0a75f229bbfbd9a11bf6,chebyshev_random,truncated_line,3,1.0,inf,3,1.0,1.0,0.5965991845414235,0.029339455814252013,0.8966423524082383,0.16345746484060258,0.11103461456259178,2.791417121887207,21,0.1535104364156723,0.15266947448253632,38.01356887817383,98.4601525018789,23552.298828125,4,4,1.0,1.0,0.0,1.0,other,well_bound,untouched_id
ID_test,821e0a75f229bbfbd9a11bf6,chebyshev_random,truncated_line,4,1.0,inf,4,1.0,1.0,0.730221125108697,0.03591069346034693,1.0932297966231537,0.11679153688979298,0.06483827037509919,2.405388832092285,18,0.1799955815076828,0.17893558740615845,31.518579483032227,96.82099806559638,18568.09765625,4,4,1.0,1.0,0.0,1.0,other,well_bound,untouched_id
ID_test,821e0a75f229bbfbd9a11bf6,chebyshev_random,truncated_line,5,1.0,inf,5,1.0,1.0,0.7552900162580194,0.03714352723425359,1.2583077206754698,0.08546513439992526,0.037534335126303886,2.1468896865844727,16,0.20614926517009735,0.20465363562107086,21.409257888793945,77.44722580006169,10434.068359375,4,4,1.0,1.0,1.0,1.0,other,well_bound,untouched_id
ID_test,821e0a75f229bbfbd9a11bf6,chebyshev_random,truncated_line,6,1.0,inf,6,1.0,1.0,0.8437370617160265,0.041493161376162414,1.4304079410840034,0.07491862502643128,0.01978445303368903,1.9382905960083008,14,0.2265411913394928,0.22541896998882294,14.025972366333008,61.07694851378248,4630.01220703125,4,4,1.0,1.0,1.0,1.0,other,well_bound,untouched_id
ID_test,821e0a75f229bbfbd9a11bf6,chebyshev_random,truncated_line,7,1.0,inf,7,1.0,1.0,0.79447978118798,0.03907079499848512,1.426830209802863,0.0783654889511268,0.008790270044657711,1.7449626922607422,13,0.2526514232158661,0.25120022892951965,10.18580150604248,45.033934829698225,2095.92578125,4,4,1.0,1.0,0.0,1.0,other,well_bound,untouched_id
ID_test,821e0a75f229bbfbd9a11bf6,chebyshev_random,truncated_line,8,1.0,inf,8,1.0,1.0,0.8677370604089552,0.04267342933401175,1.6114532740196923,0.07721286032058622,0.005841292692729927,1.6237239837646484,12,0.269328236579895,0.2681812345981598,6.750944137573242,31.534786260660596,699.7737426757812,4,4,1.0,1.0,0.0,1.0,other,well_bound,untouched_id
ID_test,821e0a75f229bbfbd9a11bf6,chebyshev_random,truncated_line,9,1.0,inf,9,1.0,1.0,0.7679973716084073,0.037768447449498734,1.705860579859693,0.09737655320319752,0.0033610892909587122,1.3762798309326172,10,0.3007010817527771,0.3005102574825287,6.362322807312012,27.680335610980478,573.7835693359375,4,4,1.0,1.0,1.0,1.0,other,well_bound,untouched_id
ID_test,821e0a75f229bbfbd9a11bf6,chebyshev_random,truncated_line,10,1.0,inf,10,1.0,1.0,0.7829763398630459,0.038505080667641425,1.714606233337724,0.09079227831354018,0.002703807700260684,1.292764663696289,10,0.3198625445365906,0.31911009550094604,4.507027626037598,18.08145003957348,194.82986450195312,4,4,1.0,1.0,1.0,1.0,other,well_bound,untouched_id
ID_test,5cf2596d274a2a1563784332,chebyshev_random,truncated_line,0,1.0,inf,0,1.0,1.0,0.0,0.0,0.0,0.0,1.0,21.493033755761047,128,0.049331750720739365,0.04914689064025879,43.663665771484375,87.36622830566301,24957.828125,4,4,1.0,1.0,0.0,1.0,other,well_bound,untouched_id
ID_test,5cf2596d274a2a1563784332,chebyshev_random,truncated_line,1,1.0,inf,1,1.0,1.0,0.4742150183594256,0.022063661358756103,0.4742150183594256,0.1020673291682633,0.46635751129033653,9.987085342407227,59,0.08956897258758545,0.089316725730896,44.56207275390625,98.56776675065616,26773.900390625,4,4,1.0,1.0,0.0,1.0,other,well_bound,untouched_id
ID_test,5cf2596d274a2a1563784332,chebyshev_random,truncated_line,2,1.0,inf,2,1.0,1.0,0.610881070590958,0.02842228219304852,0.9819834397517084,0.1923046336564038,0.19574858049721405,3.721494674682617,27,0.12252166122198105,0.12191319465637207,40.94573211669922,99.80965363842805,25303.166015625,4,4,1.0,1.0,0.0,1.0,other,well_bound,untouched_id
ID_test,5cf2596d274a2a1563784332,chebyshev_random,truncated_line,3,1.0,inf,3,1.0,1.0,0.7023491649729173,0.032677991062320735,1.1503989733950517,0.17299884970644014,0.09363513621240704,3.0485925674438477,22,0.1527494341135025,0.151772603392601,37.08614730834961,104.61893536781119,22913.525390625,4,4,1.0,1.0,0.0,1.0,other,well_bound,untouched_id
ID_test,5cf2596d274a2a1563784332,chebyshev_random,truncated_line,4,1.0,inf,4,1.0,1.0,0.7589738149815118,0.035312549340693916,1.3211380721840311,0.12596580075563774,0.055450356553891716,2.649686813354492,18,0.17907054722309113,0.17796751856803894,29.6768741607666,100.75800845579592,17168.947265625,4,4,1.0,1.0,0.0,1.0,other,well_bound,untouched_id
ID_test,5cf2596d274a2a1563784332,chebyshev_random,truncated_line,5,1.0,inf,5,1.0,1.0,0.8178680249635715,0.03805270276209137,1.4215287689109326,0.09383382537126128,0.03344459617381037,2.3328857421875,15,0.20528976619243622,0.20398294925689697,20.37799072265625,76.34215396106876,9615.4814453125,4,4,1.0,1.0,1.0,1.0,other,well_bound,untouched_id
ID_test,5cf2596d274a2a1563784332,chebyshev_random,truncated_line,6,1.0,inf,6,1.0,1.0,0.8500813397848269,0.039551482096238225,1.5460116358386315,0.07931556098661859,0.018933299517488046,2.091510772705078,14,0.22632229328155518,0.22572195529937744,12.916369438171387,59.10274030844197,3861.619873046875,4,4,1.0,1.0,1.0,1.0,other,well_bound,untouched_id
ID_test,5cf2596d274a2a1563784332,chebyshev_random,truncated_line,7,1.0,inf,7,1.0,1.0,0.8148647648351953,0.037912970969804435,1.535274216969932,0.08018622879263905,0.010131325559306688,1.8667230606079102,12,0.25367459654808044,0.25277307629585266,9.512039184570312,43.40221712551879,1752.7841796875,4,4,1.0,1.0,0.0,1.0,other,well_bound,untouched_id
ID_test,5cf2596d274a2a1563784332,chebyshev_random,truncated_line,8,1.0,inf,8,1.0,1.0,0.8459001469155814,0.03935694497706003,1.672619723302216,0.07415808050607398,0.005665256019026954,1.7332258224487305,11,0.2722252309322357,0.2716914117336273,6.6369123458862305,31.11236696660327,667.3784790039062,4,4,1.0,1.0,0.0,1.0,other,well_bound,untouched_id
ID_test,5cf2596d274a2a1563784332,chebyshev_random,truncated_line,9,1.0,inf,9,1.0,1.0,0.7521211553143045,0.034993717678999316,1.6665014624849244,0.09321434198481719,0.003345536455129243,1.496870994567871,10,0.2941153645515442,0.2936178147792816,6.042542457580566,26.25733171920223,494.3694152832031,4,4,1.0,1.0,1.0,1.0,other,well_bound,untouched_id
ID_test,5cf2596d274a2a1563784332,chebyshev_random,truncated_line,10,1.0,inf,10,1.0,1.0,0.7742421381162232,0.036022934077823865,1.7730073324522415,0.08493042340695847,0.0027744750084888552,1.409287452697754,10,0.3142496347427368,0.313708633184433,4.340829849243164,17.49487662428628,173.87652587890625,4,4,1.0,1.0,1.0,1.0,other,well_bound,untouched_id
ID_test,5bf29e296a9023e9185afad6,chebyshev_random,truncated_line,0,1.0,inf,0,1.0,1.0,0.0,0.0,0.0,0.0,1.0,22.74983460109773,128,0.043359581381082535,0.043096259236335754,40.55556869506836,110.37616974773309,20473.712890625,4,4,1.0,1.0,0.0,1.0,other,well_bound,untouched_id
ID_test,5bf29e296a9023e9185afad6,chebyshev_random,truncated_line,1,1.0,inf,1,1.0,1.0,1.4846471005425683,0.06525968766695696,1.4846471005425683,0.16894192710868222,0.44692513382677657,10.21330738067627,56,0.08114799857139587,0.08090896904468536,42.80060577392578,121.16895046086773,24256.0703125,4,4,1.0,1.0,1.0,1.0,other,well_bound,untouched_id
ID_test,5bf29e296a9023e9185afad6,chebyshev_random,truncated_line,2,1.0,inf,2,1.0,1.0,0.9279171775773747,0.04078786478441476,1.5688380108455582,0.17333502134871556,0.18572852938310502,4.275540351867676,29,0.11715151369571686,0.11642251163721085,40.97976303100586,112.75525514620026,24931.939453125,4,4,1.0,1.0,1.0,1.0,other,well_bound,untouched_id
ID_test,5bf29e296a9023e9185afad6,chebyshev_random,truncated_line,3,1.0,inf,3,1.0,1.0,0.8790341561549821,0.038639144924269765,1.572755084626717,0.11918828182928591,0.10984607907236865,3.4422879219055176,22,0.14692042768001556,0.14584560692310333,36.6148567199707,114.7191450884073,22264.177734375,4,4,1.0,1.0,0.0,1.0,other,well_bound,untouched_id
ID_test,5bf29e296a9023e9185afad6,chebyshev_random,truncated_line,4,1.0,inf,4,1.0,1.0,0.8607202574343435,0.03783413253443222,1.556392727415612,0.10252884885642691,0.061121564502295445,2.9299139976501465,18,0.17743487656116486,0.175716832280159,29.871713638305664,104.58788791455459,17198.103515625,4,4,1.0,1.0,1.0,1.0,other,well_bound,untouched_id
ID_test,5bf29e296a9023e9185afad6,chebyshev_random,truncated_line,5,1.0,inf,5,1.0,1.0,0.8634153326501648,0.03795259824036273,1.6478628277425593,0.08016047104215708,0.03614663949431207,2.57163143157959,16,0.20476901531219482,0.20290659368038177,18.766624450683594,78.77451645851272,8279.3583984375,4,4,1.0,1.0,0.0,1.0,other,well_bound,untouched_id
ID_test,5bf29e296a9023e9185afad6,chebyshev_random,truncated_line,6,1.0,inf,6,1.0,1.0,0.8970496457566798,0.039431040334394124,1.7368426478224452,0.07111777601619491,0.020998386291546267,2.280993938446045,14,0.2312776744365692,0.2290506511926651,13.081801414489746,58.72608290860913,3981.648193359375,4,4,1.0,1.0,0.0,1.0,other,well_bound,untouched_id
ID_test,5bf29e296a9023e9185afad6,chebyshev_random,truncated_line,7,1.0,inf,7,1.0,1.0,0.7946108878393866,0.03492820505169936,1.6352528151343133,0.07245237800965641,0.009470792485393509,2.0007247924804688,12,0.26197367906570435,0.25964003801345825,9.77760124206543,43.53287063714096,1890.57666015625,4,4,1.0,1.0,0.0,1.0,other,well_bound,untouched_id
ID_test,5bf29e296a9023e9185afad6,chebyshev_random,truncated_line,8,1.0,inf,8,1.0,1.0,0.8575232021272243,0.03769360160912321,1.7887883804047897,0.06632649754086141,0.006439690182547975,1.8515300750732422,11,0.2796834409236908,0.2783173620700836,6.703770637512207,31.723625227465703,689.037353515625,4,4,1.0,1.0,0.0,1.0,other,well_bound,untouched_id
ID_test,5bf29e296a9023e9185afad6,chebyshev_random,truncated_line,9,1.0,inf,9,1.0,1.0,0.803346131701042,0.03531217460641576,1.8825668365248314,0.08071362699459088,0.003843064760920667,1.6391887664794922,10,0.2901292145252228,0.28961703181266785,5.7155375480651855,26.22806591596699,419.3232727050781,4,4,1.0,1.0,1.0,1.0,other,well_bound,untouched_id
ID_test,5bf29e296a9023e9185afad6,chebyshev_random,truncated_line,10,1.0,inf,10,1.0,1.0,0.8007421398763089,0.035197712595135586,1.9047176141992574,0.07503271997669446,0.0032109184287381076,1.5394287109375,10,0.31640005111694336,0.3144570589065552,4.273153305053711,17.751380707890075,164.8618621826172,4,4,1.0,1.0,1.0,1.0,other,well_bound,untouched_id
ID_test,f02f6a969035c43da602808d,gaussian_random_field,truncated_line,0,1.0,inf,0,1.0,1.0,0.0,0.0,0.0,0.0,1.0,24.0,128,0.06203072518110275,0.06166887283325195,48.29672622680664,127.04203154641604,31119.685546875,4,4,1.0,1.0,0.0,1.0,other,well_bound,untouched_id
ID_test,f02f6a969035c43da602808d,gaussian_random_field,truncated_line,1,1.0,inf,1,1.0,1.0,0.02788399243703754,0.0011618330182098975,0.02788399243703754,0.13287907854169878,0.4920537574250078,11.320978164672852,60,0.11201842874288559,0.1114424467086792,47.60238265991211,108.9395325279661,30560.66015625,4,4,1.0,1.0,0.0,1.0,other,well_bound,untouched_id
ID_test,f02f6a969035c43da602808d,gaussian_random_field,truncated_line,2,1.0,inf,2,1.0,1.0,0.8561288511290049,0.03567203546370854,0.91464637081847,0.185989465842212,0.15337389549698632,3.359050750732422,22,0.1469222903251648,0.1463656723499298,43.898040771484375,102.6402127798084,28290.09765625,4,4,1.0,1.0,0.0,1.0,other,well_bound,untouched_id
ID_test,f02f6a969035c43da602808d,gaussian_random_field,truncated_line,3,1.0,inf,3,1.0,1.0,1.113482154090518,0.04639508975377158,1.9114612723376398,0.16580576671152203,0.036207791589241665,2.9036378860473633,19,0.1720522791147232,0.1716221123933792,39.33905792236328,103.7207395518475,25065.75,4,4,1.0,1.0,0.0,1.0,other,well_bound,untouched_id
ID_test,f02f6a969035c43da602808d,gaussian_random_field,truncated_line,4,1.0,inf,4,1.0,1.0,1.2772953761378774,0.05322064067241156,2.7459662444038138,0.17083417797113024,0.013362641571094557,2.577850341796875,16,0.19455641508102417,0.19269581139087677,33.73550796508789,108.76911651206403,20630.798828125,4,4,1.0,1.0,0.0,1.0,other,well_bound,untouched_id
ID_test,f02f6a969035c43da602808d,gaussian_random_field,truncated_line,5,1.0,inf,5,1.0,1.0,1.3001100499195757,0.05417125207998232,2.2994859355937263,0.11164319499642433,0.012450612255418547,2.363377571105957,15,0.2170642763376236,0.2139870673418045,20.943031311035156,89.74403982030475,10107.8134765625,4,4,1.0,1.0,0.0,1.0,other,well_bound,untouched_id
ID_test,f02f6a969035c43da602808d,gaussian_random_field,truncated_line,6,1.0,inf,6,1.0,1.0,1.2700255299041026,0.05291773041267094,2.477681651207318,0.18417360434960597,0.020319137168494518,2.2020435333251953,14,0.23330871760845184,0.23028168082237244,15.337478637695312,72.45259855548838,5576.056640625,4,4,1.0,1.0,0.0,1.0,other,well_bound,untouched_id
ID_test,f02f6a969035c43da602808d,gaussian_random_field,truncated_line,7,1.0,inf,7,1.0,1.0,1.1319177702699819,0.04716324042791591,2.8201059925076186,0.13822753490719505,0.01236751053693301,1.9745674133300781,12,0.2581566870212555,0.2548198401927948,10.829493522644043,53.72527346944925,2421.524169921875,4,4,1.0,1.0,0.0,1.0,other,well_bound,untouched_id
ID_test,f02f6a969035c43da602808d,gaussian_random_field,truncated_line,8,1.0,inf,8,1.0,1.0,1.0244798093212086,0.04268665872171703,1.5527821421255243,0.10061991727320667,0.007908929992716331,1.8393678665161133,11,0.27265664935112,0.27083343267440796,7.074280738830566,37.394736966416595,780.793212890625,4,4,1.0,1.0,1.0,1.0,other,well_bound,untouched_id
ID_test,f02f6a969035c43da602808d,gaussian_random_field,truncated_line,9,1.0,inf,9,1.0,1.0,0.7801109090014348,0.03250462120839311,1.3812650255715355,0.12176941816434286,0.003649151792346698,1.480097770690918,9,0.33187130093574524,0.32882869243621826,7.1178693771362305,32.22643231788155,782.0623779296875,4,4,1.0,1.0,1.0,1.0,other,well_bound,untouched_id
ID_test,f02f6a969035c43da602808d,gaussian_random_field,truncated_line,10,1.0,inf,10,1.0,1.0,0.7979467745470662,0.03324778227279442,1.7973967144441136,0.10595910331626736,0.00263461031778478,1.4142341613769531,9,0.3506440222263336,0.3468084931373596,4.907512664794922,20.392123617722753,247.2014617919922,4,4,1.0,1.0,1.0,1.0,other,well_bound,untouched_id
ID_test,9cc1088a1e9eef230167a3e7,gaussian_random_field,truncated_line,0,1.0,inf,0,1.0,1.0,0.0,0.0,0.0,0.0,1.0,20.119130044233497,128,0.05723122879862785,0.05678845942020416,48.287044525146484,100.68030994914255,30794.494140625,4,4,1.0,1.0,0.0,1.0,other,well_bound,untouched_id
ID_test,9cc1088a1e9eef230167a3e7,gaussian_random_field,truncated_line,1,1.0,inf,1,1.0,1.0,0.42035647684444744,0.020893372423174388,0.42035647684444744,0.35327974107830284,0.47060332792355564,10.013230566931554,64,0.10089126229286194,0.10026784241199493,47.55924987792969,99.8322242377826,30257.375,4,4,1.0,1.0,0.0,1.0,other,well_bound,untouched_id
ID_test,9cc1088a1e9eef230167a3e7,gaussian_random_field,truncated_line,2,1.0,inf,2,1.0,1.0,0.629249143946867,0.03127616067709752,0.6301138725191746,0.17795415817190885,0.1628985681391616,3.16168212890625,25,0.13204491138458252,0.13138750195503235,44.20261764526367,104.4777412494559,28426.970703125,4,4,1.0,1.0,0.0,1.0,other,well_bound,untouched_id
ID_test,9cc1088a1e9eef230167a3e7,gaussian_random_field,truncated_line,3,1.0,inf,3,1.0,1.0,0.9003654203728716,0.04475170737469001,1.3816986824012587,0.21807871606832782,0.06396780003793956,2.6925830841064453,20,0.15571291744709015,0.15498167276382446,39.7484245300293,107.86955069881142,25267.29296875,4,4,1.0,1.0,0.0,1.0,other,well_bound,untouched_id
ID_test,9cc1088a1e9eef230167a3e7,gaussian_random_field,truncated_line,4,1.0,inf,4,1.0,1.0,0.9564420238554541,0.047538935418809894,1.929352684751705,0.16432501045931866,0.054274355190922365,2.3498106002807617,18,0.17800553143024445,0.17764659225940704,33.51348114013672,106.02242504320571,20396.927734375,4,4,1.0,1.0,0.0,1.0,other,well_bound,untouched_id
ID_test,9cc1088a1e9eef230167a3e7,gaussian_random_field,truncated_line,5,1.0,inf,5,1.0,1.0,0.7882857346559841,0.03918090558204433,1.3704749549888358,0.1383665420459257,0.0312186338434069,2.10611629486084,16,0.20028561353683472,0.19867490231990814,21.5264835357666,83.53286053212412,10547.49609375,4,4,1.0,1.0,1.0,1.0,other,well_bound,untouched_id
ID_test,9cc1088a1e9eef230167a3e7,gaussian_random_field,truncated_line,6,1.0,inf,6,1.0,1.0,0.7778158793806863,0.03866051254058186,1.4078069481535396,0.05484472172743325,0.019806703160468238,1.9322328567504883,14,0.22156548500061035,0.22029732167720795,15.02938175201416,65.48218394739408,5345.97021484375,4,4,1.0,1.0,1.0,1.0,other,well_bound,untouched_id
ID_test,9cc1088a1e9eef230167a3e7,gaussian_random_field,truncated_line,7,1.0,inf,7,1.0,1.0,0.7483555300579875,0.037196217153160634,1.4061142387979304,0.08653073142642037,0.011907679346112903,1.7054252624511719,13,0.2467956393957138,0.24552148580551147,10.804211616516113,47.99808169962192,2419.753173828125,4,4,1.0,1.0,0.0,1.0,other,well_bound,untouched_id
ID_test,9cc1088a1e9eef230167a3e7,gaussian_random_field,truncated_line,8,1.0,inf,8,1.0,1.0,0.8019513074296752,0.03986013836913037,1.5277800236583818,0.09146807727307432,0.006638644546729839,1.57973051071167,12,0.26953721046447754,0.2646275758743286,7.137082099914551,33.44843733219963,811.5228881835938,4,4,1.0,1.0,0.0,1.0,other,well_bound,untouched_id
ID_test,9cc1088a1e9eef230167a3e7,gaussian_random_field,truncated_line,9,1.0,inf,9,1.0,1.0,0.6615180078507202,0.03288005030020287,1.4203878709162883,0.10456684060962243,0.0032563007634607032,1.2974138259887695,10,0.31795647740364075,0.3145293593406677,6.808384418487549,29.572231774425077,696.0631713867188,4,4,1.0,1.0,1.0,1.0,other,well_bound,untouched_id
ID_test,9cc1088a1e9eef230167a3e7,gaussian_random_field,truncated_line,10,1.0,inf,10,1.0,1.0,0.6882788524934417,0.034210169673351,1.4649356039276098,0.09431624924136374,0.002527866827342853,1.2437896728515625,9,0.33530786633491516,0.3321124315261841,4.849469184875488,19.40290599256113,241.77818298339844,4,4,1.0,1.0,1.0,1.0,other,well_bound,untouched_id
ID_test,bcc67832c8620c86b4a26baa,gaussian_random_field,truncated_line,0,1.0,inf,0,1.0,1.0,0.0,0.0,0.0,0.0,1.0,19.28469056591524,128,0.061216920614242554,0.05979083478450775,42.54472732543945,102.6515894262653,23898.056640625,4,4,1.0,1.0,0.0,1.0,other,well_bound,untouched_id
ID_test,bcc67832c8620c86b4a26baa,gaussian_random_field,truncated_line,1,1.0,inf,1,1.0,1.0,0.9014020938070431,0.046741848966984606,0.9014020938070431,0.24576284551761798,0.25869989548345557,6.7284770011901855,41,0.10731049627065659,0.1054338812828064,43.61562728881836,108.36823823285849,26184.126953125,4,4,1.0,1.0,0.0,1.0,other,well_bound,untouched_id
ID_test,bcc67832c8620c86b4a26baa,gaussian_random_field,truncated_line,2,1.0,inf,2,1.0,1.0,1.111421188558674,0.05763230603881492,2.0723309718845915,0.2633727575351216,0.08493876876152472,3.4466562271118164,26,0.14056821167469025,0.1385127156972885,39.485511779785156,76.71550112982295,24714.658203125,4,4,1.0,1.0,0.0,1.0,other,well_bound,untouched_id
ID_test,bcc67832c8620c86b4a26baa,gaussian_random_field,truncated_line,3,1.0,inf,3,1.0,1.0,0.9592945634295041,0.049743840076179956,1.5808137021661661,0.16929959872145564,0.05024083146196675,2.712986946105957,20,0.16931313276290894,0.1672256737947464,35.209774017333984,69.19064862742798,21825.8515625,4,4,1.0,1.0,0.0,1.0,other,well_bound,untouched_id
ID_test,bcc67832c8620c86b4a26baa,gaussian_random_field,truncated_line,4,1.0,inf,4,1.0,1.0,1.100441109846395,0.05706293840106367,1.6971190332862691,0.15435208031375963,0.02299492213480994,2.404848098754883,16,0.19367444515228271,0.19166436791419983,27.24563217163086,61.86858006815062,15351.1845703125,4,4,1.0,1.0,1.0,1.0,other,well_bound,untouched_id
ID_test,bcc67832c8620c86b4a26baa,gaussian_random_field,truncated_line,5,1.0,inf,5,1.0,1.0,1.1497341122119409,0.059619007537722195,2.1492336429316357,0.14245598658641626,0.010414697747286464,2.140348434448242,14,0.21555088460445404,0.21401868760585785,18.006601333618164,42.44503505702893,7711.42529296875,4,4,1.0,1.0,0.0,1.0,other,well_bound,untouched_id
ID_test,bcc67832c8620c86b4a26baa,gaussian_random_field,truncated_line,6,1.0,inf,6,1.0,1.0,1.234357762995986,0.06400713347081927,2.395020317096248,0.09056790531161892,0.009035701638127459,1.9263067245483398,13,0.23896732926368713,0.237531840801239,11.984615325927734,40.95772401560967,3250.37548828125,4,4,1.0,1.0,0.0,1.0,other,well_bound,untouched_id
ID_test,bcc67832c8620c86b4a26baa,gaussian_random_field,truncated_line,7,1.0,inf,7,1.0,1.0,1.3220524151405872,0.06855450496453654,2.582561888270346,0.0935998180594021,0.006316530133388514,1.7014827728271484,12,0.2670714557170868,0.26554206013679504,9.126958847045898,32.50400353778228,1563.0908203125,4,4,1.0,1.0,1.0,1.0,other,well_bound,untouched_id
ID_test,bcc67832c8620c86b4a26baa,gaussian_random_field,truncated_line,8,1.0,inf,8,1.0,1.0,1.3350935392125833,0.0692307472940373,2.630863515038862,0.11700340218630645,0.004606767677499773,1.5964984893798828,11,0.28793710470199585,0.28659993410110474,6.551064491271973,25.647433334670527,638.3886108398438,4,4,1.0,1.0,1.0,1.0,other,well_bound,untouched_id
ID_test,bcc67832c8620c86b4a26baa,gaussian_random_field,truncated_line,9,1.0,inf,9,1.0,1.0,0.9994478334274428,0.05182597200672323,2.238473962424094,0.09445103161821497,0.003800004986715433,1.4246044158935547,10,0.3206435739994049,0.31748834252357483,5.663629055023193,19.220986582999647,407.8218688964844,4,4,1.0,1.0,0.0,1.0,other,well_bound,untouched_id
ID_test,bcc67832c8620c86b4a26baa,gaussian_random_field,truncated_line,10,1.0,inf,10,1.0,1.0,1.050289951459681,0.05446236992342609,2.056208220975649,0.07455322616882312,0.003996037955234118,1.3452949523925781,9,0.34244605898857117,0.34013694524765015,3.9948601722717285,12.473123821237062,133.34613037109375,4,4,1.0,1.0,1.0,1.0,other,well_bound,untouched_id
ID_test,6ad82fde733ce9ebca2e73d9,gaussian_random_field,truncated_line,0,1.0,inf,0,1.0,1.0,0.0,0.0,0.0,0.0,1.0,18.191187843135864,128,0.05205151438713074,0.05182112380862236,45.19847106933594,94.10275626980628,26861.80078125,4,4,1.0,1.0,0.0,1.0,other,well_bound,untouched_id
ID_test,6ad82fde733ce9ebca2e73d9,gaussian_random_field,truncated_line,1,1.0,inf,1,1.0,1.0,0.4127097178060062,0.022687342979734838,0.4127097178060062,0.25744825452463405,0.4654122033086292,8.889595124905556,62,0.09388479590415955,0.09352581948041916,45.5609130859375,100.04012955640258,27690.287109375,4,4,1.0,1.0,0.0,1.0,other,well_bound,untouched_id
ID_test,6ad82fde733ce9ebca2e73d9,gaussian_random_field,truncated_line,2,1.0,inf,2,1.0,1.0,0.3726353403918466,0.020484387474040307,0.3935741240808528,0.14169720217729556,0.2507828827625474,2.9592204093933105,25,0.12747246026992798,0.12697359919548035,42.95061111450195,94.74521381691201,26872.720703125,4,4,1.0,1.0,0.0,1.0,other,well_bound,untouched_id
ID_test,6ad82fde733ce9ebca2e73d9,gaussian_random_field,truncated_line,3,1.0,inf,3,1.0,1.0,0.458205207662143,0.025188306097066605,0.7438634048364317,0.13421842333488918,0.11467053753076333,2.4415273666381836,20,0.15853257477283478,0.15705585479736328,38.83444595336914,96.46939510863189,24112.58203125,4,4,1.0,1.0,0.0,1.0,other,well_bound,untouched_id
ID_test,6ad82fde733ce9ebca2e73d9,gaussian_random_field,truncated_line,4,1.0,inf,4,1.0,1.0,0.6181534187483902,0.033980926593622084,1.0559598195816684,0.10000849280232874,0.053922273716599536,2.117051124572754,17,0.18601296842098236,0.1842375248670578,33.202049255371094,96.07595266005414,19881.068359375,4,4,1.0,1.0,0.0,1.0,other,well_bound,untouched_id
ID_test,6ad82fde733ce9ebca2e73d9,gaussian_random_field,truncated_line,5,1.0,inf,5,1.0,1.0,0.6869630442091348,0.037763506711759265,1.2651224852765903,0.07537615726704246,0.02822118177493294,1.893838882446289,15,0.21246682107448578,0.21031618118286133,21.869373321533203,78.17954727037933,10818.775390625,4,4,1.0,1.0,1.0,1.0,other,well_bound,untouched_id
ID_test,6ad82fde733ce9ebca2e73d9,gaussian_random_field,truncated_line,6,1.0,inf,6,1.0,1.0,0.7851985298619718,0.04316367554624824,1.47780959889087,0.0806409492720039,0.01719983410479487,1.7166919708251953,13,0.23203332722187042,0.23037926852703094,15.092700958251953,62.050528113362965,5399.78076171875,4,4,1.0,1.0,1.0,1.0,other,well_bound,untouched_id
ID_test,6ad82fde733ce9ebca2e73d9,gaussian_random_field,truncated_line,7,1.0,inf,7,1.0,1.0,0.7557897022842407,0.04154702314117575,1.4664705912729614,0.09676971956847089,0.010439880523229196,1.5448532104492188,12,0.25801587104797363,0.2559969127178192,10.651119232177734,45.33200714023853,2341.64697265625,4,4,1.0,1.0,0.0,1.0,other,well_bound,untouched_id
ID_test,6ad82fde733ce9ebca2e73d9,gaussian_random_field,truncated_line,8,1.0,inf,8,1.0,1.0,0.7900053215633307,0.0434279129200145,1.4670047106737218,0.09302043914695997,0.00576471171904503,1.4399824142456055,11,0.27441442012786865,0.2725224494934082,6.8182196617126465,31.004563039983893,713.4937744140625,4,4,1.0,1.0,0.0,1.0,other,well_bound,untouched_id
ID_test,6ad82fde733ce9ebca2e73d9,gaussian_random_field,truncated_line,9,1.0,inf,9,1.0,1.0,0.6765687361042847,0.03719211422246824,1.4347331985030252,0.09957329793180036,0.0030063527491134066,1.2259974479675293,10,0.3022037744522095,0.3011401891708374,6.245114326477051,26.728097681375054,542.553466796875,4,4,1.0,1.0,1.0,1.0,other,well_bound,untouched_id
ID_test,6ad82fde733ce9ebca2e73d9,gaussian_random_field,truncated_line,10,1.0,inf,10,1.0,1.0,0.6909267019603492,0.037981395603094645,1.431642812725443,0.08788451414430243,0.002416508088670293,1.1603918075561523,9,0.318939745426178,0.318014919757843,4.417965888977051,17.161806646033437,180.67074584960938,4,4,1.0,1.0,1.0,1.0,other,well_bound,untouched_id
ID_test,e87d3fb8f80d4706fdc281c4,gaussian_random_field,truncated_line,0,1.0,inf,0,1.0,1.0,0.0,0.0,0.0,0.0,1.0,21.910439513639496,128,0.06255479902029037,0.06112878397107124,45.161563873291016,117.56549026101177,27080.642578125,4,4,1.0,1.0,0.0,1.0,other,well_bound,untouched_id
ID_test,e87d3fb8f80d4706fdc281c4,gaussian_random_field,truncated_line,1,1.0,inf,1,1.0,1.0,1.2174520021012345,0.05556492836865992,1.2174520021012345,0.2349238532567042,0.36400074472862387,8.788907051086426,49,0.1117948442697525,0.10922684520483017,45.53507995605469,122.23690352921815,27664.1171875,4,4,1.0,1.0,0.0,1.0,other,well_bound,untouched_id
ID_test,e87d3fb8f80d4706fdc281c4,gaussian_random_field,truncated_line,2,1.0,inf,2,1.0,1.0,1.141933394031255,0.0521182331062044,1.8512056839719015,0.05782005135847287,0.1506110489219027,3.3619723320007324,23,0.15260730683803558,0.14956605434417725,43.59326934814453,114.24056902714472,27417.634765625,4,4,1.0,1.0,0.0,1.0,other,well_bound,untouched_id
ID_test,e87d3fb8f80d4706fdc281c4,gaussian_random_field,truncated_line,3,1.0,inf,3,1.0,1.0,1.1233154173564681,0.05126850224328871,2.2462690225055244,0.20278191471116758,0.09120296569932684,2.7594728469848633,18,0.1841346174478531,0.18090514838695526,40.0771484375,112.68920170795502,25088.73828125,4,4,1.0,1.0,0.0,1.0,other,well_bound,untouched_id
ID_test,e87d3fb8f80d4706fdc281c4,gaussian_random_field,truncated_line,4,1.0,inf,4,1.0,1.0,0.9623338389604588,0.04392124760260492,1.672214243176845,0.09176716344830946,0.03016461028085282,2.388620376586914,15,0.2143256962299347,0.2104046642780304,35.480506896972656,110.10924397857362,21730.33203125,4,4,1.0,1.0,0.0,1.0,other,well_bound,untouched_id
ID_test,e87d3fb8f80d4706fdc281c4,gaussian_random_field,truncated_line,5,1.0,inf,5,1.0,1.0,1.0544402102547257,0.04812501408738628,1.9508991784376837,0.07063274885468,0.005768399659481838,2.1553072929382324,13,0.23919539153575897,0.23496194183826447,24.031002044677734,90.13643108794317,12664.0654296875,4,4,1.0,1.0,0.0,1.0,other,well_bound,untouched_id
ID_test,e87d3fb8f80d4706fdc281c4,gaussian_random_field,truncated_line,6,1.0,inf,6,1.0,1.0,1.3175620162313457,0.06013398386696663,2.7699733638373853,0.074317768827411,0.00743221935786631,1.9919896125793457,13,0.258335679769516,0.25423917174339294,17.578453063964844,73.61696734034962,7306.46875,4,4,1.0,1.0,0.0,1.0,other,well_bound,untouched_id
ID_test,e87d3fb8f80d4706fdc281c4,gaussian_random_field,truncated_line,7,1.0,inf,7,1.0,1.0,1.4134462159699273,0.06451017174210683,3.247688283605984,0.09875349850434156,0.005532886294692507,1.7840852737426758,11,0.287045419216156,0.2826107442378998,12.374312400817871,53.898028001760686,3358.503173828125,4,4,1.0,1.0,1.0,1.0,other,well_bound,untouched_id
ID_test,e87d3fb8f80d4706fdc281c4,gaussian_random_field,truncated_line,8,1.0,inf,8,1.0,1.0,1.3489835729480526,0.061568074529417594,3.1610237104111243,0.18431627541032192,0.004358331149591832,1.665750503540039,11,0.30535954236984253,0.3008255660533905,7.719081401824951,35.96989616936304,1004.0951538085938,4,4,1.0,1.0,1.0,1.0,other,well_bound,untouched_id
ID_test,e87d3fb8f80d4706fdc281c4,gaussian_random_field,truncated_line,9,1.0,inf,9,1.0,1.0,1.01784367784259,0.04645473575319978,2.0189742625204596,0.09014487142807641,0.0027260903854159357,1.4742698669433594,10,0.331184059381485,0.325801819562912,6.757103443145752,32.260572912331064,681.7252807617188,4,4,1.0,1.0,0.0,1.0,other,well_bound,untouched_id
ID_test,e87d3fb8f80d4706fdc281c4,gaussian_random_field,truncated_line,10,1.0,inf,10,1.0,1.0,1.0297612465616293,0.04699865769103314,2.278857225833602,0.08920797960217895,0.002539759523713103,1.3887081146240234,9,0.3543737828731537,0.34787851572036743,4.667603015899658,19.56489056113057,214.33230590820312,4,4,1.0,1.0,1.0,1.0,other,well_bound,untouched_id
ID_test,ffc49e88c9f02f6d240ff22c,reflected_potential,truncated_line,0,1.0,inf,0,1.0,1.0,0.0,0.0,0.0,0.0,1.0,19.84681968127794,256,0.04052390903234482,0.039451926946640015,51.681060791015625,165.65453961975052,33999.32421875,4,4,1.0,1.0,0.0,1.0,other,well_bound,untouched_id
ID_test,ffc49e88c9f02f6d240ff22c,reflected_potential,truncated_line,1,1.0,inf,1,1.0,1.0,1.3214569768619384,0.06658280762778863,1.3214569768619384,0.23454355017846285,0.06932289303509657,7.336039346805283,88,0.06638474017381668,0.06469356268644333,51.4218864440918,159.03157787938335,33664.37109375,4,4,1.0,1.0,0.0,1.0,other,well_bound,untouched_id
ID_test,ffc49e88c9f02f6d240ff22c,reflected_potential,truncated_line,2,1.0,inf,2,1.0,1.0,2.289720565157035,0.11536964621676855,3.5670833905732087,0.1145633427868763,0.04066188894895006,3.65584659576416,56,0.08054017275571823,0.07851502299308777,50.11933517456055,141.94353723083276,32879.94140625,4,4,1.0,1.0,0.0,1.0,other,well_bound,untouched_id
ID_test,ffc49e88c9f02f6d240ff22c,reflected_potential,truncated_line,3,1.0,inf,3,1.0,1.0,2.264138659595552,0.11408067871606539,4.071409264696057,0.36389065814683086,0.034996406603626073,2.6685609817504883,40,0.09333764016628265,0.09116475284099579,47.830020904541016,133.04193686249909,31357.23046875,4,4,1.0,1.0,0.0,1.0,other,well_bound,untouched_id
ID_test,ffc49e88c9f02f6d240ff22c,reflected_potential,truncated_line,4,1.0,inf,4,1.0,1.0,1.8065357637704982,0.09102394201095372,2.9287780283970255,0.18496340663799207,0.03115332881401642,2.3022632598876953,33,0.10429646819829941,0.10205293446779251,43.187679290771484,124.13362409649145,27896.7421875,4,4,1.0,1.0,0.0,1.0,other,well_bound,untouched_id
ID_test,ffc49e88c9f02f6d240ff22c,reflected_potential,truncated_line,5,1.0,inf,5,1.0,1.0,1.5007699187673953,0.07561765274580055,2.2171105721932474,0.09723788019406467,0.025589234245328482,2.0312652587890625,28,0.11667653918266296,0.11466684192419052,34.27444076538086,102.56860569892909,21133.447265625,4,4,1.0,1.0,0.0,1.0,other,well_bound,untouched_id
ID_test,ffc49e88c9f02f6d240ff22c,reflected_potential,truncated_line,6,1.0,inf,6,1.0,1.0,1.3408509973915068,0.06755999293208519,2.013573428355783,0.08018322847403626,0.021914254821625324,1.8637666702270508,25,0.1271425187587738,0.12535561621189117,26.087249755859375,85.37101146704262,14444.2177734375,4,4,1.0,1.0,0.0,1.0,other,well_bound,untouched_id
ID_test,ffc49e88c9f02f6d240ff22c,reflected_potential,truncated_line,7,1.0,inf,7,1.0,1.0,1.0876936266185877,0.0548044293285256,1.6866900985601632,0.07551905032895481,0.012947425273536744,1.660902976989746,22,0.14231567084789276,0.1406397521495819,17.800073623657227,62.68439846016511,7326.9150390625,4,4,1.0,1.0,0.0,1.0,other,well_bound,untouched_id
ID_test,ffc49e88c9f02f6d240ff22c,reflected_potential,truncated_line,8,1.0,inf,8,1.0,1.0,0.9391120594047331,0.04731801238112844,1.557481539359923,0.07154563101722468,0.00870815260190523,1.4912452697753906,21,0.15519927442073822,0.15363278985023499,10.744972229003906,42.77792670061046,2411.66015625,4,4,1.0,1.0,0.0,1.0,other,well_bound,untouched_id
ID_test,ffc49e88c9f02f6d240ff22c,reflected_potential,truncated_line,9,1.0,inf,9,1.0,1.0,0.637256654484307,0.03210875418420056,1.2783844612230713,0.10196264394487646,0.004321606675188738,1.242253303527832,17,0.18669550120830536,0.1832912415266037,9.133111000061035,35.33054232427486,1561.349853515625,4,4,1.0,1.0,0.0,1.0,other,well_bound,untouched_id
ID_test,ffc49e88c9f02f6d240ff22c,reflected_potential,truncated_line,10,1.0,inf,10,1.0,1.0,0.5938726387782746,0.029922811226953974,1.3903005456800304,0.09545682727436516,0.0033153615694022642,1.200606346130371,17,0.19789832830429077,0.19409750401973724,6.284843921661377,23.59805260978208,539.7534790039062,4,4,1.0,1.0,1.0,1.0,other,well_bound,untouched_id
ID_test,48c62afc9a0461048670b871,reflected_potential,truncated_line,0,1.0,inf,0,1.0,1.0,0.0,0.0,0.0,0.0,1.0,19.83743987913259,128,0.07442475110292435,0.07307504862546921,48.75413131713867,126.26581466936825,31674.80859375,4,4,1.0,1.0,0.0,1.0,other,well_bound,untouched_id
ID_test,48c62afc9a0461048670b871,reflected_potential,truncated_line,1,1.0,inf,1,1.0,1.0,1.2028979905023667,0.06063776363439517,1.2028979905023667,0.22350910012429126,0.16502577247274386,7.227183684064229,43,0.12667147815227509,0.12442118674516678,47.692222595214844,120.79698588728355,30739.548828125,4,4,1.0,1.0,0.0,1.0,other,well_bound,untouched_id
ID_test,48c62afc9a0461048670b871,reflected_potential,truncated_line,2,1.0,inf,2,1.0,1.0,1.6875527100607,0.08506907747888735,2.742423727794848,0.12472318281298099,0.03588810188694358,3.23384428024292,24,0.16192986071109772,0.15899114310741425,43.434085845947266,111.88379881896925,28088.0390625,4,4,1.0,1.0,0.0,1.0,other,well_bound,untouched_id
ID_test,48c62afc9a0461048670b871,reflected_potential,truncated_line,3,1.0,inf,3,1.0,1.0,1.7421715547002485,0.0878223987225728,3.3495532222824855,0.3352945807733905,0.03708567085175052,2.575676441192627,19,0.18796545267105103,0.18443229794502258,39.3955192565918,114.17109267704657,25213.572265625,4,4,1.0,1.0,0.0,1.0,other,well_bound,untouched_id
ID_test,48c62afc9a0461048670b871,reflected_potential,truncated_line,4,1.0,inf,4,1.0,1.0,1.4098506384451595,0.07107019086309672,2.2488840887996813,0.1594634325390949,0.022448103273034037,2.233213424682617,16,0.21305447816848755,0.20897777378559113,32.51164245605469,110.74934299052232,19798.89453125,4,4,1.0,1.0,0.0,1.0,other,well_bound,untouched_id
ID_test,48c62afc9a0461048670b871,reflected_potential,truncated_line,5,1.0,inf,5,1.0,1.0,1.268118923163233,0.06392553327897887,1.9944581636874577,0.1074035942587539,0.015142318469359983,2.0167675018310547,14,0.23674246668815613,0.23243071138858795,22.71172523498535,87.3148508710691,11627.70703125,4,4,1.0,1.0,0.0,1.0,other,well_bound,untouched_id
ID_test,48c62afc9a0461048670b871,reflected_potential,truncated_line,6,1.0,inf,6,1.0,1.0,1.1963912635716138,0.060309761282761214,1.9672269596519536,0.08011767603677779,0.011361716573242808,1.858438491821289,12,0.25701701641082764,0.2529856860637665,14.83910846710205,68.04309784682854,5207.0380859375,4,4,1.0,1.0,0.0,1.0,other,well_bound,untouched_id
ID_test,48c62afc9a0461048670b871,reflected_potential,truncated_line,7,1.0,inf,7,1.0,1.0,0.9810741183491428,0.04945568199962914,1.7166026928283085,0.07736998923015714,0.006311034512518132,1.6280484199523926,11,0.29180800914764404,0.2873508036136627,11.040010452270508,50.91108929515852,2526.621826171875,4,4,1.0,1.0,0.0,1.0,other,well_bound,untouched_id
ID_test,48c62afc9a0461048670b871,reflected_potential,truncated_line,8,1.0,inf,8,1.0,1.0,0.9121864871007053,0.0459830750670732,1.668942080308824,0.07414443270882014,0.005936893815911559,1.479459285736084,10,0.3146167993545532,0.31019437313079834,7.874077796936035,37.010978727309904,1055.3734130859375,4,4,1.0,1.0,0.0,1.0,other,well_bound,untouched_id
ID_test,48c62afc9a0461048670b871,reflected_potential,truncated_line,9,1.0,inf,9,1.0,1.0,0.7172644523876295,0.03615710781017337,1.557832504710925,0.0989682961158192,0.0036191506317377886,1.2845630645751953,9,0.3642291724681854,0.3564094305038452,7.461215496063232,33.90592573963764,903.6807861328125,4,4,1.0,1.0,0.0,1.0,other,well_bound,untouched_id
ID_test,48c62afc9a0461048670b871,reflected_potential,truncated_line,10,1.0,inf,10,1.0,1.0,0.6783479555728495,0.03419533769004224,1.5080570415002148,0.09483612251628347,0.003279385324674644,1.2274832725524902,8,0.38630104064941406,0.3774520456790924,5.070683002471924,21.611251306216538,279.6227722167969,4,4,1.0,1.0,1.0,1.0,other,well_bound,untouched_id
ID_test,3e9703fca63f4b9d8f6c235e,reflected_potential,truncated_line,0,1.0,inf,0,1.0,1.0,0.0,0.0,0.0,0.0,1.0,19.795438178747318,256,0.04368868097662926,0.04245706647634506,51.67168426513672,186.4953279654087,33998.08984375,4,4,1.0,1.0,0.0,1.0,other,well_bound,untouched_id
ID_test,3e9703fca63f4b9d8f6c235e,reflected_potential,truncated_line,1,1.0,inf,1,1.0,1.0,1.0365084095067396,0.05236097327815409,1.0365084095067396,0.25770094319144443,0.12044198627934258,6.960851081579348,83,0.07254238426685333,0.07060384750366211,51.482303619384766,168.6754023733637,33721.390625,4,4,1.0,1.0,0.0,1.0,other,well_bound,untouched_id
ID_test,3e9703fca63f4b9d8f6c235e,reflected_potential,truncated_line,2,1.0,inf,2,1.0,1.0,2.1039149375737924,0.10628281721152237,3.346155485257761,0.07876869000239643,0.015848750177357956,3.51369571685791,53,0.08591846376657486,0.08344981074333191,50.18470764160156,148.08952121306947,32913.35546875,4,4,1.0,1.0,0.0,1.0,other,well_bound,untouched_id
ID_test,3e9703fca63f4b9d8f6c235e,reflected_potential,truncated_line,3,1.0,inf,3,1.0,1.0,2.485167306661747,0.1255424246849893,4.694572635188004,0.35761533021482317,0.022528273457778945,2.5501270294189453,38,0.09745197743177414,0.09484240412712097,47.931243896484375,136.76864931564813,31423.73046875,4,4,1.0,1.0,0.0,1.0,other,well_bound,untouched_id
ID_test,3e9703fca63f4b9d8f6c235e,reflected_potential,truncated_line,4,1.0,inf,4,1.0,1.0,2.019476592704046,0.10201727157887247,3.2830259123658188,0.18210206341696134,0.025921004417792985,2.2461023330688477,32,0.10728128999471664,0.10486501455307007,43.41220474243164,125.84480117933717,28066.0,4,4,1.0,1.0,0.0,1.0,other,well_bound,untouched_id
ID_test,3e9703fca63f4b9d8f6c235e,reflected_potential,truncated_line,5,1.0,inf,5,1.0,1.0,1.7179848226193648,0.08678690550350228,2.7815438929271012,0.13873303244796306,0.02384396956755339,2.000096321105957,28,0.11898088455200195,0.11669901013374329,34.57347869873047,102.45618394255094,21376.806640625,4,4,1.0,1.0,0.0,1.0,other,well_bound,untouched_id
ID_test,3e9703fca63f4b9d8f6c235e,reflected_potential,truncated_line,6,1.0,inf,6,1.0,1.0,1.5093579577261753,0.07624776699040918,2.303606788504168,0.10659301423155498,0.02124611085693241,1.8434829711914062,25,0.12893173098564148,0.12687644362449646,26.537517547607422,84.0126947282237,14833.935546875,4,4,1.0,1.0,0.0,1.0,other,well_bound,untouched_id
ID_test,3e9703fca63f4b9d8f6c235e,reflected_potential,truncated_line,7,1.0,inf,7,1.0,1.0,1.2023908087137154,0.060740802898953776,1.683146104752069,0.08651133718529165,0.012830564929631874,1.6463346481323242,22,0.14419569075107574,0.14223851263523102,18.138269424438477,61.417617723166984,7599.2158203125,4,4,1.0,1.0,0.0,1.0,other,well_bound,untouched_id
ID_test,3e9703fca63f4b9d8f6c235e,reflected_potential,truncated_line,8,1.0,inf,8,1.0,1.0,0.9892621228668989,0.0499742472954696,1.4831027342541718,0.07634609098439259,0.009170745078419924,1.4736642837524414,21,0.15738339722156525,0.15568210184574127,10.977180480957031,41.88548244688331,2536.78564453125,4,4,1.0,1.0,0.0,1.0,other,well_bound,untouched_id
ID_test,3e9703fca63f4b9d8f6c235e,reflected_potential,truncated_line,9,1.0,inf,9,1.0,1.0,0.6242970748442944,0.03153742135976304,1.1454359487013344,0.11056010071367091,0.004267718425850806,1.208418846130371,17,0.1919460892677307,0.18857179582118988,9.443745613098145,34.428299235937615,1701.9920654296875,4,4,1.0,1.0,0.0,1.0,other,well_bound,untouched_id
ID_test,3e9703fca63f4b9d8f6c235e,reflected_potential,truncated_line,10,1.0,inf,10,1.0,1.0,0.5476944493366894,0.02766771032755933,1.3663889440340293,0.10484850211827262,0.003139308692510001,1.1656169891357422,16,0.20359571278095245,0.19959920644760132,6.458605766296387,22.96885278288683,581.8960571289062,4,4,1.0,1.0,1.0,1.0,other,well_bound,untouched_id
ID_test,c6eb4b98c23dc0b06155af0e,reflected_potential,truncated_line,0,1.0,inf,0,1.0,1.0,0.0,0.0,0.0,0.0,1.0,19.320021396835813,256,0.03492334485054016,0.03412072733044624,51.54955291748047,147.7519810728026,33852.0,4,4,1.0,1.0,0.0,1.0,other,well_bound,untouched_id
ID_test,c6eb4b98c23dc0b06155af0e,reflected_potential,truncated_line,1,1.0,inf,1,1.0,1.0,1.578761624877198,0.08171634971044928,1.578761624877198,0.1243609863976197,0.18594601580585837,7.651293600501491,96,0.05929644778370857,0.057952530682086945,51.30256271362305,149.7929205104101,33506.17578125,4,4,1.0,1.0,0.0,1.0,other,well_bound,untouched_id
ID_test,c6eb4b98c23dc0b06155af0e,reflected_potential,truncated_line,2,1.0,inf,2,1.0,1.0,2.0058728153349072,0.1038235297018576,3.048396768097338,0.17475412768179313,0.10782310806376239,3.3118181228637695,52,0.07629270106554031,0.074509397149086,50.15993881225586,134.87834645689168,32889.5078125,4,4,1.0,1.0,0.0,1.0,other,well_bound,untouched_id
ID_test,c6eb4b98c23dc0b06155af0e,reflected_potential,truncated_line,3,1.0,inf,3,1.0,1.0,1.6372618286882055,0.08474430721677939,2.715029365934903,0.1783742338026693,0.0616068245115379,2.5712404251098633,39,0.09115501493215561,0.08916638046503067,48.002174377441406,127.96292742840976,31452.9921875,4,4,1.0,1.0,0.0,1.0,other,well_bound,untouched_id
ID_test,c6eb4b98c23dc0b06155af0e,reflected_potential,truncated_line,4,1.0,inf,4,1.0,1.0,1.3895775742002687,0.07192422542698894,2.2178303511481365,0.10756610622712429,0.038532984456962474,2.2116012573242188,33,0.10399966686964035,0.10204240679740906,43.567787170410156,121.82283282370003,28148.35546875,4,4,1.0,1.0,0.0,1.0,other,well_bound,untouched_id
ID_test,c6eb4b98c23dc0b06155af0e,reflected_potential,truncated_line,5,1.0,inf,5,1.0,1.0,1.2478388814129233,0.06458786228970179,2.0172661865547044,0.07735520788039586,0.023404637224235705,1.945734977722168,28,0.11743491888046265,0.11557408422231674,35.040687561035156,104.63577143982876,21709.623046875,4,4,1.0,1.0,0.0,1.0,other,well_bound,untouched_id
ID_test,c6eb4b98c23dc0b06155af0e,reflected_potential,truncated_line,6,1.0,inf,6,1.0,1.0,1.1599788660607728,0.06004024748392626,1.9822699270459,0.07974025531179037,0.018344477996816624,1.7910823822021484,25,0.1280784159898758,0.12651564180850983,26.338520050048828,90.13062451542712,14633.73046875,4,4,1.0,1.0,0.0,1.0,other,well_bound,untouched_id
ID_test,c6eb4b98c23dc0b06155af0e,reflected_potential,truncated_line,7,1.0,inf,7,1.0,1.0,1.0061357489569192,0.052077362042761595,1.8309451971140387,0.07698601040022286,0.010685699209323843,1.585047721862793,22,0.14242802560329437,0.14097343385219574,17.839752197265625,66.78580058452073,7356.36767578125,4,4,1.0,1.0,0.0,1.0,other,well_bound,untouched_id
ID_test,c6eb4b98c23dc0b06155af0e,reflected_potential,truncated_line,8,1.0,inf,8,1.0,1.0,0.9627454127895199,0.0498314879168403,1.845438074033857,0.06990752461061461,0.005855555207469939,1.437474250793457,21,0.15482008457183838,0.1534440517425537,10.682015419006348,45.26684472723592,2377.85009765625,4,4,1.0,1.0,0.0,1.0,other,well_bound,untouched_id
ID_test,c6eb4b98c23dc0b06155af0e,reflected_potential,truncated_line,9,1.0,inf,9,1.0,1.0,0.7431385036915111,0.03846468326444093,1.6901629714602686,0.09682971954216062,0.003084018010599346,1.2382545471191406,18,0.1817651242017746,0.1789783239364624,8.907914161682129,38.123728943850956,1462.1427001953125,4,4,1.0,1.0,1.0,1.0,other,well_bound,untouched_id
ID_test,c6eb4b98c23dc0b06155af0e,reflected_potential,truncated_line,10,1.0,inf,10,1.0,1.0,0.7399738445505856,0.038300881212884,1.6755605441657204,0.09268789299349764,0.002546767127095019,1.1717309951782227,16,0.19224214553833008,0.18909943103790283,6.142755031585693,25.45175257112858,505.7388000488281,4,4,1.0,1.0,1.0,1.0,other,well_bound,untouched_id
ID_test,c7400c6f7517895a893bc9fe,reflected_potential,truncated_line,0,1.0,inf,0,1.0,1.0,0.0,0.0,0.0,0.0,1.0,18.959942983202403,256,0.038227759301662445,0.03724292293190956,51.53451919555664,159.4132967265861,33871.46875,4,4,1.0,1.0,0.0,1.0,other,well_bound,untouched_id
ID_test,c7400c6f7517895a893bc9fe,reflected_potential,truncated_line,1,1.0,inf,1,1.0,1.0,1.2604870875523315,0.06648158639870713,1.2604870875523315,0.2212698696287704,0.12779011564882958,7.151770700408082,90,0.0634111538529396,0.06196153163909912,51.28533172607422,157.59926307318838,33494.1640625,4,4,1.0,1.0,0.0,1.0,other,well_bound,untouched_id
ID_test,c7400c6f7517895a893bc9fe,reflected_potential,truncated_line,2,1.0,inf,2,1.0,1.0,1.850228248351413,0.09758617154021118,2.892650270328125,0.09686389628806912,0.08258961986700897,3.1778650283813477,51,0.08056264370679855,0.07856340706348419,50.009849548339844,137.75275477607377,32695.955078125,4,4,1.0,1.0,0.0,1.0,other,well_bound,untouched_id
ID_test,c7400c6f7517895a893bc9fe,reflected_potential,truncated_line,3,1.0,inf,3,1.0,1.0,1.8901315381658528,0.0996907817623934,3.4147064710833557,0.28753796778064256,0.05921693993144461,2.4742989540100098,38,0.09412841498851776,0.091999851167202,47.88620376586914,133.1267893179908,31303.306640625,4,4,1.0,1.0,0.0,1.0,other,well_bound,untouched_id
ID_test,c7400c6f7517895a893bc9fe,reflected_potential,truncated_line,4,1.0,inf,4,1.0,1.0,1.5168187252270589,0.08000122819835942,2.465307595720013,0.12920062056033096,0.038208387619495965,2.127225875854492,32,0.1074247732758522,0.10522802174091339,43.79706954956055,123.62944778056183,28318.1484375,4,4,1.0,1.0,0.0,1.0,other,well_bound,untouched_id
ID_test,c7400c6f7517895a893bc9fe,reflected_potential,truncated_line,5,1.0,inf,5,1.0,1.0,1.3929295777279127,0.07346697081114544,2.218897456142035,0.0986286660328163,0.02295725593106468,1.8910679817199707,27,0.12099002301692963,0.11837080866098404,35.08494186401367,107.40394141567248,21682.826171875,4,4,1.0,1.0,0.0,1.0,other,well_bound,untouched_id
ID_test,c7400c6f7517895a893bc9fe,reflected_potential,truncated_line,6,1.0,inf,6,1.0,1.0,1.2751432239201062,0.0672545916962842,2.0695499437872966,0.08143780486215056,0.015934029348012024,1.7309966087341309,24,0.1315680295228958,0.12962864339351654,26.744714736938477,92.52449505058115,14988.1728515625,4,4,1.0,1.0,0.0,1.0,other,well_bound,untouched_id
ID_test,c7400c6f7517895a893bc9fe,reflected_potential,truncated_line,7,1.0,inf,7,1.0,1.0,1.0534943373041883,0.05556421441971284,1.839294915758737,0.07622861867925979,0.008413953856485357,1.5329999923706055,22,0.14810329675674438,0.14581018686294556,18.386608123779297,69.3983765832829,7794.79541015625,4,4,1.0,1.0,0.0,1.0,other,well_bound,untouched_id
ID_test,c7400c6f7517895a893bc9fe,reflected_potential,truncated_line,8,1.0,inf,8,1.0,1.0,1.0076376261414786,0.053145604237006254,1.8598536904700236,0.07325794417805669,0.006446615542799128,1.3838448524475098,20,0.16005077958106995,0.15801779925823212,11.083824157714844,46.930904812903755,2596.49072265625,4,4,1.0,1.0,0.0,1.0,other,well_bound,untouched_id
ID_test,c7400c6f7517895a893bc9fe,reflected_potential,truncated_line,9,1.0,inf,9,1.0,1.0,0.7860930492293113,0.041460728543632856,1.752090295272092,0.1036417363860187,0.003154429353839805,1.1693706512451172,16,0.18961384892463684,0.18614181876182556,9.412712097167969,40.45044039617933,1687.3204345703125,4,4,1.0,1.0,0.0,1.0,other,well_bound,untouched_id
ID_test,c7400c6f7517895a893bc9fe,reflected_potential,truncated_line,10,1.0,inf,10,1.0,1.0,0.7446309853479207,0.039273904252118685,1.6428232455852037,0.09826699776678026,0.0026364660992767588,1.111182689666748,16,0.20085309445858002,0.1970471292734146,6.386704444885254,26.538366420235242,563.7293090820312,4,4,1.0,1.0,1.0,1.0,other,well_bound,untouched_id
ID_test,7f407d8f4f089ef826dc918e,smooth_perturbed,truncated_line,0,1.0,inf,0,1.0,1.0,0.0,0.0,0.0,0.0,1.0,22.71601001442253,128,0.06126167252659798,0.06094260886311531,48.37109375,126.32135080962473,30980.69921875,4,4,1.0,1.0,0.0,1.0,other,well_bound,untouched_id
ID_test,7f407d8f4f089ef826dc918e,smooth_perturbed,truncated_line,1,1.0,inf,1,1.0,1.0,0.2038746990691876,0.008974934371826141,0.2038746990691876,0.07826408911935609,0.4231027253990267,11.232243843421625,63,0.10299991816282272,0.10271554440259933,47.44091033935547,118.45732952591553,30289.61328125,4,4,1.0,1.0,0.0,1.0,other,well_bound,untouched_id
ID_test,7f407d8f4f089ef826dc918e,smooth_perturbed,truncated_line,2,1.0,inf,2,1.0,1.0,1.0385411270940075,0.04571846580603863,1.183441839315393,0.5628315098570086,0.09184513160892194,3.6644372940063477,25,0.12827830016613007,0.12803487479686737,43.49990463256836,116.58471782371538,27930.44921875,4,4,1.0,1.0,0.0,1.0,other,well_bound,untouched_id
ID_test,7f407d8f4f089ef826dc918e,smooth_perturbed,truncated_line,3,1.0,inf,3,1.0,1.0,0.9562991694491446,0.04209802552657727,2.132024801280896,0.3058423175703534,0.06061055129182429,3.288975715637207,22,0.14905792474746704,0.14885017275810242,38.89667892456055,121.4002161264596,24625.42578125,4,4,1.0,1.0,0.0,1.0,other,well_bound,untouched_id
ID_test,7f407d8f4f089ef826dc918e,smooth_perturbed,truncated_line,4,1.0,inf,4,1.0,1.0,0.419034086005421,0.018446641190040584,0.7627154445399886,0.10988401907753335,0.07842621351994643,2.746382713317871,19,0.16883620619773865,0.16850967705249786,32.18735122680664,118.00508944747727,19305.23046875,4,4,1.0,1.0,0.0,1.0,other,well_bound,untouched_id
ID_test,7f407d8f4f089ef826dc918e,smooth_perturbed,truncated_line,5,1.0,inf,5,1.0,1.0,0.5603794892044428,0.024668922440545436,1.137891505082128,0.08551251828719897,0.05949414564399597,2.5039968490600586,17,0.19519942998886108,0.19065259397029877,20.611923217773438,92.25209640039796,9770.6923828125,4,4,1.0,1.0,1.0,1.0,other,well_bound,untouched_id
ID_test,7f407d8f4f089ef826dc918e,smooth_perturbed,truncated_line,6,1.0,inf,6,1.0,1.0,0.7775467429180725,0.034229019199428216,1.3533991357275936,0.09385543245850039,0.03437092008971701,2.2286462783813477,15,0.22548863291740417,0.22322219610214233,14.402694702148438,71.07337433098876,4883.80810546875,4,4,1.0,1.0,1.0,1.0,other,well_bound,untouched_id
ID_test,7f407d8f4f089ef826dc918e,smooth_perturbed,truncated_line,7,1.0,inf,7,1.0,1.0,0.6826830816746835,0.030052948613829802,0.9159904502860039,0.05772077448727567,0.01617839417206146,1.9825820922851562,12,0.25358134508132935,0.25051942467689514,10.592896461486816,52.3546180921216,2307.4921875,4,4,1.0,1.0,0.0,1.0,other,well_bound,untouched_id
ID_test,7f407d8f4f089ef826dc918e,smooth_perturbed,truncated_line,8,1.0,inf,8,1.0,1.0,0.7800727083721919,0.034340216784414124,1.2131655696202133,0.05183740415917683,0.008600892837724772,1.8136520385742188,11,0.27389198541641235,0.2704114615917206,7.109949588775635,37.18156312840581,806.7164306640625,4,4,1.0,1.0,0.0,1.0,other,well_bound,untouched_id
ID_test,7f407d8f4f089ef826dc918e,smooth_perturbed,truncated_line,9,1.0,inf,9,1.0,1.0,0.7084100196894098,0.03118549513051086,1.4912509219947019,0.10338874552596097,0.004749143025013302,1.4852209091186523,10,0.31587889790534973,0.31318554282188416,6.841707706451416,33.927845136977865,706.1263427734375,4,4,1.0,1.0,1.0,1.0,other,well_bound,untouched_id
ID_test,7f407d8f4f089ef826dc918e,smooth_perturbed,truncated_line,10,1.0,inf,10,1.0,1.0,0.7548043649919898,0.033227858436088026,1.6321726930295242,0.08629670773593624,0.0037458783255194692,1.3847436904907227,10,0.3338114321231842,0.331082820892334,4.9137864112854,22.074657829078344,252.3570556640625,4,4,1.0,1.0,1.0,1.0,other,well_bound,untouched_id
ID_test,cc931f3002c9779cb8bf7747,smooth_perturbed,truncated_line,0,1.0,inf,0,1.0,1.0,0.0,0.0,0.0,0.0,1.0,23.30824807352468,128,0.04351125657558441,0.04332864284515381,41.83214569091797,103.37926420982502,22236.822265625,4,4,1.0,1.0,1.0,1.0,other,well_bound,untouched_id
ID_test,cc931f3002c9779cb8bf7747,smooth_perturbed,truncated_line,1,1.0,inf,1,1.0,1.0,0.9188239609381081,0.03942055010053629,0.9188239609381081,0.19591284102054396,0.4798748688436768,11.464629173278809,63,0.08034786581993103,0.07999154180288315,43.201263427734375,116.69236808113689,24868.0078125,4,4,1.0,1.0,1.0,1.0,other,well_bound,untouched_id
ID_test,cc931f3002c9779cb8bf7747,smooth_perturbed,truncated_line,2,1.0,inf,2,1.0,1.0,0.4527249708723544,0.01942338048935538,0.8006105302070976,0.14378787561780101,0.22829645633651763,4.367653846740723,28,0.11234115809202194,0.11202847957611084,40.906776428222656,111.9539611290842,24915.14453125,4,4,1.0,1.0,1.0,1.0,other,well_bound,untouched_id
ID_test,cc931f3002c9779cb8bf7747,smooth_perturbed,truncated_line,3,1.0,inf,3,1.0,1.0,0.6315321941407093,0.027094794604406697,0.993254937942341,0.13575692264457517,0.137889784741153,3.5327024459838867,23,0.14058320224285126,0.1401863694190979,36.37712097167969,113.31100260308426,22071.49609375,4,4,1.0,1.0,1.0,1.0,other,well_bound,untouched_id
ID_test,cc931f3002c9779cb8bf7747,smooth_perturbed,truncated_line,4,1.0,inf,4,1.0,1.0,0.674974774820907,0.028958623260389775,1.1111343473830702,0.1081460520771013,0.08277013513570497,3.006582736968994,19,0.1701568067073822,0.1690661460161209,29.580158233642578,104.7126995464964,16949.71484375,4,4,1.0,1.0,1.0,1.0,other,well_bound,untouched_id
ID_test,cc931f3002c9779cb8bf7747,smooth_perturbed,truncated_line,5,1.0,inf,5,1.0,1.0,0.751818576114695,0.03225547341623968,1.2522709363031792,0.08047828904375526,0.049229094558755904,2.6334457397460938,16,0.19729648530483246,0.19619393348693848,18.533174514770508,80.32042879264958,8076.11328125,4,4,1.0,1.0,1.0,1.0,other,well_bound,untouched_id
ID_test,cc931f3002c9779cb8bf7747,smooth_perturbed,truncated_line,6,1.0,inf,6,1.0,1.0,0.8054277661467081,0.03455548283191543,1.3707587971623267,0.06535143631224392,0.02824154915699917,2.3282384872436523,14,0.222780242562294,0.2210501730442047,12.814114570617676,60.04478021506766,3800.049072265625,4,4,1.0,1.0,1.0,1.0,other,well_bound,untouched_id
ID_test,cc931f3002c9779cb8bf7747,smooth_perturbed,truncated_line,7,1.0,inf,7,1.0,1.0,0.7535766392744253,0.0323309000701085,1.3583223244234208,0.06631061929126955,0.012979058299638302,2.0496411323547363,12,0.25139757990837097,0.2502068877220154,9.5975980758667,44.15881606527069,1802.447509765625,4,4,1.0,1.0,0.0,1.0,other,well_bound,untouched_id
ID_test,cc931f3002c9779cb8bf7747,smooth_perturbed,truncated_line,8,1.0,inf,8,1.0,1.0,0.8339785335326153,0.03578040403988633,1.5441631681372927,0.061975531113384275,0.007385743313944308,1.898193359375,12,0.27142640948295593,0.2703484296798706,6.616918563842773,31.86969813898102,663.9461669921875,4,4,1.0,1.0,0.0,1.0,other,well_bound,untouched_id
ID_test,cc931f3002c9779cb8bf7747,smooth_perturbed,truncated_line,9,1.0,inf,9,1.0,1.0,0.7704153132816329,0.033053334203900574,1.647141218923399,0.08046876160889826,0.004245135286255142,1.658747673034668,11,0.28820469975471497,0.28749871253967285,5.722983360290527,26.706378694751866,421.1773376464844,4,4,1.0,1.0,1.0,1.0,other,well_bound,untouched_id
ID_test,cc931f3002c9779cb8bf7747,smooth_perturbed,truncated_line,10,1.0,inf,10,1.0,1.0,0.8061255840930167,0.034585421501870696,1.7418739792047253,0.07496261145592166,0.003299443483962143,1.564225196838379,10,0.30771082639694214,0.3064076900482178,4.286986351013184,18.072870448881638,166.49755859375,4,4,1.0,1.0,1.0,1.0,other,well_bound,untouched_id
ID_test,5b6de5d4a8d28e400018b175,smooth_perturbed,truncated_line,0,1.0,inf,0,1.0,1.0,0.0,0.0,0.0,0.0,1.0,22.701094634630074,128,0.04886970296502113,0.048691265285015106,45.012840270996094,92.48562460305524,26373.5078125,4,4,1.0,1.0,0.0,1.0,other,well_bound,untouched_id
ID_test,5b6de5d4a8d28e400018b175,smooth_perturbed,truncated_line,1,1.0,inf,1,1.0,1.0,0.35957021851048343,0.015839333930706852,0.35957021851048343,0.15749026090509766,0.4513517896102218,11.302489529430684,64,0.08834134042263031,0.0881856232881546,45.40842056274414,104.23692030527215,27403.126953125,4,4,1.0,1.0,0.0,1.0,other,well_bound,untouched_id
ID_test,5b6de5d4a8d28e400018b175,smooth_perturbed,truncated_line,2,1.0,inf,2,1.0,1.0,0.5321268857634718,0.023440582682375265,0.679413447780698,0.16575983070067768,0.22280715578932606,3.887746810913086,26,0.12103299796581268,0.12054327875375748,42.54144287109375,100.18097134308275,26308.015625,4,4,1.0,1.0,0.0,1.0,other,well_bound,untouched_id
ID_test,5b6de5d4a8d28e400018b175,smooth_perturbed,truncated_line,3,1.0,inf,3,1.0,1.0,0.5990850808024064,0.026390140671389208,0.8853591699194636,0.15128466919131925,0.12075923956559653,3.1877994537353516,21,0.15124991536140442,0.15025600790977478,38.53056716918945,102.90704802308386,23837.357421875,4,4,1.0,1.0,0.0,1.0,other,well_bound,untouched_id
ID_test,5b6de5d4a8d28e400018b175,smooth_perturbed,truncated_line,4,1.0,inf,4,1.0,1.0,0.7474744342136969,0.03292680138311213,1.1485420302867508,0.11112745693837853,0.07254974266290039,2.743922233581543,18,0.1782597303390503,0.1769653856754303,32.227317810058594,99.59774574357621,19091.939453125,4,4,1.0,1.0,0.0,1.0,other,well_bound,untouched_id
ID_test,5b6de5d4a8d28e400018b175,smooth_perturbed,truncated_line,5,1.0,inf,5,1.0,1.0,0.7951514417669809,0.03502700881013874,1.3820396272680089,0.08000836622130615,0.04024137613792533,2.432793617248535,15,0.20476621389389038,0.20306968688964844,20.87482452392578,79.75934543992932,10001.5439453125,4,4,1.0,1.0,1.0,1.0,other,well_bound,untouched_id
ID_test,5b6de5d4a8d28e400018b175,smooth_perturbed,truncated_line,6,1.0,inf,6,1.0,1.0,0.8945620283062379,0.039406118634543776,1.5730463660240819,0.06922438899211043,0.021711734745702982,2.179931640625,14,0.2258215695619583,0.22464239597320557,14.448952674865723,61.699255270306224,4936.12255859375,4,4,1.0,1.0,1.0,1.0,other,well_bound,untouched_id
ID_test,5b6de5d4a8d28e400018b175,smooth_perturbed,truncated_line,7,1.0,inf,7,1.0,1.0,0.8469339791976542,0.0373080678631978,1.560152120386011,0.07398579370560977,0.009826973744345602,1.951064109802246,12,0.25267690420150757,0.25157177448272705,10.397015571594238,45.20972515022159,2210.02294921875,4,4,1.0,1.0,0.0,1.0,other,well_bound,untouched_id
ID_test,5b6de5d4a8d28e400018b175,smooth_perturbed,truncated_line,8,1.0,inf,8,1.0,1.0,0.9311981642311171,0.04101996750458864,1.7505715140232327,0.07446977306261517,0.006346457338399357,1.8210811614990234,11,0.27046579122543335,0.2699914872646332,6.863167762756348,31.952399540898988,734.3800659179688,4,4,1.0,1.0,0.0,1.0,other,well_bound,untouched_id
ID_test,5b6de5d4a8d28e400018b175,smooth_perturbed,truncated_line,9,1.0,inf,9,1.0,1.0,0.8312490820189062,0.036617136547717484,1.8395586634286802,0.0932980504439268,0.0035498469977003344,1.5585784912109375,10,0.29660582542419434,0.29611289501190186,6.155256271362305,27.48635882442652,521.3131103515625,4,4,1.0,1.0,1.0,1.0,other,well_bound,untouched_id
ID_test,5b6de5d4a8d28e400018b175,smooth_perturbed,truncated_line,10,1.0,inf,10,1.0,1.0,0.8507342562635347,0.037475472877231054,1.8478229868625222,0.08682741379123314,0.0028664799457629305,1.466080665588379,10,0.3163815140724182,0.31568941473960876,4.508423805236816,18.12095825824933,194.4061279296875,4,4,1.0,1.0,1.0,1.0,other,well_bound,untouched_id
ID_test,4745ea09a5933abd0de224c9,smooth_perturbed,truncated_line,0,1.0,inf,0,1.0,1.0,0.0,0.0,0.0,0.0,1.0,24.0,128,0.05113912373781204,0.05009187012910843,41.65715408325195,143.95086231763366,22853.935546875,4,4,1.0,1.0,0.0,1.0,other,well_bound,untouched_id
ID_test,4745ea09a5933abd0de224c9,smooth_perturbed,truncated_line,1,1.0,inf,1,1.0,1.0,1.310041480238691,0.054585061676612125,1.310041480238691,0.4923975300471206,0.4707757783719429,11.836792945861816,63,0.09780962765216827,0.09638466686010361,44.02016067504883,132.46805071378205,26004.16015625,4,4,1.0,1.0,0.0,1.0,other,well_bound,untouched_id
ID_test,4745ea09a5933abd0de224c9,smooth_perturbed,truncated_line,2,1.0,inf,2,1.0,1.0,0.6340309756328419,0.02641795731803508,0.6806189989835452,0.17885787615703266,0.3216588283575234,3.9698448181152344,26,0.1375948190689087,0.13586176931858063,42.365234375,110.54061500284544,26264.185546875,4,4,1.0,1.0,0.0,1.0,other,well_bound,untouched_id
ID_test,4745ea09a5933abd0de224c9,smooth_perturbed,truncated_line,3,1.0,inf,3,1.0,1.0,0.3850435291045131,0.016043480379354713,0.523098299999389,0.1854372818986887,0.15246115851115427,3.1098365783691406,19,0.17099466919898987,0.1689964085817337,39.826072692871094,98.25653074429306,24873.119140625,4,4,1.0,1.0,0.0,1.0,other,well_bound,untouched_id
ID_test,4745ea09a5933abd0de224c9,smooth_perturbed,truncated_line,4,1.0,inf,4,1.0,1.0,0.5350110725894415,0.02229212802456006,0.9716777554657221,0.13032450549206379,0.05602585605613275,2.628406524658203,16,0.19927895069122314,0.196963831782341,34.753177642822266,95.14523841435307,21129.16015625,4,4,1.0,1.0,0.0,1.0,other,well_bound,untouched_id
ID_test,4745ea09a5933abd0de224c9,smooth_perturbed,truncated_line,5,1.0,inf,5,1.0,1.0,0.7277431464550255,0.03032263110229273,1.5810611464180218,0.03396503212272622,0.020622757961497706,2.383425235748291,14,0.22502778470516205,0.22236144542694092,25.25888442993164,79.90587996361272,13695.7919921875,4,4,1.0,1.0,0.0,1.0,other,well_bound,untouched_id
ID_test,4745ea09a5933abd0de224c9,smooth_perturbed,truncated_line,6,1.0,inf,6,1.0,1.0,0.9573823384028914,0.039890930766787146,2.1058992514994106,0.04582376372856222,0.01046809925085769,2.160111427307129,13,0.2424880713224411,0.24013373255729675,16.698902130126953,66.76531765155427,6613.7744140625,4,4,1.0,1.0,1.0,1.0,other,well_bound,untouched_id
ID_test,4745ea09a5933abd0de224c9,smooth_perturbed,truncated_line,7,1.0,inf,7,1.0,1.0,1.0938841193655018,0.04557850497356258,2.2622176488395693,0.09883426286240264,0.00793697126773983,1.958099365234375,11,0.2674444615840912,0.2649604380130768,11.518165588378906,49.990015036842536,2824.620361328125,4,4,1.0,1.0,0.0,1.0,other,well_bound,untouched_id
ID_test,4745ea09a5933abd0de224c9,smooth_perturbed,truncated_line,8,1.0,inf,8,1.0,1.0,1.1945464171141613,0.04977276737975672,2.716783644749719,0.13088632662736288,0.005313134116977385,1.860403060913086,11,0.28430700302124023,0.28150665760040283,7.536096096038818,32.98814210879961,937.6449584960938,4,4,1.0,1.0,0.0,1.0,other,well_bound,untouched_id
ID_test,4745ea09a5933abd0de224c9,smooth_perturbed,truncated_line,9,1.0,inf,9,1.0,1.0,1.0117655658143545,0.0421568985755981,2.6110485968120374,0.1254920886082668,0.0028160824629170954,1.6568498611450195,10,0.30947577953338623,0.3061635196208954,6.7286295890808105,29.02344940251314,674.355712890625,4,4,1.0,1.0,0.0,1.0,other,well_bound,untouched_id
ID_test,4745ea09a5933abd0de224c9,smooth_perturbed,truncated_line,10,1.0,inf,10,1.0,1.0,0.9544976307417133,0.03977073461423806,2.1838339789934995,0.09811020965870904,0.002278877803260945,1.5636968612670898,10,0.3277474045753479,0.32411229610443115,4.505420207977295,17.63008412529867,193.2684783935547,4,4,1.0,1.0,1.0,1.0,other,well_bound,untouched_id
ID_test,24b8b50716daee94bb445de7,smooth_perturbed,truncated_line,0,1.0,inf,0,1.0,1.0,0.0,0.0,0.0,0.0,1.0,22.28144160981431,128,0.04477282986044884,0.044283948838710785,40.36342239379883,134.07872996530222,20415.349609375,4,4,1.0,1.0,1.0,1.0,other,well_bound,untouched_id
ID_test,24b8b50716daee94bb445de7,smooth_perturbed,truncated_line,1,1.0,inf,1,1.0,1.0,2.3309021144257334,0.10461181799830406,2.3309021144257334,0.1355538711537313,0.2478696596237302,10.157552214078397,57,0.08234407752752304,0.08152179419994354,42.20958709716797,142.85054178265398,23877.25,4,4,1.0,1.0,1.0,1.0,other,well_bound,untouched_id
ID_test,24b8b50716daee94bb445de7,smooth_perturbed,truncated_line,2,1.0,inf,2,1.0,1.0,1.786948296441857,0.08019895335922787,2.8119977408748182,0.35701507431729995,0.1650310025281988,4.645199775695801,32,0.11637768149375916,0.11511975526809692,40.3043212890625,130.69395335046724,24647.255859375,4,4,1.0,1.0,1.0,1.0,other,well_bound,untouched_id
ID_test,24b8b50716daee94bb445de7,smooth_perturbed,truncated_line,3,1.0,inf,3,1.0,1.0,0.7004456389423647,0.031436280075964176,1.3528713025203065,0.09574815073974385,0.13578296072042284,3.5251412391662598,24,0.14535030722618103,0.1439775675535202,35.51553726196289,126.55344295861558,21640.724609375,4,4,1.0,1.0,0.0,1.0,other,well_bound,untouched_id
ID_test,24b8b50716daee94bb445de7,smooth_perturbed,truncated_line,4,1.0,inf,4,1.0,1.0,0.745207307413562,0.0334452016374614,1.1171133768776906,0.0977273409925702,0.09083520279597268,2.930809497833252,19,0.1748037338256836,0.17277708649635315,28.240589141845703,111.66123996406462,15999.7744140625,4,4,1.0,1.0,1.0,1.0,other,well_bound,untouched_id
ID_test,24b8b50716daee94bb445de7,smooth_perturbed,truncated_line,5,1.0,inf,5,1.0,1.0,0.6526690074812942,0.0292920457711234,0.9943453273870269,0.07560653877332434,0.057179858914228165,2.558948040008545,16,0.20237451791763306,0.20026463270187378,17.46771240234375,83.72160599034166,7251.2099609375,4,4,1.0,1.0,0.0,1.0,other,well_bound,untouched_id
ID_test,24b8b50716daee94bb445de7,smooth_perturbed,truncated_line,6,1.0,inf,6,1.0,1.0,0.6902386833747052,0.030978187832814,1.1184359117786036,0.05406025382184858,0.03389839158207264,2.2634057998657227,14,0.22896644473075867,0.2265196591615677,12.145111083984375,60.5283301472225,3370.076416015625,4,4,1.0,1.0,0.0,1.0,other,well_bound,untouched_id
ID_test,24b8b50716daee94bb445de7,smooth_perturbed,truncated_line,7,1.0,inf,7,1.0,1.0,0.6139820027611728,0.02755575754536152,1.1117688098046932,0.055570106303825015,0.01588030258765938,1.9535579681396484,12,0.2612797021865845,0.25889888405799866,9.42741584777832,45.13782028847946,1717.9129638671875,4,4,1.0,1.0,0.0,1.0,other,well_bound,untouched_id
ID_test,24b8b50716daee94bb445de7,smooth_perturbed,truncated_line,8,1.0,inf,8,1.0,1.0,0.673719678933141,0.030236808314789993,1.3159227323218534,0.050964276977942424,0.00916294916607896,1.8019623756408691,11,0.2816905975341797,0.2798650562763214,6.7119245529174805,33.213828466723754,693.7178344726562,4,4,1.0,1.0,0.0,1.0,other,well_bound,untouched_id
ID_test,24b8b50716daee94bb445de7,smooth_perturbed,truncated_line,9,1.0,inf,9,1.0,1.0,0.6619745669963978,0.029709682999362923,1.432730445032278,0.06556401668848885,0.0048124699590849085,1.626533031463623,10,0.2969302535057068,0.2960468530654907,5.6301374435424805,27.520610227640677,401.1418762207031,4,4,1.0,1.0,1.0,1.0,other,well_bound,untouched_id
ID_test,24b8b50716daee94bb445de7,smooth_perturbed,truncated_line,10,1.0,inf,10,1.0,1.0,0.7037692902780993,0.03158544687557873,1.587303132185058,0.0630137653335186,0.003642425868483623,1.5176200866699219,9,0.32100367546081543,0.31910204887390137,4.292937278747559,18.945447748900243,167.85317993164062,4,4,1.0,1.0,1.0,1.0,other,well_bound,untouched_id
ID_test,8bafaa0cbd753d93e3b31386,composite_confining,truncated_line,0,1.0,inf,0,1.0,1.0,0.0,0.0,0.0,0.0,1.0,16.417992630877347,128,0.05168047174811363,0.051437895745038986,46.49390411376953,96.40030251660991,28333.130859375,4,4,1.0,1.0,0.0,1.0,other,well_bound,untouched_id
ID_test,8bafaa0cbd753d93e3b31386,composite_confining,truncated_line,1,1.0,inf,1,1.0,1.0,0.10805780823516795,0.006581669919375127,0.10805780823516795,0.1280010081576899,0.4412379140485963,7.7548895483688245,60,0.09171377867460251,0.0914929062128067,46.365325927734375,106.37818012604687,28631.541015625,4,4,1.0,1.0,0.0,1.0,other,well_bound,untouched_id
ID_test,8bafaa0cbd753d93e3b31386,composite_confining,truncated_line,2,1.0,inf,2,1.0,1.0,0.5100114552992009,0.031064178597572364,0.5460432938572022,0.2254940029943023,0.2190367123595367,2.7480149269104004,25,0.12357018887996674,0.12323454767465591,43.35551834106445,102.6912857230345,27349.16015625,4,4,1.0,1.0,0.0,1.0,other,well_bound,untouched_id
ID_test,8bafaa0cbd753d93e3b31386,composite_confining,truncated_line,3,1.0,inf,3,1.0,1.0,0.5662593182402387,0.03449016764542054,1.0096346477945775,0.15813030072133835,0.10909373786503873,2.3084769248962402,21,0.14970843493938446,0.14938350021839142,38.92040252685547,106.34501564418731,24293.703125,4,4,1.0,1.0,0.0,1.0,other,well_bound,untouched_id
ID_test,8bafaa0cbd753d93e3b31386,composite_confining,truncated_line,4,1.0,inf,4,1.0,1.0,0.6116177829933784,0.03725289666917671,1.2145007003823858,0.11215536863886814,0.05139917168503538,1.9690327644348145,17,0.17802168428897858,0.17716263234615326,32.560768127441406,102.4405325938018,19427.888671875,4,4,1.0,1.0,0.0,1.0,other,well_bound,untouched_id
ID_test,8bafaa0cbd753d93e3b31386,composite_confining,truncated_line,5,1.0,inf,5,1.0,1.0,0.6753901223256998,0.041137192439439425,1.3539333285377801,0.09093541810523414,0.028676242711180966,1.7567071914672852,15,0.20469261705875397,0.20374158024787903,20.89360237121582,81.47449807818262,10003.5107421875,4,4,1.0,1.0,0.0,1.0,other,well_bound,untouched_id
ID_test,8bafaa0cbd753d93e3b31386,composite_confining,truncated_line,6,1.0,inf,6,1.0,1.0,0.6861664936042958,0.041793568131698475,1.4283255436641937,0.08515619538414076,0.01842547121574778,1.5907816886901855,14,0.23004718124866486,0.22822368144989014,14.484162330627441,62.47595864513276,4951.02197265625,4,4,1.0,1.0,1.0,1.0,other,well_bound,untouched_id
ID_test,8bafaa0cbd753d93e3b31386,composite_confining,truncated_line,7,1.0,inf,7,1.0,1.0,0.6443556357892771,0.039246919539812464,1.3038552958256506,0.08454068279154076,0.009000872227890033,1.4160518646240234,12,0.2576278746128082,0.2560863792896271,10.454520225524902,45.73714073667044,2237.900390625,4,4,1.0,1.0,0.0,1.0,other,well_bound,untouched_id
ID_test,8bafaa0cbd753d93e3b31386,composite_confining,truncated_line,8,1.0,inf,8,1.0,1.0,0.6604079538612004,0.04022464674634889,1.3386376012952468,0.07575911745359118,0.006269695863999281,1.3068757057189941,11,0.27524229884147644,0.2740953266620636,6.907057285308838,32.12974486004382,745.79833984375,4,4,1.0,1.0,0.0,1.0,other,well_bound,untouched_id
ID_test,8bafaa0cbd753d93e3b31386,composite_confining,truncated_line,9,1.0,inf,9,1.0,1.0,0.5876313323523777,0.03579191107975152,1.3256842683004617,0.095263895320769,0.0032627334767014737,1.1090912818908691,10,0.30223187804222107,0.30142420530319214,6.2704033851623535,27.52133650696193,550.8313598632812,4,4,1.0,1.0,1.0,1.0,other,well_bound,untouched_id
ID_test,8bafaa0cbd753d93e3b31386,composite_confining,truncated_line,10,1.0,inf,10,1.0,1.0,0.5920666460075598,0.036062060650097934,1.301823174457006,0.08679386520509018,0.0026306142453418335,1.0418806076049805,9,0.31936511397361755,0.3191101551055908,4.585402011871338,18.32162605920061,204.6586456298828,4,4,1.0,1.0,1.0,1.0,other,well_bound,untouched_id
ID_test,98ca5849687506c6fa58c193,composite_confining,truncated_line,0,1.0,inf,0,1.0,1.0,0.0,0.0,0.0,0.0,1.0,15.885714467503224,128,0.043407801538705826,0.04310744255781174,41.98960876464844,120.43189732366528,22597.0078125,4,4,1.0,1.0,0.0,1.0,other,well_bound,untouched_id
ID_test,98ca5849687506c6fa58c193,composite_confining,truncated_line,1,1.0,inf,1,1.0,1.0,0.2471699610832948,0.015559259962082322,0.2471699610832948,0.3186843614774736,0.4587382592776618,7.520811584237831,60,0.07885545492172241,0.07871898263692856,43.13241958618164,129.46762240131724,25057.056640625,4,4,1.0,1.0,1.0,1.0,other,well_bound,untouched_id
ID_test,98ca5849687506c6fa58c193,composite_confining,truncated_line,2,1.0,inf,2,1.0,1.0,0.641051583467402,0.040353966123385626,0.9979328772600922,0.12320445722259003,0.19215749548464522,3.044436454772949,29,0.10816474258899689,0.10786452889442444,40.077911376953125,120.44507904948068,24270.90234375,4,4,1.0,1.0,1.0,1.0,other,well_bound,untouched_id
ID_test,98ca5849687506c6fa58c193,composite_confining,truncated_line,3,1.0,inf,3,1.0,1.0,0.5280144939784216,0.03323832208230608,1.1595967371073528,0.11155873644384198,0.1155470220755428,2.4973254203796387,23,0.1391003429889679,0.13761980831623077,35.225303649902344,119.43219013774839,21109.6328125,4,4,1.0,1.0,0.0,1.0,other,well_bound,untouched_id
ID_test,98ca5849687506c6fa58c193,composite_confining,truncated_line,4,1.0,inf,4,1.0,1.0,0.4996506551489087,0.03145282865124035,1.0444667545077255,0.10160900597797165,0.07238447545275417,2.0949745178222656,19,0.171410471200943,0.16953152418136597,28.150651931762695,107.48953583327358,15731.3173828125,4,4,1.0,1.0,0.0,1.0,other,well_bound,untouched_id
ID_test,98ca5849687506c6fa58c193,composite_confining,truncated_line,5,1.0,inf,5,1.0,1.0,0.5275337120173634,0.03320805703114696,0.9997194671682799,0.0784702553969212,0.045885961107079654,1.8347625732421875,16,0.20012101531028748,0.19777873158454895,17.28424835205078,80.78194994200766,7070.3193359375,4,4,1.0,1.0,1.0,1.0,other,well_bound,untouched_id
ID_test,98ca5849687506c6fa58c193,composite_confining,truncated_line,6,1.0,inf,6,1.0,1.0,0.5259263234545363,0.03310687250047223,1.0125732509496608,0.06538434685349044,0.02738489133201183,1.624786376953125,14,0.22834546864032745,0.22539617121219635,12.110411643981934,58.77460887261098,3344.39892578125,4,4,1.0,1.0,1.0,1.0,other,well_bound,untouched_id
ID_test,98ca5849687506c6fa58c193,composite_confining,truncated_line,7,1.0,inf,7,1.0,1.0,0.4916189331137195,0.030947234644019623,0.927871217305638,0.06377970887469178,0.012724409314192608,1.4267988204956055,12,0.2592026889324188,0.2559771239757538,9.187005043029785,43.5959318742792,1613.892822265625,4,4,1.0,1.0,0.0,1.0,other,well_bound,untouched_id
ID_test,98ca5849687506c6fa58c193,composite_confining,truncated_line,8,1.0,inf,8,1.0,1.0,0.5278961321649477,0.03323087124880936,1.0271149075123538,0.05616111502796924,0.007929406397992667,1.312861442565918,12,0.277567982673645,0.27533677220344543,6.447325706481934,31.76525282647774,619.2096557617188,4,4,1.0,1.0,0.0,1.0,other,well_bound,untouched_id
ID_test,98ca5849687506c6fa58c193,composite_confining,truncated_line,9,1.0,inf,9,1.0,1.0,0.5004403145469022,0.03150253742572505,1.1161481906251804,0.07617289055691283,0.004166092716608949,1.1385912895202637,11,0.28593894839286804,0.2847188413143158,5.660094261169434,26.311279137302954,407.4402160644531,4,4,1.0,1.0,1.0,1.0,other,well_bound,untouched_id
ID_test,98ca5849687506c6fa58c193,composite_confining,truncated_line,10,1.0,inf,10,1.0,1.0,0.521943879762193,0.032856179105441745,1.1669786632081633,0.06972615866441197,0.0032710526282913044,1.0636510848999023,10,0.31175780296325684,0.30893784761428833,4.276403427124023,18.06192133952568,165.37445068359375,4,4,1.0,1.0,1.0,1.0,other,well_bound,untouched_id
ID_test,1baefe101d4088728df7e114,composite_confining,truncated_line,0,1.0,inf,0,1.0,1.0,0.0,0.0,0.0,0.0,1.0,16.67254538130586,128,0.056062862277030945,0.05488254129886627,45.39131164550781,134.79124849555376,26795.025390625,4,4,1.0,1.0,1.0,1.0,other,well_bound,untouched_id
ID_test,1baefe101d4088728df7e114,composite_confining,truncated_line,1,1.0,inf,1,1.0,1.0,1.5392490902147373,0.09232238119685221,1.5392490902147373,0.203905407018542,0.3063829463525647,6.769945186010027,50,0.10054297000169754,0.09879100322723389,45.42366409301758,136.36547142547784,27350.126953125,4,4,1.0,1.0,0.0,1.0,other,well_bound,untouched_id
ID_test,1baefe101d4088728df7e114,composite_confining,truncated_line,2,1.0,inf,2,1.0,1.0,1.1790962547212103,0.07072083042840449,1.8082686168969888,0.21477249064865886,0.14163509157192744,2.988736629486084,27,0.13818340003490448,0.13592088222503662,43.34663009643555,119.90412257723752,27171.19921875,4,4,1.0,1.0,0.0,1.0,other,well_bound,untouched_id
ID_test,1baefe101d4088728df7e114,composite_confining,truncated_line,3,1.0,inf,3,1.0,1.0,0.9422971445201412,0.05651789351712875,1.548336299708767,0.10261211852735616,0.07936099098043592,2.3780198097229004,20,0.16809579730033875,0.1655237227678299,39.29682159423828,118.2107674001571,24560.671875,4,4,1.0,1.0,0.0,1.0,other,well_bound,untouched_id
ID_test,1baefe101d4088728df7e114,composite_confining,truncated_line,4,1.0,inf,4,1.0,1.0,0.8806066416621922,0.05281776846441066,1.5571580795884963,0.07686757585201028,0.03895657322991952,2.011197566986084,17,0.19775283336639404,0.19472217559814453,33.25521469116211,110.06648192477778,20075.9453125,4,4,1.0,1.0,0.0,1.0,other,well_bound,untouched_id
ID_test,1baefe101d4088728df7e114,composite_confining,truncated_line,5,1.0,inf,5,1.0,1.0,0.8543083919211506,0.051240429843366714,1.5821418488057999,0.07769620933469314,0.022534898459551922,1.7820258140563965,14,0.2249932438135147,0.2212579846382141,21.806259155273438,87.9007987490595,10804.2216796875,4,4,1.0,1.0,0.0,1.0,other,well_bound,untouched_id
ID_test,1baefe101d4088728df7e114,composite_confining,truncated_line,6,1.0,inf,6,1.0,1.0,0.8274893774629614,0.04963185635654567,1.6177449986301036,0.07950951510959607,0.015325714594379258,1.6182985305786133,13,0.24922479689121246,0.24586698412895203,15.103606224060059,65.77199785709192,5417.42236328125,4,4,1.0,1.0,0.0,1.0,other,well_bound,untouched_id
ID_test,1baefe101d4088728df7e114,composite_confining,truncated_line,7,1.0,inf,7,1.0,1.0,0.7183147930668731,0.04308369098051973,1.4526107674231938,0.07814518237208101,0.007643400042629422,1.413072109222412,12,0.2822266221046448,0.27817219495773315,10.989411354064941,48.528981467826995,2529.50634765625,4,4,1.0,1.0,0.0,1.0,other,well_bound,untouched_id
ID_test,1baefe101d4088728df7e114,composite_confining,truncated_line,8,1.0,inf,8,1.0,1.0,0.7022923350021092,0.04212268246632314,1.4620587307158237,0.06841958103512202,0.005766696067590282,1.3040008544921875,10,0.2999721169471741,0.2970782518386841,7.311697483062744,34.56803411594322,875.1217041015625,4,4,1.0,1.0,0.0,1.0,other,well_bound,untouched_id
ID_test,1baefe101d4088728df7e114,composite_confining,truncated_line,9,1.0,inf,9,1.0,1.0,0.6198794425908346,0.03717965244142483,1.4173601968690432,0.08208498767434094,0.003488364257608234,1.201761245727539,10,0.3238193988800049,0.32061100006103516,6.081740856170654,29.80180503179843,503.7726135253906,4,4,1.0,1.0,1.0,1.0,other,well_bound,untouched_id
ID_test,1baefe101d4088728df7e114,composite_confining,truncated_line,10,1.0,inf,10,1.0,1.0,0.6015357290254837,0.0360794177054667,1.3585540592555727,0.07819541405141649,0.002903417659251617,1.124861717224121,9,0.3486975431442261,0.3443339169025421,4.461307525634766,19.802318590038695,188.91603088378906,4,4,1.0,1.0,1.0,1.0,other,well_bound,untouched_id
ID_test,b93a976ef5c47ad94e89d7ab,composite_confining,truncated_line,0,1.0,inf,0,1.0,1.0,0.0,0.0,0.0,0.0,1.0,15.77618399310682,128,0.054685331881046295,0.054456550627946854,47.70586013793945,94.47165176321424,29886.619140625,4,4,1.0,1.0,0.0,1.0,other,well_bound,untouched_id
ID_test,b93a976ef5c47ad94e89d7ab,composite_confining,truncated_line,1,1.0,inf,1,1.0,1.0,0.5404286958634517,0.03425598332902204,0.5404286958634517,0.12469568073577209,0.4155893175273122,7.301068178666554,58,0.09768810123205185,0.09731830656528473,47.350135803222656,99.4258417100666,29809.654296875,4,4,1.0,1.0,0.0,1.0,other,well_bound,untouched_id
ID_test,b93a976ef5c47ad94e89d7ab,composite_confining,truncated_line,2,1.0,inf,2,1.0,1.0,0.5711512469358587,0.03620338398597628,1.1035874419014386,0.13725319005559752,0.15164499057256742,2.5527987480163574,25,0.13194125890731812,0.13137875497341156,44.48152160644531,96.95510004588883,28503.046875,4,4,1.0,1.0,0.0,1.0,other,well_bound,untouched_id
ID_test,b93a976ef5c47ad94e89d7ab,composite_confining,truncated_line,3,1.0,inf,3,1.0,1.0,0.7402753836941037,0.04692360231203925,1.3382740369039674,0.14269376792555283,0.08260218733110114,2.118821620941162,20,0.1586408019065857,0.1578340232372284,40.181114196777344,101.63644947261893,25513.66015625,4,4,1.0,1.0,0.0,1.0,other,well_bound,untouched_id
ID_test,b93a976ef5c47ad94e89d7ab,composite_confining,truncated_line,4,1.0,inf,4,1.0,1.0,0.6701849450416815,0.042480801779093684,1.238886135525242,0.12395334873858374,0.04769950839349424,1.8521251678466797,17,0.18536928296089172,0.18434534966945648,34.01234436035156,100.22988222761904,20771.1328125,4,4,1.0,1.0,0.0,1.0,other,well_bound,untouched_id
ID_test,b93a976ef5c47ad94e89d7ab,composite_confining,truncated_line,5,1.0,inf,5,1.0,1.0,0.6895969794745563,0.04371126628441111,1.1555085603330455,0.09209969327100609,0.031060848368477,1.6443424224853516,15,0.21029028296470642,0.20907437801361084,22.199905395507812,81.24274882776831,11141.8505859375,4,4,1.0,1.0,0.0,1.0,other,well_bound,untouched_id
ID_test,b93a976ef5c47ad94e89d7ab,composite_confining,truncated_line,6,1.0,inf,6,1.0,1.0,0.6726771385032543,0.04263877366016846,1.1286010211345383,0.077534916683958,0.02131822270638073,1.485598087310791,13,0.23099519312381744,0.22986747324466705,15.420038223266602,63.96097779469177,5646.6640625,4,4,1.0,1.0,1.0,1.0,other,well_bound,untouched_id
ID_test,b93a976ef5c47ad94e89d7ab,composite_confining,truncated_line,7,1.0,inf,7,1.0,1.0,0.634679536234936,0.040230231627131775,1.0681466710774001,0.07819881419098237,0.010555796210654389,1.3240690231323242,12,0.25958356261253357,0.25859037041664124,11.142203330993652,47.05630205447612,2610.173583984375,4,4,1.0,1.0,0.0,1.0,other,well_bound,untouched_id
ID_test,b93a976ef5c47ad94e89d7ab,composite_confining,truncated_line,8,1.0,inf,8,1.0,1.0,0.6581299570684159,0.04171667605778283,1.2043285378553987,0.07676026655161877,0.006296276769316503,1.2184629440307617,11,0.27914920449256897,0.2779598832130432,7.323008060455322,33.25324517657747,874.1671752929688,4,4,1.0,1.0,0.0,1.0,other,well_bound,untouched_id
ID_test,b93a976ef5c47ad94e89d7ab,composite_confining,truncated_line,9,1.0,inf,9,1.0,1.0,0.5724067294223875,0.036282964858453254,1.1979919356656734,0.10144131407874424,0.003391087353420752,1.0355100631713867,10,0.31437432765960693,0.3129309117794037,6.658731460571289,29.195287956939758,655.3264770507812,4,4,1.0,1.0,1.0,1.0,other,well_bound,untouched_id
ID_test,b93a976ef5c47ad94e89d7ab,composite_confining,truncated_line,10,1.0,inf,10,1.0,1.0,0.5831564490830038,0.03696435394882601,1.26676766166399,0.09344466455968482,0.0026695017604357885,0.9818735122680664,9,0.3325127363204956,0.3306538462638855,4.830147743225098,19.20932909518375,240.36135864257812,4,4,1.0,1.0,1.0,1.0,other,well_bound,untouched_id
ID_test,3b1db31de4aa4797a7420feb,composite_confining,truncated_line,0,1.0,inf,0,1.0,1.0,0.0,0.0,0.0,0.0,1.0,16.212210480054274,128,0.04059319198131561,0.040411558002233505,39.86924362182617,121.68834058797461,19867.482421875,4,4,1.0,1.0,1.0,1.0,other,well_bound,untouched_id
ID_test,3b1db31de4aa4797a7420feb,composite_confining,truncated_line,1,1.0,inf,1,1.0,1.0,0.9452522611616911,0.058304958618975854,0.9452522611616911,0.061054956286229256,0.48895689704684064,7.746910190160854,61,0.07542496919631958,0.07527060806751251,41.64506530761719,131.98058859075573,23222.3359375,4,4,1.0,1.0,1.0,1.0,other,well_bound,untouched_id
ID_test,3b1db31de4aa4797a7420feb,composite_confining,truncated_line,2,1.0,inf,2,1.0,1.0,0.6747293600386455,0.041618591176617065,0.9657855815408606,0.14783355133383033,0.19542712081126878,3.1936564445495605,30,0.10866387188434601,0.10783425718545914,39.03633117675781,122.62540226434929,23152.529296875,4,4,1.0,1.0,1.0,1.0,other,well_bound,untouched_id
ID_test,3b1db31de4aa4797a7420feb,composite_confining,truncated_line,3,1.0,inf,3,1.0,1.0,0.5153145895783643,0.031785584711742476,1.0419937130453523,0.11724363704642943,0.12516930176019703,2.5739192962646484,24,0.13954469561576843,0.13827750086784363,34.393211364746094,120.35305412839566,20353.361328125,4,4,1.0,1.0,0.0,1.0,other,well_bound,untouched_id
ID_test,3b1db31de4aa4797a7420feb,composite_confining,truncated_line,4,1.0,inf,4,1.0,1.0,0.4795958190942307,0.029582382962784304,0.9160038677430218,0.10259344615646385,0.08099179111638366,2.16286039352417,19,0.1707344800233841,0.1688203513622284,27.377065658569336,107.51934995771937,15090.6787109375,4,4,1.0,1.0,1.0,1.0,other,well_bound,untouched_id
ID_test,3b1db31de4aa4797a7420feb,composite_confining,truncated_line,5,1.0,inf,5,1.0,1.0,0.5006368552035627,0.030880234118567076,0.8903689483796917,0.07762311143447438,0.051193078900137357,1.8872580528259277,16,0.19858460128307343,0.1967877298593521,16.791461944580078,80.14351988968892,6695.25927734375,4,4,1.0,1.0,1.0,1.0,other,well_bound,untouched_id
ID_test,3b1db31de4aa4797a7420feb,composite_confining,truncated_line,6,1.0,inf,6,1.0,1.0,0.511129736378188,0.03152745500109476,0.9202230203106816,0.06295079276104472,0.03060809245669527,1.6601743698120117,14,0.22606144845485687,0.2236391007900238,11.762984275817871,58.22609964410599,3128.291748046875,4,4,1.0,1.0,1.0,1.0,other,well_bound,untouched_id
ID_test,3b1db31de4aa4797a7420feb,composite_confining,truncated_line,7,1.0,inf,7,1.0,1.0,0.47809067742053807,0.029489542959532163,0.8502829100428717,0.06202515067079264,0.014324690642588456,1.4481735229492188,13,0.25674891471862793,0.25450196862220764,9.040885925292969,43.2903291430007,1545.6749267578125,4,4,1.0,1.0,0.0,1.0,other,well_bound,untouched_id
ID_test,3b1db31de4aa4797a7420feb,composite_confining,truncated_line,8,1.0,inf,8,1.0,1.0,0.5250359274168552,0.03238521533277661,0.9636226147052942,0.05578403129549139,0.00849263907748965,1.3399286270141602,11,0.27630823850631714,0.2743307054042816,6.4089131355285645,31.62441515821551,608.8433837890625,4,4,1.0,1.0,0.0,1.0,other,well_bound,untouched_id
ID_test,3b1db31de4aa4797a7420feb,composite_confining,truncated_line,9,1.0,inf,9,1.0,1.0,0.500009834440515,0.030841558284459256,1.0764214311233946,0.0735900649199919,0.004366585427873604,1.1797266006469727,11,0.2846890091896057,0.2834753692150116,5.492774963378906,26.076087364771503,372.0719909667969,4,4,1.0,1.0,1.0,1.0,other,well_bound,untouched_id
ID_test,3b1db31de4aa4797a7420feb,composite_confining,truncated_line,10,1.0,inf,10,1.0,1.0,0.5294458353437396,0.03265722684732669,1.1502048744928812,0.06683513781888215,0.0033806644906893,1.1045417785644531,10,0.31022995710372925,0.3080008625984192,4.178155899047852,17.93119584889109,153.66763305664062,4,4,1.0,1.0,1.0,1.0,other,well_bound,untouched_id
ID_test,4a8a12165920bed0cbedc642,procedural_composite,truncated_line,0,1.0,inf,0,1.0,1.0,0.0,0.0,0.0,0.0,1.0,15.902783723725939,128,0.05896959826350212,0.05881504341959953,47.8292236328125,123.2426090878198,30540.921875,4,4,1.0,1.0,0.0,1.0,other,well_bound,untouched_id
ID_test,4a8a12165920bed0cbedc642,procedural_composite,truncated_line,1,1.0,inf,1,1.0,1.0,0.09792301360453814,0.006157602046643146,0.09792301360453814,0.0023631021392699347,0.49634482823945475,6.904800903062373,54,0.10754044353961945,0.10721900314092636,47.560428619384766,116.59915797875775,30264.8984375,4,4,1.0,1.0,0.0,1.0,other,well_bound,untouched_id
ID_test,4a8a12165920bed0cbedc642,procedural_composite,truncated_line,2,1.0,inf,2,1.0,1.0,0.5569110629389401,0.035019721868446485,0.6825715875630689,0.1594431817400628,0.22526155837278983,2.2938451766967773,22,0.1480427235364914,0.14730234444141388,44.60208511352539,103.1942066026392,28722.53125,4,4,1.0,1.0,0.0,1.0,other,well_bound,untouched_id
ID_test,4a8a12165920bed0cbedc642,procedural_composite,truncated_line,3,1.0,inf,3,1.0,1.0,0.674453053576431,0.042411005852402435,1.1487040330758669,0.10704679359493732,0.08551068240894366,1.931119441986084,18,0.1780451387166977,0.1769561916589737,40.85745620727539,98.8125608508921,26095.45703125,4,4,1.0,1.0,0.0,1.0,other,well_bound,untouched_id
ID_test,4a8a12165920bed0cbedc642,procedural_composite,truncated_line,4,1.0,inf,4,1.0,1.0,0.7381010790382123,0.04641332560770556,1.4625292336645455,0.09744508881732651,0.02702585557480086,1.6753816604614258,15,0.20671923458576202,0.20547333359718323,35.65276336669922,97.69381218058481,22114.462890625,4,4,1.0,1.0,0.0,1.0,other,well_bound,untouched_id
ID_test,4a8a12165920bed0cbedc642,procedural_composite,truncated_line,5,1.0,inf,5,1.0,1.0,0.8594694801259852,0.05404522221123536,1.7660134134287273,0.10700995594886718,0.008930505447462656,1.5156197547912598,13,0.23115715384483337,0.2295420914888382,25.20844841003418,81.63456362967543,13670.6240234375,4,4,1.0,1.0,0.0,1.0,other,well_bound,untouched_id
ID_test,4a8a12165920bed0cbedc642,procedural_composite,truncated_line,6,1.0,inf,6,1.0,1.0,0.9663437704523705,0.06076569909019433,2.105845210041234,0.11141251811263626,0.006242488446186911,1.409864902496338,13,0.2484435737133026,0.2470993995666504,17.468923568725586,68.96005891949468,7225.66748046875,4,4,1.0,1.0,0.0,1.0,other,well_bound,untouched_id
ID_test,4a8a12165920bed0cbedc642,procedural_composite,truncated_line,7,1.0,inf,7,1.0,1.0,0.9222927918155612,0.05799568225527454,2.0939100582998194,0.11555758207600814,0.0040314420637824755,1.2730669975280762,11,0.2741193175315857,0.2730269432067871,12.508038520812988,51.97926129735326,3433.40771484375,4,4,1.0,1.0,0.0,1.0,other,well_bound,untouched_id
ID_test,4a8a12165920bed0cbedc642,procedural_composite,truncated_line,8,1.0,inf,8,1.0,1.0,0.9363901485586053,0.05888215326487594,2.0394912693846594,0.11151943858511831,0.0038237168931551935,1.1742682456970215,11,0.2919691503047943,0.2908076345920563,7.970916271209717,35.46593875880891,1092.065673828125,4,4,1.0,1.0,0.0,1.0,other,well_bound,untouched_id
ID_test,4a8a12165920bed0cbedc642,procedural_composite,truncated_line,9,1.0,inf,9,1.0,1.0,0.7701237376069335,0.04842697674734506,1.7621349781321731,0.12328438708188172,0.0022373788627648716,0.9846367835998535,9,0.33290213346481323,0.3315812349319458,7.696440696716309,33.351397698580655,976.9271850585938,4,4,1.0,1.0,0.0,1.0,other,well_bound,untouched_id
ID_test,4a8a12165920bed0cbedc642,procedural_composite,truncated_line,10,1.0,inf,10,1.0,1.0,0.7310792896713876,0.045971780939249265,1.5276260987661274,0.10742889536688073,0.0020850441664301833,0.9431753158569336,9,0.35072022676467896,0.3490041494369507,5.15466833114624,20.788905033729336,290.2196960449219,4,4,1.0,1.0,1.0,1.0,other,well_bound,untouched_id
ID_test,5ccdcb824960bb83ef4b75cb,procedural_composite,truncated_line,0,1.0,inf,0,1.0,1.0,0.0,0.0,0.0,0.0,1.0,15.42980194702514,128,0.0418967567384243,0.041738882660865784,41.08698654174805,128.5615973895552,21040.3125,4,4,1.0,1.0,1.0,1.0,other,well_bound,untouched_id
ID_test,5ccdcb824960bb83ef4b75cb,procedural_composite,truncated_line,1,1.0,inf,1,1.0,1.0,1.1320992127380407,0.07337094906498842,1.1320992127380407,0.16678498809450001,0.43682488226392,6.924672899018459,56,0.07976007461547852,0.07945778965950012,43.164329528808594,134.14180327861493,24616.751953125,4,4,1.0,1.0,1.0,1.0,other,well_bound,untouched_id
ID_test,5ccdcb824960bb83ef4b75cb,procedural_composite,truncated_line,2,1.0,inf,2,1.0,1.0,0.7310635265298769,0.04737996826140894,1.1789216622101155,0.16746168360202698,0.1899044969496524,2.9573702812194824,29,0.11624019593000412,0.11540843546390533,41.433860778808594,119.79871565489867,25293.623046875,4,4,1.0,1.0,1.0,1.0,other,well_bound,untouched_id
ID_test,5ccdcb824960bb83ef4b75cb,procedural_composite,truncated_line,3,1.0,inf,3,1.0,1.0,0.6069805010984889,0.03933819132497125,1.1019724359798377,0.10688922503525954,0.11852006331627818,2.3612709045410156,23,0.14683841168880463,0.1456589251756668,37.11041259765625,117.97378863157647,22666.46875,4,4,1.0,1.0,0.0,1.0,other,well_bound,untouched_id
ID_test,5ccdcb824960bb83ef4b75cb,procedural_composite,truncated_line,4,1.0,inf,4,1.0,1.0,0.5850637230498223,0.037917772701069725,1.0376438953593028,0.09413872334393977,0.06756539651952465,1.9956893920898438,18,0.178065225481987,0.17641085386276245,30.194154739379883,105.55610005420618,17466.94921875,4,4,1.0,1.0,1.0,1.0,other,well_bound,untouched_id
ID_test,5ccdcb824960bb83ef4b75cb,procedural_composite,truncated_line,5,1.0,inf,5,1.0,1.0,0.5603505589063067,0.036316121284650844,1.074905287295079,0.07296288082053562,0.038084986615098515,1.7491002082824707,16,0.20664305984973907,0.20476886630058289,19.267253875732422,81.05351458099776,8684.431640625,4,4,1.0,1.0,0.0,1.0,other,well_bound,untouched_id
ID_test,5ccdcb824960bb83ef4b75cb,procedural_composite,truncated_line,6,1.0,inf,6,1.0,1.0,0.5935834794787057,0.03846993509810723,1.153025214912887,0.06260051250284618,0.019568122177356928,1.5445747375488281,14,0.23409682512283325,0.23187805712223053,13.217615127563477,59.076961613236605,4075.80517578125,4,4,1.0,1.0,0.0,1.0,other,well_bound,untouched_id
ID_test,5ccdcb824960bb83ef4b75cb,procedural_composite,truncated_line,7,1.0,inf,7,1.0,1.0,0.5381502627768154,0.03487732795433389,1.1145950275887078,0.06145584729502267,0.00831565720377836,1.3511810302734375,11,0.2656022608280182,0.2629423439502716,9.919118881225586,44.123116575008595,1963.8321533203125,4,4,1.0,1.0,0.0,1.0,other,well_bound,untouched_id
ID_test,5ccdcb824960bb83ef4b75cb,procedural_composite,truncated_line,8,1.0,inf,8,1.0,1.0,0.5834903022990308,0.03781579985940957,1.2597104763485656,0.05671431124204997,0.005919068841621522,1.250462532043457,11,0.28295332193374634,0.28169211745262146,6.866609573364258,32.30666455190092,740.7067260742188,4,4,1.0,1.0,0.0,1.0,other,well_bound,untouched_id
ID_test,5ccdcb824960bb83ef4b75cb,procedural_composite,truncated_line,9,1.0,inf,9,1.0,1.0,0.5572100839019298,0.03611258821175989,1.3481692680424509,0.07349536603017147,0.003788669113414911,1.109443187713623,10,0.29500433802604675,0.29413503408432007,5.869864463806152,26.823598987009632,453.6064453125,4,4,1.0,1.0,1.0,1.0,other,well_bound,untouched_id
ID_test,5ccdcb824960bb83ef4b75cb,procedural_composite,truncated_line,10,1.0,inf,10,1.0,1.0,0.5560578172703088,0.03603791021941902,1.3554113507158831,0.07133348268658267,0.0031804834977136043,1.040571689605713,10,0.3206911087036133,0.318568617105484,4.3979973793029785,18.37736663378026,181.1324920654297,4,4,1.0,1.0,1.0,1.0,other,well_bound,untouched_id
ID_test,0a2cee74966faa9fd2286185,procedural_composite,truncated_line,0,1.0,inf,0,1.0,1.0,0.0,0.0,0.0,0.0,1.0,14.551792824059124,128,0.05116674304008484,0.05095823109149933,46.00111770629883,90.48306516471007,27680.5859375,4,4,1.0,1.0,1.0,1.0,other,well_bound,untouched_id
ID_test,0a2cee74966faa9fd2286185,procedural_composite,truncated_line,1,1.0,inf,1,1.0,1.0,0.12350285964431462,0.008487123280103457,0.12350285964431462,0.05064585842308489,0.48389863432771285,7.142996870798388,63,0.09136136621236801,0.09126061201095581,46.07941818237305,100.53067020732912,28239.58203125,4,4,1.0,1.0,0.0,1.0,other,well_bound,untouched_id
ID_test,0a2cee74966faa9fd2286185,procedural_composite,truncated_line,2,1.0,inf,2,1.0,1.0,0.40406962531915314,0.027767686786406617,0.4553561674844415,0.19481038132776132,0.2305203017552575,2.427520275115967,26,0.12323959171772003,0.1228545606136322,43.219635009765625,97.99742248221432,27099.52734375,4,4,1.0,1.0,0.0,1.0,other,well_bound,untouched_id
ID_test,0a2cee74966faa9fd2286185,procedural_composite,truncated_line,3,1.0,inf,3,1.0,1.0,0.43276516218544053,0.02973964565176675,0.6571739984640512,0.16465138701136878,0.11842073326995739,2.0152816772460938,21,0.15231575071811676,0.15148566663265228,38.919551849365234,100.09427139541228,24196.8046875,4,4,1.0,1.0,0.0,1.0,other,well_bound,untouched_id
ID_test,0a2cee74966faa9fd2286185,procedural_composite,truncated_line,4,1.0,inf,4,1.0,1.0,0.5162679709657342,0.035477963245337404,0.7931313916354185,0.11826282066081861,0.06396642807644624,1.7326107025146484,17,0.17928214371204376,0.17819292843341827,32.72554016113281,96.78646169182166,19501.484375,4,4,1.0,1.0,0.0,1.0,other,well_bound,untouched_id
ID_test,0a2cee74966faa9fd2286185,procedural_composite,truncated_line,5,1.0,inf,5,1.0,1.0,0.5364702077160157,0.036866262061472296,0.9302471936952459,0.08711153895742878,0.03378247165244097,1.544543743133545,16,0.20599758625030518,0.20453067123889923,21.060216903686523,77.03162864184003,10143.5439453125,4,4,1.0,1.0,1.0,1.0,other,well_bound,untouched_id
ID_test,0a2cee74966faa9fd2286185,procedural_composite,truncated_line,6,1.0,inf,6,1.0,1.0,0.5949541843167222,0.040885284137158556,1.0842975466261326,0.0760268940942159,0.016076596875641308,1.3937263488769531,14,0.22659754753112793,0.2257935255765915,14.715348243713379,59.537456951199005,5126.1494140625,4,4,1.0,1.0,1.0,1.0,other,well_bound,untouched_id
ID_test,0a2cee74966faa9fd2286185,procedural_composite,truncated_line,7,1.0,inf,7,1.0,1.0,0.5757865503811911,0.03956808328312768,1.1270798846162857,0.07923913672647315,0.008084362906469791,1.2540159225463867,12,0.25273531675338745,0.25156280398368835,10.54494857788086,43.371075933851465,2288.212890625,4,4,1.0,1.0,0.0,1.0,other,well_bound,untouched_id
ID_test,0a2cee74966faa9fd2286185,procedural_composite,truncated_line,8,1.0,inf,8,1.0,1.0,0.6154361564961441,0.04229280638730757,1.2538894239346303,0.07670928707128098,0.004706121671021008,1.162874698638916,11,0.2695237100124359,0.2686304450035095,6.917348861694336,30.6277675247704,749.1470947265625,4,4,1.0,1.0,0.0,1.0,other,well_bound,untouched_id
ID_test,0a2cee74966faa9fd2286185,procedural_composite,truncated_line,9,1.0,inf,9,1.0,1.0,0.5468026441408862,0.03757630765858851,1.2380796990727339,0.09611272491085263,0.002832475275567913,0.987149715423584,10,0.29968053102493286,0.2992739677429199,6.270449638366699,26.05735260540115,550.6458740234375,4,4,1.0,1.0,1.0,1.0,other,well_bound,untouched_id
ID_test,0a2cee74966faa9fd2286185,procedural_composite,truncated_line,10,1.0,inf,10,1.0,1.0,0.559889845444255,0.03847566084905801,1.2785460151019878,0.09022378372155054,0.0026171242233612945,0.9294605255126953,10,0.31765446066856384,0.31703969836235046,4.581202507019043,17.188039970049573,204.13526916503906,4,4,1.0,1.0,1.0,1.0,other,well_bound,untouched_id
ID_test,b86c6d085593aeaf909991c5,procedural_composite,truncated_line,0,1.0,inf,0,1.0,1.0,0.0,0.0,0.0,0.0,1.0,18.673564931030917,128,0.0553993284702301,0.05449391156435013,46.047672271728516,111.92611069606167,27778.791015625,4,4,1.0,1.0,0.0,1.0,other,well_bound,untouched_id
ID_test,b86c6d085593aeaf909991c5,procedural_composite,truncated_line,1,1.0,inf,1,1.0,1.0,1.3085415086831076,0.07007454192684066,1.3085415086831076,0.2753002688183579,0.32707701345564405,7.972972720488388,53,0.0999971255660057,0.09853044152259827,46.14944076538086,118.75231301750975,28515.73046875,4,4,1.0,1.0,0.0,1.0,other,well_bound,untouched_id
ID_test,b86c6d085593aeaf909991c5,procedural_composite,truncated_line,2,1.0,inf,2,1.0,1.0,1.146366347726078,0.0613897963222382,1.837033928194106,0.15617677830744928,0.10691395562005113,3.2451648712158203,26,0.13471411168575287,0.1326202005147934,43.37775802612305,113.94282404366376,27616.98046875,4,4,1.0,1.0,1.0,1.0,other,well_bound,untouched_id
ID_test,b86c6d085593aeaf909991c5,procedural_composite,truncated_line,3,1.0,inf,3,1.0,1.0,0.9650803350410432,0.051681633293132724,1.860968308077715,0.16226970688953318,0.05379407566096744,2.5921363830566406,20,0.1644565314054489,0.16207881271839142,38.98508071899414,114.96135685920524,24695.9765625,4,4,1.0,1.0,0.0,1.0,other,well_bound,untouched_id
ID_test,b86c6d085593aeaf909991c5,procedural_composite,truncated_line,4,1.0,inf,4,1.0,1.0,0.897686931240136,0.04807260609078446,1.6031720920476351,0.12647142146132748,0.04055847508557878,2.235248565673828,18,0.19027766585350037,0.1881386786699295,32.355892181396484,108.27153507542383,19541.978515625,4,4,1.0,1.0,1.0,1.0,other,well_bound,untouched_id
ID_test,b86c6d085593aeaf909991c5,procedural_composite,truncated_line,5,1.0,inf,5,1.0,1.0,0.7698657171569818,0.041227570632624756,1.3610489282337612,0.09624732028179496,0.03107420985818609,1.9910602569580078,15,0.21618343889713287,0.21391819417476654,21.057273864746094,84.7036220215349,10231.484375,4,4,1.0,1.0,0.0,1.0,other,well_bound,untouched_id
ID_test,b86c6d085593aeaf909991c5,procedural_composite,truncated_line,6,1.0,inf,6,1.0,1.0,0.776821126646469,0.04160004420771213,1.3180218497818168,0.0760563736813918,0.02108955789989343,1.788076400756836,13,0.23773127794265747,0.2359772026538849,14.313661575317383,64.34555162509677,4844.19384765625,4,4,1.0,1.0,0.0,1.0,other,well_bound,untouched_id
ID_test,b86c6d085593aeaf909991c5,procedural_composite,truncated_line,7,1.0,inf,7,1.0,1.0,0.685639298505788,0.036717107902970496,1.2043614927842605,0.07400662664649378,0.011938728932206294,1.5714750289916992,12,0.26798975467681885,0.26544010639190674,10.499881744384766,47.149100656535744,2251.926025390625,4,4,1.0,1.0,0.0,1.0,other,well_bound,untouched_id
ID_test,b86c6d085593aeaf909991c5,procedural_composite,truncated_line,8,1.0,inf,8,1.0,1.0,0.7040864800740385,0.03770498470294862,1.258827668394082,0.06846864286910748,0.006493660811437375,1.4585638046264648,11,0.28994932770729065,0.2870897352695465,7.114317893981934,33.55082006486235,807.8541259765625,4,4,1.0,1.0,0.0,1.0,other,well_bound,untouched_id
ID_test,b86c6d085593aeaf909991c5,procedural_composite,truncated_line,9,1.0,inf,9,1.0,1.0,0.601317085617184,0.032201515234937354,1.277317678805809,0.09221707977930085,0.0035380397603597255,1.2967405319213867,10,0.31874480843544006,0.3151334524154663,6.174874305725098,28.468802247914056,527.85498046875,4,4,1.0,1.0,1.0,1.0,other,well_bound,untouched_id
ID_test,b86c6d085593aeaf909991c5,procedural_composite,truncated_line,10,1.0,inf,10,1.0,1.0,0.6297514277995103,0.033724220850461006,1.337012171086502,0.08076343569079909,0.0027029646410646636,1.2084636688232422,9,0.33336034417152405,0.3312336206436157,4.5558671951293945,19.044577657255758,201.65325927734375,4,4,1.0,1.0,1.0,1.0,other,well_bound,untouched_id
ID_test,7d62ca7d87a1df1675f62f1c,procedural_composite,truncated_line,0,1.0,inf,0,1.0,1.0,0.0,0.0,0.0,0.0,1.0,17.07273343497457,128,0.04775695130228996,0.047472212463617325,43.2702751159668,127.68801520003922,24267.5,4,4,1.0,1.0,0.0,1.0,other,well_bound,untouched_id
ID_test,7d62ca7d87a1df1675f62f1c,procedural_composite,truncated_line,1,1.0,inf,1,1.0,1.0,0.7434347829325871,0.04354515261215373,0.7434347829325871,0.1889176437276758,0.30938234600615705,8.19447128101038,61,0.08569470047950745,0.08535676449537277,44.30027770996094,132.44078388515794,26474.466796875,4,4,1.0,1.0,0.0,1.0,other,well_bound,untouched_id
ID_test,7d62ca7d87a1df1675f62f1c,procedural_composite,truncated_line,2,1.0,inf,2,1.0,1.0,0.8456918938462923,0.04953465108954605,1.5016845422500968,0.11326811761050411,0.0860614301209651,3.170456886291504,28,0.1158704161643982,0.11530791968107224,41.07802963256836,122.27376140021565,25328.29296875,4,4,1.0,1.0,1.0,1.0,other,well_bound,untouched_id
ID_test,7d62ca7d87a1df1675f62f1c,procedural_composite,truncated_line,3,1.0,inf,3,1.0,1.0,0.6722793013473319,0.03937736765514803,1.171905695548418,0.3593908638374644,0.09329488638713214,2.5486888885498047,22,0.14446009695529938,0.14356450736522675,36.642730712890625,121.07033812606598,22535.296875,4,4,1.0,1.0,0.0,1.0,other,well_bound,untouched_id
ID_test,7d62ca7d87a1df1675f62f1c,procedural_composite,truncated_line,4,1.0,inf,4,1.0,1.0,0.3842941554019187,0.022509234204680307,0.7696892166751601,0.09810898712573127,0.09454534119617819,2.199556350708008,19,0.1699260175228119,0.1689082831144333,29.6309814453125,110.2990222010759,17109.658203125,4,4,1.0,1.0,0.0,1.0,other,well_bound,untouched_id
ID_test,7d62ca7d87a1df1675f62f1c,procedural_composite,truncated_line,5,1.0,inf,5,1.0,1.0,0.4728899497283403,0.02769854935821791,0.9052517683728407,0.08278423481520979,0.05508709457842531,1.9416322708129883,16,0.1960488110780716,0.1954127848148346,18.381145477294922,83.67323087061273,7984.294921875,4,4,1.0,1.0,1.0,1.0,other,well_bound,untouched_id
ID_test,7d62ca7d87a1df1675f62f1c,procedural_composite,truncated_line,6,1.0,inf,6,1.0,1.0,0.5181856688774811,0.03035165229112903,1.026925433746007,0.07411778869956535,0.03061681478221223,1.7089967727661133,14,0.22807380557060242,0.2201038897037506,12.897335052490234,61.08126889803252,3861.3583984375,4,4,1.0,1.0,1.0,1.0,other,well_bound,untouched_id
ID_test,7d62ca7d87a1df1675f62f1c,procedural_composite,truncated_line,7,1.0,inf,7,1.0,1.0,0.4908030815131196,0.02874777395092918,1.0130677843039049,0.06612221001248382,0.014101877457296519,1.5069303512573242,13,0.2591218054294586,0.24950248003005981,9.572111129760742,45.103573184511184,1789.4560546875,4,4,1.0,1.0,0.0,1.0,other,well_bound,untouched_id
ID_test,7d62ca7d87a1df1675f62f1c,procedural_composite,truncated_line,8,1.0,inf,8,1.0,1.0,0.5496034538837552,0.03219188397552426,1.1409927429405191,0.05547628851552387,0.008559442706904341,1.3992156982421875,12,0.27689430117607117,0.26921170949935913,6.592938423156738,32.48185378645425,657.2816772460938,4,4,1.0,1.0,0.0,1.0,other,well_bound,untouched_id
ID_test,7d62ca7d87a1df1675f62f1c,procedural_composite,truncated_line,9,1.0,inf,9,1.0,1.0,0.5204464178000653,0.030484070976818396,1.2397000212409157,0.07930147816563127,0.004457141551108101,1.2010927200317383,11,0.29131779074668884,0.290634423494339,5.780553817749023,27.077499287396236,434.5782165527344,4,4,1.0,1.0,1.0,1.0,other,well_bound,untouched_id
ID_test,7d62ca7d87a1df1675f62f1c,procedural_composite,truncated_line,10,1.0,inf,10,1.0,1.0,0.5541657462497349,0.03245911080146612,1.2826593701105375,0.07095185057628225,0.003426108995161159,1.129958152770996,10,0.3117057681083679,0.31099873781204224,4.33919095993042,18.299966520001245,172.9574432373047,4,4,1.0,1.0,1.0,1.0,other,well_bound,untouched_id
ID_test,4c9d3c3525817c53df1af3e0,asymptotically_constant,truncated_line,0,1.0,15.103548285519382,0,1.0,1.0,0.0,0.0,0.0,0.0,1.0,14.403371032468929,256,0.03017384558916092,0.030149899423122406,50.19522476196289,106.14393388275843,32513.462890625,4,4,1.0,1.0,0.0,1.0,other,well_bound,untouched_id
ID_test,4c9d3c3525817c53df1af3e0,asymptotically_constant,truncated_line,1,1.0,13.861816471128265,1,1.0,1.0,0.012710669924770608,0.0008824788236113244,0.012710669924770608,0.004969886133975532,0.4949103544788346,7.199906917738039,128,0.0534927137196064,0.053441498428583145,50.3310432434082,110.60697317830255,32545.962890625,4,4,1.0,1.0,0.0,1.0,other,well_bound,untouched_id
ID_test,4c9d3c3525817c53df1af3e0,asymptotically_constant,truncated_line,2,1.0,12.67323505779904,2,1.0,1.0,0.4127444018029872,0.028656097303371163,0.4184325301599754,0.16231924012388765,0.25806259877748255,2.103801727294922,45,0.07024674862623215,0.07002724707126617,48.905948638916016,100.90647697352898,31750.541015625,4,4,1.0,1.0,0.0,1.0,other,well_bound,untouched_id
ID_test,4c9d3c3525817c53df1af3e0,asymptotically_constant,truncated_line,3,1.0,11.537808633728911,3,1.0,1.0,0.44296173654997045,0.030754032202004653,0.6753876826851357,0.1353823071563177,0.13141044922147097,1.7770028114318848,37,0.08427831530570984,0.08404874056577682,46.427215576171875,96.50953973985315,30075.673828125,4,4,1.0,1.0,0.0,1.0,other,well_bound,untouched_id
ID_test,4c9d3c3525817c53df1af3e0,asymptotically_constant,truncated_line,4,1.0,10.455541556740759,4,1.0,1.0,0.5649668933646246,0.03922462957394091,0.841874523501134,0.09192548746449627,0.0663724446747481,1.5626468658447266,33,0.09667150676250458,0.09622256457805634,41.85481262207031,94.72037604290031,26584.158203125,4,4,1.0,1.0,0.0,1.0,other,well_bound,untouched_id
ID_test,4c9d3c3525817c53df1af3e0,asymptotically_constant,truncated_line,5,1.0,9.426437951342555,5,1.0,1.0,0.5936227451868012,0.041214153537294976,0.9701605829347426,0.07550453871298547,0.029675788957836863,1.4130210876464844,29,0.1088680699467659,0.10815083980560303,32.089447021484375,83.78275504732252,19094.4921875,4,4,1.0,1.0,1.0,1.0,other,well_bound,untouched_id
ID_test,4c9d3c3525817c53df1af3e0,asymptotically_constant,truncated_line,6,1.0,8.450501704281438,6,1.0,1.0,0.6841571293449258,0.04749979208357949,1.1193501071958045,0.07628301441809571,0.016291554700147315,1.309004783630371,27,0.1176970824599266,0.11707250028848648,23.924076080322266,74.9646216289027,12466.8115234375,4,4,1.0,1.0,1.0,1.0,other,well_bound,untouched_id
ID_test,4c9d3c3525817c53df1af3e0,asymptotically_constant,truncated_line,7,1.0,7.52773642498418,7,1.0,1.0,0.6761964398148512,0.04694709580767789,1.1853138833307382,0.08697584848062107,0.007406464919370692,1.1927666664123535,25,0.12869559228420258,0.12850423157215118,15.29538345336914,55.26549668218985,5377.55419921875,4,4,1.0,1.0,0.0,1.0,other,well_bound,untouched_id
ID_test,4c9d3c3525817c53df1af3e0,asymptotically_constant,truncated_line,8,1.0,6.658144823894396,8,1.0,1.0,0.7532512368848651,0.052296871002409206,1.3520913481681363,0.09531010410627025,0.0045488169276331975,1.1243996620178223,23,0.13510818779468536,0.13467338681221008,8.529646873474121,36.30135425243264,1333.2259521484375,4,4,1.0,1.0,0.0,1.0,other,well_bound,untouched_id
ID_test,4c9d3c3525817c53df1af3e0,asymptotically_constant,truncated_line,9,1.0,5.841720865212189,9,1.0,1.0,0.6500498282201028,0.04513178385495466,1.3636733788682456,0.11274168193307701,0.0023926164936414153,0.9290981292724609,20,0.15854568779468536,0.15820278227329254,7.350551605224609,29.53675647196468,865.2860107421875,4,4,1.0,1.0,1.0,1.0,other,well_bound,untouched_id
ID_test,4c9d3c3525817c53df1af3e0,asymptotically_constant,truncated_line,10,1.0,5.078375752549352,10,1.0,1.0,0.6584968785192397,0.04571824727939155,1.3627679520264335,0.10749308593870001,0.002290485799717948,0.8690266609191895,19,0.16805404424667358,0.16755789518356323,5.0679545402526855,18.459898221889617,277.84295654296875,4,4,1.0,1.0,1.0,1.0,other,well_bound,untouched_id
ID_test,b3f324ef18f2500bc7c051ba,asymptotically_constant,truncated_line,0,1.0,12.750250652183162,0,1.0,1.0,0.0,0.0,0.0,0.0,1.0,15.367178458947205,256,0.030430475249886513,0.030391737818717957,50.12297439575195,107.98000131511321,32490.525390625,4,4,1.0,1.0,0.0,1.0,other,well_bound,untouched_id
ID_test,b3f324ef18f2500bc7c051ba,asymptotically_constant,truncated_line,1,1.0,11.632583091188609,1,1.0,1.0,0.030013224696752314,0.0019530732188040524,0.030013224696752314,0.0024792413778497446,0.49551000784835936,7.604267805764316,126,0.05394305661320686,0.053865112364292145,50.257049560546875,111.85664220878668,32506.984375,4,4,1.0,1.0,0.0,1.0,other,well_bound,untouched_id
ID_test,b3f324ef18f2500bc7c051ba,asymptotically_constant,truncated_line,2,1.0,10.564921219150477,2,1.0,1.0,0.44009426237049176,0.028638586032314634,0.4571681261271098,0.16168262182082904,0.262450793546779,2.2280325889587402,45,0.07097198814153671,0.07072242349386215,48.78008270263672,101.16247306954784,31686.2109375,4,4,1.0,1.0,0.0,1.0,other,well_bound,untouched_id
ID_test,b3f324ef18f2500bc7c051ba,asymptotically_constant,truncated_line,3,1.0,9.54727476833174,3,1.0,1.0,0.483515561611622,0.03146417300373743,0.7520043462587787,0.13374261561604353,0.13622000868599438,1.8825316429138184,37,0.08490336686372757,0.08455090969800949,46.21107864379883,96.16700736885835,29945.1953125,4,4,1.0,1.0,0.0,1.0,other,well_bound,untouched_id
ID_test,b3f324ef18f2500bc7c051ba,asymptotically_constant,truncated_line,4,1.0,8.579654668565455,4,1.0,1.0,0.605001115455558,0.03936969412256089,0.9212984332833154,0.0907409287105839,0.0696432375353685,1.6579370498657227,33,0.09713120758533478,0.0967431291937828,41.59968185424805,94.12529754356792,26434.998046875,4,4,1.0,1.0,0.0,1.0,other,well_bound,untouched_id
ID_test,b3f324ef18f2500bc7c051ba,asymptotically_constant,truncated_line,5,1.0,7.662073541425803,5,1.0,1.0,0.6463104864765856,0.04205784999524655,1.0891547424599657,0.07546040785795911,0.028203661614734976,1.5018329620361328,29,0.10907283425331116,0.1085304468870163,31.63943099975586,83.10577291897141,18769.71875,4,4,1.0,1.0,1.0,1.0,other,well_bound,untouched_id
ID_test,b3f324ef18f2500bc7c051ba,asymptotically_constant,truncated_line,6,1.0,6.794546405436711,6,1.0,1.0,0.7363420587985855,0.04791654243917929,1.2472088806952493,0.07684990305392615,0.014341526949833039,1.3933143615722656,27,0.11736807227134705,0.1172351986169815,23.481685638427734,74.4310354032208,12107.17578125,4,4,1.0,1.0,1.0,1.0,other,well_bound,untouched_id
ID_test,b3f324ef18f2500bc7c051ba,asymptotically_constant,truncated_line,7,1.0,5.9770916714608,7,1.0,1.0,0.730097220011711,0.047510167332417995,1.2897646356367032,0.08778757697082498,0.006601065157984309,1.2682733535766602,24,0.12939442694187164,0.12893864512443542,14.884084701538086,54.70487085519295,5080.66455078125,4,4,1.0,1.0,0.0,1.0,other,well_bound,untouched_id
ID_test,b3f324ef18f2500bc7c051ba,asymptotically_constant,truncated_line,8,1.0,5.209732067594281,8,1.0,1.0,0.814432115898361,0.052998155651935934,1.4915313789944014,0.09669841414138856,0.00457575434744738,1.1947259902954102,23,0.13586825132369995,0.1354370266199112,8.27569580078125,35.74495432562788,1226.97265625,4,4,1.0,1.0,0.0,1.0,other,well_bound,untouched_id
ID_test,b3f324ef18f2500bc7c051ba,asymptotically_constant,truncated_line,9,1.0,4.492488825213455,9,1.0,1.0,0.7072870260861804,0.04602582237042858,1.5212455968120175,0.11388056950013152,0.002379104132376003,0.9875459671020508,20,0.15893329679965973,0.1585683971643448,7.131227493286133,29.04778463516601,793.2874145507812,4,4,1.0,1.0,1.0,1.0,other,well_bound,untouched_id
ID_test,b3f324ef18f2500bc7c051ba,asymptotically_constant,truncated_line,10,1.0,3.8253042699924524,10,1.0,1.0,0.712199581289738,0.0463455007822256,1.4711465110434796,0.10867791557976222,0.002266348376529425,0.9253802299499512,18,0.16834653913974762,0.16786454617977142,4.924493789672852,18.037517886577596,252.9488525390625,4,4,1.0,1.0,1.0,1.0,other,well_bound,untouched_id
ID_test,97f8dae769f3ffee26df877c,asymptotically_constant,truncated_line,0,1.0,16.65994731812921,0,1.0,1.0,0.0,0.0,0.0,0.0,1.0,13.728297687613365,256,0.030007751658558846,0.029977837577462196,50.23550796508789,106.05034414947426,32549.654296875,4,4,1.0,1.0,0.0,1.0,other,well_bound,untouched_id
ID_test,97f8dae769f3ffee26df877c,asymptotically_constant,truncated_line,1,1.0,15.306873917178912,1,1.0,1.0,0.020375438929486477,0.0014841926794660514,0.020375438929486477,0.0038587977779433735,0.49506828643958334,6.834912055850423,127,0.05319816246628761,0.05317625403404236,50.35028076171875,110.51147365323368,32561.66796875,4,4,1.0,1.0,0.0,1.0,other,well_bound,untouched_id
ID_test,97f8dae769f3ffee26df877c,asymptotically_constant,truncated_line,2,1.0,14.010297746038933,2,1.0,1.0,0.3943292470746173,0.028723826948362934,0.39945061667561743,0.16196771767899168,0.26046772862567,2.013019561767578,46,0.07008636742830276,0.06985225528478622,48.92107009887695,101.03058266201339,31768.275390625,4,4,1.0,1.0,0.0,1.0,other,well_bound,untouched_id
ID_test,97f8dae769f3ffee26df877c,asymptotically_constant,truncated_line,3,1.0,12.770225288483534,3,1.0,1.0,0.4272927837445825,0.031124964905890416,0.6577831622831798,0.13489813757493935,0.13415377348212795,1.6991443634033203,38,0.0839412584900856,0.08380091190338135,46.419677734375,97.02134205969938,30075.4296875,4,4,1.0,1.0,0.0,1.0,other,well_bound,untouched_id
ID_test,97f8dae769f3ffee26df877c,asymptotically_constant,truncated_line,4,1.0,11.586663214540785,4,1.0,1.0,0.538334686521184,0.03921350620236822,0.8012806232126948,0.09190463684685403,0.06882163909985231,1.493361473083496,33,0.0962342694401741,0.09611652791500092,41.81045150756836,95.28119203420619,26562.427734375,4,4,1.0,1.0,0.0,1.0,other,well_bound,untouched_id
ID_test,97f8dae769f3ffee26df877c,asymptotically_constant,truncated_line,5,1.0,10.45961850938102,5,1.0,1.0,0.5682714762427443,0.0413941691223289,0.9415010107681006,0.07554923511445928,0.030858316187434953,1.349897861480713,29,0.10844450443983078,0.10816390067338943,32.007057189941406,84.30224542115577,19031.865234375,4,4,1.0,1.0,1.0,1.0,other,well_bound,untouched_id
ID_test,97f8dae769f3ffee26df877c,asymptotically_constant,truncated_line,6,1.0,9.389098652031114,6,1.0,1.0,0.6497120638992516,0.04732648422138074,1.0730916865043323,0.07582976587834829,0.015990824913803214,1.2499713897705078,27,0.1173693835735321,0.11676544696092606,23.817832946777344,75.37686750459875,12370.0712890625,4,4,1.0,1.0,1.0,1.0,other,well_bound,untouched_id
ID_test,97f8dae769f3ffee26df877c,asymptotically_constant,truncated_line,7,1.0,8.375111834436835,7,1.0,1.0,0.6379989117588439,0.046473271943577636,1.102381591458462,0.08630202773142599,0.007284173682551409,1.1368656158447266,24,0.1288955807685852,0.12842997908592224,15.243853569030762,55.55878746906727,5340.73193359375,4,4,1.0,1.0,0.0,1.0,other,well_bound,untouched_id
ID_test,97f8dae769f3ffee26df877c,asymptotically_constant,truncated_line,8,1.0,7.417666720576754,8,1.0,1.0,0.7128248738175316,0.05192376287561802,1.2756082998254805,0.0946316352994881,0.004646523481512414,1.0701346397399902,23,0.13552866876125336,0.13509532809257507,8.533048629760742,36.56223457581051,1334.847900390625,4,4,1.0,1.0,0.0,1.0,other,well_bound,untouched_id
ID_test,97f8dae769f3ffee26df877c,asymptotically_constant,truncated_line,9,1.0,6.516765346272944,9,1.0,1.0,0.6160468633973346,0.044874235496304496,1.3070070608827993,0.11242122613906247,0.002414681301156526,0.8849825859069824,20,0.15853069722652435,0.1581992655992508,7.349454879760742,29.826660460186744,865.1322021484375,4,4,1.0,1.0,1.0,1.0,other,well_bound,untouched_id
ID_test,97f8dae769f3ffee26df877c,asymptotically_constant,truncated_line,10,1.0,5.672332152912674,10,1.0,1.0,0.6230636771354054,0.04538535594967301,1.2811307958023184,0.10697547629115324,0.0022717116356200696,0.8281168937683105,19,0.16806435585021973,0.16756483912467957,5.078448295593262,18.709015504816904,279.7890319824219,4,4,1.0,1.0,1.0,1.0,other,well_bound,untouched_id
ID_test,921ed81fe0c10f6878a7d136,asymptotically_constant,truncated_line,0,1.0,13.500393807391674,0,1.0,1.0,0.0,0.0,0.0,0.0,1.0,15.01810483363535,256,0.030619321390986443,0.0305960550904274,50.1440315246582,109.23609386733767,32519.27734375,4,4,1.0,1.0,0.0,1.0,other,well_bound,untouched_id
ID_test,921ed81fe0c10f6878a7d136,asymptotically_constant,truncated_line,1,1.0,12.305670804656273,1,1.0,1.0,0.010294789676954845,0.0006854919306394828,0.010294789676954845,0.0043117603506757085,0.49572308758176864,7.499537131325735,128,0.054278429597616196,0.05423002317547798,50.2867546081543,113.0180888230733,32537.84375,4,4,1.0,1.0,0.0,1.0,other,well_bound,untouched_id
ID_test,921ed81fe0c10f6878a7d136,asymptotically_constant,truncated_line,2,1.0,11.16624547019948,2,1.0,1.0,0.43002664512455485,0.02863388223002973,0.4383893537372576,0.16050414451723863,0.25880667878850966,2.1640515327453613,44,0.07117084413766861,0.07093806564807892,48.83053207397461,101.56176303800854,31715.134765625,4,4,1.0,1.0,0.0,1.0,other,well_bound,untouched_id
ID_test,921ed81fe0c10f6878a7d136,asymptotically_constant,truncated_line,3,1.0,10.082122806467797,3,1.0,1.0,0.4613857381847461,0.03072196813751106,0.7022902567375631,0.13318059485770276,0.13111284327487782,1.8294916152954102,37,0.08529547601938248,0.08503912389278412,46.32575225830078,95.57884756078491,30022.373046875,4,4,1.0,1.0,0.0,1.0,other,well_bound,untouched_id
ID_test,921ed81fe0c10f6878a7d136,asymptotically_constant,truncated_line,4,1.0,9.053307518265878,4,1.0,1.0,0.5920237444177767,0.03942066931719965,0.8851334842288254,0.08978774645143334,0.06493526127668342,1.6119375228881836,32,0.09758904576301575,0.09712371975183487,41.77716064453125,93.17233427467207,26546.921875,4,4,1.0,1.0,0.0,1.0,other,well_bound,untouched_id
ID_test,921ed81fe0c10f6878a7d136,asymptotically_constant,truncated_line,5,1.0,8.079804007471655,5,1.0,1.0,0.6240826174751801,0.0415553509839305,1.0182500785533541,0.07455430466520548,0.028004101368089077,1.460252285003662,29,0.10966914147138596,0.10889208316802979,31.9438533782959,82.22174797198659,19000.861328125,4,4,1.0,1.0,1.0,1.0,other,well_bound,untouched_id
ID_test,921ed81fe0c10f6878a7d136,asymptotically_constant,truncated_line,6,1.0,7.161616365617418,6,1.0,1.0,0.7241260257478869,0.04821687115448119,1.191440591770128,0.07715028193261812,0.015033765329838345,1.3563213348388672,27,0.11828955262899399,0.11768757551908493,23.781923294067383,73.61958031786119,12357.7109375,4,4,1.0,1.0,1.0,1.0,other,well_bound,untouched_id
ID_test,921ed81fe0c10f6878a7d136,asymptotically_constant,truncated_line,7,1.0,6.298748330548506,7,1.0,1.0,0.7213621981304816,0.04803283810583612,1.2719974674196983,0.08878132554178118,0.006924131339883455,1.2382488250732422,24,0.12906710803508759,0.12880177795886993,15.08980941772461,54.2039828019459,5228.5283203125,4,4,1.0,1.0,0.0,1.0,other,well_bound,untouched_id
ID_test,921ed81fe0c10f6878a7d136,asymptotically_constant,truncated_line,8,1.0,5.491202607608448,8,1.0,1.0,0.8050271163411109,0.0536037752605195,1.4556529909873173,0.09788998152681466,0.004292474636201562,1.1684274673461914,23,0.13509555160999298,0.13471193611621857,8.362550735473633,35.408259403484706,1262.3560791015625,4,4,1.0,1.0,0.0,1.0,other,well_bound,untouched_id
ID_test,921ed81fe0c10f6878a7d136,asymptotically_constant,truncated_line,9,1.0,4.738971662068533,9,1.0,1.0,0.6956496388414739,0.04632073397726322,1.4558032605128601,0.11439431261119282,0.002284603700904571,0.964261531829834,20,0.15931154787540436,0.15894336998462677,7.226703643798828,28.71834079092864,823.4893188476562,4,4,1.0,1.0,1.0,1.0,other,well_bound,untouched_id
ID_test,921ed81fe0c10f6878a7d136,asymptotically_constant,truncated_line,10,1.0,4.041945514879439,10,1.0,1.0,0.704760627288248,0.046927400966720406,1.4606780681626113,0.10967424531467194,0.00225234684551775,0.9026980400085449,19,0.16868434846401215,0.16819050908088684,4.970798969268799,17.791618107056127,260.4252014160156,4,4,1.0,1.0,1.0,1.0,other,well_bound,untouched_id
ID_test,0615efe6cbf29894898fe920,asymptotically_constant,truncated_line,0,1.0,15.857024272096346,0,1.0,1.0,0.0,0.0,0.0,0.0,1.0,14.05558266008522,256,0.02997535653412342,0.029938701540231705,50.169921875,104.7408235384056,32470.75,4,4,1.0,1.0,0.0,1.0,other,well_bound,untouched_id
ID_test,0615efe6cbf29894898fe920,asymptotically_constant,truncated_line,1,1.0,14.581475257170725,1,1.0,1.0,0.02526142526223009,0.0017972520864586432,0.02526142526223009,0.003684410233587815,0.494745401688298,6.976039595644861,127,0.05311352387070656,0.053064651787281036,50.30666732788086,109.47335539274633,32513.248046875,4,4,1.0,1.0,0.0,1.0,other,well_bound,untouched_id
ID_test,0615efe6cbf29894898fe920,asymptotically_constant,truncated_line,2,1.0,13.358319282992365,2,1.0,1.0,0.40279233677480186,0.02865710703823357,0.4136088654918437,0.16340793801102163,0.260515438808481,2.0664820671081543,45,0.06994452327489853,0.0696965754032135,48.87826156616211,100.63956339128896,31729.42578125,4,4,1.0,1.0,0.0,1.0,other,well_bound,untouched_id
ID_test,0615efe6cbf29894898fe920,asymptotically_constant,truncated_line,3,1.0,12.187564092544086,3,1.0,1.0,0.4392457042359404,0.031250622251562866,0.6797684682128629,0.13613854056236668,0.13481635320655272,1.7444486618041992,38,0.08378846198320389,0.08348482847213745,46.365394592285156,97.1616181451354,30028.314453125,4,4,1.0,1.0,0.0,1.0,other,well_bound,untouched_id
ID_test,0615efe6cbf29894898fe920,asymptotically_constant,truncated_line,4,1.0,11.069218043932736,4,1.0,1.0,0.5501747802803363,0.03914279426086777,0.8279851780979408,0.09289834262752536,0.06995778401558934,1.5330591201782227,33,0.0960807204246521,0.09581177681684494,41.75771713256836,95.70950591710039,26519.63671875,4,4,1.0,1.0,0.0,1.0,other,well_bound,untouched_id
ID_test,0615efe6cbf29894898fe920,asymptotically_constant,truncated_line,5,1.0,10.003290361305174,5,1.0,1.0,0.5828614297536048,0.04146832214994571,0.9733509959037898,0.07615697011746261,0.030440028572230715,1.3861255645751953,29,0.1081644669175148,0.10790169984102249,31.929641723632812,84.71452247609693,18972.78515625,4,4,1.0,1.0,1.0,1.0,other,well_bound,untouched_id
ID_test,0615efe6cbf29894898fe920,asymptotically_constant,truncated_line,6,1.0,8.989791480765078,6,1.0,1.0,0.6629125586469758,0.04716364840068157,1.107932350947824,0.07582466234114087,0.015880115947735418,1.2829585075378418,27,0.11699974536895752,0.11664853990077972,23.769912719726562,75.82499682549079,12331.5029296875,4,4,1.0,1.0,1.0,1.0,other,well_bound,untouched_id
ID_test,0615efe6cbf29894898fe920,asymptotically_constant,truncated_line,7,1.0,8.028733501665034,7,1.0,1.0,0.651145691275657,0.04632648158548193,1.1367425262924389,0.08599782948401674,0.007287692311810701,1.165799617767334,24,0.12890008091926575,0.12844617664813995,15.206486701965332,55.85373653191866,5313.572265625,4,4,1.0,1.0,0.0,1.0,other,well_bound,untouched_id
ID_test,0615efe6cbf29894898fe920,asymptotically_constant,truncated_line,8,1.0,7.120130280691777,8,1.0,1.0,0.7264165197103974,0.05168170806417449,1.3132371952939148,0.09403492408446562,0.004810391025336156,1.0968303680419922,23,0.13559186458587646,0.13514652848243713,8.50267219543457,36.71214298477069,1322.1790771484375,4,4,1.0,1.0,0.0,1.0,other,well_bound,untouched_id
ID_test,0615efe6cbf29894898fe920,asymptotically_constant,truncated_line,9,1.0,6.263991021578109,9,1.0,1.0,0.6288696644053273,0.04474162897502496,1.3431929164501373,0.1120294989150306,0.002487548063089417,0.9082159996032715,20,0.15810470283031464,0.15775875747203827,7.306828022003174,29.921805176876887,851.2680053710938,4,4,1.0,1.0,1.0,1.0,other,well_bound,untouched_id
ID_test,0615efe6cbf29894898fe920,asymptotically_constant,truncated_line,10,1.0,5.460253058089679,10,1.0,1.0,0.6345638330280339,0.0451467469100414,1.3069060150455525,0.10642598146126656,0.0023159770791480227,0.8498945236206055,19,0.16766062378883362,0.16719692945480347,5.0508036613464355,18.7430796966999,275.14837646484375,4,4,1.0,1.0,1.0,1.0,other,well_bound,untouched_id
within_range_unseen_parameter_interpolation,7f1cc10f9ffc9bcd227293eb,harmonic,truncated_line,0,1.0,inf,0,1.0,1.0,0.0,0.0,0.0,0.0,1.0,13.062125296314193,128,0.05139125883579254,0.051221705973148346,46.48293685913086,88.94811757191422,28363.548828125,4,4,1.0,1.0,1.0,1.0,other,well_bound,bracketed_parameter_interpolation
within_range_unseen_parameter_interpolation,7f1cc10f9ffc9bcd227293eb,harmonic,truncated_line,1,1.0,inf,1,1.0,1.0,0.024167728220782683,0.0018502140863403153,0.024167728220782683,0.0083862279875834,0.4916470704499386,6.506894919936223,64,0.09169973433017731,0.09160313755273819,46.294315338134766,98.93516059027547,28580.185546875,4,4,1.0,1.0,0.0,1.0,other,well_bound,bracketed_parameter_interpolation
within_range_unseen_parameter_interpolation,7f1cc10f9ffc9bcd227293eb,harmonic,truncated_line,2,1.0,inf,2,1.0,1.0,0.3780394207260294,0.028941647101846647,0.3809905180113089,0.19565349173257332,0.2304456637584029,2.167832851409912,26,0.12381371110677719,0.12341567128896713,43.26371383666992,96.54428438809775,27237.5234375,4,4,1.0,1.0,0.0,1.0,other,well_bound,bracketed_parameter_interpolation
within_range_unseen_parameter_interpolation,7f1cc10f9ffc9bcd227293eb,harmonic,truncated_line,3,1.0,inf,3,1.0,1.0,0.4008175694656179,0.0306854788461353,0.6171509031996203,0.16295689954650758,0.11500986204743266,1.8065342903137207,21,0.15186859667301178,0.15120653808116913,38.84891128540039,100.56022358881242,24216.34765625,4,4,1.0,1.0,0.0,1.0,other,well_bound,bracketed_parameter_interpolation
within_range_unseen_parameter_interpolation,7f1cc10f9ffc9bcd227293eb,harmonic,truncated_line,4,1.0,inf,4,1.0,1.0,0.481413887780418,0.03685570891869036,0.7222749850034018,0.11710305835009378,0.06563280795732793,1.5510215759277344,18,0.17834025621414185,0.17728054523468018,32.48938751220703,98.49938273601933,19357.705078125,4,4,1.0,1.0,0.0,1.0,other,well_bound,bracketed_parameter_interpolation
within_range_unseen_parameter_interpolation,7f1cc10f9ffc9bcd227293eb,harmonic,truncated_line,5,1.0,inf,5,1.0,1.0,0.49599042898696144,0.037971648390703897,0.8159415713490787,0.08728464275117791,0.03849065373096283,1.384812831878662,15,0.20464037358760834,0.20320603251457214,21.09539031982422,79.19621197421716,10167.34375,4,4,1.0,1.0,1.0,1.0,other,well_bound,bracketed_parameter_interpolation
within_range_unseen_parameter_interpolation,7f1cc10f9ffc9bcd227293eb,harmonic,truncated_line,6,1.0,inf,6,1.0,1.0,0.543937445614476,0.04164233869108281,0.8939483269327257,0.0768722826499209,0.0209323810677792,1.2502408027648926,14,0.22529463469982147,0.22427387535572052,14.48510456085205,61.76556870153921,4959.1787109375,4,4,1.0,1.0,1.0,1.0,other,well_bound,bracketed_parameter_interpolation
within_range_unseen_parameter_interpolation,7f1cc10f9ffc9bcd227293eb,harmonic,truncated_line,7,1.0,inf,7,1.0,1.0,0.5064380839581275,0.03877149181083355,0.8794133264258797,0.0799898056902241,0.010347307354428348,1.1250057220458984,13,0.2515398859977722,0.25029802322387695,10.439064979553223,45.28600503802892,2229.693115234375,4,4,1.0,1.0,0.0,1.0,other,well_bound,bracketed_parameter_interpolation
within_range_unseen_parameter_interpolation,7f1cc10f9ffc9bcd227293eb,harmonic,truncated_line,8,1.0,inf,8,1.0,1.0,0.5459413803879558,0.0417957543664052,0.9620280228179139,0.0770282678050445,0.006034378483613915,1.038602352142334,12,0.26887908577919006,0.2683864235877991,6.899996757507324,31.911807971443846,743.4173583984375,4,4,1.0,1.0,0.0,1.0,other,well_bound,bracketed_parameter_interpolation
within_range_unseen_parameter_interpolation,7f1cc10f9ffc9bcd227293eb,harmonic,truncated_line,9,1.0,inf,9,1.0,1.0,0.47524382669998044,0.036383346195131235,1.010484267376163,0.09790860333038612,0.003301843039973816,0.8786497116088867,10,0.30231425166130066,0.30197978019714355,6.348367214202881,27.685236795663133,570.2831420898438,4,4,1.0,1.0,1.0,1.0,other,well_bound,bracketed_parameter_interpolation
within_range_unseen_parameter_interpolation,7f1cc10f9ffc9bcd227293eb,harmonic,truncated_line,10,1.0,inf,10,1.0,1.0,0.4876013648482521,0.037329404961828155,1.02611788258241,0.08997372972566184,0.002639072570438881,0.8264307975769043,10,0.3206988275051117,0.31999075412750244,4.6032891273498535,18.265259523042154,207.05567932128906,4,4,1.0,1.0,1.0,1.0,other,well_bound,bracketed_parameter_interpolation
single_parameter_extrapolation,78f27c1747f6bb72bb8c7c86,harmonic,truncated_line,0,1.0,inf,0,1.0,1.0,0.0,0.0,0.0,0.0,1.0,11.270510861297446,128,0.051391541957855225,0.0512213259935379,46.48295593261719,88.9481343824671,28363.548828125,4,4,1.0,1.0,1.0,1.0,other,well_bound,parameter_extrapolation_ood
single_parameter_extrapolation,78f27c1747f6bb72bb8c7c86,harmonic,truncated_line,1,1.0,inf,1,1.0,1.0,0.020852565765477893,0.001850188161131622,0.020852565765477893,0.008386185949280284,0.4916471131399845,5.614402864883343,64,0.09169954806566238,0.09160347282886505,46.29433059692383,98.9352012718227,28580.2265625,4,4,1.0,1.0,0.0,1.0,other,well_bound,parameter_extrapolation_ood
single_parameter_extrapolation,78f27c1747f6bb72bb8c7c86,harmonic,truncated_line,2,1.0,inf,2,1.0,1.0,0.32618708084047987,0.02894164114251425,0.32873315284674265,0.19565354471928378,0.23044563514188002,1.870490550994873,26,0.12381371110677719,0.12341652065515518,43.26370620727539,96.54429119691102,27237.521484375,4,4,1.0,1.0,0.0,1.0,other,well_bound,parameter_extrapolation_ood
single_parameter_extrapolation,78f27c1747f6bb72bb8c7c86,harmonic,truncated_line,3,1.0,inf,3,1.0,1.0,0.34584122428707587,0.03068549673952074,0.5325021375629684,0.16295692357434138,0.11500979193558396,1.5587482452392578,21,0.1518663465976715,0.15120556950569153,38.84891128540039,100.56020542830228,24216.361328125,4,4,1.0,1.0,0.0,1.0,other,well_bound,parameter_extrapolation_ood
single_parameter_extrapolation,78f27c1747f6bb72bb8c7c86,harmonic,truncated_line,4,1.0,inf,4,1.0,1.0,0.41538254386936857,0.036855697934312655,0.6232069510455842,0.11710301120775743,0.06563281212230702,1.3382811546325684,18,0.1783430576324463,0.17728209495544434,32.48939895629883,98.49934975740486,19357.6875,4,4,1.0,1.0,0.0,1.0,other,well_bound,parameter_extrapolation_ood
single_parameter_extrapolation,78f27c1747f6bb72bb8c7c86,harmonic,truncated_line,5,1.0,inf,5,1.0,1.0,0.42796011377605936,0.0379716695225999,0.7040271473643027,0.08728463704240023,0.038490623090994824,1.1948699951171875,15,0.20464150607585907,0.20320485532283783,21.095382690429688,79.1961604490761,10167.3388671875,4,4,1.0,1.0,1.0,1.0,other,well_bound,parameter_extrapolation_ood
single_parameter_extrapolation,78f27c1747f6bb72bb8c7c86,harmonic,truncated_line,6,1.0,inf,6,1.0,1.0,0.4693306161499659,0.04164235516258907,0.7713341290074585,0.07687225791383079,0.020932370445357416,1.0787582397460938,14,0.2252972573041916,0.22427216172218323,14.485106468200684,61.7655436649669,4959.18115234375,4,4,1.0,1.0,1.0,1.0,other,well_bound,parameter_extrapolation_ood
single_parameter_extrapolation,78f27c1747f6bb72bb8c7c86,harmonic,truncated_line,7,1.0,inf,7,1.0,1.0,0.4369746518977545,0.03877150355254177,0.75879218502598,0.07998981093026279,0.010347278965508577,0.9706993103027344,13,0.251541405916214,0.250297486782074,10.439069747924805,45.28599619477447,2229.69482421875,4,4,1.0,1.0,0.0,1.0,other,well_bound,parameter_extrapolation_ood
single_parameter_extrapolation,78f27c1747f6bb72bb8c7c86,harmonic,truncated_line,8,1.0,inf,8,1.0,1.0,0.47105951104602894,0.04179575503215488,0.8300752331080923,0.07702826123073508,0.006034378504599055,0.8961467742919922,12,0.26887908577919006,0.2683864235877991,6.900001049041748,31.91184711750476,743.4192504882812,4,4,1.0,1.0,0.0,1.0,other,well_bound,parameter_extrapolation_ood
single_parameter_extrapolation,78f27c1747f6bb72bb8c7c86,harmonic,truncated_line,9,1.0,inf,9,1.0,1.0,0.41005901076190365,0.03638335615912784,0.8718862304425956,0.09790860226584089,0.003301845020472256,0.7581329345703125,10,0.30231332778930664,0.30198049545288086,6.348367691040039,27.685242137556145,570.2833862304688,4,4,1.0,1.0,1.0,1.0,other,well_bound,parameter_extrapolation_ood
single_parameter_extrapolation,78f27c1747f6bb72bb8c7c86,harmonic,truncated_line,10,1.0,inf,10,1.0,1.0,0.42072150158879634,0.037329408290935576,0.885374309306695,0.0899737126512443,0.0026390716829587826,0.713076114654541,10,0.32069677114486694,0.3199913799762726,4.603287220001221,18.265239403788833,207.0554962158203,4,4,1.0,1.0,1.0,1.0,other,well_bound,parameter_extrapolation_ood
single_parameter_extrapolation,97483de7a31c4aa31e1b1b6c,morse,truncated_line,0,1.0,61.309416980493026,0,1.0,1.0,0.0,0.0,0.0,0.0,1.0,9.266815848055815,256,0.02749405987560749,0.027258576825261116,48.178977966308594,122.01325796126758,29687.390625,4,4,1.0,1.0,0.0,1.0,other,well_bound,parameter_extrapolation_ood
single_parameter_extrapolation,97483de7a31c4aa31e1b1b6c,morse,truncated_line,1,1.0,58.962578086475794,1,1.0,1.0,0.2839557001452333,0.030642208154466284,0.2839557001452333,0.08023204077879229,0.4597127855819291,3.9542053540813566,105,0.05077032744884491,0.05034156143665314,49.35971450805664,134.06436238423728,31229.08984375,4,4,1.0,1.0,0.0,1.0,other,well_bound,parameter_extrapolation_ood
single_parameter_extrapolation,97483de7a31c4aa31e1b1b6c,morse,truncated_line,2,1.0,56.66149715784378,2,1.0,1.0,0.30483107981143265,0.03289491070175808,0.5794577226640039,0.09617278863402634,0.18991020033641726,1.4800167083740234,49,0.07018706202507019,0.06945621967315674,48.582763671875,127.10970279948306,31384.033203125,4,4,1.0,1.0,0.0,1.0,other,well_bound,parameter_extrapolation_ood
single_parameter_extrapolation,97483de7a31c4aa31e1b1b6c,morse,truncated_line,3,1.0,54.406177531122246,3,1.0,1.0,0.4092037033680398,0.044157962139054596,0.7886731136010265,0.08499411931181994,0.08434948049522517,1.227696418762207,39,0.08540258556604385,0.08451879024505615,46.0484504699707,129.0312225840048,29742.18359375,4,4,1.0,1.0,0.0,1.0,other,well_bound,parameter_extrapolation_ood
single_parameter_extrapolation,97483de7a31c4aa31e1b1b6c,morse,truncated_line,4,1.0,52.19662237364035,4,1.0,1.0,0.45388025366301743,0.04897909498851667,0.9034555035562919,0.08829716080313488,0.040106439859627585,1.0656111240386963,33,0.10027636587619781,0.0991760790348053,41.26982879638672,122.16036815118757,26225.53515625,4,4,1.0,1.0,0.0,1.0,other,well_bound,parameter_extrapolation_ood
single_parameter_extrapolation,97483de7a31c4aa31e1b1b6c,morse,truncated_line,5,1.0,50.03283469518866,5,1.0,1.0,0.48577628462236355,0.05242105730678567,1.0088848314128076,0.09547716356081364,0.017951349526598603,0.9508473873138428,29,0.11363208293914795,0.11239223927259445,31.376331329345703,103.55188695494326,18656.791015625,4,4,1.0,1.0,0.0,1.0,other,well_bound,parameter_extrapolation_ood
single_parameter_extrapolation,97483de7a31c4aa31e1b1b6c,morse,truncated_line,6,1.0,47.91481735914371,6,1.0,1.0,0.4981808285876779,0.05375965560945043,1.0696610823103665,0.09476592514653712,0.011253675301146404,0.8627426624298096,25,0.12534217536449432,0.12399272620677948,23.01982879638672,87.95882865369357,11767.5,4,4,1.0,1.0,0.0,1.0,other,well_bound,parameter_extrapolation_ood
single_parameter_extrapolation,97483de7a31c4aa31e1b1b6c,morse,truncated_line,7,1.0,45.84257307767305,7,1.0,1.0,0.4707264172855944,0.05079699704881404,1.02546250634173,0.09404462037998751,0.0058901266986335354,0.7697165012359619,23,0.1395559310913086,0.13823026418685913,15.016634941101074,63.18257125533633,5182.45263671875,4,4,1.0,1.0,0.0,1.0,other,well_bound,parameter_extrapolation_ood
single_parameter_extrapolation,97483de7a31c4aa31e1b1b6c,morse,truncated_line,8,1.0,43.81610402257272,8,1.0,1.0,0.48269680249823205,0.052088744441760135,1.081470350202737,0.0875203901758867,0.005419080954495059,0.7204911708831787,21,0.14633595943450928,0.14566172659397125,8.706894874572754,40.85336448446523,1412.109619140625,4,4,1.0,1.0,0.0,1.0,other,well_bound,parameter_extrapolation_ood
single_parameter_extrapolation,97483de7a31c4aa31e1b1b6c,morse,truncated_line,9,1.0,41.835404647726705,9,1.0,1.0,0.41818497357936874,0.04512714835777213,1.0267584379215098,0.10197725770173785,0.0031981683305349895,0.6234550476074219,20,0.1560402363538742,0.15571510791778564,7.0768866539001465,33.07085483844739,781.0775756835938,4,4,1.0,1.0,0.0,1.0,other,well_bound,parameter_extrapolation_ood
single_parameter_extrapolation,97483de7a31c4aa31e1b1b6c,morse,truncated_line,10,1.0,39.90036913735454,10,1.0,1.0,0.39301273621735683,0.0424107635957621,0.9311298071172702,0.09338481945356653,0.002565163995362038,0.590278148651123,19,0.16646800935268402,0.16584505140781403,4.963028430938721,21.13102634810297,264.2904052734375,4,4,1.0,1.0,1.0,1.0,other,well_bound,parameter_extrapolation_ood
joint_parameter_extrapolation,7b9df8a2406335cae9e9bac6,double_well,truncated_line,0,1.0,inf,0,1.0,1.0,0.0,0.0,0.0,0.0,1.0,15.99904750404859,128,0.03449865058064461,0.0340517982840538,31.924091339111328,154.89974027284322,10692.9599609375,4,4,1.0,1.0,1.0,1.0,double_well,well_bound,parameter_extrapolation_ood
joint_parameter_extrapolation,7b9df8a2406335cae9e9bac6,double_well,truncated_line,1,1.0,inf,1,1.0,1.0,0.07255029680849032,0.004534663503569904,0.07255029680849032,0.061139370976915686,0.4388761120210731,7.926973455240846,63,0.0696871429681778,0.06905655562877655,36.011226654052734,158.0963231131772,16535.533203125,4,4,1.0,1.0,1.0,1.0,double_well,well_bound,parameter_extrapolation_ood
joint_parameter_extrapolation,7b9df8a2406335cae9e9bac6,double_well,truncated_line,2,1.0,inf,2,1.0,1.0,0.6566818432770845,0.0410450586580801,0.6849404053661492,0.20223248621603573,0.2942197924779426,3.6089062690734863,35,0.10255837440490723,0.10192049294710159,35.294212341308594,139.46841645821593,19283.376953125,4,4,1.0,1.0,1.0,1.0,double_well,well_bound,parameter_extrapolation_ood
joint_parameter_extrapolation,7b9df8a2406335cae9e9bac6,double_well,truncated_line,3,1.0,inf,3,1.0,1.0,0.051825466844626106,0.003239284515625794,0.07410899265563442,0.020946088903625752,0.17798085448985754,2.734339714050293,25,0.13608312606811523,0.13518977165222168,31.95069122314453,130.2534295399616,18371.693359375,4,4,1.0,1.0,1.0,1.0,double_well,well_bound,parameter_extrapolation_ood
joint_parameter_extrapolation,7b9df8a2406335cae9e9bac6,double_well,truncated_line,4,1.0,inf,4,1.0,1.0,0.20606158162467275,0.012879615587898496,0.3260998630192158,0.091624729265153,0.1159499543895082,2.2225828170776367,21,0.1650630384683609,0.16399993002414703,25.025650024414062,111.7764656449567,13199.2216796875,4,4,1.0,1.0,1.0,1.0,double_well,well_bound,parameter_extrapolation_ood
joint_parameter_extrapolation,7b9df8a2406335cae9e9bac6,double_well,truncated_line,5,1.0,inf,5,1.0,1.0,0.2646423609972575,0.01654113227242367,0.5345028715060414,0.059503968006378694,0.07415759018065685,1.9127960205078125,17,0.19349730014801025,0.19301265478134155,15.42129898071289,80.44546575770939,5655.06396484375,4,4,1.0,1.0,0.0,1.0,double_well,well_bound,parameter_extrapolation_ood
joint_parameter_extrapolation,7b9df8a2406335cae9e9bac6,double_well,truncated_line,6,1.0,inf,6,1.0,1.0,0.33222604495073,0.020765363992241385,0.6596618471461171,0.05635143562708201,0.04230694537409421,1.685612678527832,15,0.222260519862175,0.22125981748104095,10.754838943481445,57.24476923837358,2531.280517578125,4,4,1.0,1.0,0.0,1.0,double_well,well_bound,parameter_extrapolation_ood
joint_parameter_extrapolation,7b9df8a2406335cae9e9bac6,double_well,truncated_line,7,1.0,inf,7,1.0,1.0,0.33975878553694855,0.02123618830752093,0.6891300261894648,0.05228415969829532,0.021015896020066482,1.4660358428955078,13,0.2537749707698822,0.25118404626846313,8.40314769744873,43.227860753229734,1273.662353515625,4,4,1.0,1.0,0.0,1.0,double_well,well_bound,parameter_extrapolation_ood
joint_parameter_extrapolation,7b9df8a2406335cae9e9bac6,double_well,truncated_line,8,1.0,inf,8,1.0,1.0,0.411212955435325,0.02570233980062043,0.8267921121325976,0.043379538605966966,0.009897412553242087,1.352675437927246,11,0.27448856830596924,0.27283674478530884,6.06908655166626,31.74888869325357,521.1262817382812,4,4,1.0,1.0,0.0,1.0,double_well,well_bound,parameter_extrapolation_ood
joint_parameter_extrapolation,7b9df8a2406335cae9e9bac6,double_well,truncated_line,9,1.0,inf,9,1.0,1.0,0.43721058356149006,0.027327288293309528,0.9795740695343857,0.048817473902010966,0.005759819921969278,1.24530029296875,11,0.2924225926399231,0.2896631360054016,4.917236328125,25.563040964350744,264.4785461425781,4,4,1.0,1.0,1.0,1.0,double_well,well_bound,parameter_extrapolation_ood
joint_parameter_extrapolation,7b9df8a2406335cae9e9bac6,double_well,truncated_line,10,1.0,inf,10,1.0,1.0,0.48267259684120456,0.030168833283297853,1.0820520786788057,0.04369742287411051,0.004164255696174055,1.1536731719970703,10,0.31383973360061646,0.3099413514137268,3.816134452819824,17.61320594401539,114.72844696044922,4,4,1.0,1.0,1.0,1.0,double_well,well_bound,parameter_extrapolation_ood
joint_parameter_extrapolation,6dde173c84aa95145d631f1b,fourier_random,truncated_line,0,1.0,inf,0,1.0,1.0,0.0,0.0,0.0,0.0,1.0,20.514805441026134,128,0.051395565271377563,0.0512264147400856,46.48653793334961,88.96225769779113,28366.509765625,4,4,1.0,1.0,1.0,1.0,other,well_bound,parameter_extrapolation_ood
joint_parameter_extrapolation,6dde173c84aa95145d631f1b,fourier_random,truncated_line,1,1.0,inf,1,1.0,1.0,0.03796527328889843,0.0018506279963530297,0.03796527328889843,0.008423437802700273,0.4916102586544724,10.220455634491982,64,0.09170759469270706,0.09161072224378586,46.29888916015625,98.95089158668891,28583.197265625,4,4,1.0,1.0,0.0,1.0,other,well_bound,parameter_extrapolation_ood
joint_parameter_extrapolation,6dde173c84aa95145d631f1b,fourier_random,truncated_line,2,1.0,inf,2,1.0,1.0,0.59370073943808,0.028940110650563577,0.5983293917271264,0.19562246160648863,0.23044989224829382,3.404417037963867,26,0.12382634729146957,0.12342901527881622,43.27302169799805,96.55304838266811,27243.951171875,4,4,1.0,1.0,0.0,1.0,other,well_bound,parameter_extrapolation_ood
joint_parameter_extrapolation,6dde173c84aa95145d631f1b,fourier_random,truncated_line,3,1.0,inf,3,1.0,1.0,0.6294849363089958,0.03068442145934919,0.9692483495205666,0.1629298176300008,0.11502523384059103,2.837038993835449,21,0.15187309682369232,0.15121403336524963,38.862300872802734,100.56212367579278,24226.029296875,4,4,1.0,1.0,0.0,1.0,other,well_bound,parameter_extrapolation_ood
joint_parameter_extrapolation,6dde173c84aa95145d631f1b,fourier_random,truncated_line,4,1.0,inf,4,1.0,1.0,0.7560403810518119,0.036853402447573756,1.134364320962078,0.11708668412458827,0.0656450421211494,2.435749053955078,18,0.17834867537021637,0.17728503048419952,32.50624465942383,98.50248139671831,19370.7421875,4,4,1.0,1.0,0.0,1.0,other,well_bound,parameter_extrapolation_ood
joint_parameter_extrapolation,6dde173c84aa95145d631f1b,fourier_random,truncated_line,5,1.0,inf,5,1.0,1.0,0.7789536618402236,0.037970316807511534,1.2815059375309517,0.08726897923216181,0.038495442343091435,2.1747665405273438,15,0.20465274155139923,0.20321063697338104,21.098968505859375,79.21069640945258,10170.234375,4,4,1.0,1.0,1.0,1.0,other,well_bound,parameter_extrapolation_ood
joint_parameter_extrapolation,6dde173c84aa95145d631f1b,fourier_random,truncated_line,6,1.0,inf,6,1.0,1.0,0.8542663431520824,0.04164145478288059,1.4041602932658543,0.07686135548670914,0.0209388978631547,1.9634552001953125,14,0.22530774772167206,0.2242816686630249,14.496049880981445,61.77935365499089,4967.06201171875,4,4,1.0,1.0,1.0,1.0,other,well_bound,parameter_extrapolation_ood
joint_parameter_extrapolation,6dde173c84aa95145d631f1b,fourier_random,truncated_line,7,1.0,inf,7,1.0,1.0,0.7954047090220923,0.03877222776051376,1.3809075737607244,0.07997429633791077,0.010343066040789384,1.7668085098266602,13,0.25154438614845276,0.2503194510936737,10.4452543258667,45.29541468286959,2233.025146484375,4,4,1.0,1.0,0.0,1.0,other,well_bound,parameter_extrapolation_ood
joint_parameter_extrapolation,6dde173c84aa95145d631f1b,fourier_random,truncated_line,8,1.0,inf,8,1.0,1.0,0.8575290208336868,0.04180049493029917,1.5106381349786138,0.07702156143649087,0.006036481774382792,1.6310839653015137,12,0.26890015602111816,0.2683922052383423,6.902721405029297,31.914960084769376,744.2561645507812,4,4,1.0,1.0,0.0,1.0,other,well_bound,parameter_extrapolation_ood
joint_parameter_extrapolation,6dde173c84aa95145d631f1b,fourier_random,truncated_line,9,1.0,inf,9,1.0,1.0,0.7465572223107352,0.036391143189578944,1.587821289185344,0.09790174318878198,0.003302634196483527,1.3798933029174805,10,0.30233392119407654,0.30199602246284485,6.348813056945801,27.689350765578837,570.3954467773438,4,4,1.0,1.0,1.0,1.0,other,well_bound,parameter_extrapolation_ood
joint_parameter_extrapolation,6dde173c84aa95145d631f1b,fourier_random,truncated_line,10,1.0,inf,10,1.0,1.0,0.7659541704955785,0.03733665292110448,1.6126049002151106,0.08996684532108824,0.0026393426822785087,1.2978954315185547,10,0.32070910930633545,0.32000306248664856,4.604575157165527,18.266802498967863,207.2399139404297,4,4,1.0,1.0,1.0,1.0,other,well_bound,parameter_extrapolation_ood
near_continuum_states,e3569f55a42af1b5c82ea46c,radial_coulomb,radial_reduced,0,1.0,0.09029073218160111,0,1.0,1.0,0.0,0.0,0.0,0.0,1.0,371.9565702957328,256,0.03295736759901047,0.031909193843603134,31.788333892822266,473.2089252594583,17357.1328125,4,4,1.0,1.0,0.0,1.0,other,moderate,near_continuum_challenge
near_continuum_states,e3569f55a42af1b5c82ea46c,radial_coulomb,radial_reduced,1,1.0,0.05078755872719265,1,1.0,1.0,25.685485031232368,0.06905506471040564,25.685485031232368,0.01801301742400109,0.005323115304739501,35.09783935546875,96,0.06410099565982819,0.06277084350585938,35.96985626220703,360.5073527996678,20954.8515625,4,4,1.0,1.0,0.0,1.0,other,moderate,near_continuum_challenge
near_continuum_states,e3569f55a42af1b5c82ea46c,radial_coulomb,radial_reduced,2,1.0,0.032503369488196876,2,1.0,1.0,24.223916540789006,0.06512565841095162,33.79954352343334,0.3336695918001262,0.0003491833550008927,23.18715476989746,32,0.10042424499988556,0.09851868450641632,43.039642333984375,337.7106515321866,27478.06640625,4,4,1.0,1.0,0.0,1.0,other,near,near_continuum_challenge
near_continuum_states,e3569f55a42af1b5c82ea46c,radial_coulomb,radial_reduced,3,1.0,0.02257136608290211,3,1.0,1.0,27.08250952993021,0.07281094539719415,44.492394775413004,0.27620499942231225,7.551761894686315e-05,20.3352108001709,27,0.12545011937618256,0.12344978749752045,42.777679443359375,273.3726798529592,27259.3046875,4,4,1.0,1.0,0.0,1.0,other,near,near_continuum_challenge
near_continuum_states,e3569f55a42af1b5c82ea46c,radial_coulomb,radial_reduced,4,1.0,0.01658277488145732,4,1.0,1.0,33.19581388954374,0.08924647805831373,53.84075591644524,0.17899838496286433,0.00018799591301110752,21.37950325012207,21,0.15118849277496338,0.14926236867904663,43.4676628112793,110.85819170993724,27993.94921875,4,4,1.0,1.0,0.0,1.0,other,near,near_continuum_challenge
near_continuum_states,e3569f55a42af1b5c82ea46c,radial_coulomb,radial_reduced,5,1.0,0.012696005738791483,5,1.0,1.0,37.39672605439944,0.10054057124106262,66.22670074457619,0.19714339388135405,8.550492836711943e-05,20.274642944335938,19,0.16460539400577545,0.16260510683059692,46.81868362426758,89.13634636437979,30225.48046875,4,4,1.0,1.0,0.0,1.0,other,near,near_continuum_challenge
near_continuum_states,e3569f55a42af1b5c82ea46c,radial_coulomb,radial_reduced,6,1.0,0.010031285080993158,6,1.0,1.0,53.11649712017305,0.14280295432862372,84.10133184773372,0.11219577498698942,0.0008313310962797527,24.675928115844727,17,0.18788382411003113,0.18544185161590576,45.00152587890625,35.23180913640693,29077.955078125,4,4,1.0,1.0,0.0,1.0,other,near,near_continuum_challenge
near_continuum_states,e3569f55a42af1b5c82ea46c,radial_coulomb,radial_reduced,7,1.0,0.008125249002320034,7,1.0,1.0,56.16096576023059,0.15098796538418047,84.53435280826727,0.10395598869946222,0.00039559984303516593,24.553266525268555,15,0.21010743081569672,0.20865097641944885,41.69063949584961,31.403205028349856,26742.115234375,4,4,1.0,1.0,0.0,1.0,other,near,near_continuum_challenge
near_continuum_states,e3569f55a42af1b5c82ea46c,radial_coulomb,radial_reduced,8,1.0,0.006715013223425492,8,1.0,1.0,65.29335612035867,0.17554026823197572,104.17341211195941,0.11787362607490998,0.00044706420025275584,24.313718795776367,15,0.2105489820241928,0.20773203670978546,23.283733367919922,27.36091565888476,12113.51953125,4,4,1.0,1.0,0.0,1.0,other,near,near_continuum_challenge
near_continuum_states,e3569f55a42af1b5c82ea46c,radial_coulomb,radial_reduced,9,1.0,0.005642423810703789,9,1.0,1.0,68.26007108322007,0.18351623962159966,108.60160264966132,0.12827493918034233,0.0003994319828185544,23.232126235961914,15,0.21521984040737152,0.21106842160224915,11.666122436523438,37.83471097219813,2921.478515625,4,4,1.0,1.0,0.0,1.0,other,near,near_continuum_challenge
near_continuum_states,e3569f55a42af1b5c82ea46c,radial_coulomb,radial_reduced,10,1.0,0.004807674465979295,10,1.0,1.0,64.86706818233792,0.1743941991151382,97.2421173473764,0.12706211217782915,0.000303689674628127,21.45351219177246,14,0.224809467792511,0.22246594727039337,5.779575347900391,30.35871172075806,388.1742248535156,4,4,1.0,1.0,0.0,1.0,other,near,near_continuum_challenge
unseen_analytical_functional_forms,649331a41c858cec5c904c67,scarf_ii,truncated_line,0,1.0,6.370114457417795,0,1.0,1.0,0.0,0.0,0.0,0.0,1.0,21.586826318131358,256,0.0333777517080307,0.033314742147922516,49.55517578125,140.65973038271494,32321.87890625,4,4,1.0,1.0,0.0,1.0,other,well_bound,unseen_functional_form_ood
unseen_analytical_functional_forms,649331a41c858cec5c904c67,scarf_ii,truncated_line,1,1.0,5.549523462783176,1,1.0,1.0,0.05427900056972218,0.00251445023783472,0.05427900056972218,0.005729318226796037,0.4993628204493474,10.440285021549187,123,0.05972563475370407,0.059549521654844284,49.83627700805664,139.47585758207725,32377.548828125,4,4,1.0,1.0,0.0,1.0,other,well_bound,unseen_functional_form_ood
unseen_analytical_functional_forms,649331a41c858cec5c904c67,scarf_ii,truncated_line,2,1.0,4.785471741005507,2,1.0,1.0,0.630785616646319,0.02922085939592265,0.7253316133370016,0.14033020664297838,0.25919609404625954,2.8411779403686523,41,0.07838357239961624,0.07802264392375946,48.193946838378906,112.71202338054913,31370.625,4,4,1.0,1.0,0.0,1.0,other,well_bound,unseen_functional_form_ood
unseen_analytical_functional_forms,649331a41c858cec5c904c67,scarf_ii,truncated_line,3,1.0,4.077966544070458,3,1.0,1.0,0.6965463689602608,0.03226719660848027,1.080403530081644,0.10785539489324786,0.12164640742302325,2.40625,34,0.09397879987955093,0.09345149248838425,45.52878952026367,93.91696179808542,29579.28125,4,4,1.0,1.0,0.0,1.0,other,well_bound,unseen_functional_form_ood
unseen_analytical_functional_forms,649331a41c858cec5c904c67,scarf_ii,truncated_line,4,1.0,3.4270143001101383,4,1.0,1.0,0.8922513947224564,0.041333143722615234,1.4615120604672702,0.07500440124795434,0.04730378846688195,2.146245002746582,30,0.10603886097669601,0.10536240041255951,41.04756164550781,85.23769967589723,26115.775390625,4,4,1.0,1.0,0.0,1.0,other,well_bound,unseen_functional_form_ood
unseen_analytical_functional_forms,649331a41c858cec5c904c67,scarf_ii,truncated_line,5,1.0,2.832620603946535,5,1.0,1.0,0.9897191655825232,0.04584829427896176,1.726797120494005,0.07011162899346747,0.014339838198836097,1.9633665084838867,27,0.11747873574495316,0.11653834581375122,30.958417892456055,73.13828206437708,18371.466796875,4,4,1.0,1.0,0.0,1.0,other,well_bound,unseen_functional_form_ood
unseen_analytical_functional_forms,649331a41c858cec5c904c67,scarf_ii,truncated_line,6,1.0,2.294790205155267,6,1.0,1.0,1.1692452223044292,0.054164757944170264,2.164694296284061,0.08990370996961393,0.005546096021174297,1.8547897338867188,25,0.12424571067094803,0.12354280799627304,22.748367309570312,64.8505725221381,11576.1591796875,4,4,1.0,1.0,0.0,1.0,other,well_bound,unseen_functional_form_ood
unseen_analytical_functional_forms,649331a41c858cec5c904c67,scarf_ii,truncated_line,7,1.0,1.8135269720552616,7,1.0,1.0,1.2484660660263032,0.05783462782473414,2.4423052403486216,0.10595857925489885,0.0036730199484752172,1.721531867980957,24,0.13358965516090393,0.13287246227264404,13.723072052001953,47.00662832306922,4262.28759765625,4,4,1.0,1.0,0.0,1.0,other,well_bound,unseen_functional_form_ood
unseen_analytical_functional_forms,649331a41c858cec5c904c67,scarf_ii,truncated_line,8,1.0,1.3888330315303241,8,1.0,1.0,1.3815309464592556,0.06399879843841938,2.7998494385213544,0.11515486298177303,0.003001322448587421,1.6323137283325195,23,0.13832791149616241,0.1378084272146225,7.376049041748047,29.482498218512806,876.85546875,4,4,1.0,1.0,0.0,1.0,other,well_bound,unseen_functional_form_ood
unseen_analytical_functional_forms,649331a41c858cec5c904c67,scarf_ii,truncated_line,9,1.0,1.020686168595514,9,1.0,1.0,1.2149315134548884,0.05628115479089368,2.6672355729847403,0.12866857120572045,0.0017195413767512947,1.337045669555664,19,0.1654459834098816,0.16481024026870728,6.544699668884277,23.76770191053133,604.7991943359375,4,4,1.0,1.0,1.0,1.0,other,well_bound,unseen_functional_form_ood
unseen_analytical_functional_forms,649331a41c858cec5c904c67,scarf_ii,truncated_line,10,1.0,0.7086619627725739,10,1.0,1.0,1.2156164794061606,0.056312885529872056,2.6066692511902847,0.12662267169823282,0.002107760979667115,1.2617816925048828,18,0.17368550598621368,0.17306140065193176,4.429200649261475,13.884150375058004,173.58522033691406,4,4,1.0,1.0,1.0,1.0,other,well_bound,unseen_functional_form_ood
unseen_analytical_functional_forms,67d360effb3316940fee9c1f,scarf_ii,truncated_line,0,1.0,7.532741216918628,0,1.0,1.0,0.0,0.0,0.0,0.0,1.0,19.683536142039305,256,0.032985832542181015,0.0329631045460701,49.68797302246094,133.78708518293382,32409.95703125,4,4,1.0,1.0,0.0,1.0,other,well_bound,unseen_functional_form_ood
unseen_analytical_functional_forms,67d360effb3316940fee9c1f,scarf_ii,truncated_line,1,1.0,6.603900538772624,1,1.0,1.0,0.007991646367299113,0.00040600663974349997,0.007991646367299113,0.001864964661692503,0.49945074774589937,9.758615710438471,127,0.058709971606731415,0.05861470848321915,49.91191482543945,133.16342902422687,32417.330078125,4,4,1.0,1.0,0.0,1.0,other,well_bound,unseen_functional_form_ood
unseen_analytical_functional_forms,67d360effb3316940fee9c1f,scarf_ii,truncated_line,2,1.0,5.736133005456448,2,1.0,1.0,0.5709481286990123,0.029006379980658265,0.6013970616556898,0.14697886456026488,0.26399070339078207,2.625767707824707,42,0.07668761909008026,0.07656543701887131,48.26558303833008,109.58347348593612,31426.544921875,4,4,1.0,1.0,0.0,1.0,other,well_bound,unseen_functional_form_ood
unseen_analytical_functional_forms,67d360effb3316940fee9c1f,scarf_ii,truncated_line,3,1.0,4.92944599193287,3,1.0,1.0,0.6088385074240616,0.030931358218898933,0.9159117852879084,0.11409724174072629,0.1296453281946436,2.2271056175231934,34,0.09163588285446167,0.09123309701681137,45.55056381225586,93.2729778515916,29588.224609375,4,4,1.0,1.0,0.0,1.0,other,well_bound,unseen_functional_form_ood
unseen_analytical_functional_forms,67d360effb3316940fee9c1f,scarf_ii,truncated_line,4,1.0,4.183846095303554,4,1.0,1.0,0.8073743987690432,0.04101775173642125,1.2320861398791194,0.0731154280140345,0.05570513230310567,1.9824962615966797,31,0.10342012345790863,0.10291851311922073,41.02891540527344,85.88467071980736,26117.142578125,4,4,1.0,1.0,0.0,1.0,other,well_bound,unseen_functional_form_ood
unseen_analytical_functional_forms,67d360effb3316940fee9c1f,scarf_ii,truncated_line,5,1.0,3.4993391251367596,5,1.0,1.0,0.870753522494444,0.04423765710647508,1.438841588171992,0.0692946422943775,0.0188190371761416,1.8139362335205078,28,0.1147339716553688,0.11395227909088135,30.795339584350586,74.06302634521361,18213.96875,4,4,1.0,1.0,1.0,1.0,other,well_bound,unseen_functional_form_ood
unseen_analytical_functional_forms,67d360effb3316940fee9c1f,scarf_ii,truncated_line,6,1.0,2.8759300912456256,6,1.0,1.0,1.0452573616763592,0.05310312913968444,1.783117534355092,0.08628773497647343,0.007824730965347172,1.7090787887573242,26,0.12201084196567535,0.12136790156364441,22.5543270111084,65.9107990512709,11391.6728515625,4,4,1.0,1.0,1.0,1.0,other,well_bound,unseen_functional_form_ood
unseen_analytical_functional_forms,67d360effb3316940fee9c1f,scarf_ii,truncated_line,7,1.0,2.313623161659627,7,1.0,1.0,1.0883809128563369,0.05529397284118155,1.9939972694123855,0.10341591172014755,0.004452075628040619,1.5807876586914062,24,0.13142649829387665,0.13077449798583984,13.671051025390625,47.82400593908457,4224.5810546875,4,4,1.0,1.0,0.0,1.0,other,well_bound,unseen_functional_form_ood
unseen_analytical_functional_forms,67d360effb3316940fee9c1f,scarf_ii,truncated_line,8,1.0,1.8124206668586913,8,1.0,1.0,1.2224644096846147,0.06210593466860481,2.308507163152296,0.11405389377976495,0.0032185497399493065,1.494436264038086,23,0.13604266941547394,0.13560239970684052,7.397286415100098,30.164495603569968,886.170654296875,4,4,1.0,1.0,0.0,1.0,other,well_bound,unseen_functional_form_ood
unseen_analytical_functional_forms,67d360effb3316940fee9c1f,scarf_ii,truncated_line,9,1.0,1.3722999473901067,9,1.0,1.0,1.0634379924013235,0.05402677571384521,2.2243470742985325,0.1264866786750365,0.0018028970829593557,1.225820541381836,19,0.16445447504520416,0.1639065146446228,6.552231788635254,24.30919848267535,608.96630859375,4,4,1.0,1.0,1.0,1.0,other,well_bound,unseen_functional_form_ood
unseen_analytical_functional_forms,67d360effb3316940fee9c1f,scarf_ii,truncated_line,10,1.0,0.9928726410056274,10,1.0,1.0,1.0739353993811473,0.05456008471402043,2.2275186415626296,0.12423458325289177,0.0021106900605532843,1.1539640426635742,18,0.17293986678123474,0.172390416264534,4.4591450691223145,14.334150176216557,178.28311157226562,4,4,1.0,1.0,1.0,1.0,other,well_bound,unseen_functional_form_ood
unseen_analytical_functional_forms,2f0ebf8f4bbefa9e24e5c661,scarf_ii,truncated_line,0,1.0,7.4964615581234035,0,1.0,1.0,0.0,0.0,0.0,0.0,1.0,20.020026703123598,256,0.03365807235240936,0.03359459340572357,49.456016540527344,144.83210795125348,32272.84375,4,4,1.0,1.0,0.0,1.0,other,well_bound,unseen_functional_form_ood
unseen_analytical_functional_forms,2f0ebf8f4bbefa9e24e5c661,scarf_ii,truncated_line,1,1.0,6.501590309613624,1,1.0,1.0,0.046859612200327666,0.002340636848052578,0.046859612200327666,0.00470050189643445,0.4999509918573138,9.690894883298334,123,0.06026492267847061,0.06008525192737579,49.75349807739258,142.99298797245433,32336.013671875,4,4,1.0,1.0,0.0,1.0,other,well_bound,unseen_functional_form_ood
unseen_analytical_functional_forms,2f0ebf8f4bbefa9e24e5c661,scarf_ii,truncated_line,2,1.0,5.577490811813929,2,1.0,1.0,0.5871301705211338,0.02932714222751399,0.6694380735828575,0.1382989103755702,0.2609695178259712,2.6093873977661133,40,0.07910431176424026,0.07872273772954941,48.08804702758789,114.34077771001785,31310.7890625,4,4,1.0,1.0,0.0,1.0,other,well_bound,unseen_functional_form_ood
unseen_analytical_functional_forms,2f0ebf8f4bbefa9e24e5c661,scarf_ii,truncated_line,3,1.0,4.724172501288167,3,1.0,1.0,0.6466724875816549,0.03230127997185731,0.9998713296965542,0.10444877109775147,0.12267001476424003,2.2107677459716797,34,0.09476825594902039,0.09420444071292877,45.382057189941406,94.15218422749439,29489.341796875,4,4,1.0,1.0,0.0,1.0,other,well_bound,unseen_functional_form_ood
unseen_analytical_functional_forms,2f0ebf8f4bbefa9e24e5c661,scarf_ii,truncated_line,4,1.0,3.941643690287253,4,1.0,1.0,0.832743721901499,0.04159553502351579,1.3558125162952188,0.07294093109967256,0.04683785364751341,1.9737262725830078,29,0.10676072537899017,0.10611001402139664,40.8970832824707,84.65546238547563,26023.138671875,4,4,1.0,1.0,0.0,1.0,other,well_bound,unseen_functional_form_ood
unseen_analytical_functional_forms,2f0ebf8f4bbefa9e24e5c661,scarf_ii,truncated_line,5,1.0,3.2299115543036327,5,1.0,1.0,0.924630634208229,0.046185284761081996,1.60806590689621,0.06944668430578473,0.01376512634397295,1.8081178665161133,27,0.11808768659830093,0.11711864918470383,30.7402400970459,72.3391677103532,18210.5859375,4,4,1.0,1.0,0.0,1.0,other,well_bound,unseen_functional_form_ood
unseen_analytical_functional_forms,2f0ebf8f4bbefa9e24e5c661,scarf_ii,truncated_line,6,1.0,2.5889821163596958,6,1.0,1.0,1.0991356758116408,0.05490180867941348,2.0293499614394075,0.09124637054140279,0.005074776608730014,1.7118854522705078,25,0.12467695772647858,0.12393243610858917,22.508060455322266,64.0114867004368,11380.697265625,4,4,1.0,1.0,0.0,1.0,other,well_bound,unseen_functional_form_ood
unseen_analytical_functional_forms,2f0ebf8f4bbefa9e24e5c661,scarf_ii,truncated_line,7,1.0,2.018860202748642,7,1.0,1.0,1.1783215400461606,0.05885714127755457,2.3058289089848767,0.10786967895350316,0.0034638475450362227,1.5908937454223633,24,0.1338023841381073,0.13304699957370758,13.494006156921387,46.25062398664665,4104.55810546875,4,4,1.0,1.0,0.0,1.0,other,well_bound,unseen_functional_form_ood
unseen_analytical_functional_forms,2f0ebf8f4bbefa9e24e5c661,scarf_ii,truncated_line,8,1.0,1.5195483406287824,8,1.0,1.0,1.3067473447530242,0.065272008081245,2.6490426948102797,0.11681366949330771,0.002929825406686489,1.508504867553711,23,0.13843239843845367,0.13792386651039124,7.238554954528809,28.839103734983386,828.4789428710938,4,4,1.0,1.0,0.0,1.0,other,well_bound,unseen_functional_form_ood
unseen_analytical_functional_forms,2f0ebf8f4bbefa9e24e5c661,scarf_ii,truncated_line,9,1.0,1.091015451233626,9,1.0,1.0,1.1499040399688427,0.05743768762253601,2.5234737686809403,0.13053398945344558,0.0016787262820825153,1.2349224090576172,19,0.16616877913475037,0.16554848849773407,6.453566074371338,23.29110211997823,577.904541015625,4,4,1.0,1.0,1.0,1.0,other,well_bound,unseen_functional_form_ood
unseen_analytical_functional_forms,2f0ebf8f4bbefa9e24e5c661,scarf_ii,truncated_line,10,1.0,0.7326480169763858,10,1.0,1.0,1.150416734074893,0.05746329668458438,2.4614698558199244,0.128679768489067,0.0020975310933585307,1.1661262512207031,18,0.174268439412117,0.17366182804107666,4.362589359283447,13.515423201039715,164.31234741210938,4,4,1.0,1.0,1.0,1.0,other,well_bound,unseen_functional_form_ood
unseen_analytical_functional_forms,ed36d57bd32b17181661912b,scarf_ii,truncated_line,0,1.0,7.584770015175236,0,1.0,1.0,0.0,0.0,0.0,0.0,1.0,19.538620404270258,256,0.032442606985569,0.03243815898895264,49.820072174072266,126.75779236211757,32451.533203125,4,4,1.0,1.0,0.0,1.0,other,well_bound,unseen_functional_form_ood
unseen_analytical_functional_forms,ed36d57bd32b17181661912b,scarf_ii,truncated_line,1,1.0,6.709132993277379,1,1.0,1.0,0.01663464915765936,0.0008513727588475887,0.01663464915765936,0.003840991307977659,0.4984888805578461,9.638043873087895,126,0.057745613157749176,0.05762680247426033,50.0269889831543,127.43492367750581,32461.75390625,4,4,1.0,1.0,0.0,1.0,other,well_bound,unseen_functional_form_ood
unseen_analytical_functional_forms,ed36d57bd32b17181661912b,scarf_ii,truncated_line,2,1.0,5.887167936011066,2,1.0,1.0,0.5637162095450242,0.028851382435467213,0.6075833302989928,0.15024229299115352,0.260106990569866,2.6545286178588867,42,0.07536523044109344,0.07519853115081787,48.4291877746582,107.03948056024551,31508.259765625,4,4,1.0,1.0,0.0,1.0,other,well_bound,unseen_functional_form_ood
unseen_analytical_functional_forms,ed36d57bd32b17181661912b,scarf_ii,truncated_line,3,1.0,5.118880888050224,3,1.0,1.0,0.6047619164126345,0.03095212987916286,0.9130284311779577,0.11975956212594197,0.12691150891609157,2.2505388259887695,35,0.09035506844520569,0.0899474173784256,45.793846130371094,93.28390797301637,29728.935546875,4,4,1.0,1.0,0.0,1.0,other,well_bound,unseen_functional_form_ood
unseen_analytical_functional_forms,ed36d57bd32b17181661912b,scarf_ii,truncated_line,4,1.0,4.404277321540472,4,1.0,1.0,0.7924065687194917,0.0405559119489474,1.2317700848089301,0.07799874142640731,0.05561053519951628,1.9983901977539062,31,0.10234434902667999,0.10180295258760452,41.282657623291016,87.28772257775185,26263.384765625,4,4,1.0,1.0,0.0,1.0,other,well_bound,unseen_functional_form_ood
unseen_analytical_functional_forms,ed36d57bd32b17181661912b,scarf_ii,truncated_line,5,1.0,3.743362128434077,5,1.0,1.0,0.8550152688510853,0.04376026818475974,1.4306254932060933,0.07063880914104097,0.01965804064486927,1.823277473449707,28,0.11390931159257889,0.11307256668806076,31.1977596282959,75.81116324300967,18508.45703125,4,4,1.0,1.0,1.0,1.0,other,well_bound,unseen_functional_form_ood
unseen_analytical_functional_forms,ed36d57bd32b17181661912b,scarf_ii,truncated_line,6,1.0,3.1361396107097326,6,1.0,1.0,1.0127009671510225,0.05183073043016343,1.7543902607085244,0.08388559809206052,0.00878388312129233,1.7128362655639648,26,0.12147080153226852,0.1208072230219841,23.007457733154297,67.65367261105769,11760.552734375,4,4,1.0,1.0,1.0,1.0,other,well_bound,unseen_functional_form_ood
unseen_analytical_functional_forms,ed36d57bd32b17181661912b,scarf_ii,truncated_line,7,1.0,2.5826134418614286,7,1.0,1.0,1.0491092719673099,0.05369413245461394,1.9388115136453399,0.09957715411623973,0.004957522762010919,1.5804834365844727,24,0.1312856823205948,0.13058537244796753,14.080765724182129,49.335663413870535,4508.73974609375,4,4,1.0,1.0,0.0,1.0,other,well_bound,unseen_functional_form_ood
unseen_analytical_functional_forms,ed36d57bd32b17181661912b,scarf_ii,truncated_line,8,1.0,2.0827858425172634,8,1.0,1.0,1.1713446835597006,0.059950224699779606,2.2322632515818506,0.11012256469384213,0.003388850944272222,1.4934120178222656,23,0.13616569340229034,0.13570520281791687,7.6534013748168945,31.40898102115797,980.5117797851562,4,4,1.0,1.0,0.0,1.0,other,well_bound,unseen_functional_form_ood
unseen_analytical_functional_forms,ed36d57bd32b17181661912b,scarf_ii,truncated_line,9,1.0,1.6366409404187268,9,1.0,1.0,1.0191167266087804,0.05215909340180679,2.14979447912183,0.12319332046552119,0.0018956682152722743,1.2280349731445312,19,0.1630762815475464,0.16254377365112305,6.727729320526123,25.277141475433627,662.2023315429688,4,4,1.0,1.0,1.0,1.0,other,well_bound,unseen_functional_form_ood
unseen_analytical_functional_forms,ed36d57bd32b17181661912b,scarf_ii,truncated_line,10,1.0,1.243921204373816,10,1.0,1.0,1.0285553039979949,0.05264216626948744,2.155804811015879,0.12045501286216796,0.0021446644293299363,1.1534318923950195,18,0.17178845405578613,0.17122818529605865,4.585061550140381,15.074020513261685,196.92437744140625,4,4,1.0,1.0,1.0,1.0,other,well_bound,unseen_functional_form_ood
unseen_analytical_functional_forms,9ea0a396459a21cffae3d460,scarf_ii,truncated_line,0,1.0,5.067083456243607,0,1.0,1.0,0.0,0.0,0.0,0.0,1.0,24.591896147813834,256,0.0339382030069828,0.03391556814312935,49.347957611083984,149.66554944842488,32234.0078125,4,4,1.0,1.0,0.0,1.0,other,well_bound,unseen_functional_form_ood
unseen_analytical_functional_forms,9ea0a396459a21cffae3d460,scarf_ii,truncated_line,1,1.0,4.373190806242501,1,1.0,1.0,0.027261020392019886,0.0011085367402400702,0.027261020392019886,0.0016076249392839026,0.49929678838441693,12.096572773421974,125,0.060714706778526306,0.06055600941181183,49.65274429321289,146.9139954874515,32289.974609375,4,4,1.0,1.0,0.0,1.0,other,well_bound,unseen_functional_form_ood
unseen_analytical_functional_forms,9ea0a396459a21cffae3d460,scarf_ii,truncated_line,2,1.0,3.7303523352881243,2,1.0,1.0,0.7245542436607435,0.02946313042742557,0.7822235217920754,0.13758127031417622,0.2664740308094691,3.168214797973633,40,0.07952113449573517,0.07924425601959229,47.96328353881836,116.47316914818298,31252.197265625,4,4,1.0,1.0,0.0,1.0,other,well_bound,unseen_functional_form_ood
unseen_analytical_functional_forms,9ea0a396459a21cffae3d460,scarf_ii,truncated_line,3,1.0,3.138575168192645,3,1.0,1.0,0.7811135734485765,0.031763047824924055,1.1808970551134197,0.10014625802461222,0.12890343008455904,2.686849594116211,33,0.09504314512014389,0.09459935873746872,45.18449020385742,94.62854386829002,29370.892578125,4,4,1.0,1.0,0.0,1.0,other,well_bound,unseen_functional_form_ood
unseen_analytical_functional_forms,9ea0a396459a21cffae3d460,scarf_ii,truncated_line,4,1.0,2.5978655380578974,4,1.0,1.0,1.0318343891329615,0.041958309474427795,1.6058242531840832,0.06791492228573211,0.050679670141120986,2.400567054748535,29,0.10676165670156479,0.10619381070137024,40.70382308959961,84.026282692754,25919.287109375,4,4,1.0,1.0,0.0,1.0,other,well_bound,unseen_functional_form_ood
unseen_analytical_functional_forms,9ea0a396459a21cffae3d460,scarf_ii,truncated_line,5,1.0,2.1082287767304146,5,1.0,1.0,1.131125970660444,0.045995882703050474,1.9017355703155627,0.06728979518671872,0.014974706926260715,2.2046098709106445,27,0.11782477796077728,0.11695995181798935,30.407028198242188,71.34635462246553,17953.859375,4,4,1.0,1.0,1.0,1.0,other,well_bound,unseen_functional_form_ood
unseen_analytical_functional_forms,9ea0a396459a21cffae3d460,scarf_ii,truncated_line,6,1.0,1.6696693027766285,6,1.0,1.0,1.3708580960774384,0.05574430242538677,2.4112465150190165,0.09220306720546916,0.005238941995504989,2.0915040969848633,26,0.12433746457099915,0.12367191910743713,22.11209487915039,63.00827922550893,11047.0498046875,4,4,1.0,1.0,0.0,1.0,other,well_bound,unseen_functional_form_ood
unseen_analytical_functional_forms,9ea0a396459a21cffae3d460,scarf_ii,truncated_line,7,1.0,1.282190591980874,7,1.0,1.0,1.4621869007561081,0.05945807887148602,2.7603811000562,0.11068113293326287,0.0034406453669502883,1.9476680755615234,24,0.1330728381872177,0.1323975920677185,13.15278434753418,45.349297839171754,3869.986083984375,4,4,1.0,1.0,0.0,1.0,other,well_bound,unseen_functional_form_ood
unseen_analytical_functional_forms,9ea0a396459a21cffae3d460,scarf_ii,truncated_line,8,1.0,0.9457944052300187,8,1.0,1.0,1.6410541553843796,0.0667315015288183,3.1993739116458073,0.11976240982506045,0.0028826655110089313,1.8425140380859375,23,0.1374414563179016,0.13697758316993713,7.056738376617432,28.079334115038073,766.64404296875,4,4,1.0,1.0,0.0,1.0,other,well_bound,unseen_functional_form_ood
unseen_analytical_functional_forms,9ea0a396459a21cffae3d460,scarf_ii,truncated_line,9,1.0,0.6604561024510245,9,1.0,1.0,1.4378516137336244,0.05846851357419408,3.0632773582900343,0.13283037500375064,0.001631742209130103,1.5077953338623047,19,0.1672024130821228,0.1665961891412735,6.340742111206055,22.773728453781086,545.12060546875,4,4,1.0,1.0,1.0,1.0,other,well_bound,unseen_functional_form_ood
unseen_analytical_functional_forms,9ea0a396459a21cffae3d460,scarf_ii,truncated_line,10,1.0,0.42566974755936027,10,1.0,1.0,1.4473355413058424,0.05885416612880855,3.016436548089498,0.13133482273367683,0.0020677710885663365,1.423781394958496,18,0.17513766884803772,0.17457148432731628,4.282771110534668,13.125055396213462,153.46575927734375,4,4,1.0,1.0,1.0,1.0,other,well_bound,unseen_functional_form_ood
unseen_analytical_functional_forms,db6d56c360de5f05d5de6918,scarf_ii,truncated_line,0,1.0,9.041897400269544,0,1.0,1.0,0.0,0.0,0.0,0.0,1.0,17.92303714389433,256,0.03267143294215202,0.03263707458972931,49.766483306884766,129.8802823626568,32424.087890625,4,4,1.0,1.0,0.0,1.0,other,well_bound,unseen_functional_form_ood
unseen_analytical_functional_forms,db6d56c360de5f05d5de6918,scarf_ii,truncated_line,1,1.0,7.968661419411984,1,1.0,1.0,0.03170144418073431,0.0017687540301468236,0.03170144418073431,0.005470505850968116,0.49851912220150807,8.755657034283892,124,0.058261312544345856,0.05812058970332146,49.99586486816406,130.2371559876062,32450.640625,4,4,1.0,1.0,0.0,1.0,other,well_bound,unseen_functional_form_ood
unseen_analytical_functional_forms,db6d56c360de5f05d5de6918,scarf_ii,truncated_line,2,1.0,6.963181433059912,2,1.0,1.0,0.5185842999010729,0.028933952194465772,0.5804350228151021,0.1474887873246147,0.25811795274187554,2.416992664337158,42,0.07621011883020401,0.07590971887111664,48.39259338378906,108.36917729790011,31483.556640625,4,4,1.0,1.0,0.0,1.0,other,well_bound,unseen_functional_form_ood
unseen_analytical_functional_forms,db6d56c360de5f05d5de6918,scarf_ii,truncated_line,3,1.0,6.025465309835969,3,1.0,1.0,0.5652102902096455,0.03153540807129278,0.866653177066617,0.11705998627992394,0.12351655947194881,2.047642707824707,35,0.09142690896987915,0.09097225219011307,45.77238082885742,93.35577187802204,29720.208984375,4,4,1.0,1.0,0.0,1.0,other,well_bound,unseen_functional_form_ood
unseen_analytical_functional_forms,db6d56c360de5f05d5de6918,scarf_ii,truncated_line,4,1.0,5.155520137138699,4,1.0,1.0,0.7298276186417875,0.04072008626564783,1.1686143157130235,0.07756905451821745,0.051961364467520636,1.8209218978881836,31,0.10350064188241959,0.10288317501544952,41.274356842041016,86.75375164963947,26254.35546875,4,4,1.0,1.0,0.0,1.0,other,well_bound,unseen_functional_form_ood
unseen_analytical_functional_forms,db6d56c360de5f05d5de6918,scarf_ii,truncated_line,5,1.0,4.3533522111091845,5,1.0,1.0,0.7972081842935174,0.04447952531109353,1.3640159133840153,0.0707272943156107,0.017495317492588185,1.6616792678833008,27,0.11508338898420334,0.11417024582624435,31.23779296875,75.15771739709125,18554.927734375,4,4,1.0,1.0,1.0,1.0,other,well_bound,unseen_functional_form_ood
unseen_analytical_functional_forms,db6d56c360de5f05d5de6918,scarf_ii,truncated_line,6,1.0,3.618967023879237,6,1.0,1.0,0.9385344869775646,0.05236470133061606,1.6814676647365419,0.08563035727501231,0.007579515720182446,1.562514305114746,26,0.12240669131278992,0.1217365562915802,23.056665420532227,66.97153953820049,11812.4072265625,4,4,1.0,1.0,1.0,1.0,other,well_bound,unseen_functional_form_ood
unseen_analytical_functional_forms,db6d56c360de5f05d5de6918,scarf_ii,truncated_line,7,1.0,2.9523692164941604,7,1.0,1.0,0.9831256920094201,0.05485262816320906,1.8660451980114754,0.10129776200150795,0.004503423988383421,1.4443340301513672,24,0.1321665346622467,0.13147218525409698,14.080046653747559,48.80257142728875,4510.87060546875,4,4,1.0,1.0,0.0,1.0,other,well_bound,unseen_functional_form_ood
unseen_analytical_functional_forms,db6d56c360de5f05d5de6918,scarf_ii,truncated_line,8,1.0,2.3535615436940702,8,1.0,1.0,1.0912274857816673,0.06088407210344957,2.1404750125531695,0.11127423437411722,0.0032654449921082685,1.3668537139892578,23,0.13705721497535706,0.13655120134353638,7.625694274902344,30.983432468693234,969.2931518554688,4,4,1.0,1.0,0.0,1.0,other,well_bound,unseen_functional_form_ood
unseen_analytical_functional_forms,db6d56c360de5f05d5de6918,scarf_ii,truncated_line,9,1.0,1.8225225857169605,9,1.0,1.0,0.9536500288022134,0.05320805961321596,2.05074065458838,0.1243951493325242,0.0018474762733159133,1.1229333877563477,19,0.16361838579177856,0.16307488083839417,6.710508346557617,24.925811843382718,656.1112060546875,4,4,1.0,1.0,1.0,1.0,other,well_bound,unseen_functional_form_ood
unseen_analytical_functional_forms,db6d56c360de5f05d5de6918,scarf_ii,truncated_line,10,1.0,1.3588890220077001,10,1.0,1.0,0.9586186930087353,0.053485281836583076,2.034536908820087,0.12184870523834433,0.002139919699667624,1.0559816360473633,18,0.17221276462078094,0.17159199714660645,4.5626444816589355,14.795527746528496,193.32943725585938,4,4,1.0,1.0,1.0,1.0,other,well_bound,unseen_functional_form_ood
unseen_analytical_functional_forms,fa46c0be2a511470a054ea14,scarf_ii,truncated_line,0,1.0,7.687187979824683,0,1.0,1.0,0.0,0.0,0.0,0.0,1.0,19.539448970018018,256,0.033121589571237564,0.03308846801519394,49.64227294921875,136.20791931938217,32378.05859375,4,4,1.0,1.0,0.0,1.0,other,well_bound,unseen_functional_form_ood
unseen_analytical_functional_forms,fa46c0be2a511470a054ea14,scarf_ii,truncated_line,1,1.0,6.723321708472128,1,1.0,1.0,0.02815401536169493,0.0014408807231409335,0.02815401536169493,0.0037222867669355064,0.499499944257305,9.570619323701248,125,0.05911293998360634,0.058970723301172256,49.88919448852539,135.4591332856204,32405.640625,4,4,1.0,1.0,0.0,1.0,other,well_bound,unseen_functional_form_ood
unseen_analytical_functional_forms,fa46c0be2a511470a054ea14,scarf_ii,truncated_line,2,1.0,5.823974105279111,2,1.0,1.0,0.5682743626389484,0.029083438510007498,0.6258929880180836,0.14447206792626632,0.26128078113393144,2.5935258865356445,41,0.07732858508825302,0.0770300105214119,48.24531173706055,110.71647079847236,31407.578125,4,4,1.0,1.0,0.0,1.0,other,well_bound,unseen_functional_form_ood
unseen_analytical_functional_forms,fa46c0be2a511470a054ea14,scarf_ii,truncated_line,3,1.0,4.989153135943863,3,1.0,1.0,0.6163265669987842,0.03154267901538555,0.93910145275627,0.11190253425207103,0.12548606100878953,2.1990747451782227,34,0.0926208347082138,0.09216898679733276,45.557273864746094,93.44660034173303,29593.654296875,4,4,1.0,1.0,0.0,1.0,other,well_bound,unseen_functional_form_ood
unseen_analytical_functional_forms,fa46c0be2a511470a054ea14,scarf_ii,truncated_line,4,1.0,4.218865901773134,4,1.0,1.0,0.8034858120583912,0.04112121141651879,1.2709832878922502,0.07432734647924148,0.05157548089249025,1.9584646224975586,30,0.10455768555402756,0.10398352146148682,41.050811767578125,85.58935327170283,26123.19140625,4,4,1.0,1.0,0.0,1.0,other,well_bound,unseen_functional_form_ood
unseen_analytical_functional_forms,fa46c0be2a511470a054ea14,scarf_ii,truncated_line,5,1.0,3.5131186292460237,5,1.0,1.0,0.8783356382055973,0.04495191443491292,1.4917901151793482,0.06941186181557323,0.01659645676834606,1.7913494110107422,28,0.11594962328672409,0.11501794308423996,30.893896102905273,73.68601319367167,18304.185546875,4,4,1.0,1.0,1.0,1.0,other,well_bound,unseen_functional_form_ood
unseen_analytical_functional_forms,fa46c0be2a511470a054ea14,scarf_ii,truncated_line,6,1.0,2.8719166568377066,6,1.0,1.0,1.0451215036677892,0.053487767504163425,1.8572017998699981,0.08769526840374775,0.006705627465436623,1.690535545349121,26,0.12300965189933777,0.12235622853040695,22.66985321044922,65.48651784804267,11498.5556640625,4,4,1.0,1.0,1.0,1.0,other,well_bound,unseen_functional_form_ood
unseen_analytical_functional_forms,fa46c0be2a511470a054ea14,scarf_ii,truncated_line,7,1.0,2.295264391913827,7,1.0,1.0,1.1008754179434128,0.056341170093006855,2.08365909582826,0.10451950018676213,0.004100491457815199,1.5654792785644531,24,0.13243018090724945,0.13175493478775024,13.70600414276123,47.51030865326118,4250.29541015625,4,4,1.0,1.0,0.0,1.0,other,well_bound,unseen_functional_form_ood
unseen_analytical_functional_forms,fa46c0be2a511470a054ea14,scarf_ii,truncated_line,8,1.0,1.7831642829145524,8,1.0,1.0,1.2271768543912538,0.06280509016780744,2.4001658915261213,0.1145447345405051,0.003118532987864277,1.4813690185546875,23,0.1371161937713623,0.13664641976356506,7.401184558868408,29.91552077223144,887.0974731445312,4,4,1.0,1.0,0.0,1.0,other,well_bound,unseen_functional_form_ood
unseen_analytical_functional_forms,fa46c0be2a511470a054ea14,scarf_ii,truncated_line,9,1.0,1.3355918130696818,9,1.0,1.0,1.0730051031854737,0.05491480874572914,2.299794572374111,0.12728152359610195,0.0017673922992855013,1.2160673141479492,19,0.16481681168079376,0.1642267256975174,6.560304641723633,24.106248728218134,610.486572265625,4,4,1.0,1.0,1.0,1.0,other,well_bound,unseen_functional_form_ood
unseen_analytical_functional_forms,fa46c0be2a511470a054ea14,scarf_ii,truncated_line,10,1.0,0.9521102128418057,10,1.0,1.0,1.0787169756872153,0.055207133903439884,2.2764574297189686,0.12514877617730072,0.002110997308900399,1.144301414489746,18,0.17320764064788818,0.17262600362300873,4.454160690307617,14.166588841864996,177.3578643798828,4,4,1.0,1.0,1.0,1.0,other,well_bound,unseen_functional_form_ood
unseen_analytical_functional_forms,47df3223e8391680b2d7e971,scarf_ii,truncated_line,0,1.0,7.867668773858862,0,1.0,1.0,0.0,0.0,0.0,0.0,1.0,19.207118881665703,256,0.03269221633672714,0.03266431763768196,49.78099060058594,130.591375210855,32448.212890625,4,4,1.0,1.0,0.0,1.0,other,well_bound,unseen_functional_form_ood
unseen_analytical_functional_forms,47df3223e8391680b2d7e971,scarf_ii,truncated_line,1,1.0,6.926965962494597,1,1.0,1.0,0.026842164939393537,0.0013975112615674974,0.026842164939393537,0.004535323498134652,0.49876987489370195,9.415407229887366,125,0.05829014629125595,0.058144278824329376,49.99848937988281,130.63425285887172,32460.80859375,4,4,1.0,1.0,0.0,1.0,other,well_bound,unseen_functional_form_ood
unseen_analytical_functional_forms,47df3223e8391680b2d7e971,scarf_ii,truncated_line,2,1.0,6.0461158643066,2,1.0,1.0,0.5561407868265249,0.02895493021378616,0.6128992791475032,0.1473059081501119,0.2596663490799872,2.586240768432617,41,0.07622697204351425,0.07593036442995071,48.3791389465332,108.42846307106458,31484.24609375,4,4,1.0,1.0,0.0,1.0,other,well_bound,unseen_functional_form_ood
unseen_analytical_functional_forms,47df3223e8391680b2d7e971,scarf_ii,truncated_line,3,1.0,5.2251254694093765,3,1.0,1.0,0.6025966829341033,0.031373611349348,0.918330375336146,0.11663863482205288,0.12499984078139255,2.1920595169067383,35,0.09138795733451843,0.09094022959470749,45.72738265991211,93.23070487765091,29696.353515625,4,4,1.0,1.0,0.0,1.0,other,well_bound,unseen_functional_form_ood
unseen_analytical_functional_forms,47df3223e8391680b2d7e971,scarf_ii,truncated_line,4,1.0,4.464001066158849,4,1.0,1.0,0.783261642651528,0.040779757103455855,1.2394078254182848,0.07662369803110303,0.05279945105206167,1.949178695678711,30,0.10339952260255814,0.10279469192028046,41.20058059692383,86.53193324782166,26212.876953125,4,4,1.0,1.0,0.0,1.0,other,well_bound,unseen_functional_form_ood
unseen_analytical_functional_forms,47df3223e8391680b2d7e971,scarf_ii,truncated_line,5,1.0,3.7627482321629584,5,1.0,1.0,0.8526297650791843,0.04439134106120769,1.4467740773769164,0.07039635344877705,0.017773836695199358,1.779566764831543,28,0.11492834240198135,0.11405985802412033,31.10348892211914,74.91380293504082,18451.283203125,4,4,1.0,1.0,1.0,1.0,other,well_bound,unseen_functional_form_ood
unseen_analytical_functional_forms,47df3223e8391680b2d7e971,scarf_ii,truncated_line,6,1.0,3.121371822855874,6,1.0,1.0,1.0081235813994172,0.052486975668262714,1.785103665099541,0.08570355721595331,0.007651685044648955,1.674281120300293,26,0.12225857377052307,0.12156222760677338,22.89681625366211,66.70182557270996,11679.353515625,4,4,1.0,1.0,1.0,1.0,other,well_bound,unseen_functional_form_ood
unseen_analytical_functional_forms,47df3223e8391680b2d7e971,scarf_ii,truncated_line,7,1.0,2.539875929131165,7,1.0,1.0,1.0534703616847143,0.05484791176516912,1.9832116421644064,0.1016943708278352,0.00450899717387398,1.5471830368041992,24,0.13197627663612366,0.1312635838985443,13.957738876342773,48.548507389927046,4425.0380859375,4,4,1.0,1.0,0.0,1.0,other,well_bound,unseen_functional_form_ood
unseen_analytical_functional_forms,47df3223e8391680b2d7e971,scarf_ii,truncated_line,8,1.0,2.0182629273632875,8,1.0,1.0,1.1720955985661594,0.06102401957250298,2.2789575730811245,0.11190323319254276,0.003256343668687902,1.4632644653320312,23,0.13682295382022858,0.13634982705116272,7.575512886047363,30.826979880733603,950.969970703125,4,4,1.0,1.0,0.0,1.0,other,well_bound,unseen_functional_form_ood
unseen_analytical_functional_forms,47df3223e8391680b2d7e971,scarf_ii,truncated_line,9,1.0,1.5565128494450695,9,1.0,1.0,1.0226235963377557,0.05324190487069399,2.1863322543752233,0.12485552544766895,0.0018366332341081917,1.202378273010254,19,0.16381125152111053,0.16324597597122192,6.678722858428955,24.82177737286286,646.5594482421875,4,4,1.0,1.0,1.0,1.0,other,well_bound,unseen_functional_form_ood
unseen_analytical_functional_forms,47df3223e8391680b2d7e971,scarf_ii,truncated_line,10,1.0,1.1542899463214393,10,1.0,1.0,1.0288307528917344,0.05356507445131776,2.1737187031013345,0.12234441502935528,0.002127764609046475,1.1301021575927734,18,0.17241668701171875,0.17182964086532593,4.546998500823975,14.742696707581722,190.97068786621094,4,4,1.0,1.0,1.0,1.0,other,well_bound,unseen_functional_form_ood
unseen_analytical_functional_forms,08b9b10d488b7868540bcc75,scarf_ii,truncated_line,0,1.0,6.160532817510296,0,1.0,1.0,0.0,0.0,0.0,0.0,1.0,22.0231283745371,256,0.033564258366823196,0.033527273684740067,49.489051818847656,142.7176501029499,32300.72265625,4,4,1.0,1.0,0.0,1.0,other,well_bound,unseen_functional_form_ood
unseen_analytical_functional_forms,08b9b10d488b7868540bcc75,scarf_ii,truncated_line,1,1.0,5.350445674955381,1,1.0,1.0,0.031287565804241496,0.0014206685477262094,0.031287565804241496,0.002846215722428602,0.4998217788126622,10.786994705779573,125,0.05997617915272713,0.05982394143939018,49.76691436767578,141.02733887818889,32344.435546875,4,4,1.0,1.0,0.0,1.0,other,well_bound,unseen_functional_form_ood
unseen_analytical_functional_forms,08b9b10d488b7868540bcc75,scarf_ii,truncated_line,2,1.0,4.5974189220625234,2,1.0,1.0,0.644252197721447,0.029253436967035272,0.7070586364058861,0.1409285223784541,0.26329369062926483,2.8786659240722656,41,0.07850659638643265,0.07820942252874374,48.09638214111328,113.40238050417672,31323.060546875,4,4,1.0,1.0,0.0,1.0,other,well_bound,unseen_functional_form_ood
unseen_analytical_functional_forms,08b9b10d488b7868540bcc75,scarf_ii,truncated_line,3,1.0,3.901460049524815,3,1.0,1.0,0.6985463887230562,0.031718762967876436,1.063059487694892,0.10630805975589935,0.12632217380153554,2.4417314529418945,34,0.09393835067749023,0.09347134083509445,45.36332702636719,93.86382890801242,29476.46875,4,4,1.0,1.0,0.0,1.0,other,well_bound,unseen_functional_form_ood
unseen_analytical_functional_forms,08b9b10d488b7868540bcc75,scarf_ii,truncated_line,4,1.0,3.2625756700186948,4,1.0,1.0,0.914519282172975,0.04152540304992873,1.4427009240216595,0.07161236268274632,0.050411594410576084,2.178007125854492,30,0.10577857494354248,0.10520371049642563,40.869163513183594,84.68993540731165,26013.33984375,4,4,1.0,1.0,0.0,1.0,other,well_bound,unseen_functional_form_ood
unseen_analytical_functional_forms,08b9b10d488b7868540bcc75,scarf_ii,truncated_line,5,1.0,2.6807715082412944,5,1.0,1.0,1.0033523428317488,0.045559028933955345,1.7028653679163015,0.06847609746976344,0.015440953564347448,1.996206283569336,27,0.11701135337352753,0.11614426970481873,30.642309188842773,72.43410815566126,18124.310546875,4,4,1.0,1.0,1.0,1.0,other,well_bound,unseen_functional_form_ood
unseen_analytical_functional_forms,08b9b10d488b7868540bcc75,scarf_ii,truncated_line,6,1.0,2.1560523883581633,6,1.0,1.0,1.2029513954220397,0.05462218513936825,2.140762666247958,0.09004475151353235,0.00581372519034682,1.8894319534301758,26,0.12377907335758209,0.12311549484729767,22.391557693481445,64.18801735148703,11274.9775390625,4,4,1.0,1.0,1.0,1.0,other,well_bound,unseen_functional_form_ood
unseen_analytical_functional_forms,08b9b10d488b7868540bcc75,scarf_ii,truncated_line,7,1.0,1.6884221980403664,7,1.0,1.0,1.2771053105911765,0.05798927785698927,2.426905700156147,0.1076529325788449,0.0037163480478413966,1.7542037963867188,24,0.13287658989429474,0.1321863830089569,13.41960334777832,46.37763902163742,4053.41943359375,4,4,1.0,1.0,0.0,1.0,other,well_bound,unseen_functional_form_ood
unseen_analytical_functional_forms,08b9b10d488b7868540bcc75,scarf_ii,truncated_line,8,1.0,1.2778829768905284,8,1.0,1.0,1.426850990489477,0.06478875145363937,2.8021010570625533,0.11724132464257037,0.0029916107402831005,1.6604604721069336,23,0.1373993307352066,0.13690385222434998,7.216364860534668,28.9424853385746,821.642333984375,4,4,1.0,1.0,0.0,1.0,other,well_bound,unseen_functional_form_ood
unseen_analytical_functional_forms,08b9b10d488b7868540bcc75,scarf_ii,truncated_line,9,1.0,0.9244096273479556,9,1.0,1.0,1.2498433796634778,0.056751400546188206,2.6815687212715105,0.13006670304219986,0.0016992512544199972,1.3615550994873047,19,0.1659553050994873,0.16536381840705872,6.438570022583008,23.374272409969276,574.1906127929688,4,4,1.0,1.0,1.0,1.0,other,well_bound,unseen_functional_form_ood
unseen_analytical_functional_forms,08b9b10d488b7868540bcc75,scarf_ii,truncated_line,10,1.0,0.6275244784698133,10,1.0,1.0,1.2558589739071147,0.057024549489486924,2.642086390061011,0.12827034368531134,0.0020952899240804347,1.282883644104004,18,0.1741221845149994,0.1735462248325348,4.360012531280518,13.59066740223372,164.08657836914062,4,4,1.0,1.0,1.0,1.0,other,well_bound,unseen_functional_form_ood
unseen_analytical_functional_forms,2cfdb037bb16a11820c38545,scarf_ii,truncated_line,0,1.0,9.279545526935994,0,1.0,1.0,0.0,0.0,0.0,0.0,1.0,17.653438505370875,256,0.03235254064202309,0.032336391508579254,49.86903381347656,126.28198183330346,32486.34375,4,4,1.0,1.0,0.0,1.0,other,well_bound,unseen_functional_form_ood
unseen_analytical_functional_forms,2cfdb037bb16a11820c38545,scarf_ii,truncated_line,1,1.0,8.215320740750228,1,1.0,1.0,0.02038679275009922,0.001154834098971526,0.02038679275009922,0.0048343685962393135,0.49813697579358684,8.682510642018656,125,0.05761940777301788,0.057486362755298615,50.06741714477539,126.9742909146924,32490.431640625,4,4,1.0,1.0,0.0,1.0,other,well_bound,unseen_functional_form_ood
unseen_analytical_functional_forms,2cfdb037bb16a11820c38545,scarf_ii,truncated_line,2,1.0,7.215869893654748,2,1.0,1.0,0.5095072716956828,0.028861644803116995,0.55668005864883,0.1500189791427677,0.25899970251870885,2.4041237831115723,42,0.07528883218765259,0.07502410560846329,48.47285842895508,106.78358084142133,31536.4453125,4,4,1.0,1.0,0.0,1.0,other,well_bound,unseen_functional_form_ood
unseen_analytical_functional_forms,2cfdb037bb16a11820c38545,scarf_ii,truncated_line,3,1.0,6.281200227202768,3,1.0,1.0,0.5495285992431073,0.031128700455490238,0.8343677980805917,0.1201962199107579,0.12557860131472198,2.0373735427856445,35,0.09030937403440475,0.08989217877388,45.8483772277832,93.24997587563081,29766.611328125,4,4,1.0,1.0,0.0,1.0,other,well_bound,unseen_functional_form_ood
unseen_analytical_functional_forms,2cfdb037bb16a11820c38545,scarf_ii,truncated_line,4,1.0,5.411318304402696,4,1.0,1.0,0.7154126116254425,0.04052539744071874,1.1239352766515838,0.07855421023059306,0.05461993718035517,1.8090105056762695,31,0.10235277563333511,0.10177111625671387,41.31797409057617,87.4012668778403,26284.380859375,4,4,1.0,1.0,0.0,1.0,other,well_bound,unseen_functional_form_ood
unseen_analytical_functional_forms,2cfdb037bb16a11820c38545,scarf_ii,truncated_line,5,1.0,4.606230000576828,5,1.0,1.0,0.7741010749319756,0.04384987517850777,1.305037283536592,0.07096455664068707,0.01922125616525252,1.6494922637939453,28,0.11397109925746918,0.11310233920812607,31.263286590576172,75.96536025349647,18559.943359375,4,4,1.0,1.0,1.0,1.0,other,well_bound,unseen_functional_form_ood
unseen_analytical_functional_forms,2cfdb037bb16a11820c38545,scarf_ii,truncated_line,6,1.0,3.865940491660055,6,1.0,1.0,0.9128470267760092,0.05170930447902741,1.5982073896676043,0.08395317427234505,0.00867629364036026,1.5484504699707031,26,0.12153371423482895,0.12088160216808319,23.069093704223633,67.73928019585566,11813.59765625,4,4,1.0,1.0,1.0,1.0,other,well_bound,unseen_functional_form_ood
unseen_analytical_functional_forms,2cfdb037bb16a11820c38545,scarf_ii,truncated_line,7,1.0,3.1904542069613573,7,1.0,1.0,0.9463359793083629,0.053606325986886354,1.762013592190629,0.09934309017318733,0.004939686728153006,1.4284534454345703,24,0.13144448399543762,0.13077448308467865,14.148845672607422,49.42361734640345,4558.6435546875,4,4,1.0,1.0,0.0,1.0,other,well_bound,unseen_functional_form_ood
unseen_analytical_functional_forms,2cfdb037bb16a11820c38545,scarf_ii,truncated_line,8,1.0,2.5797738253391547,8,1.0,1.0,1.0533657690714087,0.059669155601099075,2.0229418231096843,0.10970549038989323,0.0033970561736974105,1.3499479293823242,23,0.136396586894989,0.13590869307518005,7.708012580871582,31.558420999863,1000.9083251953125,4,4,1.0,1.0,0.0,1.0,other,well_bound,unseen_functional_form_ood
unseen_analytical_functional_forms,2cfdb037bb16a11820c38545,scarf_ii,truncated_line,9,1.0,2.0338802532545692,9,1.0,1.0,0.9167075282718405,0.05192798717331707,1.944407435811402,0.1229461854981738,0.0019016535910248418,1.1105585098266602,19,0.1630135476589203,0.16250914335250854,6.769747257232666,25.409794738221194,674.8992919921875,4,4,1.0,1.0,1.0,1.0,other,well_bound,unseen_functional_form_ood
unseen_analytical_functional_forms,2cfdb037bb16a11820c38545,scarf_ii,truncated_line,10,1.0,1.5524652423714542,10,1.0,1.0,0.9240893274282962,0.05234613795760818,1.943918819140901,0.12012647135548006,0.002145882231469647,1.0425090789794922,18,0.1717616766691208,0.17116200923919678,4.617460250854492,15.206350214527026,201.7149658203125,4,4,1.0,1.0,1.0,1.0,other,well_bound,unseen_functional_form_ood
unseen_analytical_functional_forms,fc9e018ee786c90189fd6019,scarf_ii,truncated_line,0,1.0,7.466267435967865,0,1.0,1.0,0.0,0.0,0.0,0.0,1.0,19.975384719810744,256,0.03347475081682205,0.033459488302469254,49.5192985534668,141.4933643476313,32321.357421875,4,4,1.0,1.0,0.0,1.0,other,well_bound,unseen_functional_form_ood
unseen_analytical_functional_forms,fc9e018ee786c90189fd6019,scarf_ii,truncated_line,1,1.0,6.4929726872751985,1,1.0,1.0,0.020467081803611314,0.001024615149630281,0.020467081803611314,0.002194846529072203,0.4998826355910171,9.834411425228511,126,0.059767577797174454,0.059631071984767914,49.78668212890625,139.90248151312355,32355.712890625,4,4,1.0,1.0,0.0,1.0,other,well_bound,unseen_functional_form_ood
unseen_analytical_functional_forms,fc9e018ee786c90189fd6019,scarf_ii,truncated_line,2,1.0,5.587598381624101,2,1.0,1.0,0.5836957692086158,0.02922075231070423,0.6298795567897347,0.14209767428036388,0.2642967866373816,2.617945671081543,40,0.07815437018871307,0.07791555672883987,48.11995315551758,112.91704923415668,31340.54296875,4,4,1.0,1.0,0.0,1.0,other,well_bound,unseen_functional_form_ood
unseen_analytical_functional_forms,fc9e018ee786c90189fd6019,scarf_ii,truncated_line,3,1.0,4.750153335164424,3,1.0,1.0,0.6283993106496698,0.03145868374822588,0.9495458196071516,0.10731295969734403,0.12806260821559776,2.220527172088623,34,0.09347770363092422,0.09303634613752365,45.38359069824219,93.80784376965207,29489.482421875,4,4,1.0,1.0,0.0,1.0,other,well_bound,unseen_functional_form_ood
unseen_analytical_functional_forms,fc9e018ee786c90189fd6019,scarf_ii,truncated_line,4,1.0,3.9806453453724684,4,1.0,1.0,0.8282479833839411,0.041463430867617765,1.2885103732582295,0.07108644351982878,0.05222471388734903,1.9802589416503906,30,0.10526550561189651,0.10469719022512436,40.88941192626953,84.84256052398035,26031.041015625,4,4,1.0,1.0,0.0,1.0,other,well_bound,unseen_functional_form_ood
unseen_analytical_functional_forms,fc9e018ee786c90189fd6019,scarf_ii,truncated_line,5,1.0,3.279081179329591,5,1.0,1.0,0.9035243324109636,0.04523188639840745,1.5166919932598413,0.06827300999229607,0.0163760122613442,1.8149070739746094,27,0.11648666858673096,0.1156558245420456,30.645959854125977,72.62728404040352,18121.759765625,4,4,1.0,1.0,1.0,1.0,other,well_bound,unseen_functional_form_ood
unseen_analytical_functional_forms,fc9e018ee786c90189fd6019,scarf_ii,truncated_line,6,1.0,2.6454665589743183,6,1.0,1.0,1.0866960915475374,0.05440176030601293,1.9017750785851044,0.08928421185286536,0.006251239188432076,1.7163457870483398,26,0.12335438281297684,0.12267081439495087,22.387514114379883,64.41268756733842,11266.7919921875,4,4,1.0,1.0,1.0,1.0,other,well_bound,unseen_functional_form_ood
unseen_analytical_functional_forms,fc9e018ee786c90189fd6019,scarf_ii,truncated_line,7,1.0,2.0798061184551324,7,1.0,1.0,1.1480909139606144,0.05747528420926913,2.1520842478977236,0.10714940488273389,0.0038682895931236496,1.5932893753051758,24,0.13245715200901031,0.13176430761814117,13.43087100982666,46.57098641023635,4059.91552734375,4,4,1.0,1.0,0.0,1.0,other,well_bound,unseen_functional_form_ood
unseen_analytical_functional_forms,fc9e018ee786c90189fd6019,scarf_ii,truncated_line,8,1.0,1.58210233198752,8,1.0,1.0,1.28664675115418,0.06441161305284589,2.490017047031458,0.11704053112481565,0.003025236138438577,1.5069427490234375,23,0.1369577795267105,0.13649770617485046,7.233188629150391,29.102152258361148,827.6050415039062,4,4,1.0,1.0,0.0,1.0,other,well_bound,unseen_functional_form_ood
unseen_analytical_functional_forms,fc9e018ee786c90189fd6019,scarf_ii,truncated_line,9,1.0,1.1523263999503275,9,1.0,1.0,1.1246538509407982,0.056301987006308514,2.38860358439577,0.12957442336316788,0.0017108882822324835,1.2351112365722656,19,0.16579614579677582,0.1652025580406189,6.449971675872803,23.501899202893487,577.6614990234375,4,4,1.0,1.0,1.0,1.0,other,well_bound,unseen_functional_form_ood
unseen_analytical_functional_forms,fc9e018ee786c90189fd6019,scarf_ii,truncated_line,10,1.0,0.7899381073312846,10,1.0,1.0,1.1325385021716208,0.056696705373009255,2.3658449960912646,0.12776652289350096,0.002090790443301848,1.1640892028808594,18,0.1740027219057083,0.1734398901462555,4.371018409729004,13.691521339400373,165.6244354248047,4,4,1.0,1.0,1.0,1.0,other,well_bound,unseen_functional_form_ood
unseen_analytical_functional_forms,f68eea2a84c46ce994ab9aeb,scarf_ii,truncated_line,0,1.0,5.9088732419418815,0,1.0,1.0,0.0,0.0,0.0,0.0,1.0,22.256627574153967,256,0.03299575671553612,0.03294716402888298,49.698028564453125,135.3184509219026,32406.33984375,4,4,1.0,1.0,0.0,1.0,other,well_bound,unseen_functional_form_ood
unseen_analytical_functional_forms,f68eea2a84c46ce994ab9aeb,scarf_ii,truncated_line,1,1.0,5.176738993029753,1,1.0,1.0,0.048317100903447235,0.0021709084515372226,0.048317100903447235,0.0057017105553164305,0.4989428356229164,10.812583411703393,124,0.05895564705133438,0.05879264324903488,49.9428596496582,134.77526544405603,32437.2890625,4,4,1.0,1.0,0.0,1.0,other,well_bound,unseen_functional_form_ood
unseen_analytical_functional_forms,f68eea2a84c46ce994ab9aeb,scarf_ii,truncated_line,2,1.0,4.492993038888742,2,1.0,1.0,0.64734505001938,0.029085495898359945,0.7355559247607171,0.14355024428338622,0.2587496868002142,2.9661684036254883,41,0.07728757709264755,0.07694391906261444,48.3137321472168,110.42795949745505,31444.59375,4,4,1.0,1.0,0.0,1.0,other,well_bound,unseen_functional_form_ood
unseen_analytical_functional_forms,f68eea2a84c46ce994ab9aeb,scarf_ii,truncated_line,3,1.0,3.8576412796239943,3,1.0,1.0,0.7106994213448999,0.03193203547918537,1.0969116417662623,0.11253534140127139,0.12245197883543725,2.5124435424804688,34,0.09269274026155472,0.09217722713947296,45.66429138183594,93.50350788873855,29663.025390625,4,4,1.0,1.0,0.0,1.0,other,well_bound,unseen_functional_form_ood
unseen_analytical_functional_forms,f68eea2a84c46ce994ab9aeb,scarf_ii,truncated_line,4,1.0,3.2706889865690503,4,1.0,1.0,0.9131148764894683,0.04102665030661898,1.4809386536419558,0.07652179485212565,0.049403217507266665,2.2376012802124023,31,0.1047692820429802,0.10409727692604065,41.1524658203125,85.90631651629951,26181.53515625,4,4,1.0,1.0,0.0,1.0,other,well_bound,unseen_functional_form_ood
unseen_analytical_functional_forms,f68eea2a84c46ce994ab9aeb,scarf_ii,truncated_line,5,1.0,2.732140794653283,5,1.0,1.0,1.0055168767824874,0.04517831254678348,1.7392940081992783,0.07050325672872737,0.015717877430730585,2.044158935546875,27,0.11628218740224838,0.11537016928195953,31.080881118774414,74.08317156709586,18451.486328125,4,4,1.0,1.0,0.0,1.0,other,well_bound,unseen_functional_form_ood
unseen_analytical_functional_forms,f68eea2a84c46ce994ab9aeb,scarf_ii,truncated_line,6,1.0,2.24200069273821,6,1.0,1.0,1.185061448072496,0.05324532857119272,2.161856939021177,0.0878226828958389,0.006446392970997097,1.926417350769043,26,0.12333209812641144,0.12263903021812439,22.872081756591797,65.81829914200674,11670.5419921875,4,4,1.0,1.0,1.0,1.0,other,well_bound,unseen_functional_form_ood
unseen_analytical_functional_forms,f68eea2a84c46ce994ab9aeb,scarf_ii,truncated_line,7,1.0,1.8002719909997627,7,1.0,1.0,1.253072743111979,0.05630110576892338,2.4182124252213932,0.10383764349149643,0.004040418336185292,1.7839527130126953,24,0.13291405141353607,0.13220585882663727,13.888641357421875,47.83233673030668,4377.1572265625,4,4,1.0,1.0,0.0,1.0,other,well_bound,unseen_functional_form_ood
unseen_analytical_functional_forms,f68eea2a84c46ce994ab9aeb,scarf_ii,truncated_line,8,1.0,1.4069565672697033,8,1.0,1.0,1.3876490563201618,0.06234767831275579,2.7716165789702583,0.11340846480631522,0.003116226197456645,1.6896724700927734,23,0.13775154948234558,0.13723880052566528,7.507370471954346,30.237797288703206,924.900390625,4,4,1.0,1.0,0.0,1.0,other,well_bound,unseen_functional_form_ood
unseen_analytical_functional_forms,f68eea2a84c46ce994ab9aeb,scarf_ii,truncated_line,9,1.0,1.0620369999129489,9,1.0,1.0,1.2161449086378997,0.054641922033604795,2.6469348711518474,0.12660248885000036,0.0017751328638466902,1.3857793807983398,19,0.16459959745407104,0.16403432190418243,6.634584903717041,24.358036719105307,632.2451171875,4,4,1.0,1.0,1.0,1.0,other,well_bound,unseen_functional_form_ood
unseen_analytical_functional_forms,f68eea2a84c46ce994ab9aeb,scarf_ii,truncated_line,10,1.0,0.7652016471409997,10,1.0,1.0,1.2189884326632976,0.05476968281029587,2.6045920973812553,0.12430396135276753,0.002114419001834272,1.305440902709961,18,0.17303462326526642,0.17239119112491608,4.504750728607178,14.372889444522,184.49725341796875,4,4,1.0,1.0,1.0,1.0,other,well_bound,unseen_functional_form_ood
unseen_analytical_functional_forms,1235ab36300fbf4e26237594,scarf_ii,truncated_line,0,1.0,6.071772751280039,0,1.0,1.0,0.0,0.0,0.0,0.0,1.0,22.02444027417947,256,0.033212222158908844,0.0331716313958168,49.597198486328125,137.17049236763802,32342.330078125,4,4,1.0,1.0,0.0,1.0,other,well_bound,unseen_functional_form_ood
unseen_analytical_functional_forms,1235ab36300fbf4e26237594,scarf_ii,truncated_line,1,1.0,5.3055035702555795,1,1.0,1.0,0.040142907838560754,0.0018226528047399515,0.040142907838560754,0.0043757383301622765,0.4995002986077194,10.741277167726633,124,0.05930955708026886,0.059155724942684174,49.86065673828125,136.46033509856727,32384.837890625,4,4,1.0,1.0,0.0,1.0,other,well_bound,unseen_functional_form_ood
unseen_analytical_functional_forms,1235ab36300fbf4e26237594,scarf_ii,truncated_line,2,1.0,4.590883418082546,2,1.0,1.0,0.6410940063820563,0.029108299616297083,0.7171378798560208,0.14335077139029936,0.26025241688842476,2.9163818359375,41,0.07763755321502686,0.07731931656599045,48.22194290161133,111.26287022448014,31387.416015625,4,4,1.0,1.0,0.0,1.0,other,well_bound,unseen_functional_form_ood
unseen_analytical_functional_forms,1235ab36300fbf4e26237594,scarf_ii,truncated_line,3,1.0,3.9279187364521566,3,1.0,1.0,0.6997112508746876,0.031769763143311286,1.0729362750501157,0.11090975759854926,0.12403040553133031,2.471853256225586,34,0.09302754700183868,0.09252027422189713,45.550113677978516,93.60502786069749,29587.080078125,4,4,1.0,1.0,0.0,1.0,other,well_bound,unseen_functional_form_ood
unseen_analytical_functional_forms,1235ab36300fbf4e26237594,scarf_ii,truncated_line,4,1.0,3.31661526009288,4,1.0,1.0,0.9066264439328804,0.04116456230652868,1.4519344991534529,0.07480134947454242,0.05021463897893003,2.202495574951172,30,0.10500802844762802,0.10437815636396408,41.06675338745117,85.52588597375595,26129.294921875,4,4,1.0,1.0,0.0,1.0,other,well_bound,unseen_functional_form_ood
unseen_analytical_functional_forms,1235ab36300fbf4e26237594,scarf_ii,truncated_line,5,1.0,2.7569780083537703,5,1.0,1.0,0.9959521939902457,0.04522031804630506,1.7075858425939185,0.06961039957934805,0.015903757571480777,2.01456356048584,27,0.11643273383378983,0.11553869396448135,30.94523048400879,73.57146090252317,18348.80078125,4,4,1.0,1.0,1.0,1.0,other,well_bound,unseen_functional_form_ood
unseen_analytical_functional_forms,1235ab36300fbf4e26237594,scarf_ii,truncated_line,6,1.0,2.2490112745857376,6,1.0,1.0,1.1817565017129776,0.05365659635393411,2.129849269868745,0.0882513312576839,0.006347024384846419,1.9016351699829102,26,0.12340418994426727,0.1226993277668953,22.737924575805664,65.38053225029705,11558.3212890625,4,4,1.0,1.0,1.0,1.0,other,well_bound,unseen_functional_form_ood
unseen_analytical_functional_forms,1235ab36300fbf4e26237594,scarf_ii,truncated_line,7,1.0,1.7927185924351354,7,1.0,1.0,1.250744493523184,0.056788934381660744,2.3939681193443825,0.10489178743748126,0.003971428084615872,1.7624692916870117,23,0.13279570639133453,0.13206616044044495,13.738678932189941,47.435381552624015,4273.0947265625,4,4,1.0,1.0,0.0,1.0,other,well_bound,unseen_functional_form_ood
unseen_analytical_functional_forms,1235ab36300fbf4e26237594,scarf_ii,truncated_line,8,1.0,1.3881019360805968,8,1.0,1.0,1.391047344027057,0.06315925974554108,2.7538446886412773,0.11461241827487667,0.0030855917601011057,1.6691303253173828,23,0.13749033212661743,0.1369834840297699,7.397130012512207,29.805157450320817,885.2945556640625,4,4,1.0,1.0,0.0,1.0,other,well_bound,unseen_functional_form_ood
unseen_analytical_functional_forms,1235ab36300fbf4e26237594,scarf_ii,truncated_line,9,1.0,1.0351418622762782,9,1.0,1.0,1.219084024307488,0.05535141911128117,2.634264330765804,0.1275365912223211,0.0017567107579696357,1.369384765625,19,0.16491417586803436,0.1643449366092682,6.555800437927246,24.00640058243653,608.9114379882812,4,4,1.0,1.0,1.0,1.0,other,well_bound,unseen_functional_form_ood
unseen_analytical_functional_forms,1235ab36300fbf4e26237594,scarf_ii,truncated_line,10,1.0,0.7334842189277548,10,1.0,1.0,1.2238427316854454,0.05556748396099888,2.597782139401322,0.12545668817927969,0.0021160157995805066,1.2897663116455078,18,0.17325708270072937,0.1726473718881607,4.443748474121094,14.06521092053218,175.87286376953125,4,4,1.0,1.0,1.0,1.0,other,well_bound,unseen_functional_form_ood
unseen_analytical_functional_forms,b6bd5d144f4d015698b0c7a0,scarf_ii,truncated_line,0,1.0,9.243093476286694,0,1.0,1.0,0.0,0.0,0.0,0.0,1.0,17.73571711874305,256,0.032814495265483856,0.03280721604824066,49.72139358520508,131.26152538828293,32410.35546875,4,4,1.0,1.0,0.0,1.0,other,well_bound,unseen_functional_form_ood
unseen_analytical_functional_forms,b6bd5d144f4d015698b0c7a0,scarf_ii,truncated_line,1,1.0,8.126937434246473,1,1.0,1.0,0.01652546449311286,0.0009317618443321246,0.01652546449311286,0.003353744240631812,0.49901644676017876,8.744614638207862,126,0.058450810611248016,0.05833106487989426,49.94731903076172,131.21847036627167,32427.130859375,4,4,1.0,1.0,0.0,1.0,other,well_bound,unseen_functional_form_ood
unseen_analytical_functional_forms,b6bd5d144f4d015698b0c7a0,scarf_ii,truncated_line,2,1.0,7.082551265483637,2,1.0,1.0,0.5133518554438901,0.02894452206284805,0.5540160345103025,0.14780667665773964,0.2612479097999096,2.3800129890441895,41,0.0763000026345253,0.07611869275569916,48.32221984863281,108.70768887109674,31450.15625,4,4,1.0,1.0,0.0,1.0,other,well_bound,unseen_functional_form_ood
unseen_analytical_functional_forms,b6bd5d144f4d015698b0c7a0,scarf_ii,truncated_line,3,1.0,6.1099434400214525,3,1.0,1.0,0.5517088161827503,0.031107217852482893,0.8333552396537542,0.11611919873992262,0.12701893661384867,2.0185890197753906,35,0.0913819670677185,0.09097225219011307,45.64986801147461,93.23127856689882,29644.556640625,4,4,1.0,1.0,0.0,1.0,other,well_bound,unseen_functional_form_ood
unseen_analytical_functional_forms,b6bd5d144f4d015698b0c7a0,scarf_ii,truncated_line,4,1.0,5.20912156414342,4,1.0,1.0,0.7244944941739391,0.04084946153140295,1.1269262371108009,0.07497925153644928,0.05433825195444133,1.7952337265014648,31,0.10328435897827148,0.10271582007408142,41.14358139038086,86.32282611085381,26180.744140625,4,4,1.0,1.0,0.0,1.0,other,well_bound,unseen_functional_form_ood
unseen_analytical_functional_forms,b6bd5d144f4d015698b0c7a0,scarf_ii,truncated_line,5,1.0,4.380092369415069,5,1.0,1.0,0.7849227652283688,0.04425661279852422,1.3148662183110145,0.06978402228847903,0.01846228414360249,1.640641212463379,28,0.11472273617982864,0.1138933002948761,30.99360466003418,74.63317365602956,18364.400390625,4,4,1.0,1.0,1.0,1.0,other,well_bound,unseen_functional_form_ood
unseen_analytical_functional_forms,b6bd5d144f4d015698b0c7a0,scarf_ii,truncated_line,6,1.0,3.6228616987718416,6,1.0,1.0,0.9343311051118421,0.052680762714942264,1.624019520403012,0.08565900998389918,0.007878723003481995,1.5449371337890625,26,0.12205540388822556,0.12139936536550522,22.78656005859375,66.4902890742762,11584.25390625,4,4,1.0,1.0,1.0,1.0,other,well_bound,unseen_functional_form_ood
unseen_analytical_functional_forms,b6bd5d144f4d015698b0c7a0,scarf_ii,truncated_line,7,1.0,2.9374344563918378,7,1.0,1.0,0.9742312344465672,0.05493046759394932,1.8082410362738806,0.10213602757036033,0.004570376750469949,1.4282207489013672,24,0.1316317319869995,0.13096773624420166,13.844249725341797,48.34502655644487,4345.35498046875,4,4,1.0,1.0,0.0,1.0,other,well_bound,unseen_functional_form_ood
unseen_analytical_functional_forms,b6bd5d144f4d015698b0c7a0,scarf_ii,truncated_line,8,1.0,2.3238134605927687,8,1.0,1.0,1.0893069663384156,0.061418828404025426,2.0850859911886053,0.11263838039700261,0.0032666100877988867,1.350118637084961,23,0.13636456429958344,0.13590194284915924,7.497781276702881,30.57910013200811,922.70849609375,4,4,1.0,1.0,0.0,1.0,other,well_bound,unseen_functional_form_ood
unseen_analytical_functional_forms,b6bd5d144f4d015698b0c7a0,scarf_ii,truncated_line,9,1.0,1.7819739739025504,9,1.0,1.0,0.9491056728700471,0.05351380305152901,2.0044129034466196,0.12530496511016817,0.0018358655343377322,1.1090235710144043,19,0.16392922401428223,0.16338104009628296,6.620980262756348,24.612224138810774,629.4782104492188,4,4,1.0,1.0,1.0,1.0,other,well_bound,unseen_functional_form_ood
unseen_analytical_functional_forms,b6bd5d144f4d015698b0c7a0,scarf_ii,truncated_line,10,1.0,1.3114984122917175,10,1.0,1.0,0.9569740193954168,0.05395744716654787,2.000454265825109,0.12292046913330218,0.00213234369280418,1.0427560806274414,18,0.17248877882957458,0.17192129790782928,4.504272937774658,14.55486841832565,184.8507537841797,4,4,1.0,1.0,1.0,1.0,other,well_bound,unseen_functional_form_ood
unseen_analytical_functional_forms,c31288c16721870ab296b68d,scarf_ii,truncated_line,0,1.0,6.287476348360748,0,1.0,1.0,0.0,0.0,0.0,0.0,1.0,22.007799508206116,256,0.03384719789028168,0.03376934677362442,49.39438247680664,149.3726888198884,32239.390625,4,4,1.0,1.0,0.0,1.0,other,well_bound,unseen_functional_form_ood
unseen_analytical_functional_forms,c31288c16721870ab296b68d,scarf_ii,truncated_line,1,1.0,5.434678109137138,1,1.0,1.0,0.06549209173143625,0.002975858250027042,0.06549209173143625,0.006022901643728346,0.4997055254543625,10.567432963677033,122,0.06074279546737671,0.06053747236728668,49.71381378173828,146.8670516981186,32318.982421875,4,4,1.0,1.0,0.0,1.0,other,well_bound,unseen_functional_form_ood
unseen_analytical_functional_forms,c31288c16721870ab296b68d,scarf_ii,truncated_line,2,1.0,4.643981699391201,2,1.0,1.0,0.6487248630944222,0.029477043484176152,0.7577834188823989,0.13478621304193203,0.2603810670508321,2.8480119705200195,40,0.07995650172233582,0.07952408492565155,48.046043395996094,116.24133039347761,31286.326171875,4,4,1.0,1.0,0.0,1.0,other,well_bound,unseen_functional_form_ood
unseen_analytical_functional_forms,c31288c16721870ab296b68d,scarf_ii,truncated_line,3,1.0,3.9153956904618905,3,1.0,1.0,0.7219470319421218,0.032804144352229635,1.1276186734347684,0.10052038468068994,0.12071905377295115,2.410933494567871,33,0.09583859890699387,0.09525230526924133,45.34268569946289,94.70765732914731,29469.904296875,4,4,1.0,1.0,0.0,1.0,other,well_bound,unseen_functional_form_ood
unseen_analytical_functional_forms,c31288c16721870ab296b68d,scarf_ii,truncated_line,4,1.0,3.2489275946186575,4,1.0,1.0,0.920298895096687,0.04181694288670398,1.528889535093588,0.07253968309510679,0.044060599743778336,2.1545333862304688,30,0.10790015757083893,0.10720077157020569,40.875205993652344,84.43343072025323,26022.08203125,4,4,1.0,1.0,0.0,1.0,other,well_bound,unseen_functional_form_ood
unseen_analytical_functional_forms,c31288c16721870ab296b68d,scarf_ii,truncated_line,5,1.0,2.6445838538252993,5,1.0,1.0,1.0313895924814311,0.04686473048324771,1.822692615350677,0.07015580972758101,0.012340464672889438,1.9743671417236328,26,0.1192404180765152,0.11824020743370056,30.733043670654297,71.90964341760943,18217.845703125,4,4,1.0,1.0,0.0,1.0,other,well_bound,unseen_functional_form_ood
unseen_analytical_functional_forms,c31288c16721870ab296b68d,scarf_ii,truncated_line,6,1.0,2.1023698255319143,6,1.0,1.0,1.2221695608228562,0.05553347395622821,2.313936131093808,0.09294510297031901,0.004379743674841166,1.8712987899780273,26,0.12560498714447021,0.12486963719129562,22.493877410888672,63.44477471386417,11377.7705078125,4,4,1.0,1.0,0.0,1.0,other,well_bound,unseen_functional_form_ood
unseen_analytical_functional_forms,c31288c16721870ab296b68d,scarf_ii,truncated_line,7,1.0,1.6222897450591702,7,1.0,1.0,1.3221647243055639,0.06007709784036174,2.641775201957915,0.10864791905642755,0.003201187751803079,1.7418937683105469,24,0.1346457600593567,0.13390761613845825,13.454630851745605,45.77873901176595,4077.24853515625,4,4,1.0,1.0,0.0,1.0,other,well_bound,unseen_functional_form_ood
unseen_analytical_functional_forms,c31288c16721870ab296b68d,scarf_ii,truncated_line,8,1.0,1.2043457924178353,8,1.0,1.0,1.4596609661861464,0.06632471209317761,3.024998485812162,0.11714613901582317,0.002851963339080659,1.6535968780517578,23,0.13932392001152039,0.13876987993717194,7.205819606781006,28.470734949408715,816.10791015625,4,4,1.0,1.0,0.0,1.0,other,well_bound,unseen_functional_form_ood
unseen_analytical_functional_forms,c31288c16721870ab296b68d,scarf_ii,truncated_line,9,1.0,0.8485097094415277,9,1.0,1.0,1.2888621164282001,0.058563879407735345,2.8701864302847833,0.1318583038283229,0.0016404903917674742,1.3514738082885742,19,0.16681666672229767,0.16616034507751465,6.4354753494262695,23.035069834218366,571.7079467773438,4,4,1.0,1.0,0.0,1.0,other,well_bound,unseen_functional_form_ood
unseen_analytical_functional_forms,c31288c16721870ab296b68d,scarf_ii,truncated_line,10,1.0,0.5541885623060123,10,1.0,1.0,1.2856015299190884,0.05841572345475622,2.7744610411035584,0.1300376564748347,0.002087414526050708,1.278944969177246,18,0.17479780316352844,0.1741345375776291,4.342172622680664,13.317193402817123,161.28611755371094,4,4,1.0,1.0,1.0,1.0,other,well_bound,unseen_functional_form_ood
unseen_analytical_functional_forms,830d26e9b97383b72d9faa1d,scarf_ii,truncated_line,0,1.0,7.397980126177701,0,1.0,1.0,0.0,0.0,0.0,0.0,1.0,19.808428913639062,256,0.032596156001091,0.032582297921180725,49.79175567626953,129.0429006716825,32452.185546875,4,4,1.0,1.0,0.0,1.0,other,well_bound,unseen_functional_form_ood
unseen_analytical_functional_forms,830d26e9b97383b72d9faa1d,scarf_ii,truncated_line,1,1.0,6.526706383574005,1,1.0,1.0,0.009418014401943786,0.0004754548905925107,0.009418014401943786,0.0026874899191195734,0.4988720866760972,9.809219785978605,127,0.05799316242337227,0.05788465216755867,49.99803924560547,129.23294522784767,32454.326171875,4,4,1.0,1.0,0.0,1.0,other,well_bound,unseen_functional_form_ood
unseen_analytical_functional_forms,830d26e9b97383b72d9faa1d,scarf_ii,truncated_line,2,1.0,5.709982337713999,2,1.0,1.0,0.5726407582368909,0.028908943800313208,0.6065170923150707,0.14917848244129792,0.26228721089281726,2.676539421081543,42,0.07569414377212524,0.0756179541349411,48.38508605957031,107.85626680197853,31490.9453125,4,4,1.0,1.0,0.0,1.0,other,well_bound,unseen_functional_form_ood
unseen_analytical_functional_forms,830d26e9b97383b72d9faa1d,scarf_ii,truncated_line,3,1.0,4.9478142642044105,3,1.0,1.0,0.6103714726001593,0.03081372456449027,0.9150046351075154,0.11786975913587114,0.12890635367721093,2.269313335418701,35,0.0906374454498291,0.09024851769208908,45.71927261352539,93.32021832820081,29687.998046875,4,4,1.0,1.0,0.0,1.0,other,well_bound,unseen_functional_form_ood
unseen_analytical_functional_forms,830d26e9b97383b72d9faa1d,scarf_ii,truncated_line,4,1.0,4.240207824463854,4,1.0,1.0,0.806281158565469,0.04070394285587715,1.236288567196417,0.07632853636900092,0.056542786467069686,2.0165233612060547,30,0.10254096239805222,0.10202671587467194,41.20283508300781,86.86897003511297,26221.9375,4,4,1.0,1.0,0.0,1.0,other,well_bound,unseen_functional_form_ood
unseen_analytical_functional_forms,830d26e9b97383b72d9faa1d,scarf_ii,truncated_line,5,1.0,3.5871680576791363,5,1.0,1.0,0.867322646993807,0.043785534469955534,1.437087322545949,0.07001213701848844,0.01984221529423693,1.8415803909301758,28,0.11401829123497009,0.11322957277297974,31.05768585205078,75.27986861789677,18404.3515625,4,4,1.0,1.0,1.0,1.0,other,well_bound,unseen_functional_form_ood
unseen_analytical_functional_forms,830d26e9b97383b72d9faa1d,scarf_ii,truncated_line,6,1.0,2.9886993705998153,6,1.0,1.0,1.033998531431997,0.05219992640203984,1.767922384769827,0.08437441279738413,0.008660809104737908,1.7315301895141602,26,0.12151405215263367,0.12085080146789551,22.839406967163086,67.12506850750701,11621.7880859375,4,4,1.0,1.0,1.0,1.0,other,well_bound,unseen_functional_form_ood
unseen_analytical_functional_forms,830d26e9b97383b72d9faa1d,scarf_ii,truncated_line,7,1.0,2.4448054994895667,7,1.0,1.0,1.0708403294045399,0.05405983150270007,1.9613963650333681,0.10059286724580033,0.004862759327869226,1.5981807708740234,24,0.13119880855083466,0.1305239349603653,13.946715354919434,48.88208038572705,4415.3564453125,4,4,1.0,1.0,0.0,1.0,other,well_bound,unseen_functional_form_ood
unseen_analytical_functional_forms,830d26e9b97383b72d9faa1d,scarf_ii,truncated_line,8,1.0,1.955488673014532,8,1.0,1.0,1.1998413098378087,0.0605722601761546,2.2653246770650988,0.11136835709839304,0.003334747183922616,1.5103521347045898,23,0.13597863912582397,0.13552486896514893,7.570176601409912,31.04290007488515,949.196044921875,4,4,1.0,1.0,0.0,1.0,other,well_bound,unseen_functional_form_ood
unseen_analytical_functional_forms,830d26e9b97383b72d9faa1d,scarf_ii,truncated_line,9,1.0,1.520731989744844,9,1.0,1.0,1.042955455371543,0.052652103804831166,2.1851460697996243,0.12417636699832899,0.001861913216470375,1.2405786514282227,19,0.16354909539222717,0.16304141283035278,6.671844482421875,25.002506582161388,645.0213012695312,4,4,1.0,1.0,1.0,1.0,other,well_bound,unseen_functional_form_ood
unseen_analytical_functional_forms,830d26e9b97383b72d9faa1d,scarf_ii,truncated_line,10,1.0,1.1402561796804997,10,1.0,1.0,1.054012153698239,0.05321028529286846,2.1960862745368486,0.12160651725294258,0.002123328221507165,1.1663599014282227,18,0.17220041155815125,0.1716262400150299,4.546566963195801,14.867398390874442,191.07484436035156,4,4,1.0,1.0,1.0,1.0,other,well_bound,unseen_functional_form_ood
unseen_analytical_functional_forms,e2399d4cb94c9891bb3f6a7a,eckart,half_line,0,1.0,68.0039210609385,0,1.0,1.0,0.0,0.0,0.0,0.0,1.0,14.877659933907646,512,0.01499423198401928,0.014905070886015892,28.52750015258789,3479.8524169340976,14835.701171875,4,4,1.0,1.0,0.0,1.0,other,well_bound,unseen_functional_form_ood
unseen_analytical_functional_forms,e2399d4cb94c9891bb3f6a7a,eckart,half_line,1,1.0,36.68140788708692,1,1.0,1.0,1.7308916632564446,0.11634166064728854,1.7308916632564446,0.13595910484572016,0.05299908357424543,2.0677754878997803,191,0.02986319176852703,0.02948286011815071,29.197561264038086,3513.538804677019,15610.291015625,4,4,1.0,1.0,0.0,1.0,other,well_bound,unseen_functional_form_ood
unseen_analytical_functional_forms,e2399d4cb94c9891bb3f6a7a,eckart,half_line,2,1.0,22.063594450799368,2,1.0,1.0,1.8995288417441294,0.12767658692177236,2.5870492276392314,0.05708709162101461,0.00034934964934485446,1.5175139904022217,76,0.04319320619106293,0.04234541207551956,31.124853134155273,3261.0251442953218,17729.85546875,4,4,1.0,1.0,0.0,1.0,other,well_bound,unseen_functional_form_ood
unseen_analytical_functional_forms,e2399d4cb94c9891bb3f6a7a,eckart,half_line,3,1.0,14.1156564351386,3,1.0,1.0,2.485124260283059,0.1670373077031568,4.433336293847839,0.1579512618683448,0.00024907793116324406,1.2945456504821777,64,0.05377921089529991,0.05252094194293022,30.84922218322754,3126.995685456219,17655.908203125,4,4,1.0,1.0,0.0,1.0,other,well_bound,unseen_functional_form_ood
unseen_analytical_functional_forms,e2399d4cb94c9891bb3f6a7a,eckart,half_line,4,1.0,9.351232423461607,4,1.0,1.0,2.8002758945632,0.1882201842899431,5.145233742796372,0.12851895496540636,0.00010187990471477448,1.257846474647522,60,0.05879386141896248,0.05735872685909271,33.427799224853516,3008.923805404256,19507.2578125,4,4,1.0,1.0,0.0,1.0,other,well_bound,unseen_functional_form_ood
unseen_analytical_functional_forms,e2399d4cb94c9891bb3f6a7a,eckart,half_line,5,1.0,6.300830729210485,5,1.0,1.0,3.102632419880906,0.2085430392725742,5.8665237070647915,0.14370968246189156,0.0003049376337910248,1.1731985807418823,49,0.06693826615810394,0.06598500907421112,29.276397705078125,2607.3425316535177,17224.48828125,4,4,1.0,1.0,0.0,1.0,other,well_bound,unseen_functional_form_ood
unseen_analytical_functional_forms,e2399d4cb94c9891bb3f6a7a,eckart,half_line,6,1.0,4.257935537546825,6,1.0,1.0,2.8126707614763755,0.1890533036762067,5.403651097015024,0.16527289074889456,0.00014071092951251085,0.9833896160125732,43,0.07692805677652359,0.07567469775676727,34.4623908996582,2637.713048388735,20527.810546875,4,4,1.0,1.0,0.0,1.0,other,well_bound,unseen_functional_form_ood
unseen_analytical_functional_forms,e2399d4cb94c9891bb3f6a7a,eckart,half_line,7,1.0,2.848650301422065,7,1.0,1.0,2.7262914371369242,0.18324732849441186,5.248946000760518,0.15626433131660628,0.00013359876535867787,0.9057713747024536,37,0.08891995251178741,0.08498860150575638,34.875423431396484,2711.7224845607007,21315.751953125,4,4,1.0,1.0,0.0,1.0,other,well_bound,unseen_functional_form_ood
unseen_analytical_functional_forms,e2399d4cb94c9891bb3f6a7a,eckart,half_line,8,1.0,1.8600574894125792,8,1.0,1.0,2.478977590715094,0.16662416009827333,4.700381681919529,0.16444857544052363,4.3492706656711455e-05,0.8048484325408936,34,0.09690538048744202,0.0951707661151886,26.651641845703125,2077.4834135908636,14682.021484375,4,4,1.0,1.0,0.0,1.0,other,well_bound,unseen_functional_form_ood
unseen_analytical_functional_forms,e2399d4cb94c9891bb3f6a7a,eckart,half_line,9,1.0,1.1636805884413484,9,1.0,0.0,1.6377761833659683,0.11008291563603466,3.627886709166753,0.17358996844744434,2.174734734405881e-06,0.5800696611404419,26,0.12013811618089676,0.11671128123998642,24.21845054626465,2218.28955102177,12676.654296875,4,4,1.0,1.0,0.0,0.0,other,well_bound,unseen_functional_form_ood
unseen_analytical_functional_forms,e2399d4cb94c9891bb3f6a7a,eckart,half_line,10,1.0,0.6781467382634325,10,1.0,1.0,3.008736738901131,0.20223185314539452,4.564126537360045,0.13308352960612582,0.0012998281853490168,0.8848258852958679,31,0.10294412821531296,0.10008081048727036,7.8242573738098145,1053.280895494446,1033.8590087890625,4,4,1.0,1.0,0.0,1.0,other,well_bound,unseen_functional_form_ood
unseen_analytical_functional_forms,d27db58447c1475e8e2625c8,eckart,half_line,0,1.0,104.74861529216587,0,1.0,1.0,0.0,0.0,0.0,0.0,1.0,14.202131543840682,512,0.014817183837294579,0.014692112803459167,28.657777786254883,7192.518959188947,15088.4375,4,4,1.0,1.0,0.0,1.0,other,well_bound,unseen_functional_form_ood
unseen_analytical_functional_forms,d27db58447c1475e8e2625c8,eckart,half_line,1,1.0,49.677032257577686,1,1.0,1.0,1.69624752484505,0.1194361226417942,1.69624752484505,0.11992297835349222,0.049009154677440825,1.9255982637405396,189,0.029354237020015717,0.029032252728939056,29.29523277282715,7297.5798197900795,15825.1865234375,4,4,1.0,1.0,0.0,1.0,other,well_bound,unseen_functional_form_ood
unseen_analytical_functional_forms,d27db58447c1475e8e2625c8,eckart,half_line,2,1.0,27.71188650712171,2,1.0,1.0,1.873923495272933,0.1319466369881382,2.5554088228185345,0.02671321828102537,0.00033626667784403264,1.4022176265716553,77,0.04265616461634636,0.0418458953499794,31.144372940063477,6655.976532432277,17850.203125,4,4,1.0,1.0,0.0,1.0,other,well_bound,unseen_functional_form_ood
unseen_analytical_functional_forms,d27db58447c1475e8e2625c8,eckart,half_line,3,1.0,16.836905155201727,3,1.0,1.0,2.466442233143329,0.17366704607189754,4.407794809248037,0.14920663836962295,0.00019101990898628962,1.1926891803741455,65,0.05330658331513405,0.052109040319919586,30.82541847229004,6504.139754781461,17732.23046875,4,4,1.0,1.0,0.0,1.0,other,well_bound,unseen_functional_form_ood
unseen_analytical_functional_forms,d27db58447c1475e8e2625c8,eckart,half_line,4,1.0,10.714247372812999,4,1.0,1.0,2.783889414150088,0.19601912611191324,5.149333263596779,0.1176921006325736,9.358929720815201e-05,1.1611709594726562,60,0.05845446512103081,0.05702134221792221,33.381282806396484,6686.031542223489,19558.251953125,4,4,1.0,1.0,0.0,1.0,other,well_bound,unseen_functional_form_ood
unseen_analytical_functional_forms,d27db58447c1475e8e2625c8,eckart,half_line,5,1.0,6.969429806283736,5,1.0,1.0,3.1021683131577595,0.21842976905133216,5.885082442643042,0.13862016184616432,0.0002912483767317786,1.1078541278839111,49,0.06634785234928131,0.06545431166887283,29.06515884399414,6041.244006464187,17094.400390625,4,4,1.0,1.0,0.0,1.0,other,well_bound,unseen_functional_form_ood
unseen_analytical_functional_forms,d27db58447c1475e8e2625c8,eckart,half_line,6,1.0,4.550206185478296,6,1.0,1.0,2.8277206751886808,0.19910537136342987,5.441404669768632,0.16714455012366441,0.0001286448154957931,0.9358005523681641,44,0.07648108154535294,0.07496078312397003,34.347591400146484,6166.581855595975,20514.30078125,4,4,1.0,1.0,0.0,1.0,other,well_bound,unseen_functional_form_ood
unseen_analytical_functional_forms,d27db58447c1475e8e2625c8,eckart,half_line,7,1.0,2.9321724231521182,7,1.0,1.0,2.75726936051846,0.19414475580704357,5.301699720685093,0.16088095244004705,0.00013828449132169407,0.862555205821991,38,0.08786534518003464,0.08437389135360718,34.62795639038086,6459.160310242918,21161.29296875,4,4,1.0,1.0,0.0,1.0,other,well_bound,unseen_functional_form_ood
unseen_analytical_functional_forms,d27db58447c1475e8e2625c8,eckart,half_line,8,1.0,1.830186177539681,8,1.0,1.0,2.5277333812264122,0.17798267629218403,4.764839056535023,0.16610626987665902,4.551805183528046e-05,0.7668352127075195,34,0.09574590623378754,0.09436018764972687,26.32478904724121,5280.481219213608,14433.9833984375,4,4,1.0,1.0,0.0,1.0,other,well_bound,unseen_functional_form_ood
unseen_analytical_functional_forms,d27db58447c1475e8e2625c8,eckart,half_line,9,1.0,1.0783902675456796,9,1.0,0.0,1.7127635711491134,0.1205990499286652,3.7121461350941347,0.17258402133913311,2.2788754617808493e-06,0.5512036085128784,27,0.11892564594745636,0.1155543401837349,23.95237159729004,5072.410813497581,12471.216796875,4,4,1.0,1.0,0.0,0.0,other,well_bound,unseen_functional_form_ood
unseen_analytical_functional_forms,d27db58447c1475e8e2625c8,eckart,half_line,10,1.0,0.5747343864248728,10,1.0,1.0,3.024738160473291,0.21297775979163414,4.553492439430761,0.1339846323642015,0.0014256427753397416,0.8441748023033142,32,0.10231383144855499,0.1000380739569664,7.654372692108154,2294.3348578916016,968.1356811523438,4,4,1.0,1.0,0.0,1.0,other,well_bound,unseen_functional_form_ood
unseen_analytical_functional_forms,e77de3ea2724864de3d2b956,eckart,half_line,0,1.0,90.2545662704573,0,1.0,1.0,0.0,0.0,0.0,0.0,1.0,13.569477626255582,512,0.014910716563463211,0.014807699248194695,28.569494247436523,4519.797376398746,14908.7060546875,4,4,1.0,1.0,0.0,1.0,other,well_bound,unseen_functional_form_ood
unseen_analytical_functional_forms,e77de3ea2724864de3d2b956,eckart,half_line,1,1.0,46.67442941244125,1,1.0,1.0,1.5945930994550863,0.11751322662338219,1.5945930994550863,0.13048285970479076,0.05139472589855554,1.8697831630706787,190,0.02965683862566948,0.02929607592523098,29.23250389099121,4576.102944381585,15675.255859375,4,4,1.0,1.0,0.0,1.0,other,well_bound,unseen_functional_form_ood
unseen_analytical_functional_forms,e77de3ea2724864de3d2b956,eckart,half_line,2,1.0,27.39657940616154,2,1.0,1.0,1.7533919098417534,0.12921587389989983,2.388847722397099,0.04256227523699704,0.00034266564372686936,1.3682080507278442,76,0.04296906292438507,0.04211597144603729,31.13871955871582,4221.859142454192,17768.802734375,4,4,1.0,1.0,0.0,1.0,other,well_bound,unseen_functional_form_ood
unseen_analytical_functional_forms,e77de3ea2724864de3d2b956,eckart,half_line,3,1.0,17.252021654158586,3,1.0,1.0,2.297369498509423,0.16930419591571033,4.099649974346271,0.15824711896978053,0.00023215452987357388,1.1659361124038696,65,0.053571734577417374,0.05236249044537544,30.853565216064453,4074.5527520413175,17684.9765625,4,4,1.0,1.0,0.0,1.0,other,well_bound,unseen_functional_form_ood
unseen_analytical_functional_forms,e77de3ea2724864de3d2b956,eckart,half_line,4,1.0,11.302765306460703,4,1.0,1.0,2.5886314859110824,0.19076869111765507,4.762145704812358,0.12702640866576084,0.00010035394890151039,1.1338236331939697,60,0.058629076927900314,0.05717376619577408,33.42463302612305,4031.4516182101843,19527.138671875,4,4,1.0,1.0,0.0,1.0,other,well_bound,unseen_functional_form_ood
unseen_analytical_functional_forms,e77de3ea2724864de3d2b956,eckart,half_line,5,1.0,7.5528794459902615,5,1.0,1.0,2.871080022998953,0.2115836808222964,5.4278175020878345,0.14564339877111038,0.0003044358206873987,1.070231556892395,49,0.06672704219818115,0.06580688059329987,29.23596954345703,3563.9771928205373,17203.34765625,4,4,1.0,1.0,0.0,1.0,other,well_bound,unseen_functional_form_ood
unseen_analytical_functional_forms,e77de3ea2724864de3d2b956,eckart,half_line,6,1.0,5.070605122925731,6,1.0,1.0,2.605855976701835,0.19203804659803295,5.0000254245032405,0.16685888063582185,0.00013873922168550212,0.896719217300415,44,0.07672423124313354,0.07545221596956253,34.444610595703125,3576.3906376098666,20534.001953125,4,4,1.0,1.0,0.0,1.0,other,well_bound,unseen_functional_form_ood
unseen_analytical_functional_forms,e77de3ea2724864de3d2b956,eckart,half_line,7,1.0,3.3735438371099535,7,1.0,1.0,2.5282946763570107,0.18632218173712253,4.854771216223117,0.15766660323028103,0.00013591467284534975,0.8259981274604797,38,0.08863533288240433,0.08475086838006973,34.82347869873047,3652.1700562511,21284.197265625,4,4,1.0,1.0,0.0,1.0,other,well_bound,unseen_functional_form_ood
unseen_analytical_functional_forms,e77de3ea2724864de3d2b956,eckart,half_line,8,1.0,2.1916232161537623,8,1.0,1.0,2.3031982730452394,0.16973374631524366,4.346088558765618,0.16472504771239543,4.437958012615262e-05,0.7340790629386902,33,0.09659865498542786,0.09490393847227097,26.577320098876953,2808.6263036006703,14626.837890625,4,4,1.0,1.0,0.0,1.0,other,well_bound,unseen_functional_form_ood
unseen_analytical_functional_forms,e77de3ea2724864de3d2b956,eckart,half_line,9,1.0,1.364078512028489,9,1.0,0.0,1.531219137778003,0.11284289491109423,3.3570766176898266,0.17341049156092264,2.215082260836887e-06,0.5286169052124023,27,0.1196250393986702,0.11615251749753952,24.15622901916504,2922.5423727530797,12629.6904296875,4,4,1.0,1.0,0.0,0.0,other,well_bound,unseen_functional_form_ood
unseen_analytical_functional_forms,e77de3ea2724864de3d2b956,eckart,half_line,10,1.0,0.7901958377992644,10,1.0,1.0,2.7813602844747853,0.20497180223748124,4.200046957271544,0.13320967134666217,0.0013338840872516577,0.8079785704612732,31,0.10278346389532089,0.10009337961673737,7.785189151763916,1303.2168375090507,1018.4324951171875,4,4,1.0,1.0,0.0,1.0,other,well_bound,unseen_functional_form_ood
unseen_analytical_functional_forms,86a4e3e83bddc846c89f615d,eckart,half_line,0,1.0,84.6024882795245,0,1.0,1.0,0.0,0.0,0.0,0.0,1.0,14.650739942278182,512,0.014871393330395222,0.014760502614080906,28.583938598632812,5097.047532312101,14958.2353515625,4,4,1.0,1.0,0.0,1.0,other,well_bound,unseen_functional_form_ood
unseen_analytical_functional_forms,86a4e3e83bddc846c89f615d,eckart,half_line,1,1.0,42.466572749096336,1,1.0,1.0,1.733738010754581,0.11833791450706657,1.733738010754581,0.12717245679217337,0.05045922222130772,2.00718355178833,190,0.029537370428442955,0.02918684110045433,29.23872184753418,5149.440674894318,15715.4091796875,4,4,1.0,1.0,0.0,1.0,other,well_bound,unseen_functional_form_ood
unseen_analytical_functional_forms,86a4e3e83bddc846c89f615d,eckart,half_line,2,1.0,24.477696722558303,2,1.0,1.0,1.9101830336640968,0.13038133508545946,2.603383385173155,0.03032317524750451,0.0003380733631271893,1.4661505222320557,77,0.042840421199798584,0.04202951863408089,31.123144149780273,4727.336112357635,17783.51171875,4,4,1.0,1.0,0.0,1.0,other,well_bound,unseen_functional_form_ood
unseen_analytical_functional_forms,86a4e3e83bddc846c89f615d,eckart,half_line,3,1.0,15.21170362267571,3,1.0,1.0,2.507179762927456,0.17112990694022182,4.476189825016867,0.1557290615209305,0.00021544202025136627,1.248597502708435,65,0.053453389555215836,0.05223919823765755,30.823444366455078,4564.669091946368,17685.552734375,4,4,1.0,1.0,0.0,1.0,other,well_bound,unseen_functional_form_ood
unseen_analytical_functional_forms,86a4e3e83bddc846c89f615d,eckart,half_line,4,1.0,9.856195863221355,4,1.0,1.0,2.827107618394219,0.19296688286957644,5.211154892404281,0.12398488739834028,9.78025031618257e-05,1.214596152305603,60,0.05854106694459915,0.05709720402956009,33.38670349121094,4543.529703434724,19519.39453125,4,4,1.0,1.0,0.0,1.0,other,well_bound,unseen_functional_form_ood
unseen_analytical_functional_forms,86a4e3e83bddc846c89f615d,eckart,half_line,5,1.0,6.517221029744884,5,1.0,1.0,3.1406976929738937,0.21437126761841332,5.946215856413358,0.14463040887021095,0.0002994530213210611,1.1549288034439087,49,0.06648323684930801,0.06565671414136887,29.15205955505371,3921.2549186505908,17145.61328125,4,4,1.0,1.0,0.0,1.0,other,well_bound,unseen_functional_form_ood
unseen_analytical_functional_forms,86a4e3e83bddc846c89f615d,eckart,half_line,6,1.0,4.3268253020460135,6,1.0,1.0,2.8555979052119453,0.19491151412574328,5.486474343607036,0.16757067354460967,0.00013444864223899344,0.9672024846076965,43,0.0766206756234169,0.0752449557185173,34.387290954589844,3979.1285779955283,20508.126953125,4,4,1.0,1.0,0.0,1.0,other,well_bound,unseen_functional_form_ood
unseen_analytical_functional_forms,86a4e3e83bddc846c89f615d,eckart,half_line,7,1.0,2.841728047367833,7,1.0,1.0,2.776604063786494,0.18951971536768222,5.336224220436582,0.15899235801784467,0.000136878348773517,0.891148030757904,38,0.0883222445845604,0.0845869854092598,34.72979736328125,4087.015270791483,21221.037109375,4,4,1.0,1.0,0.0,1.0,other,well_bound,unseen_functional_form_ood
unseen_analytical_functional_forms,86a4e3e83bddc846c89f615d,eckart,half_line,8,1.0,1.8163474602440557,8,1.0,1.0,2.5349908619135433,0.17302817959373004,4.784734491899426,0.16492457688217618,4.4619781663923774e-05,0.7917800545692444,33,0.09625991433858871,0.09471788257360458,26.47649574279785,3112.0299362447677,14549.208984375,4,4,1.0,1.0,0.0,1.0,other,well_bound,unseen_functional_form_ood
unseen_analytical_functional_forms,86a4e3e83bddc846c89f615d,eckart,half_line,9,1.0,1.105711050751803,9,1.0,0.0,1.6992533306374864,0.11598413031234608,3.7114480434135944,0.17292568815003112,2.2317157459816883e-06,0.5697989463806152,27,0.11938535422086716,0.11597149074077606,24.07648277282715,3136.1482543869965,12567.36328125,4,4,1.0,1.0,0.0,0.0,other,well_bound,unseen_functional_form_ood
unseen_analytical_functional_forms,86a4e3e83bddc846c89f615d,eckart,half_line,10,1.0,0.6195934798475333,10,1.0,1.0,3.051468973805918,0.20828087767773293,4.604798035713486,0.1335418979561039,0.0013669197997314697,0.8727344870567322,31,0.10260426253080368,0.10007648915052414,7.736335754394531,1485.219704408461,999.60546875,4,4,1.0,1.0,0.0,1.0,other,well_bound,unseen_functional_form_ood
unseen_analytical_functional_forms,31729ae16ba4730f600a20bf,eckart,half_line,0,1.0,59.45578778326939,0,1.0,1.0,0.0,0.0,0.0,0.0,1.0,17.212132045200892,512,0.014962305314838886,0.014857073314487934,28.463701248168945,4506.392340012817,14849.2802734375,4,4,1.0,1.0,0.0,1.0,other,well_bound,unseen_functional_form_ood
unseen_analytical_functional_forms,31729ae16ba4730f600a20bf,eckart,half_line,1,1.0,30.984993517275093,1,1.0,1.0,2.0238920321467613,0.11758520250900964,2.0238920321467613,0.1344577270171552,0.05195413423734252,2.3686420917510986,190,0.029717134311795235,0.029365114867687225,29.11862564086914,4583.500208084902,15608.400390625,4,4,1.0,1.0,0.0,1.0,other,well_bound,unseen_functional_form_ood
unseen_analytical_functional_forms,31729ae16ba4730f600a20bf,eckart,half_line,2,1.0,18.165990608209945,2,1.0,1.0,2.2299179312560544,0.1295550095362999,3.039261716961232,0.03289805778013367,0.00034249574179512354,1.7338175773620605,77,0.043046023696660995,0.042229898273944855,30.999107360839844,4221.320329094228,17677.212890625,4,4,1.0,1.0,0.0,1.0,other,well_bound,unseen_functional_form_ood
unseen_analytical_functional_forms,31729ae16ba4730f600a20bf,eckart,half_line,3,1.0,11.355712538201407,3,1.0,1.0,2.9323398488180907,0.1703647079349295,5.240932923965726,0.15281493783640432,0.00020372245373567743,1.477678656578064,65,0.05363539978861809,0.05243122950196266,30.682842254638672,4089.7397176701074,17566.94140625,4,4,1.0,1.0,0.0,1.0,other,well_bound,unseen_functional_form_ood
unseen_analytical_functional_forms,31729ae16ba4730f600a20bf,eckart,half_line,4,1.0,7.3438727713445555,4,1.0,1.0,3.3138735118881595,0.1925312624366101,6.129661963390898,0.12268125502327498,9.33563332043974e-05,1.4358820915222168,60,0.058700233697891235,0.057251736521720886,33.242340087890625,4080.8639809953083,19399.685546875,4,4,1.0,1.0,0.0,1.0,other,well_bound,unseen_functional_form_ood
unseen_analytical_functional_forms,31729ae16ba4730f600a20bf,eckart,half_line,5,1.0,4.814193814751993,5,1.0,1.0,3.690758537155959,0.21442773779934024,7.0256782606965835,0.14330743092441506,0.0002857370036766227,1.353992223739624,48,0.06663772463798523,0.06565467268228531,28.97951889038086,3564.051380946519,17002.384765625,4,4,1.0,1.0,0.0,1.0,other,well_bound,unseen_functional_form_ood
unseen_analytical_functional_forms,31729ae16ba4730f600a20bf,eckart,half_line,6,1.0,3.1460274742573997,6,1.0,1.0,3.361011327386523,0.19526990140211273,6.5078307715584405,0.16619099192677567,0.00012628734328012925,1.1333296298980713,44,0.07684088498353958,0.07513976842164993,34.22711944580078,3645.822553025037,20376.857421875,4,4,1.0,1.0,0.0,1.0,other,well_bound,unseen_functional_form_ood
unseen_analytical_functional_forms,31729ae16ba4730f600a20bf,eckart,half_line,7,1.0,2.0156562833141347,7,1.0,1.0,3.280214859790861,0.19057574338708694,6.365828840740961,0.1592981089020399,0.00013410123775958738,1.044897198677063,38,0.08804211020469666,0.08471383154392242,34.55278396606445,3804.796981473553,21082.638671875,4,4,1.0,1.0,0.0,1.0,other,well_bound,unseen_functional_form_ood
unseen_analytical_functional_forms,31729ae16ba4730f600a20bf,eckart,half_line,8,1.0,1.2408048698494465,8,1.0,1.0,2.9977427290870082,0.17416452077026928,5.732791740197394,0.1648429230829748,4.3057908624799524e-05,0.9271712899208069,33,0.09611329436302185,0.09482671320438385,26.34626579284668,2995.770992776994,14440.546875,4,4,1.0,1.0,0.0,1.0,other,well_bound,unseen_functional_form_ood
unseen_analytical_functional_forms,31729ae16ba4730f600a20bf,eckart,half_line,9,1.0,0.7124743215028584,9,1.0,0.0,2.021186870908299,0.1174280365500594,4.482632487012562,0.17239869445402625,2.1764531202839166e-06,0.6673725843429565,26,0.12003231793642044,0.11658849567174911,23.980363845825195,3019.4262829549134,12485.537109375,4,4,1.0,1.0,0.0,0.0,other,well_bound,unseen_functional_form_ood
unseen_analytical_functional_forms,31729ae16ba4730f600a20bf,eckart,half_line,10,1.0,0.36206840329119494,10,1.0,1.0,3.6185252803440924,0.21023108995686643,5.508817777098015,0.1345730385601562,0.0013803524775958254,1.0234103202819824,32,0.10244977474212646,0.09991860389709473,7.6808271408081055,1360.7616163949513,979.5142822265625,4,4,1.0,1.0,0.0,1.0,other,well_bound,unseen_functional_form_ood
unseen_analytical_functional_forms,6b8b957c9feeb6c39f5edf11,eckart,half_line,0,1.0,138.32521054646094,0,1.0,1.0,0.0,0.0,0.0,0.0,1.0,160.0,1024,0.009046217426657677,0.008705084212124348,32.782440185546875,310417.6902592772,19278.744140625,4,4,1.0,1.0,0.0,1.0,other,well_bound,unseen_functional_form_ood
unseen_analytical_functional_forms,6b8b957c9feeb6c39f5edf11,eckart,half_line,1,1.0,67.30936812317104,1,1.0,1.0,15.768115069039945,0.09855071918149966,15.768115069039945,0.1320531095257042,0.005450016972130212,15.9727783203125,324,0.016784843057394028,0.01618943363428116,33.359535217285156,312024.80310212565,19862.205078125,4,4,1.0,1.0,0.0,1.0,other,well_bound,unseen_functional_form_ood
unseen_analytical_functional_forms,6b8b957c9feeb6c39f5edf11,eckart,half_line,2,1.0,38.341029484921776,2,1.0,1.0,21.169504999457214,0.13230940624660759,30.56562208995482,0.12216411235060871,2.0557956950884027e-05,11.960362434387207,171,0.022840341553092003,0.02200465276837349,34.617950439453125,302772.12111860793,21154.740234375,4,4,1.0,1.0,0.0,1.0,other,well_bound,unseen_functional_form_ood
unseen_analytical_functional_forms,6b8b957c9feeb6c39f5edf11,eckart,half_line,3,1.0,23.79635563880289,3,1.0,1.0,31.89019178061909,0.19931369862886933,63.10212032217616,0.11006556625916579,1.098507512720115e-05,10.408468246459961,125,0.02664954587817192,0.025793423876166344,35.16796875,307509.9740532886,21613.53125,4,4,1.0,1.0,0.0,1.0,other,well_bound,unseen_functional_form_ood
unseen_analytical_functional_forms,6b8b957c9feeb6c39f5edf11,eckart,half_line,4,1.0,15.516338606880918,4,1.0,1.0,38.97314782700127,0.24358217391875794,80.60131676665425,0.09903470988905658,6.298485860634084e-05,10.6660737991333,121,0.027093244716525078,0.02671990729868412,36.23671340942383,324552.86886442674,22328.51953125,4,4,1.0,1.0,0.0,1.0,other,well_bound,unseen_functional_form_ood
unseen_analytical_functional_forms,6b8b957c9feeb6c39f5edf11,eckart,half_line,5,1.0,10.396587044427616,5,1.0,1.0,46.18891726213998,0.28868073288837487,94.66188482294021,0.08867643440767665,0.00018547422118120327,10.785228729248047,111,0.03356519341468811,0.0297606959939003,35.882633209228516,259441.53680517088,22505.375,4,4,1.0,1.0,0.0,1.0,other,well_bound,unseen_functional_form_ood
unseen_analytical_functional_forms,6b8b957c9feeb6c39f5edf11,eckart,half_line,6,1.0,7.046964547526709,6,1.0,1.0,46.84871804519989,0.2928044877824993,96.58197155229702,0.07432315908420206,9.344396710009306e-05,9.204132080078125,94,0.03777652606368065,0.03479110449552536,37.95551300048828,308248.7138317081,23660.73828125,4,4,1.0,1.0,0.0,1.0,other,well_bound,unseen_functional_form_ood
unseen_analytical_functional_forms,6b8b957c9feeb6c39f5edf11,eckart,half_line,7,1.0,4.769413991697331,7,1.0,1.0,49.461990214251486,0.3091374388390718,104.50588677725757,0.060082716521734886,0.00024055167581782388,8.870577812194824,89,0.04395514354109764,0.03920481726527214,39.48648452758789,328895.32442043466,24982.6015625,4,4,1.0,1.0,0.0,1.0,other,well_bound,unseen_functional_form_ood
unseen_analytical_functional_forms,6b8b957c9feeb6c39f5edf11,eckart,half_line,8,1.0,3.182180636634836,8,1.0,1.0,52.44455739188494,0.32777848369928086,110.77786187060062,0.04169925529447918,9.844724337493282e-05,8.401068687438965,72,0.0474238246679306,0.04258091375231743,34.696510314941406,265578.29566499306,21048.20703125,4,4,1.0,1.0,0.0,1.0,other,well_bound,unseen_functional_form_ood
unseen_analytical_functional_forms,6b8b957c9feeb6c39f5edf11,eckart,half_line,9,1.0,2.0622032919232076,9,1.0,1.0,47.34551670311636,0.29590947939447726,113.09802310842605,0.01576660001427262,1.2244734731270412e-05,5.8192853927612305,65,0.0494723804295063,0.047967329621315,27.172382354736328,222098.92801960043,15177.6123046875,4,4,1.0,1.0,0.0,1.0,other,well_bound,unseen_functional_form_ood
unseen_analytical_functional_forms,6b8b957c9feeb6c39f5edf11,eckart,half_line,10,1.0,1.2720630166773041,10,1.0,1.0,64.61059583971581,0.4038162239982238,128.73265026080549,0.013430654347022593,0.005145182132905823,9.069384574890137,62,0.051731597632169724,0.050992026925086975,20.113487243652344,220885.92658047273,8973.3349609375,4,4,1.0,1.0,0.0,1.0,other,well_bound,unseen_functional_form_ood
unseen_analytical_functional_forms,06c55e5feda6dc0a61e8149e,eckart,half_line,0,1.0,70.80477403462669,0,1.0,1.0,0.0,0.0,0.0,0.0,1.0,14.991773877825057,512,0.015039547346532345,0.014944409020245075,28.425962448120117,3533.505466759407,14780.73046875,4,4,1.0,1.0,0.0,1.0,other,well_bound,unseen_functional_form_ood
unseen_analytical_functional_forms,06c55e5feda6dc0a61e8149e,eckart,half_line,1,1.0,38.36095033541957,1,1.0,1.0,1.7455970325553627,0.1164369904976586,1.7455970325553627,0.1396539931382131,0.05336286384932054,2.080085039138794,191,0.029909254983067513,0.029528897255659103,29.08739471435547,3566.314826875755,15547.2041015625,4,4,1.0,1.0,0.0,1.0,other,well_bound,unseen_functional_form_ood
unseen_analytical_functional_forms,06c55e5feda6dc0a61e8149e,eckart,half_line,2,1.0,23.011640512778587,2,1.0,1.0,1.9194938353494848,0.12803647193403084,2.615282020225591,0.047260696602972045,0.00034659256440916497,1.5268309116363525,76,0.043257247656583786,0.042410265654325485,30.989032745361328,3307.6490465021043,17641.947265625,4,4,1.0,1.0,0.0,1.0,other,well_bound,unseen_functional_form_ood
unseen_analytical_functional_forms,06c55e5feda6dc0a61e8149e,eckart,half_line,3,1.0,14.604542553997891,3,1.0,1.0,2.5206072938349444,0.1681326915931728,4.503923819395858,0.15439523924639864,0.000218157647143169,1.3026918172836304,64,0.053830891847610474,0.05261097475886345,30.682954788208008,3171.5856304436743,17542.123046875,4,4,1.0,1.0,0.0,1.0,other,well_bound,unseen_functional_form_ood
unseen_analytical_functional_forms,06c55e5feda6dc0a61e8149e,eckart,half_line,4,1.0,9.548957857212944,4,1.0,1.0,2.8482557035297655,0.18998790448292022,5.261176912818858,0.12537946034670186,9.461381960462756e-05,1.265068531036377,59,0.058854248374700546,0.05741408094763756,33.250362396240234,3058.762461423931,19384.17578125,4,4,1.0,1.0,0.0,1.0,other,well_bound,unseen_functional_form_ood
unseen_analytical_functional_forms,06c55e5feda6dc0a61e8149e,eckart,half_line,5,1.0,6.313602808751729,5,1.0,1.0,3.168662088951492,0.2113600508368385,6.0311695678437385,0.14453320603857758,0.00028704870399531845,1.1792906522750854,49,0.06680737435817719,0.06584648787975311,29.023488998413086,2619.30574001079,17027.009765625,4,4,1.0,1.0,0.0,1.0,other,well_bound,unseen_functional_form_ood
unseen_analytical_functional_forms,06c55e5feda6dc0a61e8149e,eckart,half_line,6,1.0,4.1561012230199355,6,1.0,1.0,2.8813670424662576,0.19219653831146724,5.582650362343051,0.16574363101697656,0.0001283447622325573,0.987537145614624,43,0.07702898234128952,0.0754057914018631,34.24952697753906,2663.466709429541,20375.0703125,4,4,1.0,1.0,0.0,1.0,other,well_bound,unseen_functional_form_ood
unseen_analytical_functional_forms,06c55e5feda6dc0a61e8149e,eckart,half_line,7,1.0,2.681118519365758,7,1.0,1.0,2.808242535985842,0.18731889627415121,5.459448914989364,0.15804339245496202,0.0001322441535598351,0.9103916883468628,38,0.08833422511816025,0.08493112027645111,34.60772705078125,2753.647352815996,21116.9453125,4,4,1.0,1.0,0.0,1.0,other,well_bound,unseen_functional_form_ood
unseen_analytical_functional_forms,06c55e5feda6dc0a61e8149e,eckart,half_line,8,1.0,1.662430765703225,8,1.0,1.0,2.560989609415699,0.17082632317472204,4.91350333688849,0.16423035570156685,4.23956548931681e-05,0.8078020811080933,33,0.09636440128087997,0.09511358290910721,26.416034698486328,2125.419479498167,14492.4765625,4,4,1.0,1.0,0.0,1.0,other,well_bound,unseen_functional_form_ood
unseen_analytical_functional_forms,06c55e5feda6dc0a61e8149e,eckart,half_line,9,1.0,0.9629979205673935,9,1.0,0.0,1.7140976670298973,0.1143358805301412,3.8323352904154264,0.1728301878381,2.1447035352117894e-06,0.5818930864334106,27,0.12049202620983124,0.11704009771347046,24.036020278930664,2230.65522517725,12527.3369140625,4,4,1.0,1.0,0.0,0.0,other,well_bound,unseen_functional_form_ood
unseen_analytical_functional_forms,06c55e5feda6dc0a61e8149e,eckart,half_line,10,1.0,0.4956664833463593,10,1.0,1.0,3.1037706920033745,0.2070315839404627,4.739532538298307,0.1345971373621376,0.0013496066933775808,0.8905773162841797,31,0.10260631889104843,0.09991160035133362,7.714850902557373,1066.7036421367861,992.7406005859375,4,4,1.0,1.0,0.0,1.0,other,well_bound,unseen_functional_form_ood
unseen_analytical_functional_forms,4db457bed086197a643341d7,eckart,half_line,0,1.0,112.54776968423668,0,1.0,1.0,0.0,0.0,0.0,0.0,1.0,13.787896292550224,512,0.014742937870323658,0.014611458405852318,28.803674697875977,8391.828876204516,15216.1123046875,4,4,1.0,1.0,0.0,1.0,other,well_bound,unseen_functional_form_ood
unseen_analytical_functional_forms,4db457bed086197a643341d7,eckart,half_line,1,1.0,51.468403038482066,1,1.0,1.0,1.6536511268708465,0.11993498440834192,1.6536511268708465,0.11306289692584201,0.04785628512579709,1.8649356365203857,188,0.029212672263383865,0.028891973197460175,29.44306182861328,8532.153557415062,15952.7265625,4,4,1.0,1.0,0.0,1.0,other,well_bound,unseen_functional_form_ood
unseen_analytical_functional_forms,4db457bed086197a643341d7,eckart,half_line,2,1.0,28.335301983232927,2,1.0,1.0,1.8261141340578466,0.13244327454395777,2.490065204918716,0.024377581355103817,0.0003331604102855268,1.3559731245040894,77,0.042495500296354294,0.04167294129729271,31.301334381103516,7735.393147120009,17982.09765625,4,4,1.0,1.0,0.0,1.0,other,well_bound,unseen_functional_form_ood
unseen_analytical_functional_forms,4db457bed086197a643341d7,eckart,half_line,3,1.0,17.196247311134176,3,1.0,1.0,2.3974607678401,0.1738815492204912,4.278766092854141,0.1534462227012192,0.00020819549585016084,1.1527202129364014,65,0.05316951498389244,0.05196090415120125,31.00507354736328,7605.64255454996,17881.84375,4,4,1.0,1.0,0.0,1.0,other,well_bound,unseen_functional_form_ood
unseen_analytical_functional_forms,4db457bed086197a643341d7,eckart,half_line,4,1.0,11.024408571652959,4,1.0,1.0,2.699379518205444,0.19577892529290006,4.971153176147881,0.12016147495035948,9.909235809280048e-05,1.12346613407135,60,0.05832900479435921,0.05689162015914917,33.56621170043945,7939.08480695183,19710.1640625,4,4,1.0,1.0,0.0,1.0,other,well_bound,unseen_functional_form_ood
unseen_analytical_functional_forms,4db457bed086197a643341d7,eckart,half_line,5,1.0,7.280965324883017,5,1.0,1.0,2.998482970897114,0.2174721151998534,5.652877342493405,0.1419359514644584,0.0003082515293282295,1.0720704793930054,49,0.06648548692464828,0.06551967561244965,29.29097557067871,7265.698636356174,17280.140625,4,4,1.0,1.0,0.0,1.0,other,well_bound,unseen_functional_form_ood
unseen_analytical_functional_forms,4db457bed086197a643341d7,eckart,half_line,6,1.0,4.867842666488389,6,1.0,1.0,2.7273884617496615,0.19781034059730376,5.2025330529028295,0.16919925446560477,0.00013913154005429362,0.9095336198806763,44,0.07629888504743576,0.0750630795955658,34.55311965942383,7493.279289226062,20679.716796875,4,4,1.0,1.0,0.0,1.0,other,well_bound,unseen_functional_form_ood
unseen_analytical_functional_forms,4db457bed086197a643341d7,eckart,half_line,7,1.0,3.247292493125645,7,1.0,1.0,2.647253543125025,0.19199836486697175,5.035626555221468,0.16012101780596877,0.00014113140377880473,0.8393736481666565,38,0.0882728099822998,0.08427318185567856,34.8637809753418,7978.446024862112,21345.4375,4,4,1.0,1.0,0.0,1.0,other,well_bound,unseen_functional_form_ood
unseen_analytical_functional_forms,4db457bed086197a643341d7,eckart,half_line,8,1.0,2.130767175943607,8,1.0,1.0,2.422894075624842,0.1757261604102696,4.503197758699017,0.16567802578170213,4.7219024515099406e-05,0.7473260164260864,34,0.09618744999170303,0.09426997601985931,26.51164436340332,6613.7067408890325,14588.5908203125,4,4,1.0,1.0,0.0,1.0,other,well_bound,unseen_functional_form_ood
unseen_analytical_functional_forms,4db457bed086197a643341d7,eckart,half_line,9,1.0,1.3521664708930707,9,1.0,0.0,1.6286106021497593,0.11811886074525513,3.4761129140293345,0.17301763755801597,2.334203634046794e-06,0.5371886491775513,26,0.11835546046495438,0.11499061435461044,24.09551239013672,6182.69243363538,12592.0517578125,4,4,1.0,1.0,0.0,0.0,other,well_bound,unseen_functional_form_ood
unseen_analytical_functional_forms,4db457bed086197a643341d7,eckart,half_line,10,1.0,0.8102251973020778,10,1.0,1.0,2.894616608066923,0.20993895998702292,4.318772503519957,0.13268571724931785,0.0013976801303242636,0.8162950277328491,32,0.10254864394664764,0.10024085640907288,7.737519264221191,2869.8381146059414,998.3867797851562,4,4,1.0,1.0,0.0,1.0,other,well_bound,unseen_functional_form_ood
unseen_analytical_functional_forms,614dd208afc5298ed6b83e81,eckart,half_line,0,1.0,61.61839992598015,0,1.0,1.0,0.0,0.0,0.0,0.0,1.0,17.212132045200892,512,0.014895455911755562,0.014783487655222416,28.54006004333496,5135.292631795881,14925.1337890625,4,4,1.0,1.0,0.0,1.0,other,well_bound,unseen_functional_form_ood
unseen_analytical_functional_forms,614dd208afc5298ed6b83e81,eckart,half_line,1,1.0,31.175379150768755,1,1.0,1.0,2.0344743713706044,0.11820002112625315,2.0344743713706044,0.12908027153453236,0.05076982465802582,2.358855962753296,190,0.029575569555163383,0.02922467514872551,29.193035125732422,5231.623013359951,15680.9716796875,4,4,1.0,1.0,0.0,1.0,other,well_bound,unseen_functional_form_ood
unseen_analytical_functional_forms,614dd208afc5298ed6b83e81,eckart,half_line,2,1.0,18.01411759435478,2,1.0,1.0,2.242361871416821,0.13027798447793335,3.0564691053031603,0.02936620472431989,0.00033842363424085864,1.7236359119415283,77,0.04288480058312416,0.04207645729184151,31.071929931640625,4795.503660253985,17744.66015625,4,4,1.0,1.0,0.0,1.0,other,well_bound,unseen_functional_form_ood
unseen_analytical_functional_forms,614dd208afc5298ed6b83e81,eckart,half_line,3,1.0,11.18692668150559,3,1.0,1.0,2.9464632493604923,0.17118525709788687,5.263573462631153,0.15414039052481854,0.0002076093894526343,1.4680641889572144,64,0.05349083989858627,0.0522785410284996,30.763439178466797,4664.217596618831,17639.734375,4,4,1.0,1.0,0.0,1.0,other,well_bound,unseen_functional_form_ood
unseen_analytical_functional_forms,614dd208afc5298ed6b83e81,eckart,half_line,4,1.0,7.225154781983655,4,1.0,1.0,3.3255661294406194,0.193210586620375,6.140803808812439,0.12292355197390181,9.565692569613038e-05,1.4276013374328613,60,0.05857852101325989,0.0571419782936573,33.3237419128418,4711.46911312444,19471.443359375,4,4,1.0,1.0,0.0,1.0,other,well_bound,unseen_functional_form_ood
unseen_analytical_functional_forms,614dd208afc5298ed6b83e81,eckart,half_line,5,1.0,4.750510907524777,5,1.0,1.0,3.6990816849253547,0.2149113006576508,7.019827446471572,0.14375866390157474,0.000293340698488076,1.355683445930481,49,0.06650570780038834,0.06564640998840332,29.06916046142578,4136.538831350915,17079.05078125,4,4,1.0,1.0,0.0,1.0,other,well_bound,unseen_functional_form_ood
unseen_analytical_functional_forms,614dd208afc5298ed6b83e81,eckart,half_line,6,1.0,3.1271522705797072,6,1.0,1.0,3.3661387254431836,0.1955677958200265,6.48776297808269,0.16717627434148305,0.00013052638057275967,1.1349923610687256,43,0.07667376846075058,0.0751662403345108,34.31452560424805,4243.333359322901,20452.490234375,4,4,1.0,1.0,0.0,1.0,other,well_bound,unseen_functional_form_ood
unseen_analytical_functional_forms,614dd208afc5298ed6b83e81,eckart,half_line,7,1.0,2.028753499429975,7,1.0,1.0,3.27866644143749,0.19048578251824716,6.32476756169661,0.1593987867001114,0.00013610569415578588,1.0460542440414429,38,0.08814997225999832,0.0846133828163147,34.643043518066406,4439.070000093643,21155.087890625,4,4,1.0,1.0,0.0,1.0,other,well_bound,unseen_functional_form_ood
unseen_analytical_functional_forms,614dd208afc5298ed6b83e81,eckart,half_line,8,1.0,1.2738481368228993,8,1.0,1.0,2.9954689880039,0.17403241969893557,5.680841961912205,0.16502716314938567,4.412071314663368e-05,0.9289408922195435,34,0.09606947749853134,0.09478285163640976,26.404237747192383,3505.1906365753002,14490.2060546875,4,4,1.0,1.0,0.0,1.0,other,well_bound,unseen_functional_form_ood
unseen_analytical_functional_forms,614dd208afc5298ed6b83e81,eckart,half_line,9,1.0,0.7549932240796626,9,1.0,0.0,2.014587850788617,0.11704464301680319,4.4211249402283626,0.17271217491927762,2.2164138575586634e-06,0.6684589982032776,26,0.1195557564496994,0.1161608025431633,24.02113151550293,3466.6146617984587,12521.359375,4,4,1.0,1.0,0.0,0.0,other,well_bound,unseen_functional_form_ood
unseen_analytical_functional_forms,614dd208afc5298ed6b83e81,eckart,half_line,10,1.0,0.4051367344266983,10,1.0,1.0,3.606475782207421,0.20953103152685743,5.457967051442747,0.13403450502139397,0.00137984291157911,1.0247560739517212,32,0.1025053933262825,0.10001881420612335,7.703772068023682,1586.4967423965852,987.5884399414062,4,4,1.0,1.0,0.0,1.0,other,well_bound,unseen_functional_form_ood
unseen_analytical_functional_forms,331cb5dfce729376262d1335,eckart,half_line,0,1.0,112.0276210558871,0,1.0,1.0,0.0,0.0,0.0,0.0,1.0,160.0,512,0.01771446317434311,0.017035404220223427,31.323970794677734,129964.25756805525,18181.78125,4,4,1.0,1.0,0.0,1.0,other,well_bound,unseen_functional_form_ood
unseen_analytical_functional_forms,331cb5dfce729376262d1335,eckart,half_line,1,1.0,55.81136727239228,1,1.0,1.0,16.369083808026193,0.1023067738001637,16.369083808026193,0.13726581472965127,0.0036145679559864696,16.604095458984375,165,0.03253305330872536,0.03137921541929245,31.66273307800293,129628.9000795736,18565.5234375,4,4,1.0,1.0,0.0,1.0,other,well_bound,unseen_functional_form_ood
unseen_analytical_functional_forms,331cb5dfce729376262d1335,eckart,half_line,2,1.0,32.069650375191024,2,1.0,1.0,22.224684426658776,0.13890427766661734,32.28424336623693,0.1252905019431294,2.4260679085452708e-05,12.379426002502441,90,0.044049330055713654,0.042439915239810944,32.222312927246094,121335.61032210033,19309.3046875,4,4,1.0,1.0,0.0,1.0,other,well_bound,unseen_functional_form_ood
unseen_analytical_functional_forms,331cb5dfce729376262d1335,eckart,half_line,3,1.0,19.91580723421037,3,1.0,1.0,33.50371153056616,0.2093981970660385,66.02492356228878,0.11190239144111255,1.4993079459180159e-05,10.878939628601074,65,0.05076330527663231,0.049199458211660385,32.80338668823242,123020.38591660956,19780.96875,4,4,1.0,1.0,0.0,1.0,other,well_bound,unseen_functional_form_ood
unseen_analytical_functional_forms,331cb5dfce729376262d1335,eckart,half_line,4,1.0,12.917371383749945,4,1.0,1.0,42.643950895859874,0.2665246930991242,83.82622911471553,0.09985536331431591,0.0001339182183595078,11.163675308227539,64,0.052292417734861374,0.05078795552253723,33.72212219238281,131591.56664462635,20404.923828125,4,4,1.0,1.0,0.0,1.0,other,well_bound,unseen_functional_form_ood
unseen_analytical_functional_forms,331cb5dfce729376262d1335,eckart,half_line,5,1.0,8.563315876070469,5,1.0,1.0,47.76761551562639,0.2985475969726649,96.38007295636226,0.08851919123797036,0.000311654943682127,11.177957534790039,61,0.06458673626184464,0.05767011269927025,31.570755004882812,97087.52597033641,19118.943359375,4,4,1.0,1.0,0.0,1.0,other,well_bound,unseen_functional_form_ood
unseen_analytical_functional_forms,331cb5dfce729376262d1335,eckart,half_line,6,1.0,5.7093473583453465,6,1.0,1.0,48.04160214954532,0.30026001343465825,98.06084521205219,0.07209409354636555,0.00013703309785828566,9.467142105102539,48,0.0728318840265274,0.06691423058509827,34.69489669799805,120795.22243555101,21193.072265625,4,4,1.0,1.0,0.0,1.0,other,well_bound,unseen_functional_form_ood
unseen_analytical_functional_forms,331cb5dfce729376262d1335,eckart,half_line,7,1.0,3.773465373431768,7,1.0,1.0,50.09138396511941,0.31307114978199635,104.74000889327377,0.05541355287395924,0.00026914941830413763,8.988665580749512,45,0.08518237620592117,0.07729435712099075,36.112884521484375,130436.62455175535,22431.658203125,4,4,1.0,1.0,0.0,1.0,other,well_bound,unseen_functional_form_ood
unseen_analytical_functional_forms,331cb5dfce729376262d1335,eckart,half_line,8,1.0,2.434258795933025,8,1.0,1.0,52.077255335028546,0.3254828458439284,109.7912794793066,0.0341568423709052,0.00012077445325286984,8.372506141662598,36,0.09281014651060104,0.08494602888822556,28.85929298400879,90990.03753378564,16417.939453125,4,4,1.0,1.0,0.0,1.0,other,well_bound,unseen_functional_form_ood
unseen_analytical_functional_forms,331cb5dfce729376262d1335,eckart,half_line,9,1.0,1.5024688397836234,9,1.0,0.0,46.63300020865175,0.29145625130407343,111.44567459771919,0.01862123222592195,7.342811315758091e-06,5.791141986846924,32,0.0992509201169014,0.09649466723203659,22.36222267150879,71433.06438953824,11095.5986328125,4,4,1.0,1.0,0.0,0.0,other,well_bound,unseen_functional_form_ood
unseen_analytical_functional_forms,331cb5dfce729376262d1335,eckart,half_line,10,1.0,0.8607674077561205,10,1.0,1.0,64.28451264048158,0.4017782040030099,127.68943747172864,0.010823196050019402,0.003556803028889166,9.07288932800293,30,0.10481235384941101,0.10208581387996674,15.598462104797363,54849.078214630965,5505.8251953125,4,4,1.0,1.0,0.0,1.0,other,well_bound,unseen_functional_form_ood
unseen_analytical_functional_forms,ad0098a06a72897464e1cbb4,eckart,half_line,0,1.0,67.57329748091627,0,1.0,1.0,0.0,0.0,0.0,0.0,1.0,15.861524854387557,512,0.014979626052081585,0.01487790048122406,28.457117080688477,4288.941430730764,14829.884765625,4,4,1.0,1.0,0.0,1.0,other,well_bound,unseen_functional_form_ood
unseen_analytical_functional_forms,ad0098a06a72897464e1cbb4,eckart,half_line,1,1.0,35.610374193786015,1,1.0,1.0,1.8595375792806048,0.11723573845210893,1.8595375792806048,0.13574492163298446,0.05230164783903757,2.187994956970215,190,0.029766568914055824,0.029412031173706055,29.114896774291992,4354.411554910644,15592.2587890625,4,4,1.0,1.0,0.0,1.0,other,well_bound,unseen_functional_form_ood
unseen_analytical_functional_forms,ad0098a06a72897464e1cbb4,eckart,half_line,2,1.0,21.020895800474047,2,1.0,1.0,2.047278309492574,0.12907197311021856,2.789982845783342,0.03786460773671506,0.0003434490050926442,1.6027966737747192,76,0.04309995472431183,0.04226520657539368,31.00356674194336,4019.7340841855334,17670.720703125,4,4,1.0,1.0,0.0,1.0,other,well_bound,unseen_functional_form_ood
unseen_analytical_functional_forms,ad0098a06a72897464e1cbb4,eckart,half_line,3,1.0,13.204570989201752,3,1.0,1.0,2.690534638708678,0.16962648064473018,4.808080553710213,0.15395909605706626,0.0002095155751228317,1.3664368391036987,65,0.053684085607528687,0.052483320236206055,30.692541122436523,3883.056617275103,17565.53515625,4,4,1.0,1.0,0.0,1.0,other,well_bound,unseen_functional_form_ood
unseen_analytical_functional_forms,ad0098a06a72897464e1cbb4,eckart,half_line,4,1.0,8.573485700436304,4,1.0,1.0,3.039848148288176,0.19164917472908063,5.618628737384145,0.12399396540631522,9.414516631423009e-05,1.3276482820510864,60,0.058738622814416885,0.05728042870759964,33.25522232055664,3846.6214409966747,19401.701171875,4,4,1.0,1.0,0.0,1.0,other,well_bound,unseen_functional_form_ood
unseen_analytical_functional_forms,ad0098a06a72897464e1cbb4,eckart,half_line,5,1.0,5.640765326523604,5,1.0,1.0,3.3835081467206565,0.2133154395798663,6.437624568681508,0.14426421599040615,0.0002873646606643687,1.2479697465896606,48,0.06667985022068024,0.0657048374414444,29.008197784423828,3378.0606642742296,17021.828125,4,4,1.0,1.0,0.0,1.0,other,well_bound,unseen_functional_form_ood
unseen_analytical_functional_forms,ad0098a06a72897464e1cbb4,eckart,half_line,6,1.0,3.70005146549384,6,1.0,1.0,3.0790308983505277,0.1941194763187486,5.959112210950474,0.1662997667935106,0.00012766965496646687,1.0447927713394165,44,0.07688414305448532,0.07525337487459183,34.2468376159668,3416.822783792489,20385.427734375,4,4,1.0,1.0,0.0,1.0,other,well_bound,unseen_functional_form_ood
unseen_analytical_functional_forms,ad0098a06a72897464e1cbb4,eckart,half_line,7,1.0,2.3808626980659513,7,1.0,1.0,3.0024511499531537,0.18929145700153957,5.825209228484505,0.158865273468653,0.00013371798228734022,0.9631818532943726,38,0.08816644549369812,0.084793820977211,34.58528518676758,3522.5528014078277,21104.58984375,4,4,1.0,1.0,0.0,1.0,other,well_bound,unseen_functional_form_ood
unseen_analytical_functional_forms,ad0098a06a72897464e1cbb4,eckart,half_line,8,1.0,1.4736892516012263,8,1.0,1.0,2.741414008263046,0.1728342031065649,5.242045303492785,0.16462968996804403,4.2971526749369104e-05,0.8547569513320923,33,0.09616132825613022,0.09489189088344574,26.379804611206055,2752.074250740564,14466.244140625,4,4,1.0,1.0,0.0,1.0,other,well_bound,unseen_functional_form_ood
unseen_analytical_functional_forms,ad0098a06a72897464e1cbb4,eckart,half_line,9,1.0,0.8528132213276196,9,1.0,0.0,1.8421292635084434,0.11613822002736895,4.091121449526789,0.17263110768014525,2.1706814209432324e-06,0.6153962016105652,27,0.12013062834739685,0.11663895845413208,24.005870819091797,2837.822555776703,12505.236328125,4,4,1.0,1.0,0.0,0.0,other,well_bound,unseen_functional_form_ood
unseen_analytical_functional_forms,ad0098a06a72897464e1cbb4,eckart,half_line,10,1.0,0.43889682114628403,10,1.0,1.0,3.3125469749929524,0.20884164702970834,5.043623533648888,0.13453258454648556,0.00136896903862882,0.9429769515991211,31,0.10251569002866745,0.09992818534374237,7.696221351623535,1275.1397539972631,985.3995361328125,4,4,1.0,1.0,0.0,1.0,other,well_bound,unseen_functional_form_ood
unseen_analytical_functional_forms,248f80bae9217eda8d34416e,eckart,half_line,0,1.0,128.94388222291553,0,1.0,1.0,0.0,0.0,0.0,0.0,1.0,160.0,1024,0.008950063027441502,0.008640612475574017,32.644859313964844,307212.9657744713,19139.64453125,4,4,1.0,1.0,0.0,1.0,other,well_bound,unseen_functional_form_ood
unseen_analytical_functional_forms,248f80bae9217eda8d34416e,eckart,half_line,1,1.0,61.208139627174006,1,1.0,1.0,16.138405690784737,0.1008650355674046,16.138405690784737,0.12729416839207816,0.009327311596932897,16.344003677368164,327,0.016701703891158104,0.01616552099585533,33.23761749267578,308537.621567951,19742.072265625,4,4,1.0,1.0,0.0,1.0,other,well_bound,unseen_functional_form_ood
unseen_analytical_functional_forms,248f80bae9217eda8d34416e,eckart,half_line,2,1.0,34.44142275072778,2,1.0,1.0,20.94338787460917,0.1308961742163073,29.888622024258623,0.11928619300481504,2.284105674399406e-05,12.186318397521973,163,0.022896235808730125,0.022121498361229897,34.50412368774414,295139.8295859358,21050.4375,4,4,1.0,1.0,0.0,1.0,other,well_bound,unseen_functional_form_ood
unseen_analytical_functional_forms,248f80bae9217eda8d34416e,eckart,half_line,3,1.0,21.24036898268136,3,1.0,1.0,31.66988489626134,0.1979367806016334,62.42441223167919,0.10822955312834746,1.1791562850360648e-05,10.540796279907227,122,0.02692406065762043,0.026163250207901,35.06033706665039,299603.5728102565,21515.048828125,4,4,1.0,1.0,0.0,1.0,other,well_bound,unseen_functional_form_ood
unseen_analytical_functional_forms,248f80bae9217eda8d34416e,eckart,half_line,4,1.0,13.809274546480708,4,1.0,1.0,38.350849029935475,0.23969280643709673,80.00906147318953,0.09767937958251427,5.861170550358619e-05,10.702560424804688,119,0.02764938771724701,0.027137599885463715,36.1268196105957,318712.5267584652,22230.119140625,4,4,1.0,1.0,0.0,1.0,other,well_bound,unseen_functional_form_ood
unseen_analytical_functional_forms,248f80bae9217eda8d34416e,eckart,half_line,5,1.0,9.248270556181495,5,1.0,1.0,45.80946909134629,0.2863091818209143,94.21608312585722,0.08742137595670936,0.00016964311196543402,10.775126457214355,109,0.033314649015665054,0.030027560889720917,35.77146530151367,247425.28323493537,22413.56640625,4,4,1.0,1.0,0.0,1.0,other,well_bound,unseen_functional_form_ood
unseen_analytical_functional_forms,248f80bae9217eda8d34416e,eckart,half_line,6,1.0,6.278490241373589,6,1.0,1.0,46.38465174760167,0.28990407342251046,96.08758861253781,0.07246013260867377,8.379720630002918e-05,9.179235458374023,92,0.037505194544792175,0.035054538398981094,37.836307525634766,298916.7214154587,23559.671875,4,4,1.0,1.0,0.0,1.0,other,well_bound,unseen_functional_form_ood
unseen_analytical_functional_forms,248f80bae9217eda8d34416e,eckart,half_line,7,1.0,4.264823651755847,7,1.0,1.0,48.98658636618926,0.30616616478868286,104.02737979863767,0.0575264852231326,0.00022186065854479242,8.8402738571167,87,0.04373343288898468,0.03896573558449745,39.39236831665039,319790.0353329202,24906.82421875,4,4,1.0,1.0,0.0,1.0,other,well_bound,unseen_functional_form_ood
unseen_analytical_functional_forms,248f80bae9217eda8d34416e,eckart,half_line,8,1.0,2.8628541885214815,8,1.0,1.0,51.81762355751107,0.3238601472344442,110.07116331185628,0.03823115776167734,8.68101850252101e-05,8.327634811401367,71,0.047240130603313446,0.04228851944208145,34.63310241699219,254729.59317634164,20995.794921875,4,4,1.0,1.0,0.0,1.0,other,well_bound,unseen_functional_form_ood
unseen_analytical_functional_forms,248f80bae9217eda8d34416e,eckart,half_line,9,1.0,1.872668283192013,9,1.0,1.0,46.54533446013662,0.2909083403758539,112.14710533730234,0.018646219198228373,9.739515568263357e-06,5.784821033477783,64,0.05089737847447395,0.04956146702170372,27.226337432861328,215318.99587665018,15223.1240234375,4,4,1.0,1.0,0.0,0.0,other,well_bound,unseen_functional_form_ood
unseen_analytical_functional_forms,248f80bae9217eda8d34416e,eckart,half_line,10,1.0,1.171766603869571,10,1.0,1.0,64.18307871566047,0.40114424197287796,128.18687648229027,0.012833980195447313,0.004843394303208792,9.04474925994873,61,0.05155651271343231,0.05076524615287781,20.0963191986084,214084.39751557063,8957.025390625,4,4,1.0,1.0,0.0,1.0,other,well_bound,unseen_functional_form_ood
unseen_analytical_functional_forms,4274e749ba286591aa4f342d,eckart,half_line,0,1.0,66.43050776408332,0,1.0,1.0,0.0,0.0,0.0,0.0,1.0,14.934662410191129,512,0.015033461153507233,0.01494655292481184,28.4929256439209,3276.3324342262717,14804.322265625,4,4,1.0,1.0,0.0,1.0,other,well_bound,unseen_functional_form_ood
unseen_analytical_functional_forms,4274e749ba286591aa4f342d,eckart,half_line,1,1.0,36.312315193527,1,1.0,1.0,1.7322858669963626,0.11599096246154743,1.7322858669963626,0.1384177630161571,0.053598295091466186,2.080716609954834,191,0.029941463842988014,0.029557518661022186,29.161678314208984,3299.2333100560827,15577.7578125,4,4,1.0,1.0,0.0,1.0,other,well_bound,unseen_functional_form_ood
unseen_analytical_functional_forms,4274e749ba286591aa4f342d,eckart,half_line,2,1.0,21.984085823857384,2,1.0,1.0,1.9009412471677314,0.12728384445239052,2.5889968993284347,0.05921278388925485,0.0003505385248054882,1.5285488367080688,76,0.04328252747654915,0.04243481531739235,31.089508056640625,3067.6252482013565,17699.7421875,4,4,1.0,1.0,0.0,1.0,other,well_bound,unseen_functional_form_ood
unseen_analytical_functional_forms,4274e749ba286591aa4f342d,eckart,half_line,3,1.0,14.102111135799461,3,1.0,1.0,2.4880389079000684,0.16659492123519834,4.43977550725749,0.15680060520815098,0.0002468136503129825,1.304474115371704,65,0.05385935679078102,0.052607882767915726,30.80815887451172,2931.889882958655,17620.759765625,4,4,1.0,1.0,0.0,1.0,other,well_bound,unseen_functional_form_ood
unseen_analytical_functional_forms,4274e749ba286591aa4f342d,eckart,half_line,4,1.0,9.341780246154116,4,1.0,1.0,2.805548013563481,0.18785479956005088,5.159491365670932,0.12805528902072746,0.00010044146650400876,1.2669702768325806,60,0.05886267498135567,0.057431381195783615,33.38640213012695,2794.447289650906,19472.837890625,4,4,1.0,1.0,0.0,1.0,other,well_bound,unseen_functional_form_ood
unseen_analytical_functional_forms,4274e749ba286591aa4f342d,eckart,half_line,5,1.0,6.279664479082071,5,1.0,1.0,3.110636978255194,0.2082830460320653,5.891620411664473,0.14330181150853757,0.00030039481440113924,1.1769065856933594,49,0.06689107418060303,0.06604073941707611,29.226552963256836,2409.6982921610606,17182.58984375,4,4,1.0,1.0,0.0,1.0,other,well_bound,unseen_functional_form_ood
unseen_analytical_functional_forms,4274e749ba286591aa4f342d,eckart,half_line,6,1.0,4.223725859858944,6,1.0,1.0,2.821105409907488,0.1888964967820377,5.433513394303054,0.1649721515018654,0.00013808971119744218,0.9863849878311157,43,0.07701915502548218,0.0757196843624115,34.41609573364258,2426.9442265081,20489.38671875,4,4,1.0,1.0,0.0,1.0,other,well_bound,unseen_functional_form_ood
unseen_analytical_functional_forms,4274e749ba286591aa4f342d,eckart,half_line,7,1.0,2.8046531836851605,7,1.0,1.0,2.737434722226214,0.1832940475680415,5.2878309155057375,0.15625843048368598,0.0001324233097402816,0.9087082743644714,37,0.08887051790952682,0.08508148044347763,34.82596206665039,2480.8816257728927,21277.365234375,4,4,1.0,1.0,0.0,1.0,other,well_bound,unseen_functional_form_ood
unseen_analytical_functional_forms,4274e749ba286591aa4f342d,eckart,half_line,8,1.0,1.8107634189984188,8,1.0,1.0,2.489515751438637,0.1666938082068624,4.741789530612541,0.16422148394696157,4.290453148958484e-05,0.8071309924125671,34,0.09684976190328598,0.09526779502630234,26.61629867553711,1894.6302103142236,14652.251953125,4,4,1.0,1.0,0.0,1.0,other,well_bound,unseen_functional_form_ood
unseen_analytical_functional_forms,4274e749ba286591aa4f342d,eckart,half_line,9,1.0,1.1136541402324687,9,1.0,0.0,1.6470355508063912,0.11028274396631059,3.6689277628589236,0.17349346246324981,2.153301882468206e-06,0.5818004608154297,26,0.12039371579885483,0.11697039008140564,24.192668914794922,2048.7156617190963,12654.380859375,4,4,1.0,1.0,0.0,0.0,other,well_bound,unseen_functional_form_ood
unseen_analytical_functional_forms,4274e749ba286591aa4f342d,eckart,half_line,10,1.0,0.6316391115109772,10,1.0,1.0,3.025402883630533,0.20257591370569286,4.60386279179498,0.13343341390678984,0.0013011632605450796,0.8876251578330994,31,0.10291528701782227,0.10002746433019638,7.8090410232543945,1000.672538808122,1028.278564453125,4,4,1.0,1.0,0.0,1.0,other,well_bound,unseen_functional_form_ood
unseen_analytical_functional_forms,aa3adf4af840f1e1915e4e85,eckart,half_line,0,1.0,119.70008740024781,0,1.0,1.0,0.0,0.0,0.0,0.0,1.0,13.164642878941129,512,0.01477130688726902,0.014644395560026169,28.753305435180664,7619.381234093945,15159.935546875,4,4,1.0,1.0,0.0,1.0,other,well_bound,unseen_functional_form_ood
unseen_analytical_functional_forms,aa3adf4af840f1e1915e4e85,eckart,half_line,1,1.0,55.85379670534746,1,1.0,1.0,1.5745304800291726,0.11960297704299114,1.5745304800291726,0.11613432485357415,0.0484435858649207,1.7843103408813477,188,0.029281582683324814,0.028959674760699272,29.393917083740234,7776.790464210551,15898.5859375,4,4,1.0,1.0,0.0,1.0,other,well_bound,unseen_functional_form_ood
unseen_analytical_functional_forms,aa3adf4af840f1e1915e4e85,eckart,half_line,2,1.0,31.031608900990708,2,1.0,1.0,1.7378746403007406,0.1320107697779435,2.3694844343032253,0.02530697719271986,0.00033562579949886207,1.2984143495559692,77,0.04257133603096008,0.04175113886594772,31.25655174255371,7068.834262520554,17934.931640625,4,4,1.0,1.0,0.0,1.0,other,well_bound,unseen_functional_form_ood
unseen_analytical_functional_forms,aa3adf4af840f1e1915e4e85,eckart,half_line,3,1.0,18.907535272617427,3,1.0,1.0,2.2820101913888355,0.17334387361462436,4.073552055072971,0.15367623440862205,0.0002073798563856366,1.1040898561477661,65,0.0532376728951931,0.052019327878952026,30.95828628540039,6968.257711183972,17834.181640625,4,4,1.0,1.0,0.0,1.0,other,well_bound,unseen_functional_form_ood
unseen_analytical_functional_forms,aa3adf4af840f1e1915e4e85,eckart,half_line,4,1.0,12.13140093720978,4,1.0,1.0,2.570519368462093,0.1952593315367509,4.737148257460268,0.12076399486439163,9.805577784471886e-05,1.0756316184997559,60,0.058385178446769714,0.05695067718625069,33.52029037475586,7304.883670012793,19664.3359375,4,4,1.0,1.0,0.0,1.0,other,well_bound,unseen_functional_form_ood
unseen_analytical_functional_forms,aa3adf4af840f1e1915e4e85,eckart,half_line,5,1.0,7.999215271061078,5,1.0,1.0,2.856663135834956,0.21699511047159722,5.392813030763989,0.14237774570701509,0.00030456378582810473,1.026143193244934,49,0.06645289808511734,0.06552442908287048,29.248239517211914,6649.682218304413,17241.4140625,4,4,1.0,1.0,0.0,1.0,other,well_bound,unseen_functional_form_ood
unseen_analytical_functional_forms,aa3adf4af840f1e1915e4e85,eckart,half_line,6,1.0,5.327309700615618,6,1.0,1.0,2.598672930315319,0.1973979054511457,4.967461216057179,0.16882540574954,0.0001371749191274585,0.8696269989013672,44,0.07637491077184677,0.07510611414909363,34.50782775878906,6951.457440425804,20636.578125,4,4,1.0,1.0,0.0,1.0,other,well_bound,unseen_functional_form_ood
unseen_analytical_functional_forms,aa3adf4af840f1e1915e4e85,eckart,half_line,7,1.0,3.530984517866389,7,1.0,1.0,2.5241304540625173,0.19173558122873596,4.814791956274407,0.1600457029677343,0.00013994919890647495,0.8010536432266235,38,0.08823835104703903,0.08435306698083878,34.820350646972656,7535.254086618689,21307.888671875,4,4,1.0,1.0,0.0,1.0,other,well_bound,unseen_functional_form_ood
unseen_analytical_functional_forms,aa3adf4af840f1e1915e4e85,eckart,half_line,8,1.0,2.294440702616188,8,1.0,1.0,2.3098256150996614,0.17545676220314207,4.309744199519164,0.16558716347155308,4.662117446330161e-05,0.7129434943199158,34,0.09614868462085724,0.09435798972845078,26.485918045043945,6175.920364905057,14565.576171875,4,4,1.0,1.0,0.0,1.0,other,well_bound,unseen_functional_form_ood
unseen_analytical_functional_forms,aa3adf4af840f1e1915e4e85,eckart,half_line,9,1.0,1.4349567797467584,9,1.0,0.0,1.5526947292132047,0.11794431064263648,3.3316060176260374,0.1729838517128024,2.311552991796084e-06,0.5125615000724792,26,0.11857829242944717,0.1152128279209137,24.076356887817383,5729.026906694228,12574.36328125,4,4,1.0,1.0,0.0,0.0,other,well_bound,unseen_functional_form_ood
unseen_analytical_functional_forms,aa3adf4af840f1e1915e4e85,eckart,half_line,10,1.0,0.8406587550132398,10,1.0,1.0,2.763215938530269,0.20989676392592904,4.133612208717416,0.13299011111237027,0.0013958769056751086,0.7811901569366455,32,0.1025301069021225,0.10020995885133743,7.7270708084106445,2643.0474769943708,994.8224487304688,4,4,1.0,1.0,0.0,1.0,other,well_bound,unseen_functional_form_ood
unseen_analytical_functional_forms,f21dc04046f51c179503779f,eckart,half_line,0,1.0,94.27976852204274,0,1.0,1.0,0.0,0.0,0.0,0.0,1.0,12.977818080357144,512,0.014944516122341156,0.014847331680357456,28.553808212280273,3843.6538074905793,14877.142578125,4,4,1.0,1.0,0.0,1.0,other,well_bound,unseen_functional_form_ood
unseen_analytical_functional_forms,f21dc04046f51c179503779f,eckart,half_line,1,1.0,49.66461717336634,1,1.0,1.0,1.5187305480812032,0.11702510689219095,1.5187305480812032,0.13282705259215039,0.05207284998536443,1.7949934005737305,190,0.02974334917962551,0.029365377500653267,29.220970153808594,3883.3460838817036,15648.552734375,4,4,1.0,1.0,0.0,1.0,other,well_bound,unseen_functional_form_ood
unseen_analytical_functional_forms,f21dc04046f51c179503779f,eckart,half_line,2,1.0,29.469689975288404,2,1.0,1.0,1.668375459621674,0.12855592899293908,2.2725868376086944,0.04903909970863812,0.0003456452825290057,1.3151017427444458,76,0.04306400194764137,0.04221058636903763,31.137460708618164,3592.5273244821838,17754.490234375,4,4,1.0,1.0,0.0,1.0,other,well_bound,unseen_functional_form_ood
unseen_analytical_functional_forms,f21dc04046f51c179503779f,eckart,half_line,3,1.0,18.693069914671398,3,1.0,1.0,2.1841779946626025,0.16830086391552307,3.8967801264057123,0.15848843241013116,0.0002404897075950485,1.1211819648742676,65,0.0536586195230484,0.05243392661213875,30.857532501220703,3455.464790630987,17675.86328125,4,4,1.0,1.0,0.0,1.0,other,well_bound,unseen_functional_form_ood
unseen_analytical_functional_forms,f21dc04046f51c179503779f,eckart,half_line,4,1.0,12.31346612425368,4,1.0,1.0,2.460824871602033,0.18961776597305424,4.523622499532701,0.1279415748429258,0.00010128870385350819,1.0899319648742676,59,0.0586978942155838,0.057252880185842514,33.4323616027832,3356.1643046045365,19522.416015625,4,4,1.0,1.0,0.0,1.0,other,well_bound,unseen_functional_form_ood
unseen_analytical_functional_forms,f21dc04046f51c179503779f,eckart,half_line,5,1.0,8.264924513176553,5,1.0,1.0,2.727652377106991,0.21017804073209254,5.155554522625149,0.14504530775936803,0.00030543258409698737,1.0235884189605713,49,0.06683602184057236,0.06588543951511383,29.26357078552246,2885.7386027058187,17220.326171875,4,4,1.0,1.0,0.0,1.0,other,well_bound,unseen_functional_form_ood
unseen_analytical_functional_forms,f21dc04046f51c179503779f,eckart,half_line,6,1.0,5.5709447327984245,6,1.0,1.0,2.4741191996766463,0.19064215450988659,4.748098976467897,0.1661716217163847,0.00014010857884505512,0.8578214645385742,43,0.07680811733007431,0.07554813474416733,34.460445404052734,2948.4034361925605,20536.853515625,4,4,1.0,1.0,0.0,1.0,other,well_bound,unseen_functional_form_ood
unseen_analytical_functional_forms,f21dc04046f51c179503779f,eckart,half_line,7,1.0,3.721284567425145,7,1.0,1.0,2.39894563339615,0.1848496887953088,4.609760657965749,0.1569931443537841,0.00013498765248487476,0.7901193499565125,38,0.08878064155578613,0.08485212922096252,34.85641860961914,3066.8598794808113,21305.328125,4,4,1.0,1.0,0.0,1.0,other,well_bound,unseen_functional_form_ood
unseen_analytical_functional_forms,f21dc04046f51c179503779f,eckart,half_line,8,1.0,2.428240727291908,8,1.0,1.0,2.1833827517875686,0.1682395868294898,4.126455807464873,0.1645960974838494,4.4044178563962255e-05,0.7021825313568115,34,0.09675538539886475,0.09503913670778275,26.619165420532227,2349.193324295398,14658.4814453125,4,4,1.0,1.0,0.0,1.0,other,well_bound,unseen_functional_form_ood
unseen_analytical_functional_forms,f21dc04046f51c179503779f,eckart,half_line,9,1.0,1.5195775433006,9,1.0,0.0,1.4469982673621165,0.111497807905957,3.185172190173957,0.17351225367526385,2.198772052319775e-06,0.5058382153511047,26,0.11983195692300797,0.11638602614402771,24.19074058532715,2432.8367200713587,12656.228515625,4,4,1.0,1.0,0.0,0.0,other,well_bound,unseen_functional_form_ood
unseen_analytical_functional_forms,f21dc04046f51c179503779f,eckart,half_line,10,1.0,0.8869046016776148,10,1.0,1.0,2.642541607380482,0.20361986822578115,3.997148409096959,0.1330909498153577,0.0013170581713739526,0.7723891735076904,31,0.10286585241556168,0.10011397302150726,7.806639671325684,1140.9522534038097,1026.8218994140625,4,4,1.0,1.0,0.0,1.0,other,well_bound,unseen_functional_form_ood
unseen_analytical_functional_forms,b9febe379d76531767e1aafd,eckart,half_line,0,1.0,64.30041917489199,0,1.0,1.0,0.0,0.0,0.0,0.0,1.0,17.705644880022323,512,0.01487551350146532,0.0147548234090209,28.576902389526367,6226.433566788553,15001.33203125,4,4,1.0,1.0,0.0,1.0,other,well_bound,unseen_functional_form_ood
unseen_analytical_functional_forms,b9febe379d76531767e1aafd,eckart,half_line,1,1.0,31.56083618485161,1,1.0,1.0,2.104376860640289,0.11885344334533134,2.104376860640289,0.12562945026533212,0.05021592503898309,2.410205841064453,189,0.029488684609532356,0.02916388399899006,29.218008041381836,6318.754022570179,15743.4482421875,4,4,1.0,1.0,0.0,1.0,other,well_bound,unseen_functional_form_ood
unseen_analytical_functional_forms,b9febe379d76531767e1aafd,eckart,half_line,2,1.0,17.899324844722386,2,1.0,1.0,2.3232118856867383,0.1312130623555017,3.1675183436820014,0.028558847795740805,0.0003418855553884992,1.7579377889633179,77,0.04280727729201317,0.04199570044875145,31.072433471679688,5763.306494439303,17777.8828125,4,4,1.0,1.0,0.0,1.0,other,well_bound,unseen_functional_form_ood
unseen_analytical_functional_forms,b9febe379d76531767e1aafd,eckart,half_line,3,1.0,10.960946741658432,3,1.0,1.0,3.0590342672707997,0.17277169445109433,5.468610189251206,0.1490055399907736,0.00018914951731285878,1.4960583448410034,65,0.053443651646375656,0.05222554877400398,30.748727798461914,5603.737021288233,17657.759765625,4,4,1.0,1.0,0.0,1.0,other,well_bound,unseen_functional_form_ood
unseen_analytical_functional_forms,b9febe379d76531767e1aafd,eckart,half_line,4,1.0,6.992447494581839,4,1.0,1.0,3.4562667035471772,0.1952070498966666,6.401817376350837,0.11823176820369379,9.171944381980435e-05,1.4554352760314941,60,0.05856681615114212,0.05714242532849312,33.30219268798828,5707.7127509139145,19482.2265625,4,4,1.0,1.0,0.0,1.0,other,well_bound,unseen_functional_form_ood
unseen_analytical_functional_forms,b9febe379d76531767e1aafd,eckart,half_line,5,1.0,4.54091240966315,5,1.0,1.0,3.855286683875093,0.21774336433377242,7.333137444790195,0.1389286972551903,0.00028471726931711405,1.3879568576812744,49,0.06647087633609772,0.06549155712127686,28.9891414642334,5033.095850376048,17026.673828125,4,4,1.0,1.0,0.0,1.0,other,well_bound,unseen_functional_form_ood
unseen_analytical_functional_forms,b9febe379d76531767e1aafd,eckart,half_line,6,1.0,2.94801649022304,6,1.0,1.0,3.5159184198862694,0.19857612889623463,6.793551731115762,0.1660405193821845,0.0001251923280027878,1.1651740074157715,44,0.07663575559854507,0.07491391897201538,34.26790237426758,5113.262809743539,20440.37109375,4,4,1.0,1.0,0.0,1.0,other,well_bound,unseen_functional_form_ood
unseen_analytical_functional_forms,b9febe379d76531767e1aafd,eckart,half_line,7,1.0,1.8803239469419424,7,1.0,1.0,3.434026500176679,0.19395094182936926,6.638810479965299,0.16059910760534749,0.00013620668708391737,1.0742928981781006,38,0.08778594434261322,0.08448350429534912,34.551483154296875,5284.6943830694445,21096.52734375,4,4,1.0,1.0,0.0,1.0,other,well_bound,unseen_functional_form_ood
unseen_analytical_functional_forms,b9febe379d76531767e1aafd,eckart,half_line,8,1.0,1.154281081329529,8,1.0,1.0,3.148269163885695,0.17781160670617302,5.9804552038970895,0.16594723490182212,4.442495282197534e-05,0.9543420672416687,34,0.09572736918926239,0.09453385323286057,26.284019470214844,4260.7150997596345,14397.59765625,4,4,1.0,1.0,0.0,1.0,other,well_bound,unseen_functional_form_ood
unseen_analytical_functional_forms,b9febe379d76531767e1aafd,eckart,half_line,9,1.0,0.6620772780139248,9,1.0,0.0,2.1365964967799718,0.12067318142084402,4.6783298889660525,0.17234501243332384,2.23620698014404e-06,0.6862099766731262,27,0.11937224864959717,0.11600950360298157,23.92577362060547,4145.289057678489,12446.6494140625,4,4,1.0,1.0,0.0,0.0,other,well_bound,unseen_functional_form_ood
unseen_analytical_functional_forms,b9febe379d76531767e1aafd,eckart,half_line,10,1.0,0.3368385399706284,10,1.0,1.0,3.778003552145981,0.21337847775365626,5.719431561158312,0.13442555027363393,0.00142098333898788,1.054417371749878,32,0.10227469354867935,0.09997988492250443,7.640048980712891,1877.4586321172803,963.3983154296875,4,4,1.0,1.0,0.0,1.0,other,well_bound,unseen_functional_form_ood
unseen_analytical_functional_forms,fca4c8509b242451a55ee744,cosh_well,truncated_line,0,1.0,inf,0,1.0,1.0,0.0,0.0,0.0,0.0,1.0,19.230146608095268,256,0.024312248453497887,0.024241723120212555,48.30291748046875,100.9729325414367,29772.505859375,4,4,1.0,1.0,1.0,1.0,other,well_bound,unseen_functional_form_ood
unseen_analytical_functional_forms,fca4c8509b242451a55ee744,cosh_well,truncated_line,1,1.0,inf,1,1.0,1.0,0.035447413101796,0.0018433251614875254,0.035447413101796,0.019040973473203104,0.480965046377513,9.57962589094584,127,0.04377163201570511,0.04368305951356888,49.41004180908203,118.16482497754629,31293.216796875,4,4,1.0,1.0,0.0,1.0,other,well_bound,unseen_functional_form_ood
unseen_analytical_functional_forms,fca4c8509b242451a55ee744,cosh_well,truncated_line,2,1.0,inf,2,1.0,1.0,0.5531971349814865,0.028767182396238645,0.5610496352860379,0.1697130734554805,0.24856291247479886,3.3612236976623535,54,0.05893261358141899,0.058850593864917755,48.197174072265625,120.39898822300586,30784.689453125,4,4,1.0,1.0,0.0,1.0,other,well_bound,unseen_functional_form_ood
unseen_analytical_functional_forms,fca4c8509b242451a55ee744,cosh_well,truncated_line,3,1.0,inf,3,1.0,1.0,0.561781520207635,0.02921358488089442,0.8482755015565759,0.14347156765490174,0.14300989068983727,2.7599525451660156,43,0.0741029605269432,0.07367958128452301,45.83503341674805,125.13919674098989,29338.1015625,4,4,1.0,1.0,0.0,1.0,other,well_bound,unseen_functional_form_ood
unseen_analytical_functional_forms,fca4c8509b242451a55ee744,cosh_well,truncated_line,4,1.0,inf,4,1.0,1.0,0.6740254259659237,0.03505045695710821,1.0177184155071002,0.10458625944141194,0.09193089427410972,2.3685426712036133,36,0.08814678341150284,0.08753516525030136,40.44786071777344,118.02334704482249,25265.716796875,4,4,1.0,1.0,0.0,1.0,other,well_bound,unseen_functional_form_ood
unseen_analytical_functional_forms,fca4c8509b242451a55ee744,cosh_well,truncated_line,5,1.0,inf,5,1.0,1.0,0.6609810924500388,0.03437212965250026,1.0771248802348738,0.0829313548475454,0.05664365545539312,2.081376075744629,31,0.10209997743368149,0.10134244710206985,31.054353713989258,99.38206918409372,18169.236328125,4,4,1.0,1.0,1.0,1.0,other,well_bound,unseen_functional_form_ood
unseen_analytical_functional_forms,fca4c8509b242451a55ee744,cosh_well,truncated_line,6,1.0,inf,6,1.0,1.0,0.7204254648985727,0.037463337101928125,1.1753518935496299,0.06962279466330128,0.036266989275962835,1.8663129806518555,28,0.11311985552310944,0.11280461400747299,22.79273796081543,82.28184435804539,11509.2744140625,4,4,1.0,1.0,1.0,1.0,other,well_bound,unseen_functional_form_ood
unseen_analytical_functional_forms,fca4c8509b242451a55ee744,cosh_well,truncated_line,7,1.0,inf,7,1.0,1.0,0.6694306825317007,0.034811522562698094,1.1575481985304448,0.07217024100836453,0.017331029659631736,1.672165870666504,25,0.1261841505765915,0.1260364055633545,14.81417179107666,58.641947638037394,5026.2109375,4,4,1.0,1.0,0.0,1.0,other,well_bound,unseen_functional_form_ood
unseen_analytical_functional_forms,fca4c8509b242451a55ee744,cosh_well,truncated_line,8,1.0,inf,8,1.0,1.0,0.7343353031699476,0.03818667211100805,1.2965674408571806,0.067863373042611,0.008118208663098998,1.5542640686035156,23,0.1348756104707718,0.13471034169197083,8.683338165283203,39.22211904098578,1412.8363037109375,4,4,1.0,1.0,0.0,1.0,other,well_bound,unseen_functional_form_ood
unseen_analytical_functional_forms,fca4c8509b242451a55ee744,cosh_well,truncated_line,9,1.0,inf,9,1.0,1.0,0.6389968845426968,0.03322891382812962,1.3163337977753917,0.08967056092189869,0.003662632153121283,1.3193674087524414,21,0.1486680656671524,0.14831696450710297,7.255927562713623,30.86463336748632,835.8419799804688,4,4,1.0,1.0,1.0,1.0,other,well_bound,unseen_functional_form_ood
unseen_analytical_functional_forms,fca4c8509b242451a55ee744,cosh_well,truncated_line,10,1.0,inf,10,1.0,1.0,0.6716046159705539,0.0349245707616098,1.430347281760632,0.0824056060385225,0.0025487918486754076,1.2291030883789062,20,0.1588653326034546,0.15838927030563354,5.227232933044434,20.487380316262403,312.155517578125,4,4,1.0,1.0,1.0,1.0,other,well_bound,unseen_functional_form_ood
unseen_analytical_functional_forms,9b98373479ffd04f98fd2eb9,cosh_well,truncated_line,0,1.0,inf,0,1.0,1.0,0.0,0.0,0.0,0.0,1.0,18.585669201618156,256,0.024630391970276833,0.02456759102642536,48.5727424621582,99.4348543998002,30119.76171875,4,4,1.0,1.0,1.0,1.0,other,well_bound,unseen_functional_form_ood
unseen_analytical_functional_forms,9b98373479ffd04f98fd2eb9,cosh_well,truncated_line,1,1.0,inf,1,1.0,1.0,0.03343158401545532,0.0017987829037947477,0.03343158401545532,0.017900597842101185,0.48210540291274795,9.25940301679359,127,0.044273845851421356,0.044189393520355225,49.560272216796875,115.83747071042444,31462.392578125,4,4,1.0,1.0,0.0,1.0,other,well_bound,unseen_functional_form_ood
unseen_analytical_functional_forms,9b98373479ffd04f98fd2eb9,cosh_well,truncated_line,2,1.0,inf,2,1.0,1.0,0.5364961684790728,0.028866120593191387,0.5439559933838831,0.17006565949767397,0.2488430588086263,3.2164225578308105,54,0.059476397931575775,0.05941271036863327,48.35442352294922,118.47905259385284,30941.8515625,4,4,1.0,1.0,0.0,1.0,other,well_bound,unseen_functional_form_ood
unseen_analytical_functional_forms,9b98373479ffd04f98fd2eb9,cosh_well,truncated_line,3,1.0,inf,3,1.0,1.0,0.5468408139299185,0.0294227131666751,0.8262991984189823,0.14371280579193202,0.14179460973319313,2.6466989517211914,43,0.074556864798069,0.07413816452026367,46.001922607421875,123.55969659463105,29479.041015625,4,4,1.0,1.0,0.0,1.0,other,well_bound,unseen_functional_form_ood
unseen_analytical_functional_forms,9b98373479ffd04f98fd2eb9,cosh_well,truncated_line,4,1.0,inf,4,1.0,1.0,0.6581456471267259,0.0354114581502088,0.993089080186996,0.10437114755767711,0.09017352315717267,2.2739639282226562,36,0.08854001760482788,0.08791178464889526,40.69466781616211,117.20598294725848,25463.09765625,4,4,1.0,1.0,0.0,1.0,other,well_bound,unseen_functional_form_ood
unseen_analytical_functional_forms,9b98373479ffd04f98fd2eb9,cosh_well,truncated_line,5,1.0,inf,5,1.0,1.0,0.6473540633473075,0.034830818106401346,1.0536013688743742,0.08270932774135169,0.05502043924903849,2.0012903213500977,31,0.10241793841123581,0.10160675644874573,31.36284828186035,99.179694698639,18412.388671875,4,4,1.0,1.0,1.0,1.0,other,well_bound,unseen_functional_form_ood
unseen_analytical_functional_forms,9b98373479ffd04f98fd2eb9,cosh_well,truncated_line,6,1.0,inf,6,1.0,1.0,0.7070182726214718,0.0380410446861884,1.1531966527184005,0.06977162436696009,0.035196849298501864,1.7974529266357422,28,0.11332827061414719,0.11294274032115936,23.05658531188965,82.39727547552548,11725.083984375,4,4,1.0,1.0,1.0,1.0,other,well_bound,unseen_functional_form_ood
unseen_analytical_functional_forms,9b98373479ffd04f98fd2eb9,cosh_well,truncated_line,7,1.0,inf,7,1.0,1.0,0.6581510882539227,0.03541175090949219,1.1380529076683974,0.07263751698652549,0.016783426890691233,1.612166404724121,25,0.12626279890537262,0.12615765631198883,14.989994049072266,58.8288807419971,5152.111328125,4,4,1.0,1.0,0.0,1.0,other,well_bound,unseen_functional_form_ood
unseen_analytical_functional_forms,9b98373479ffd04f98fd2eb9,cosh_well,truncated_line,8,1.0,inf,8,1.0,1.0,0.7213522798836256,0.03881228445736144,1.2735111263046597,0.06900740605969465,0.007941506649335059,1.4986071586608887,23,0.13492701947689056,0.13474921882152557,8.75441837310791,39.35025095270838,1442.768798828125,4,4,1.0,1.0,0.0,1.0,other,well_bound,unseen_functional_form_ood
unseen_analytical_functional_forms,9b98373479ffd04f98fd2eb9,cosh_well,truncated_line,9,1.0,inf,9,1.0,1.0,0.6257476113457014,0.03366828520176292,1.2900995065261416,0.09101599768902127,0.0036044382721005597,1.2699785232543945,21,0.14929348230361938,0.14897094666957855,7.327700138092041,31.050992087242697,859.25634765625,4,4,1.0,1.0,1.0,1.0,other,well_bound,unseen_functional_form_ood
unseen_analytical_functional_forms,9b98373479ffd04f98fd2eb9,cosh_well,truncated_line,10,1.0,inf,10,1.0,1.0,0.6558880931678066,0.035289990694050546,1.3953313037489035,0.08372329703801941,0.002533008025950786,1.1830320358276367,20,0.15949562191963196,0.15900282561779022,5.265120506286621,20.566649808325028,319.059814453125,4,4,1.0,1.0,1.0,1.0,other,well_bound,unseen_functional_form_ood
unseen_analytical_functional_forms,9e9eddd77bf096604c1c16a9,cosh_well,truncated_line,0,1.0,inf,0,1.0,1.0,0.0,0.0,0.0,0.0,1.0,16.847340604820147,256,0.02459106780588627,0.02452772855758667,48.543025970458984,99.6269247527782,30081.94140625,4,4,1.0,1.0,1.0,1.0,other,well_bound,unseen_functional_form_ood
unseen_analytical_functional_forms,9e9eddd77bf096604c1c16a9,cosh_well,truncated_line,1,1.0,inf,1,1.0,1.0,0.030392226763059416,0.0018039777004546331,0.030392226763059416,0.018029751154142404,0.4819762502247792,8.393278075647004,127,0.044212426990270615,0.04412797838449478,49.543819427490234,116.12774156138514,31443.857421875,4,4,1.0,1.0,0.0,1.0,other,well_bound,unseen_functional_form_ood
unseen_analytical_functional_forms,9e9eddd77bf096604c1c16a9,cosh_well,truncated_line,2,1.0,inf,2,1.0,1.0,0.4861163569692395,0.02885418941611224,0.4928897719908383,0.170011504622829,0.24883411253990462,2.919046401977539,54,0.05941348150372505,0.05934438109397888,48.337005615234375,118.72254149035615,30924.46484375,4,4,1.0,1.0,0.0,1.0,other,well_bound,unseen_functional_form_ood
unseen_analytical_functional_forms,9e9eddd77bf096604c1c16a9,cosh_well,truncated_line,3,1.0,inf,3,1.0,1.0,0.4952557254185814,0.029396670788319264,0.7482852278613383,0.14365477377150243,0.14196088390942516,2.401362419128418,43,0.07450442761182785,0.07409247010946274,45.98320770263672,123.75977325693957,29463.25,4,4,1.0,1.0,0.0,1.0,other,well_bound,unseen_functional_form_ood
unseen_analytical_functional_forms,9e9eddd77bf096604c1c16a9,cosh_well,truncated_line,4,1.0,inf,4,1.0,1.0,0.5958255350854889,0.03536614763489846,0.8991317523141382,0.10437996506969234,0.09040167302951879,2.062873363494873,36,0.08849788457155228,0.0878588855266571,40.66646957397461,117.30696458140264,25440.576171875,4,4,1.0,1.0,0.0,1.0,other,well_bound,unseen_functional_form_ood
unseen_analytical_functional_forms,9e9eddd77bf096604c1c16a9,cosh_well,truncated_line,5,1.0,inf,5,1.0,1.0,0.5858329108069185,0.03477301994115958,0.9536229577058846,0.08273109607422384,0.055225271168986345,1.8151664733886719,31,0.10238423198461533,0.10158540308475494,31.32773208618164,99.20139990944614,18384.890625,4,4,1.0,1.0,1.0,1.0,other,well_bound,unseen_functional_form_ood
unseen_analytical_functional_forms,9e9eddd77bf096604c1c16a9,cosh_well,truncated_line,6,1.0,inf,6,1.0,1.0,0.6396788029159874,0.03796912628055794,1.043406132597835,0.06973647061655815,0.03533292752056816,1.6299638748168945,28,0.11330729722976685,0.11292242258787155,23.025634765625,82.37628950251363,11699.8046875,4,4,1.0,1.0,1.0,1.0,other,well_bound,unseen_functional_form_ood
unseen_analytical_functional_forms,9e9eddd77bf096604c1c16a9,cosh_well,truncated_line,7,1.0,inf,7,1.0,1.0,0.5953497018082266,0.03533790381360798,1.0294670365571799,0.07257095554576767,0.01685004796772016,1.4617557525634766,25,0.12625905871391296,0.12614576518535614,14.969367027282715,58.80071713886612,5137.33154296875,4,4,1.0,1.0,0.0,1.0,other,well_bound,unseen_functional_form_ood
unseen_analytical_functional_forms,9e9eddd77bf096604c1c16a9,cosh_well,truncated_line,8,1.0,inf,8,1.0,1.0,0.6525942278782735,0.03873574133662149,1.152166478515662,0.06886247298663475,0.00795994571375998,1.3587803840637207,23,0.13492533564567566,0.13475555181503296,8.746315956115723,39.32893314587092,1439.3359375,4,4,1.0,1.0,0.0,1.0,other,well_bound,unseen_functional_form_ood
unseen_analytical_functional_forms,9e9eddd77bf096604c1c16a9,cosh_well,truncated_line,9,1.0,inf,9,1.0,1.0,0.5663234613883452,0.03361500634861718,1.1674914638353426,0.09084775814602983,0.00360938681374056,1.1517143249511719,21,0.1492242068052292,0.14889511466026306,7.319550037384033,31.02385855570454,856.580810546875,4,4,1.0,1.0,1.0,1.0,other,well_bound,unseen_functional_form_ood
unseen_analytical_functional_forms,9e9eddd77bf096604c1c16a9,cosh_well,truncated_line,10,1.0,inf,10,1.0,1.0,0.5938320384633735,0.03524782055474523,1.263546315669334,0.083561941648878,0.0025332249863077457,1.0728754997253418,20,0.15942353010177612,0.15893664956092834,5.260941982269287,20.55525700711926,318.2958679199219,4,4,1.0,1.0,1.0,1.0,other,well_bound,unseen_functional_form_ood
unseen_analytical_functional_forms,f6e50af4772cc9c2dd7a3a92,cosh_well,truncated_line,0,1.0,inf,0,1.0,1.0,0.0,0.0,0.0,0.0,1.0,20.685740336800894,256,0.024665595963597298,0.024603568017482758,48.60274887084961,99.2855011125431,30157.830078125,4,4,1.0,1.0,1.0,1.0,other,well_bound,unseen_functional_form_ood
unseen_analytical_functional_forms,f6e50af4772cc9c2dd7a3a92,cosh_well,truncated_line,1,1.0,inf,1,1.0,1.0,0.03710013348607061,0.0017935124816426196,0.03710013348607061,0.0177739400384348,0.4822320568719274,10.305770034914355,127,0.044329650700092316,0.04424547776579857,49.57664489746094,115.60057847538975,31480.8671875,4,4,1.0,1.0,0.0,1.0,other,well_bound,unseen_functional_form_ood
unseen_analytical_functional_forms,f6e50af4772cc9c2dd7a3a92,cosh_well,truncated_line,2,1.0,inf,2,1.0,1.0,0.5973059332367329,0.02887525046295287,0.6055944983285666,0.17006339655681915,0.24889083016086735,3.5758886337280273,54,0.05953875184059143,0.05947759002447128,48.3716926574707,118.27507438872695,30959.037109375,4,4,1.0,1.0,0.0,1.0,other,well_bound,unseen_functional_form_ood
unseen_analytical_functional_forms,f6e50af4772cc9c2dd7a3a92,cosh_well,truncated_line,3,1.0,inf,3,1.0,1.0,0.6090662164836478,0.029443771727139523,0.9203936865887417,0.14373359450985768,0.14167633911026847,2.9431676864624023,43,0.07461228966712952,0.07418422400951385,46.020530700683594,123.38662454662001,29494.7578125,4,4,1.0,1.0,0.0,1.0,other,well_bound,unseen_functional_form_ood
unseen_analytical_functional_forms,f6e50af4772cc9c2dd7a3a92,cosh_well,truncated_line,4,1.0,inf,4,1.0,1.0,0.7332980960574009,0.03544944894975934,1.106407153574644,0.10434393564827948,0.08998724625360804,2.529003143310547,36,0.08858589828014374,0.08796093612909317,40.72237777709961,117.1149335828811,25485.28125,4,4,1.0,1.0,0.0,1.0,other,well_bound,unseen_functional_form_ood
unseen_analytical_functional_forms,f6e50af4772cc9c2dd7a3a92,cosh_well,truncated_line,5,1.0,inf,5,1.0,1.0,0.7215114549518937,0.034879653481306214,1.174139764663174,0.0826753966832866,0.054844516225415425,2.2261133193969727,31,0.10245388746261597,0.10163427889347076,31.397964477539062,99.15933750562432,18439.99609375,4,4,1.0,1.0,1.0,1.0,other,well_bound,unseen_functional_form_ood
unseen_analytical_functional_forms,f6e50af4772cc9c2dd7a3a92,cosh_well,truncated_line,6,1.0,inf,6,1.0,1.0,0.788210125939221,0.03810403268656325,1.285603553159544,0.0697888065050502,0.035080155392222756,1.999746322631836,28,0.11335448175668716,0.11295797675848007,23.08652114868164,82.41135438050941,11749.5732421875,4,4,1.0,1.0,1.0,1.0,other,well_bound,unseen_functional_form_ood
unseen_analytical_functional_forms,f6e50af4772cc9c2dd7a3a92,cosh_well,truncated_line,7,1.0,inf,7,1.0,1.0,0.7338987029078536,0.035478483774748625,1.269053359153804,0.072695076719232,0.016723379511140335,1.7938194274902344,25,0.12627628445625305,0.12617507576942444,15.010136604309082,58.85259230501681,5166.56689453125,4,4,1.0,1.0,0.0,1.0,other,well_bound,unseen_functional_form_ood
unseen_analytical_functional_forms,f6e50af4772cc9c2dd7a3a92,cosh_well,truncated_line,8,1.0,inf,8,1.0,1.0,0.80430624789617,0.038882159149279845,1.419965788591239,0.06912990072810149,0.00792111473988563,1.6674799919128418,23,0.13493375480175018,0.13475069403648376,8.762629508972168,39.36723362472158,1446.259033203125,4,4,1.0,1.0,0.0,1.0,other,well_bound,unseen_functional_form_ood
unseen_analytical_functional_forms,f6e50af4772cc9c2dd7a3a92,cosh_well,truncated_line,9,1.0,inf,9,1.0,1.0,0.6974787052372675,0.0337178507455409,1.438131827612307,0.09116290510657807,0.003597420071897062,1.4128217697143555,21,0.1493646502494812,0.1490432620048523,7.335968971252441,31.073893732748125,861.9754028320312,4,4,1.0,1.0,1.0,1.0,other,well_bound,unseen_functional_form_ood
unseen_analytical_functional_forms,f6e50af4772cc9c2dd7a3a92,cosh_well,truncated_line,10,1.0,inf,10,1.0,1.0,0.7308648657392391,0.03533182056041748,1.5546721414091715,0.0838639308626456,0.002530806253157893,1.3160896301269531,20,0.1595636010169983,0.15907105803489685,5.269515514373779,20.57630993090393,319.8631286621094,4,4,1.0,1.0,1.0,1.0,other,well_bound,unseen_functional_form_ood
unseen_analytical_functional_forms,287120bfef56733f42171a64,cosh_well,truncated_line,0,1.0,inf,0,1.0,1.0,0.0,0.0,0.0,0.0,1.0,17.456908054771066,256,0.024428531527519226,0.024362150579690933,48.41056442260742,100.42031713284322,29911.455078125,4,4,1.0,1.0,1.0,1.0,other,well_bound,unseen_functional_form_ood
unseen_analytical_functional_forms,287120bfef56733f42171a64,cosh_well,truncated_line,1,1.0,inf,1,1.0,1.0,0.03187600616370023,0.0018259823597448776,0.03187600616370023,0.01859659286251375,0.48140941384156594,8.696578021221876,127,0.04395701363682747,0.043871067464351654,49.46996307373047,117.32547009420483,31360.587890625,4,4,1.0,1.0,0.0,1.0,other,well_bound,unseen_functional_form_ood
unseen_analytical_functional_forms,287120bfef56733f42171a64,cosh_well,truncated_line,2,1.0,inf,2,1.0,1.0,0.5028224254341602,0.028803636007966267,0.5099023461656386,0.16982967546908892,0.24872675786558177,3.0399041175842285,54,0.0591365322470665,0.059066031128168106,48.259300231933594,119.71763639860316,30846.822265625,4,4,1.0,1.0,0.0,1.0,other,well_bound,unseen_functional_form_ood
unseen_analytical_functional_forms,287120bfef56733f42171a64,cosh_well,truncated_line,3,1.0,inf,3,1.0,1.0,0.5112993740395534,0.029289228793286364,0.7722428666771592,0.14349325619407288,0.1426054737788643,2.498056411743164,43,0.07427597790956497,0.07386776804924011,45.900333404541016,124.58113973392233,29393.263671875,4,4,1.0,1.0,0.0,1.0,other,well_bound,unseen_functional_form_ood
unseen_analytical_functional_forms,287120bfef56733f42171a64,cosh_well,truncated_line,4,1.0,inf,4,1.0,1.0,0.6141457005789863,0.035180668801834986,0.9270915879995061,0.10446600780691169,0.09131565295915715,2.1446609497070312,36,0.08830033242702484,0.08766016364097595,40.54327392578125,117.73106602889214,25342.013671875,4,4,1.0,1.0,0.0,1.0,other,well_bound,unseen_functional_form_ood
unseen_analytical_functional_forms,287120bfef56733f42171a64,cosh_well,truncated_line,5,1.0,inf,5,1.0,1.0,0.6028999042918727,0.03453646558716318,0.9820381646683425,0.08283729771291208,0.05606209342085416,1.885664939880371,31,0.10222918540239334,0.10148008167743683,31.17399787902832,99.30948987120851,18263.82421875,4,4,1.0,1.0,1.0,1.0,other,well_bound,unseen_functional_form_ood
unseen_analytical_functional_forms,287120bfef56733f42171a64,cosh_well,truncated_line,6,1.0,inf,6,1.0,1.0,0.6576457497185099,0.037672521826611315,1.0728652346547563,0.06963877847218951,0.03588564174881148,1.6918582916259766,28,0.11320636421442032,0.11287408322095871,22.89276695251465,82.31522367923748,11591.1884765625,4,4,1.0,1.0,1.0,1.0,other,well_bound,unseen_functional_form_ood
unseen_analytical_functional_forms,287120bfef56733f42171a64,cosh_well,truncated_line,7,1.0,inf,7,1.0,1.0,0.6115403173932729,0.035031422258429985,1.0574746541493028,0.07232081549652428,0.01712913621775991,1.516448974609375,25,0.1262238472700119,0.12607985734939575,14.880803108215332,58.704115654365644,5073.9091796875,4,4,1.0,1.0,0.0,1.0,other,well_bound,unseen_functional_form_ood
unseen_analytical_functional_forms,287120bfef56733f42171a64,cosh_well,truncated_line,8,1.0,inf,8,1.0,1.0,0.6706355591042084,0.038416628935667683,1.1841275703437586,0.06827371694892154,0.008046111513561023,1.4095687866210938,23,0.13490594923496246,0.13474836945533752,8.71082878112793,39.260659458221326,1424.3441162109375,4,4,1.0,1.0,0.0,1.0,other,well_bound,unseen_functional_form_ood
unseen_analytical_functional_forms,287120bfef56733f42171a64,cosh_well,truncated_line,9,1.0,inf,9,1.0,1.0,0.5829103186206388,0.033391383903252345,1.2012145575207311,0.0901578100229756,0.0036361781358184415,1.1957836151123047,21,0.14891336858272552,0.148577481508255,7.283793926239014,30.925532454426182,844.8935546875,4,4,1.0,1.0,1.0,1.0,other,well_bound,unseen_functional_form_ood
unseen_analytical_functional_forms,287120bfef56733f42171a64,cosh_well,truncated_line,10,1.0,inf,10,1.0,1.0,0.6121156882761585,0.0350643817539535,1.3032728175386805,0.08290108396450965,0.002538825942913001,1.113962173461914,20,0.15911251306533813,0.15863360464572906,5.242224216461182,20.513336879961297,314.8800964355469,4,4,1.0,1.0,1.0,1.0,other,well_bound,unseen_functional_form_ood
unseen_analytical_functional_forms,d2b15794565a3abe6557408b,cosh_well,truncated_line,0,1.0,inf,0,1.0,1.0,0.0,0.0,0.0,0.0,1.0,18.597485344565676,256,0.02481352537870407,0.02475425973534584,48.71001052856445,98.57652692491314,30293.9453125,4,4,1.0,1.0,1.0,1.0,other,well_bound,unseen_functional_form_ood
unseen_analytical_functional_forms,d2b15794565a3abe6557408b,cosh_well,truncated_line,1,1.0,inf,1,1.0,1.0,0.03300253394988073,0.0017745696979147945,0.03300253394988073,0.017297572938412192,0.48270842713871437,9.265740138332927,127,0.044562965631484985,0.04447917267680168,49.635826110839844,114.51286421606903,31547.54296875,4,4,1.0,1.0,0.0,1.0,other,well_bound,unseen_functional_form_ood
unseen_analytical_functional_forms,d2b15794565a3abe6557408b,cosh_well,truncated_line,2,1.0,inf,2,1.0,1.0,0.5377990577195048,0.028917837425620214,0.5451965519983442,0.17030122897827946,0.24890251353031148,3.2005205154418945,53,0.059784241020679474,0.05972666293382645,48.434959411621094,117.3464635931774,31021.98828125,4,4,1.0,1.0,0.0,1.0,other,well_bound,unseen_functional_form_ood
unseen_analytical_functional_forms,d2b15794565a3abe6557408b,cosh_well,truncated_line,3,1.0,inf,3,1.0,1.0,0.5494145852393696,0.02954241259288921,0.8305261180090584,0.1440010963144694,0.14102905166897498,2.636871337890625,43,0.07481152564287186,0.07440855354070663,46.08936309814453,122.62154297020619,29552.486328125,4,4,1.0,1.0,0.0,1.0,other,well_bound,unseen_functional_form_ood
unseen_analytical_functional_forms,d2b15794565a3abe6557408b,cosh_well,truncated_line,4,1.0,inf,4,1.0,1.0,0.6624809162227754,0.03562206954051222,0.9992113671200671,0.10433928318879952,0.08910327913782254,2.2671146392822266,36,0.08874974399805069,0.08813812583684921,40.82741928100586,116.73499156057575,25568.47265625,4,4,1.0,1.0,0.0,1.0,other,well_bound,unseen_functional_form_ood
unseen_analytical_functional_forms,d2b15794565a3abe6557408b,cosh_well,truncated_line,5,1.0,inf,5,1.0,1.0,0.6527982476216161,0.03510142557054729,1.0616657769117035,0.08259685242977126,0.054057039512417235,1.997049331665039,31,0.10257522761821747,0.10179297626018524,31.528379440307617,99.09838472060947,18541.875,4,4,1.0,1.0,1.0,1.0,other,well_bound,unseen_functional_form_ood
unseen_analytical_functional_forms,d2b15794565a3abe6557408b,cosh_well,truncated_line,6,1.0,inf,6,1.0,1.0,0.7137685540697097,0.038379842266055515,1.163970391593466,0.0699202443968839,0.03455389113535268,1.7953319549560547,28,0.11342395097017288,0.11298172920942307,23.20323371887207,82.51691479808989,11844.82421875,4,4,1.0,1.0,1.0,1.0,other,well_bound,unseen_functional_form_ood
unseen_analytical_functional_forms,d2b15794565a3abe6557408b,cosh_well,truncated_line,7,1.0,inf,7,1.0,1.0,0.6650736383012775,0.03576148204873392,1.149998662603858,0.07301267314354087,0.01647149240072665,1.6112422943115234,25,0.12631672620773315,0.12618865072727203,15.088083267211914,58.98358453692838,5222.7060546875,4,4,1.0,1.0,0.0,1.0,other,well_bound,unseen_functional_form_ood
unseen_analytical_functional_forms,d2b15794565a3abe6557408b,cosh_well,truncated_line,8,1.0,inf,8,1.0,1.0,0.7285709470849384,0.039175777455194086,1.2860231275736291,0.06969087565494723,0.007855823382863218,1.4978046417236328,23,0.13493123650550842,0.13474932312965393,8.79294204711914,39.47049836086942,1459.152587890625,4,4,1.0,1.0,0.0,1.0,other,well_bound,unseen_functional_form_ood
unseen_analytical_functional_forms,d2b15794565a3abe6557408b,cosh_well,truncated_line,9,1.0,inf,9,1.0,1.0,0.6308562544386831,0.033921589007893695,1.3011213132295025,0.09181154062084868,0.003581772433003102,1.2680912017822266,21,0.14962680637836456,0.14929091930389404,7.366348743438721,31.192961241689442,872.003173828125,4,4,1.0,1.0,1.0,1.0,other,well_bound,unseen_functional_form_ood
unseen_analytical_functional_forms,d2b15794565a3abe6557408b,cosh_well,truncated_line,10,1.0,inf,10,1.0,1.0,0.6600198890190969,0.035489738359275526,1.4028717266254276,0.08448622290712159,0.002532356335377067,1.1812171936035156,20,0.15983137488365173,0.15932363271713257,5.284950256347656,20.625543780377008,322.6842346191406,4,4,1.0,1.0,1.0,1.0,other,well_bound,unseen_functional_form_ood
unseen_analytical_functional_forms,5523fb8f67e40d01d7eae812,cosh_well,truncated_line,0,1.0,inf,0,1.0,1.0,0.0,0.0,0.0,0.0,1.0,17.864851023311612,256,0.024632452055811882,0.024570142850279808,48.58502960205078,99.48809842345153,30135.19140625,4,4,1.0,1.0,1.0,1.0,other,well_bound,unseen_functional_form_ood
unseen_analytical_functional_forms,5523fb8f67e40d01d7eae812,cosh_well,truncated_line,1,1.0,inf,1,1.0,1.0,0.03209272585809819,0.001796417211440544,0.03209272585809819,0.017860377332353905,0.4821456119497859,8.900332785797714,127,0.04427983984351158,0.04419492185115814,49.5665397644043,115.8886028242757,31469.400390625,4,4,1.0,1.0,0.0,1.0,other,well_bound,unseen_functional_form_ood
unseen_analytical_functional_forms,5523fb8f67e40d01d7eae812,cosh_well,truncated_line,2,1.0,inf,2,1.0,1.0,0.5156271253013982,0.028862660238731522,0.5227988399798137,0.16991513281732637,0.2489626945690129,3.091071605682373,54,0.059491004794836044,0.05942597985267639,48.36067199707031,118.51023314670834,30947.99609375,4,4,1.0,1.0,0.0,1.0,other,well_bound,unseen_functional_form_ood
unseen_analytical_functional_forms,5523fb8f67e40d01d7eae812,cosh_well,truncated_line,3,1.0,inf,3,1.0,1.0,0.5255384721072311,0.029417456178137888,0.7941015953513606,0.1436158778707866,0.14187830008230698,2.5435266494750977,43,0.0745733380317688,0.07415557652711868,46.00859069824219,123.57031610759208,29484.802734375,4,4,1.0,1.0,0.0,1.0,other,well_bound,unseen_functional_form_ood
unseen_analytical_functional_forms,5523fb8f67e40d01d7eae812,cosh_well,truncated_line,4,1.0,inf,4,1.0,1.0,0.6325222898082505,0.03540596498581938,0.9544384980938172,0.1043091341951757,0.09021892381735769,2.185300350189209,36,0.08855874091386795,0.08793121576309204,40.70355987548828,117.19963725648569,25470.525390625,4,4,1.0,1.0,0.0,1.0,other,well_bound,unseen_functional_form_ood
unseen_analytical_functional_forms,5523fb8f67e40d01d7eae812,cosh_well,truncated_line,5,1.0,inf,5,1.0,1.0,0.6221323945259566,0.03482438189460097,1.0125789077763785,0.08266597646495547,0.055034953593815744,1.923238754272461,31,0.102439284324646,0.1016300693154335,31.37555503845215,99.172649829655,18422.69140625,4,4,1.0,1.0,1.0,1.0,other,well_bound,unseen_functional_form_ood
unseen_analytical_functional_forms,5523fb8f67e40d01d7eae812,cosh_well,truncated_line,6,1.0,inf,6,1.0,1.0,0.6795701136281652,0.038039506332373164,1.108499415899518,0.06973251654259112,0.035207822035966174,1.727400779724121,28,0.1133531704545021,0.11296501755714417,23.064563751220703,82.38019764798184,11731.748046875,4,4,1.0,1.0,1.0,1.0,other,well_bound,unseen_functional_form_ood
unseen_analytical_functional_forms,5523fb8f67e40d01d7eae812,cosh_well,truncated_line,7,1.0,inf,7,1.0,1.0,0.6327061685479595,0.03541625775229524,1.0941273999255179,0.072599683129163,0.016779136153326935,1.549361228942871,25,0.12628640234470367,0.1261780709028244,14.995845794677734,58.82186293744505,5156.34130859375,4,4,1.0,1.0,0.0,1.0,other,well_bound,unseen_functional_form_ood
unseen_analytical_functional_forms,5523fb8f67e40d01d7eae812,cosh_well,truncated_line,8,1.0,inf,8,1.0,1.0,0.6934928333709217,0.03881884223193308,1.2244665519421059,0.068990902957262,0.007928634899682915,1.440232753753662,23,0.13494640588760376,0.13477112352848053,8.757670402526855,39.34151768679761,1444.1640625,4,4,1.0,1.0,0.0,1.0,other,well_bound,unseen_functional_form_ood
unseen_analytical_functional_forms,5523fb8f67e40d01d7eae812,cosh_well,truncated_line,9,1.0,inf,9,1.0,1.0,0.6016099951566407,0.03367562339991571,1.2404470870867446,0.09101078460630319,0.00359613418939084,1.2204723358154297,21,0.1493215709924698,0.14900043606758118,7.331018447875977,31.045493009906227,860.3453979492188,4,4,1.0,1.0,1.0,1.0,other,well_bound,unseen_functional_form_ood
unseen_analytical_functional_forms,5523fb8f67e40d01d7eae812,cosh_well,truncated_line,10,1.0,inf,10,1.0,1.0,0.6306992485644611,0.03530391872518108,1.341986791261533,0.08371749430708146,0.0025267280777701174,1.1369342803955078,20,0.1595223993062973,0.15903371572494507,5.267274856567383,20.564827513671332,319.45904541015625,4,4,1.0,1.0,1.0,1.0,other,well_bound,unseen_functional_form_ood
unseen_analytical_functional_forms,50f3bacab6e6dbecbc622e87,cosh_well,truncated_line,0,1.0,inf,0,1.0,1.0,0.0,0.0,0.0,0.0,1.0,20.321478540601348,256,0.024530211463570595,0.02446499839425087,48.47681427001953,99.81501913174777,29997.130859375,4,4,1.0,1.0,1.0,1.0,other,well_bound,unseen_functional_form_ood
unseen_analytical_functional_forms,50f3bacab6e6dbecbc622e87,cosh_well,truncated_line,1,1.0,inf,1,1.0,1.0,0.03689709864558033,0.0018156699854226493,0.03689709864558033,0.01829448828276259,0.4817115345381895,10.123842171655106,127,0.04411318525671959,0.04402751475572586,49.50775146484375,116.46203767667164,31403.28125,4,4,1.0,1.0,0.0,1.0,other,well_bound,unseen_functional_form_ood
unseen_analytical_functional_forms,50f3bacab6e6dbecbc622e87,cosh_well,truncated_line,2,1.0,inf,2,1.0,1.0,0.5861311706448762,0.02884293923170078,0.5943233168418405,0.1702105153901788,0.2486006658393967,3.5283594131469727,54,0.05929438769817352,0.0592222735285759,48.29976272583008,119.02106441117317,30887.302734375,4,4,1.0,1.0,0.0,1.0,other,well_bound,unseen_functional_form_ood
unseen_analytical_functional_forms,50f3bacab6e6dbecbc622e87,cosh_well,truncated_line,3,1.0,inf,3,1.0,1.0,0.5968039356813558,0.029368135516762223,0.9016171756231399,0.14375342014159873,0.1420510715001913,2.901547431945801,43,0.07439657300710678,0.07399547100067139,45.94345474243164,124.0314179581544,29429.359375,4,4,1.0,1.0,0.0,1.0,other,well_bound,unseen_functional_form_ood
unseen_analytical_functional_forms,50f3bacab6e6dbecbc622e87,cosh_well,truncated_line,4,1.0,inf,4,1.0,1.0,0.7175596486694328,0.03531040555123894,1.0829358098245931,0.10451004481248102,0.09065032949809487,2.492068290710449,36,0.088394895195961,0.08774442970752716,40.608970642089844,117.46670290400628,25394.017578125,4,4,1.0,1.0,0.0,1.0,other,well_bound,unseen_functional_form_ood
unseen_analytical_functional_forms,50f3bacab6e6dbecbc622e87,cosh_well,truncated_line,5,1.0,inf,5,1.0,1.0,0.705164401762936,0.034700447625110105,1.148079329564995,0.0828413677668866,0.055496760377941885,2.192251205444336,31,0.10229098051786423,0.10151209682226181,31.253286361694336,99.247729445607,18325.869140625,4,4,1.0,1.0,1.0,1.0,other,well_bound,unseen_functional_form_ood
unseen_analytical_functional_forms,50f3bacab6e6dbecbc622e87,cosh_well,truncated_line,6,1.0,inf,6,1.0,1.0,0.7695156836956359,0.037867111005637714,1.2551124637112903,0.06975366557546527,0.035509736545255244,1.9679069519042969,28,0.11323913186788559,0.1128687635064125,22.966217041015625,82.37969357459116,11651.005859375,4,4,1.0,1.0,1.0,1.0,other,well_bound,unseen_functional_form_ood
unseen_analytical_functional_forms,50f3bacab6e6dbecbc622e87,cosh_well,truncated_line,7,1.0,inf,7,1.0,1.0,0.7157729624916586,0.03522248447924585,1.2375640091375395,0.07254636807387332,0.016955327317175195,1.7644472122192383,25,0.12621261179447174,0.12608453631401062,14.928903579711914,58.775061845994585,5108.3046875,4,4,1.0,1.0,0.0,1.0,other,well_bound,unseen_functional_form_ood
unseen_analytical_functional_forms,50f3bacab6e6dbecbc622e87,cosh_well,truncated_line,8,1.0,inf,8,1.0,1.0,0.7846618807452879,0.038612440486432656,1.3851168957268643,0.06868098004987165,0.00801114700318726,1.6401090621948242,23,0.1348823606967926,0.13472646474838257,8.728690147399902,39.31617292062383,1431.851806640625,4,4,1.0,1.0,0.0,1.0,other,well_bound,unseen_functional_form_ood
unseen_analytical_functional_forms,50f3bacab6e6dbecbc622e87,cosh_well,truncated_line,9,1.0,inf,9,1.0,1.0,0.6812567298462867,0.033523974571297466,1.404030702138566,0.09061311844897481,0.0036323407559919916,1.3906545639038086,21,0.1490650326013565,0.1487371176481247,7.30171012878418,30.996226104924382,850.7420654296875,4,4,1.0,1.0,1.0,1.0,other,well_bound,unseen_functional_form_ood
unseen_analytical_functional_forms,50f3bacab6e6dbecbc622e87,cosh_well,truncated_line,10,1.0,inf,10,1.0,1.0,0.7145094157878902,0.0351603065869609,1.5202197115396983,0.08333855553642303,0.002545424323866177,1.2954368591308594,20,0.15926286578178406,0.1587826907634735,5.250948905944824,20.542965177040884,316.462890625,4,4,1.0,1.0,1.0,1.0,other,well_bound,unseen_functional_form_ood
unseen_analytical_functional_forms,f1e2dc8f2d64ffe05eb9e81f,cosh_well,truncated_line,0,1.0,inf,0,1.0,1.0,0.0,0.0,0.0,0.0,1.0,18.88614106347817,256,0.02435494214296341,0.02428661659359932,48.34052276611328,100.74914821898342,29821.083984375,4,4,1.0,1.0,1.0,1.0,other,well_bound,unseen_functional_form_ood
unseen_analytical_functional_forms,f1e2dc8f2d64ffe05eb9e81f,cosh_well,truncated_line,1,1.0,inf,1,1.0,1.0,0.03470339998601335,0.0018375061305203548,0.03470339998601335,0.018883767132713114,0.4811222514624745,9.408367131753057,127,0.04384054243564606,0.04375243932008743,49.43108367919922,117.83333714482964,31316.74609375,4,4,1.0,1.0,0.0,1.0,other,well_bound,unseen_functional_form_ood
unseen_analytical_functional_forms,f1e2dc8f2d64ffe05eb9e81f,cosh_well,truncated_line,2,1.0,inf,2,1.0,1.0,0.543591445038745,0.028782557707881188,0.5512807757656011,0.16979850221433532,0.24859038545691192,3.296628952026367,54,0.059006765484809875,0.05892818793654442,48.21900177001953,120.13812771912416,30806.5625,4,4,1.0,1.0,0.0,1.0,other,well_bound,unseen_functional_form_ood
unseen_analytical_functional_forms,f1e2dc8f2d64ffe05eb9e81f,cosh_well,truncated_line,3,1.0,inf,3,1.0,1.0,0.5523119794045742,0.02924430022778076,0.8340594342671128,0.14350551733800493,0.1428330749729268,2.707718849182129,43,0.07416213303804398,0.07375036180019379,45.857784271240234,124.93577882464982,29357.38671875,4,4,1.0,1.0,0.0,1.0,other,well_bound,unseen_functional_form_ood
unseen_analytical_functional_forms,f1e2dc8f2d64ffe05eb9e81f,cosh_well,truncated_line,4,1.0,inf,4,1.0,1.0,0.6629358038101589,0.03510170773277435,1.0008759255368647,0.10455739290482517,0.09168601530377689,2.3240795135498047,36,0.08820202946662903,0.08757846802473068,40.481422424316406,117.92482507577463,25292.48828125,4,4,1.0,1.0,0.0,1.0,other,well_bound,unseen_functional_form_ood
unseen_analytical_functional_forms,f1e2dc8f2d64ffe05eb9e81f,cosh_well,truncated_line,5,1.0,inf,5,1.0,1.0,0.6503653288280449,0.03443611517260743,1.0596345264284945,0.08290724662575281,0.05642119678907099,2.0427236557006836,31,0.10213930159807205,0.10138878971338272,31.095947265625,99.36732549903172,18201.986328125,4,4,1.0,1.0,1.0,1.0,other,well_bound,unseen_functional_form_ood
unseen_analytical_functional_forms,f1e2dc8f2d64ffe05eb9e81f,cosh_well,truncated_line,6,1.0,inf,6,1.0,1.0,0.7090363474994122,0.037542679847422065,1.1567186048231237,0.06964131409461845,0.036121207981114956,1.8320646286010742,28,0.11314606666564941,0.11282157152891159,22.82813262939453,82.30728461357299,11538.236328125,4,4,1.0,1.0,1.0,1.0,other,well_bound,unseen_functional_form_ood
unseen_analytical_functional_forms,f1e2dc8f2d64ffe05eb9e81f,cosh_well,truncated_line,7,1.0,inf,7,1.0,1.0,0.6589939495006044,0.03489299096547364,1.139485138487391,0.07223884757133978,0.017256991141994527,1.6417102813720703,25,0.12619352340698242,0.1260378062725067,14.837578773498535,58.672846253005055,5042.95068359375,4,4,1.0,1.0,0.0,1.0,other,well_bound,unseen_functional_form_ood
unseen_analytical_functional_forms,f1e2dc8f2d64ffe05eb9e81f,cosh_well,truncated_line,8,1.0,inf,8,1.0,1.0,0.7227924592523713,0.038271050545635295,1.276150806831759,0.06802345801631553,0.008095202789872698,1.5259699821472168,23,0.13488151133060455,0.13471867144107819,8.692765235900879,39.242560394603544,1416.770751953125,4,4,1.0,1.0,0.0,1.0,other,well_bound,unseen_functional_form_ood
unseen_analytical_functional_forms,f1e2dc8f2d64ffe05eb9e81f,cosh_well,truncated_line,9,1.0,inf,9,1.0,1.0,0.6286693317767573,0.03328733644759605,1.2951928369907595,0.08985692037132538,0.003655155761711094,1.2950515747070312,21,0.1487504541873932,0.14840590953826904,7.265493392944336,30.890331903971564,838.94482421875,4,4,1.0,1.0,1.0,1.0,other,well_bound,unseen_functional_form_ood
unseen_analytical_functional_forms,f1e2dc8f2d64ffe05eb9e81f,cosh_well,truncated_line,10,1.0,inf,10,1.0,1.0,0.6604942825870013,0.034972431920688045,1.4064616080449044,0.08259505991490713,0.002546637227030763,1.2064390182495117,20,0.15894772112369537,0.15847499668598175,5.232285499572754,20.497943414256213,313.07122802734375,4,4,1.0,1.0,1.0,1.0,other,well_bound,unseen_functional_form_ood
unseen_analytical_functional_forms,3c68487f6ee2b44e85c36e7a,cosh_well,truncated_line,0,1.0,inf,0,1.0,1.0,0.0,0.0,0.0,0.0,1.0,19.649958561392115,256,0.024756601080298424,0.02469628117978573,48.67251968383789,98.86202469338758,30246.47265625,4,4,1.0,1.0,1.0,1.0,other,well_bound,unseen_functional_form_ood
unseen_analytical_functional_forms,3c68487f6ee2b44e85c36e7a,cosh_well,truncated_line,1,1.0,inf,1,1.0,1.0,0.03499975427983948,0.0017811617347940044,0.03499975427983948,0.01746876636927011,0.4825372287418504,9.789979526416204,127,0.044473834335803986,0.04439060017466545,49.61509323120117,114.94472463224285,31524.146484375,4,4,1.0,1.0,0.0,1.0,other,well_bound,unseen_functional_form_ood
unseen_analytical_functional_forms,3c68487f6ee2b44e85c36e7a,cosh_well,truncated_line,2,1.0,inf,2,1.0,1.0,0.5679003216387006,0.02890084067426488,0.5757405713261474,0.17016392077809528,0.24893374273601052,3.387310028076172,53,0.059693798422813416,0.059636641293764114,48.41259002685547,117.71361787682348,30999.736328125,4,4,1.0,1.0,0.0,1.0,other,well_bound,unseen_functional_form_ood
unseen_analytical_functional_forms,3c68487f6ee2b44e85c36e7a,cosh_well,truncated_line,3,1.0,inf,3,1.0,1.0,0.5797327340819812,0.02950300033818034,0.8762413961706128,0.14386511263564614,0.1413045896108782,2.789670944213867,43,0.07473962008953094,0.07432391494512558,46.064823150634766,122.91982574622757,29532.064453125,4,4,1.0,1.0,0.0,1.0,other,well_bound,unseen_functional_form_ood
unseen_analytical_functional_forms,3c68487f6ee2b44e85c36e7a,cosh_well,truncated_line,4,1.0,inf,4,1.0,1.0,0.6986318578132709,0.03555385908985733,1.0538834447863197,0.10432030378011051,0.08945937796153622,2.397944450378418,36,0.08869169652462006,0.08807586133480072,40.78956604003906,116.8789144336726,25538.69140625,4,4,1.0,1.0,0.0,1.0,other,well_bound,unseen_functional_form_ood
unseen_analytical_functional_forms,3c68487f6ee2b44e85c36e7a,cosh_well,truncated_line,5,1.0,inf,5,1.0,1.0,0.6880179646517697,0.03501371071609154,1.1192212251845648,0.08261466729036979,0.05436621851179008,2.111691474914551,31,0.10253366082906723,0.10174213349819183,31.481857299804688,99.11600432263565,18505.662109375,4,4,1.0,1.0,1.0,1.0,other,well_bound,unseen_functional_form_ood
unseen_analytical_functional_forms,3c68487f6ee2b44e85c36e7a,cosh_well,truncated_line,6,1.0,inf,6,1.0,1.0,0.7520542444665367,0.03827256134494651,1.22651633105687,0.06985859373916196,0.034761121156499875,1.897852897644043,28,0.11340691149234772,0.11298001557588577,23.16045570373535,82.46711733971998,11809.9609375,4,4,1.0,1.0,1.0,1.0,other,well_bound,unseen_functional_form_ood
unseen_analytical_functional_forms,3c68487f6ee2b44e85c36e7a,cosh_well,truncated_line,7,1.0,inf,7,1.0,1.0,0.7005817961891799,0.03565309280426018,1.2114372768882342,0.07287981537195512,0.016567343853972627,1.702937126159668,25,0.12630625069141388,0.12617835402488708,15.0596284866333,58.9270221887805,5202.16748046875,4,4,1.0,1.0,0.0,1.0,other,well_bound,unseen_functional_form_ood
unseen_analytical_functional_forms,3c68487f6ee2b44e85c36e7a,cosh_well,truncated_line,8,1.0,inf,8,1.0,1.0,0.7676035371420964,0.03906387561805194,1.3550644444423527,0.0694680270337007,0.00787684887246426,1.5830283164978027,23,0.13493965566158295,0.13476017117500305,8.782183647155762,39.42450245456551,1454.5750732421875,4,4,1.0,1.0,0.0,1.0,other,well_bound,unseen_functional_form_ood
unseen_analytical_functional_forms,3c68487f6ee2b44e85c36e7a,cosh_well,truncated_line,9,1.0,inf,9,1.0,1.0,0.6650491212514524,0.033844810368105764,1.3715369839379754,0.09155833785950393,0.0035851232848493936,1.3406286239624023,21,0.14953504502773285,0.1492045521736145,7.355597019195557,31.142874360467776,868.44677734375,4,4,1.0,1.0,1.0,1.0,other,well_bound,unseen_functional_form_ood
unseen_analytical_functional_forms,3c68487f6ee2b44e85c36e7a,cosh_well,truncated_line,10,1.0,inf,10,1.0,1.0,0.696256453834684,0.03543297313627298,1.480429927152004,0.08424311655742218,0.0025297308600773427,1.2488117218017578,20,0.1597386747598648,0.1592330038547516,5.279639720916748,20.605011770551123,321.7144470214844,4,4,1.0,1.0,1.0,1.0,other,well_bound,unseen_functional_form_ood
unseen_analytical_functional_forms,a475005dfe45cfa215a9f890,cosh_well,truncated_line,0,1.0,inf,0,1.0,1.0,0.0,0.0,0.0,0.0,1.0,17.299574407720446,256,0.024654734879732132,0.024592449888586998,48.5826530456543,99.25975365931149,30132.458984375,4,4,1.0,1.0,1.0,1.0,other,well_bound,unseen_functional_form_ood
unseen_analytical_functional_forms,a475005dfe45cfa215a9f890,cosh_well,truncated_line,1,1.0,inf,1,1.0,1.0,0.031095403246486852,0.001797466371924711,0.031095403246486852,0.01784609860355399,0.48215991286806786,8.618691800613641,127,0.04431017488241196,0.0442255362868309,49.566139221191406,115.59645041729341,31469.0859375,4,4,1.0,1.0,0.0,1.0,other,well_bound,unseen_functional_form_ood
unseen_analytical_functional_forms,a475005dfe45cfa215a9f890,cosh_well,truncated_line,2,1.0,inf,2,1.0,1.0,0.4995622975130965,0.028877143780493934,0.5064937039589538,0.17022988159878458,0.24874820385623816,2.9919166564941406,54,0.05951066315174103,0.059449151158332825,48.36109924316406,118.28636004841502,30948.5078125,4,4,1.0,1.0,0.0,1.0,other,well_bound,unseen_functional_form_ood
unseen_analytical_functional_forms,a475005dfe45cfa215a9f890,cosh_well,truncated_line,3,1.0,inf,3,1.0,1.0,0.5093870537601378,0.029445062737081487,0.7697613293673569,0.14383567504131128,0.14160992311930343,2.46242618560791,43,0.07457858324050903,0.07415501773357391,46.00914001464844,123.41430448103895,29484.982421875,4,4,1.0,1.0,0.0,1.0,other,well_bound,unseen_functional_form_ood
unseen_analytical_functional_forms,a475005dfe45cfa215a9f890,cosh_well,truncated_line,4,1.0,inf,4,1.0,1.0,0.6132212655695866,0.03544718795486197,0.9252328933187219,0.10441813902079207,0.08997842774826126,2.1158742904663086,36,0.08855313062667847,0.08792746812105179,40.706546783447266,117.14309063412492,25472.26171875,4,4,1.0,1.0,0.0,1.0,other,well_bound,unseen_functional_form_ood
unseen_analytical_functional_forms,a475005dfe45cfa215a9f890,cosh_well,truncated_line,5,1.0,inf,5,1.0,1.0,0.6033402967042704,0.0348760196340444,0.9818336458476662,0.08273082595565426,0.054867583342612,1.8624134063720703,31,0.10242130607366562,0.10160309821367264,31.376340866088867,99.17287061312904,18422.66015625,4,4,1.0,1.0,1.0,1.0,other,well_bound,unseen_functional_form_ood
unseen_analytical_functional_forms,a475005dfe45cfa215a9f890,cosh_well,truncated_line,6,1.0,inf,6,1.0,1.0,0.6589726909070578,0.03809184407524915,1.074735922130999,0.06982841176077056,0.035094067216755565,1.6729116439819336,28,0.11332302540540695,0.11292979121208191,23.071256637573242,82.42812672966286,11736.9365234375,4,4,1.0,1.0,1.0,1.0,other,well_bound,unseen_functional_form_ood
unseen_analytical_functional_forms,a475005dfe45cfa215a9f890,cosh_well,truncated_line,7,1.0,inf,7,1.0,1.0,0.6134201621032387,0.03545868514716072,1.0606405422218774,0.07271947330328941,0.016741663477678692,1.500575065612793,25,0.1262485682964325,0.12614567577838898,14.999367713928223,58.856118287041326,5158.80029296875,4,4,1.0,1.0,0.0,1.0,other,well_bound,unseen_functional_form_ood
unseen_analytical_functional_forms,a475005dfe45cfa215a9f890,cosh_well,truncated_line,8,1.0,inf,8,1.0,1.0,0.672250708495745,0.03885937842469311,1.1866750157935795,0.06912114162625604,0.007939924837254928,1.394876480102539,23,0.13490848243236542,0.13472983241081238,8.757304191589355,39.37398876214098,1443.9822998046875,4,4,1.0,1.0,0.0,1.0,other,well_bound,unseen_functional_form_ood
unseen_analytical_functional_forms,a475005dfe45cfa215a9f890,cosh_well,truncated_line,9,1.0,inf,9,1.0,1.0,0.5829715835935529,0.03369860840815741,1.2018826959728965,0.09113627882430309,0.0036081778796898515,1.181936264038086,21,0.1493159532546997,0.1489943563938141,7.330545425415039,31.07552746213807,860.1930541992188,4,4,1.0,1.0,1.0,1.0,other,well_bound,unseen_functional_form_ood
unseen_analytical_functional_forms,a475005dfe45cfa215a9f890,cosh_well,truncated_line,10,1.0,inf,10,1.0,1.0,0.6107960677102365,0.03530699965876911,1.2990365044709646,0.08383937894003927,0.002538243851618258,1.1009941101074219,20,0.1595182865858078,0.15902677178382874,5.266210079193115,20.57656141013534,319.2533264160156,4,4,1.0,1.0,1.0,1.0,other,well_bound,unseen_functional_form_ood
unseen_analytical_functional_forms,115afa0e53c0aa4b0d1719ae,cosh_well,truncated_line,0,1.0,inf,0,1.0,1.0,0.0,0.0,0.0,0.0,1.0,19.01031540825219,256,0.024556240066885948,0.024491801857948303,48.50537109375,99.73293798071138,30033.97265625,4,4,1.0,1.0,1.0,1.0,other,well_bound,unseen_functional_form_ood
unseen_analytical_functional_forms,115afa0e53c0aa4b0d1719ae,cosh_well,truncated_line,1,1.0,inf,1,1.0,1.0,0.034420150332240884,0.0018106038533847492,0.034420150332240884,0.018179750542988843,0.4818262628208904,9.470737553793942,127,0.04415550455451012,0.04406946152448654,49.52342224121094,116.31692639703758,31420.91015625,4,4,1.0,1.0,0.0,1.0,other,well_bound,unseen_functional_form_ood
unseen_analytical_functional_forms,115afa0e53c0aa4b0d1719ae,cosh_well,truncated_line,2,1.0,inf,2,1.0,1.0,0.5484060837728923,0.02884781614590333,0.5560610906062133,0.17012441767664863,0.24870146101942406,3.2977256774902344,54,0.05934550613164902,0.05927542597055435,48.31590270996094,118.89199732883046,30903.404296875,4,4,1.0,1.0,0.0,1.0,other,well_bound,unseen_functional_form_ood
unseen_analytical_functional_forms,115afa0e53c0aa4b0d1719ae,cosh_well,truncated_line,3,1.0,inf,3,1.0,1.0,0.558532058571182,0.02938047299987084,0.843837775754777,0.14371002248473172,0.14201195828007432,2.71231746673584,43,0.0744437575340271,0.07403648644685745,45.960655212402344,123.91417982841021,29444.03125,4,4,1.0,1.0,0.0,1.0,other,well_bound,unseen_functional_form_ood
unseen_analytical_functional_forms,115afa0e53c0aa4b0d1719ae,cosh_well,truncated_line,4,1.0,inf,4,1.0,1.0,0.6717185899455005,0.03533442636380005,1.0137135971846005,0.10445343600049788,0.09054301957930963,2.329737663269043,36,0.08843796700239182,0.08779217302799225,40.633819580078125,117.39755675891976,25414.1640625,4,4,1.0,1.0,0.0,1.0,other,well_bound,unseen_functional_form_ood
unseen_analytical_functional_forms,115afa0e53c0aa4b0d1719ae,cosh_well,truncated_line,5,1.0,inf,5,1.0,1.0,0.660262263549391,0.03473178899823922,1.0748900954627185,0.08279390479363534,0.055379559965360835,2.049680709838867,31,0.1023302972316742,0.10154158622026443,31.285400390625,99.22737056323629,18351.3359375,4,4,1.0,1.0,1.0,1.0,other,well_bound,unseen_functional_form_ood
unseen_analytical_functional_forms,115afa0e53c0aa4b0d1719ae,cosh_well,truncated_line,6,1.0,inf,6,1.0,1.0,0.7207031187280187,0.03791116050684612,1.1755286082679595,0.06974674956788693,0.03543364760085688,1.8401966094970703,28,0.11326666176319122,0.11289243400096893,22.991832733154297,82.37779227479339,11672.0419921875,4,4,1.0,1.0,1.0,1.0,other,well_bound,unseen_functional_form_ood
unseen_analytical_functional_forms,115afa0e53c0aa4b0d1719ae,cosh_well,truncated_line,7,1.0,inf,7,1.0,1.0,0.6705367719634462,0.03527225916895481,1.1594066886199288,0.07255698732361825,0.01690982965726473,1.6500940322875977,25,0.12623322010040283,0.12611187994480133,14.946316719055176,58.78577300612273,5120.7900390625,4,4,1.0,1.0,0.0,1.0,other,well_bound,unseen_functional_form_ood
unseen_analytical_functional_forms,115afa0e53c0aa4b0d1719ae,cosh_well,truncated_line,8,1.0,inf,8,1.0,1.0,0.7350462467086718,0.03866565235364772,1.2976220760711357,0.06875946369527904,0.007988937277946485,1.533829689025879,23,0.13490258157253265,0.13474290072917938,8.736284255981445,39.32141988698983,1435.0743408203125,4,4,1.0,1.0,0.0,1.0,other,well_bound,unseen_functional_form_ood
unseen_analytical_functional_forms,115afa0e53c0aa4b0d1719ae,cosh_well,truncated_line,9,1.0,inf,9,1.0,1.0,0.6380483383666516,0.03356326944947379,1.3151426976919547,0.09071433101879839,0.003622349368198796,1.300344467163086,21,0.14913244545459747,0.14880383014678955,7.309395790100098,31.007863521391148,853.2548217773438,4,4,1.0,1.0,1.0,1.0,other,well_bound,unseen_functional_form_ood
unseen_analytical_functional_forms,115afa0e53c0aa4b0d1719ae,cosh_well,truncated_line,10,1.0,inf,10,1.0,1.0,0.6691281415534703,0.03519816095544677,1.4237080341088886,0.08343485917178567,0.0025401057718789804,1.211319923400879,20,0.15933702886104584,0.1588483452796936,5.255250453948975,20.548111788806757,317.2510986328125,4,4,1.0,1.0,1.0,1.0,other,well_bound,unseen_functional_form_ood
unseen_analytical_functional_forms,061bba719e04aadd81f16a65,cosh_well,truncated_line,0,1.0,inf,0,1.0,1.0,0.0,0.0,0.0,0.0,1.0,19.1848412422931,256,0.02447965182363987,0.024412918835878372,48.44129943847656,100.104259580341,29951.220703125,4,4,1.0,1.0,1.0,1.0,other,well_bound,unseen_functional_form_ood
unseen_analytical_functional_forms,061bba719e04aadd81f16a65,cosh_well,truncated_line,1,1.0,inf,1,1.0,1.0,0.03494197782133557,0.0018213326542575584,0.03494197782133557,0.01845374468765848,0.4815522727738376,9.55747864332526,127,0.044033415615558624,0.04394793510437012,49.48762512207031,116.8810411942496,31380.546875,4,4,1.0,1.0,0.0,1.0,other,well_bound,unseen_functional_form_ood
unseen_analytical_functional_forms,061bba719e04aadd81f16a65,cosh_well,truncated_line,2,1.0,inf,2,1.0,1.0,0.552990636424283,0.028824353010814173,0.5607468035157033,0.17007574400066738,0.2486382989765541,3.3360390663146973,54,0.05921405553817749,0.05914032459259033,48.27831268310547,119.36199168232915,30865.87890625,4,4,1.0,1.0,0.0,1.0,other,well_bound,unseen_functional_form_ood
unseen_analytical_functional_forms,061bba719e04aadd81f16a65,cosh_well,truncated_line,3,1.0,inf,3,1.0,1.0,0.5626931091205449,0.02933008941872735,0.8499773922459924,0.14364244958662234,0.14231061877102413,2.7424049377441406,43,0.07433290779590607,0.07393030822277069,45.92055892944336,124.30334697096218,29410.07421875,4,4,1.0,1.0,0.0,1.0,other,well_bound,unseen_functional_form_ood
unseen_analytical_functional_forms,061bba719e04aadd81f16a65,cosh_well,truncated_line,4,1.0,inf,4,1.0,1.0,0.6762054680999208,0.0352468628517614,1.0206462961032794,0.1045005040884551,0.09097384098151866,2.3549156188964844,36,0.08834340423345566,0.08768801391124725,40.57435607910156,117.59965828180736,25366.50390625,4,4,1.0,1.0,0.0,1.0,other,well_bound,unseen_functional_form_ood
unseen_analytical_functional_forms,061bba719e04aadd81f16a65,cosh_well,truncated_line,5,1.0,inf,5,1.0,1.0,0.6641769651980521,0.03461988331359605,1.081591043462101,0.08285092257627694,0.05577649606784676,2.0710678100585938,31,0.10225502401590347,0.10149159282445908,31.211042404174805,99.27776533092455,18292.7578125,4,4,1.0,1.0,1.0,1.0,other,well_bound,unseen_functional_form_ood
unseen_analytical_functional_forms,061bba719e04aadd81f16a65,cosh_well,truncated_line,6,1.0,inf,6,1.0,1.0,0.7246134093118145,0.03777010193414579,1.181974232418173,0.06970245570786159,0.035695426553410736,1.8586559295654297,28,0.1132194772362709,0.11286932975053787,22.927881240844727,82.34906120604569,11619.751953125,4,4,1.0,1.0,1.0,1.0,other,well_bound,unseen_functional_form_ood
unseen_analytical_functional_forms,061bba719e04aadd81f16a65,cosh_well,truncated_line,7,1.0,inf,7,1.0,1.0,0.6738852269122836,0.03512592147109873,1.16519295300853,0.07244150724958731,0.017043070812953975,1.6662168502807617,25,0.12621261179447174,0.12608003616333008,14.903596878051758,58.73903058503706,5090.2275390625,4,4,1.0,1.0,0.0,1.0,other,well_bound,unseen_functional_form_ood
unseen_analytical_functional_forms,061bba719e04aadd81f16a65,cosh_well,truncated_line,8,1.0,inf,8,1.0,1.0,0.7388675193778655,0.038513090103087615,1.3044083372065094,0.06848030398169519,0.008031180747812105,1.5487885475158691,23,0.13488909602165222,0.13473616540431976,8.719099044799805,39.28837711587353,1427.8072509765625,4,4,1.0,1.0,0.0,1.0,other,well_bound,unseen_functional_form_ood
unseen_analytical_functional_forms,061bba719e04aadd81f16a65,cosh_well,truncated_line,9,1.0,inf,9,1.0,1.0,0.6418503763785205,0.033456121334147784,1.3227217837638179,0.09038627403269842,0.00363593573622195,1.3135623931884766,21,0.14898639917373657,0.14865167438983917,7.292069911956787,30.960656925977453,847.5930786132812,4,4,1.0,1.0,1.0,1.0,other,well_bound,unseen_functional_form_ood
unseen_analytical_functional_forms,061bba719e04aadd81f16a65,cosh_well,truncated_line,10,1.0,inf,10,1.0,1.0,0.6735707406112518,0.03510952903411892,1.4335643152102309,0.08312080722139144,0.002543404636991285,1.2236499786376953,20,0.15918253362178802,0.1587015837430954,5.246154308319092,20.528087512971346,315.5913391113281,4,4,1.0,1.0,1.0,1.0,other,well_bound,unseen_functional_form_ood
unseen_analytical_functional_forms,498382b5fda868ada5b5a4bf,cosh_well,truncated_line,0,1.0,inf,0,1.0,1.0,0.0,0.0,0.0,0.0,1.0,18.448787368103954,256,0.024705106392502785,0.024643685668706894,48.62712860107422,99.06028611411992,30188.89453125,4,4,1.0,1.0,1.0,1.0,other,well_bound,unseen_functional_form_ood
unseen_analytical_functional_forms,498382b5fda868ada5b5a4bf,cosh_well,truncated_line,1,1.0,inf,1,1.0,1.0,0.033014363609191216,0.0017895140179386337,0.033014363609191216,0.017659952293268638,0.4823460514078486,9.191379320442724,127,0.0443914420902729,0.04430689662694931,49.59036636352539,115.27200308401659,31496.34765625,4,4,1.0,1.0,0.0,1.0,other,well_bound,unseen_functional_form_ood
unseen_analytical_functional_forms,498382b5fda868ada5b5a4bf,cosh_well,truncated_line,2,1.0,inf,2,1.0,1.0,0.5329683833511605,0.028889073992614155,0.5403440343903504,0.17019952890228782,0.24883775813613218,3.1855335235595703,53,0.059601109474897385,0.05954141914844513,48.38655471801758,118.00294659713808,30973.845703125,4,4,1.0,1.0,0.0,1.0,other,well_bound,unseen_functional_form_ood
unseen_analytical_functional_forms,498382b5fda868ada5b5a4bf,cosh_well,truncated_line,3,1.0,inf,3,1.0,1.0,0.5437554149246692,0.029473775380205534,0.8217819706040006,0.14384977828843853,0.14145756773578075,2.622626304626465,43,0.07465872913599014,0.07423347234725952,46.03657531738281,123.17045465674676,29508.21875,4,4,1.0,1.0,0.0,1.0,other,well_bound,unseen_functional_form_ood
unseen_analytical_functional_forms,498382b5fda868ada5b5a4bf,cosh_well,truncated_line,4,1.0,inf,4,1.0,1.0,0.6549317160178824,0.03549998723223357,0.9880648694418368,0.10436956663237515,0.0897218058103355,2.2539358139038086,36,0.08862147480249405,0.08800049871206284,40.74737548828125,117.01271541690143,25504.9765625,4,4,1.0,1.0,0.0,1.0,other,well_bound,unseen_functional_form_ood
unseen_analytical_functional_forms,498382b5fda868ada5b5a4bf,cosh_well,truncated_line,5,1.0,inf,5,1.0,1.0,0.6446757850578602,0.03494407367784172,1.0489097378208143,0.08267445726459918,0.054620204933485676,1.9843997955322266,31,0.10247635841369629,0.1016671434044838,31.428253173828125,99.14408059767747,18463.505859375,4,4,1.0,1.0,1.0,1.0,other,well_bound,unseen_functional_form_ood
unseen_analytical_functional_forms,498382b5fda868ada5b5a4bf,cosh_well,truncated_line,6,1.0,inf,6,1.0,1.0,0.70439264813993,0.03818097276993674,1.1487991929605337,0.0698448848009149,0.034930211621132745,1.7829580307006836,28,0.11336366087198257,0.11295494437217712,23.11509132385254,82.44660659815413,11772.8203125,4,4,1.0,1.0,1.0,1.0,other,well_bound,unseen_functional_form_ood
unseen_analytical_functional_forms,498382b5fda868ada5b5a4bf,cosh_well,truncated_line,7,1.0,inf,7,1.0,1.0,0.6559353922204545,0.03555439060208906,1.1341901613317216,0.07279982254077373,0.01665562305953161,1.5995616912841797,25,0.1262717843055725,0.12616458535194397,15.028937339782715,58.89012704827765,5180.04052734375,4,4,1.0,1.0,0.0,1.0,other,well_bound,unseen_functional_form_ood
unseen_analytical_functional_forms,498382b5fda868ada5b5a4bf,cosh_well,truncated_line,8,1.0,inf,8,1.0,1.0,0.7187641887322382,0.0389599692592754,1.2688127250436612,0.06929240615289697,0.007908832512051088,1.4869098663330078,23,0.13492365181446075,0.13474132120609283,8.76950740814209,39.39803948828709,1449.17236328125,4,4,1.0,1.0,0.0,1.0,other,well_bound,unseen_functional_form_ood
unseen_analytical_functional_forms,498382b5fda868ada5b5a4bf,cosh_well,truncated_line,9,1.0,inf,9,1.0,1.0,0.6230245096503648,0.03377048568121663,1.2846596270080646,0.09134418726414067,0.00359681188820495,1.2595787048339844,21,0.1494264453649521,0.14909851551055908,7.342841148376465,31.108078353527045,864.2393798828125,4,4,1.0,1.0,1.0,1.0,other,well_bound,unseen_functional_form_ood
unseen_analytical_functional_forms,498382b5fda868ada5b5a4bf,cosh_well,truncated_line,10,1.0,inf,10,1.0,1.0,0.6525144664944773,0.035368962386254574,1.3875942507218832,0.08403824503711545,0.0025340523445408596,1.1733179092407227,20,0.15962950885295868,0.15912975370883942,5.272805213928223,20.590327223710396,320.4603271484375,4,4,1.0,1.0,1.0,1.0,other,well_bound,unseen_functional_form_ood
unseen_analytical_functional_forms,7d01faa462d1a8eafd86ffdc,cosh_well,truncated_line,0,1.0,inf,0,1.0,1.0,0.0,0.0,0.0,0.0,1.0,17.391825006236704,256,0.02446785569190979,0.024402013048529625,48.45268249511719,100.28563298273906,29965.732421875,4,4,1.0,1.0,1.0,1.0,other,well_bound,unseen_functional_form_ood
unseen_analytical_functional_forms,7d01faa462d1a8eafd86ffdc,cosh_well,truncated_line,1,1.0,inf,1,1.0,1.0,0.03163154423236175,0.0018187593436007254,0.03163154423236175,0.018428163289852972,0.4815778311269725,8.664280958885985,127,0.04402030631899834,0.04393351450562477,49.49308395385742,117.09780967165433,31386.666015625,4,4,1.0,1.0,0.0,1.0,other,well_bound,unseen_functional_form_ood
unseen_analytical_functional_forms,7d01faa462d1a8eafd86ffdc,cosh_well,truncated_line,2,1.0,inf,2,1.0,1.0,0.5010949002410136,0.028812094191456104,0.5081362800504037,0.1697650189588872,0.24886318147825162,3.024561882019043,54,0.05921180918812752,0.05914102867245674,48.28317642211914,119.52136010555684,30870.677734375,4,4,1.0,1.0,0.0,1.0,other,well_bound,unseen_functional_form_ood
unseen_analytical_functional_forms,7d01faa462d1a8eafd86ffdc,cosh_well,truncated_line,3,1.0,inf,3,1.0,1.0,0.5097350022263272,0.02930888518275318,0.7699345336954115,0.14343493794569215,0.1425364537198367,2.486043930053711,43,0.07434414327144623,0.07393854856491089,45.92567443847656,124.40683117939362,29414.6875,4,4,1.0,1.0,0.0,1.0,other,well_bound,unseen_functional_form_ood
unseen_analytical_functional_forms,7d01faa462d1a8eafd86ffdc,cosh_well,truncated_line,4,1.0,inf,4,1.0,1.0,0.6125000550767116,0.035217698824422924,0.924551809705898,0.10438576948826336,0.09115148772469095,2.1346139907836914,36,0.08836493641138077,0.08771142363548279,40.57970428466797,117.62960947707779,25371.431640625,4,4,1.0,1.0,0.0,1.0,other,well_bound,unseen_functional_form_ood
unseen_analytical_functional_forms,7d01faa462d1a8eafd86ffdc,cosh_well,truncated_line,5,1.0,inf,5,1.0,1.0,0.60148222329103,0.03458419246257012,0.9796122103899685,0.08277699676120352,0.055886578067495016,1.8771476745605469,31,0.10228648036718369,0.10152304917573929,31.22083282470703,99.27872045027713,18301.041015625,4,4,1.0,1.0,1.0,1.0,other,well_bound,unseen_functional_form_ood
unseen_analytical_functional_forms,7d01faa462d1a8eafd86ffdc,cosh_well,truncated_line,6,1.0,inf,6,1.0,1.0,0.6563336169449884,0.03773805317783656,1.0707608167308242,0.06961363820423148,0.03577165815363703,1.6845769882202148,28,0.11325355619192123,0.11290758848190308,22.930227279663086,82.31233466929044,11621.955078125,4,4,1.0,1.0,1.0,1.0,other,well_bound,unseen_functional_form_ood
unseen_analytical_functional_forms,7d01faa462d1a8eafd86ffdc,cosh_well,truncated_line,7,1.0,inf,7,1.0,1.0,0.6105354920524795,0.035104739832279915,1.0557984233935471,0.07234091153530431,0.01706166761425465,1.5101251602172852,25,0.1262519359588623,0.12611627578735352,14.906174659729004,58.71870905331477,5092.1181640625,4,4,1.0,1.0,0.0,1.0,other,well_bound,unseen_functional_form_ood
unseen_analytical_functional_forms,7d01faa462d1a8eafd86ffdc,cosh_well,truncated_line,8,1.0,inf,8,1.0,1.0,0.6694930609122212,0.038494698553610165,1.1822152419485885,0.06839247341762897,0.008014184822572382,1.4037108421325684,23,0.13492955267429352,0.13477450609207153,8.721879005432129,39.26740325418017,1429.00927734375,4,4,1.0,1.0,0.0,1.0,other,well_bound,unseen_functional_form_ood
unseen_analytical_functional_forms,7d01faa462d1a8eafd86ffdc,cosh_well,truncated_line,9,1.0,inf,9,1.0,1.0,0.5817323587908708,0.033448609250740606,1.198994971865833,0.09030885418564404,0.0036220364656648464,1.1905508041381836,21,0.14901448786258698,0.14867742359638214,7.294981956481934,30.942075596666307,848.539306640625,4,4,1.0,1.0,1.0,1.0,other,well_bound,unseen_functional_form_ood
unseen_analytical_functional_forms,7d01faa462d1a8eafd86ffdc,cosh_well,truncated_line,10,1.0,inf,10,1.0,1.0,0.6107832133648017,0.03511898338131708,1.3004750371910205,0.08304481857206428,0.002531447266675039,1.1090993881225586,20,0.15921343863010406,0.1587304174900055,5.248494625091553,20.520870580552444,316.026123046875,4,4,1.0,1.0,1.0,1.0,other,well_bound,unseen_functional_form_ood
unseen_analytical_functional_forms,62f3e4c6d5eecd90c12ab630,cosh_well,truncated_line,0,1.0,inf,0,1.0,1.0,0.0,0.0,0.0,0.0,1.0,21.089155110677208,256,0.024465983733534813,0.024400092661380768,48.44638442993164,100.26843610802932,29957.646484375,4,4,1.0,1.0,1.0,1.0,other,well_bound,unseen_functional_form_ood
unseen_analytical_functional_forms,62f3e4c6d5eecd90c12ab630,cosh_well,truncated_line,1,1.0,inf,1,1.0,1.0,0.03838188946243637,0.0018199823208187246,0.03838188946243637,0.0184501172124234,0.48155588253463283,10.506195665876136,127,0.04401618614792824,0.04392920434474945,49.48978805541992,117.08424747057111,31382.91015625,4,4,1.0,1.0,0.0,1.0,other,well_bound,unseen_functional_form_ood
unseen_analytical_functional_forms,62f3e4c6d5eecd90c12ab630,cosh_well,truncated_line,2,1.0,inf,2,1.0,1.0,0.6076478932601244,0.028813287686071356,0.6161853496534144,0.16982596253773485,0.24881062589951625,3.66799259185791,54,0.059204503893852234,0.05913246050477028,48.27987289428711,119.51434097725902,30867.380859375,4,4,1.0,1.0,0.0,1.0,other,well_bound,unseen_functional_form_ood
unseen_analytical_functional_forms,62f3e4c6d5eecd90c12ab630,cosh_well,truncated_line,3,1.0,inf,3,1.0,1.0,0.6181325130541299,0.02931044462474346,0.9336676989315573,0.14347633341252883,0.14250497144428,3.0149030685424805,43,0.07433365285396576,0.07393161952495575,45.92216110229492,124.40703000033878,29411.666015625,4,4,1.0,1.0,0.0,1.0,other,well_bound,unseen_functional_form_ood
unseen_analytical_functional_forms,62f3e4c6d5eecd90c12ab630,cosh_well,truncated_line,4,1.0,inf,4,1.0,1.0,0.7427348781439116,0.0352188067395774,1.1211325693061232,0.10441368994992777,0.09113818187623218,2.588711738586426,36,0.08835650980472565,0.08770228922367096,40.574989318847656,117.63477310485314,25367.51953125,4,4,1.0,1.0,0.0,1.0,other,well_bound,unseen_functional_form_ood
unseen_analytical_functional_forms,62f3e4c6d5eecd90c12ab630,cosh_well,truncated_line,5,1.0,inf,5,1.0,1.0,0.7293749359696987,0.034585308521934296,1.1878968802299137,0.08279634779759872,0.05588597489639795,2.2764692306518555,31,0.10227636992931366,0.10151434689760208,31.21428680419922,99.281360523941,18295.748046875,4,4,1.0,1.0,1.0,1.0,other,well_bound,unseen_functional_form_ood
unseen_analytical_functional_forms,62f3e4c6d5eecd90c12ab630,cosh_well,truncated_line,6,1.0,inf,6,1.0,1.0,0.7958349672147745,0.03773669277115099,1.2983093924668703,0.06963140280196459,0.03577046922819804,2.042898178100586,28,0.11323913186788559,0.1128978431224823,22.925888061523438,82.31852599856961,11618.3466796875,4,4,1.0,1.0,1.0,1.0,other,well_bound,unseen_functional_form_ood
unseen_analytical_functional_forms,62f3e4c6d5eecd90c12ab630,cosh_well,truncated_line,7,1.0,inf,7,1.0,1.0,0.7402450056124711,0.035100742619968366,1.280068049968731,0.0723559742503364,0.017065404640552395,1.8313236236572266,25,0.12624220550060272,0.12610551714897156,14.903067588806152,58.72042267635452,5089.8837890625,4,4,1.0,1.0,0.0,1.0,other,well_bound,unseen_functional_form_ood
unseen_analytical_functional_forms,62f3e4c6d5eecd90c12ab630,cosh_well,truncated_line,8,1.0,inf,8,1.0,1.0,0.8117163401832863,0.038489751529795675,1.4332876175420832,0.06839513775299065,0.008020352884954214,1.7022700309753418,23,0.13492070138454437,0.1347643882036209,8.720239639282227,39.269974076754124,1428.310302734375,4,4,1.0,1.0,0.0,1.0,other,well_bound,unseen_functional_form_ood
unseen_analytical_functional_forms,62f3e4c6d5eecd90c12ab630,cosh_well,truncated_line,9,1.0,inf,9,1.0,1.0,0.7053052724698585,0.03344397956050739,1.4536274687448634,0.09030634646516393,0.0036258487574396506,1.4437999725341797,21,0.14899763464927673,0.14866384863853455,7.293304443359375,30.943305490753712,847.9929809570312,4,4,1.0,1.0,1.0,1.0,other,well_bound,unseen_functional_form_ood
unseen_analytical_functional_forms,62f3e4c6d5eecd90c12ab630,cosh_well,truncated_line,10,1.0,inf,10,1.0,1.0,0.7404772254645007,0.035111753959721465,1.5765025267131927,0.08304279887656593,0.0025342385767171765,1.345010757446289,20,0.15919695794582367,0.1587136685848236,5.247433662414551,20.521187157560096,315.8306579589844,4,4,1.0,1.0,1.0,1.0,other,well_bound,unseen_functional_form_ood
seen_basis_reparameterization,d68b1604c7dd257e6d95f211,rosen_morse_ii,truncated_line,0,1.0,7.565453153894778,0,1.0,1.0,0.0,0.0,0.0,0.0,1.0,19.55854935806985,256,0.032667405903339386,0.032635949552059174,49.77561569213867,129.26503491553441,32446.27734375,4,4,1.0,1.0,0.0,1.0,other,well_bound,seen_basis_reparameterization_diagnostic
seen_basis_reparameterization,d68b1604c7dd257e6d95f211,rosen_morse_ii,truncated_line,1,1.0,6.668391555530249,1,1.0,1.0,0.0032841416964089314,0.0001679133577999176,0.0032841416964089314,0.0012046852231735183,0.49904923333045215,9.752280632934731,128,0.05801413580775261,0.057983849197626114,49.97993469238281,129.30109306317254,32444.341796875,4,4,1.0,1.0,0.0,1.0,other,well_bound,seen_basis_reparameterization_diagnostic
seen_basis_reparameterization,d68b1604c7dd257e6d95f211,rosen_morse_ii,truncated_line,2,1.0,5.827757115931126,2,1.0,1.0,0.5651710629049865,0.028896369181480076,0.5815713594577583,0.1497875994719415,0.2644395860751921,2.6395015716552734,42,0.07591716200113297,0.07565580308437347,48.362144470214844,107.83853581693884,31481.63671875,4,4,1.0,1.0,0.0,1.0,other,well_bound,seen_basis_reparameterization_diagnostic
seen_basis_reparameterization,d68b1604c7dd257e6d95f211,rosen_morse_ii,truncated_line,3,1.0,5.043556446158009,3,1.0,1.0,0.6083701839303112,0.031105077007119543,0.923576287584853,0.11776271624299284,0.1314896534591049,2.238071918487549,35,0.09042397886514664,0.0902259573340416,45.675601959228516,93.28685228726818,29661.46875,4,4,1.0,1.0,0.0,1.0,other,well_bound,seen_basis_reparameterization_diagnostic
seen_basis_reparameterization,d68b1604c7dd257e6d95f211,rosen_morse_ii,truncated_line,4,1.0,4.315795556761403,4,1.0,1.0,0.796903517571474,0.040744510391956645,1.195365207883465,0.0760428616153301,0.058594684363815035,1.98968505859375,31,0.10220016539096832,0.1018851101398468,41.1620979309082,86.78848412101951,26202.884765625,4,4,1.0,1.0,0.0,1.0,other,well_bound,seen_basis_reparameterization_diagnostic
seen_basis_reparameterization,d68b1604c7dd257e6d95f211,rosen_morse_ii,truncated_line,5,1.0,3.6444798719980485,5,1.0,1.0,0.856486779781946,0.043790915374230445,1.4004134925917677,0.0699650368590451,0.020857916343397214,1.8185739517211914,28,0.11358460783958435,0.112846739590168,30.95973777770996,75.16297929398328,18324.224609375,4,4,1.0,1.0,1.0,1.0,other,well_bound,seen_basis_reparameterization_diagnostic
seen_basis_reparameterization,d68b1604c7dd257e6d95f211,rosen_morse_ii,truncated_line,6,1.0,3.0296142577081184,6,1.0,1.0,1.0224972253917934,0.05227878646173273,1.7088228024361536,0.08429830600072082,0.009099197590893284,1.7092037200927734,26,0.12113655358552933,0.12050443142652512,22.740615844726562,67.0323206820982,11529.32421875,4,4,1.0,1.0,1.0,1.0,other,well_bound,seen_basis_reparameterization_diagnostic
seen_basis_reparameterization,d68b1604c7dd257e6d95f211,rosen_morse_ii,truncated_line,7,1.0,2.4712030501790885,7,1.0,1.0,1.054237900244091,0.053901640706758895,1.897664880746921,0.10074508274920631,0.004669496138108742,1.5765008926391602,24,0.13072392344474792,0.13040073215961456,13.894103050231934,48.77615916480849,4378.916015625,4,4,1.0,1.0,0.0,1.0,other,well_bound,seen_basis_reparameterization_diagnostic
seen_basis_reparameterization,d68b1604c7dd257e6d95f211,rosen_morse_ii,truncated_line,8,1.0,1.9692492984983467,8,1.0,1.0,1.187073233040688,0.06069331683593916,2.1994854904716754,0.1117010776152977,0.003366363001380516,1.490823745727539,23,0.13556911051273346,0.13538183271884918,7.532664775848389,30.92802229373105,935.2430419921875,4,4,1.0,1.0,0.0,1.0,other,well_bound,seen_basis_reparameterization_diagnostic
seen_basis_reparameterization,d68b1604c7dd257e6d95f211,rosen_morse_ii,truncated_line,9,1.0,1.5237362310003626,9,1.0,1.0,1.032227227055036,0.05277626720455826,2.1590062236798904,0.12443910009431391,0.0018690214671068929,1.223419189453125,19,0.16359685361385345,0.16307440400123596,6.6388373374938965,24.909741316320044,635.3571166992188,4,4,1.0,1.0,1.0,1.0,other,well_bound,seen_basis_reparameterization_diagnostic
seen_basis_reparameterization,d68b1604c7dd257e6d95f211,rosen_morse_ii,truncated_line,10,1.0,1.1343683111117777,10,1.0,1.0,1.042633077681767,0.053308303115618176,2.147811052421079,0.12184390856491101,0.0021259338589998808,1.151214599609375,18,0.1722395420074463,0.1716960072517395,4.52514123916626,14.79287142419648,188.0059356689453,4,4,1.0,1.0,1.0,1.0,other,well_bound,seen_basis_reparameterization_diagnostic
seen_basis_reparameterization,278c7511ce818e81fbc48aa0,rosen_morse_ii,truncated_line,0,1.0,7.1089194471832355,0,1.0,1.0,0.0,0.0,0.0,0.0,1.0,20.6202783038798,256,0.03380534425377846,0.033762045204639435,49.41471862792969,146.0469347799437,32276.55078125,4,4,1.0,1.0,0.0,1.0,other,well_bound,seen_basis_reparameterization_diagnostic
seen_basis_reparameterization,278c7511ce818e81fbc48aa0,rosen_morse_ii,truncated_line,1,1.0,6.153066476419872,1,1.0,1.0,0.00015715647221204582,7.621452528236542e-06,0.00015715647221204582,0.0005082976577168719,0.4992968353057142,10.27736162110127,128,0.06025237590074539,0.060196153819561005,49.6963005065918,143.65904380272414,32312.861328125,4,4,1.0,1.0,0.0,1.0,other,well_bound,seen_basis_reparameterization_diagnostic
seen_basis_reparameterization,278c7511ce818e81fbc48aa0,rosen_morse_ii,truncated_line,2,1.0,5.266042718448481,2,1.0,1.0,0.6050272177280154,0.02934137012176876,0.622406352842724,0.14062285160523222,0.2691932710754782,2.6743545532226562,40,0.07897454500198364,0.07869520783424377,48.01283645629883,114.98096916813151,31287.728515625,4,4,1.0,1.0,0.0,1.0,other,well_bound,seen_basis_reparameterization_diagnostic
seen_basis_reparameterization,278c7511ce818e81fbc48aa0,rosen_morse_ii,truncated_line,3,1.0,4.44785756738128,3,1.0,1.0,0.6524211625237143,0.031639784531955525,0.9903444513619413,0.1033873449404257,0.13345692128224992,2.2681655883789062,34,0.0938597023487091,0.09368041157722473,45.22666549682617,94.31898435159715,29396.935546875,4,4,1.0,1.0,0.0,1.0,other,well_bound,seen_basis_reparameterization_diagnostic
seen_basis_reparameterization,278c7511ce818e81fbc48aa0,rosen_morse_ii,truncated_line,4,1.0,3.698519327817915,4,1.0,1.0,0.861571553506248,0.0417827315814714,1.2901667888657313,0.06804784057131934,0.05550291171767446,2.02587890625,30,0.10541343688964844,0.1052013710141182,40.748680114746094,84.37126561865044,25957.603515625,4,4,1.0,1.0,0.0,1.0,other,well_bound,seen_basis_reparameterization_diagnostic
seen_basis_reparameterization,278c7511ce818e81fbc48aa0,rosen_morse_ii,truncated_line,5,1.0,3.018035228462062,5,1.0,1.0,0.936886925621916,0.04543522215437977,1.5384719802486737,0.06751188279477971,0.01744377770309653,1.860825538635254,27,0.1163821816444397,0.11564037203788757,30.4008731842041,71.83202383559664,17934.0703125,4,4,1.0,1.0,1.0,1.0,other,well_bound,seen_basis_reparameterization_diagnostic
seen_basis_reparameterization,278c7511ce818e81fbc48aa0,rosen_morse_ii,truncated_line,6,1.0,2.4064114555420053,6,1.0,1.0,1.1378079481634462,0.05517907815770665,1.9144799673047332,0.09053630258983454,0.0063402626428663645,1.761392593383789,25,0.12316562980413437,0.1225200742483139,22.117883682250977,63.611381601993145,11033.1162109375,4,4,1.0,1.0,1.0,1.0,other,well_bound,seen_basis_reparameterization_diagnostic
seen_basis_reparameterization,278c7511ce818e81fbc48aa0,rosen_morse_ii,truncated_line,7,1.0,1.8636532108169035,7,1.0,1.0,1.1984820705525185,0.05812152740571977,2.1835627131737607,0.10943242706939975,0.0036090689758619954,1.6368722915649414,24,0.13191336393356323,0.1316266804933548,13.216592788696289,45.84646496588988,3914.494873046875,4,4,1.0,1.0,0.0,1.0,other,well_bound,seen_basis_reparameterization_diagnostic
seen_basis_reparameterization,278c7511ce818e81fbc48aa0,rosen_morse_ii,truncated_line,8,1.0,1.389763873148287,8,1.0,1.0,1.3558094412555137,0.06575126781874772,2.547293638149295,0.1191102191025467,0.002966875114048548,1.5484809875488281,23,0.13639827072620392,0.1361895054578781,7.097999572753906,28.45738080122283,780.609130859375,4,4,1.0,1.0,0.0,1.0,other,well_bound,seen_basis_reparameterization_diagnostic
seen_basis_reparameterization,278c7511ce818e81fbc48aa0,rosen_morse_ii,truncated_line,9,1.0,0.9847139911112465,9,1.0,1.0,1.1838575267532039,0.057412296250650294,2.478994531699837,0.13157624629455397,0.0016653289951329882,1.2659063339233398,19,0.16667623817920685,0.16611188650131226,6.358559608459473,23.048169719780482,551.0175170898438,4,4,1.0,1.0,1.0,1.0,other,well_bound,seen_basis_reparameterization_diagnostic
seen_basis_reparameterization,278c7511ce818e81fbc48aa0,rosen_morse_ii,truncated_line,10,1.0,0.647891572331523,10,1.0,1.0,1.195248059961734,0.0579646909875529,2.451424831334294,0.12996631073519269,0.0020659032858784863,1.1961860656738281,18,0.1747463047504425,0.1741832047700882,4.303204536437988,13.336020719994192,156.34564208984375,4,4,1.0,1.0,1.0,1.0,other,well_bound,seen_basis_reparameterization_diagnostic
seen_basis_reparameterization,09368923ae9cecadb572c912,rosen_morse_ii,truncated_line,0,1.0,8.011043522773726,0,1.0,1.0,0.0,0.0,0.0,0.0,1.0,19.060197046498537,256,0.03294435515999794,0.03291060030460358,49.69903564453125,132.84436944803772,32414.111328125,4,4,1.0,1.0,0.0,1.0,other,well_bound,seen_basis_reparameterization_diagnostic
seen_basis_reparameterization,09368923ae9cecadb572c912,rosen_morse_ii,truncated_line,1,1.0,7.03005566417796,1,1.0,1.0,0.002546610977154782,0.00013360884837350663,0.002546610977154782,0.0007235961776290989,0.4995005853797142,9.502894730720184,128,0.058545373380184174,0.05851438641548157,49.91841506958008,132.32482712840667,32417.560546875,4,4,1.0,1.0,0.0,1.0,other,well_bound,seen_basis_reparameterization_diagnostic
seen_basis_reparameterization,09368923ae9cecadb572c912,rosen_morse_ii,truncated_line,2,1.0,6.112951765002594,2,1.0,1.0,0.5523149322651331,0.028977398865170513,0.5681058259619307,0.14792444665663684,0.2655163199406626,2.5483627319335938,42,0.0766235738992691,0.0763610228896141,48.28083419799805,109.25735500947216,31437.29296875,4,4,1.0,1.0,0.0,1.0,other,well_bound,seen_basis_reparameterization_diagnostic
seen_basis_reparameterization,09368923ae9cecadb572c912,rosen_morse_ii,truncated_line,3,1.0,5.2597395562253375,3,1.0,1.0,0.5949675467845675,0.031215183417732103,0.90338963709208,0.11479951901825938,0.1318759760444612,2.1611547470092773,34,0.0912044495344162,0.09102094173431396,45.56745529174805,93.34290568075161,29598.1171875,4,4,1.0,1.0,0.0,1.0,other,well_bound,seen_basis_reparameterization_diagnostic
seen_basis_reparameterization,09368923ae9cecadb572c912,rosen_morse_ii,truncated_line,4,1.0,4.470426013011132,4,1.0,1.0,0.7808794413108452,0.0409691169197171,1.170477557825527,0.07355474849183231,0.05785108135794502,1.923583984375,30,0.10291921347379684,0.10263002663850784,41.058860778808594,86.1128892790838,26141.490234375,4,4,1.0,1.0,0.0,1.0,other,well_bound,seen_basis_reparameterization_diagnostic
seen_basis_reparameterization,09368923ae9cecadb572c912,rosen_morse_ii,truncated_line,5,1.0,3.745017366988066,5,1.0,1.0,0.8417049036122087,0.04416034637830959,1.377888778726366,0.0693585050478842,0.020013519257551772,1.760289192199707,28,0.11420704424381256,0.11343040317296982,30.811857223510742,74.31088955173205,18220.185546875,4,4,1.0,1.0,1.0,1.0,other,well_bound,seen_basis_reparameterization_diagnostic
seen_basis_reparameterization,09368923ae9cecadb572c912,rosen_morse_ii,truncated_line,6,1.0,3.083519132472866,6,1.0,1.0,1.0087529863897204,0.052924583304611424,1.6879280148222615,0.08563046434903246,0.00839998232416149,1.6571063995361328,26,0.12158221751451492,0.12097238004207611,22.57924461364746,66.18872545854877,11398.7255859375,4,4,1.0,1.0,1.0,1.0,other,well_bound,seen_basis_reparameterization_diagnostic
seen_basis_reparameterization,09368923ae9cecadb572c912,rosen_morse_ii,truncated_line,7,1.0,2.4859361340113737,7,1.0,1.0,1.0451559665221206,0.05483447857188452,1.8862353996105554,0.1027647310223027,0.004399057746723334,1.5310540199279785,24,0.130975604057312,0.13065969944000244,13.720176696777344,48.056772043335926,4258.53662109375,4,4,1.0,1.0,0.0,1.0,other,well_bound,seen_basis_reparameterization_diagnostic
seen_basis_reparameterization,09368923ae9cecadb572c912,rosen_morse_ii,truncated_line,8,1.0,1.9522716266834812,8,1.0,1.0,1.17830208597955,0.06182003696525323,2.1901452206250775,0.1136110656262874,0.0032629525773771404,1.4480905532836914,23,0.13571742177009583,0.1355295181274414,7.41994571685791,30.32200812470189,894.0966796875,4,4,1.0,1.0,0.0,1.0,other,well_bound,seen_basis_reparameterization_diagnostic
seen_basis_reparameterization,09368923ae9cecadb572c912,rosen_morse_ii,truncated_line,9,1.0,1.4825043475612074,9,1.0,1.0,1.0255099797776,0.05380374490755812,2.145022102021769,0.12604816501847554,0.0018185142666781392,1.1872920989990234,19,0.16428126394748688,0.1637466549873352,6.563076019287109,24.433953462297843,612.3583374023438,4,4,1.0,1.0,1.0,1.0,other,well_bound,seen_basis_reparameterization_diagnostic
seen_basis_reparameterization,09368923ae9cecadb572c912,rosen_morse_ii,truncated_line,10,1.0,1.0762515399889936,10,1.0,1.0,1.0355139141791927,0.0543286048750174,2.131731358131783,0.12372356520299523,0.0021108358552245146,1.1182279586791992,18,0.17279979586601257,0.17226271331310272,4.467228412628174,14.420375663437914,179.49525451660156,4,4,1.0,1.0,1.0,1.0,other,well_bound,seen_basis_reparameterization_diagnostic
seen_basis_reparameterization,9d77950c418f1453a44929af,rosen_morse_ii,truncated_line,0,1.0,6.059466041470008,0,1.0,1.0,0.0,0.0,0.0,0.0,1.0,22.020984284713574,256,0.03326418250799179,0.0332256555557251,49.58918762207031,136.5764353866403,32355.09765625,4,4,1.0,1.0,0.0,1.0,other,well_bound,seen_basis_reparameterization_diagnostic
seen_basis_reparameterization,9d77950c418f1453a44929af,rosen_morse_ii,truncated_line,1,1.0,5.2938954282497965,1,1.0,1.0,0.0031802427725938134,0.00014441873857570754,0.0031802427725938134,0.0003266186063083376,0.49978935043675793,10.994960118723744,128,0.05915507301688194,0.05909636616706848,49.83127212524414,135.56404718247063,32371.375,4,4,1.0,1.0,0.0,1.0,other,well_bound,seen_basis_reparameterization_diagnostic
seen_basis_reparameterization,9d77950c418f1453a44929af,rosen_morse_ii,truncated_line,2,1.0,4.579933849234301,2,1.0,1.0,0.639902413674083,0.029058756202750096,0.6560151741696646,0.14611684894306076,0.2666715733095745,2.91469669342041,41,0.0774167850613594,0.07713927328586578,48.17583465576172,110.84375977415176,31375.7265625,4,4,1.0,1.0,0.0,1.0,other,well_bound,seen_basis_reparameterization_diagnostic
seen_basis_reparameterization,9d77950c418f1453a44929af,rosen_morse_ii,truncated_line,3,1.0,3.91758773838061,3,1.0,1.0,0.6909752118851396,0.03137803483038665,1.050839653033195,0.1116205288504834,0.13259263401054663,2.4723453521728516,34,0.09198492020368576,0.09185964614152908,45.43440246582031,93.51545747393308,29516.1328125,4,4,1.0,1.0,0.0,1.0,other,well_bound,seen_basis_reparameterization_diagnostic
seen_basis_reparameterization,9d77950c418f1453a44929af,rosen_morse_ii,truncated_line,4,1.0,3.30686283432723,4,1.0,1.0,0.907593534470026,0.041214939474801544,1.3550224661153134,0.07088959516472348,0.057482409888826524,2.203436851501465,30,0.1036064401268959,0.10344363749027252,40.94248962402344,85.48892429015936,26070.65234375,4,4,1.0,1.0,0.0,1.0,other,well_bound,seen_basis_reparameterization_diagnostic
seen_basis_reparameterization,9d77950c418f1453a44929af,rosen_morse_ii,truncated_line,5,1.0,2.747764176640308,5,1.0,1.0,0.9827697735091391,0.044628785017178076,1.6157823061504737,0.0687480959556698,0.019422449066723396,2.019375801086426,27,0.11475981771945953,0.11413794755935669,30.64502716064453,73.46598250295166,18099.9609375,4,4,1.0,1.0,1.0,1.0,other,well_bound,seen_basis_reparameterization_diagnostic
seen_basis_reparameterization,9d77950c418f1453a44929af,rosen_morse_ii,truncated_line,6,1.0,2.2402961035923035,6,1.0,1.0,1.1811054006693786,0.05363544995984911,1.96960319800547,0.08710137413274595,0.007844364119403504,1.9041204452514648,26,0.12196758389472961,0.12133808434009552,22.411975860595703,65.36312686203712,11265.6171875,4,4,1.0,1.0,1.0,1.0,other,well_bound,seen_basis_reparameterization_diagnostic
seen_basis_reparameterization,9d77950c418f1453a44929af,rosen_morse_ii,truncated_line,7,1.0,1.7844622342018701,7,1.0,1.0,1.2291195529260406,0.055815831710086874,2.214581484443025,0.10488218848588177,0.004094956733197153,1.762425422668457,24,0.1311298906803131,0.1309555619955063,13.534146308898926,47.3348833169269,4130.6279296875,4,4,1.0,1.0,0.0,1.0,other,well_bound,seen_basis_reparameterization_diagnostic
seen_basis_reparameterization,9d77950c418f1453a44929af,rosen_morse_ii,truncated_line,8,1.0,1.3802646723579362,8,1.0,1.0,1.3891227543724582,0.0630817740211891,2.576923220922745,0.11550165403717605,0.003181975892915712,1.6675910949707031,23,0.1359643042087555,0.13564473390579224,7.290856838226318,29.66774007385628,848.0657348632812,4,4,1.0,1.0,0.0,1.0,other,well_bound,seen_basis_reparameterization_diagnostic
seen_basis_reparameterization,9d77950c418f1453a44929af,rosen_morse_ii,truncated_line,9,1.0,1.0276835642352335,9,1.0,1.0,1.2113406875106962,0.055008471549184076,2.543784588259129,0.12777306220920645,0.0017765795436928292,1.3658933639526367,19,0.16495256125926971,0.16443434357643127,6.473180770874023,23.91963982154756,585.7515258789062,4,4,1.0,1.0,1.0,1.0,other,well_bound,seen_basis_reparameterization_diagnostic
seen_basis_reparameterization,9d77950c418f1453a44929af,rosen_morse_ii,truncated_line,10,1.0,0.7263623553276252,10,1.0,1.0,1.2220161000558811,0.05549325517225743,2.5026703685004428,0.1256790408579116,0.002104515886344839,1.287928581237793,18,0.1733332872390747,0.1727738082408905,4.3976335525512695,14.004807705241358,169.6640167236328,4,4,1.0,1.0,1.0,1.0,other,well_bound,seen_basis_reparameterization_diagnostic
seen_basis_reparameterization,b386d2812f1574321b43974c,rosen_morse_ii,truncated_line,0,1.0,6.471017912931922,0,1.0,1.0,0.0,0.0,0.0,0.0,1.0,21.20480466665988,256,0.032904189079999924,0.032868728041648865,49.70344543457031,132.10348719960467,32411.732421875,4,4,1.0,1.0,0.0,1.0,other,well_bound,seen_basis_reparameterization_diagnostic
seen_basis_reparameterization,b386d2812f1574321b43974c,rosen_morse_ii,truncated_line,1,1.0,5.68410681497548,1,1.0,1.0,0.0037046121351361136,0.00017470626083912206,0.0037046121351361136,0.0008045007984340546,0.4993652714691105,10.58037309456287,128,0.05846410617232323,0.05841916799545288,49.92214584350586,131.72795403341502,32416.10546875,4,4,1.0,1.0,0.0,1.0,other,well_bound,seen_basis_reparameterization_diagnostic
seen_basis_reparameterization,b386d2812f1574321b43974c,rosen_morse_ii,truncated_line,2,1.0,4.948091489081457,2,1.0,1.0,0.6140290817318826,0.02895707323809094,0.6303992660152313,0.14843785059736916,0.26540932236651243,2.8398780822753906,42,0.0765058845281601,0.07623876631259918,48.289344787597656,109.00320080304235,31440.455078125,4,4,1.0,1.0,0.0,1.0,other,well_bound,seen_basis_reparameterization_diagnostic
seen_basis_reparameterization,b386d2812f1574321b43974c,rosen_morse_ii,truncated_line,3,1.0,4.262978021020475,3,1.0,1.0,0.6620161771477926,0.031220102592535295,1.0060753526190713,0.11540811801837739,0.13203691821306632,2.4083118438720703,34,0.09102842956781387,0.0908627063035965,45.581302642822266,93.36157570706125,29604.818359375,4,4,1.0,1.0,0.0,1.0,other,well_bound,seen_basis_reparameterization_diagnostic
seen_basis_reparameterization,b386d2812f1574321b43974c,rosen_morse_ii,truncated_line,4,1.0,3.6287718908543143,4,1.0,1.0,0.8677944429075404,0.04092442522104274,1.2983324000865917,0.07402671848728438,0.05827387094948308,2.1431331634521484,30,0.10274787992238998,0.10250222682952881,41.07781219482422,86.26587439763398,26152.78515625,4,4,1.0,1.0,0.0,1.0,other,well_bound,seen_basis_reparameterization_diagnostic
seen_basis_reparameterization,b386d2812f1574321b43974c,rosen_morse_ii,truncated_line,5,1.0,3.0454779744204563,5,1.0,1.0,0.9355682696732808,0.044120579480945006,1.533814112207752,0.06945907037738959,0.020342603060470362,1.960897445678711,28,0.11403963714838028,0.11333364248275757,30.836803436279297,74.48971483457969,18236.81640625,4,4,1.0,1.0,1.0,1.0,other,well_bound,seen_basis_reparameterization_diagnostic
seen_basis_reparameterization,b386d2812f1574321b43974c,rosen_morse_ii,truncated_line,6,1.0,2.5131005496363334,6,1.0,1.0,1.1195887674439,0.052798824843891125,1.8679323852938565,0.08532338506534119,0.008610941222028635,1.8453006744384766,26,0.12145507335662842,0.1208527684211731,22.61269760131836,66.38162383896123,11424.2373046875,4,4,1.0,1.0,1.0,1.0,other,well_bound,seen_basis_reparameterization_diagnostic
seen_basis_reparameterization,b386d2812f1574321b43974c,rosen_morse_ii,truncated_line,7,1.0,2.031643291359461,7,1.0,1.0,1.1584631310107503,0.054632105752532176,2.0847785001560735,0.10232603562382715,0.0044307026083098,1.7043466567993164,24,0.13087372481822968,0.13063029944896698,13.751581192016602,48.218364197818815,4280.20166015625,4,4,1.0,1.0,0.0,1.0,other,well_bound,seen_basis_reparameterization_diagnostic
seen_basis_reparameterization,b386d2812f1574321b43974c,rosen_morse_ii,truncated_line,8,1.0,1.6011085262657028,8,1.0,1.0,1.3066074502181984,0.06161846198340914,2.420835926321606,0.11323297117055445,0.003288632239162192,1.612135887145996,23,0.13573089241981506,0.13546420633792877,7.435360431671143,30.434468676318406,899.6868286132812,4,4,1.0,1.0,0.0,1.0,other,well_bound,seen_basis_reparameterization_diagnostic
seen_basis_reparameterization,b386d2812f1574321b43974c,rosen_morse_ii,truncated_line,9,1.0,1.2214792944065003,9,1.0,1.0,1.1375931403714545,0.05364789528856551,2.3837852770843178,0.1256988006125257,0.001830254928811401,1.3219623565673828,19,0.16413052380084991,0.16361182928085327,6.571280002593994,24.518003740574233,614.9536743164062,4,4,1.0,1.0,1.0,1.0,other,well_bound,seen_basis_reparameterization_diagnostic
seen_basis_reparameterization,b386d2812f1574321b43974c,rosen_morse_ii,truncated_line,10,1.0,0.8924596511171508,10,1.0,1.0,1.148493730871007,0.05416195758109356,2.3606599191399926,0.12333474188752853,0.002114748324543835,1.2449779510498047,18,0.17267003655433655,0.1721411943435669,4.473217964172363,14.477589573305531,180.4153594970703,4,4,1.0,1.0,1.0,1.0,other,well_bound,seen_basis_reparameterization_diagnostic
seen_basis_reparameterization,109ad689e33554166d4da553,rosen_morse_ii,truncated_line,0,1.0,6.959951360336507,0,1.0,1.0,0.0,0.0,0.0,0.0,1.0,20.662009885309278,256,0.033470723778009415,0.03343256935477257,49.543296813964844,141.33844310480467,32347.787109375,4,4,1.0,1.0,0.0,1.0,other,well_bound,seen_basis_reparameterization_diagnostic
seen_basis_reparameterization,109ad689e33554166d4da553,rosen_morse_ii,truncated_line,1,1.0,6.0529131960436375,1,1.0,1.0,0.0003148869295280382,1.5239898309792376e-05,0.0003148869295280382,7.605814100808406e-05,0.4996267583731919,10.286154317300067,127,0.05959605425596237,0.05956131964921951,49.79791259765625,139.55188061661693,32366.990234375,4,4,1.0,1.0,0.0,1.0,other,well_bound,seen_basis_reparameterization_diagnostic
seen_basis_reparameterization,109ad689e33554166d4da553,rosen_morse_ii,truncated_line,2,1.0,5.208965315407991,2,1.0,1.0,0.6036616750543209,0.02921601908067643,0.6230164308625943,0.14309942518711338,0.2678030866776597,2.7098588943481445,41,0.07808443158864975,0.07781577110290527,48.13252258300781,112.8722257651967,31358.228515625,4,4,1.0,1.0,0.0,1.0,other,well_bound,seen_basis_reparameterization_diagnostic
seen_basis_reparameterization,109ad689e33554166d4da553,rosen_morse_ii,truncated_line,3,1.0,4.428116052040287,3,1.0,1.0,0.6495261559431439,0.03143576832788944,0.9845153638522504,0.10744989773548991,0.13259177335147843,2.2981462478637695,34,0.09293392300605774,0.09270219504833221,45.377601623535156,93.88659529051807,29490.244140625,4,4,1.0,1.0,0.0,1.0,other,well_bound,seen_basis_reparameterization_diagnostic
seen_basis_reparameterization,109ad689e33554166d4da553,rosen_morse_ii,truncated_line,4,1.0,3.7103728833325613,4,1.0,1.0,0.8569756130069653,0.04147590760840147,1.2881489952652831,0.06876717235609023,0.056003769163650234,2.0498876571655273,30,0.10457547754049301,0.10425128787755966,40.886146545410156,84.92409115860902,26042.75,4,4,1.0,1.0,0.0,1.0,other,well_bound,seen_basis_reparameterization_diagnostic
seen_basis_reparameterization,109ad689e33554166d4da553,rosen_morse_ii,truncated_line,5,1.0,3.055742471830489,5,1.0,1.0,0.9276547685243566,0.04489663753301757,1.5169816433673877,0.06794589362575719,0.018125777376924137,1.8799667358398438,27,0.11568783968687057,0.1148853674530983,30.587148666381836,72.67701976846983,18068.78125,4,4,1.0,1.0,1.0,1.0,other,well_bound,seen_basis_reparameterization_diagnostic
seen_basis_reparameterization,109ad689e33554166d4da553,rosen_morse_ii,truncated_line,6,1.0,2.46423074721214,6,1.0,1.0,1.1226633710784482,0.05433466430952894,1.8937917790604444,0.08866802638337412,0.006932968334385203,1.7760992050170898,26,0.12267540395259857,0.12205081433057785,22.311861038208008,64.48897990972935,11190.0478515625,4,4,1.0,1.0,1.0,1.0,other,well_bound,seen_basis_reparameterization_diagnostic
seen_basis_reparameterization,109ad689e33554166d4da553,rosen_morse_ii,truncated_line,7,1.0,1.9358430529686776,7,1.0,1.0,1.1763251328158195,0.056931786372447175,2.144113223208879,0.10701172326780974,0.0039029402348045306,1.647146224975586,24,0.13168716430664062,0.13128849864006042,13.421589851379395,46.62935480602464,4053.427978515625,4,4,1.0,1.0,0.0,1.0,other,well_bound,seen_basis_reparameterization_diagnostic
seen_basis_reparameterization,109ad689e33554166d4da553,rosen_morse_ii,truncated_line,8,1.0,1.4705835560498821,8,1.0,1.0,1.3278098809496126,0.06426334554673152,2.495892841220148,0.11725820125186323,0.003050743926320286,1.5578250885009766,23,0.13608986139297485,0.13598622381687164,7.231607437133789,29.152990260645076,826.6181030273438,4,4,1.0,1.0,0.0,1.0,other,well_bound,seen_basis_reparameterization_diagnostic
seen_basis_reparameterization,109ad689e33554166d4da553,rosen_morse_ii,truncated_line,9,1.0,1.0684296767104655,9,1.0,1.0,1.1572169271358201,0.05600698739180273,2.4152053854233513,0.12953188841367835,0.001711208165986217,1.2750062942504883,19,0.1658513844013214,0.1652854084968567,6.447483062744141,23.563645778831855,576.9348754882812,4,4,1.0,1.0,1.0,1.0,other,well_bound,seen_basis_reparameterization_diagnostic
seen_basis_reparameterization,109ad689e33554166d4da553,rosen_morse_ii,truncated_line,10,1.0,0.7289015661241375,10,1.0,1.0,1.1690389198022249,0.05657914821894521,2.40784871840966,0.1277023405868147,0.0020744877342408026,1.2031211853027344,18,0.17409540712833405,0.17355214059352875,4.37276029586792,13.746697719053738,165.8027801513672,4,4,1.0,1.0,1.0,1.0,other,well_bound,seen_basis_reparameterization_diagnostic
seen_basis_reparameterization,789a7edf290458bf6e0909dc,rosen_morse_ii,truncated_line,0,1.0,9.938796576517928,0,1.0,1.0,0.0,0.0,0.0,0.0,1.0,17.053867722818357,256,0.03245393559336662,0.03242144733667374,49.81398010253906,126.13406776365858,32450.533203125,4,4,1.0,1.0,0.0,1.0,other,well_bound,seen_basis_reparameterization_diagnostic
seen_basis_reparameterization,789a7edf290458bf6e0909dc,rosen_morse_ii,truncated_line,1,1.0,8.7960940191026,1,1.0,1.0,0.005085316763867579,0.00029819140423279703,0.005085316763867579,0.0014985806808935909,0.49860284880609734,8.516484259868335,128,0.05759543925523758,0.05755943804979324,50.010398864746094,126.70459754591144,32449.63671875,4,4,1.0,1.0,0.0,1.0,other,well_bound,seen_basis_reparameterization_diagnostic
seen_basis_reparameterization,789a7edf290458bf6e0909dc,rosen_morse_ii,truncated_line,2,1.0,7.723059833264573,2,1.0,1.0,0.49142279020628427,0.028815914266108238,0.5032035571416714,0.15182644603245854,0.2637612254413922,2.3195667266845703,42,0.07535231113433838,0.07508090883493423,48.40717697143555,106.66043073239982,31501.7265625,4,4,1.0,1.0,0.0,1.0,other,well_bound,seen_basis_reparameterization_diagnostic
seen_basis_reparameterization,789a7edf290458bf6e0909dc,rosen_morse_ii,truncated_line,3,1.0,6.719701833821753,3,1.0,1.0,0.5300117295244006,0.031078681864949387,0.8063774501403445,0.12033058387272072,0.13166433739842892,1.9665131568908691,35,0.08970791846513748,0.08956597745418549,45.73697280883789,93.31318610662375,29692.599609375,4,4,1.0,1.0,0.0,1.0,other,well_bound,seen_basis_reparameterization_diagnostic
seen_basis_reparameterization,789a7edf290458bf6e0909dc,rosen_morse_ii,truncated_line,4,1.0,5.786027110586159,4,1.0,1.0,0.6915861818065958,0.040553040110733476,1.033005627465348,0.07814017680844657,0.05974583837895912,1.7466788291931152,31,0.10151106864213943,0.10127957910299301,41.22267150878906,87.44543544416325,26235.310546875,4,4,1.0,1.0,0.0,1.0,other,well_bound,seen_basis_reparameterization_diagnostic
seen_basis_reparameterization,789a7edf290458bf6e0909dc,rosen_morse_ii,truncated_line,5,1.0,4.922042022066909,5,1.0,1.0,0.742804725108734,0.04355637895061476,1.2181760316500392,0.0706164363115326,0.0219372346093719,1.5951414108276367,28,0.11296330392360687,0.11228834837675095,31.041168212890625,75.94978715168239,18376.173828125,4,4,1.0,1.0,1.0,1.0,other,well_bound,seen_basis_reparameterization_diagnostic
seen_basis_reparameterization,789a7edf290458bf6e0909dc,rosen_morse_ii,truncated_line,6,1.0,4.127752188846934,6,1.0,1.0,0.8823645803748729,0.05173985131796551,1.4644245783296443,0.08320039881241248,0.00989527364255323,1.496992588043213,26,0.12066598236560822,0.12007580697536469,22.845369338989258,67.8289049333364,11607.6328125,4,4,1.0,1.0,1.0,1.0,other,well_bound,seen_basis_reparameterization_diagnostic
seen_basis_reparameterization,789a7edf290458bf6e0909dc,rosen_morse_ii,truncated_line,7,1.0,3.4031624534364457,7,1.0,1.0,0.9050448807403256,0.05306977252610917,1.6178681835757986,0.09902778092340042,0.004873632300563258,1.3786768913269043,24,0.1303853690624237,0.130164235830307,14.012288093566895,49.42634461274798,4461.43798828125,4,4,1.0,1.0,0.0,1.0,other,well_bound,seen_basis_reparameterization_diagnostic
seen_basis_reparameterization,789a7edf290458bf6e0909dc,rosen_morse_ii,truncated_line,8,1.0,2.7482758163756724,8,1.0,1.0,1.019361059471441,0.059773013139272746,1.8740419489202074,0.11001781312622443,0.0034779894173205617,1.3038506507873535,23,0.1355244517326355,0.1351718008518219,7.6056437492370605,31.43010085457735,962.53173828125,4,4,1.0,1.0,0.0,1.0,other,well_bound,seen_basis_reparameterization_diagnostic
seen_basis_reparameterization,789a7edf290458bf6e0909dc,rosen_morse_ii,truncated_line,9,1.0,2.1630719155917344,9,1.0,1.0,0.8865263388429481,0.051983887365137774,1.8598885285001985,0.12307465672239264,0.001921192237019474,1.0706825256347656,19,0.16296206414699554,0.16247613728046417,6.682493686676025,25.30172613738313,649.18212890625,4,4,1.0,1.0,1.0,1.0,other,well_bound,seen_basis_reparameterization_diagnostic
seen_basis_reparameterization,789a7edf290458bf6e0909dc,rosen_morse_ii,truncated_line,10,1.0,1.6472223465582054,10,1.0,1.0,0.8951026654263107,0.05248678364196812,1.8400063165760105,0.12023165584033327,0.002144167761329843,1.0069265365600586,18,0.1717039942741394,0.17117616534233093,4.560297966003418,15.086409278522474,193.4333953857422,4,4,1.0,1.0,1.0,1.0,other,well_bound,seen_basis_reparameterization_diagnostic
seen_basis_reparameterization,f9521bec513820496e8a73af,rosen_morse_ii,truncated_line,0,1.0,5.854813650544055,0,1.0,1.0,0.0,0.0,0.0,0.0,1.0,22.73454584502462,256,0.03381311520934105,0.0337720587849617,49.421531677246094,146.8521104968296,32285.814453125,4,4,1.0,1.0,0.0,1.0,other,well_bound,seen_basis_reparameterization_diagnostic
seen_basis_reparameterization,f9521bec513820496e8a73af,rosen_morse_ii,truncated_line,1,1.0,5.063959131434061,1,1.0,1.0,0.0012434852901958768,5.469584915715435e-05,0.0012434852901958768,0.0005990669855228115,0.49914179158968885,11.315073386422025,127,0.060280654579401016,0.060243718326091766,49.70193099975586,144.28376668030307,32320.201171875,4,4,1.0,1.0,0.0,1.0,other,well_bound,seen_basis_reparameterization_diagnostic
seen_basis_reparameterization,f9521bec513820496e8a73af,rosen_morse_ii,truncated_line,2,1.0,4.330294595385171,2,1.0,1.0,0.6677228451346584,0.029370406151341146,0.6886629940085259,0.14007268767089517,0.2693212195390875,2.9453563690185547,40,0.0790385827422142,0.07875995337963104,48.015724182128906,115.26835732236802,31291.712890625,4,4,1.0,1.0,0.0,1.0,other,well_bound,seen_basis_reparameterization_diagnostic
seen_basis_reparameterization,f9521bec513820496e8a73af,rosen_morse_ii,truncated_line,3,1.0,3.6538279473307242,3,1.0,1.0,0.7189831805080228,0.03162513935440544,1.0898719090340023,0.10267737982897895,0.13325242681234886,2.4978904724121094,34,0.09401999413967133,0.09378976374864578,45.226234436035156,94.35507284387995,29399.23828125,4,4,1.0,1.0,0.0,1.0,other,well_bound,seen_basis_reparameterization_diagnostic
seen_basis_reparameterization,f9521bec513820496e8a73af,rosen_morse_ii,truncated_line,4,1.0,3.0345662055885794,4,1.0,1.0,0.9507402754747378,0.04181918926182571,1.427905622257349,0.06787124929087818,0.05499755331190308,2.231203079223633,30,0.1055988147854805,0.10529124736785889,40.73979568481445,84.2856423177185,25952.83984375,4,4,1.0,1.0,0.0,1.0,other,well_bound,seen_basis_reparameterization_diagnostic
seen_basis_reparameterization,f9521bec513820496e8a73af,rosen_morse_ii,truncated_line,5,1.0,2.472515533292303,5,1.0,1.0,1.0329603774520855,0.04543571639800957,1.6916272998496824,0.06741025505300781,0.01709175865413295,2.0493993759155273,27,0.11657430231571198,0.11583923548460007,30.393144607543945,71.72555966635694,17930.6640625,4,4,1.0,1.0,1.0,1.0,other,well_bound,seen_basis_reparameterization_diagnostic
seen_basis_reparameterization,f9521bec513820496e8a73af,rosen_morse_ii,truncated_line,6,1.0,1.9676813043188208,6,1.0,1.0,1.2566868349824862,0.055276531299502864,2.1245229241968335,0.09082540691452744,0.0061481038581309485,1.940505027770996,26,0.12331636995077133,0.1226537749171257,22.09693145751953,63.47013141442888,11016.837890625,4,4,1.0,1.0,1.0,1.0,other,well_bound,seen_basis_reparameterization_diagnostic
seen_basis_reparameterization,f9521bec513820496e8a73af,rosen_morse_ii,truncated_line,7,1.0,1.5200682289542409,7,1.0,1.0,1.3254904693832297,0.05830292271588565,2.425932256694814,0.10973725831189311,0.0036060062058265174,1.8038415908813477,24,0.1320691555738449,0.13165514171123505,13.200883865356445,45.733142748952666,3903.753173828125,4,4,1.0,1.0,0.0,1.0,other,well_bound,seen_basis_reparameterization_diagnostic
seen_basis_reparameterization,f9521bec513820496e8a73af,rosen_morse_ii,truncated_line,8,1.0,1.1296798224972584,8,1.0,1.0,1.498008005878093,0.0658912659214579,2.828958722380401,0.11932891790357353,0.0029436785241104416,1.7060537338256836,23,0.1363670974969864,0.13628429174423218,7.096812725067139,28.402110536475707,780.085693359375,4,4,1.0,1.0,0.0,1.0,other,well_bound,seen_basis_reparameterization_diagnostic
seen_basis_reparameterization,f9521bec513820496e8a73af,rosen_morse_ii,truncated_line,9,1.0,0.796492593520249,9,1.0,1.0,1.3070407519013165,0.05749139484954163,2.727641838465283,0.1318694429859686,0.0016543062434026935,1.3946342468261719,19,0.16682790219783783,0.16623547673225403,6.361939907073975,23.01869112664248,551.6590576171875,4,4,1.0,1.0,1.0,1.0,other,well_bound,seen_basis_reparameterization_diagnostic
seen_basis_reparameterization,f9521bec513820496e8a73af,rosen_morse_ii,truncated_line,10,1.0,0.5199887227251491,10,1.0,1.0,1.3202609574465562,0.05807289780259635,2.7166241454531512,0.1302759822456326,0.0020594990199510423,1.3178033828735352,18,0.1748812198638916,0.17433950304985046,4.305692672729492,13.324741629402556,156.56500244140625,4,4,1.0,1.0,1.0,1.0,other,well_bound,seen_basis_reparameterization_diagnostic
seen_basis_reparameterization,04bcca246792a9ac8bc34a0e,rosen_morse_ii,truncated_line,0,1.0,7.321709148262291,0,1.0,1.0,0.0,0.0,0.0,0.0,1.0,19.974454091539492,256,0.03306223079562187,0.033025339245796204,49.652164459228516,133.9547437898537,32385.232421875,4,4,1.0,1.0,0.0,1.0,other,well_bound,seen_basis_reparameterization_diagnostic
seen_basis_reparameterization,04bcca246792a9ac8bc34a0e,rosen_morse_ii,truncated_line,1,1.0,6.4167038067270035,1,1.0,1.0,0.003318861024294387,0.00016615528059413373,0.003318861024294387,0.000627125143966123,0.4995111678944301,9.971989638115517,128,0.05876483395695686,0.05871296674013138,49.881629943847656,133.3260742461394,32395.30859375,4,4,1.0,1.0,0.0,1.0,other,well_bound,seen_basis_reparameterization_diagnostic
seen_basis_reparameterization,04bcca246792a9ac8bc34a0e,rosen_morse_ii,truncated_line,2,1.0,5.571280976233389,2,1.0,1.0,0.5792022605370837,0.028997150955049844,0.5940827959985344,0.1475047328688529,0.26593847754241684,2.661665916442871,42,0.07689827680587769,0.0766235813498497,48.240379333496094,109.77532582291015,31412.146484375,4,4,1.0,1.0,0.0,1.0,other,well_bound,seen_basis_reparameterization_diagnostic
seen_basis_reparameterization,04bcca246792a9ac8bc34a0e,rosen_morse_ii,truncated_line,3,1.0,4.785447902708142,3,1.0,1.0,0.6250100567362401,0.0312904700109413,0.9503207299579941,0.11382912135715184,0.13231247331995347,2.2574281692504883,34,0.09142540395259857,0.0912981629371643,45.519412994384766,93.42565020638284,29567.15234375,4,4,1.0,1.0,0.0,1.0,other,well_bound,seen_basis_reparameterization_diagnostic
seen_basis_reparameterization,04bcca246792a9ac8bc34a0e,rosen_morse_ii,truncated_line,4,1.0,4.059211081884225,4,1.0,1.0,0.8198618032122074,0.0410455174121366,1.2249723132175958,0.07272062976835217,0.058011737678465666,2.010173797607422,30,0.10309617221355438,0.10291500389575958,41.02454376220703,85.93544865648316,26120.890625,4,4,1.0,1.0,0.0,1.0,other,well_bound,seen_basis_reparameterization_diagnostic
seen_basis_reparameterization,04bcca246792a9ac8bc34a0e,rosen_morse_ii,truncated_line,5,1.0,3.392576257263206,5,1.0,1.0,0.8856995625337312,0.04434161546917489,1.4545171989871282,0.06919533462000126,0.020000146623645847,1.8405742645263672,28,0.11433175206184387,0.1136733740568161,30.76039695739746,74.05349530475057,18182.3515625,4,4,1.0,1.0,1.0,1.0,other,well_bound,seen_basis_reparameterization_diagnostic
seen_basis_reparameterization,04bcca246792a9ac8bc34a0e,rosen_morse_ii,truncated_line,6,1.0,2.785548421238649,6,1.0,1.0,1.0616294077844008,0.05314935782070116,1.769437391946524,0.0860684549453554,0.008307605284072024,1.7335033416748047,26,0.12166086584329605,0.12105037271976471,22.53529930114746,65.95568221888385,11363.4482421875,4,4,1.0,1.0,1.0,1.0,other,well_bound,seen_basis_reparameterization_diagnostic
seen_basis_reparameterization,04bcca246792a9ac8bc34a0e,rosen_morse_ii,truncated_line,7,1.0,2.2381317992891208,7,1.0,1.0,1.1010664438131095,0.05512373148057569,1.9809921952752876,0.10338527092677065,0.004278615596492119,1.6025314331054688,24,0.13096211850643158,0.13075463473796844,13.663191795349121,47.85145365412468,4219.33837890625,4,4,1.0,1.0,0.0,1.0,other,well_bound,seen_basis_reparameterization_diagnostic
seen_basis_reparameterization,04bcca246792a9ac8bc34a0e,rosen_morse_ii,truncated_line,8,1.0,1.7503289537253583,8,1.0,1.0,1.2432238491434453,0.06224069220845606,2.3025398472456504,0.11421759307575546,0.0032457378943144587,1.516108512878418,23,0.13584212958812714,0.13552361726760864,7.373547077178955,30.107407326081628,877.414306640625,4,4,1.0,1.0,0.0,1.0,other,well_bound,seen_basis_reparameterization_diagnostic
seen_basis_reparameterization,04bcca246792a9ac8bc34a0e,rosen_morse_ii,truncated_line,9,1.0,1.3221187699393853,9,1.0,1.0,1.083384177544079,0.05423848744897434,2.2739726982817263,0.126565920061049,0.001808537406182707,1.2426280975341797,19,0.16446571052074432,0.1639559119939804,6.5285468101501465,24.258967889527668,602.1773681640625,4,4,1.0,1.0,1.0,1.0,other,well_bound,seen_basis_reparameterization_diagnostic
seen_basis_reparameterization,04bcca246792a9ac8bc34a0e,rosen_morse_ii,truncated_line,10,1.0,0.9531294433251207,10,1.0,1.0,1.093280823908806,0.05473395262260925,2.241724730543633,0.12431327898231359,0.002111434354437926,1.1708974838256836,18,0.1729419231414795,0.172394797205925,4.439814567565918,14.269312012734998,175.62950134277344,4,4,1.0,1.0,1.0,1.0,other,well_bound,seen_basis_reparameterization_diagnostic
seen_basis_reparameterization,ed8856c693412156c6960110,rosen_morse_ii,truncated_line,0,1.0,8.272899977802442,0,1.0,1.0,0.0,0.0,0.0,0.0,1.0,18.87352630247998,256,0.033313337713479996,0.03327759727835655,49.59050750732422,138.35937919766548,32367.55078125,4,4,1.0,1.0,0.0,1.0,other,well_bound,seen_basis_reparameterization_diagnostic
seen_basis_reparameterization,ed8856c693412156c6960110,rosen_morse_ii,truncated_line,1,1.0,7.215494176237464,1,1.0,1.0,0.0012390201990265942,6.564857987687161e-05,0.0012390201990265942,8.106089077886125e-05,0.4998634464593208,9.403260364820099,127,0.05927285552024841,0.059233248233795166,49.83241653442383,137.0031801037823,32380.560546875,4,4,1.0,1.0,0.0,1.0,other,well_bound,seen_basis_reparameterization_diagnostic
seen_basis_reparameterization,ed8856c693412156c6960110,rosen_morse_ii,truncated_line,2,1.0,6.230181361845731,2,1.0,1.0,0.5496541053126082,0.02912302113041714,0.5657079886201751,0.1449995583160888,0.26710297368673197,2.4905853271484375,41,0.07761873304843903,0.07735147327184677,48.17050552368164,111.54313695970698,31377.4765625,4,4,1.0,1.0,0.0,1.0,other,well_bound,seen_basis_reparameterization_diagnostic
seen_basis_reparameterization,ed8856c693412156c6960110,rosen_morse_ii,truncated_line,3,1.0,5.316970721675754,3,1.0,1.0,0.5922135622821593,0.03137800285918707,0.8988086698140381,0.11011252032555223,0.1324311895635842,2.112393379211426,34,0.09234969317913055,0.0921366885304451,45.421932220458984,93.60784273429009,29513.640625,4,4,1.0,1.0,0.0,1.0,other,well_bound,seen_basis_reparameterization_diagnostic
seen_basis_reparameterization,ed8856c693412156c6960110,rosen_morse_ii,truncated_line,4,1.0,4.475870476405586,4,1.0,1.0,0.779561318024417,0.04130448679969162,1.168939812655452,0.06987005579140593,0.05670068950798904,1.8830680847167969,30,0.10400154441595078,0.1037139892578125,40.91891860961914,85.26129278937374,26058.513671875,4,4,1.0,1.0,0.0,1.0,other,well_bound,seen_basis_reparameterization_diagnostic
seen_basis_reparameterization,ed8856c693412156c6960110,rosen_morse_ii,truncated_line,5,1.0,3.7068878971142967,5,1.0,1.0,0.8433269027052855,0.04468305970964591,1.3811830619294785,0.06854570691506885,0.018774998575674936,1.7259435653686523,27,0.11515529453754425,0.11439495533704758,30.621341705322266,73.17626084960825,18087.3828125,4,4,1.0,1.0,1.0,1.0,other,well_bound,seen_basis_reparameterization_diagnostic
seen_basis_reparameterization,ed8856c693412156c6960110,rosen_morse_ii,truncated_line,6,1.0,3.010029342092948,6,1.0,1.0,1.0167815461959142,0.05387342724937995,1.707848375344982,0.08769992834841338,0.007416140118458625,1.628631591796875,26,0.12227430194616318,0.12162546813488007,22.361984252929688,65.02512087820153,11226.1103515625,4,4,1.0,1.0,1.0,1.0,other,well_bound,seen_basis_reparameterization_diagnostic
seen_basis_reparameterization,ed8856c693412156c6960110,rosen_morse_ii,truncated_line,7,1.0,2.3853003093442897,7,1.0,1.0,1.0611109024041203,0.05622218579602108,1.9255682298500383,0.10568093937466533,0.004052361822667883,1.5084748268127441,24,0.1314130276441574,0.1310787796974182,13.489072799682617,47.06387583613555,4099.70751953125,4,4,1.0,1.0,0.0,1.0,other,well_bound,seen_basis_reparameterization_diagnostic
seen_basis_reparameterization,ed8856c693412156c6960110,rosen_morse_ii,truncated_line,8,1.0,1.8327044880695855,8,1.0,1.0,1.1976860953582293,0.06345852259738306,2.2405887476998547,0.11617434308730007,0.0031194787257021505,1.4268169403076172,23,0.13594576716423035,0.13581199944019318,7.2755608558654785,29.50084855335251,842.4473876953125,4,4,1.0,1.0,0.0,1.0,other,well_bound,seen_basis_reparameterization_diagnostic
seen_basis_reparameterization,ed8856c693412156c6960110,rosen_morse_ii,truncated_line,9,1.0,1.3522148488780623,9,1.0,1.0,1.0433655364839263,0.055281960549514696,2.179796480996312,0.12841523707619912,0.0017466506222182105,1.1683845520019531,19,0.1653064787387848,0.16475196182727814,6.470454216003418,23.812874771000715,584.379638671875,4,4,1.0,1.0,1.0,1.0,other,well_bound,seen_basis_reparameterization_diagnostic
seen_basis_reparameterization,ed8856c693412156c6960110,rosen_morse_ii,truncated_line,10,1.0,0.9433144933819329,10,1.0,1.0,1.053524038231871,0.05582020134167709,2.16980617369829,0.12642057467656861,0.0020873228107889832,1.1018505096435547,18,0.1736443191766739,0.17310696840286255,4.395009994506836,13.93981023482285,169.0906524658203,4,4,1.0,1.0,1.0,1.0,other,well_bound,seen_basis_reparameterization_diagnostic
seen_basis_reparameterization,54083941178345ebdf44c89b,rosen_morse_ii,truncated_line,0,1.0,8.349118670255118,0,1.0,1.0,0.0,0.0,0.0,0.0,1.0,18.604062124759697,256,0.03258482739329338,0.03255177661776543,49.78584289550781,127.66011946191117,32441.880859375,4,4,1.0,1.0,0.0,1.0,other,well_bound,seen_basis_reparameterization_diagnostic
seen_basis_reparameterization,54083941178345ebdf44c89b,rosen_morse_ii,truncated_line,1,1.0,7.372347246131481,1,1.0,1.0,0.004439568128711255,0.0002386343422710216,0.004439568128711255,0.0013672463106959576,0.49879999874299197,9.286415420325689,128,0.057843923568725586,0.057806894183158875,49.9876823425293,127.96834149040083,32441.900390625,4,4,1.0,1.0,0.0,1.0,other,well_bound,seen_basis_reparameterization_diagnostic
seen_basis_reparameterization,54083941178345ebdf44c89b,rosen_morse_ii,truncated_line,2,1.0,6.456199605035674,2,1.0,1.0,0.536665096226276,0.028846662230397595,0.5506365080003786,0.1509898705984997,0.2640375033581717,2.5193920135498047,42,0.07567083090543747,0.07540272921323776,48.37440490722656,107.1930222269476,31484.787109375,4,4,1.0,1.0,0.0,1.0,other,well_bound,seen_basis_reparameterization_diagnostic
seen_basis_reparameterization,54083941178345ebdf44c89b,rosen_morse_ii,truncated_line,3,1.0,5.600682686968388,3,1.0,1.0,0.5785113609610524,0.03109597017476767,0.8794539097432681,0.11916504834565694,0.13152500946563878,2.136295795440674,35,0.09007718414068222,0.08992354571819305,45.69211196899414,93.23777206790685,29667.28125,4,4,1.0,1.0,0.0,1.0,other,well_bound,seen_basis_reparameterization_diagnostic
seen_basis_reparameterization,54083941178345ebdf44c89b,rosen_morse_ii,truncated_line,4,1.0,4.805802784009661,4,1.0,1.0,0.7563397593025211,0.040654549217825214,1.1314235343629626,0.07708571255365178,0.059132738382775635,1.898564338684082,31,0.10185187309980392,0.10160001367330551,41.177589416503906,87.0628013748771,26208.86328125,4,4,1.0,1.0,0.0,1.0,other,well_bound,seen_basis_reparameterization_diagnostic
seen_basis_reparameterization,54083941178345ebdf44c89b,rosen_morse_ii,truncated_line,5,1.0,4.071565540937166,5,1.0,1.0,0.8130665652182675,0.043703711574698344,1.332271215695621,0.07037469885571442,0.021377559657928438,1.7348356246948242,28,0.11325541883707047,0.11253818869590759,30.975791931152344,75.50162328471842,18330.98828125,4,4,1.0,1.0,1.0,1.0,other,well_bound,seen_basis_reparameterization_diagnostic
seen_basis_reparameterization,54083941178345ebdf44c89b,rosen_morse_ii,truncated_line,6,1.0,3.3979759599423978,6,1.0,1.0,0.9681111025323338,0.052037619313466926,1.6109541684441306,0.08384484153646106,0.009492198763482632,1.6293458938598633,26,0.12088226526975632,0.12026062607765198,22.773548126220703,67.38500996015141,11550.5478515625,4,4,1.0,1.0,1.0,1.0,other,well_bound,seen_basis_reparameterization_diagnostic
seen_basis_reparameterization,54083941178345ebdf44c89b,rosen_morse_ii,truncated_line,7,1.0,2.7850383849027787,7,1.0,1.0,0.9955459822027574,0.05351229078502212,1.7844220944206923,0.09998260680102479,0.004752035828440526,1.5017781257629395,24,0.1305157095193863,0.13028687238693237,13.934327125549316,49.053012155227094,4407.12255859375,4,4,1.0,1.0,0.0,1.0,other,well_bound,seen_basis_reparameterization_diagnostic
seen_basis_reparameterization,54083941178345ebdf44c89b,rosen_morse_ii,truncated_line,8,1.0,2.232755589438248,8,1.0,1.0,1.1214904535662042,0.06028202045582506,2.067740322766932,0.11097068077100501,0.0034275145119050925,1.4203510284423828,23,0.13554298877716064,0.13523204624652863,7.555459022521973,31.130461089328804,943.8875122070312,4,4,1.0,1.0,0.0,1.0,other,well_bound,seen_basis_reparameterization_diagnostic
seen_basis_reparameterization,54083941178345ebdf44c89b,rosen_morse_ii,truncated_line,9,1.0,1.7411090469043802,9,1.0,1.0,0.9754413912122976,0.05243163480485835,2.044865933532629,0.12384339295047886,0.001898143469888919,1.1659231185913086,19,0.16326822340488434,0.16276684403419495,6.649223327636719,25.059395718840733,638.9459228515625,4,4,1.0,1.0,1.0,1.0,other,well_bound,seen_basis_reparameterization_diagnostic
seen_basis_reparameterization,54083941178345ebdf44c89b,rosen_morse_ii,truncated_line,10,1.0,1.309791360309244,10,1.0,1.0,0.9847248478819676,0.0529306363996399,2.02378159798341,0.12111281818944802,0.002140071135511668,1.0968427658081055,18,0.17195528745651245,0.17142386734485626,4.534938812255859,14.902048125476284,189.61134338378906,4,4,1.0,1.0,1.0,1.0,other,well_bound,seen_basis_reparameterization_diagnostic
seen_basis_reparameterization,17e574fb446fd7b617b9c38a,rosen_morse_ii,truncated_line,0,1.0,5.191612190944122,0,1.0,1.0,0.0,0.0,0.0,0.0,1.0,24.01947896938279,256,0.03362979739904404,0.03358883410692215,49.4912223815918,144.03451398769442,32323.6015625,4,4,1.0,1.0,0.0,1.0,other,well_bound,seen_basis_reparameterization_diagnostic
seen_basis_reparameterization,17e574fb446fd7b617b9c38a,rosen_morse_ii,truncated_line,1,1.0,4.502738800391369,1,1.0,1.0,0.0010760655578958,4.4799704409385486e-05,0.0010760655578958,0.0003607526469291411,0.49934335250279827,11.95100288974837,127,0.05991850420832634,0.05988236516714096,49.75674819946289,141.83986969677,32348.626953125,4,4,1.0,1.0,0.0,1.0,other,well_bound,seen_basis_reparameterization_diagnostic
seen_basis_reparameterization,17e574fb446fd7b617b9c38a,rosen_morse_ii,truncated_line,2,1.0,3.862716494031941,2,1.0,1.0,0.703574018845466,0.029291810190483297,0.7263778472039533,0.14157845154675208,0.26854096122851046,3.1316919326782227,41,0.07853524386882782,0.07827065885066986,48.08012771606445,114.0107820775538,31329.216796875,4,4,1.0,1.0,0.0,1.0,other,well_bound,seen_basis_reparameterization_diagnostic
seen_basis_reparameterization,17e574fb446fd7b617b9c38a,rosen_morse_ii,truncated_line,3,1.0,3.2715518817792857,3,1.0,1.0,0.7569963076218892,0.031515933738063974,1.1470548444794164,0.10518635224716313,0.13283232811115783,2.6558780670166016,34,0.09347396343946457,0.09321574121713638,45.30769348144531,94.08282200119018,29449.013671875,4,4,1.0,1.0,0.0,1.0,other,well_bound,seen_basis_reparameterization_diagnostic
seen_basis_reparameterization,17e574fb446fd7b617b9c38a,rosen_morse_ii,truncated_line,4,1.0,2.7292508732626173,4,1.0,1.0,1.0001756387183813,0.04164018878150054,1.503976307119867,0.06796583206113764,0.05539381516756492,2.370591163635254,30,0.10509323328733444,0.10474365204572678,40.81494140625,84.59191759489701,25999.17578125,4,4,1.0,1.0,0.0,1.0,other,well_bound,seen_basis_reparameterization_diagnostic
seen_basis_reparameterization,17e574fb446fd7b617b9c38a,rosen_morse_ii,truncated_line,5,1.0,2.2358187125203206,5,1.0,1.0,1.0842378709729998,0.045139941309928454,1.7728733860466916,0.06770414538745491,0.017549407160562934,2.1756057739257812,27,0.1161428689956665,0.11538112163543701,30.49268913269043,72.20193719581118,18001.986328125,4,4,1.0,1.0,1.0,1.0,other,well_bound,seen_basis_reparameterization_diagnostic
seen_basis_reparameterization,17e574fb446fd7b617b9c38a,rosen_morse_ii,truncated_line,6,1.0,1.7912600476900287,6,1.0,1.0,1.3159338478276061,0.054786111285136704,2.224993674812888,0.08974310766752056,0.00650804370819463,2.05767822265625,26,0.12300702929496765,0.12239784747362137,22.20357322692871,63.97708317571304,11104.677734375,4,4,1.0,1.0,1.0,1.0,other,well_bound,seen_basis_reparameterization_diagnostic
seen_basis_reparameterization,17e574fb446fd7b617b9c38a,rosen_morse_ii,truncated_line,7,1.0,1.3955790607631244,7,1.0,1.0,1.3835152915984765,0.05759972118304562,2.529812210922112,0.10837789139192655,0.003764618194950109,1.9104623794555664,24,0.13190437853336334,0.13144877552986145,13.31290054321289,46.18256756580751,3979.560302734375,4,4,1.0,1.0,0.0,1.0,other,well_bound,seen_basis_reparameterization_diagnostic
seen_basis_reparameterization,17e574fb446fd7b617b9c38a,rosen_morse_ii,truncated_line,8,1.0,1.0487790493546174,8,1.0,1.0,1.562102993642199,0.0650348409152998,2.947166585504829,0.1183479996342629,0.0029929903046487225,1.8067741394042969,23,0.13625502586364746,0.1361199915409088,7.167912006378174,28.790782900069438,804.4736938476562,4,4,1.0,1.0,0.0,1.0,other,well_bound,seen_basis_reparameterization_diagnostic
seen_basis_reparameterization,17e574fb446fd7b617b9c38a,rosen_morse_ii,truncated_line,9,1.0,0.7508415762485011,9,1.0,1.0,1.3617804812129022,0.05669483850789353,2.8407629611849945,0.13064481969451852,0.0016812969779155093,1.4779090881347656,19,0.16633637249469757,0.1657659411430359,6.407834529876709,23.301313220844104,565.1083374023438,4,4,1.0,1.0,1.0,1.0,other,well_bound,seen_basis_reparameterization_diagnostic
seen_basis_reparameterization,17e574fb446fd7b617b9c38a,rosen_morse_ii,truncated_line,10,1.0,0.501361692021088,10,1.0,1.0,1.3758105575481436,0.05727895094235247,2.8358004644679484,0.12896621113458331,0.002065233770751318,1.3954296112060547,18,0.17449088394641876,0.17394554615020752,4.342073917388916,13.547306404888511,161.51377868652344,4,4,1.0,1.0,1.0,1.0,other,well_bound,seen_basis_reparameterization_diagnostic
seen_basis_reparameterization,098860d9a55dfe9169db05ca,rosen_morse_ii,truncated_line,0,1.0,7.479114370678001,0,1.0,1.0,0.0,0.0,0.0,0.0,1.0,19.641686510629064,256,0.0325176976621151,0.0324878990650177,49.814815521240234,127.23835227890443,32462.375,4,4,1.0,1.0,0.0,1.0,other,well_bound,seen_basis_reparameterization_diagnostic
seen_basis_reparameterization,098860d9a55dfe9169db05ca,rosen_morse_ii,truncated_line,1,1.0,6.607899277165239,1,1.0,1.0,0.004358607103353871,0.00022190594992925982,0.004358607103353871,0.0012903294433663504,0.49891981498367693,9.791973045115641,128,0.05772651359438896,0.05770179629325867,50.009010314941406,127.55673029066345,32456.798828125,4,4,1.0,1.0,0.0,1.0,other,well_bound,seen_basis_reparameterization_diagnostic
seen_basis_reparameterization,098860d9a55dfe9169db05ca,rosen_morse_ii,truncated_line,2,1.0,5.790482239508609,2,1.0,1.0,0.5666155427807733,0.028847601374461927,0.5823115255811309,0.1509674918586902,0.26391879058800277,2.6642942428588867,42,0.07553067058324814,0.07527197897434235,48.393272399902344,106.96122825137779,31497.58203125,4,4,1.0,1.0,0.0,1.0,other,well_bound,seen_basis_reparameterization_diagnostic
seen_basis_reparameterization,098860d9a55dfe9169db05ca,rosen_morse_ii,truncated_line,3,1.0,5.026869407488701,3,1.0,1.0,0.6100891486653873,0.031060935034027685,0.9265846322194415,0.11956269718103224,0.13126786747106609,2.259018898010254,35,0.08999928086996078,0.08978047966957092,45.709693908691406,93.18980587555939,29679.60546875,4,4,1.0,1.0,0.0,1.0,other,well_bound,seen_basis_reparameterization_diagnostic
seen_basis_reparameterization,098860d9a55dfe9169db05ca,rosen_morse_ii,truncated_line,4,1.0,4.317066374227395,4,1.0,1.0,0.797973289958702,0.04062651593216703,1.1963539915135784,0.07747412481704054,0.05892070613951988,2.007171630859375,31,0.10180786997079849,0.10146297514438629,41.17758560180664,87.1345902012588,26207.638671875,4,4,1.0,1.0,0.0,1.0,other,well_bound,seen_basis_reparameterization_diagnostic
seen_basis_reparameterization,098860d9a55dfe9169db05ca,rosen_morse_ii,truncated_line,5,1.0,3.6610781822382594,5,1.0,1.0,0.8566461538284355,0.04361367611507611,1.4004380142323911,0.0704316590798474,0.021268864823844987,1.8334684371948242,28,0.11323632299900055,0.11247962713241577,30.97878646850586,75.61489497906985,18332.841796875,4,4,1.0,1.0,1.0,1.0,other,well_bound,seen_basis_reparameterization_diagnostic
seen_basis_reparameterization,098860d9a55dfe9169db05ca,rosen_morse_ii,truncated_line,6,1.0,3.0589093367874853,6,1.0,1.0,1.0202787680259915,0.05194456023284301,1.7033594444413342,0.0837060625315422,0.009464611208535865,1.7216758728027344,26,0.12087570875883102,0.12027701735496521,22.764827728271484,67.47107096239753,11549.177734375,4,4,1.0,1.0,1.0,1.0,other,well_bound,seen_basis_reparameterization_diagnostic
seen_basis_reparameterization,098860d9a55dfe9169db05ca,rosen_morse_ii,truncated_line,7,1.0,2.5105638073282974,7,1.0,1.0,1.048884230007798,0.053400925090632934,1.885874195701629,0.09977488730856957,0.004828310409143222,1.5864696502685547,24,0.1305636465549469,0.13021254539489746,13.942777633666992,49.12099665761327,4412.89111328125,4,4,1.0,1.0,0.0,1.0,other,well_bound,seen_basis_reparameterization_diagnostic
seen_basis_reparameterization,098860d9a55dfe9169db05ca,rosen_morse_ii,truncated_line,8,1.0,2.0160442400904723,8,1.0,1.0,1.1801014812524686,0.06008147419590771,2.1843239138363844,0.11070041610912083,0.003423592797198018,1.5000724792480469,23,0.13545535504817963,0.1352916657924652,7.573799133300781,31.227127433615234,950.7713623046875,4,4,1.0,1.0,0.0,1.0,other,well_bound,seen_basis_reparameterization_diagnostic
seen_basis_reparameterization,098860d9a55dfe9169db05ca,rosen_morse_ii,truncated_line,9,1.0,1.5753345629053492,9,1.0,1.0,1.0252685197452596,0.05219859909638805,2.141600076640561,0.12365228417151002,0.001897512143796134,1.231520652770996,19,0.16320642828941345,0.16269990801811218,6.664660453796387,25.146457466095747,643.6033325195312,4,4,1.0,1.0,1.0,1.0,other,well_bound,seen_basis_reparameterization_diagnostic
seen_basis_reparameterization,098860d9a55dfe9169db05ca,rosen_morse_ii,truncated_line,10,1.0,1.188165511037092,10,1.0,1.0,1.0355765148263782,0.05272340103106614,2.1380468558845624,0.1208892557716991,0.0021350308846058313,1.1582651138305664,18,0.17192232608795166,0.1713690310716629,4.549077987670898,14.98631652810514,191.6739501953125,4,4,1.0,1.0,1.0,1.0,other,well_bound,seen_basis_reparameterization_diagnostic
seen_basis_reparameterization,19b930ee2e192436cbeee6c2,rosen_morse_ii,truncated_line,0,1.0,6.5833673454869635,0,1.0,1.0,0.0,0.0,0.0,0.0,1.0,21.539362731752007,256,0.03401535004377365,0.033966314047575,49.32847595214844,148.55695597958842,32225.771484375,4,4,1.0,1.0,0.0,1.0,other,well_bound,seen_basis_reparameterization_diagnostic
seen_basis_reparameterization,19b930ee2e192436cbeee6c2,rosen_morse_ii,truncated_line,1,1.0,5.68272393861117,1,1.0,1.0,0.00015272029123762632,7.0902882847362715e-06,0.00015272029123762632,0.0006764167354406103,0.49919758390420654,10.749706195498172,128,0.06065703183412552,0.06057997792959213,49.627197265625,145.88872129302422,32273.88671875,4,4,1.0,1.0,0.0,1.0,other,well_bound,seen_basis_reparameterization_diagnostic
seen_basis_reparameterization,19b930ee2e192436cbeee6c2,rosen_morse_ii,truncated_line,2,1.0,4.848202881734396,2,1.0,1.0,0.6332788344738292,0.029401001429828207,0.649781693397259,0.13960350412079459,0.2698548870266198,2.7754526138305664,40,0.07950400561094284,0.07921820878982544,47.93178176879883,116.10415197115043,31238.369140625,4,4,1.0,1.0,0.0,1.0,other,well_bound,seen_basis_reparameterization_diagnostic
seen_basis_reparameterization,19b930ee2e192436cbeee6c2,rosen_morse_ii,truncated_line,3,1.0,4.079813385342904,3,1.0,1.0,0.6841982456976572,0.031765018037838884,1.0398849658599345,0.10112091091005457,0.13390424591234512,2.354233741760254,33,0.09436304122209549,0.0942455381155014,45.12436294555664,94.54176201846388,29331.71484375,4,4,1.0,1.0,0.0,1.0,other,well_bound,seen_basis_reparameterization_diagnostic
seen_basis_reparameterization,19b930ee2e192436cbeee6c2,rosen_morse_ii,truncated_line,4,1.0,3.377563528926679,4,1.0,1.0,0.9038469875797543,0.041962568662598294,1.3491862148681768,0.06789877879072011,0.05526139758051215,2.1045570373535156,30,0.10584692656993866,0.10571257770061493,40.653682708740234,84.06455620397998,25896.62890625,4,4,1.0,1.0,0.0,1.0,other,well_bound,seen_basis_reparameterization_diagnostic
seen_basis_reparameterization,19b930ee2e192436cbeee6c2,rosen_morse_ii,truncated_line,5,1.0,2.74146025825628,5,1.0,1.0,0.9861663850545683,0.04578438077932651,1.6252289783466862,0.06732431650723333,0.017105617887382824,1.9351139068603516,27,0.11672148108482361,0.11611857265233994,30.269794464111328,71.35456632559918,17836.69140625,4,4,1.0,1.0,1.0,1.0,other,well_bound,seen_basis_reparameterization_diagnostic
seen_basis_reparameterization,19b930ee2e192436cbeee6c2,rosen_morse_ii,truncated_line,6,1.0,2.171509388245768,6,1.0,1.0,1.1993888710534362,0.05568358200706517,2.0115963659690186,0.09172336889179841,0.006065357809052835,1.8336448669433594,26,0.12338322401046753,0.12277371436357498,21.989530563354492,63.11726755662575,10931.0625,4,4,1.0,1.0,1.0,1.0,other,well_bound,seen_basis_reparameterization_diagnostic
seen_basis_reparameterization,19b930ee2e192436cbeee6c2,rosen_morse_ii,truncated_line,7,1.0,1.6677156022378825,7,1.0,1.0,1.2666156433740858,0.058804694416837076,2.303078779461666,0.11082150159670003,0.0034430735254844524,1.705967903137207,24,0.13196879625320435,0.13181394338607788,13.085959434509277,45.3852432108674,3826.68505859375,4,4,1.0,1.0,0.0,1.0,other,well_bound,seen_basis_reparameterization_diagnostic
seen_basis_reparameterization,19b930ee2e192436cbeee6c2,rosen_morse_ii,truncated_line,8,1.0,1.2300815165680787,8,1.0,1.0,1.4352973270741862,0.06663601634594132,2.689745172395369,0.12010201304251941,0.0029364331704094682,1.6142349243164062,23,0.13659712672233582,0.13632981479167938,7.01201868057251,28.034359103160412,751.828369140625,4,4,1.0,1.0,0.0,1.0,other,well_bound,seen_basis_reparameterization_diagnostic
seen_basis_reparameterization,19b930ee2e192436cbeee6c2,rosen_morse_ii,truncated_line,9,1.0,0.8585755223230246,9,1.0,1.0,1.2549474525598234,0.058262979652125776,2.636942173900625,0.13279081811544896,0.0016471189953673646,1.3187685012817383,19,0.16710129380226135,0.16655310988426208,6.299438953399658,22.73183738088718,534.3194580078125,4,4,1.0,1.0,1.0,1.0,other,well_bound,seen_basis_reparameterization_diagnostic
seen_basis_reparameterization,19b930ee2e192436cbeee6c2,rosen_morse_ii,truncated_line,10,1.0,0.5525459271217038,10,1.0,1.0,1.2659517362932937,0.05877387144918198,2.5843018601184493,0.13127488776649796,0.002069458479306253,1.247178077697754,18,0.1750738024711609,0.17449165880680084,4.257979869842529,13.084365395301017,150.4488067626953,4,4,1.0,1.0,1.0,1.0,other,well_bound,seen_basis_reparameterization_diagnostic
seen_basis_reparameterization,052642260507a0d470e0039d,rosen_morse_ii,truncated_line,0,1.0,8.59906929573974,0,1.0,1.0,0.0,0.0,0.0,0.0,1.0,18.376257227244654,256,0.03278631344437599,0.03275562450289726,49.750911712646484,131.37016868675508,32442.779296875,4,4,1.0,1.0,0.0,1.0,other,well_bound,seen_basis_reparameterization_diagnostic
seen_basis_reparameterization,052642260507a0d470e0039d,rosen_morse_ii,truncated_line,1,1.0,7.562388359399661,1,1.0,1.0,0.0023348778617141575,0.00012705948947277826,0.0023348778617141575,0.0008916319765039926,0.4993819767544441,9.154990280586954,127,0.05825868993997574,0.05822695046663284,49.96019744873047,131.06039096663534,32440.259765625,4,4,1.0,1.0,0.0,1.0,other,well_bound,seen_basis_reparameterization_diagnostic
seen_basis_reparameterization,052642260507a0d470e0039d,rosen_morse_ii,truncated_line,2,1.0,6.592064949203506,2,1.0,1.0,0.5321245867573604,0.028957179918467406,0.5481988142499158,0.14843820439645228,0.2651251457731018,2.4683938026428223,42,0.07626152038574219,0.07600289583206177,48.33415222167969,108.7025908239321,31469.1484375,4,4,1.0,1.0,0.0,1.0,other,well_bound,seen_basis_reparameterization_diagnostic
seen_basis_reparameterization,052642260507a0d470e0039d,rosen_morse_ii,truncated_line,3,1.0,5.68810701288305,3,1.0,1.0,0.5724297923524394,0.031150510426233832,0.8684551477509823,0.1159317486454603,0.1317041781581296,2.0928993225097656,35,0.09086064994335175,0.09061741083860397,45.63742446899414,93.37393396149048,29642.052734375,4,4,1.0,1.0,0.0,1.0,other,well_bound,seen_basis_reparameterization_diagnostic
seen_basis_reparameterization,052642260507a0d470e0039d,rosen_morse_ii,truncated_line,4,1.0,4.850521768315349,4,1.0,1.0,0.7508836697835893,0.040861621629366865,1.1277014308318907,0.07461900632346848,0.0581183309567582,1.8615541458129883,31,0.10263365507125854,0.10228267312049866,41.124786376953125,86.45156775532216,26183.048828125,4,4,1.0,1.0,0.0,1.0,other,well_bound,seen_basis_reparameterization_diagnostic
seen_basis_reparameterization,052642260507a0d470e0039d,rosen_morse_ii,truncated_line,5,1.0,4.079315727468277,5,1.0,1.0,0.8075123258665805,0.04394324240680317,1.3190500486788581,0.06961671832478625,0.020325924084191652,1.7022066116333008,28,0.11398795247077942,0.11322030425071716,30.910991668701172,74.7340087341567,18293.240234375,4,4,1.0,1.0,1.0,1.0,other,well_bound,seen_basis_reparameterization_diagnostic
seen_basis_reparameterization,052642260507a0d470e0039d,rosen_morse_ii,truncated_line,6,1.0,3.3744947423402074,6,1.0,1.0,0.966647055813592,0.05260304336513315,1.620360245795275,0.08496694205016332,0.008656837171544347,1.6012773513793945,26,0.12144458293914795,0.1207895278930664,22.67389488220215,66.59322043014993,11479.85546875,4,4,1.0,1.0,1.0,1.0,other,well_bound,seen_basis_reparameterization_diagnostic
seen_basis_reparameterization,052642260507a0d470e0039d,rosen_morse_ii,truncated_line,7,1.0,2.7360640657856967,7,1.0,1.0,0.9996493417599819,0.05439896325993418,1.8059009911480532,0.10174729251394574,0.0045460047514714885,1.4783029556274414,24,0.13094113767147064,0.13055333495140076,13.820605278015137,48.41873552185754,4327.85888671875,4,4,1.0,1.0,0.0,1.0,other,well_bound,seen_basis_reparameterization_diagnostic
seen_basis_reparameterization,052642260507a0d470e0039d,rosen_morse_ii,truncated_line,8,1.0,2.1640275262474384,8,1.0,1.0,1.1256435443795465,0.06125532149771317,2.0950093640538974,0.11268531969722745,0.0032923242168390533,1.397843360900879,23,0.13563567399978638,0.13552318513393402,7.48911190032959,30.648995916532055,919.0716552734375,4,4,1.0,1.0,0.0,1.0,other,well_bound,seen_basis_reparameterization_diagnostic
seen_basis_reparameterization,052642260507a0d470e0039d,rosen_morse_ii,truncated_line,9,1.0,1.6583652741264656,9,1.0,1.0,0.9788457182724346,0.053266870732588414,2.043379218104426,0.12525770347988066,0.0018330035753268636,1.1465997695922852,19,0.16401349008083344,0.16349175572395325,6.613422393798828,24.701750436379825,627.2763671875,4,4,1.0,1.0,1.0,1.0,other,well_bound,seen_basis_reparameterization_diagnostic
seen_basis_reparameterization,052642260507a0d470e0039d,rosen_morse_ii,truncated_line,10,1.0,1.218712384660764,10,1.0,1.0,0.989155616011866,0.05382791521580048,2.042650783448293,0.12281256223695416,0.002108088416557291,1.0793876647949219,18,0.17259588837623596,0.17204128205776215,4.5045952796936035,14.635163475827113,184.8455047607422,4,4,1.0,1.0,1.0,1.0,other,well_bound,seen_basis_reparameterization_diagnostic
seen_basis_reparameterization,a78e5f46945a45cb128faa82,rosen_morse_ii,truncated_line,0,1.0,6.138161007838384,0,1.0,1.0,0.0,0.0,0.0,0.0,1.0,21.937172997617303,256,0.033414267003536224,0.03337433561682701,49.55046463012695,139.09704730507582,32342.154296875,4,4,1.0,1.0,0.0,1.0,other,well_bound,seen_basis_reparameterization_diagnostic
seen_basis_reparameterization,a78e5f46945a45cb128faa82,rosen_morse_ii,truncated_line,1,1.0,5.347550844959669,1,1.0,1.0,0.0018854656716031475,8.594843427673824e-05,0.0018854656716031475,3.205387208327082e-05,0.49986573021434366,10.940737577293499,128,0.05945523828268051,0.0594068318605423,49.79999923706055,137.6697299858816,32360.81640625,4,4,1.0,1.0,0.0,1.0,other,well_bound,seen_basis_reparameterization_diagnostic
seen_basis_reparameterization,a78e5f46945a45cb128faa82,rosen_morse_ii,truncated_line,2,1.0,4.611321311632657,2,1.0,1.0,0.6390023372747016,0.029128745866393385,0.6563955151566345,0.14478134244101226,0.26728696739889335,2.887166976928711,40,0.07783669978380203,0.07756669819355011,48.13166427612305,111.84061789661963,31353.009765625,4,4,1.0,1.0,0.0,1.0,other,well_bound,seen_basis_reparameterization_diagnostic
seen_basis_reparameterization,a78e5f46945a45cb128faa82,rosen_morse_ii,truncated_line,3,1.0,3.929479367292087,3,1.0,1.0,0.6894520348260604,0.031428481459345056,1.0474100917664217,0.10950842318261149,0.13259314455504534,2.4491329193115234,34,0.09251971542835236,0.09237262606620789,45.372596740722656,93.6089920728427,29481.2734375,4,4,1.0,1.0,0.0,1.0,other,well_bound,seen_basis_reparameterization_diagnostic
seen_basis_reparameterization,a78e5f46945a45cb128faa82,rosen_morse_ii,truncated_line,4,1.0,3.3020312090176462,4,1.0,1.0,0.9074887214057683,0.04136762387315516,1.3576741817690225,0.06928384231322793,0.05667375622342029,2.1841812133789062,30,0.10412512719631195,0.10390405356884003,40.874183654785156,85.09870445864408,26029.197265625,4,4,1.0,1.0,0.0,1.0,other,well_bound,seen_basis_reparameterization_diagnostic
seen_basis_reparameterization,a78e5f46945a45cb128faa82,rosen_morse_ii,truncated_line,5,1.0,2.728982274336996,5,1.0,1.0,0.9835380924269426,0.044834313543215855,1.6146300101587965,0.06845717390676158,0.01869436737506961,2.002993583679199,27,0.11522720009088516,0.11451713740825653,30.554113388061523,72.95776633074712,18036.5390625,4,4,1.0,1.0,1.0,1.0,other,well_bound,seen_basis_reparameterization_diagnostic
seen_basis_reparameterization,a78e5f46945a45cb128faa82,rosen_morse_ii,truncated_line,6,1.0,2.2103372514406168,6,1.0,1.0,1.18602497973969,0.05406462263248367,1.9865359630881358,0.08812014665344814,0.0073389792277363565,1.8907508850097656,26,0.12230969965457916,0.12169887125492096,22.302762985229492,64.82022289224356,11178.2392578125,4,4,1.0,1.0,1.0,1.0,other,well_bound,seen_basis_reparameterization_diagnostic
seen_basis_reparameterization,a78e5f46945a45cb128faa82,rosen_morse_ii,truncated_line,7,1.0,1.7461000858526834,7,1.0,1.0,1.2386129802238848,0.05646183217675387,2.242648191057674,0.10625683059602864,0.0039678386571060376,1.7519922256469727,24,0.13137108087539673,0.13112127780914307,13.427140235900879,46.8679094513323,4057.550537109375,4,4,1.0,1.0,0.0,1.0,other,well_bound,seen_basis_reparameterization_diagnostic
seen_basis_reparameterization,a78e5f46945a45cb128faa82,rosen_morse_ii,truncated_line,8,1.0,1.336273182054291,8,1.0,1.0,1.3995378691821925,0.06379754899750313,2.6109667340737106,0.11665147740291276,0.0031154595850118373,1.65753173828125,23,0.13601739704608917,0.13576987385749817,7.231050968170166,29.307284279025005,827.033203125,4,4,1.0,1.0,0.0,1.0,other,well_bound,seen_basis_reparameterization_diagnostic
seen_basis_reparameterization,a78e5f46945a45cb128faa82,rosen_morse_ii,truncated_line,9,1.0,0.9808345668713009,9,1.0,1.0,1.2201795393012735,0.055621548840126434,2.5556539056618277,0.12887411662711,0.0017438721535705827,1.3569440841674805,19,0.1654253751039505,0.1648828089237213,6.436941146850586,23.654283857564437,574.8545532226562,4,4,1.0,1.0,1.0,1.0,other,well_bound,seen_basis_reparameterization_diagnostic
seen_basis_reparameterization,a78e5f46945a45cb128faa82,rosen_morse_ii,truncated_line,10,1.0,0.6793732217399936,10,1.0,1.0,1.231167188949226,0.056122417828539196,2.5268281127700103,0.12692501702086675,0.002093827683744464,1.2800931930541992,18,0.17372876405715942,0.1731777787208557,4.370306968688965,13.810019677059962,165.7645721435547,4,4,1.0,1.0,1.0,1.0,other,well_bound,seen_basis_reparameterization_diagnostic
random_smooth_potentials,26e46de95ee6791e374e2638,fourier_random,truncated_line,0,1.0,inf,0,1.0,1.0,0.0,0.0,0.0,0.0,1.0,20.60147868722425,128,0.05977853387594223,0.059438325464725494,48.095802307128906,134.53120602320786,30460.505859375,4,4,1.0,1.0,0.0,1.0,other,well_bound,same_training_family_challenge
random_smooth_potentials,26e46de95ee6791e374e2638,fourier_random,truncated_line,1,1.0,inf,1,1.0,1.0,0.49661910839031487,0.024105993357568405,0.49661910839031487,0.2578547814698585,0.4694646119238367,10.012908092436652,62,0.10740562528371811,0.10695961862802505,47.819297790527344,123.17892251369534,30277.2109375,4,4,1.0,1.0,0.0,1.0,other,well_bound,same_training_family_challenge
random_smooth_potentials,26e46de95ee6791e374e2638,fourier_random,truncated_line,2,1.0,inf,2,1.0,1.0,0.56483601500915,0.027417255993348964,0.6720008311833494,0.184207160963209,0.16499221883662288,2.9916810989379883,22,0.14169566333293915,0.14116226136684418,45.04292297363281,116.06191748318226,28886.34765625,4,4,1.0,1.0,0.0,1.0,other,well_bound,same_training_family_challenge
random_smooth_potentials,26e46de95ee6791e374e2638,fourier_random,truncated_line,3,1.0,inf,3,1.0,1.0,0.7778803613429345,0.03775847225108784,1.4979198816599752,0.09564359725014421,0.014841579861313979,2.5802268981933594,19,0.1670720875263214,0.16593332588672638,41.144935607910156,111.44909953254553,26169.015625,4,4,1.0,1.0,0.0,1.0,other,well_bound,same_training_family_challenge
random_smooth_potentials,26e46de95ee6791e374e2638,fourier_random,truncated_line,4,1.0,inf,4,1.0,1.0,1.1195859928383916,0.05434493367375075,2.544213039542439,0.10480492044911979,0.010126099471193981,2.2811174392700195,17,0.1892131268978119,0.18767812848091125,35.65182876586914,104.74839474294293,21946.80859375,4,4,1.0,1.0,0.0,1.0,other,well_bound,same_training_family_challenge
random_smooth_potentials,26e46de95ee6791e374e2638,fourier_random,truncated_line,5,1.0,inf,5,1.0,1.0,1.0062564669110239,0.048843895245977716,2.0158135208404797,0.29653419348937865,0.024019006624480588,2.1035804748535156,15,0.21105904877185822,0.2091377228498459,23.833688735961914,77.02581933992815,12438.23828125,4,4,1.0,1.0,0.0,1.0,other,well_bound,same_training_family_challenge
random_smooth_potentials,26e46de95ee6791e374e2638,fourier_random,truncated_line,6,1.0,inf,6,1.0,1.0,0.7758371653540451,0.03765929509881108,1.5108314633676163,0.057745216179541946,0.016653392525693422,1.9330415725708008,14,0.22873149812221527,0.22698234021663666,17.073963165283203,62.469754499915354,6892.30908203125,4,4,1.0,1.0,1.0,1.0,other,well_bound,same_training_family_challenge
random_smooth_potentials,26e46de95ee6791e374e2638,fourier_random,truncated_line,7,1.0,inf,7,1.0,1.0,0.8082547054888433,0.03923284914446808,1.7317115885195176,0.15906604100811106,0.007826970952829138,1.7362556457519531,12,0.2537659704685211,0.2514970600605011,11.909058570861816,46.83028086341428,3071.169677734375,4,4,1.0,1.0,0.0,1.0,other,well_bound,same_training_family_challenge
random_smooth_potentials,26e46de95ee6791e374e2638,fourier_random,truncated_line,8,1.0,inf,8,1.0,1.0,0.8172910825853181,0.03967147674172296,2.176037197394273,0.09122881805169086,0.005563471206775916,1.626150131225586,12,0.2683204412460327,0.2664274573326111,7.555273532867432,32.65563808917307,953.4714965820312,4,4,1.0,1.0,0.0,1.0,other,well_bound,same_training_family_challenge
random_smooth_potentials,26e46de95ee6791e374e2638,fourier_random,truncated_line,9,1.0,inf,9,1.0,1.0,0.7062824187184423,0.03428309343428026,2.2299252209458142,0.12645533426050867,0.0027587400276374296,1.339167594909668,10,0.3152787685394287,0.3134710490703583,7.1212286949157715,28.45066593424505,790.8739624023438,4,4,1.0,1.0,0.0,1.0,other,well_bound,same_training_family_challenge
random_smooth_potentials,26e46de95ee6791e374e2638,fourier_random,truncated_line,10,1.0,inf,10,1.0,1.0,0.7206530061099752,0.03498064469308599,2.181769847787199,0.11394068900362711,0.0023231026608414584,1.2586793899536133,9,0.3325621783733368,0.33108964562416077,4.9580583572387695,17.92292935282312,258.83319091796875,4,4,1.0,1.0,1.0,1.0,other,well_bound,same_training_family_challenge
random_smooth_potentials,6195828856eb7741b0791c11,fourier_random,truncated_line,0,1.0,inf,0,1.0,1.0,0.0,0.0,0.0,0.0,1.0,23.86263006186652,128,0.058092035353183746,0.05768292024731636,48.48138427734375,138.89363057563753,30929.47265625,4,4,1.0,1.0,0.0,1.0,other,well_bound,same_training_family_challenge
random_smooth_potentials,6195828856eb7741b0791c11,fourier_random,truncated_line,1,1.0,inf,1,1.0,1.0,0.421347074212123,0.017657193407421307,0.421347074212123,0.12311540712463606,0.38920494564547214,11.068288020850893,58,0.09910167753696442,0.09859120845794678,47.73263931274414,136.73100004910486,30443.30078125,4,4,1.0,1.0,0.0,1.0,other,well_bound,same_training_family_challenge
random_smooth_potentials,6195828856eb7741b0791c11,fourier_random,truncated_line,2,1.0,inf,2,1.0,1.0,0.8601376425374472,0.03604538310770627,1.6332164582966007,0.4778832928073829,0.07323576623862088,3.9903860092163086,25,0.12465719133615494,0.12428969144821167,44.21500015258789,129.14728856294903,28345.728515625,4,4,1.0,1.0,0.0,1.0,other,well_bound,same_training_family_challenge
random_smooth_potentials,6195828856eb7741b0791c11,fourier_random,truncated_line,3,1.0,inf,3,1.0,1.0,1.1760191974997614,0.04928288266845696,2.4155681163795544,0.33008398831248176,0.03674979038963083,3.523158073425293,22,0.1469677984714508,0.14655134081840515,39.91399002075195,129.9679325814963,25341.44140625,4,4,1.0,1.0,0.0,1.0,other,well_bound,same_training_family_challenge
random_smooth_potentials,6195828856eb7741b0791c11,fourier_random,truncated_line,4,1.0,inf,4,1.0,1.0,0.3967662812353025,0.016627097692360055,0.7696573266492928,0.10914689252354251,0.06248628411290485,2.928640365600586,19,0.17581795156002045,0.17222601175308228,33.26002502441406,121.0008678405895,20091.755859375,4,4,1.0,1.0,0.0,1.0,other,well_bound,same_training_family_challenge
random_smooth_potentials,6195828856eb7741b0791c11,fourier_random,truncated_line,5,1.0,inf,5,1.0,1.0,0.6698861284829183,0.028072602506352573,1.561974187680813,0.09697849382251078,0.05537377779124976,2.6432132720947266,16,0.20402131974697113,0.2003006637096405,21.49956703186035,93.48859242244404,10514.2587890625,4,4,1.0,1.0,0.0,1.0,other,well_bound,same_training_family_challenge
random_smooth_potentials,6195828856eb7741b0791c11,fourier_random,truncated_line,6,1.0,inf,6,1.0,1.0,0.7740860767166913,0.03243926066446939,1.6227346930904583,0.1125744950534172,0.03664834169069154,2.3609724044799805,14,0.23053118586540222,0.22637465596199036,14.981910705566406,70.40878604700805,5310.37060546875,4,4,1.0,1.0,1.0,1.0,other,well_bound,same_training_family_challenge
random_smooth_potentials,6195828856eb7741b0791c11,fourier_random,truncated_line,7,1.0,inf,7,1.0,1.0,0.6815342788814248,0.028560736059456627,0.981561438552836,0.060988443098756395,0.018711874348993685,2.087522506713867,12,0.2578181326389313,0.25341498851776123,10.812793731689453,51.35024318872939,2432.072998046875,4,4,1.0,1.0,0.0,1.0,other,well_bound,same_training_family_challenge
random_smooth_potentials,6195828856eb7741b0791c11,fourier_random,truncated_line,8,1.0,inf,8,1.0,1.0,0.7706123900816082,0.03229369051457069,1.3170201252953682,0.05531611544353468,0.010170623591441684,1.9203033447265625,11,0.27977022528648376,0.275256872177124,7.231366157531738,36.318590063586996,849.5206909179688,4,4,1.0,1.0,0.0,1.0,other,well_bound,same_training_family_challenge
random_smooth_potentials,6195828856eb7741b0791c11,fourier_random,truncated_line,9,1.0,inf,9,1.0,1.0,0.6878738410929767,0.028826405107466667,1.6046677741660043,0.09424223045544348,0.0051356258785821085,1.5762290954589844,10,0.31473010778427124,0.3110349774360657,6.88132905960083,32.15223608143837,719.9728393554688,4,4,1.0,1.0,1.0,1.0,other,well_bound,same_training_family_challenge
random_smooth_potentials,6195828856eb7741b0791c11,fourier_random,truncated_line,10,1.0,inf,10,1.0,1.0,0.7394310827327478,0.03098699015220412,1.7381766429406058,0.08302558210986151,0.0036852524284765958,1.4710474014282227,10,0.33243754506111145,0.32868045568466187,4.9817094802856445,21.20474937194737,264.73748779296875,4,4,1.0,1.0,1.0,1.0,other,well_bound,same_training_family_challenge
random_smooth_potentials,9571d392cd35b210f1a4c535,fourier_random,truncated_line,0,1.0,inf,0,1.0,1.0,0.0,0.0,0.0,0.0,1.0,21.36450738790112,128,0.05501452088356018,0.05466111749410629,44.77083206176758,152.41188372654338,26643.384765625,4,4,1.0,1.0,0.0,1.0,other,well_bound,same_training_family_challenge
random_smooth_potentials,9571d392cd35b210f1a4c535,fourier_random,truncated_line,1,1.0,inf,1,1.0,1.0,0.4043783208364946,0.01892757523000493,0.4043783208364946,0.1479859389046937,0.42116992788499213,8.493127822875977,48,0.0994548350572586,0.0989154502749443,45.33332443237305,147.3676315504892,27983.806640625,4,4,1.0,1.0,0.0,1.0,other,well_bound,same_training_family_challenge
random_smooth_potentials,9571d392cd35b210f1a4c535,fourier_random,truncated_line,2,1.0,inf,2,1.0,1.0,1.2405280036839774,0.0580649008732351,2.00966452290906,0.06995640327734343,0.07473396197352028,3.6011924743652344,26,0.13200417160987854,0.13140258193016052,41.52139663696289,133.00424272136462,26257.171875,4,4,1.0,1.0,0.0,1.0,other,well_bound,same_training_family_challenge
random_smooth_potentials,9571d392cd35b210f1a4c535,fourier_random,truncated_line,3,1.0,inf,3,1.0,1.0,1.4391644780980315,0.06736239932744909,2.8041571307216113,0.1521691708612509,0.01874204915214191,2.958944320678711,20,0.16254578530788422,0.16160480678081512,37.47084426879883,128.0272002469578,23522.966796875,4,4,1.0,1.0,0.0,1.0,other,well_bound,same_training_family_challenge
random_smooth_potentials,9571d392cd35b210f1a4c535,fourier_random,truncated_line,4,1.0,inf,4,1.0,1.0,1.4461265430892956,0.06768826993447309,3.0310483041446696,0.1047809682623689,0.023358879525197572,2.6223230361938477,17,0.19058476388454437,0.18779899179935455,30.028535842895508,118.868773887618,17633.791015625,4,4,1.0,1.0,1.0,1.0,other,well_bound,same_training_family_challenge
random_smooth_potentials,9571d392cd35b210f1a4c535,fourier_random,truncated_line,5,1.0,inf,5,1.0,1.0,1.203782976346674,0.0563449909932576,2.444416868897181,0.23309137884373884,0.03178247189324297,2.304947853088379,15,0.21630364656448364,0.2136746197938919,20.615938186645508,87.4475958728825,9850.154296875,4,4,1.0,1.0,0.0,1.0,other,well_bound,same_training_family_challenge
random_smooth_potentials,9571d392cd35b210f1a4c535,fourier_random,truncated_line,6,1.0,inf,6,1.0,1.0,0.8803725266888501,0.04120724670616144,1.6026597149009276,0.06857239007682411,0.025179741573791093,2.075803756713867,14,0.24324046075344086,0.23804809153079987,13.129077911376953,66.11817515974772,3999.515625,4,4,1.0,1.0,0.0,1.0,other,well_bound,same_training_family_challenge
random_smooth_potentials,9571d392cd35b210f1a4c535,fourier_random,truncated_line,7,1.0,inf,7,1.0,1.0,0.8213881572395721,0.03844638878520224,1.546883319912698,0.07917153099673804,0.013735703548324872,1.8484582901000977,12,0.2697679102420807,0.2654505670070648,9.706060409545898,48.11040912598678,1835.037841796875,4,4,1.0,1.0,0.0,1.0,other,well_bound,same_training_family_challenge
random_smooth_potentials,9571d392cd35b210f1a4c535,fourier_random,truncated_line,8,1.0,inf,8,1.0,1.0,0.8028518038605317,0.037578765065053296,1.374518642272513,0.0703536240881773,0.0070836801355591995,1.697077751159668,11,0.29239973425865173,0.2870473563671112,6.827779769897461,33.25579949025933,717.520751953125,4,4,1.0,1.0,0.0,1.0,other,well_bound,same_training_family_challenge
random_smooth_potentials,9571d392cd35b210f1a4c535,fourier_random,truncated_line,9,1.0,inf,9,1.0,1.0,0.6653924651747751,0.031144760470891635,1.3126949315616958,0.08304412676775523,0.004040985581817462,1.4930458068847656,10,0.31342118978500366,0.3095644414424896,6.105660438537598,27.67488558628827,511.18426513671875,4,4,1.0,1.0,1.0,1.0,other,well_bound,same_training_family_challenge
random_smooth_potentials,9571d392cd35b210f1a4c535,fourier_random,truncated_line,10,1.0,inf,10,1.0,1.0,0.7156975331627227,0.03349936978036889,1.4987258211957943,0.07397264330727658,0.003240713413158865,1.3919095993041992,9,0.33664363622665405,0.3315008580684662,4.366215229034424,18.323461644363142,176.87396240234375,4,4,1.0,1.0,1.0,1.0,other,well_bound,same_training_family_challenge
random_smooth_potentials,e1ac87b7f976c6d99e0d3590,fourier_random,truncated_line,0,1.0,inf,0,1.0,1.0,0.0,0.0,0.0,0.0,1.0,21.088809082237365,128,0.056252267211675644,0.0554920919239521,45.943782806396484,106.45692470145993,27822.0703125,4,4,1.0,1.0,0.0,1.0,other,well_bound,same_training_family_challenge
random_smooth_potentials,e1ac87b7f976c6d99e0d3590,fourier_random,truncated_line,1,1.0,inf,1,1.0,1.0,1.4749213334774476,0.06993857869004756,1.4749213334774476,0.12485181797673695,0.32266048488861027,9.132755494340298,54,0.10147043317556381,0.10048381239175797,46.19116973876953,109.09041691703605,28681.458984375,4,4,1.0,1.0,1.0,1.0,other,well_bound,same_training_family_challenge
random_smooth_potentials,e1ac87b7f976c6d99e0d3590,fourier_random,truncated_line,2,1.0,inf,2,1.0,1.0,0.9854563518949958,0.04672887634631885,1.7352677437445039,0.35092146310836553,0.15872052557374647,3.6226625442504883,26,0.13653141260147095,0.13512276113033295,43.195396423339844,104.00908530251158,27525.69921875,4,4,1.0,1.0,0.0,1.0,other,well_bound,same_training_family_challenge
random_smooth_potentials,e1ac87b7f976c6d99e0d3590,fourier_random,truncated_line,3,1.0,inf,3,1.0,1.0,0.8410222309817194,0.03988002488438731,1.211060109385851,0.09529818888981631,0.0471584165367084,2.861453056335449,21,0.16600549221038818,0.16432316601276398,38.858978271484375,107.12468865289755,24607.580078125,4,4,1.0,1.0,0.0,1.0,other,well_bound,same_training_family_challenge
random_smooth_potentials,e1ac87b7f976c6d99e0d3590,fourier_random,truncated_line,4,1.0,inf,4,1.0,1.0,1.1051232469717769,0.05240330274992141,1.9159924991082535,0.09801796388934814,0.026428004244621047,2.47518253326416,17,0.1911165565252304,0.1894897073507309,32.5009765625,104.9777861447234,19672.611328125,4,4,1.0,1.0,1.0,1.0,other,well_bound,same_training_family_challenge
random_smooth_potentials,e1ac87b7f976c6d99e0d3590,fourier_random,truncated_line,5,1.0,inf,5,1.0,1.0,1.0129152013338092,0.048030934197558134,2.0767004925478423,0.16739392662719924,0.02934669422632256,2.2254533767700195,15,0.2164171189069748,0.2145557999610901,21.165868759155273,83.11449395236812,10323.5673828125,4,4,1.0,1.0,0.0,1.0,other,well_bound,same_training_family_challenge
random_smooth_potentials,e1ac87b7f976c6d99e0d3590,fourier_random,truncated_line,6,1.0,inf,6,1.0,1.0,0.7999860839506584,0.03793415174991882,1.3450267157091944,0.09038736454058195,0.024631381203841975,2.0004873275756836,14,0.23632481694221497,0.235210120677948,14.665129661560059,64.62359505860219,5095.765625,4,4,1.0,1.0,1.0,1.0,other,well_bound,same_training_family_challenge
random_smooth_potentials,e1ac87b7f976c6d99e0d3590,fourier_random,truncated_line,7,1.0,inf,7,1.0,1.0,0.7078788283040022,0.03356656250922357,1.1990662761737951,0.06933014770502877,0.013246106500670537,1.7646493911743164,12,0.2652498483657837,0.26379451155662537,10.760583877563477,47.60655731187984,2389.300048828125,4,4,1.0,1.0,0.0,1.0,other,well_bound,same_training_family_challenge
random_smooth_potentials,e1ac87b7f976c6d99e0d3590,fourier_random,truncated_line,8,1.0,inf,8,1.0,1.0,0.7714115768557068,0.03657919106989544,1.4395455204234153,0.07352872206299495,0.006488723998547323,1.6574840545654297,11,0.2852136790752411,0.2838200628757477,7.194905757904053,33.427298285030695,828.6525268554688,4,4,1.0,1.0,0.0,1.0,other,well_bound,same_training_family_challenge
random_smooth_potentials,e1ac87b7f976c6d99e0d3590,fourier_random,truncated_line,9,1.0,inf,9,1.0,1.0,0.6814574717194555,0.032313701027974685,1.6218212391242153,0.09433800885003277,0.0035086309043500883,1.4509029388427734,10,0.31498101353645325,0.3125053644180298,6.174899101257324,28.920233041781465,528.8810424804688,4,4,1.0,1.0,1.0,1.0,other,well_bound,same_training_family_challenge
random_smooth_potentials,e1ac87b7f976c6d99e0d3590,fourier_random,truncated_line,10,1.0,inf,10,1.0,1.0,0.7238798320475398,0.03432530633781723,1.6687838632038883,0.08265213735686298,0.0029151383839359887,1.3757848739624023,9,0.3318340480327606,0.3294125497341156,4.506783485412598,18.931714690511,193.97232055664062,4,4,1.0,1.0,1.0,1.0,other,well_bound,same_training_family_challenge
random_smooth_potentials,25aabe1eb9766ecfe3db289d,fourier_random,truncated_line,0,1.0,inf,0,1.0,1.0,0.0,0.0,0.0,0.0,1.0,24.0,128,0.061652470380067825,0.061135586351156235,44.89534378051758,192.24053511529394,28019.55078125,4,4,1.0,1.0,0.0,1.0,other,well_bound,same_training_family_challenge
random_smooth_potentials,25aabe1eb9766ecfe3db289d,fourier_random,truncated_line,1,1.0,inf,1,1.0,1.0,1.3093387920984716,0.054555783004102985,1.3093387920984716,0.3453849916870594,0.2444285953226038,9.594202995300293,49,0.10959237068891525,0.10923697799444199,44.26527404785156,182.32119872003477,27739.84765625,4,4,1.0,1.0,0.0,1.0,other,well_bound,same_training_family_challenge
random_smooth_potentials,25aabe1eb9766ecfe3db289d,fourier_random,truncated_line,2,1.0,inf,2,1.0,1.0,0.8536591197897903,0.03556912999124126,1.5863638013339472,0.3533089748235841,0.15962307897637695,3.5046234130859375,21,0.14608526229858398,0.1457914263010025,39.1275520324707,165.5931672177394,24649.931640625,4,4,1.0,1.0,0.0,1.0,other,well_bound,same_training_family_challenge
random_smooth_potentials,25aabe1eb9766ecfe3db289d,fourier_random,truncated_line,3,1.0,inf,3,1.0,1.0,0.4473274466800075,0.01863864361166698,1.0524451278430003,0.10449759905568123,0.040732004003831035,2.880239486694336,18,0.1740173101425171,0.1736215353012085,33.7662239074707,149.87140146100506,20622.23046875,4,4,1.0,1.0,0.0,1.0,other,well_bound,same_training_family_challenge
random_smooth_potentials,25aabe1eb9766ecfe3db289d,fourier_random,truncated_line,4,1.0,inf,4,1.0,1.0,0.7971413618892541,0.033214223412052254,2.1984252132304682,0.08015174517676929,0.00041055495211750337,2.5668764114379883,16,0.21037723124027252,0.20628602802753448,28.20359230041504,137.16124248655785,16098.439453125,4,4,1.0,1.0,0.0,1.0,other,well_bound,same_training_family_challenge
random_smooth_potentials,25aabe1eb9766ecfe3db289d,fourier_random,truncated_line,5,1.0,inf,5,1.0,1.0,1.6404548272843713,0.06835228447018214,4.676262127432593,0.08265993214707255,0.0035778213970275585,2.3994879722595215,13,0.23691970109939575,0.2308996170759201,15.515132904052734,95.76654060564472,5712.23193359375,4,4,1.0,1.0,0.0,1.0,other,well_bound,same_training_family_challenge
random_smooth_potentials,25aabe1eb9766ecfe3db289d,fourier_random,truncated_line,6,1.0,inf,6,1.0,1.0,2.0925446521095687,0.08718936050456537,5.813356576734157,0.23514894700422742,0.012889963780641,2.2244014739990234,12,0.2582527697086334,0.2517503499984741,12.198821067810059,75.10827204565697,3367.846435546875,4,4,1.0,1.0,0.0,1.0,other,well_bound,same_training_family_challenge
random_smooth_potentials,25aabe1eb9766ecfe3db289d,fourier_random,truncated_line,7,1.0,inf,7,1.0,1.0,1.228252692152171,0.05117719550634046,3.510415368656083,0.07134934702091582,0.01443611049649629,2.0023412704467773,11,0.2867162227630615,0.2790799140930176,8.980533599853516,54.727580412858984,1485.509521484375,4,4,1.0,1.0,0.0,1.0,other,well_bound,same_training_family_challenge
random_smooth_potentials,25aabe1eb9766ecfe3db289d,fourier_random,truncated_line,8,1.0,inf,8,1.0,1.0,1.2895441442082753,0.05373100600867814,3.907539207757014,0.19585931605658136,0.01449147287307817,1.8917293548583984,10,0.29674187302589417,0.2905595600605011,5.778846263885498,35.611964485958794,423.58587646484375,4,4,1.0,1.0,0.0,1.0,other,well_bound,same_training_family_challenge
random_smooth_potentials,25aabe1eb9766ecfe3db289d,fourier_random,truncated_line,9,1.0,inf,9,1.0,1.0,0.9282223202003093,0.03867593000834622,2.379872768919925,0.08063932945616203,0.006702620348825072,1.603048324584961,10,0.31215161085128784,0.3101547956466675,5.337618827819824,30.413848775354445,329.84710693359375,4,4,1.0,1.0,0.0,1.0,other,well_bound,same_training_family_challenge
random_smooth_potentials,25aabe1eb9766ecfe3db289d,fourier_random,truncated_line,10,1.0,inf,10,1.0,1.0,0.9413074784208476,0.039221144934201986,2.6437963240204025,0.1644527294797953,0.004940900373547552,1.4847021102905273,9,0.3304544985294342,0.3294910788536072,3.888453960418701,18.684552171202323,114.47966003417969,4,4,1.0,1.0,0.0,1.0,other,well_bound,same_training_family_challenge
random_smooth_potentials,f02f6a969035c43da602808d,gaussian_random_field,truncated_line,0,1.0,inf,0,1.0,1.0,0.0,0.0,0.0,0.0,1.0,24.0,128,0.06203072518110275,0.06166887283325195,48.29672622680664,127.04203154641604,31119.685546875,4,4,1.0,1.0,0.0,1.0,other,well_bound,same_training_family_challenge
random_smooth_potentials,f02f6a969035c43da602808d,gaussian_random_field,truncated_line,1,1.0,inf,1,1.0,1.0,0.02788399243703754,0.0011618330182098975,0.02788399243703754,0.13287907854169878,0.4920537574250078,11.320978164672852,60,0.11201842874288559,0.1114424467086792,47.60238265991211,108.9395325279661,30560.66015625,4,4,1.0,1.0,0.0,1.0,other,well_bound,same_training_family_challenge
random_smooth_potentials,f02f6a969035c43da602808d,gaussian_random_field,truncated_line,2,1.0,inf,2,1.0,1.0,0.8561288511290049,0.03567203546370854,0.91464637081847,0.185989465842212,0.15337389549698632,3.359050750732422,22,0.1469222903251648,0.1463656723499298,43.898040771484375,102.6402127798084,28290.09765625,4,4,1.0,1.0,0.0,1.0,other,well_bound,same_training_family_challenge
random_smooth_potentials,f02f6a969035c43da602808d,gaussian_random_field,truncated_line,3,1.0,inf,3,1.0,1.0,1.113482154090518,0.04639508975377158,1.9114612723376398,0.16580576671152203,0.036207791589241665,2.9036378860473633,19,0.1720522791147232,0.1716221123933792,39.33905792236328,103.7207395518475,25065.75,4,4,1.0,1.0,0.0,1.0,other,well_bound,same_training_family_challenge
random_smooth_potentials,f02f6a969035c43da602808d,gaussian_random_field,truncated_line,4,1.0,inf,4,1.0,1.0,1.2772953761378774,0.05322064067241156,2.7459662444038138,0.17083417797113024,0.013362641571094557,2.577850341796875,16,0.19455641508102417,0.19269581139087677,33.73550796508789,108.76911651206403,20630.798828125,4,4,1.0,1.0,0.0,1.0,other,well_bound,same_training_family_challenge
random_smooth_potentials,f02f6a969035c43da602808d,gaussian_random_field,truncated_line,5,1.0,inf,5,1.0,1.0,1.3001100499195757,0.05417125207998232,2.2994859355937263,0.11164319499642433,0.012450612255418547,2.363377571105957,15,0.2170642763376236,0.2139870673418045,20.943031311035156,89.74403982030475,10107.8134765625,4,4,1.0,1.0,0.0,1.0,other,well_bound,same_training_family_challenge
random_smooth_potentials,f02f6a969035c43da602808d,gaussian_random_field,truncated_line,6,1.0,inf,6,1.0,1.0,1.2700255299041026,0.05291773041267094,2.477681651207318,0.18417360434960597,0.020319137168494518,2.2020435333251953,14,0.23330871760845184,0.23028168082237244,15.337478637695312,72.45259855548838,5576.056640625,4,4,1.0,1.0,0.0,1.0,other,well_bound,same_training_family_challenge
random_smooth_potentials,f02f6a969035c43da602808d,gaussian_random_field,truncated_line,7,1.0,inf,7,1.0,1.0,1.1319177702699819,0.04716324042791591,2.8201059925076186,0.13822753490719505,0.01236751053693301,1.9745674133300781,12,0.2581566870212555,0.2548198401927948,10.829493522644043,53.72527346944925,2421.524169921875,4,4,1.0,1.0,0.0,1.0,other,well_bound,same_training_family_challenge
random_smooth_potentials,f02f6a969035c43da602808d,gaussian_random_field,truncated_line,8,1.0,inf,8,1.0,1.0,1.0244798093212086,0.04268665872171703,1.5527821421255243,0.10061991727320667,0.007908929992716331,1.8393678665161133,11,0.27265664935112,0.27083343267440796,7.074280738830566,37.394736966416595,780.793212890625,4,4,1.0,1.0,1.0,1.0,other,well_bound,same_training_family_challenge
random_smooth_potentials,f02f6a969035c43da602808d,gaussian_random_field,truncated_line,9,1.0,inf,9,1.0,1.0,0.7801109090014348,0.03250462120839311,1.3812650255715355,0.12176941816434286,0.003649151792346698,1.480097770690918,9,0.33187130093574524,0.32882869243621826,7.1178693771362305,32.22643231788155,782.0623779296875,4,4,1.0,1.0,1.0,1.0,other,well_bound,same_training_family_challenge
random_smooth_potentials,f02f6a969035c43da602808d,gaussian_random_field,truncated_line,10,1.0,inf,10,1.0,1.0,0.7979467745470662,0.03324778227279442,1.7973967144441136,0.10595910331626736,0.00263461031778478,1.4142341613769531,9,0.3506440222263336,0.3468084931373596,4.907512664794922,20.392123617722753,247.2014617919922,4,4,1.0,1.0,1.0,1.0,other,well_bound,same_training_family_challenge
random_smooth_potentials,9cc1088a1e9eef230167a3e7,gaussian_random_field,truncated_line,0,1.0,inf,0,1.0,1.0,0.0,0.0,0.0,0.0,1.0,20.119130044233497,128,0.05723122879862785,0.05678845942020416,48.287044525146484,100.68030994914255,30794.494140625,4,4,1.0,1.0,0.0,1.0,other,well_bound,same_training_family_challenge
random_smooth_potentials,9cc1088a1e9eef230167a3e7,gaussian_random_field,truncated_line,1,1.0,inf,1,1.0,1.0,0.42035647684444744,0.020893372423174388,0.42035647684444744,0.35327974107830284,0.47060332792355564,10.013230566931554,64,0.10089126229286194,0.10026784241199493,47.55924987792969,99.8322242377826,30257.375,4,4,1.0,1.0,0.0,1.0,other,well_bound,same_training_family_challenge
random_smooth_potentials,9cc1088a1e9eef230167a3e7,gaussian_random_field,truncated_line,2,1.0,inf,2,1.0,1.0,0.629249143946867,0.03127616067709752,0.6301138725191746,0.17795415817190885,0.1628985681391616,3.16168212890625,25,0.13204491138458252,0.13138750195503235,44.20261764526367,104.4777412494559,28426.970703125,4,4,1.0,1.0,0.0,1.0,other,well_bound,same_training_family_challenge
random_smooth_potentials,9cc1088a1e9eef230167a3e7,gaussian_random_field,truncated_line,3,1.0,inf,3,1.0,1.0,0.9003654203728716,0.04475170737469001,1.3816986824012587,0.21807871606832782,0.06396780003793956,2.6925830841064453,20,0.15571291744709015,0.15498167276382446,39.7484245300293,107.86955069881142,25267.29296875,4,4,1.0,1.0,0.0,1.0,other,well_bound,same_training_family_challenge
random_smooth_potentials,9cc1088a1e9eef230167a3e7,gaussian_random_field,truncated_line,4,1.0,inf,4,1.0,1.0,0.9564420238554541,0.047538935418809894,1.929352684751705,0.16432501045931866,0.054274355190922365,2.3498106002807617,18,0.17800553143024445,0.17764659225940704,33.51348114013672,106.02242504320571,20396.927734375,4,4,1.0,1.0,0.0,1.0,other,well_bound,same_training_family_challenge
random_smooth_potentials,9cc1088a1e9eef230167a3e7,gaussian_random_field,truncated_line,5,1.0,inf,5,1.0,1.0,0.7882857346559841,0.03918090558204433,1.3704749549888358,0.1383665420459257,0.0312186338434069,2.10611629486084,16,0.20028561353683472,0.19867490231990814,21.5264835357666,83.53286053212412,10547.49609375,4,4,1.0,1.0,1.0,1.0,other,well_bound,same_training_family_challenge
random_smooth_potentials,9cc1088a1e9eef230167a3e7,gaussian_random_field,truncated_line,6,1.0,inf,6,1.0,1.0,0.7778158793806863,0.03866051254058186,1.4078069481535396,0.05484472172743325,0.019806703160468238,1.9322328567504883,14,0.22156548500061035,0.22029732167720795,15.02938175201416,65.48218394739408,5345.97021484375,4,4,1.0,1.0,1.0,1.0,other,well_bound,same_training_family_challenge
random_smooth_potentials,9cc1088a1e9eef230167a3e7,gaussian_random_field,truncated_line,7,1.0,inf,7,1.0,1.0,0.7483555300579875,0.037196217153160634,1.4061142387979304,0.08653073142642037,0.011907679346112903,1.7054252624511719,13,0.2467956393957138,0.24552148580551147,10.804211616516113,47.99808169962192,2419.753173828125,4,4,1.0,1.0,0.0,1.0,other,well_bound,same_training_family_challenge
random_smooth_potentials,9cc1088a1e9eef230167a3e7,gaussian_random_field,truncated_line,8,1.0,inf,8,1.0,1.0,0.8019513074296752,0.03986013836913037,1.5277800236583818,0.09146807727307432,0.006638644546729839,1.57973051071167,12,0.26953721046447754,0.2646275758743286,7.137082099914551,33.44843733219963,811.5228881835938,4,4,1.0,1.0,0.0,1.0,other,well_bound,same_training_family_challenge
random_smooth_potentials,9cc1088a1e9eef230167a3e7,gaussian_random_field,truncated_line,9,1.0,inf,9,1.0,1.0,0.6615180078507202,0.03288005030020287,1.4203878709162883,0.10456684060962243,0.0032563007634607032,1.2974138259887695,10,0.31795647740364075,0.3145293593406677,6.808384418487549,29.572231774425077,696.0631713867188,4,4,1.0,1.0,1.0,1.0,other,well_bound,same_training_family_challenge
random_smooth_potentials,9cc1088a1e9eef230167a3e7,gaussian_random_field,truncated_line,10,1.0,inf,10,1.0,1.0,0.6882788524934417,0.034210169673351,1.4649356039276098,0.09431624924136374,0.002527866827342853,1.2437896728515625,9,0.33530786633491516,0.3321124315261841,4.849469184875488,19.40290599256113,241.77818298339844,4,4,1.0,1.0,1.0,1.0,other,well_bound,same_training_family_challenge
random_smooth_potentials,bcc67832c8620c86b4a26baa,gaussian_random_field,truncated_line,0,1.0,inf,0,1.0,1.0,0.0,0.0,0.0,0.0,1.0,19.28469056591524,128,0.061216920614242554,0.05979083478450775,42.54472732543945,102.6515894262653,23898.056640625,4,4,1.0,1.0,0.0,1.0,other,well_bound,same_training_family_challenge
random_smooth_potentials,bcc67832c8620c86b4a26baa,gaussian_random_field,truncated_line,1,1.0,inf,1,1.0,1.0,0.9014020938070431,0.046741848966984606,0.9014020938070431,0.24576284551761798,0.25869989548345557,6.7284770011901855,41,0.10731049627065659,0.1054338812828064,43.61562728881836,108.36823823285849,26184.126953125,4,4,1.0,1.0,0.0,1.0,other,well_bound,same_training_family_challenge
random_smooth_potentials,bcc67832c8620c86b4a26baa,gaussian_random_field,truncated_line,2,1.0,inf,2,1.0,1.0,1.111421188558674,0.05763230603881492,2.0723309718845915,0.2633727575351216,0.08493876876152472,3.4466562271118164,26,0.14056821167469025,0.1385127156972885,39.485511779785156,76.71550112982295,24714.658203125,4,4,1.0,1.0,0.0,1.0,other,well_bound,same_training_family_challenge
random_smooth_potentials,bcc67832c8620c86b4a26baa,gaussian_random_field,truncated_line,3,1.0,inf,3,1.0,1.0,0.9592945634295041,0.049743840076179956,1.5808137021661661,0.16929959872145564,0.05024083146196675,2.712986946105957,20,0.16931313276290894,0.1672256737947464,35.209774017333984,69.19064862742798,21825.8515625,4,4,1.0,1.0,0.0,1.0,other,well_bound,same_training_family_challenge
random_smooth_potentials,bcc67832c8620c86b4a26baa,gaussian_random_field,truncated_line,4,1.0,inf,4,1.0,1.0,1.100441109846395,0.05706293840106367,1.6971190332862691,0.15435208031375963,0.02299492213480994,2.404848098754883,16,0.19367444515228271,0.19166436791419983,27.24563217163086,61.86858006815062,15351.1845703125,4,4,1.0,1.0,1.0,1.0,other,well_bound,same_training_family_challenge
random_smooth_potentials,bcc67832c8620c86b4a26baa,gaussian_random_field,truncated_line,5,1.0,inf,5,1.0,1.0,1.1497341122119409,0.059619007537722195,2.1492336429316357,0.14245598658641626,0.010414697747286464,2.140348434448242,14,0.21555088460445404,0.21401868760585785,18.006601333618164,42.44503505702893,7711.42529296875,4,4,1.0,1.0,0.0,1.0,other,well_bound,same_training_family_challenge
random_smooth_potentials,bcc67832c8620c86b4a26baa,gaussian_random_field,truncated_line,6,1.0,inf,6,1.0,1.0,1.234357762995986,0.06400713347081927,2.395020317096248,0.09056790531161892,0.009035701638127459,1.9263067245483398,13,0.23896732926368713,0.237531840801239,11.984615325927734,40.95772401560967,3250.37548828125,4,4,1.0,1.0,0.0,1.0,other,well_bound,same_training_family_challenge
random_smooth_potentials,bcc67832c8620c86b4a26baa,gaussian_random_field,truncated_line,7,1.0,inf,7,1.0,1.0,1.3220524151405872,0.06855450496453654,2.582561888270346,0.0935998180594021,0.006316530133388514,1.7014827728271484,12,0.2670714557170868,0.26554206013679504,9.126958847045898,32.50400353778228,1563.0908203125,4,4,1.0,1.0,1.0,1.0,other,well_bound,same_training_family_challenge
random_smooth_potentials,bcc67832c8620c86b4a26baa,gaussian_random_field,truncated_line,8,1.0,inf,8,1.0,1.0,1.3350935392125833,0.0692307472940373,2.630863515038862,0.11700340218630645,0.004606767677499773,1.5964984893798828,11,0.28793710470199585,0.28659993410110474,6.551064491271973,25.647433334670527,638.3886108398438,4,4,1.0,1.0,1.0,1.0,other,well_bound,same_training_family_challenge
random_smooth_potentials,bcc67832c8620c86b4a26baa,gaussian_random_field,truncated_line,9,1.0,inf,9,1.0,1.0,0.9994478334274428,0.05182597200672323,2.238473962424094,0.09445103161821497,0.003800004986715433,1.4246044158935547,10,0.3206435739994049,0.31748834252357483,5.663629055023193,19.220986582999647,407.8218688964844,4,4,1.0,1.0,0.0,1.0,other,well_bound,same_training_family_challenge
random_smooth_potentials,bcc67832c8620c86b4a26baa,gaussian_random_field,truncated_line,10,1.0,inf,10,1.0,1.0,1.050289951459681,0.05446236992342609,2.056208220975649,0.07455322616882312,0.003996037955234118,1.3452949523925781,9,0.34244605898857117,0.34013694524765015,3.9948601722717285,12.473123821237062,133.34613037109375,4,4,1.0,1.0,1.0,1.0,other,well_bound,same_training_family_challenge
random_smooth_potentials,6ad82fde733ce9ebca2e73d9,gaussian_random_field,truncated_line,0,1.0,inf,0,1.0,1.0,0.0,0.0,0.0,0.0,1.0,18.191187843135864,128,0.05205151438713074,0.05182112380862236,45.19847106933594,94.10275626980628,26861.80078125,4,4,1.0,1.0,0.0,1.0,other,well_bound,same_training_family_challenge
random_smooth_potentials,6ad82fde733ce9ebca2e73d9,gaussian_random_field,truncated_line,1,1.0,inf,1,1.0,1.0,0.4127097178060062,0.022687342979734838,0.4127097178060062,0.25744825452463405,0.4654122033086292,8.889595124905556,62,0.09388479590415955,0.09352581948041916,45.5609130859375,100.04012955640258,27690.287109375,4,4,1.0,1.0,0.0,1.0,other,well_bound,same_training_family_challenge
random_smooth_potentials,6ad82fde733ce9ebca2e73d9,gaussian_random_field,truncated_line,2,1.0,inf,2,1.0,1.0,0.3726353403918466,0.020484387474040307,0.3935741240808528,0.14169720217729556,0.2507828827625474,2.9592204093933105,25,0.12747246026992798,0.12697359919548035,42.95061111450195,94.74521381691201,26872.720703125,4,4,1.0,1.0,0.0,1.0,other,well_bound,same_training_family_challenge
random_smooth_potentials,6ad82fde733ce9ebca2e73d9,gaussian_random_field,truncated_line,3,1.0,inf,3,1.0,1.0,0.458205207662143,0.025188306097066605,0.7438634048364317,0.13421842333488918,0.11467053753076333,2.4415273666381836,20,0.15853257477283478,0.15705585479736328,38.83444595336914,96.46939510863189,24112.58203125,4,4,1.0,1.0,0.0,1.0,other,well_bound,same_training_family_challenge
random_smooth_potentials,6ad82fde733ce9ebca2e73d9,gaussian_random_field,truncated_line,4,1.0,inf,4,1.0,1.0,0.6181534187483902,0.033980926593622084,1.0559598195816684,0.10000849280232874,0.053922273716599536,2.117051124572754,17,0.18601296842098236,0.1842375248670578,33.202049255371094,96.07595266005414,19881.068359375,4,4,1.0,1.0,0.0,1.0,other,well_bound,same_training_family_challenge
random_smooth_potentials,6ad82fde733ce9ebca2e73d9,gaussian_random_field,truncated_line,5,1.0,inf,5,1.0,1.0,0.6869630442091348,0.037763506711759265,1.2651224852765903,0.07537615726704246,0.02822118177493294,1.893838882446289,15,0.21246682107448578,0.21031618118286133,21.869373321533203,78.17954727037933,10818.775390625,4,4,1.0,1.0,1.0,1.0,other,well_bound,same_training_family_challenge
random_smooth_potentials,6ad82fde733ce9ebca2e73d9,gaussian_random_field,truncated_line,6,1.0,inf,6,1.0,1.0,0.7851985298619718,0.04316367554624824,1.47780959889087,0.0806409492720039,0.01719983410479487,1.7166919708251953,13,0.23203332722187042,0.23037926852703094,15.092700958251953,62.050528113362965,5399.78076171875,4,4,1.0,1.0,1.0,1.0,other,well_bound,same_training_family_challenge
random_smooth_potentials,6ad82fde733ce9ebca2e73d9,gaussian_random_field,truncated_line,7,1.0,inf,7,1.0,1.0,0.7557897022842407,0.04154702314117575,1.4664705912729614,0.09676971956847089,0.010439880523229196,1.5448532104492188,12,0.25801587104797363,0.2559969127178192,10.651119232177734,45.33200714023853,2341.64697265625,4,4,1.0,1.0,0.0,1.0,other,well_bound,same_training_family_challenge
random_smooth_potentials,6ad82fde733ce9ebca2e73d9,gaussian_random_field,truncated_line,8,1.0,inf,8,1.0,1.0,0.7900053215633307,0.0434279129200145,1.4670047106737218,0.09302043914695997,0.00576471171904503,1.4399824142456055,11,0.27441442012786865,0.2725224494934082,6.8182196617126465,31.004563039983893,713.4937744140625,4,4,1.0,1.0,0.0,1.0,other,well_bound,same_training_family_challenge
random_smooth_potentials,6ad82fde733ce9ebca2e73d9,gaussian_random_field,truncated_line,9,1.0,inf,9,1.0,1.0,0.6765687361042847,0.03719211422246824,1.4347331985030252,0.09957329793180036,0.0030063527491134066,1.2259974479675293,10,0.3022037744522095,0.3011401891708374,6.245114326477051,26.728097681375054,542.553466796875,4,4,1.0,1.0,1.0,1.0,other,well_bound,same_training_family_challenge
random_smooth_potentials,6ad82fde733ce9ebca2e73d9,gaussian_random_field,truncated_line,10,1.0,inf,10,1.0,1.0,0.6909267019603492,0.037981395603094645,1.431642812725443,0.08788451414430243,0.002416508088670293,1.1603918075561523,9,0.318939745426178,0.318014919757843,4.417965888977051,17.161806646033437,180.67074584960938,4,4,1.0,1.0,1.0,1.0,other,well_bound,same_training_family_challenge
random_smooth_potentials,e87d3fb8f80d4706fdc281c4,gaussian_random_field,truncated_line,0,1.0,inf,0,1.0,1.0,0.0,0.0,0.0,0.0,1.0,21.910439513639496,128,0.06255479902029037,0.06112878397107124,45.161563873291016,117.56549026101177,27080.642578125,4,4,1.0,1.0,0.0,1.0,other,well_bound,same_training_family_challenge
random_smooth_potentials,e87d3fb8f80d4706fdc281c4,gaussian_random_field,truncated_line,1,1.0,inf,1,1.0,1.0,1.2174520021012345,0.05556492836865992,1.2174520021012345,0.2349238532567042,0.36400074472862387,8.788907051086426,49,0.1117948442697525,0.10922684520483017,45.53507995605469,122.23690352921815,27664.1171875,4,4,1.0,1.0,0.0,1.0,other,well_bound,same_training_family_challenge
random_smooth_potentials,e87d3fb8f80d4706fdc281c4,gaussian_random_field,truncated_line,2,1.0,inf,2,1.0,1.0,1.141933394031255,0.0521182331062044,1.8512056839719015,0.05782005135847287,0.1506110489219027,3.3619723320007324,23,0.15260730683803558,0.14956605434417725,43.59326934814453,114.24056902714472,27417.634765625,4,4,1.0,1.0,0.0,1.0,other,well_bound,same_training_family_challenge
random_smooth_potentials,e87d3fb8f80d4706fdc281c4,gaussian_random_field,truncated_line,3,1.0,inf,3,1.0,1.0,1.1233154173564681,0.05126850224328871,2.2462690225055244,0.20278191471116758,0.09120296569932684,2.7594728469848633,18,0.1841346174478531,0.18090514838695526,40.0771484375,112.68920170795502,25088.73828125,4,4,1.0,1.0,0.0,1.0,other,well_bound,same_training_family_challenge
random_smooth_potentials,e87d3fb8f80d4706fdc281c4,gaussian_random_field,truncated_line,4,1.0,inf,4,1.0,1.0,0.9623338389604588,0.04392124760260492,1.672214243176845,0.09176716344830946,0.03016461028085282,2.388620376586914,15,0.2143256962299347,0.2104046642780304,35.480506896972656,110.10924397857362,21730.33203125,4,4,1.0,1.0,0.0,1.0,other,well_bound,same_training_family_challenge
random_smooth_potentials,e87d3fb8f80d4706fdc281c4,gaussian_random_field,truncated_line,5,1.0,inf,5,1.0,1.0,1.0544402102547257,0.04812501408738628,1.9508991784376837,0.07063274885468,0.005768399659481838,2.1553072929382324,13,0.23919539153575897,0.23496194183826447,24.031002044677734,90.13643108794317,12664.0654296875,4,4,1.0,1.0,0.0,1.0,other,well_bound,same_training_family_challenge
random_smooth_potentials,e87d3fb8f80d4706fdc281c4,gaussian_random_field,truncated_line,6,1.0,inf,6,1.0,1.0,1.3175620162313457,0.06013398386696663,2.7699733638373853,0.074317768827411,0.00743221935786631,1.9919896125793457,13,0.258335679769516,0.25423917174339294,17.578453063964844,73.61696734034962,7306.46875,4,4,1.0,1.0,0.0,1.0,other,well_bound,same_training_family_challenge
random_smooth_potentials,e87d3fb8f80d4706fdc281c4,gaussian_random_field,truncated_line,7,1.0,inf,7,1.0,1.0,1.4134462159699273,0.06451017174210683,3.247688283605984,0.09875349850434156,0.005532886294692507,1.7840852737426758,11,0.287045419216156,0.2826107442378998,12.374312400817871,53.898028001760686,3358.503173828125,4,4,1.0,1.0,1.0,1.0,other,well_bound,same_training_family_challenge
random_smooth_potentials,e87d3fb8f80d4706fdc281c4,gaussian_random_field,truncated_line,8,1.0,inf,8,1.0,1.0,1.3489835729480526,0.061568074529417594,3.1610237104111243,0.18431627541032192,0.004358331149591832,1.665750503540039,11,0.30535954236984253,0.3008255660533905,7.719081401824951,35.96989616936304,1004.0951538085938,4,4,1.0,1.0,1.0,1.0,other,well_bound,same_training_family_challenge
random_smooth_potentials,e87d3fb8f80d4706fdc281c4,gaussian_random_field,truncated_line,9,1.0,inf,9,1.0,1.0,1.01784367784259,0.04645473575319978,2.0189742625204596,0.09014487142807641,0.0027260903854159357,1.4742698669433594,10,0.331184059381485,0.325801819562912,6.757103443145752,32.260572912331064,681.7252807617188,4,4,1.0,1.0,0.0,1.0,other,well_bound,same_training_family_challenge
random_smooth_potentials,e87d3fb8f80d4706fdc281c4,gaussian_random_field,truncated_line,10,1.0,inf,10,1.0,1.0,1.0297612465616293,0.04699865769103314,2.278857225833602,0.08920797960217895,0.002539759523713103,1.3887081146240234,9,0.3543737828731537,0.34787851572036743,4.667603015899658,19.56489056113057,214.33230590820312,4,4,1.0,1.0,1.0,1.0,other,well_bound,same_training_family_challenge
anharmonic_wells,e0dbcc79e3f922113ecc85d8,anharmonic_polynomial,truncated_line,0,1.0,inf,0,1.0,1.0,0.0,0.0,0.0,0.0,1.0,15.719079589027782,128,0.045738544315099716,0.045496150851249695,43.1750373840332,99.22581347510419,24117.384765625,4,4,1.0,1.0,1.0,1.0,other,well_bound,same_training_family_challenge
anharmonic_wells,e0dbcc79e3f922113ecc85d8,anharmonic_polynomial,truncated_line,1,1.0,inf,1,1.0,1.0,0.10404477254228561,0.0066190117527562395,0.10404477254228561,0.006205657686788768,0.48174524324307183,7.856333251225545,64,0.0825347974896431,0.08248721808195114,43.90632629394531,113.18339168277419,25885.568359375,4,4,1.0,1.0,1.0,1.0,other,well_bound,same_training_family_challenge
anharmonic_wells,e0dbcc79e3f922113ecc85d8,anharmonic_polynomial,truncated_line,2,1.0,inf,2,1.0,1.0,0.3932918282426905,0.02502002906819148,0.4493210898630722,0.19312814380989143,0.22853255928551652,2.8714427947998047,28,0.11312452703714371,0.11272966861724854,40.90846252441406,110.27481675987619,25022.9375,4,4,1.0,1.0,1.0,1.0,other,well_bound,same_training_family_challenge
anharmonic_wells,e0dbcc79e3f922113ecc85d8,anharmonic_polynomial,truncated_line,3,1.0,inf,3,1.0,1.0,0.43521685881014177,0.027687171907567122,0.6820181048073777,0.16177664188551255,0.1252357246580782,2.3536691665649414,23,0.14215612411499023,0.14134007692337036,36.19841003417969,111.64580251167385,21947.61328125,4,4,1.0,1.0,1.0,1.0,other,well_bound,same_training_family_challenge
anharmonic_wells,e0dbcc79e3f922113ecc85d8,anharmonic_polynomial,truncated_line,4,1.0,inf,4,1.0,1.0,0.5044417352740332,0.032091047851563984,0.7796300144952757,0.11956673201250537,0.0785839090593728,2.0042309761047363,19,0.16937081515789032,0.1684064120054245,29.384349822998047,103.58389803412885,16780.13671875,4,4,1.0,1.0,1.0,1.0,other,well_bound,same_training_family_challenge
anharmonic_wells,e0dbcc79e3f922113ecc85d8,anharmonic_polynomial,truncated_line,5,1.0,inf,5,1.0,1.0,0.5244093192289332,0.03336132476833955,0.8714991209808893,0.08837112067119461,0.04881507881476588,1.765838623046875,16,0.1965532749891281,0.19536390900611877,18.313833236694336,78.97197654763309,7901.4228515625,4,4,1.0,1.0,1.0,1.0,other,well_bound,same_training_family_challenge
anharmonic_wells,e0dbcc79e3f922113ecc85d8,anharmonic_polynomial,truncated_line,6,1.0,inf,6,1.0,1.0,0.5623870473085237,0.03577735223766414,0.9404782654468868,0.0722250765812951,0.028895346443315904,1.565408706665039,14,0.21998240053653717,0.21910424530506134,12.713833808898926,58.94005604703197,3738.03466796875,4,4,1.0,1.0,1.0,1.0,other,well_bound,same_training_family_challenge
anharmonic_wells,e0dbcc79e3f922113ecc85d8,anharmonic_polynomial,truncated_line,7,1.0,inf,7,1.0,1.0,0.5125086054630658,0.03260423758022108,0.8911982521552462,0.07172324794327449,0.013578398225541632,1.3905072212219238,12,0.24786898493766785,0.24713966250419617,9.45203971862793,43.426421692107695,1732.7940673828125,4,4,1.0,1.0,0.0,1.0,other,well_bound,same_training_family_challenge
anharmonic_wells,e0dbcc79e3f922113ecc85d8,anharmonic_polynomial,truncated_line,8,1.0,inf,8,1.0,1.0,0.5622812734285783,0.035770623225361196,1.003590109517165,0.06428195750762554,0.0075020667499256614,1.2814726829528809,12,0.26796314120292664,0.26711809635162354,6.509835720062256,31.1313387411429,632.8563842773438,4,4,1.0,1.0,0.0,1.0,other,well_bound,same_training_family_challenge
anharmonic_wells,e0dbcc79e3f922113ecc85d8,anharmonic_polynomial,truncated_line,9,1.0,inf,9,1.0,1.0,0.5113526602624895,0.032530699864858716,1.0984984443689854,0.08343481124979267,0.00404230254060838,1.1072430610656738,11,0.2890520393848419,0.2884536385536194,5.725846290588379,25.941656705235523,421.30596923828125,4,4,1.0,1.0,1.0,1.0,other,well_bound,same_training_family_challenge
anharmonic_wells,e0dbcc79e3f922113ecc85d8,anharmonic_polynomial,truncated_line,10,1.0,inf,10,1.0,1.0,0.5367221841812754,0.03414463176049555,1.1533563350147986,0.07716123605794702,0.0030180834290309353,1.039670467376709,10,0.3075655996799469,0.3073492646217346,4.29264497756958,17.579215266304615,166.9793701171875,4,4,1.0,1.0,1.0,1.0,other,well_bound,same_training_family_challenge
anharmonic_wells,45233615b6533eb3bcd62d3a,anharmonic_polynomial,truncated_line,0,1.0,inf,0,1.0,1.0,0.0,0.0,0.0,0.0,1.0,16.338080372525095,128,0.045163583010435104,0.04494334012269974,42.87495040893555,101.00866398777696,23756.947265625,4,4,1.0,1.0,1.0,1.0,other,well_bound,same_training_family_challenge
anharmonic_wells,45233615b6533eb3bcd62d3a,anharmonic_polynomial,truncated_line,1,1.0,inf,1,1.0,1.0,0.02787285824002006,0.0017060056998429512,0.02787285824002006,0.028756628020943253,0.47536093033053645,8.106829659470694,63,0.08170844614505768,0.08168177306652069,43.67692565917969,114.89114964521391,25659.525390625,4,4,1.0,1.0,1.0,1.0,other,well_bound,same_training_family_challenge
anharmonic_wells,45233615b6533eb3bcd62d3a,anharmonic_polynomial,truncated_line,2,1.0,inf,2,1.0,1.0,0.4013765035654947,0.024566931635400007,0.40723941401905583,0.19039804638224958,0.2235386131220412,3.0097084045410156,28,0.11201561242341995,0.11182495206594467,40.56061935424805,111.53749607584425,24700.703125,4,4,1.0,1.0,1.0,1.0,other,well_bound,same_training_family_challenge
anharmonic_wells,45233615b6533eb3bcd62d3a,anharmonic_polynomial,truncated_line,3,1.0,inf,3,1.0,1.0,0.4310098166722994,0.026380688969868595,0.6598012086398688,0.1613498245026118,0.1225709560612755,2.4569244384765625,22,0.1422070562839508,0.14141033589839935,35.87444305419922,112.39807130917498,21711.67578125,4,4,1.0,1.0,1.0,1.0,other,well_bound,same_training_family_challenge
anharmonic_wells,45233615b6533eb3bcd62d3a,anharmonic_polynomial,truncated_line,4,1.0,inf,4,1.0,1.0,0.5183370373033378,0.031725700050723116,0.7715549981187388,0.11911121923980954,0.0773345000362908,2.095499038696289,19,0.16947661340236664,0.1684894561767578,28.945262908935547,103.81251300542574,16434.099609375,4,4,1.0,1.0,1.0,1.0,other,well_bound,same_training_family_challenge
anharmonic_wells,45233615b6533eb3bcd62d3a,anharmonic_polynomial,truncated_line,5,1.0,inf,5,1.0,1.0,0.533069310460931,0.03262741388868218,0.8737154110103025,0.0880793117442158,0.05005819077048973,1.8411741256713867,16,0.1967240422964096,0.19557058811187744,18.087200164794922,78.72736942246696,7725.978515625,4,4,1.0,1.0,1.0,1.0,other,well_bound,same_training_family_challenge
anharmonic_wells,45233615b6533eb3bcd62d3a,anharmonic_polynomial,truncated_line,6,1.0,inf,6,1.0,1.0,0.5788377548822901,0.03542874938084474,0.9494957131187314,0.07176809306953881,0.02861410190710162,1.6297607421875,14,0.2194918394088745,0.2190423160791397,12.515573501586914,58.54665097625675,3608.165283203125,4,4,1.0,1.0,1.0,1.0,other,well_bound,same_training_family_challenge
anharmonic_wells,45233615b6533eb3bcd62d3a,anharmonic_polynomial,truncated_line,7,1.0,inf,7,1.0,1.0,0.5295445388164379,0.03241167424460377,0.931747384293427,0.07125182413549352,0.014116782664512217,1.446019172668457,13,0.24721209704875946,0.24666668474674225,9.325963020324707,43.190218694007925,1675.4603271484375,4,4,1.0,1.0,0.0,1.0,other,well_bound,same_training_family_challenge
anharmonic_wells,45233615b6533eb3bcd62d3a,anharmonic_polynomial,truncated_line,8,1.0,inf,8,1.0,1.0,0.5778738017217498,0.03536974898798578,1.035275042041298,0.0635845194177414,0.007452858907659669,1.3365612030029297,12,0.2669452428817749,0.26678016781806946,6.4616312980651855,31.061394430722544,620.0342407226562,4,4,1.0,1.0,0.0,1.0,other,well_bound,same_training_family_challenge
anharmonic_wells,45233615b6533eb3bcd62d3a,anharmonic_polynomial,truncated_line,9,1.0,inf,9,1.0,1.0,0.5257626057279678,0.032180194596919454,1.1247057503720326,0.08278680518599742,0.004032987322468775,1.155731201171875,10,0.2876775860786438,0.2875065207481384,5.688046455383301,25.827133414165008,413.1572265625,4,4,1.0,1.0,1.0,1.0,other,well_bound,same_training_family_challenge
anharmonic_wells,45233615b6533eb3bcd62d3a,anharmonic_polynomial,truncated_line,10,1.0,inf,10,1.0,1.0,0.5539996960741073,0.03390849374237012,1.1865882125257032,0.0763279747046459,0.003024603542657775,1.0840373039245605,10,0.3072463274002075,0.30674830079078674,4.2736101150512695,17.552741958951813,164.69505310058594,4,4,1.0,1.0,1.0,1.0,other,well_bound,same_training_family_challenge
anharmonic_wells,1278fa759ebce56d000288cc,anharmonic_polynomial,truncated_line,0,1.0,inf,0,1.0,1.0,0.0,0.0,0.0,0.0,1.0,19.11248927841288,128,0.0475715696811676,0.04733229801058769,44.3077278137207,94.589123120115,25539.990234375,4,4,1.0,1.0,1.0,1.0,other,well_bound,same_training_family_challenge
anharmonic_wells,1278fa759ebce56d000288cc,anharmonic_polynomial,truncated_line,1,1.0,inf,1,1.0,1.0,0.29502253011983015,0.015436112262626688,0.29502253011983015,0.027652057232178368,0.49520493041202424,9.329980695049883,62,0.08563665300607681,0.08538025617599487,44.794315338134766,108.14908122454257,26849.099609375,4,4,1.0,1.0,1.0,1.0,other,well_bound,same_training_family_challenge
anharmonic_wells,1278fa759ebce56d000288cc,anharmonic_polynomial,truncated_line,2,1.0,inf,2,1.0,1.0,0.516083833027078,0.027002439374026646,0.7222130056598994,0.19563321544584986,0.2210678442689633,3.3942770957946777,27,0.11709533631801605,0.11671694368124008,41.922325134277344,106.23464966243547,26003.455078125,4,4,1.0,1.0,0.0,1.0,other,well_bound,same_training_family_challenge
anharmonic_wells,1278fa759ebce56d000288cc,anharmonic_polynomial,truncated_line,3,1.0,inf,3,1.0,1.0,0.6070245465621601,0.03176062195350872,1.0051664835367342,0.16012688141777215,0.12310903853300392,2.7982826232910156,22,0.1439766138792038,0.14354178309440613,37.29348373413086,109.34222579228185,22916.5234375,4,4,1.0,1.0,0.0,1.0,other,well_bound,same_training_family_challenge
anharmonic_wells,1278fa759ebce56d000288cc,anharmonic_polynomial,truncated_line,4,1.0,inf,4,1.0,1.0,0.6476192570001947,0.03388461061069977,1.1040332667517059,0.11932662674935297,0.06992095186892855,2.3898277282714844,18,0.171905055642128,0.17120933532714844,30.591320037841797,102.9764329915432,17810.560546875,4,4,1.0,1.0,0.0,1.0,other,well_bound,same_training_family_challenge
anharmonic_wells,1278fa759ebce56d000288cc,anharmonic_polynomial,truncated_line,5,1.0,inf,5,1.0,1.0,0.6910530181687162,0.03615714353594143,1.1995383814285612,0.08870441684560589,0.041908775092519446,2.1090574264526367,16,0.19864189624786377,0.19778861105442047,19.189620971679688,79.91935897387225,8611.5859375,4,4,1.0,1.0,1.0,1.0,other,well_bound,same_training_family_challenge
anharmonic_wells,1278fa759ebce56d000288cc,anharmonic_polynomial,truncated_line,6,1.0,inf,6,1.0,1.0,0.7165327490479836,0.037490289130327516,1.2735628553418366,0.0742336874420763,0.025120279007357582,1.8844022750854492,14,0.22335699200630188,0.22203712165355682,13.30327033996582,60.26770518571185,4126.48095703125,4,4,1.0,1.0,1.0,1.0,other,well_bound,same_training_family_challenge
anharmonic_wells,1278fa759ebce56d000288cc,anharmonic_polynomial,truncated_line,7,1.0,inf,7,1.0,1.0,0.6651326219429848,0.03480094153377692,1.1938536321515327,0.07418559644799143,0.011748624789190032,1.6713519096374512,13,0.2512418031692505,0.2504517734050751,9.818543434143066,44.21715231093626,1909.3375244140625,4,4,1.0,1.0,0.0,1.0,other,well_bound,same_training_family_challenge
anharmonic_wells,1278fa759ebce56d000288cc,anharmonic_polynomial,truncated_line,8,1.0,inf,8,1.0,1.0,0.7127151487228671,0.037290545377982896,1.3166507325503325,0.06748173526708787,0.007392452614045197,1.5407710075378418,12,0.2708757519721985,0.2699960768222809,6.667823791503906,31.475806255724013,676.3695678710938,4,4,1.0,1.0,0.0,1.0,other,well_bound,same_training_family_challenge
anharmonic_wells,1278fa759ebce56d000288cc,anharmonic_polynomial,truncated_line,9,1.0,inf,9,1.0,1.0,0.6440746501252468,0.03369915036931973,1.4029418038698678,0.08747516798925956,0.0038044327672063227,1.3265132904052734,11,0.29391124844551086,0.293171763420105,5.893428802490234,26.483810048353998,459.64373779296875,4,4,1.0,1.0,1.0,1.0,other,well_bound,same_training_family_challenge
anharmonic_wells,1278fa759ebce56d000288cc,anharmonic_polynomial,truncated_line,10,1.0,inf,10,1.0,1.0,0.6659620636092742,0.03484433942162956,1.4446658326056614,0.08070944576695632,0.0029814426308807686,1.2493610382080078,10,0.31225883960723877,0.31118372082710266,4.376759052276611,17.84358190855317,177.35826110839844,4,4,1.0,1.0,1.0,1.0,other,well_bound,same_training_family_challenge
anharmonic_wells,ff65d0903aeb651ece008abb,anharmonic_polynomial,truncated_line,0,1.0,inf,0,1.0,1.0,0.0,0.0,0.0,0.0,1.0,15.892276534712321,128,0.046020641922950745,0.04577856510877609,43.256526947021484,98.19354944541911,24225.763671875,4,4,1.0,1.0,1.0,1.0,other,well_bound,same_training_family_challenge
anharmonic_wells,ff65d0903aeb651ece008abb,anharmonic_polynomial,truncated_line,1,1.0,inf,1,1.0,1.0,0.120787482305315,0.0076003889085045715,0.120787482305315,0.0017529287536339755,0.48344521460443385,7.927205503606789,64,0.08296192437410355,0.08288328349590302,43.96633529663086,112.1806073244386,25953.4453125,4,4,1.0,1.0,1.0,1.0,other,well_bound,same_training_family_challenge
anharmonic_wells,ff65d0903aeb651ece008abb,anharmonic_polynomial,truncated_line,2,1.0,inf,2,1.0,1.0,0.40127162253002524,0.02524947396010618,0.4692926133306732,0.19481079807083046,0.22926591345652655,2.8921985626220703,28,0.11360820382833481,0.11321534961462021,40.983280181884766,109.56749348870503,25098.158203125,4,4,1.0,1.0,0.0,1.0,other,well_bound,same_training_family_challenge
anharmonic_wells,ff65d0903aeb651ece008abb,anharmonic_polynomial,truncated_line,3,1.0,inf,3,1.0,1.0,0.4466037895718469,0.02810193924050864,0.7038567402670344,0.1627182031587405,0.12534549342198106,2.3745217323303223,23,0.14222952723503113,0.14148932695388794,36.281761169433594,111.22297308102517,22020.935546875,4,4,1.0,1.0,1.0,1.0,other,well_bound,same_training_family_challenge
anharmonic_wells,ff65d0903aeb651ece008abb,anharmonic_polynomial,truncated_line,4,1.0,inf,4,1.0,1.0,0.5130986738911608,0.032286039874176456,0.8003015984424366,0.12006932954384433,0.07849402883710009,2.0215210914611816,19,0.16940544545650482,0.16842007637023926,29.496326446533203,103.42281821283828,16874.185546875,4,4,1.0,1.0,1.0,1.0,other,well_bound,same_training_family_challenge
anharmonic_wells,ff65d0903aeb651ece008abb,anharmonic_polynomial,truncated_line,5,1.0,inf,5,1.0,1.0,0.5346349374472964,0.033641180121647955,0.8916804690177051,0.08870338710187464,0.04798836521739147,1.7819557189941406,16,0.19653305411338806,0.19535723328590393,18.384010314941406,78.971160336951,7953.9296875,4,4,1.0,1.0,1.0,1.0,other,well_bound,same_training_family_challenge
anharmonic_wells,ff65d0903aeb651ece008abb,anharmonic_polynomial,truncated_line,6,1.0,inf,6,1.0,1.0,0.5714918861651227,0.03596035375528832,0.9604594925884342,0.07263097181475563,0.02857977378535892,1.5816679000854492,14,0.22020752727985382,0.21910974383354187,12.76400375366211,59.07039191953321,3770.910400390625,4,4,1.0,1.0,1.0,1.0,other,well_bound,same_training_family_challenge
anharmonic_wells,ff65d0903aeb651ece008abb,anharmonic_polynomial,truncated_line,7,1.0,inf,7,1.0,1.0,0.5217453739113462,0.03283012177467064,0.9092352179196315,0.07212653308800432,0.013418974592355637,1.4045653343200684,13,0.2480674684047699,0.24733032286167145,9.480661392211914,43.50628798279681,1746.1497802734375,4,4,1.0,1.0,0.0,1.0,other,well_bound,same_training_family_challenge
anharmonic_wells,ff65d0903aeb651ece008abb,anharmonic_polynomial,truncated_line,8,1.0,inf,8,1.0,1.0,0.5712058963741566,0.03594235823461252,1.021678567215127,0.0647112721095851,0.007533429269244366,1.2945456504821777,12,0.2681034505367279,0.2672598361968994,6.5150580406188965,31.159510032016655,634.0116577148438,4,4,1.0,1.0,0.0,1.0,other,well_bound,same_training_family_challenge
anharmonic_wells,ff65d0903aeb651ece008abb,anharmonic_polynomial,truncated_line,9,1.0,inf,9,1.0,1.0,0.5189566388788186,0.032654644395678625,1.115366405808552,0.08393497119244331,0.004058454056991659,1.1179924011230469,11,0.2894677221775055,0.2888432443141937,5.737124443054199,25.980261247854465,423.7991638183594,4,4,1.0,1.0,1.0,1.0,other,well_bound,same_training_family_challenge
anharmonic_wells,ff65d0903aeb651ece008abb,anharmonic_polynomial,truncated_line,10,1.0,inf,10,1.0,1.0,0.5436456746141458,0.03420816856708357,1.1680837106677293,0.0776241752189421,0.003025839643455646,1.0500288009643555,10,0.30788281559944153,0.30756643414497375,4.293368816375732,17.580790051821985,166.98304748535156,4,4,1.0,1.0,1.0,1.0,other,well_bound,same_training_family_challenge
anharmonic_wells,262548d48f9855686b73a53c,anharmonic_polynomial,truncated_line,0,1.0,inf,0,1.0,1.0,0.0,0.0,0.0,0.0,1.0,15.869282763597406,128,0.04499458521604538,0.04476160183548927,42.739723205566406,101.57716443422726,23580.140625,4,4,1.0,1.0,1.0,1.0,other,well_bound,same_training_family_challenge
anharmonic_wells,262548d48f9855686b73a53c,anharmonic_polynomial,truncated_line,1,1.0,inf,1,1.0,1.0,0.08277391449164537,0.005215983338674933,0.08277391449164537,0.013731457738996894,0.4785609702383822,7.911323678164057,64,0.0814032256603241,0.08137941360473633,43.580223083496094,115.45690621295631,25541.52734375,4,4,1.0,1.0,1.0,1.0,other,well_bound,same_training_family_challenge
anharmonic_wells,262548d48f9855686b73a53c,anharmonic_polynomial,truncated_line,2,1.0,inf,2,1.0,1.0,0.3858834967342937,0.024316379163617462,0.42654577024458407,0.1893543728186503,0.2273231719971777,2.9312639236450195,28,0.11181703209877014,0.11146413534879684,40.528038024902344,111.90389622960464,24677.265625,4,4,1.0,1.0,1.0,1.0,other,well_bound,same_training_family_challenge
anharmonic_wells,262548d48f9855686b73a53c,anharmonic_polynomial,truncated_line,3,1.0,inf,3,1.0,1.0,0.4257378833102227,0.026827796167752715,0.661492323121819,0.16005621709012535,0.12551303366675728,2.3942971229553223,23,0.14157040417194366,0.1407899707555771,35.774818420410156,112.7041584574087,21595.29296875,4,4,1.0,1.0,1.0,1.0,other,well_bound,same_training_family_challenge
anharmonic_wells,262548d48f9855686b73a53c,anharmonic_polynomial,truncated_line,4,1.0,inf,4,1.0,1.0,0.500373025615171,0.03153091624046036,0.7633324297104811,0.11860113038365094,0.07919381840340743,2.039207935333252,19,0.16885679960250854,0.16784970462322235,28.895912170410156,103.99000797650797,16377.2197265625,4,4,1.0,1.0,1.0,1.0,other,well_bound,same_training_family_challenge
anharmonic_wells,262548d48f9855686b73a53c,anharmonic_polynomial,truncated_line,5,1.0,inf,5,1.0,1.0,0.5192280540031363,0.03271906246413323,0.8586197789914172,0.08775639362133203,0.05043001156019944,1.792424201965332,17,0.19612745940685272,0.1949544996023178,18.005596160888672,78.79374470071258,7658.32177734375,4,4,1.0,1.0,1.0,1.0,other,well_bound,same_training_family_challenge
anharmonic_wells,262548d48f9855686b73a53c,anharmonic_polynomial,truncated_line,6,1.0,inf,6,1.0,1.0,0.5595191323626184,0.035257997522490495,0.9297309300108361,0.0715183988048463,0.02923621809741944,1.5858373641967773,14,0.21935126185417175,0.21889078617095947,12.47772216796875,58.52535211492277,3583.603515625,4,4,1.0,1.0,1.0,1.0,other,well_bound,same_training_family_challenge
anharmonic_wells,262548d48f9855686b73a53c,anharmonic_polynomial,truncated_line,7,1.0,inf,7,1.0,1.0,0.5100327515335618,0.03213962213235795,0.8929659587525709,0.07094123652424503,0.014006650016767819,1.4071416854858398,13,0.24732594192028046,0.24664629995822906,9.319257736206055,43.17708065144065,1670.460693359375,4,4,1.0,1.0,0.0,1.0,other,well_bound,same_training_family_challenge
anharmonic_wells,262548d48f9855686b73a53c,anharmonic_polynomial,truncated_line,8,1.0,inf,8,1.0,1.0,0.5591909203242975,0.03523731529990928,0.9962308303244227,0.06320061252819012,0.007543784481782476,1.2978472709655762,12,0.26752540469169617,0.2667224705219269,6.4611616134643555,31.055496359591963,619.8197021484375,4,4,1.0,1.0,0.0,1.0,other,well_bound,same_training_family_challenge
anharmonic_wells,262548d48f9855686b73a53c,anharmonic_polynomial,truncated_line,9,1.0,inf,9,1.0,1.0,0.5103519228502568,0.03215973465549146,1.0942683756914908,0.08213483182039497,0.004078395729935814,1.123507022857666,11,0.28756147623062134,0.28703024983406067,5.670404434204102,25.799429459861457,409.31787109375,4,4,1.0,1.0,1.0,1.0,other,well_bound,same_training_family_challenge
anharmonic_wells,262548d48f9855686b73a53c,anharmonic_polynomial,truncated_line,10,1.0,inf,10,1.0,1.0,0.5373944371354813,0.033863813830843824,1.153362896693464,0.07592488963165706,0.0030498273274803325,1.0543603897094727,10,0.30656659603118896,0.306192547082901,4.263421535491943,17.54044371507326,163.463623046875,4,4,1.0,1.0,1.0,1.0,other,well_bound,same_training_family_challenge
asymmetric_wells,a56603e985e5d774b014fa6f,asymmetric_well,truncated_line,0,1.0,inf,0,1.0,1.0,0.0,0.0,0.0,0.0,1.0,19.748365480491092,128,0.054852455854415894,0.05471554026007652,47.288150787353516,97.27381170831069,29573.888671875,4,4,1.0,1.0,0.0,1.0,other,well_bound,same_training_family_challenge
asymmetric_wells,a56603e985e5d774b014fa6f,asymmetric_well,truncated_line,1,1.0,inf,1,1.0,1.0,0.20002382845329691,0.010128627032495188,0.20002382845329691,0.0882746480358593,0.46068172029808613,9.62010669708252,62,0.09794183075428009,0.09777244925498962,46.92330551147461,102.1698912493811,29374.765625,4,4,1.0,1.0,0.0,1.0,other,well_bound,same_training_family_challenge
asymmetric_wells,a56603e985e5d774b014fa6f,asymmetric_well,truncated_line,2,1.0,inf,2,1.0,1.0,0.5892841675568179,0.029839642584038498,0.7419644541968444,0.17839494115127078,0.21846742729707508,3.0677404403686523,23,0.13232016563415527,0.1319233775138855,43.69990921020508,94.30336095105724,27773.650390625,4,4,1.0,1.0,0.0,1.0,other,well_bound,same_training_family_challenge
asymmetric_wells,a56603e985e5d774b014fa6f,asymmetric_well,truncated_line,3,1.0,inf,3,1.0,1.0,0.6282751164379791,0.031814031245200325,0.9277946210233432,0.15008553849439388,0.10979666439474427,2.56821346282959,20,0.15975983440876007,0.15927845239639282,39.443138122558594,93.80379273119785,24808.7265625,4,4,1.0,1.0,0.0,1.0,other,well_bound,same_training_family_challenge
asymmetric_wells,a56603e985e5d774b014fa6f,asymmetric_well,truncated_line,4,1.0,inf,4,1.0,1.0,0.7745946888104736,0.03922323037699884,1.2206613393502828,0.10502183366238471,0.05707873145983233,2.222153663635254,17,0.1856946349143982,0.18522125482559204,33.464725494384766,93.5187181251467,20209.009765625,4,4,1.0,1.0,0.0,1.0,other,well_bound,same_training_family_challenge
asymmetric_wells,a56603e985e5d774b014fa6f,asymmetric_well,truncated_line,5,1.0,inf,5,1.0,1.0,0.8263328161571935,0.04184309921616078,1.4964070605624427,0.0826425884956065,0.025338692243867422,2.003748893737793,15,0.21082592010498047,0.20983557403087616,21.96550750732422,76.46194539756613,10892.6767578125,4,4,1.0,1.0,1.0,1.0,other,well_bound,same_training_family_challenge
asymmetric_wells,a56603e985e5d774b014fa6f,asymmetric_well,truncated_line,6,1.0,inf,6,1.0,1.0,0.9141847823150758,0.046291668199992336,1.7574778030384879,0.08417532458995784,0.012988951056290943,1.8387060165405273,14,0.22993969917297363,0.22922298312187195,15.343921661376953,62.283018446990845,5575.3642578125,4,4,1.0,1.0,1.0,1.0,other,well_bound,same_training_family_challenge
asymmetric_wells,a56603e985e5d774b014fa6f,asymmetric_well,truncated_line,7,1.0,inf,7,1.0,1.0,0.8905701291142677,0.04509589059378303,1.7843101683565983,0.09191038019047895,0.005977338977352864,1.656381607055664,12,0.25615233182907104,0.2554723918437958,11.020322799682617,46.3745048834679,2545.438232421875,4,4,1.0,1.0,0.0,1.0,other,well_bound,same_training_family_challenge
asymmetric_wells,a56603e985e5d774b014fa6f,asymmetric_well,truncated_line,8,1.0,inf,8,1.0,1.0,0.9372293565423153,0.04745857865898726,1.9415422559090032,0.0926696355874248,0.004477497925292617,1.541707992553711,12,0.2732296586036682,0.27237585186958313,7.1181769371032715,32.2141431952475,806.7249145507812,4,4,1.0,1.0,0.0,1.0,other,well_bound,same_training_family_challenge
asymmetric_wells,a56603e985e5d774b014fa6f,asymmetric_well,truncated_line,9,1.0,inf,9,1.0,1.0,0.8193290318583709,0.04148844787523125,1.9306065492511686,0.11007208111872106,0.00267312896619476,1.2933835983276367,10,0.31136608123779297,0.3109121322631836,6.6684651374816895,29.15887638506831,655.0687255859375,4,4,1.0,1.0,1.0,1.0,other,well_bound,same_training_family_challenge
asymmetric_wells,a56603e985e5d774b014fa6f,asymmetric_well,truncated_line,10,1.0,inf,10,1.0,1.0,0.8109194500324308,0.041062611021328195,1.840648134915325,0.10161443665304716,0.0024273206155139837,1.216965675354004,9,0.3290286064147949,0.3283517062664032,4.719009876251221,18.731708410859817,221.77793884277344,4,4,1.0,1.0,1.0,1.0,other,well_bound,same_training_family_challenge
double_wells,8f95f0be90038db465014511,double_well,truncated_line,0,1.0,inf,0,1.0,1.0,0.0,0.0,0.0,0.0,1.0,15.942311344462295,128,0.034938886761665344,0.034715164452791214,34.63594436645508,141.31658743568585,13699.841796875,4,4,1.0,1.0,1.0,1.0,double_well,well_bound,same_training_family_challenge
double_wells,8f95f0be90038db465014511,double_well,truncated_line,1,1.0,inf,1,1.0,1.0,1.1379430426568589,0.07137879935158421,1.1379430426568589,0.3739454614684261,0.48388813027719635,7.924155253953868,64,0.06822320073843002,0.06810805201530457,37.89281463623047,147.9756435912784,18939.3515625,4,4,1.0,1.0,1.0,1.0,double_well,well_bound,same_training_family_challenge
double_wells,8f95f0be90038db465014511,double_well,truncated_line,2,1.0,inf,2,1.0,1.0,0.21248131701945538,0.013328137459394348,0.3389243661719732,0.08769273155224722,0.2808436006932927,3.4327192306518555,33,0.10079219937324524,0.10029277950525284,36.22820281982422,133.10330762515554,20443.91015625,4,4,1.0,1.0,1.0,1.0,double_well,well_bound,same_training_family_challenge
double_wells,8f95f0be90038db465014511,double_well,truncated_line,3,1.0,inf,3,1.0,1.0,0.23900242934199864,0.014991705040625636,0.3270308788751235,0.06268294108170183,0.16993115356841804,2.6790575981140137,25,0.13338667154312134,0.13271039724349976,32.081539154052734,125.80854227395882,18550.537109375,4,4,1.0,1.0,1.0,1.0,double_well,well_bound,same_training_family_challenge
double_wells,8f95f0be90038db465014511,double_well,truncated_line,4,1.0,inf,4,1.0,1.0,0.28816536099794676,0.018075507043590865,0.5100370107879426,0.07534728792447799,0.10932566919357642,2.21065616607666,20,0.16374851763248444,0.16220447421073914,24.872478485107422,108.12456426754198,13094.640625,4,4,1.0,1.0,1.0,1.0,double_well,well_bound,same_training_family_challenge
double_wells,8f95f0be90038db465014511,double_well,truncated_line,5,1.0,inf,5,1.0,1.0,0.37080023307467364,0.02325887539534689,0.6570835997457602,0.0681195691573204,0.0662004790314803,1.9126853942871094,17,0.19249849021434784,0.1910029649734497,14.978745460510254,78.17782073706435,5326.30419921875,4,4,1.0,1.0,1.0,1.0,double_well,well_bound,same_training_family_challenge
double_wells,8f95f0be90038db465014511,double_well,truncated_line,6,1.0,inf,6,1.0,1.0,0.4119152444763667,0.02583786225072371,0.7580556037043262,0.057631356472817516,0.038384080613208305,1.6712636947631836,15,0.2211778312921524,0.218928262591362,10.677177429199219,55.611431217173745,2489.045166015625,4,4,1.0,1.0,1.0,1.0,double_well,well_bound,same_training_family_challenge
double_wells,8f95f0be90038db465014511,double_well,truncated_line,7,1.0,inf,7,1.0,1.0,0.3908986812599675,0.024519573907063965,0.7325819897970169,0.05710234854732992,0.01811724926305025,1.4526424407958984,12,0.2520986497402191,0.24990659952163696,8.415748596191406,42.09535442714338,1278.1529541015625,4,4,1.0,1.0,0.0,1.0,double_well,well_bound,same_training_family_challenge
double_wells,8f95f0be90038db465014511,double_well,truncated_line,8,1.0,inf,8,1.0,1.0,0.44876951169851653,0.028149588977535597,0.8594891046694295,0.04863253821416738,0.009303327119573646,1.3403549194335938,11,0.27179718017578125,0.27050140500068665,6.162871837615967,31.259550584236056,545.5144653320312,4,4,1.0,1.0,0.0,1.0,double_well,well_bound,same_training_family_challenge
double_wells,8f95f0be90038db465014511,double_well,truncated_line,9,1.0,inf,9,1.0,1.0,0.4526274363490513,0.028391581783169445,0.9975318812587304,0.05867546008189413,0.005085111944787446,1.2101316452026367,11,0.2856515049934387,0.2833569049835205,5.091146469116211,25.239587216471726,294.83465576171875,4,4,1.0,1.0,1.0,1.0,double_well,well_bound,same_training_family_challenge
double_wells,8f95f0be90038db465014511,double_well,truncated_line,10,1.0,inf,10,1.0,1.0,0.49139863304089265,0.030823550137953137,1.0904343378822183,0.05334822793780125,0.003827628471771094,1.1276359558105469,10,0.3073447048664093,0.30630290508270264,3.954476833343506,17.577224070162668,128.84521484375,4,4,1.0,1.0,1.0,1.0,double_well,well_bound,same_training_family_challenge
double_wells,6826d82437b4e504b3b2803e,double_well,truncated_line,0,1.0,inf,0,1.0,1.0,0.0,0.0,0.0,0.0,1.0,15.861250110463978,128,0.03600136190652847,0.0358293280005455,35.745948791503906,135.409899969861,14919.0517578125,4,4,1.0,1.0,1.0,1.0,double_well,well_bound,same_training_family_challenge
double_wells,6826d82437b4e504b3b2803e,double_well,truncated_line,1,1.0,inf,1,1.0,1.0,0.9358117503735359,0.058999873519185134,0.9358117503735359,0.3251202248673951,0.4845221025441237,7.879062597823904,63,0.06963228434324265,0.06955348700284958,38.62802505493164,143.5978837600643,19759.013671875,4,4,1.0,1.0,1.0,1.0,double_well,well_bound,same_training_family_challenge
double_wells,6826d82437b4e504b3b2803e,double_well,truncated_line,2,1.0,inf,2,1.0,1.0,0.1490137908315008,0.009394832676725366,0.20445145870837922,0.01752990783885459,0.2690110712420567,3.338812828063965,33,0.10121548920869827,0.10117903351783752,36.84236526489258,130.24187168868983,21054.251953125,4,4,1.0,1.0,1.0,1.0,double_well,well_bound,same_training_family_challenge
double_wells,6826d82437b4e504b3b2803e,double_well,truncated_line,3,1.0,inf,3,1.0,1.0,0.2752250337971697,0.01735203920752743,0.40246616474559005,0.08240255102262894,0.16333034613121283,2.6278200149536133,25,0.13379788398742676,0.13315826654434204,32.523929595947266,124.24796099165219,18892.556640625,4,4,1.0,1.0,1.0,1.0,double_well,well_bound,same_training_family_challenge
double_wells,6826d82437b4e504b3b2803e,double_well,truncated_line,4,1.0,inf,4,1.0,1.0,0.31886997743854534,0.020103710313992246,0.5574845396820609,0.08496460815010157,0.10509297674306672,2.182070732116699,20,0.16389809548854828,0.1624382883310318,25.367399215698242,107.9120448878122,13490.009765625,4,4,1.0,1.0,1.0,1.0,double_well,well_bound,same_training_family_challenge
double_wells,6826d82437b4e504b3b2803e,double_well,truncated_line,5,1.0,inf,5,1.0,1.0,0.3956028854203378,0.024941469472154077,0.6884953956617039,0.07225035551312962,0.06361564717309098,1.8940134048461914,16,0.19240102171897888,0.1909436732530594,15.34329891204834,78.373031282397,5596.3623046875,4,4,1.0,1.0,1.0,1.0,double_well,well_bound,same_training_family_challenge
double_wells,6826d82437b4e504b3b2803e,double_well,truncated_line,6,1.0,inf,6,1.0,1.0,0.4335061064346244,0.027331143725464104,0.7816051818923597,0.05988972720131169,0.03698490669888643,1.6527700424194336,14,0.22089174389839172,0.21898379921913147,10.890193939208984,56.021087774336195,2610.327392578125,4,4,1.0,1.0,1.0,1.0,double_well,well_bound,same_training_family_challenge
double_wells,6826d82437b4e504b3b2803e,double_well,truncated_line,7,1.0,inf,7,1.0,1.0,0.40697144741705943,0.02565822016441014,0.750042110517406,0.05905201996751051,0.017415888271048452,1.4399995803833008,13,0.2513664960861206,0.2493753880262375,8.522444725036621,42.19291268976682,1321.3355712890625,4,4,1.0,1.0,0.0,1.0,double_well,well_bound,same_training_family_challenge
double_wells,6826d82437b4e504b3b2803e,double_well,truncated_line,8,1.0,inf,8,1.0,1.0,0.46285144946498635,0.02918127173088546,0.8745810054758816,0.050482807530850715,0.009051339021809827,1.3317852020263672,11,0.2710800766944885,0.2697007656097412,6.192517280578613,31.165527716116635,552.3663940429688,4,4,1.0,1.0,0.0,1.0,double_well,well_bound,same_training_family_challenge
double_wells,6826d82437b4e504b3b2803e,double_well,truncated_line,9,1.0,inf,9,1.0,1.0,0.45930727669481086,0.0289578232167083,1.0073781965695296,0.06217240974871792,0.004928854633142521,1.192591667175293,11,0.2834887206554413,0.2816213369369507,5.152392864227295,25.230259972054625,306.039794921875,4,4,1.0,1.0,1.0,1.0,double_well,well_bound,same_training_family_challenge
double_wells,6826d82437b4e504b3b2803e,double_well,truncated_line,10,1.0,inf,10,1.0,1.0,0.4963270264153298,0.03129179749128936,1.0956880197694252,0.05683510032099443,0.003725751846324732,1.1135282516479492,10,0.3055598735809326,0.30453410744667053,3.984041929244995,17.508515624701285,131.9402618408203,4,4,1.0,1.0,1.0,1.0,double_well,well_bound,same_training_family_challenge
double_wells,41e384b776a85a8e45b9fabd,double_well,truncated_line,0,1.0,inf,0,1.0,1.0,0.0,0.0,0.0,0.0,1.0,16.333438429327696,128,0.03750631958246231,0.03747524693608284,37.263648986816406,129.40866551528245,16724.0,4,4,1.0,1.0,1.0,1.0,double_well,well_bound,same_training_family_challenge
double_wells,41e384b776a85a8e45b9fabd,double_well,truncated_line,1,1.0,inf,1,1.0,1.0,0.9509892174997774,0.05822345500701295,0.9509892174997774,0.2786461043840933,0.4974601120703806,8.058963291946046,63,0.07180049270391464,0.07143864035606384,39.728580474853516,138.98706138038682,21017.1796875,4,4,1.0,1.0,1.0,1.0,double_well,well_bound,same_training_family_challenge
double_wells,41e384b776a85a8e45b9fabd,double_well,truncated_line,2,1.0,inf,2,1.0,1.0,0.23391693051661155,0.014321352575499307,0.34421766463719794,0.05802630776078684,0.25129969498437177,3.359872341156006,32,0.10320018976926804,0.10302437096834183,37.67429733276367,127.31026881497914,21936.326171875,4,4,1.0,1.0,1.0,1.0,double_well,well_bound,same_training_family_challenge
double_wells,41e384b776a85a8e45b9fabd,double_well,truncated_line,3,1.0,inf,3,1.0,1.0,0.3492731663997099,0.02138393381840338,0.5333991815722783,0.10099340633159308,0.15690190286465455,2.6704611778259277,24,0.13379637897014618,0.13337551057338715,33.018489837646484,122.63990413336165,19258.89453125,4,4,1.0,1.0,1.0,1.0,double_well,well_bound,same_training_family_challenge
double_wells,41e384b776a85a8e45b9fabd,double_well,truncated_line,4,1.0,inf,4,1.0,1.0,0.3751606925037657,0.022968874197985253,0.6513719889160323,0.09298655963313487,0.099248292154831,2.2287378311157227,20,0.16475220024585724,0.16337808966636658,25.901479721069336,107.57165377424135,13903.4189453125,4,4,1.0,1.0,1.0,1.0,double_well,well_bound,same_training_family_challenge
double_wells,41e384b776a85a8e45b9fabd,double_well,truncated_line,5,1.0,inf,5,1.0,1.0,0.4439702217561902,0.02718167541250924,0.7643258361485081,0.07537411330426898,0.06008562462849876,1.9412531852722168,16,0.1930074393749237,0.19179514050483704,15.663607597351074,78.597365908862,5832.33203125,4,4,1.0,1.0,1.0,1.0,double_well,well_bound,same_training_family_challenge
double_wells,41e384b776a85a8e45b9fabd,double_well,truncated_line,6,1.0,inf,6,1.0,1.0,0.47323528951510463,0.02897340272611439,0.847525253574045,0.06201805613839365,0.03506512939088258,1.6924724578857422,14,0.22122566401958466,0.2191821038722992,11.106966018676758,56.39187182609392,2736.88037109375,4,4,1.0,1.0,1.0,1.0,double_well,well_bound,same_training_family_challenge
double_wells,41e384b776a85a8e45b9fabd,double_well,truncated_line,7,1.0,inf,7,1.0,1.0,0.44174125359595395,0.0270452088522145,0.8050803170614813,0.061178324217170704,0.016447686609261436,1.4746742248535156,13,0.2513706088066101,0.24945209920406342,8.661251068115234,42.300162826291654,1378.7701416015625,4,4,1.0,1.0,0.0,1.0,double_well,well_bound,same_training_family_challenge
double_wells,41e384b776a85a8e45b9fabd,double_well,truncated_line,8,1.0,inf,8,1.0,1.0,0.49423248430986577,0.030258936992864947,0.9273369880084457,0.052603833079445904,0.008878881747488212,1.3636889457702637,11,0.27117612957954407,0.2698625326156616,6.253320217132568,31.12804824004686,567.447021484375,4,4,1.0,1.0,0.0,1.0,double_well,well_bound,same_training_family_challenge
double_wells,41e384b776a85a8e45b9fabd,double_well,truncated_line,9,1.0,inf,9,1.0,1.0,0.482489210567778,0.029539965675655828,1.055406294739992,0.06599297603210555,0.004709869879257478,1.2134876251220703,11,0.2803409993648529,0.27860450744628906,5.245036602020264,25.284068947732923,323.3570861816406,4,4,1.0,1.0,1.0,1.0,double_well,well_bound,same_training_family_challenge
double_wells,41e384b776a85a8e45b9fabd,double_well,truncated_line,10,1.0,inf,10,1.0,1.0,0.5178617157760195,0.03170561532507245,1.139855763737585,0.060478884248254254,0.003585248403535135,1.1354069709777832,10,0.3048492670059204,0.3031087815761566,4.0396623611450195,17.51211013259909,137.94985961914062,4,4,1.0,1.0,1.0,1.0,double_well,well_bound,same_training_family_challenge
double_wells,bb6df855193efa2ea433f72d,double_well,truncated_line,0,1.0,inf,0,1.0,1.0,0.0,0.0,0.0,0.0,1.0,16.562892870956976,128,0.0351143404841423,0.03505291789770126,34.85500717163086,143.33735422380965,13850.0029296875,4,4,1.0,1.0,1.0,1.0,double_well,well_bound,same_training_family_challenge
double_wells,bb6df855193efa2ea433f72d,double_well,truncated_line,1,1.0,inf,1,1.0,1.0,1.7335140080954305,0.10466251406692043,1.7335140080954305,0.35370020700919,0.4645373083369472,8.074743708622169,62,0.06949052959680557,0.06905585527420044,38.24917221069336,149.40112703211804,19293.228515625,4,4,1.0,1.0,1.0,1.0,double_well,well_bound,same_training_family_challenge
double_wells,bb6df855193efa2ea433f72d,double_well,truncated_line,2,1.0,inf,2,1.0,1.0,0.284594190573515,0.017182637887645263,0.4460444376219357,0.0745364991063726,0.2590049598572747,3.5855226516723633,33,0.10348570346832275,0.1027589738368988,36.661865234375,134.15177343062678,20950.380859375,4,4,1.0,1.0,1.0,1.0,double_well,well_bound,same_training_family_challenge
double_wells,bb6df855193efa2ea433f72d,double_well,truncated_line,3,1.0,inf,3,1.0,1.0,0.32368957045841035,0.01954305766391811,0.4942124972651524,0.07228724779898901,0.16657156425651753,2.7880539894104004,25,0.13473190367221832,0.13353604078292847,32.132972717285156,126.67423704908488,18518.05078125,4,4,1.0,1.0,1.0,1.0,double_well,well_bound,same_training_family_challenge
double_wells,bb6df855193efa2ea433f72d,double_well,truncated_line,4,1.0,inf,4,1.0,1.0,0.3559691376706393,0.021491966436299966,0.567058363074818,0.07264555617605753,0.10717462227475172,2.293152332305908,20,0.1658019870519638,0.1642070710659027,24.968032836914062,108.6723170139282,13138.2626953125,4,4,1.0,1.0,1.0,1.0,double_well,well_bound,same_training_family_challenge
double_wells,bb6df855193efa2ea433f72d,double_well,truncated_line,5,1.0,inf,5,1.0,1.0,0.40051498483265313,0.024181463223429765,0.7045557181834714,0.06666255489420682,0.06466782474164623,1.9820170402526855,17,0.19462840259075165,0.19289498031139374,15.087713241577148,78.7647032585665,5402.89208984375,4,4,1.0,1.0,1.0,1.0,double_well,well_bound,same_training_family_challenge
double_wells,bb6df855193efa2ea433f72d,double_well,truncated_line,6,1.0,inf,6,1.0,1.0,0.42691309206073913,0.02577527340102109,0.8030954996240665,0.05688277396423647,0.03762469704642246,1.736168384552002,14,0.22312694787979126,0.22082239389419556,10.70478343963623,55.88005452485527,2503.99462890625,4,4,1.0,1.0,1.0,1.0,double_well,well_bound,same_training_family_challenge
double_wells,bb6df855193efa2ea433f72d,double_well,truncated_line,7,1.0,inf,7,1.0,1.0,0.40855943174766934,0.024667154157839065,0.7685984402986668,0.05637322875605309,0.01773690759107005,1.502420425415039,13,0.2546505630016327,0.2521345615386963,8.50529670715332,42.34498736237917,1314.246826171875,4,4,1.0,1.0,0.0,1.0,double_well,well_bound,same_training_family_challenge
double_wells,bb6df855193efa2ea433f72d,double_well,truncated_line,8,1.0,inf,8,1.0,1.0,0.4614264577107882,0.027859049823349354,0.8965731832690258,0.04797496563347863,0.009636022657713893,1.3845858573913574,12,0.2742172181606293,0.2726724147796631,6.228820323944092,31.47305052338119,562.6982421875,4,4,1.0,1.0,0.0,1.0,double_well,well_bound,same_training_family_challenge
double_wells,bb6df855193efa2ea433f72d,double_well,truncated_line,9,1.0,inf,9,1.0,1.0,0.4690027834055717,0.0283164775054464,1.0362883827825486,0.05780280575118355,0.005021858142570057,1.259387493133545,11,0.284319669008255,0.2836841940879822,5.133313179016113,25.432093001463898,302.2780456542969,4,4,1.0,1.0,1.0,1.0,double_well,well_bound,same_training_family_challenge
double_wells,bb6df855193efa2ea433f72d,double_well,truncated_line,10,1.0,inf,10,1.0,1.0,0.5076901408237161,0.030652262547320494,1.1312209754740001,0.05290464322906023,0.0037836301605438383,1.167409896850586,10,0.3109838366508484,0.3087068796157837,3.993818759918213,17.73661644812376,133.102294921875,4,4,1.0,1.0,1.0,1.0,double_well,well_bound,same_training_family_challenge
double_wells,1c2fec4200cb9b3f4ef06f03,double_well,truncated_line,0,1.0,inf,0,1.0,1.0,0.0,0.0,0.0,0.0,1.0,16.68571000810365,128,0.03673914074897766,0.03658285737037659,36.177677154541016,141.8743105914734,15622.265625,4,4,1.0,1.0,1.0,1.0,double_well,well_bound,same_training_family_challenge
double_wells,1c2fec4200cb9b3f4ef06f03,double_well,truncated_line,1,1.0,inf,1,1.0,1.0,1.2292361518750639,0.07366999374183465,1.2292361518750639,0.4844056529884999,0.4011902153711626,8.110405956453027,62,0.0714840292930603,0.07138548046350479,38.91312026977539,148.47980956935302,20359.681640625,4,4,1.0,1.0,1.0,1.0,double_well,well_bound,same_training_family_challenge
double_wells,1c2fec4200cb9b3f4ef06f03,double_well,truncated_line,2,1.0,inf,2,1.0,1.0,0.19844854307491877,0.011893323267546866,0.3095482896752273,0.07863656075587834,0.2387899649242574,3.582779884338379,33,0.10417849570512772,0.10387758910655975,36.679779052734375,133.41912013967107,21175.48828125,4,4,1.0,1.0,1.0,1.0,double_well,well_bound,same_training_family_challenge
double_wells,1c2fec4200cb9b3f4ef06f03,double_well,truncated_line,3,1.0,inf,3,1.0,1.0,0.23434148938605684,0.014044442176703633,0.3002150606609444,0.06807890495473973,0.1507172106521803,2.760141372680664,25,0.13704486191272736,0.1362326741218567,32.38847351074219,125.65860299394276,19034.83203125,4,4,1.0,1.0,1.0,1.0,double_well,well_bound,same_training_family_challenge
double_wells,1c2fec4200cb9b3f4ef06f03,double_well,truncated_line,4,1.0,inf,4,1.0,1.0,0.30264111638578123,0.01813774278941677,0.5475077566695044,0.07612884337264413,0.09988920915918957,2.2873220443725586,20,0.16547687351703644,0.16447530686855316,24.929912567138672,108.00794548842104,13237.298828125,4,4,1.0,1.0,1.0,1.0,double_well,well_bound,same_training_family_challenge
double_wells,1c2fec4200cb9b3f4ef06f03,double_well,truncated_line,5,1.0,inf,5,1.0,1.0,0.3889101981647317,0.023307980180396995,0.7002160285069388,0.06855319388451338,0.06505420794138855,1.9827070236206055,17,0.1937815397977829,0.19273953139781952,15.166332244873047,77.90516048708473,5469.994140625,4,4,1.0,1.0,1.0,1.0,double_well,well_bound,same_training_family_challenge
double_wells,1c2fec4200cb9b3f4ef06f03,double_well,truncated_line,6,1.0,inf,6,1.0,1.0,0.432938878187084,0.02594668599519116,0.8047802037897069,0.05772892773950287,0.036951412865765726,1.7368383407592773,14,0.22102151811122894,0.21909558773040771,10.651813507080078,55.48495112915791,2472.166015625,4,4,1.0,1.0,1.0,1.0,double_well,well_bound,same_training_family_challenge
double_wells,1c2fec4200cb9b3f4ef06f03,double_well,truncated_line,7,1.0,inf,7,1.0,1.0,0.41801364620381126,0.025052194123042833,0.7996833429946482,0.05725500833709729,0.01860237126764973,1.5128564834594727,13,0.24916702508926392,0.24820098280906677,8.416203498840332,42.02338025474121,1277.003662109375,4,4,1.0,1.0,0.0,1.0,double_well,well_bound,same_training_family_challenge
double_wells,1c2fec4200cb9b3f4ef06f03,double_well,truncated_line,8,1.0,inf,8,1.0,1.0,0.46986990135412005,0.028160018430496578,0.916000262996973,0.048842378878713504,0.008806574894972559,1.399332046508789,11,0.2738211750984192,0.27195972204208374,6.158796787261963,31.229070898657383,544.830810546875,4,4,1.0,1.0,0.0,1.0,double_well,well_bound,same_training_family_challenge
double_wells,1c2fec4200cb9b3f4ef06f03,double_well,truncated_line,9,1.0,inf,9,1.0,1.0,0.4694892847926154,0.02813720750058591,1.0290812670057834,0.05899156839285167,0.005060936797489076,1.257472038269043,11,0.29091519117355347,0.28873127698898315,5.119040489196777,25.246746075976112,300.5027770996094,4,4,1.0,1.0,1.0,1.0,double_well,well_bound,same_training_family_challenge
double_wells,1c2fec4200cb9b3f4ef06f03,double_well,truncated_line,10,1.0,inf,10,1.0,1.0,0.5138327408798148,0.030794778324102757,1.131206466643638,0.053509155272186915,0.0036971535438201785,1.1721429824829102,10,0.3119550049304962,0.3085781931877136,3.9695348739624023,17.5972207785631,130.65269470214844,4,4,1.0,1.0,1.0,1.0,double_well,well_bound,same_training_family_challenge
multiwell_potentials,14664e4cde1b5109ae0fc628,multiwell,truncated_line,0,1.0,inf,0,1.0,1.0,0.0,0.0,0.0,0.0,1.0,20.43416588145385,128,0.052100203931331635,0.05187063664197922,46.001319885253906,87.80625812269184,27789.53515625,4,4,1.0,1.0,0.0,1.0,multiwell,well_bound,same_training_family_challenge
multiwell_potentials,14664e4cde1b5109ae0fc628,multiwell,truncated_line,1,1.0,inf,1,1.0,1.0,0.2059813464022231,0.01008024245262552,0.2059813464022231,0.06867810691606535,0.4889407372588859,9.889084742843012,62,0.09306031465530396,0.09271086752414703,46.02816390991211,98.08079402953143,28289.150390625,4,4,1.0,1.0,0.0,1.0,multiwell,well_bound,same_training_family_challenge
multiwell_potentials,14664e4cde1b5109ae0fc628,multiwell,truncated_line,2,1.0,inf,2,1.0,1.0,0.5743347883580873,0.028106593226756387,0.622484520377776,0.19773174822052794,0.22799325850560412,3.3725709915161133,25,0.12585458159446716,0.12539736926555634,43.10090637207031,95.07490733645633,27162.53125,4,4,1.0,1.0,0.0,1.0,multiwell,well_bound,same_training_family_challenge
multiwell_potentials,14664e4cde1b5109ae0fc628,multiwell,truncated_line,3,1.0,inf,3,1.0,1.0,0.6671013346438205,0.03264636973752302,1.0408354024842525,0.1654099934593048,0.11823188404954288,2.816471576690674,21,0.152426615357399,0.15187804400920868,38.677127838134766,98.71431794981355,24129.8984375,4,4,1.0,1.0,0.0,1.0,multiwell,well_bound,same_training_family_challenge
multiwell_potentials,14664e4cde1b5109ae0fc628,multiwell,truncated_line,4,1.0,inf,4,1.0,1.0,0.7570462346195242,0.03704806151674746,1.2837542732589595,0.11980362086009108,0.057368922032731584,2.425516128540039,18,0.1783374398946762,0.17791573703289032,32.40056610107422,97.3166377206797,19331.470703125,4,4,1.0,1.0,0.0,1.0,multiwell,well_bound,same_training_family_challenge
multiwell_potentials,14664e4cde1b5109ae0fc628,multiwell,truncated_line,5,1.0,inf,5,1.0,1.0,0.8230158542348391,0.04027645948503395,1.4946092738688455,0.08987294481340086,0.0309050194178786,2.1639623641967773,15,0.20379886031150818,0.2030598521232605,20.620208740234375,77.81871710229493,9791.3896484375,4,4,1.0,1.0,1.0,1.0,multiwell,well_bound,same_training_family_challenge
multiwell_potentials,14664e4cde1b5109ae0fc628,multiwell,truncated_line,6,1.0,inf,6,1.0,1.0,0.8568067755981458,0.0419301076720625,1.6376873655373485,0.08092314040829617,0.018412703895230198,1.9611167907714844,14,0.22578617930412292,0.22483137249946594,14.477873802185059,60.50792199907978,4946.7705078125,4,4,1.0,1.0,1.0,1.0,multiwell,well_bound,same_training_family_challenge
multiwell_potentials,14664e4cde1b5109ae0fc628,multiwell,truncated_line,7,1.0,inf,7,1.0,1.0,0.8166067588201661,0.039962813434989405,1.551748949341416,0.08216690285516626,0.008811177927502856,1.7575111389160156,12,0.2524409592151642,0.25210878252983093,10.488174438476562,44.32976215786306,2252.886474609375,4,4,1.0,1.0,0.0,1.0,multiwell,well_bound,same_training_family_challenge
multiwell_potentials,14664e4cde1b5109ae0fc628,multiwell,truncated_line,8,1.0,inf,8,1.0,1.0,0.862094502383828,0.04218887657980056,1.650869153461473,0.07746477367727239,0.006218965586959779,1.6204509735107422,12,0.27090564370155334,0.2703399360179901,6.900509834289551,31.283535675449414,741.516845703125,4,4,1.0,1.0,0.0,1.0,multiwell,well_bound,same_training_family_challenge
multiwell_potentials,14664e4cde1b5109ae0fc628,multiwell,truncated_line,9,1.0,inf,9,1.0,1.0,0.7641394168347472,0.03739518516526696,1.6627058597375077,0.09759294980402186,0.003458325691570785,1.380457878112793,10,0.30213823914527893,0.3010910749435425,6.216019630432129,26.94494754625184,536.7208251953125,4,4,1.0,1.0,1.0,1.0,multiwell,well_bound,same_training_family_challenge
multiwell_potentials,14664e4cde1b5109ae0fc628,multiwell,truncated_line,10,1.0,inf,10,1.0,1.0,0.7718093442764288,0.037770533368182486,1.6290155992097555,0.08936356344340665,0.0028702384405004944,1.3041152954101562,10,0.31958240270614624,0.3185431957244873,4.519913196563721,17.72218019378263,195.2443389892578,4,4,1.0,1.0,1.0,1.0,multiwell,well_bound,same_training_family_challenge
barriers,50ab3eed117b7efb0be8494f,single_barrier,truncated_line,0,1.0,inf,0,1.0,1.0,0.0,0.0,0.0,0.0,1.0,23.167810575278466,128,0.05273864418268204,0.05255715176463127,47.392242431640625,90.9458313050853,29521.43359375,4,4,1.0,1.0,0.0,1.0,barrier,well_bound,same_training_family_challenge
barriers,50ab3eed117b7efb0be8494f,single_barrier,truncated_line,1,1.0,inf,1,1.0,1.0,0.5036822663771209,0.021740607069473453,0.5036822663771209,0.014821369057009925,0.418079723378756,11.194831717393074,61,0.09311536699533463,0.09283892810344696,46.892173767089844,101.41640596483984,29376.873046875,4,4,1.0,1.0,0.0,1.0,barrier,well_bound,same_training_family_challenge
barriers,50ab3eed117b7efb0be8494f,single_barrier,truncated_line,2,1.0,inf,2,1.0,1.0,0.8650167771915608,0.03733701008910134,1.6156716816766719,0.1663347712477307,0.17178915384206028,3.8873062133789062,26,0.12484987825155258,0.12440978735685349,43.74051284790039,100.19244680191866,27867.2265625,4,4,1.0,1.0,0.0,1.0,barrier,well_bound,same_training_family_challenge
barriers,50ab3eed117b7efb0be8494f,single_barrier,truncated_line,3,1.0,inf,3,1.0,1.0,0.876473290825111,0.03783151144028966,1.463626365110446,0.21038318524042565,0.11035289437785001,3.2217931747436523,21,0.15094992518424988,0.15039530396461487,39.146785736083984,104.92284849070879,24654.9609375,4,4,1.0,1.0,0.0,1.0,barrier,well_bound,same_training_family_challenge
barriers,50ab3eed117b7efb0be8494f,single_barrier,truncated_line,4,1.0,inf,4,1.0,1.0,0.8035106132428318,0.03468219884792346,1.098846472328976,0.09638152470857878,0.0654757863464065,2.785675048828125,18,0.17697705328464508,0.17645813524723053,32.53345489501953,101.41558659542973,19526.01171875,4,4,1.0,1.0,0.0,1.0,barrier,well_bound,same_training_family_challenge
barriers,50ab3eed117b7efb0be8494f,single_barrier,truncated_line,5,1.0,inf,5,1.0,1.0,0.9147709088411183,0.0394845644075335,1.2846708630674613,0.09119059469746367,0.03997196969618111,2.471038818359375,15,0.20264050364494324,0.20162029564380646,20.862499237060547,80.86220654593805,9998.84765625,4,4,1.0,1.0,1.0,1.0,barrier,well_bound,same_training_family_challenge
barriers,50ab3eed117b7efb0be8494f,single_barrier,truncated_line,6,1.0,inf,6,1.0,1.0,0.9440640819740422,0.04074895549178129,1.5000726954905481,0.07280205331690395,0.023713226580273115,2.22786808013916,14,0.2242499589920044,0.22341670095920563,14.404345512390137,62.39354170713752,4897.2724609375,4,4,1.0,1.0,1.0,1.0,barrier,well_bound,same_training_family_challenge
barriers,50ab3eed117b7efb0be8494f,single_barrier,truncated_line,7,1.0,inf,7,1.0,1.0,0.8768910636786506,0.037849543910478504,1.4834551498379378,0.07425358355573011,0.011230099872696964,1.9866857528686523,12,0.25268739461898804,0.2519930303096771,10.539480209350586,45.86459457677998,2279.78369140625,4,4,1.0,1.0,0.0,1.0,barrier,well_bound,same_training_family_challenge
barriers,50ab3eed117b7efb0be8494f,single_barrier,truncated_line,8,1.0,inf,8,1.0,1.0,0.9377623207242289,0.040476950451454455,1.644646806472445,0.07366039866199467,0.006511368682198855,1.8232736587524414,11,0.27219659090042114,0.2712792754173279,7.052281856536865,32.588254934397156,790.4307861328125,4,4,1.0,1.0,0.0,1.0,barrier,well_bound,same_training_family_challenge
barriers,50ab3eed117b7efb0be8494f,single_barrier,truncated_line,9,1.0,inf,9,1.0,1.0,0.8167529686413463,0.035253783087853534,1.7349477460562523,0.09659033704121615,0.0034930979660843142,1.5345888137817383,10,0.30785322189331055,0.30694442987442017,6.468963146209717,28.301629200202985,602.7608032226562,4,4,1.0,1.0,1.0,1.0,barrier,well_bound,same_training_family_challenge
barriers,50ab3eed117b7efb0be8494f,single_barrier,truncated_line,10,1.0,inf,10,1.0,1.0,0.8358597889123072,0.03607849719749621,1.7729124730118269,0.0892936490592236,0.002706596476999926,1.4523038864135742,9,0.3251798748970032,0.3244325518608093,4.729754447937012,18.830965562172764,225.6436767578125,4,4,1.0,1.0,1.0,1.0,barrier,well_bound,same_training_family_challenge
barriers,158a4779dc745c3ea460257a,single_barrier,truncated_line,0,1.0,inf,0,1.0,1.0,0.0,0.0,0.0,0.0,1.0,22.965390218790358,128,0.04908120632171631,0.04825165495276451,43.45816421508789,98.48651384419283,24298.115234375,4,4,1.0,1.0,0.0,1.0,barrier,well_bound,same_training_family_challenge
barriers,158a4779dc745c3ea460257a,single_barrier,truncated_line,1,1.0,inf,1,1.0,1.0,1.1462970431239952,0.049914111286734904,1.1462970431239952,0.5649027736601657,0.38649477242226216,11.145337104797363,62,0.08961840718984604,0.0886935368180275,44.9920654296875,111.5241002785696,26749.73046875,4,4,1.0,1.0,0.0,1.0,barrier,well_bound,same_training_family_challenge
barriers,158a4779dc745c3ea460257a,single_barrier,truncated_line,2,1.0,inf,2,1.0,1.0,0.07899849673518178,0.0034398935085607624,0.1023082570826972,0.21933236411339296,0.2741033912414559,4.299747467041016,29,0.12273850291967392,0.12238787859678268,43.292762756347656,108.65841736875808,27001.337890625,4,4,1.0,1.0,0.0,1.0,barrier,well_bound,same_training_family_challenge
barriers,158a4779dc745c3ea460257a,single_barrier,truncated_line,3,1.0,inf,3,1.0,1.0,0.5630756740902069,0.024518445744914734,1.1349916913464273,0.23215000566364802,0.15325195650600418,3.2653236389160156,22,0.15110796689987183,0.1504749059677124,39.47038650512695,111.9726228986174,24551.46875,4,4,1.0,1.0,1.0,1.0,barrier,well_bound,same_training_family_challenge
barriers,158a4779dc745c3ea460257a,single_barrier,truncated_line,4,1.0,inf,4,1.0,1.0,0.4684825868122256,0.020399504748188933,0.8995196491570137,0.16411691503448966,0.08742682529270271,2.7838997840881348,18,0.17914614081382751,0.17816491425037384,33.95038986206055,108.62288773853115,20481.626953125,4,4,1.0,1.0,0.0,1.0,barrier,well_bound,same_training_family_challenge
barriers,158a4779dc745c3ea460257a,single_barrier,truncated_line,5,1.0,inf,5,1.0,1.0,0.5461942184393519,0.023783363279952195,0.9470287675341735,0.12127473560782621,0.04957507766025604,2.4847869873046875,16,0.20589984953403473,0.2053963989019394,22.6120548248291,87.73212792240004,11425.708984375,4,4,1.0,1.0,0.0,1.0,barrier,well_bound,same_training_family_challenge
barriers,158a4779dc745c3ea460257a,single_barrier,truncated_line,6,1.0,inf,6,1.0,1.0,0.7254909431516054,0.03159062120172495,1.3392765259918349,0.07329668013177136,0.027198874636662554,2.2001466751098633,13,0.2279587835073471,0.2271634042263031,15.566359519958496,68.30021634131808,5744.7392578125,4,4,1.0,1.0,1.0,1.0,barrier,well_bound,same_training_family_challenge
barriers,158a4779dc745c3ea460257a,single_barrier,truncated_line,7,1.0,inf,7,1.0,1.0,0.6210946182356698,0.027044810139019024,1.2120425926246696,0.09424472197417932,0.013138110639774214,1.9579534530639648,12,0.2563096284866333,0.25546878576278687,11.146047592163086,50.28963033180013,2619.250732421875,4,4,1.0,1.0,0.0,1.0,barrier,well_bound,same_training_family_challenge
barriers,158a4779dc745c3ea460257a,single_barrier,truncated_line,8,1.0,inf,8,1.0,1.0,0.806387021815627,0.035113142608647625,1.5541501667532778,0.0676596207711177,0.007243434907846121,1.8116121292114258,11,0.2755199670791626,0.27442672848701477,7.180511474609375,34.61914460957502,828.7932739257812,4,4,1.0,1.0,0.0,1.0,barrier,well_bound,same_training_family_challenge
barriers,158a4779dc745c3ea460257a,single_barrier,truncated_line,9,1.0,inf,9,1.0,1.0,0.7027823380351602,0.030601802596854695,1.6260110063168245,0.0840500152961747,0.0043420691876736,1.612574577331543,10,0.30219534039497375,0.3001195192337036,6.369367599487305,29.776998447828174,575.41943359375,4,4,1.0,1.0,1.0,1.0,barrier,well_bound,same_training_family_challenge
barriers,158a4779dc745c3ea460257a,single_barrier,truncated_line,10,1.0,inf,10,1.0,1.0,0.7897502038766854,0.03438871259546503,1.7529929630094783,0.07488943411071186,0.0032705317794894796,1.4878578186035156,10,0.32053712010383606,0.3182390630245209,4.542238235473633,19.183325820789346,198.54342651367188,4,4,1.0,1.0,1.0,1.0,barrier,well_bound,same_training_family_challenge
barriers,81663d66de447d09f77df644,single_barrier,truncated_line,0,1.0,inf,0,1.0,1.0,0.0,0.0,0.0,0.0,1.0,21.23009425060461,128,0.05494542419910431,0.054763101041316986,47.12912368774414,107.44851303038061,29341.564453125,4,4,1.0,1.0,1.0,1.0,barrier,well_bound,same_training_family_challenge
barriers,81663d66de447d09f77df644,single_barrier,truncated_line,1,1.0,inf,1,1.0,1.0,0.29944361254982543,0.0141046765508965,0.29944361254982543,0.11286725315167201,0.4476139888762,10.10329319862154,60,0.09889063984155655,0.0986957773566246,46.83365249633789,102.75250321409999,29235.505859375,4,4,1.0,1.0,0.0,1.0,barrier,well_bound,same_training_family_challenge
barriers,81663d66de447d09f77df644,single_barrier,truncated_line,2,1.0,inf,2,1.0,1.0,0.5924244373879997,0.027904936756045166,0.741514528392754,0.17680699841088465,0.23078127284155667,3.281924247741699,24,0.13352683186531067,0.13315017521381378,43.959930419921875,96.0995355002063,27917.88671875,4,4,1.0,1.0,0.0,1.0,barrier,well_bound,same_training_family_challenge
barriers,81663d66de447d09f77df644,single_barrier,truncated_line,3,1.0,inf,3,1.0,1.0,0.7191686022867163,0.03387496041220991,1.2004744137740553,0.14045844608756486,0.06989026991428637,2.776592254638672,20,0.15997517108917236,0.1595068722963333,39.82612609863281,100.48101878574019,25056.0625,4,4,1.0,1.0,0.0,1.0,barrier,well_bound,same_training_family_challenge
barriers,81663d66de447d09f77df644,single_barrier,truncated_line,4,1.0,inf,4,1.0,1.0,0.8900274303487796,0.04192291470036374,1.8154987179121433,0.10998318686967767,0.032936150428314215,2.4091243743896484,17,0.18582898378372192,0.18527103960514069,34.04190444946289,101.22605945674343,20645.69921875,4,4,1.0,1.0,0.0,1.0,barrier,well_bound,same_training_family_challenge
barriers,81663d66de447d09f77df644,single_barrier,truncated_line,5,1.0,inf,5,1.0,1.0,1.0795721032860526,0.050851027345547826,2.3916994113206664,0.13888988910422045,0.026097214213801068,2.1751136779785156,15,0.21050065755844116,0.2095363438129425,22.63394546508789,82.4082075022292,11450.23046875,4,4,1.0,1.0,0.0,1.0,barrier,well_bound,same_training_family_challenge
barriers,81663d66de447d09f77df644,single_barrier,truncated_line,6,1.0,inf,6,1.0,1.0,0.9609667811407774,0.04526436716659466,1.8160800930755059,0.13745587403084475,0.01755025521814968,1.99399995803833,14,0.2303735613822937,0.22930027544498444,15.617243766784668,66.08442617906667,5780.71923828125,4,4,1.0,1.0,1.0,1.0,barrier,well_bound,same_training_family_challenge
barriers,81663d66de447d09f77df644,single_barrier,truncated_line,7,1.0,inf,7,1.0,1.0,0.8571023393028593,0.04037204588851272,1.3575720964807128,0.05575927249578337,0.008622520664010258,1.7897014617919922,12,0.2570897340774536,0.2563810646533966,11.085433959960938,48.38590799717015,2582.5439453125,4,4,1.0,1.0,0.0,1.0,barrier,well_bound,same_training_family_challenge
barriers,81663d66de447d09f77df644,single_barrier,truncated_line,8,1.0,inf,8,1.0,1.0,0.9228845025728754,0.0434705796252691,1.6830896987477844,0.09118010165526434,0.006173818557976496,1.6583938598632812,12,0.27485090494155884,0.27393150329589844,7.113615036010742,33.21680167526905,804.883544921875,4,4,1.0,1.0,0.0,1.0,barrier,well_bound,same_training_family_challenge
barriers,81663d66de447d09f77df644,single_barrier,truncated_line,9,1.0,inf,9,1.0,1.0,0.8074962895212073,0.038035454764795064,1.56927459123869,0.11442356969292682,0.0033810580895908826,1.3930330276489258,10,0.31072568893432617,0.310024231672287,6.6954026222229,29.532420464405163,663.2803344726562,4,4,1.0,1.0,1.0,1.0,barrier,well_bound,same_training_family_challenge
barriers,81663d66de447d09f77df644,single_barrier,truncated_line,10,1.0,inf,10,1.0,1.0,0.8009385501434304,0.03772656591576934,1.61974141878781,0.09025000341961736,0.0026882536315593775,1.3119745254516602,9,0.3277226984500885,0.3274776339530945,4.704103946685791,18.971416723487632,219.8477020263672,4,4,1.0,1.0,1.0,1.0,barrier,well_bound,same_training_family_challenge
barriers,a58357b123947ead45fca1f3,single_barrier,truncated_line,0,1.0,inf,0,1.0,1.0,0.0,0.0,0.0,0.0,1.0,23.11523993832864,128,0.05615676939487457,0.05600416287779808,48.11351776123047,104.98942536391945,30509.029296875,4,4,1.0,1.0,0.0,1.0,barrier,well_bound,same_training_family_challenge
barriers,a58357b123947ead45fca1f3,single_barrier,truncated_line,1,1.0,inf,1,1.0,1.0,0.11546355630565674,0.004995126877926122,0.11546355630565674,0.09256980189017769,0.49265376325065735,10.438866311166578,56,0.10168690234422684,0.10144311934709549,47.5097770690918,102.03877466430015,30132.619140625,4,4,1.0,1.0,0.0,1.0,barrier,well_bound,same_training_family_challenge
barriers,a58357b123947ead45fca1f3,single_barrier,truncated_line,2,1.0,inf,2,1.0,1.0,0.7605176614482559,0.03290113637052065,1.0378115718635315,0.18196081605984935,0.16205480315352833,3.5766401290893555,24,0.13632749021053314,0.13546015322208405,44.118324279785156,97.18623258570184,28205.576171875,4,4,1.0,1.0,0.0,1.0,barrier,well_bound,same_training_family_challenge
barriers,a58357b123947ead45fca1f3,single_barrier,truncated_line,3,1.0,inf,3,1.0,1.0,1.0288664553757805,0.044510308269383826,1.9183968913340852,0.11345008169048276,0.03550977421564826,3.022481918334961,20,0.1646759808063507,0.16343817114830017,39.8155632019043,103.17582203737422,25243.365234375,4,4,1.0,1.0,0.0,1.0,barrier,well_bound,same_training_family_challenge
barriers,a58357b123947ead45fca1f3,single_barrier,truncated_line,4,1.0,inf,4,1.0,1.0,1.2402252089213277,0.05365400541937887,2.7004644157552513,0.15092945998098936,0.027093341567018852,2.6541004180908203,17,0.18918317556381226,0.1879652738571167,33.48588562011719,102.50229200555529,20342.107421875,4,4,1.0,1.0,1.0,1.0,barrier,well_bound,same_training_family_challenge
barriers,a58357b123947ead45fca1f3,single_barrier,truncated_line,5,1.0,inf,5,1.0,1.0,1.0919070884982571,0.047237540748504475,2.0867433608664196,0.1708996477144095,0.02532224388015233,2.3793296813964844,15,0.21408244967460632,0.21248480677604675,21.97414207458496,82.38865854044718,10962.734375,4,4,1.0,1.0,1.0,1.0,barrier,well_bound,same_training_family_challenge
barriers,a58357b123947ead45fca1f3,single_barrier,truncated_line,6,1.0,inf,6,1.0,1.0,0.9852030605945891,0.04262136422650626,1.6529973301505256,0.07222211017425247,0.018421094143002723,2.164609909057617,13,0.23288795351982117,0.2319856882095337,15.207389831542969,64.9306505225561,5494.26953125,4,4,1.0,1.0,1.0,1.0,barrier,well_bound,same_training_family_challenge
barriers,a58357b123947ead45fca1f3,single_barrier,truncated_line,7,1.0,inf,7,1.0,1.0,0.9604783446241543,0.04155173587584236,1.5948697775733383,0.09384522380502813,0.010626889291059287,1.9425649642944336,12,0.2600846588611603,0.25879642367362976,10.91115665435791,47.46362269978407,2481.763671875,4,4,1.0,1.0,0.0,1.0,barrier,well_bound,same_training_family_challenge
barriers,a58357b123947ead45fca1f3,single_barrier,truncated_line,8,1.0,inf,8,1.0,1.0,0.9587868628521766,0.04147855983369482,1.5501235142602088,0.07710382484499755,0.006093428624918363,1.794865608215332,11,0.27786755561828613,0.2768397629261017,7.204243183135986,33.323236261367484,836.2898559570312,4,4,1.0,1.0,0.0,1.0,barrier,well_bound,same_training_family_challenge
barriers,a58357b123947ead45fca1f3,single_barrier,truncated_line,9,1.0,inf,9,1.0,1.0,0.8062002307194351,0.03487743293473803,1.6708840051784266,0.10767383131894903,0.0031273130163882033,1.5005455017089844,10,0.31523942947387695,0.31435492634773254,6.77677059173584,29.551126751926724,687.6053466796875,4,4,1.0,1.0,1.0,1.0,barrier,well_bound,same_training_family_challenge
barriers,a58357b123947ead45fca1f3,single_barrier,truncated_line,10,1.0,inf,10,1.0,1.0,0.8387998521951537,0.036287741526069735,1.7315273325946476,0.0960368243333486,0.0025343576789228985,1.4155349731445312,9,0.33437788486480713,0.3334428369998932,4.866169452667236,19.375729562524633,245.11489868164062,4,4,1.0,1.0,1.0,1.0,barrier,well_bound,same_training_family_challenge
barriers,5f651a741fe361d3d807f0b5,single_barrier,truncated_line,0,1.0,inf,0,1.0,1.0,0.0,0.0,0.0,0.0,1.0,22.76051496842096,128,0.048647716641426086,0.0482148602604866,44.37049865722656,96.83953982255129,25524.4296875,4,4,1.0,1.0,0.0,1.0,barrier,well_bound,same_training_family_challenge
barriers,5f651a741fe361d3d807f0b5,single_barrier,truncated_line,1,1.0,inf,1,1.0,1.0,1.413900163224019,0.062120745738210775,1.413900163224019,0.3610107334735868,0.28863262590033273,11.055518859412171,62,0.08767247200012207,0.08723164349794388,45.34762191772461,110.17918537509698,27494.078125,4,4,1.0,1.0,0.0,1.0,barrier,well_bound,same_training_family_challenge
barriers,5f651a741fe361d3d807f0b5,single_barrier,truncated_line,2,1.0,inf,2,1.0,1.0,0.5470382319433631,0.024034527896330572,0.9238439814150559,0.2274908947969216,0.18179228779861642,4.217576026916504,28,0.11908593028783798,0.11843504756689072,42.51463317871094,106.68740763725683,26552.751953125,4,4,1.0,1.0,0.0,1.0,barrier,well_bound,same_training_family_challenge
barriers,5f651a741fe361d3d807f0b5,single_barrier,truncated_line,3,1.0,inf,3,1.0,1.0,0.5774261738129972,0.02536964451877061,0.6338733184655672,0.12889413530533156,0.11582076036073975,3.3103322982788086,22,0.14823812246322632,0.14727868139743805,38.299888610839844,110.14098632528717,23901.603515625,4,4,1.0,1.0,0.0,1.0,barrier,well_bound,same_training_family_challenge
barriers,5f651a741fe361d3d807f0b5,single_barrier,truncated_line,4,1.0,inf,4,1.0,1.0,0.6688294501731555,0.029385514831326176,1.0340967469333995,0.10857943346398788,0.07368745304607068,2.8468170166015625,19,0.17411674559116364,0.17295558750629425,31.48192024230957,103.88918492203787,18644.947265625,4,4,1.0,1.0,1.0,1.0,barrier,well_bound,same_training_family_challenge
barriers,5f651a741fe361d3d807f0b5,single_barrier,truncated_line,5,1.0,inf,5,1.0,1.0,0.74679471318299,0.03281097612330516,1.2689669896783315,0.0774302872985883,0.04757844646818295,2.527782440185547,15,0.20011483132839203,0.19860459864139557,20.084857940673828,79.7432182294402,9378.791015625,4,4,1.0,1.0,1.0,1.0,barrier,well_bound,same_training_family_challenge
barriers,5f651a741fe361d3d807f0b5,single_barrier,truncated_line,6,1.0,inf,6,1.0,1.0,0.7964178640452806,0.034991205829493284,1.4497626517457105,0.06841676540549142,0.026395537876235498,2.233226776123047,14,0.22173719108104706,0.22131460905075073,13.966859817504883,60.48068915480514,4598.24462890625,4,4,1.0,1.0,1.0,1.0,barrier,well_bound,same_training_family_challenge
barriers,5f651a741fe361d3d807f0b5,single_barrier,truncated_line,7,1.0,inf,7,1.0,1.0,0.761163791550673,0.03344229217162918,1.431414661297894,0.07186989821356388,0.011863226730000287,1.976578712463379,13,0.2502695620059967,0.24944131076335907,10.221808433532715,44.64724088003531,2115.958740234375,4,4,1.0,1.0,0.0,1.0,barrier,well_bound,same_training_family_challenge
barriers,5f651a741fe361d3d807f0b5,single_barrier,truncated_line,8,1.0,inf,8,1.0,1.0,0.8187471884892561,0.035972261156007476,1.6299777639122368,0.06866443757523497,0.0073328696041504715,1.8381500244140625,12,0.2691613733768463,0.2687202990055084,6.889260292053223,32.36216357600349,743.7139282226562,4,4,1.0,1.0,0.0,1.0,barrier,well_bound,same_training_family_challenge
barriers,5f651a741fe361d3d807f0b5,single_barrier,truncated_line,9,1.0,inf,9,1.0,1.0,0.7472904824829985,0.032832758112890915,1.7670582328617543,0.08394695371268453,0.004024881012589243,1.5891027450561523,10,0.29689982533454895,0.2957458794116974,6.068718910217285,27.250666993873637,501.9749450683594,4,4,1.0,1.0,1.0,1.0,barrier,well_bound,same_training_family_challenge
barriers,5f651a741fe361d3d807f0b5,single_barrier,truncated_line,10,1.0,inf,10,1.0,1.0,0.7691105374877754,0.03379143831125423,1.8308183795332669,0.07906102887787463,0.003226155531018682,1.4873342514038086,10,0.31644535064697266,0.31526973843574524,4.485575199127197,18.224830529908374,192.1363983154297,4,4,1.0,1.0,1.0,1.0,barrier,well_bound,same_training_family_challenge
multiple_barriers,ca14acec471b32d231155e47,multiple_barriers,truncated_line,0,1.0,inf,0,1.0,1.0,0.0,0.0,0.0,0.0,1.0,22.70061450702515,128,0.04913344979286194,0.04835618659853935,45.94265365600586,113.59683028693874,27683.58203125,4,4,1.0,1.0,0.0,1.0,barrier,well_bound,same_training_family_challenge
multiple_barriers,ca14acec471b32d231155e47,multiple_barriers,truncated_line,1,1.0,inf,1,1.0,1.0,0.43308598368529505,0.019078161234413638,0.43308598368529505,0.5234271323215005,0.4560478990405489,10.631309509277344,59,0.087481290102005,0.08671256899833679,45.86393356323242,121.44350817661689,28304.0703125,4,4,1.0,1.0,0.0,1.0,barrier,well_bound,same_training_family_challenge
multiple_barriers,ca14acec471b32d231155e47,multiple_barriers,truncated_line,2,1.0,inf,2,1.0,1.0,0.8340428912704331,0.036740982981422025,0.9944198510184561,0.10106342503669878,0.14885790328447449,4.110854148864746,28,0.11751187592744827,0.11623867601156235,42.54386520385742,117.47708243633339,26801.4453125,4,4,1.0,1.0,1.0,1.0,barrier,well_bound,same_training_family_challenge
multiple_barriers,ca14acec471b32d231155e47,multiple_barriers,truncated_line,3,1.0,inf,3,1.0,1.0,0.8606905098904584,0.037914855107737316,1.9842067181083405,0.08417165768585186,0.06987063232128585,3.3928356170654297,23,0.1495923399925232,0.1481039822101593,37.729923248291016,118.7080252527937,23456.935546875,4,4,1.0,1.0,0.0,1.0,barrier,well_bound,same_training_family_challenge
multiple_barriers,ca14acec471b32d231155e47,multiple_barriers,truncated_line,4,1.0,inf,4,1.0,1.0,0.757941239549565,0.03338857806316235,1.7097610867155428,0.20389236767335017,0.05730930008536641,2.883650779724121,19,0.1772073656320572,0.17591695487499237,30.781328201293945,110.06055774864807,18021.998046875,4,4,1.0,1.0,1.0,1.0,barrier,well_bound,same_training_family_challenge
multiple_barriers,ca14acec471b32d231155e47,multiple_barriers,truncated_line,5,1.0,inf,5,1.0,1.0,0.6325074080836474,0.027863008196888483,1.0086571060009413,0.06796386316253011,0.04299661208838563,2.540975570678711,16,0.2042909562587738,0.20283471047878265,19.423175811767578,84.734451357665,8821.8408203125,4,4,1.0,1.0,1.0,1.0,barrier,well_bound,same_training_family_challenge
multiple_barriers,ca14acec471b32d231155e47,multiple_barriers,truncated_line,6,1.0,inf,6,1.0,1.0,0.759821679587383,0.03347141458889764,1.2501696276631822,0.07560958359082622,0.026466590885441656,2.2702770233154297,14,0.22762258350849152,0.22660954296588898,13.421448707580566,63.55275729004129,4214.8779296875,4,4,1.0,1.0,1.0,1.0,barrier,well_bound,same_training_family_challenge
multiple_barriers,ca14acec471b32d231155e47,multiple_barriers,truncated_line,7,1.0,inf,7,1.0,1.0,0.7123487312889217,0.03138015189273715,1.1826311459850034,0.07053193045868522,0.01403484407715246,1.991805076599121,12,0.2562062442302704,0.2549220621585846,9.941035270690918,46.57241255349868,1975.3568115234375,4,4,1.0,1.0,0.0,1.0,barrier,well_bound,same_training_family_challenge
multiple_barriers,ca14acec471b32d231155e47,multiple_barriers,truncated_line,8,1.0,inf,8,1.0,1.0,0.7770579119220697,0.034230699423647495,1.3609621431420527,0.058969708209294786,0.007462776547043084,1.8505725860595703,11,0.2770164906978607,0.2759489417076111,6.780385494232178,33.4266489161418,713.3200073242188,4,4,1.0,1.0,0.0,1.0,barrier,well_bound,same_training_family_challenge
multiple_barriers,ca14acec471b32d231155e47,multiple_barriers,truncated_line,9,1.0,inf,9,1.0,1.0,0.7057082996287677,0.031087629782461282,1.5353399789866415,0.08667220454981975,0.004172866561685146,1.5478734970092773,10,0.29971423745155334,0.2968222200870514,6.196235179901123,28.522203321712894,532.2931518554688,4,4,1.0,1.0,1.0,1.0,barrier,well_bound,same_training_family_challenge
multiple_barriers,ca14acec471b32d231155e47,multiple_barriers,truncated_line,10,1.0,inf,10,1.0,1.0,0.7438329676443619,0.03276708511191044,1.6159088120362668,0.07664760450375241,0.0031117135282981876,1.4731855392456055,10,0.31662145256996155,0.31423133611679077,4.5982890129089355,19.258701937857808,207.32125854492188,4,4,1.0,1.0,1.0,1.0,barrier,well_bound,same_training_family_challenge
localized_defects,eb0f368bf04a69bbdccb4786,localized_defect,truncated_line,0,1.0,inf,0,1.0,1.0,0.0,0.0,0.0,0.0,1.0,22.845592240093584,256,0.029607871547341347,0.028938019648194313,51.73212814331055,103.73548238200826,34065.22265625,4,4,1.0,1.0,0.0,1.0,localized_defect,well_bound,same_training_family_challenge
localized_defects,eb0f368bf04a69bbdccb4786,localized_defect,truncated_line,1,1.0,inf,1,1.0,1.0,1.7031517156816327,0.07455056090393812,1.7031517156816327,0.4321076588275008,0.38398062164210434,11.385124901531572,127,0.05148104950785637,0.05036225542426109,51.45917892456055,103.16411218224825,33718.87890625,4,4,1.0,1.0,0.0,1.0,localized_defect,well_bound,same_training_family_challenge
localized_defects,eb0f368bf04a69bbdccb4786,localized_defect,truncated_line,2,1.0,inf,2,1.0,1.0,0.5479679323667955,0.02398571797167605,0.9811862025560045,0.21642666153927367,0.22141191714878572,3.723255157470703,50,0.0666717067360878,0.065720334649086,50.02771759033203,104.30306883177172,32780.48828125,4,4,1.0,1.0,0.0,1.0,localized_defect,well_bound,same_training_family_challenge
localized_defects,eb0f368bf04a69bbdccb4786,localized_defect,truncated_line,3,1.0,inf,3,1.0,1.0,0.6514975149732067,0.0285174272623951,1.0287895818501807,0.14526655740552402,0.12854782967277398,3.0683298110961914,41,0.07953892648220062,0.07856015115976334,47.84978485107422,112.4473855325023,31349.150390625,4,4,1.0,1.0,0.0,1.0,localized_defect,well_bound,same_training_family_challenge
localized_defects,eb0f368bf04a69bbdccb4786,localized_defect,truncated_line,4,1.0,inf,4,1.0,1.0,0.877578726563865,0.038413481136362525,1.4418917831154725,0.13798718874412183,0.06917875143056963,2.6921987533569336,35,0.0913352444767952,0.09046463668346405,43.378963470458984,115.0791434451267,28023.841796875,4,4,1.0,1.0,0.0,1.0,localized_defect,well_bound,same_training_family_challenge
localized_defects,eb0f368bf04a69bbdccb4786,localized_defect,truncated_line,5,1.0,inf,5,1.0,1.0,0.8876782139275763,0.038855557106973033,1.5208811136314648,0.066735587538388,0.040148779176991424,2.399770736694336,31,0.10331675410270691,0.10281278192996979,34.31904602050781,103.16800149406441,21047.662109375,4,4,1.0,1.0,1.0,1.0,localized_defect,well_bound,same_training_family_challenge
localized_defects,eb0f368bf04a69bbdccb4786,localized_defect,truncated_line,6,1.0,inf,6,1.0,1.0,0.9182313083785233,0.040192930816958405,1.5846778939587685,0.07939803232095761,0.027580579813665,2.15423583984375,28,0.11340822279453278,0.11314983665943146,26.0206298828125,92.73486310902607,14359.9541015625,4,4,1.0,1.0,1.0,1.0,localized_defect,well_bound,same_training_family_challenge
localized_defects,eb0f368bf04a69bbdccb4786,localized_defect,truncated_line,7,1.0,inf,7,1.0,1.0,0.9118985293692136,0.03991573165561665,1.6640196833672287,0.08455418260038833,0.014729937055970506,1.9296660423278809,25,0.12815481424331665,0.12591113150119781,17.981470108032227,69.22524495827118,7466.6494140625,4,4,1.0,1.0,0.0,1.0,localized_defect,well_bound,same_training_family_challenge
localized_defects,eb0f368bf04a69bbdccb4786,localized_defect,truncated_line,8,1.0,inf,8,1.0,1.0,0.9329036622162434,0.0408351708466115,1.7714098219373229,0.07434599695968992,0.007217402471978375,1.7636690139770508,23,0.14103026688098907,0.13553708791732788,10.858551979064941,47.41307460194591,2472.57666015625,4,4,1.0,1.0,0.0,1.0,localized_defect,well_bound,same_training_family_challenge
localized_defects,eb0f368bf04a69bbdccb4786,localized_defect,truncated_line,9,1.0,inf,9,1.0,1.0,0.7976348005278387,0.03491416603015459,1.7250172216150474,0.10914471628075065,0.0033187539030364796,1.4655332565307617,19,0.17300072312355042,0.15940353274345398,9.505663871765137,41.30574401848999,1729.5601806640625,4,4,1.0,1.0,0.0,1.0,localized_defect,well_bound,same_training_family_challenge
localized_defects,eb0f368bf04a69bbdccb4786,localized_defect,truncated_line,10,1.0,inf,10,1.0,1.0,0.8117008989784835,0.035529868976386776,1.8511294446031687,0.09543942400481022,0.0027078795049246722,1.3980884552001953,19,0.18090404570102692,0.16762663424015045,6.461277961730957,27.29301575956336,584.0659790039062,4,4,1.0,1.0,1.0,1.0,localized_defect,well_bound,same_training_family_challenge
localized_defects,28855a5d3a96a8718654d4c6,localized_defect,truncated_line,0,1.0,inf,0,1.0,1.0,0.0,0.0,0.0,0.0,1.0,20.84463150915121,128,0.056693997234106064,0.0556589737534523,49.25947189331055,93.4063022642757,31869.396484375,4,4,1.0,1.0,0.0,1.0,localized_defect,well_bound,same_training_family_challenge
localized_defects,28855a5d3a96a8718654d4c6,localized_defect,truncated_line,1,1.0,inf,1,1.0,1.0,0.6380605633860165,0.030610306692439977,0.6380605633860165,0.4487883677134211,0.4352995077450222,10.218378646074262,62,0.0996784195303917,0.09812839329242706,48.52918243408203,96.42095220162508,31290.240234375,4,4,1.0,1.0,0.0,1.0,localized_defect,well_bound,same_training_family_challenge
localized_defects,28855a5d3a96a8718654d4c6,localized_defect,truncated_line,2,1.0,inf,2,1.0,1.0,0.5881080286053768,0.028213884632462112,0.6262924767738378,0.19079120640293953,0.20327773250123232,3.33221435546875,25,0.13081605732440948,0.12949007749557495,45.07231521606445,93.83287337932842,29140.7109375,4,4,1.0,1.0,0.0,1.0,localized_defect,well_bound,same_training_family_challenge
localized_defects,28855a5d3a96a8718654d4c6,localized_defect,truncated_line,3,1.0,inf,3,1.0,1.0,0.8385122711352094,0.040226773534810904,1.2095477077374726,0.17529437600243947,0.10094908893381768,2.7800941467285156,20,0.1570824831724167,0.15593184530735016,41.016517639160156,98.58830716065015,26351.58203125,4,4,1.0,1.0,0.0,1.0,localized_defect,well_bound,same_training_family_challenge
localized_defects,28855a5d3a96a8718654d4c6,localized_defect,truncated_line,4,1.0,inf,4,1.0,1.0,0.7872494505638795,0.037767491846438316,1.23088094172922,0.10755298101066335,0.05940707404083407,2.4191932678222656,17,0.1817089468240738,0.18035627901554108,34.76348876953125,99.67778402926395,21461.25,4,4,1.0,1.0,0.0,1.0,localized_defect,well_bound,same_training_family_challenge
localized_defects,28855a5d3a96a8718654d4c6,localized_defect,truncated_line,5,1.0,inf,5,1.0,1.0,0.8573311599890108,0.0411295905908735,1.3530556298138756,0.09463514510546982,0.034618783223403844,2.1485538482666016,15,0.20822665095329285,0.2057952880859375,22.908233642578125,81.94113269007427,11748.7587890625,4,4,1.0,1.0,1.0,1.0,localized_defect,well_bound,same_training_family_challenge
localized_defects,28855a5d3a96a8718654d4c6,localized_defect,truncated_line,6,1.0,inf,6,1.0,1.0,0.9100118118285527,0.043656891292563234,1.4847618206682305,0.07809592792173882,0.01962753799835853,1.9577131271362305,14,0.2275911122560501,0.2257404923439026,16.213735580444336,66.55965731567872,6251.71826171875,4,4,1.0,1.0,1.0,1.0,localized_defect,well_bound,same_training_family_challenge
localized_defects,28855a5d3a96a8718654d4c6,localized_defect,truncated_line,7,1.0,inf,7,1.0,1.0,0.850704774963761,0.04081169650757724,1.4277723077981124,0.08389262261006004,0.01011996414125882,1.753859519958496,13,0.25339746475219727,0.2512938678264618,11.82062816619873,49.88247111817061,3008.248779296875,4,4,1.0,1.0,0.0,1.0,localized_defect,well_bound,same_training_family_challenge
localized_defects,28855a5d3a96a8718654d4c6,localized_defect,truncated_line,8,1.0,inf,8,1.0,1.0,0.9013319428457107,0.04324048340456429,1.5607764150565568,0.08105486087685802,0.005935473985117558,1.6112346649169922,12,0.27147191762924194,0.2697368264198303,7.8766045570373535,35.46279477441591,1068.62890625,4,4,1.0,1.0,0.0,1.0,localized_defect,well_bound,same_training_family_challenge
localized_defects,28855a5d3a96a8718654d4c6,localized_defect,truncated_line,9,1.0,inf,9,1.0,1.0,0.7454277656120392,0.035761139038835085,1.5923706867324539,0.10478198074382435,0.0030980875893276993,1.3239593505859375,10,0.33063167333602905,0.31757092475891113,7.503821849822998,32.743450917304564,916.6331787109375,4,4,1.0,1.0,1.0,1.0,localized_defect,well_bound,same_training_family_challenge
localized_defects,28855a5d3a96a8718654d4c6,localized_defect,truncated_line,10,1.0,inf,10,1.0,1.0,0.778701210762464,0.03735739873456619,1.6173237510324636,0.0969557944756855,0.0025415923074523445,1.2630090713500977,9,0.34688901901245117,0.335612416267395,5.3358473777771,21.542213907839482,325.62872314453125,4,4,1.0,1.0,1.0,1.0,localized_defect,well_bound,same_training_family_challenge
localized_defects,da93b664b6d9fc82b9722a72,localized_defect,truncated_line,0,1.0,inf,0,1.0,1.0,0.0,0.0,0.0,0.0,1.0,20.813491527244405,256,0.03597111999988556,0.035686228424310684,51.6820068359375,102.02547371865137,34024.8828125,4,4,1.0,1.0,0.0,1.0,localized_defect,well_bound,same_training_family_challenge
localized_defects,da93b664b6d9fc82b9722a72,localized_defect,truncated_line,1,1.0,inf,1,1.0,1.0,0.41798141022688884,0.02008223414508615,0.41798141022688884,0.09509172816746905,0.40890419735344663,10.20905595585714,125,0.05985502526164055,0.05946404114365578,51.57977294921875,90.86419377560075,33811.31640625,4,4,1.0,1.0,0.0,1.0,localized_defect,well_bound,same_training_family_challenge
localized_defects,da93b664b6d9fc82b9722a72,localized_defect,truncated_line,2,1.0,inf,2,1.0,1.0,0.986817975599445,0.04741241873367195,1.4500878135577722,0.13362466056794406,0.16409498627425723,2.9215927124023438,43,0.07399622350931168,0.07347111403942108,50.3276481628418,92.07029692615527,32953.1015625,4,4,1.0,1.0,0.0,1.0,localized_defect,well_bound,same_training_family_challenge
localized_defects,da93b664b6d9fc82b9722a72,localized_defect,truncated_line,3,1.0,inf,3,1.0,1.0,1.1767202463279636,0.05653641748611291,1.9106845994769628,0.10518330109359542,0.09100780593616704,2.546389579772949,37,0.08490074425935745,0.08446762710809708,48.40098571777344,100.667865590226,31695.447265625,4,4,1.0,1.0,0.0,1.0,localized_defect,well_bound,same_training_family_challenge
localized_defects,da93b664b6d9fc82b9722a72,localized_defect,truncated_line,4,1.0,inf,4,1.0,1.0,1.2059686346852752,0.057941678507264796,1.7494963819376077,0.09259497926081169,0.05275639851806527,2.26943302154541,33,0.09505316615104675,0.09463465213775635,44.5162467956543,106.19293070046925,28781.833984375,4,4,1.0,1.0,0.0,1.0,localized_defect,well_bound,same_training_family_challenge
localized_defects,da93b664b6d9fc82b9722a72,localized_defect,truncated_line,5,1.0,inf,5,1.0,1.0,1.192176691797331,0.05727903414171514,1.7192088836144719,0.09006652508453204,0.03178679595766004,2.036036491394043,30,0.10539021342992783,0.10516185313463211,36.24457550048828,97.41546193360304,22464.75390625,4,4,1.0,1.0,1.0,1.0,localized_defect,well_bound,same_training_family_challenge
localized_defects,da93b664b6d9fc82b9722a72,localized_defect,truncated_line,6,1.0,inf,6,1.0,1.0,1.1874001492499406,0.05704954152914036,1.7403202016019828,0.08661094979896378,0.022546443111582937,1.8851909637451172,27,0.1142222136259079,0.1139594092965126,28.064315795898438,89.9940101489955,15992.4970703125,4,4,1.0,1.0,1.0,1.0,localized_defect,well_bound,same_training_family_challenge
localized_defects,da93b664b6d9fc82b9722a72,localized_defect,truncated_line,7,1.0,inf,7,1.0,1.0,1.1127417176641958,0.05346252051020086,1.683018376674669,0.08964380585036989,0.011626750363977978,1.6738414764404297,25,0.12749718129634857,0.1270970106124878,19.583553314208984,68.86207373374529,8736.962890625,4,4,1.0,1.0,0.0,1.0,localized_defect,well_bound,same_training_family_challenge
localized_defects,da93b664b6d9fc82b9722a72,localized_defect,truncated_line,8,1.0,inf,8,1.0,1.0,1.1091915317236805,0.05329194913173376,1.7559778142270774,0.08927990604597283,0.006487653134626572,1.5321617126464844,23,0.14137911796569824,0.14034181833267212,11.910337448120117,47.28343654173469,3077.74560546875,4,4,1.0,1.0,0.0,1.0,localized_defect,well_bound,same_training_family_challenge
localized_defects,da93b664b6d9fc82b9722a72,localized_defect,truncated_line,9,1.0,inf,9,1.0,1.0,0.899702251197525,0.04322687762501714,1.7001600032128863,0.1260533972630607,0.0025546316775653098,1.1701278686523438,17,0.18206098675727844,0.17983055114746094,10.899209022521973,41.83993778122973,2424.20654296875,4,4,1.0,1.0,1.0,1.0,localized_defect,well_bound,same_training_family_challenge
localized_defects,da93b664b6d9fc82b9722a72,localized_defect,truncated_line,10,1.0,inf,10,1.0,1.0,0.8906160358254176,0.042790323510095395,1.7125688079796682,0.1162857908672664,0.0020116752170783905,1.1208791732788086,17,0.19253979623317719,0.18982575833797455,7.299169063568115,27.437444972057975,814.337158203125,4,4,1.0,1.0,1.0,1.0,localized_defect,well_bound,same_training_family_challenge
localized_defects,0e16aa23aa1ffc156edf6b60,localized_defect,truncated_line,0,1.0,inf,0,1.0,1.0,0.0,0.0,0.0,0.0,1.0,20.795921164160738,256,0.03373859077692032,0.03346346691250801,51.74433898925781,90.23905619822274,34035.58984375,4,4,1.0,1.0,0.0,1.0,localized_defect,well_bound,same_training_family_challenge
localized_defects,0e16aa23aa1ffc156edf6b60,localized_defect,truncated_line,1,1.0,inf,1,1.0,1.0,0.5545230082249446,0.026664988958536643,0.5545230082249446,0.13986616101013305,0.39033630988004003,10.20333134299428,125,0.05579855293035507,0.05546814203262329,51.600250244140625,93.2771881269179,33810.828125,4,4,1.0,1.0,0.0,1.0,localized_defect,well_bound,same_training_family_challenge
localized_defects,0e16aa23aa1ffc156edf6b60,localized_defect,truncated_line,2,1.0,inf,2,1.0,1.0,1.0492678574100345,0.05045546427721226,1.5263797662322012,0.21132366682010853,0.1914718653591772,3.1084651947021484,46,0.06957797706127167,0.06922800093889236,50.31277847290039,98.1295026977484,32906.18359375,4,4,1.0,1.0,0.0,1.0,localized_defect,well_bound,same_training_family_challenge
localized_defects,0e16aa23aa1ffc156edf6b60,localized_defect,truncated_line,3,1.0,inf,3,1.0,1.0,1.0383297366291202,0.049929489943371985,1.4059837169868854,0.12578575054447771,0.10408063951162666,2.656097412109375,39,0.08137588202953339,0.08108901232481003,48.424461364746094,106.76362367243523,31688.67578125,4,4,1.0,1.0,0.0,1.0,localized_defect,well_bound,same_training_family_challenge
localized_defects,0e16aa23aa1ffc156edf6b60,localized_defect,truncated_line,4,1.0,inf,4,1.0,1.0,1.1106955662161986,0.05340929874894643,1.5653377064994936,0.08815280664190761,0.0637942069869171,2.3443450927734375,34,0.09193960577249527,0.091761015355587,44.422088623046875,110.66299926507982,28663.119140625,4,4,1.0,1.0,0.0,1.0,localized_defect,well_bound,same_training_family_challenge
localized_defects,0e16aa23aa1ffc156edf6b60,localized_defect,truncated_line,5,1.0,inf,5,1.0,1.0,1.0542892413879368,0.050696924318258965,1.5024388697199234,0.08012113497644953,0.03788931933784251,2.0786523818969727,30,0.10376166552305222,0.10347067564725876,36.361289978027344,100.52979687745028,22576.2734375,4,4,1.0,1.0,1.0,1.0,localized_defect,well_bound,same_training_family_challenge
localized_defects,0e16aa23aa1ffc156edf6b60,localized_defect,truncated_line,6,1.0,inf,6,1.0,1.0,1.0921579638118235,0.052517893061357915,1.6118123098983963,0.0789743827161256,0.025672650345486825,1.9246625900268555,28,0.11358780413866043,0.11319883167743683,27.98236656188965,91.54985157128027,15932.505859375,4,4,1.0,1.0,1.0,1.0,localized_defect,well_bound,same_training_family_challenge
localized_defects,0e16aa23aa1ffc156edf6b60,localized_defect,truncated_line,7,1.0,inf,7,1.0,1.0,1.018091252329019,0.04895629504902993,1.5563583034547523,0.08152781814232779,0.012964332665837963,1.6974983215332031,25,0.12575197219848633,0.12533439695835114,19.5541934967041,69.76116277324653,8709.982421875,4,4,1.0,1.0,0.0,1.0,localized_defect,well_bound,same_training_family_challenge
localized_defects,0e16aa23aa1ffc156edf6b60,localized_defect,truncated_line,8,1.0,inf,8,1.0,1.0,1.027184819654106,0.04939357153480343,1.6610508396252066,0.08367850437961555,0.007071460877378451,1.5796794891357422,23,0.13990871608257294,0.13803257048130035,11.877029418945312,47.97182196133027,3063.218994140625,4,4,1.0,1.0,0.0,1.0,localized_defect,well_bound,same_training_family_challenge
localized_defects,0e16aa23aa1ffc156edf6b60,localized_defect,truncated_line,9,1.0,inf,9,1.0,1.0,0.826382384242383,0.039737714800850144,1.6148417935594068,0.11801474015329232,0.00287600792501881,1.1885604858398438,17,0.1803569793701172,0.17606841027736664,10.91629695892334,42.16129873954189,2439.199951171875,4,4,1.0,1.0,1.0,1.0,localized_defect,well_bound,same_training_family_challenge
localized_defects,0e16aa23aa1ffc156edf6b60,localized_defect,truncated_line,10,1.0,inf,10,1.0,1.0,0.837882486539397,0.0402907127760893,1.6560000976117104,0.10907627861007932,0.0022386055247368875,1.169508934020996,17,0.19008967280387878,0.18535421788692474,7.311591625213623,27.781972303429743,823.9663696289062,4,4,1.0,1.0,1.0,1.0,localized_defect,well_bound,same_training_family_challenge
localized_defects,6245bccdbf00799ca89a1193,localized_defect,truncated_line,0,1.0,inf,0,1.0,1.0,0.0,0.0,0.0,0.0,1.0,21.844838186244086,128,0.056186165660619736,0.05613207817077637,47.133365631103516,98.47631799539695,29289.99609375,4,4,1.0,1.0,0.0,1.0,localized_defect,well_bound,same_training_family_challenge
localized_defects,6245bccdbf00799ca89a1193,localized_defect,truncated_line,1,1.0,inf,1,1.0,1.0,0.1001516801013369,0.004584683999371688,0.1001516801013369,0.06045969525939346,0.42905642850798453,10.124763615382737,58,0.100123330950737,0.0998157262802124,46.917850494384766,102.76978057608532,29307.890625,4,4,1.0,1.0,0.0,1.0,localized_defect,well_bound,same_training_family_challenge
localized_defects,6245bccdbf00799ca89a1193,localized_defect,truncated_line,2,1.0,inf,2,1.0,1.0,0.7713092961471162,0.03530853786011642,1.4029212019493755,0.1417328586710182,0.07710912420841158,3.4638376235961914,24,0.13223786652088165,0.13161161541938782,43.94954299926758,102.62235260464595,27807.455078125,4,4,1.0,1.0,0.0,1.0,localized_defect,well_bound,same_training_family_challenge
localized_defects,6245bccdbf00799ca89a1193,localized_defect,truncated_line,3,1.0,inf,3,1.0,1.0,1.1039955830771184,0.05053805268158569,2.1809856381078414,0.32970546616681135,0.06224275031172141,2.905085563659668,20,0.16064779460430145,0.1595696210861206,40.09169387817383,108.21758510628177,25245.962890625,4,4,1.0,1.0,1.0,1.0,localized_defect,well_bound,same_training_family_challenge
localized_defects,6245bccdbf00799ca89a1193,localized_defect,truncated_line,4,1.0,inf,4,1.0,1.0,0.7150482832310459,0.0327330546985383,1.0076464149881668,0.11001840117471968,0.05405140909042317,2.5410213470458984,18,0.18575924634933472,0.1845461130142212,34.3587646484375,107.43832006128139,20889.1015625,4,4,1.0,1.0,0.0,1.0,localized_defect,well_bound,same_training_family_challenge
localized_defects,6245bccdbf00799ca89a1193,localized_defect,truncated_line,5,1.0,inf,5,1.0,1.0,0.8293750243243736,0.037966636202718104,1.6607710269374254,0.10531498050501191,0.03776403063773138,2.2699146270751953,15,0.21139498054981232,0.209858238697052,23.126949310302734,87.34249216670958,11897.03125,4,4,1.0,1.0,0.0,1.0,localized_defect,well_bound,same_training_family_challenge
localized_defects,6245bccdbf00799ca89a1193,localized_defect,truncated_line,6,1.0,inf,6,1.0,1.0,0.9371578636614583,0.0429006548673634,1.7345281758117466,0.1744237326510538,0.024801577752461938,2.055495262145996,14,0.23108433187007904,0.2301030308008194,15.99652099609375,68.99409865680735,6081.81494140625,4,4,1.0,1.0,0.0,1.0,localized_defect,well_bound,same_training_family_challenge
localized_defects,6245bccdbf00799ca89a1193,localized_defect,truncated_line,7,1.0,inf,7,1.0,1.0,0.8056253827293754,0.03687943924604971,1.2563338595007307,0.06975586639838066,0.01354537946688783,1.8463735580444336,12,0.2580892741680145,0.2567824721336365,11.30636978149414,50.526299400856935,2712.232666015625,4,4,1.0,1.0,0.0,1.0,localized_defect,well_bound,same_training_family_challenge
localized_defects,6245bccdbf00799ca89a1193,localized_defect,truncated_line,8,1.0,inf,8,1.0,1.0,0.873872484545321,0.04000361445092357,1.4312551186055047,0.08579756622231523,0.007131585383061982,1.709615707397461,12,0.2756749987602234,0.2746029794216156,7.253712177276611,34.59669717737011,852.31640625,4,4,1.0,1.0,0.0,1.0,localized_defect,well_bound,same_training_family_challenge
localized_defects,6245bccdbf00799ca89a1193,localized_defect,truncated_line,9,1.0,inf,9,1.0,1.0,0.7640840006417533,0.034977782583114056,1.6227218639343768,0.09815803370117193,0.0037434470586233583,1.4355278015136719,10,0.31079214811325073,0.31040599942207336,6.798694133758545,30.60922622607533,693.5772705078125,4,4,1.0,1.0,1.0,1.0,localized_defect,well_bound,same_training_family_challenge
localized_defects,6245bccdbf00799ca89a1193,localized_defect,truncated_line,10,1.0,inf,10,1.0,1.0,0.761815462855329,0.03487393481060674,1.6012861506617746,0.08409780167008019,0.0028305748244565787,1.3541240692138672,9,0.3307444155216217,0.32949960231781006,4.785556316375732,19.52829229554267,232.6699981689453,4,4,1.0,1.0,1.0,1.0,localized_defect,well_bound,same_training_family_challenge
variable_uniform_resolution,e51b0c876b7609a9f8ab12c8,harmonic,truncated_line,0,1.0,inf,0,1.0,1.0,0.0,0.0,0.0,0.0,1.0,13.433314658073998,160,0.048993948847055435,0.048678986728191376,48.65324401855469,96.93569150306303,30334.205078125,4,4,1.0,1.0,1.0,1.0,other,well_bound,operator_covariance_or_resolution_challenge
variable_uniform_resolution,e51b0c876b7609a9f8ab12c8,harmonic,truncated_line,1,1.0,inf,1,1.0,1.0,0.02505216710268074,0.0018649281834266654,0.02505216710268074,0.010158749310579807,0.48986963170943226,6.691605161934305,80,0.08786965161561966,0.08769095689058304,48.96637725830078,109.09637339453411,30816.685546875,4,4,1.0,1.0,0.0,1.0,other,well_bound,operator_covariance_or_resolution_challenge
variable_uniform_resolution,e51b0c876b7609a9f8ab12c8,harmonic,truncated_line,2,1.0,inf,2,1.0,1.0,0.40153831978525945,0.029891231613778785,0.40382914197850517,0.17575442716152845,0.24494841509423276,2.2548999786376953,26,0.1175113171339035,0.1173507571220398,47.77687072753906,108.76691558079813,30532.4609375,4,4,1.0,1.0,0.0,1.0,other,well_bound,operator_covariance_or_resolution_challenge
variable_uniform_resolution,e51b0c876b7609a9f8ab12c8,harmonic,truncated_line,3,1.0,inf,3,1.0,1.0,0.4163536621980947,0.03099411223482719,0.638125884175823,0.14734094178001955,0.1313726140241334,1.8665056228637695,22,0.14228609204292297,0.1421775072813034,45.10469436645508,113.45771113238129,28768.615234375,4,4,1.0,1.0,0.0,1.0,other,well_bound,operator_covariance_or_resolution_challenge
variable_uniform_resolution,e51b0c876b7609a9f8ab12c8,harmonic,truncated_line,4,1.0,inf,4,1.0,1.0,0.4995973264539328,0.03719091967771732,0.7384480386698538,0.1052061151284138,0.07908895318354124,1.6045331954956055,19,0.16498766839504242,0.16474010050296783,39.95126724243164,111.32185167659316,24940.69140625,4,4,1.0,1.0,0.0,1.0,other,well_bound,operator_covariance_or_resolution_challenge
variable_uniform_resolution,e51b0c876b7609a9f8ab12c8,harmonic,truncated_line,5,1.0,inf,5,1.0,1.0,0.5051668840158237,0.0376055275167843,0.8217071188111487,0.08146298555027266,0.04650457895861797,1.425316333770752,17,0.18609441816806793,0.18593089282512665,29.6564998626709,94.01206245819438,17100.98828125,4,4,1.0,1.0,1.0,1.0,other,well_bound,operator_covariance_or_resolution_challenge
variable_uniform_resolution,e51b0c876b7609a9f8ab12c8,harmonic,truncated_line,6,1.0,inf,6,1.0,1.0,0.551657044591939,0.04106633832628714,0.8915612064725398,0.07243917438084557,0.027438893540073696,1.2841153144836426,15,0.20616519451141357,0.2055804580450058,21.144453048706055,77.19592611692873,10158.30859375,4,4,1.0,1.0,1.0,1.0,other,well_bound,operator_covariance_or_resolution_challenge
variable_uniform_resolution,e51b0c876b7609a9f8ab12c8,harmonic,truncated_line,7,1.0,inf,7,1.0,1.0,0.5156765230007582,0.038387883863854444,0.8896385142831336,0.07677661409529808,0.013360634803252669,1.1552858352661133,13,0.23066936433315277,0.22994498908519745,13.875448226928711,54.859478065940976,4364.25927734375,4,4,1.0,1.0,0.0,1.0,other,well_bound,operator_covariance_or_resolution_challenge
variable_uniform_resolution,e51b0c876b7609a9f8ab12c8,harmonic,truncated_line,8,1.0,inf,8,1.0,1.0,0.5611478244275894,0.04177284897367572,0.9873724841715803,0.07502794157928334,0.006655177465995617,1.0708246231079102,12,0.24716846644878387,0.2461737096309662,8.266510963439941,36.856730756894386,1235.2548828125,4,4,1.0,1.0,0.0,1.0,other,well_bound,operator_covariance_or_resolution_challenge
variable_uniform_resolution,e51b0c876b7609a9f8ab12c8,harmonic,truncated_line,9,1.0,inf,9,1.0,1.0,0.48126294140429643,0.03582607522075996,1.004696711454283,0.09698445400088401,0.0033641661866984653,0.9042749404907227,10,0.29324743151664734,0.29242292046546936,7.235378265380859,30.871343942888682,829.2757568359375,4,4,1.0,1.0,1.0,1.0,other,well_bound,operator_covariance_or_resolution_challenge
variable_uniform_resolution,e51b0c876b7609a9f8ab12c8,harmonic,truncated_line,10,1.0,inf,10,1.0,1.0,0.49627284190908655,0.036943439094594965,1.037938864464686,0.08896111708986726,0.002533504306270954,0.850588321685791,10,0.3108530342578888,0.30959218740463257,5.127166748046875,20.10694058779565,292.7694091796875,4,4,1.0,1.0,1.0,1.0,other,well_bound,operator_covariance_or_resolution_challenge
nonuniform_resolution,e51b0c876b7609a9f8ab12c8,harmonic,truncated_line,0,1.0,inf,0,1.0,1.0,0.0,0.0,0.0,0.0,1.0,13.433314658073998,144,0.050554703921079636,0.050321269780397415,47.87809371948242,94.15875517078092,29623.50390625,4,4,1.0,1.0,1.0,1.0,other,well_bound,operator_covariance_or_resolution_challenge
nonuniform_resolution,e51b0c876b7609a9f8ab12c8,harmonic,truncated_line,1,1.0,inf,1,1.0,1.0,0.024922467395649406,0.00185527310496445,0.024922467395649406,0.009372203875463891,0.4906588754458824,6.691734861641336,72,0.09051647782325745,0.09040066599845886,47.97170639038086,105.17929541748843,29967.509765625,4,4,1.0,1.0,0.0,1.0,other,well_bound,operator_covariance_or_resolution_challenge
nonuniform_resolution,e51b0c876b7609a9f8ab12c8,harmonic,truncated_line,2,1.0,inf,2,1.0,1.0,0.3960293778137735,0.029481136107814082,0.39899873928314233,0.1826833167335782,0.2401363988411345,2.2439584732055664,26,0.12136892974376678,0.12114661186933517,45.90093994140625,103.82194795512581,29180.96484375,4,4,1.0,1.0,0.0,1.0,other,well_bound,operator_covariance_or_resolution_challenge
nonuniform_resolution,e51b0c876b7609a9f8ab12c8,harmonic,truncated_line,3,1.0,inf,3,1.0,1.0,0.4141775791015118,0.030832120712111312,0.6362836879367091,0.15286065382102748,0.12557642067018465,1.8619775772094727,21,0.14690226316452026,0.14671485126018524,42.407257080078125,108.31235654612878,26845.833984375,4,4,1.0,1.0,0.0,1.0,other,well_bound,operator_covariance_or_resolution_challenge
nonuniform_resolution,e51b0c876b7609a9f8ab12c8,harmonic,truncated_line,4,1.0,inf,4,1.0,1.0,0.49660549801383896,0.036968202610765,0.7391015928297862,0.10988257591487986,0.07415783038764086,1.5997886657714844,18,0.17071060836315155,0.1706138551235199,36.54686737060547,106.40716882959619,22456.89453125,4,4,1.0,1.0,0.0,1.0,other,well_bound,operator_covariance_or_resolution_challenge
nonuniform_resolution,e51b0c876b7609a9f8ab12c8,harmonic,truncated_line,5,1.0,inf,5,1.0,1.0,0.5057639802483231,0.037649976429632526,0.8264607039352843,0.08376332003377578,0.043633926710085924,1.4239811897277832,16,0.19436128437519073,0.19362924993038177,25.457347869873047,87.98169740574184,13749.822265625,4,4,1.0,1.0,1.0,1.0,other,well_bound,operator_covariance_or_resolution_challenge
nonuniform_resolution,e51b0c876b7609a9f8ab12c8,harmonic,truncated_line,6,1.0,inf,6,1.0,1.0,0.5533865604185944,0.041195086581701214,0.9004957883572962,0.0743420126549543,0.02479574873009318,1.2840218544006348,14,0.2146773636341095,0.213811993598938,17.7572021484375,70.48266579108957,7445.388671875,4,4,1.0,1.0,1.0,1.0,other,well_bound,operator_covariance_or_resolution_challenge
nonuniform_resolution,e51b0c876b7609a9f8ab12c8,harmonic,truncated_line,7,1.0,inf,7,1.0,1.0,0.5165094365645592,0.03844988744115473,0.8921270306129454,0.0780060804842385,0.012115496130867376,1.1553258895874023,13,0.23976090550422668,0.23948463797569275,12.13604736328125,50.595668473098215,3220.332275390625,4,4,1.0,1.0,0.0,1.0,other,well_bound,operator_covariance_or_resolution_challenge
nonuniform_resolution,e51b0c876b7609a9f8ab12c8,harmonic,truncated_line,8,1.0,inf,8,1.0,1.0,0.5595942320175709,0.041657196772445934,0.9832267069233867,0.07588192784376041,0.006425890797322275,1.0691289901733398,12,0.25681838393211365,0.2560596764087677,7.59040641784668,34.624157106653456,976.2653198242188,4,4,1.0,1.0,0.0,1.0,other,well_bound,operator_covariance_or_resolution_challenge
nonuniform_resolution,e51b0c876b7609a9f8ab12c8,harmonic,truncated_line,9,1.0,inf,9,1.0,1.0,0.481964885324093,0.035878329183215506,1.0141294538255088,0.09741310821108995,0.0033417072536888037,0.903348445892334,10,0.3009220361709595,0.30043578147888184,6.800662040710449,29.581284951037468,696.596435546875,4,4,1.0,1.0,1.0,1.0,other,well_bound,operator_covariance_or_resolution_challenge
nonuniform_resolution,e51b0c876b7609a9f8ab12c8,harmonic,truncated_line,10,1.0,inf,10,1.0,1.0,0.49606616802755943,0.03692805392073522,1.0315108019447439,0.08942754087700157,0.0025777155953739203,0.8499755859375,10,0.31902626156806946,0.31801122426986694,4.884881496429443,19.411074852503248,250.9208221435547,4,4,1.0,1.0,1.0,1.0,other,well_bound,operator_covariance_or_resolution_challenge
changed_domain_same_physical_operator,e51b0c876b7609a9f8ab12c8,harmonic,truncated_line,0,1.0,inf,0,1.0,1.0,0.0,0.0,0.0,0.0,1.0,15.448311856785097,128,0.04945552721619606,0.04935912415385246,48.508033752441406,131.61489527775922,30711.447265625,4,4,1.0,1.0,0.0,1.0,other,well_bound,operator_covariance_or_resolution_challenge
changed_domain_same_physical_operator,e51b0c876b7609a9f8ab12c8,harmonic,truncated_line,1,1.0,inf,1,1.0,1.0,0.003850079700203013,0.0002492233284708069,0.003850079700203013,0.006360269836875265,0.4936451195690635,7.720305848692198,64,0.09133477509021759,0.09110646694898605,48.70381164550781,139.44340656960964,30756.794921875,4,4,1.0,1.0,0.0,1.0,other,well_bound,operator_covariance_or_resolution_challenge
changed_domain_same_physical_operator,e51b0c876b7609a9f8ab12c8,harmonic,truncated_line,2,1.0,inf,2,1.0,1.0,0.5216931415293184,0.0337702362799068,0.5336885990146321,0.12974081619345842,0.2723334837051173,2.4953513145446777,25,0.12826229631900787,0.12809859216213226,47.628170013427734,127.48258489191683,30535.31640625,4,4,1.0,1.0,0.0,1.0,other,well_bound,operator_covariance_or_resolution_challenge
changed_domain_same_physical_operator,e51b0c876b7609a9f8ab12c8,harmonic,truncated_line,3,1.0,inf,3,1.0,1.0,0.5147065093824837,0.033317977663456996,0.7793167970269477,0.09964277865063473,0.15433518215002956,2.0221400260925293,20,0.16157881915569305,0.16050884127616882,45.28573226928711,122.2148338000372,29026.505859375,4,4,1.0,1.0,0.0,1.0,other,well_bound,operator_covariance_or_resolution_challenge
changed_domain_same_physical_operator,e51b0c876b7609a9f8ab12c8,harmonic,truncated_line,4,1.0,inf,4,1.0,1.0,0.5985935888468805,0.03874815542281861,0.8866199511640018,0.07057626589515302,0.09198627448180845,1.7056379318237305,16,0.1928645670413971,0.19140572845935822,41.047950744628906,111.70543597029811,25902.546875,4,4,1.0,1.0,0.0,1.0,other,well_bound,operator_covariance_or_resolution_challenge
changed_domain_same_physical_operator,e51b0c876b7609a9f8ab12c8,harmonic,truncated_line,5,1.0,inf,5,1.0,1.0,0.595399667109217,0.03854140650634974,0.9658524234879327,0.05634459901758643,0.05128890348951257,1.5046730041503906,14,0.22305825352668762,0.2210681140422821,32.46115493774414,94.66902754154907,19378.908203125,4,4,1.0,1.0,1.0,1.0,other,well_bound,operator_covariance_or_resolution_challenge
changed_domain_same_physical_operator,e51b0c876b7609a9f8ab12c8,harmonic,truncated_line,6,1.0,inf,6,1.0,1.0,0.6592023296685982,0.04267147995067617,1.080053818617135,0.057238313667311615,0.023140193127766218,1.3602046966552734,13,0.2450755387544632,0.2436249703168869,22.228517532348633,72.17717568476459,11063.4033203125,4,4,1.0,1.0,1.0,1.0,other,well_bound,operator_covariance_or_resolution_challenge
changed_domain_same_physical_operator,e51b0c876b7609a9f8ab12c8,harmonic,truncated_line,7,1.0,inf,7,1.0,1.0,0.6496554613147725,0.04205349214447891,1.1419629446003356,0.06573948654614634,0.009286916253650771,1.2326459884643555,11,0.27063077688217163,0.26962482929229736,15.20773696899414,53.14934097379066,5310.486328125,4,4,1.0,1.0,0.0,1.0,other,well_bound,operator_covariance_or_resolution_challenge
changed_domain_same_physical_operator,e51b0c876b7609a9f8ab12c8,harmonic,truncated_line,8,1.0,inf,8,1.0,1.0,0.6992434183686032,0.04526341938530238,1.2672458141366483,0.07396566921081787,0.003183289106855381,1.1364688873291016,11,0.2881873846054077,0.2878260612487793,9.48160171508789,35.859592224945985,1759.11376953125,4,4,1.0,1.0,0.0,1.0,other,well_bound,operator_covariance_or_resolution_challenge
changed_domain_same_physical_operator,e51b0c876b7609a9f8ab12c8,harmonic,truncated_line,9,1.0,inf,9,1.0,1.0,0.61154884802446,0.039586775156656345,1.3091060490127213,0.09250627865370976,0.0013178946953470438,0.9512510299682617,9,0.3300427496433258,0.3296758532524109,8.974785804748535,32.02839708988149,1484.2410888671875,4,4,1.0,1.0,1.0,1.0,other,well_bound,operator_covariance_or_resolution_challenge
changed_domain_same_physical_operator,e51b0c876b7609a9f8ab12c8,harmonic,truncated_line,10,1.0,inf,10,1.0,1.0,0.6660900088853984,0.04311733314684757,1.4553424458606727,0.08835500783667449,0.001036024218940058,0.9007234573364258,9,0.34740397334098816,0.3469231426715851,6.06221866607666,20.62371522650026,481.9319763183594,4,4,1.0,1.0,1.0,1.0,other,well_bound,operator_covariance_or_resolution_challenge
controlled_smooth_perturbations,cc9f319b78e5907ca2bfc514,smooth_perturbed,truncated_line,0,1.0,inf,0,1.0,1.0,0.0,0.0,0.0,0.0,1.0,20.234558917112885,128,0.0515596941113472,0.05071418732404709,44.72107696533203,154.73725311890624,26205.251953125,4,4,1.0,1.0,0.0,1.0,other,well_bound,same_training_family_challenge
controlled_smooth_perturbations,cc9f319b78e5907ca2bfc514,smooth_perturbed,truncated_line,1,1.0,inf,1,1.0,1.0,1.5080202184475313,0.07452696273859273,1.5080202184475313,0.5735978305356031,0.3078128177302587,9.331206399976125,58,0.09354174882173538,0.09263881295919418,45.87139892578125,150.31271794266814,27846.5859375,4,4,1.0,1.0,0.0,1.0,other,well_bound,same_training_family_challenge
controlled_smooth_perturbations,cc9f319b78e5907ca2bfc514,smooth_perturbed,truncated_line,2,1.0,inf,2,1.0,1.0,0.6189506369868045,0.030588788197569362,0.7265581899946145,0.198276682876968,0.30036547308510614,3.761674404144287,28,0.13536617159843445,0.13198576867580414,43.952091217041016,124.93026054141393,27412.43359375,4,4,1.0,1.0,0.0,1.0,other,well_bound,same_training_family_challenge
controlled_smooth_perturbations,cc9f319b78e5907ca2bfc514,smooth_perturbed,truncated_line,3,1.0,inf,3,1.0,1.0,0.44373251602937364,0.02192943853370076,0.9673566610689657,0.24276577210764538,0.19715778618290802,2.7578811645507812,21,0.17042241990566254,0.16718558967113495,40.92679977416992,111.33493150520616,25631.923828125,4,4,1.0,1.0,0.0,1.0,other,well_bound,same_training_family_challenge
controlled_smooth_perturbations,cc9f319b78e5907ca2bfc514,smooth_perturbed,truncated_line,4,1.0,inf,4,1.0,1.0,0.45157158779850093,0.02231684859790026,0.7390757260075724,0.165634390445216,0.07784333464216808,2.301370620727539,16,0.20406538248062134,0.20070040225982666,36.214691162109375,101.8204816093275,22151.390625,4,4,1.0,1.0,0.0,1.0,other,well_bound,same_training_family_challenge
controlled_smooth_perturbations,cc9f319b78e5907ca2bfc514,smooth_perturbed,truncated_line,5,1.0,inf,5,1.0,1.0,0.5219242951322669,0.025793707551038443,1.2808146203151813,0.113521814211488,0.021739382739213275,2.079747200012207,14,0.2322205752134323,0.22856445610523224,25.091842651367188,83.78957257519345,13482.853515625,4,4,1.0,1.0,0.0,1.0,other,well_bound,same_training_family_challenge
controlled_smooth_perturbations,cc9f319b78e5907ca2bfc514,smooth_perturbed,truncated_line,6,1.0,inf,6,1.0,1.0,0.7273999748745741,0.035948397879797284,1.8909102997570564,0.06030058235724404,0.007539095300344578,1.8718957901000977,13,0.2558399438858032,0.25186142325401306,18.13566780090332,64.7579934085895,7737.3125,4,4,1.0,1.0,0.0,1.0,other,well_bound,same_training_family_challenge
controlled_smooth_perturbations,cc9f319b78e5907ca2bfc514,smooth_perturbed,truncated_line,7,1.0,inf,7,1.0,1.0,0.8564362401938135,0.042325421755030374,2.301393274949839,0.07034317019203155,0.0049289602743655125,1.6908884048461914,11,0.28400179743766785,0.27969855070114136,12.61037826538086,48.216191981621925,3515.111083984375,4,4,1.0,1.0,0.0,1.0,other,well_bound,same_training_family_challenge
controlled_smooth_perturbations,cc9f319b78e5907ca2bfc514,smooth_perturbed,truncated_line,8,1.0,inf,8,1.0,1.0,1.0043418699685112,0.049634977173587586,2.722464714424759,0.0894777639248221,0.004521330081855401,1.5957918167114258,11,0.29831212759017944,0.2948249280452728,7.762085914611816,33.697802445820415,1028.9522705078125,4,4,1.0,1.0,0.0,1.0,other,well_bound,same_training_family_challenge
controlled_smooth_perturbations,cc9f319b78e5907ca2bfc514,smooth_perturbed,truncated_line,9,1.0,inf,9,1.0,1.0,0.8761124434294661,0.043297827593786364,2.331952547312281,0.1270271201114213,0.002642605587964142,1.3867483139038086,10,0.31086283922195435,0.3070421516895294,7.024547576904297,29.989690740354035,761.6591186523438,4,4,1.0,1.0,1.0,1.0,other,well_bound,same_training_family_challenge
controlled_smooth_perturbations,cc9f319b78e5907ca2bfc514,smooth_perturbed,truncated_line,10,1.0,inf,10,1.0,1.0,0.7976500233293697,0.039420183390050406,1.700706255064417,0.08308546338004609,0.0023600340984951673,1.2850933074951172,10,0.33641552925109863,0.33142709732055664,4.815284252166748,18.508940813533822,237.63662719726562,4,4,1.0,1.0,1.0,1.0,other,well_bound,same_training_family_challenge
constant_potential_shift,3e9703fca63f4b9d8f6c235e,reflected_potential,truncated_line,0,1.0,inf,0,1.0,1.0,0.0,0.0,0.0,0.0,1.0,19.795438178747318,256,0.04368868097662926,0.04245706647634506,51.67168426513672,186.4953279654087,33998.08984375,4,4,1.0,1.0,0.0,1.0,other,well_bound,operator_covariance_or_resolution_challenge
constant_potential_shift,3e9703fca63f4b9d8f6c235e,reflected_potential,truncated_line,1,1.0,inf,1,1.0,1.0,1.0365084095067396,0.05236097327815409,1.0365084095067396,0.25770094319144443,0.12044198627934258,6.960851081579348,83,0.07254238426685333,0.07060384750366211,51.482303619384766,168.6754023733637,33721.390625,4,4,1.0,1.0,0.0,1.0,other,well_bound,operator_covariance_or_resolution_challenge
constant_potential_shift,3e9703fca63f4b9d8f6c235e,reflected_potential,truncated_line,2,1.0,inf,2,1.0,1.0,2.1039149375737924,0.10628281721152237,3.346155485257761,0.07876869000239643,0.015848750177357956,3.51369571685791,53,0.08591846376657486,0.08344981074333191,50.18470764160156,148.08952121306947,32913.35546875,4,4,1.0,1.0,0.0,1.0,other,well_bound,operator_covariance_or_resolution_challenge
constant_potential_shift,3e9703fca63f4b9d8f6c235e,reflected_potential,truncated_line,3,1.0,inf,3,1.0,1.0,2.485167306661747,0.1255424246849893,4.694572635188004,0.35761533021482317,0.022528273457778945,2.5501270294189453,38,0.09745197743177414,0.09484240412712097,47.931243896484375,136.76864931564813,31423.73046875,4,4,1.0,1.0,0.0,1.0,other,well_bound,operator_covariance_or_resolution_challenge
constant_potential_shift,3e9703fca63f4b9d8f6c235e,reflected_potential,truncated_line,4,1.0,inf,4,1.0,1.0,2.019476592704046,0.10201727157887247,3.2830259123658188,0.18210206341696134,0.025921004417792985,2.2461023330688477,32,0.10728128999471664,0.10486501455307007,43.41220474243164,125.84480117933717,28066.0,4,4,1.0,1.0,0.0,1.0,other,well_bound,operator_covariance_or_resolution_challenge
constant_potential_shift,3e9703fca63f4b9d8f6c235e,reflected_potential,truncated_line,5,1.0,inf,5,1.0,1.0,1.7179848226193648,0.08678690550350228,2.7815438929271012,0.13873303244796306,0.02384396956755339,2.000096321105957,28,0.11898088455200195,0.11669901013374329,34.57347869873047,102.45618394255094,21376.806640625,4,4,1.0,1.0,0.0,1.0,other,well_bound,operator_covariance_or_resolution_challenge
constant_potential_shift,3e9703fca63f4b9d8f6c235e,reflected_potential,truncated_line,6,1.0,inf,6,1.0,1.0,1.5093579577261753,0.07624776699040918,2.303606788504168,0.10659301423155498,0.02124611085693241,1.8434829711914062,25,0.12893173098564148,0.12687644362449646,26.537517547607422,84.0126947282237,14833.935546875,4,4,1.0,1.0,0.0,1.0,other,well_bound,operator_covariance_or_resolution_challenge
constant_potential_shift,3e9703fca63f4b9d8f6c235e,reflected_potential,truncated_line,7,1.0,inf,7,1.0,1.0,1.2023908087137154,0.060740802898953776,1.683146104752069,0.08651133718529165,0.012830564929631874,1.6463346481323242,22,0.14419569075107574,0.14223851263523102,18.138269424438477,61.417617723166984,7599.2158203125,4,4,1.0,1.0,0.0,1.0,other,well_bound,operator_covariance_or_resolution_challenge
constant_potential_shift,3e9703fca63f4b9d8f6c235e,reflected_potential,truncated_line,8,1.0,inf,8,1.0,1.0,0.9892621228668989,0.0499742472954696,1.4831027342541718,0.07634609098439259,0.009170745078419924,1.4736642837524414,21,0.15738339722156525,0.15568210184574127,10.977180480957031,41.88548244688331,2536.78564453125,4,4,1.0,1.0,0.0,1.0,other,well_bound,operator_covariance_or_resolution_challenge
constant_potential_shift,3e9703fca63f4b9d8f6c235e,reflected_potential,truncated_line,9,1.0,inf,9,1.0,1.0,0.6242970748442944,0.03153742135976304,1.1454359487013344,0.11056010071367091,0.004267718425850806,1.208418846130371,17,0.1919460892677307,0.18857179582118988,9.443745613098145,34.428299235937615,1701.9920654296875,4,4,1.0,1.0,0.0,1.0,other,well_bound,operator_covariance_or_resolution_challenge
constant_potential_shift,3e9703fca63f4b9d8f6c235e,reflected_potential,truncated_line,10,1.0,inf,10,1.0,1.0,0.5476944493366894,0.02766771032755933,1.3663889440340293,0.10484850211827262,0.003139308692510001,1.1656169891357422,16,0.20359571278095245,0.19959920644760132,6.458605766296387,22.96885278288683,581.8960571289062,4,4,1.0,1.0,1.0,1.0,other,well_bound,operator_covariance_or_resolution_challenge
valid_spatial_reflection,3e9703fca63f4b9d8f6c235e,reflected_potential,truncated_line,0,1.0,inf,0,1.0,1.0,0.0,0.0,0.0,0.0,1.0,19.795438178747318,256,0.0448438934981823,0.043593086302280426,51.15071105957031,203.57332046877468,33566.65234375,4,4,1.0,1.0,0.0,1.0,other,well_bound,operator_covariance_or_resolution_challenge
valid_spatial_reflection,3e9703fca63f4b9d8f6c235e,reflected_potential,truncated_line,1,1.0,inf,1,1.0,1.0,0.9411878188026366,0.04754569261382201,0.9411878188026366,0.2899079154717602,0.11579471358381088,6.865530490875244,82,0.0739130824804306,0.07191415131092072,50.5252799987793,178.71002759212138,32999.9609375,4,4,1.0,1.0,0.0,1.0,other,well_bound,operator_covariance_or_resolution_challenge
valid_spatial_reflection,3e9703fca63f4b9d8f6c235e,reflected_potential,truncated_line,2,1.0,inf,2,1.0,1.0,2.0399704702980337,0.10305255442580588,3.3129844192423787,0.09278172451110245,0.01922190312285188,3.575242519378662,54,0.08780710399150848,0.08528058230876923,47.80651092529297,148.5368183221227,31236.986328125,4,4,1.0,1.0,0.0,1.0,other,well_bound,operator_covariance_or_resolution_challenge
valid_spatial_reflection,3e9703fca63f4b9d8f6c235e,reflected_potential,truncated_line,3,1.0,inf,3,1.0,1.0,2.4840811825103777,0.12548755728869518,4.73222142390895,0.36563484005917196,0.025020281120233134,2.5697474479675293,38,0.09818076342344284,0.0956830382347107,44.64490509033203,145.0637451188379,29135.07421875,4,4,1.0,1.0,0.0,1.0,other,well_bound,operator_covariance_or_resolution_challenge
valid_spatial_reflection,3e9703fca63f4b9d8f6c235e,reflected_potential,truncated_line,4,1.0,inf,4,1.0,1.0,1.95561366458234,0.09879112788126693,3.2486637071292446,0.1887802560143557,0.024831181881088127,2.2292637825012207,31,0.10860961675643921,0.106082983314991,38.704063415527344,133.0676146602286,24682.630859375,4,4,1.0,1.0,0.0,1.0,other,well_bound,operator_covariance_or_resolution_challenge
valid_spatial_reflection,3e9703fca63f4b9d8f6c235e,reflected_potential,truncated_line,5,1.0,inf,5,1.0,1.0,1.7073772651024204,0.08625104681620467,2.7637236455457517,0.1373976129816176,0.02184200842698858,1.9980740547180176,27,0.12073498219251633,0.1180710420012474,29.60289192199707,109.11087390847277,17419.333984375,4,4,1.0,1.0,0.0,1.0,other,well_bound,operator_covariance_or_resolution_challenge
valid_spatial_reflection,3e9703fca63f4b9d8f6c235e,reflected_potential,truncated_line,6,1.0,inf,6,1.0,1.0,1.4990000159599794,0.0757245180644361,2.3091749268955235,0.1067659875966988,0.019170716390053966,1.8352923393249512,25,0.1302313655614853,0.1280449479818344,20.86119270324707,91.37533001355085,10076.4609375,4,4,1.0,1.0,0.0,1.0,other,well_bound,operator_covariance_or_resolution_challenge
valid_spatial_reflection,3e9703fca63f4b9d8f6c235e,reflected_potential,truncated_line,7,1.0,inf,7,1.0,1.0,1.1417094086066408,0.05767537946355728,1.6295687925513833,0.08642678889668692,0.012361962439222052,1.6292452812194824,22,0.14785538613796234,0.14521510899066925,14.159699440002441,64.30913950269704,4549.4794921875,4,4,1.0,1.0,0.0,1.0,other,well_bound,operator_covariance_or_resolution_challenge
valid_spatial_reflection,3e9703fca63f4b9d8f6c235e,reflected_potential,truncated_line,8,1.0,inf,8,1.0,1.0,0.9579817203409274,0.04839406491993853,1.4398379792739449,0.08014927880553693,0.011578812096714186,1.463470458984375,20,0.16028165817260742,0.1580246537923813,8.78344440460205,42.02565238482724,1416.60693359375,4,4,1.0,1.0,0.0,1.0,other,well_bound,operator_covariance_or_resolution_challenge
valid_spatial_reflection,3e9703fca63f4b9d8f6c235e,reflected_potential,truncated_line,9,1.0,inf,9,1.0,1.0,0.6340744458106294,0.03203134177102386,1.1678307167313617,0.11155049006202385,0.004193164694048207,1.192305564880371,17,0.19517996907234192,0.191195547580719,8.156271934509277,35.67820646818636,1147.057861328125,4,4,1.0,1.0,0.0,1.0,other,well_bound,operator_covariance_or_resolution_challenge
valid_spatial_reflection,3e9703fca63f4b9d8f6c235e,reflected_potential,truncated_line,10,1.0,inf,10,1.0,1.0,0.542861059345283,0.02742354346710581,1.4142332430816387,0.10682536936246115,0.002582400483441256,1.1546430587768555,15,0.20671164989471436,0.20203065872192383,5.465823173522949,22.915170846164173,348.135009765625,4,4,1.0,1.0,1.0,1.0,other,well_bound,operator_covariance_or_resolution_challenge
