category,output_route,state,hamiltonians,fidelity_mean,fidelity_median,fidelity_p90,fidelity_p95,fidelity_worst,h1_relative_mean,h1_relative_median,h1_relative_p90,h1_relative_p95,h1_relative_worst,energy_abs_error_mean,energy_abs_error_median,energy_abs_error_p90,energy_abs_error_p95,energy_abs_error_worst,independent_residual_head_mean,independent_residual_head_median,independent_residual_head_p90,independent_residual_head_p95,independent_residual_head_worst,density_integrated_absolute_error_mean,density_integrated_absolute_error_median,density_integrated_absolute_error_p90,density_integrated_absolute_error_p95,density_integrated_absolute_error_worst,persistent_node_correct_mean,persistent_node_correct_median,persistent_node_correct_p90,persistent_node_correct_p95,persistent_node_correct_worst,node_position_mae_normalized_mean,node_position_mae_normalized_median,node_position_mae_normalized_p90,node_position_mae_normalized_p95,node_position_mae_normalized_worst,gram_max_error_mean,gram_max_error_median,gram_max_error_p90,gram_max_error_p95,gram_max_error_worst,boundary_error_mean,boundary_error_median,boundary_error_p90,boundary_error_p95,boundary_error_worst,gap_error_mean,gap_error_median,gap_error_p90,gap_error_p95,gap_error_worst
ID_test,direct_topology,0,135,0.9307222790380487,0.9776740232702045,0.9946724731957866,0.9957189411090579,0.22570854286560152,0.2901620623444744,0.2296888525820163,0.5783080382250876,0.6640773216069755,0.9882633708986678,33.603677333308184,0.027612354205653,0.26807751083393233,0.5681157531015759,2371.4192426258746,0.3161249965666965,0.2658285877393853,0.6808947561969856,0.8943900384621029,0.9995536200875689,0.2949565829167707,0.19992999356983712,0.5851299106623851,0.8534697128443651,1.5596456449505782,1.0,1.0,1.0,1.0,1.0,0.0,0.0,0.0,0.0,0.0,0.24903064090354815,0.1620123720331235,0.6647600997522748,0.8808361195628168,0.9421239781023353,0.0,0.0,0.0,0.0,0.0,,,,,
ID_test,direct_topology,1,135,0.8509100551684532,0.964637657266588,0.9961237442018601,0.997683485599833,0.1394053541945313,0.3587538240436246,0.2342604530096701,0.8220691037187752,0.9486221155602095,1.2651272557188449,33.68348955796246,0.0656999108539203,0.5089063380818869,0.704454842408811,2372.103408117641,0.2724039527987874,0.19939859584275502,0.6235337072826527,0.8781185359022076,0.9997642928423596,0.420733251823299,0.27503670070552455,1.0172117692209524,1.1833363887242299,1.7531544564413686,0.9629629629629629,1.0,1.0,1.0,0.0,0.015620742418106664,0.005337851364022326,0.040840971671286676,0.08100208947181142,0.11075956234322858,0.24903064090354815,0.1620123720331235,0.6647600997522748,0.8808361195628168,0.9421239781023353,0.0,0.0,0.0,0.0,0.0,0.1267210169450576,0.06217154687211912,0.3139720271677115,0.3949961949097252,0.9839384861508336
ID_test,direct_topology,2,135,0.8664379190768513,0.9611988342065684,0.9953302703120593,0.9957636255211282,0.022951012127703577,0.34122416927984295,0.2469678646241533,0.7909068002693962,0.8793797569330037,1.3153195405117244,33.74638085745,0.10542074124078615,0.5888654816740037,0.8263375744747832,2372.2265966499044,0.2624854999357715,0.16590525587450314,0.7140010579483137,0.7997271932896723,0.99980058582455,0.38201944649099634,0.29936363894094425,0.8128102094621249,1.027089138270119,1.6674066091641255,0.9629629629629629,1.0,1.0,1.0,0.0,0.01158066320440174,0.004427663982159406,0.028323533663231787,0.05336598065067246,0.086250540102657,0.24903064090354815,0.1620123720331235,0.6647600997522748,0.8808361195628168,0.9421239781023353,0.0,0.0,0.0,0.0,0.0,0.17836564398177182,0.0690426974046966,0.661734973595348,0.8719971432892241,1.4213919978378229
ID_test,direct_topology,3,135,0.8603990879059762,0.9621095953044863,0.9961502174437816,0.9974010792247909,0.08809661510580126,0.34747586473245845,0.21126458129722855,0.8181940290604061,0.8896805743056578,1.2364301880710915,33.913008400014384,0.12466227179012224,1.066291171118693,1.9411492017361407,2372.2681011434474,0.23838468811725558,0.12362994192484134,0.7008609382737133,0.8481840698261031,0.9998156389606515,0.37278510150817795,0.26878518244725497,0.7748074183052475,0.9184724005832996,1.5318541898581874,0.9629629629629629,1.0,1.0,1.0,0.0,0.012550504007894607,0.00356460163174577,0.04023830597194014,0.07537485412747628,0.0906308327622713,0.24903064090354815,0.1620123720331235,0.6647600997522748,0.8808361195628168,0.9421239781023353,0.0,0.0,0.0,0.0,0.0,0.2393596458846345,0.09491680633975719,0.5636832299760125,0.9014098963172027,2.7688184975728607
ID_test,direct_topology,4,135,0.8662755158501336,0.9771021628655309,0.9971772249267487,0.9976451843343788,0.01461358962607912,0.3083849357267972,0.17415556697929196,0.7420155632284084,0.8927647535022143,1.3232952587972662,34.0618530662602,0.17131477211061696,0.8450148630651061,2.962386482976389,2372.2861356643443,0.19143215918684292,0.10251131172373103,0.6054461845302999,0.808885892004245,0.9998543685881804,0.3493839290415252,0.2073510961720096,0.8243463995106307,1.0107530286518784,1.275337630387995,0.9629629629629629,1.0,1.0,1.0,0.0,0.011906786375323341,0.0029987376922950364,0.03599180507097456,0.0818708170435923,0.10447713712641658,0.24903064090354815,0.1620123720331235,0.6647600997522748,0.8808361195628168,0.9421239781023353,0.0,0.0,0.0,0.0,0.0,0.3033683363189724,0.13685220071416637,0.441324156832147,0.6826372815113471,4.53590987227815
ID_test,direct_topology,5,135,0.8774164214205726,0.9807034241533382,0.996489145849632,0.9973439484326999,0.0031039884913556005,0.3085410739723594,0.15147913092653786,0.7541058385048354,0.8877223146895528,2.108052212011376,34.374799281782366,0.19564393375069722,1.2285141111075544,4.495792865709612,2372.2949917661813,0.17017092464256728,0.09157010157141536,0.3917661949281684,0.6922189724801523,0.9998860054522825,0.3198752869781129,0.20520502696786921,0.6559137575929459,0.810542231657655,1.6840270798095025,0.8888888888888888,1.0,1.0,1.0,0.0,0.021026368341587907,0.002352156132121914,0.07498252062224477,0.1321975068403638,0.2205764168540608,0.24903064090354815,0.1620123720331235,0.6647600997522748,0.8808361195628168,0.9421239781023353,0.0,0.0,0.0,0.0,0.0,0.40516109936529365,0.10337981349999659,0.6113276263067504,1.0903481344771775,6.906722616450622
ID_test,direct_topology,6,135,0.8786984915952395,0.9777526165591145,0.9940823321691075,0.9942440564511632,0.002972406156091149,0.3018729436249066,0.16076506509051897,0.7871373199593551,0.895450546594004,1.9356122416934185,34.688622361653046,0.20645380402284452,1.8805223547724321,6.323320643786839,2372.2999009408354,0.1634265954481177,0.1070357219604639,0.44710455011242184,0.6925944574579391,0.9999074710467933,0.3197577089955006,0.1896083720221537,0.6922254431925965,0.8562993846171468,1.7613140596275536,0.8888888888888888,1.0,1.0,1.0,0.0,0.018731804707038644,0.0024819335397412525,0.06691094559394359,0.11621937846874593,0.19533132505245104,0.24903064090354815,0.1620123720331235,0.6647600997522748,0.8808361195628168,0.9421239781023353,0.0,0.0,0.0,0.0,0.0,0.5000264305451229,0.17960673421667828,0.6635296258347769,0.9638145635958398,8.463824573060968
ID_test,direct_topology,7,135,0.8925930649795389,0.9835485313207921,0.99287848251506,0.9934950401285781,0.012302620276737437,0.2660720757063082,0.14128402923266944,0.6844647507693261,0.8441072272319546,1.3334864475216657,35.25279814482536,0.27870535709535105,2.7941721888733047,9.28837419393793,2372.3025601575814,0.17381153734017393,0.09567621578211968,0.4928015583923734,0.6844786875728304,0.9999238687314632,0.2948199968643047,0.18810613365441908,0.6306957894788539,0.8758645953865916,1.1283431770143042,0.8888888888888888,1.0,1.0,1.0,0.0,0.017924586483898598,0.0019447219882326398,0.061189095700224294,0.11348920841085287,0.1897647639782108,0.24903064090354815,0.1620123720331235,0.6647600997522748,0.8808361195628168,0.9421239781023353,0.0,0.0,0.0,0.0,0.0,0.6450668882169684,0.16529639176014754,1.097078287479714,2.4074672087316493,10.682171948546191
ID_test,direct_topology,8,135,0.897583751042435,0.9857247617827614,0.9937852991938617,0.9949779609556548,0.005054229779787274,0.27026012863246296,0.13052702422037415,0.7025592336570919,0.8329732912582326,1.5807924879481559,35.79684333499274,0.32251904582313307,3.5638279513126854,11.6508993811272,2372.303769231705,0.18111116387213566,0.09718704179366844,0.5163464484574465,0.6866629024660053,0.9999278495744527,0.30157896907824594,0.17598403347374406,0.7111431224759461,0.8368713524799106,1.5370677894963138,0.8888888888888888,1.0,1.0,1.0,0.0,0.016796500220600467,0.001779453362985721,0.05657134002934128,0.10887116168406456,0.18396488617740897,0.24903064090354815,0.1620123720331235,0.6647600997522748,0.8808361195628168,0.9421239781023353,0.0,0.0,0.0,0.0,0.0,0.6790497098400922,0.2365259374777633,0.789581380508044,1.9784884613222895,11.986768019726778
ID_test,direct_topology,9,135,0.890520004186641,0.9799070727223361,0.9942014463220211,0.9951337865676333,0.012422383002948987,0.26993139038756125,0.1441980298240872,0.7227480778809419,0.8573004430689144,1.3339277288463502,36.863212297877766,0.36264217163075907,8.26008427782192,18.986176143944604,2372.3038338637084,0.20840919596346996,0.11087758466176224,0.5603427177503337,0.705357624776141,0.9999422312520513,0.3070160492818219,0.19929124479870214,0.6761050177287813,0.8118386531373577,1.2088583191254094,0.8888888888888888,1.0,1.0,1.0,0.0,0.01588013147648371,0.0018929175094805329,0.05347320163032451,0.10166097466168585,0.16766599718496245,0.24903064090354815,0.1620123720331235,0.6647600997522748,0.8808361195628168,0.9421239781023353,0.0,0.0,0.0,0.0,0.0,1.1655644152738573,0.19687946794041578,3.616938120814492,7.4050222142450455,14.520265487360646
ID_test,direct_topology,10,135,0.8710832952055699,0.9732995783932159,0.989691177952509,0.9906586900331037,0.018686729226175536,0.3119571243037376,0.18359262594225015,0.9144753901302785,1.030008259028011,1.3134796450045376,38.21149311561501,0.3908876107852941,8.132452383777956,36.78386930170147,2372.3030660025624,0.23720743944984238,0.11052173817015029,0.6086238203181904,0.8324833313098736,0.9999441543963534,0.32618745414194134,0.2178575604071306,0.7664685554562468,0.8919195367900747,1.244727772537248,0.8888888888888888,1.0,1.0,1.0,0.0,0.020898582056581766,0.0021623844535290015,0.08828338628717654,0.14868691787628127,0.22129400982047026,0.24903064090354815,0.1620123720331235,0.6647600997522748,0.8808361195628168,0.9421239781023353,0.0,0.0,0.0,0.0,0.0,1.4788124217350314,0.22674965196589003,2.337833377832273,12.801983361313317,21.99281441747195
ID_test,hybrid,0,135,0.9307683966128608,0.9776740232702045,0.9946724731957866,0.9957189411090579,0.22570854286560152,0.28785033649698544,0.2296888525820163,0.5783080382250876,0.6640773216069755,0.9882633708986678,33.60367577205562,0.027612354205653,0.26807751083393233,0.5681157531015759,2371.4192426258746,0.29949311914483084,0.2320175661716091,0.6808947561969856,0.8943900384621029,0.9995536200875689,0.29327126569596634,0.19992999356983712,0.5851299106623851,0.8534697128443651,1.5596456449505782,1.0,1.0,1.0,1.0,1.0,0.0,0.0,0.0,0.0,0.0,0.24712221795557116,0.1620123720331235,0.6647600997522748,0.8808361195628168,0.9421239781023353,0.0,0.0,0.0,0.0,0.0,,,,,
ID_test,hybrid,1,135,0.8509947961694945,0.964637657266588,0.9961237442018601,0.9981261587832471,0.1394053541945313,0.35635468433511425,0.2342604530096701,0.8220691037187752,0.9486221155602095,1.2651272557188449,33.68315571455465,0.0656999108539203,0.5089063380818869,0.704454842408811,2372.103408117641,0.2662059474374381,0.18778180967391148,0.6235337072826527,0.8781185359022076,0.9997642928423596,0.4182653739749662,0.27503670070552455,1.0172117692209524,1.1833363887242299,1.7531544564413686,0.9629629629629629,1.0,1.0,1.0,0.0,0.015608864898767784,0.005337851364022326,0.040840971671286676,0.08100208947181142,0.11075956234322858,0.24712221795557116,0.1620123720331235,0.6647600997522748,0.8808361195628168,0.9421239781023353,0.0,0.0,0.0,0.0,0.0,0.1263841835364723,0.06217154687211912,0.3139720271677115,0.3949961949097252,0.9839384861508336
ID_test,hybrid,2,135,0.8666069670041803,0.9611988342065684,0.9957636014866602,0.997262703806754,0.022951012127703577,0.3387739333565718,0.2469678646241533,0.7909068002693962,0.8793797569330037,1.3153195405117244,33.74545862061007,0.10542074124078615,0.5888654816740037,0.8263375744747832,2372.2265966499044,0.2595727688073248,0.16590525587450314,0.7140010579483137,0.7997271932896723,0.99980058582455,0.37945263841205223,0.29936363894094425,0.8128102094621249,1.027089138270119,1.6674066091641255,0.9629629629629629,1.0,1.0,1.0,0.0,0.011399952629082407,0.00415503548420663,0.028323533663231787,0.05336598065067246,0.086250540102657,0.24712221795557116,0.1620123720331235,0.6647600997522748,0.8808361195628168,0.9421239781023353,0.0,0.0,0.0,0.0,0.0,0.17777725043927017,0.0690426974046966,0.661734973595348,0.8719971432892241,1.4213919978378229
ID_test,hybrid,3,135,0.8605491420176082,0.9621095953044863,0.9974010008148705,0.9984000550710552,0.08809661510580126,0.34492741770055413,0.21126458129722855,0.8181940290604061,0.8896805743056578,1.2364301880710915,33.91161273738875,0.12466227179012224,1.066291171118693,1.9411492017361407,2372.2681011434474,0.23610467124624307,0.12362994192484134,0.7008609382737133,0.8481840698261031,0.9998156389606515,0.3702157486558571,0.26878518244725497,0.7748074183052475,0.9184724005832996,1.5318541898581874,0.9629629629629629,1.0,1.0,1.0,0.0,0.012444241509371682,0.003184446013906692,0.04023830597194014,0.07537485412747628,0.0906308327622713,0.24712221795557116,0.1620123720331235,0.6647600997522748,0.8808361195628168,0.9421239781023353,0.0,0.0,0.0,0.0,0.0,0.23889473345598372,0.09491680633975719,0.5636832299760125,0.9014098963172027,2.7688184975728607
ID_test,hybrid,4,135,0.8664552700634237,0.9771021628655309,0.9973951655887217,0.9978323897299473,0.01461358962607912,0.3059935031870269,0.17415556697929196,0.7420155632284084,0.8927647535022143,1.3232952587972662,34.06056853970723,0.17131477211061696,0.8450148630651061,2.962386482976389,2372.2861356643443,0.1897457803946767,0.10251131172373103,0.6054461845302999,0.808885892004245,0.9998543685881804,0.3463954323489607,0.2073510961720096,0.8243463995106307,1.0107530286518784,1.275337630387995,0.9629629629629629,1.0,1.0,1.0,0.0,0.011781752164795642,0.002702607003707382,0.03599180507097456,0.0818708170435923,0.10447713712641658,0.24712221795557116,0.1620123720331235,0.6647600997522748,0.8808361195628168,0.9421239781023353,0.0,0.0,0.0,0.0,0.0,0.30329301547467535,0.13685220071416637,0.441324156832147,0.6826372815113471,4.53590987227815
ID_test,hybrid,5,135,0.8776509245214015,0.9807034241533382,0.9971830359871756,0.9984999103725891,0.0031039884913556005,0.3057914113858375,0.15147913092653786,0.7541058385048354,0.8877223146895528,2.108052212011376,34.37441418823331,0.19564393375069722,1.2285141111075544,4.495792865709612,2372.2949917661813,0.1688277433143009,0.09157010157141536,0.3917661949281684,0.6922189724801523,0.9998860054522825,0.3167600930158726,0.20520502696786921,0.6559137575929459,0.810542231657655,1.6840270798095025,0.8888888888888888,1.0,1.0,1.0,0.0,0.020901730995952397,0.0020600064262925265,0.07498252062224477,0.1321975068403638,0.2205764168540608,0.24712221795557116,0.1620123720331235,0.6647600997522748,0.8808361195628168,0.9421239781023353,0.0,0.0,0.0,0.0,0.0,0.4043659230711788,0.10337981349999659,0.6113276263067504,1.0903481344771775,6.906722616450622
ID_test,hybrid,6,135,0.8790349196106912,0.9777526165591145,0.994236779545182,0.9947686118787146,0.002972406156091149,0.2987554969871655,0.16076506509051897,0.7871373199593551,0.895450546594004,1.9356122416934185,34.68816505381462,0.20645380402284452,1.8805223547724321,6.323320643786839,2372.2999009408354,0.16219279575788456,0.1070357219604639,0.44710455011242184,0.6925944574579391,0.9999074710467933,0.31578513266212566,0.1896083720221537,0.6922254431925965,0.8562993846171468,1.7613140596275536,0.8888888888888888,1.0,1.0,1.0,0.0,0.01859738092498802,0.0022381104805101392,0.06691094559394359,0.11621937846874593,0.19533132505245104,0.24712221795557116,0.1620123720331235,0.6647600997522748,0.8808361195628168,0.9421239781023353,0.0,0.0,0.0,0.0,0.0,0.49995421625575487,0.17960673421667828,0.6635296258347769,0.9638145635958398,8.463824573060968
ID_test,hybrid,7,135,0.8928392367809769,0.9835485313207921,0.9928981777776195,0.9964643837959162,0.012302620276737437,0.2635324262282998,0.14128402923266944,0.6844647507693261,0.8441072272319546,1.3334864475216657,35.25303047931554,0.27870535709535105,2.7941721888733047,9.28837419393793,2372.3025601575814,0.1728546125983829,0.09567621578211968,0.4928015583923734,0.6844786875728304,0.9999238687314632,0.2918713179285745,0.18810613365441908,0.6306957894788539,0.8758645953865916,1.1283431770143042,0.8888888888888888,1.0,1.0,1.0,0.0,0.01783771926030883,0.0018446167731911572,0.061189095700224294,0.11348920841085287,0.1897647639782108,0.24712221795557116,0.1620123720331235,0.6647600997522748,0.8808361195628168,0.9421239781023353,0.0,0.0,0.0,0.0,0.0,0.6445565055646857,0.16529639176014754,1.097078287479714,2.4074672087316493,10.682171948546191
ID_test,hybrid,8,135,0.8979448375363699,0.9857247617827614,0.9943442753361887,0.9955394831195594,0.005054229779787274,0.2673262121801312,0.13052702422037415,0.7025592336570919,0.8329732912582326,1.5807924879481559,35.79611340150127,0.32251904582313307,3.5638279513126854,11.6508993811272,2372.303769231705,0.18007472059977084,0.09718704179366844,0.5163464484574465,0.6866629024660053,0.9999278495744527,0.2977705125034567,0.17598403347374406,0.7111431224759461,0.8368713524799106,1.5370677894963138,0.8888888888888888,1.0,1.0,1.0,0.0,0.016690797516501793,0.0015257855215409764,0.05657134002934128,0.10887116168406456,0.18396488617740897,0.24712221795557116,0.1620123720331235,0.6647600997522748,0.8808361195628168,0.9421239781023353,0.0,0.0,0.0,0.0,0.0,0.6780874418584569,0.2365259374777633,0.789581380508044,1.9784884613222895,11.986768019726778
ID_test,hybrid,9,135,0.8906779306399395,0.9799070727223361,0.994645174497809,0.9979480809108227,0.012422383002948987,0.26838914177563017,0.1441980298240872,0.7227480778809419,0.8573004430689144,1.3339277288463502,36.8615457785008,0.36264217163075907,8.26008427782192,18.986176143944604,2372.3038338637084,0.207568710585668,0.11087758466176224,0.5603427177503337,0.705357624776141,0.9999422312520513,0.3055570314964617,0.19929124479870214,0.6761050177287813,0.8118386531373577,1.2088583191254094,0.8888888888888888,1.0,1.0,1.0,0.0,0.015839586648661124,0.0018929175094805329,0.05347320163032451,0.10166097466168585,0.16766599718496245,0.24712221795557116,0.1620123720331235,0.6647600997522748,0.8808361195628168,0.9421239781023353,0.0,0.0,0.0,0.0,0.0,1.1646278293883503,0.19687946794041578,3.616938120814492,7.4050222142450455,14.520265487360646
ID_test,hybrid,10,135,0.8713453308055154,0.9732995783932159,0.989691177952509,0.9910614703625092,0.018686729226175536,0.3101554413489989,0.18359262594225015,0.9144753901302785,1.030008259028011,1.3134796450045376,38.20850389764491,0.3908876107852941,8.132452383777956,36.78386930170147,2372.3030660025624,0.23631647082739823,0.11052173817015029,0.6086238203181904,0.8324833313098736,0.9999441543963534,0.3240144451564065,0.2178575604071306,0.7664685554562468,0.8919195367900747,1.244727772537248,0.8888888888888888,1.0,1.0,1.0,0.0,0.02084473428613212,0.0019904986385957135,0.08828338628717654,0.14868691787628127,0.22129400982047026,0.24712221795557116,0.1620123720331235,0.6647600997522748,0.8808361195628168,0.9421239781023353,0.0,0.0,0.0,0.0,0.0,1.4774897231418918,0.22674965196589003,2.337833377832273,12.801983361313317,21.99281441747195
ID_test,initial_ritz,0,135,0.9851949598778453,0.9997110100519073,0.9999794805469713,0.999983690036144,0.38714827445201827,0.10920740807602548,0.050868397918805985,0.2620377524159253,0.42663254287032915,0.9343826063411415,0.033956521465780654,0.0015149920029465802,0.0615995968436643,0.11697880318933351,0.7784900869567455,0.24875936330170728,0.13876792243216993,0.6017180246119159,0.8870223673378081,0.9784380555563288,0.06633080214105865,0.019174875473161566,0.1329880120003638,0.19134529507086392,1.3699676937098126,0.21481481481481482,0.0,1.0,1.0,0.0,0.0,0.0,0.0,0.0,0.0,1.8807785577115814e-05,1.5954659878802957e-06,2.9555823783567068e-05,0.00012560082566915868,0.0003081981918837684,0.0,0.0,0.0,0.0,0.0,,,,,
ID_test,initial_ritz,1,135,0.9768060535100324,0.9995158405051174,0.9999047935521275,0.9999369972606519,0.3315298877498784,0.11881481926829841,0.05881091588746875,0.25900012060746896,0.4155721091992176,0.9842401445480391,0.01822516307857394,0.002447402253431319,0.06452345696049157,0.09300081729961256,0.2846803047319959,0.220302988170694,0.1335302154635277,0.6123965729565716,0.8775492328087338,0.9419846483527112,0.08442578529823708,0.023831191978553067,0.13993890949727664,0.3036783625726824,1.2550206031592646,0.25925925925925924,0.0,1.0,1.0,0.0,0.0005411281352261211,0.0006676733895116355,0.000680022708523461,0.0007351862184811468,0.0007903497284388328,1.8807785577115814e-05,1.5954659878802957e-06,2.9555823783567068e-05,0.00012560082566915868,0.0003081981918837684,0.0,0.0,0.0,0.0,0.0,0.02406397927224567,0.0016802200686363289,0.026544845717521297,0.09806149225563601,0.6145226649722133
ID_test,initial_ritz,2,135,0.9611669629771974,0.9995468285829173,0.9997816632816601,0.9998410395125122,0.19637209823967658,0.13217537669555265,0.055138970781142514,0.3024270954735815,0.5429125740979905,1.0643141457650442,0.022059359058326938,0.0024214547913155027,0.06243457295704791,0.12241073828082415,0.45249732875790194,0.21969231365275718,0.12126938740802688,0.7301227985556695,0.8756204337927419,0.9600575146407979,0.11304263459972011,0.02614617393836237,0.1776484601472461,0.6017585841949334,1.4941293244806615,0.4444444444444444,0.0,1.0,1.0,0.0,0.006644444819157545,0.00036193779557127287,0.0011211904190332929,0.03886143008375699,0.10950712600369299,1.8807785577115814e-05,1.5954659878802957e-06,2.9555823783567068e-05,0.00012560082566915868,0.0003081981918837684,0.0,0.0,0.0,0.0,0.0,0.013673151461936728,0.00157628034072832,0.03474380084147336,0.07022727045383563,0.28852990677336976
ID_test,initial_ritz,3,135,0.9517368273521725,0.9991672248729978,0.9997021562727867,0.9998291477535494,0.17773662630669917,0.14861250825379138,0.0629317766554119,0.27285219107420255,0.8394159540626912,1.0796562460313321,0.02372097730878336,0.003755694684243416,0.05026234604526902,0.1533275488000549,0.27317388000600396,0.1964737664419263,0.08677845760483856,0.6669442192368099,0.8502492342935672,0.9538255155091792,0.12355490739880716,0.03754526553471298,0.20755811025297477,0.8526857115890981,1.297398328421076,0.5185185185185185,1.0,1.0,1.0,0.0,0.0004080358248845577,0.0001503322670521763,0.0016397889713908765,0.00163980324657673,0.0016398377233694588,1.8807785577115814e-05,1.5954659878802957e-06,2.9555823783567068e-05,0.00012560082566915868,0.0003081981918837684,0.0,0.0,0.0,0.0,0.0,0.013721658997296111,0.002877848757315782,0.03754776013257911,0.07167325832375644,0.21828737342398163
ID_test,initial_ritz,4,135,0.941549642785777,0.9989200498333517,0.9993841527149647,0.9995405765127289,0.02196002170890356,0.15939810413815816,0.06242682105300127,0.2512929201461984,0.9961010662087258,1.3048660084008796,0.025981662760308142,0.003904125313835216,0.05616845123159052,0.15033805835154693,0.40204673792188217,0.17472980823633508,0.0655774145792063,0.7441654748044912,0.9243072725831142,0.9744029566274843,0.1374452679681714,0.044743738865130084,0.207931947863396,0.9394646920318179,1.4867940093002114,0.762962962962963,1.0,1.0,1.0,0.0,0.0005224202890023468,0.0003190746366162709,0.0007168966646549231,0.00110804134345113,0.004903607330757533,1.8807785577115814e-05,1.5954659878802957e-06,2.9555823783567068e-05,0.00012560082566915868,0.0003081981918837684,0.0,0.0,0.0,0.0,0.0,0.005653372531202549,0.0013106003933431865,0.008901435971421295,0.015781560655115264,0.16783678258796186
ID_test,initial_ritz,5,135,0.9320986277380934,0.998351207418143,0.9993036791123887,0.9994557706488081,0.00048450291492981034,0.1745490192825793,0.06989584028259814,0.25574246041444965,1.1317490140183597,1.3814846060609582,0.02584642341586853,0.005273420002666285,0.10358110765508173,0.16078108726061335,0.3779399489921751,0.1494370144474429,0.05541691341814415,0.4375747622165998,0.8884109855391394,0.9666313333125416,0.1450904584222093,0.053699547955504995,0.19006022011227358,1.0535271433050688,1.1924756964185064,0.6518518518518519,1.0,1.0,1.0,0.0,0.0005258610220277209,0.0003355749420649019,0.000984119495308142,0.0012201255782844512,0.0017266774381081873,1.8807785577115814e-05,1.5954659878802957e-06,2.9555823783567068e-05,0.00012560082566915868,0.0003081981918837684,0.0,0.0,0.0,0.0,0.0,0.010402584764800807,0.002353796444724665,0.018435694821845785,0.030685902292158562,0.2340492493941042
ID_test,initial_ritz,6,135,0.924422211986932,0.9978043686140956,0.9992010192907331,0.9993686989356183,0.0012365441858668725,0.18917897280031143,0.07750360313336893,0.3552832076580948,1.2767289240033284,1.383107269722576,0.036214683805698984,0.0071655415114575405,0.12008695646454941,0.2379033370346129,0.5111726954332259,0.14073091269743385,0.04661355581321318,0.38097619013855466,0.8772128952614121,0.9729701086401116,0.156104528838858,0.062568298463389,0.3079576751138151,1.097951590521397,1.1315111364905501,0.6,1.0,1.0,1.0,0.0,0.0006971248496717687,0.00042082599790037995,0.0011969127143677432,0.0019209224731465836,0.006409235965633916,1.8807785577115814e-05,1.5954659878802957e-06,2.9555823783567068e-05,0.00012560082566915868,0.0003081981918837684,0.0,0.0,0.0,0.0,0.0,0.014892462094685827,0.0036601828586952934,0.024256625796115313,0.08984202984624551,0.2204607407993855
ID_test,initial_ritz,7,135,0.9169808359851149,0.9972072387701665,0.9988051564177639,0.9990063151485032,0.0002791285608931943,0.20258890909616956,0.07928818659988675,0.43502459506037167,1.3501784482976844,1.3946249081489501,0.04295471620827328,0.0072224593239829105,0.12885491446707495,0.30179030857026806,0.6191633926327427,0.13604613193294499,0.04217925728062016,0.32155458378610824,0.8846140251830787,0.9701892629750523,0.1718670498481403,0.07316829179676584,0.4464754277267039,1.0209027731774796,1.1152894551580248,0.7037037037037037,1.0,1.0,1.0,0.0,0.0005979559627877787,0.000424879594996576,0.0011218019277525614,0.0015797311303614035,0.0024064076816803412,1.8807785577115814e-05,1.5954659878802957e-06,2.9555823783567068e-05,0.00012560082566915868,0.0003081981918837684,0.0,0.0,0.0,0.0,0.0,0.010429771710493828,0.003112726552246592,0.020022893869532873,0.04184080591441637,0.19361990712431165
ID_test,initial_ritz,8,135,0.908350272014028,0.9951986550283339,0.9982622420185522,0.9984161396905339,8.413035770152625e-05,0.23074978993843975,0.09366798454143617,0.5186324283673543,1.3849355437600903,1.4904049764872118,0.06312000099355501,0.009739262734554277,0.1047505360787281,0.5166548526741463,0.7986431371728848,0.13592934614131832,0.04448592477267145,0.34999712889526896,0.894312717445583,0.982998099761231,0.1939921723980732,0.097905910280759,0.5346782983153897,0.9205744408361889,0.9932472344100022,0.7777777777777778,1.0,1.0,1.0,0.0,0.0009221974370355411,0.0005555582144205811,0.0015061225921622057,0.0021336647262046827,0.013322189648517469,1.8807785577115814e-05,1.5954659878802957e-06,2.9555823783567068e-05,0.00012560082566915868,0.0003081981918837684,0.0,0.0,0.0,0.0,0.0,0.023506392055220385,0.003327478796474992,0.02816492349803926,0.17124566811826386,0.38289048645573587
ID_test,initial_ritz,9,135,0.9008372511845045,0.9926039565971181,0.9975448320858573,0.9984241120101048,0.0015909577872820985,0.24313061248859935,0.10420057594119136,0.5853118045055387,1.3065166774450017,1.3830202092614468,0.07550499377468853,0.012670806730721296,0.13711879410387587,0.6115278744204288,0.9221351056528313,0.1416797879709122,0.036281738795276526,0.37641765119717985,0.9254921030738211,0.97864158604779,0.22711013360342866,0.1171092657958955,0.5277613152746476,1.0131960998095522,1.2676824768486328,0.8740740740740741,1.0,1.0,1.0,0.0,0.001014833144757126,0.0006843483317382839,0.001928618328327704,0.002558432622922083,0.010657683411666683,1.8807785577115814e-05,1.5954659878802957e-06,2.9555823783567068e-05,0.00012560082566915868,0.0003081981918837684,0.0,0.0,0.0,0.0,0.0,0.014638059087664333,0.006252205542557565,0.03688928592847792,0.07178134265310113,0.12349196847994648
ID_test,initial_ritz,10,135,0.8776898166507426,0.9847453974735331,0.9941666957186408,0.9945154619325043,0.0053518661520309905,0.3027264000078895,0.15308584142154943,0.8285251703353103,1.2385425435166428,1.6684867227375386,0.11993863894457582,0.01352343857798477,0.23059626862807683,0.8756585162739147,1.5827390615361487,0.15668696469813664,0.042921529183613055,0.4088075775524956,0.9647085613863381,0.9945488866239606,0.3137272142633908,0.17679307223276236,0.802372455322404,1.0313045801798781,1.4702540217248814,0.8518518518518519,1.0,1.0,1.0,0.0,0.0015822756442827673,0.0010211124631465983,0.0031468666504731644,0.00525011745700201,0.009160372893616235,1.8807785577115814e-05,1.5954659878802957e-06,2.9555823783567068e-05,0.00012560082566915868,0.0003081981918837684,0.0,0.0,0.0,0.0,0.0,0.05095257034437856,0.007462446345064322,0.08780988791468972,0.31279331116237585,0.7444827069269451
ID_test,physics_selected,0,135,0.932328466465108,0.9778068077426231,0.9948263116750093,0.9978020528990066,0.22570854286560152,0.28390313351172614,0.2222852772374519,0.5783080382250876,0.6640773216069755,0.9882633708986678,33.60344127789962,0.027612354205653,0.26807751083393233,0.5681157531015759,2371.4192426258746,0.29793433816998766,0.23072695740082985,0.6808947561969856,0.8943900384621029,0.9995536200875689,0.28789626496600895,0.19913115813399532,0.5402914396900321,0.8534697128443651,1.5596456449505782,1.0,1.0,1.0,1.0,1.0,0.0,0.0,0.0,0.0,0.0,0.24453765546419085,0.16056876078007534,0.6647600997522748,0.8808361195628168,0.9421239781023353,0.0,0.0,0.0,0.0,0.0,,,,,
ID_test,physics_selected,1,135,0.8536182720143489,0.9647023034997937,0.9966939215970096,0.9985268663724474,0.1394053541945313,0.3514915807545538,0.23420725166911316,0.8220691037187752,0.9486221155602095,1.2651272557188449,33.6823370394692,0.06354236752020426,0.5089063380818869,0.704454842408811,2372.103408117641,0.264807971326635,0.18778180967391148,0.6235337072826527,0.8781185359022076,0.9997642928423596,0.4103070089178556,0.26825467583366186,1.0172117692209524,1.1833363887242299,1.7531544564413686,0.9629629629629629,1.0,1.0,1.0,0.0,0.015613165864780069,0.005337851364022326,0.04103937393850685,0.081257371901116,0.11075956234322858,0.24453765546419085,0.16056876078007534,0.6647600997522748,0.8808361195628168,0.9421239781023353,0.0,0.0,0.0,0.0,0.0,0.12580036429027863,0.06217154687211912,0.3139720271677115,0.3949961949097252,0.9839384861508336
ID_test,physics_selected,2,135,0.8670604656979685,0.9638174258879274,0.9957636385141804,0.9981022931053611,0.022951012127703577,0.3366766367212784,0.24547506639031094,0.7909068002693962,0.8793797569330037,1.3153195405117244,33.74395082468704,0.10113615456778291,0.5888654816740037,0.8263375744747832,2372.2265966499044,0.2586010458237254,0.16590525587450314,0.7140010579483137,0.7997271932896723,0.99980058582455,0.3758381120130032,0.29010071940478466,0.8128102094621249,1.027089138270119,1.6674066091641255,0.9629629629629629,1.0,1.0,1.0,0.0,0.011342228413444538,0.003984618672133062,0.028323533663231787,0.05336598065067246,0.086250540102657,0.24453765546419085,0.16056876078007534,0.6647600997522748,0.8808361195628168,0.9421239781023353,0.0,0.0,0.0,0.0,0.0,0.1765401433832053,0.06673306975351567,0.661734973595348,0.8719971432892241,1.4213919978378229
ID_test,physics_selected,3,135,0.8606635203746336,0.9621095953044863,0.9974010893472902,0.9984773260503329,0.08809661510580126,0.3443779190836941,0.21126458129722855,0.8181940290604061,0.8896805743056578,1.2364301880710915,33.91134135270298,0.12466227179012224,1.066291171118693,1.9411492017361407,2372.2681011434474,0.23601070034790486,0.12362994192484134,0.7008609382737133,0.8481840698261031,0.9998156389606515,0.3689501089885423,0.26878518244725497,0.7748074183052475,0.9184724005832996,1.5318541898581874,0.9629629629629629,1.0,1.0,1.0,0.0,0.01242468082435356,0.003184446013906692,0.04023830597194014,0.07537485412747628,0.0906308327622713,0.24453765546419085,0.16056876078007534,0.6647600997522748,0.8808361195628168,0.9421239781023353,0.0,0.0,0.0,0.0,0.0,0.2373200159070554,0.0939883950225533,0.5636832299760125,0.9014098963172027,2.7688184975728607
ID_test,physics_selected,4,135,0.8665238260246929,0.9771021628655309,0.9977157503267913,0.9979009751657857,0.01461358962607912,0.30564594202227513,0.17415556697929196,0.7420155632284084,0.8927647535022143,1.3232952587972662,34.0573680899403,0.17092443538875157,0.8450148630651061,2.962386482976389,2372.2861356643443,0.1893820006484608,0.10251131172373103,0.6054461845302999,0.808885892004245,0.9998543685881804,0.34541247602009273,0.2073510961720096,0.8243463995106307,1.0107530286518784,1.275337630387995,0.9629629629629629,1.0,1.0,1.0,0.0,0.01176916636231839,0.002702607003707382,0.03599180507097456,0.0818708170435923,0.10447713712641658,0.24453765546419085,0.16056876078007534,0.6647600997522748,0.8808361195628168,0.9421239781023353,0.0,0.0,0.0,0.0,0.0,0.29962246283518384,0.13361278945935107,0.441324156832147,0.6826372815113471,4.53590987227815
ID_test,physics_selected,5,135,0.8777798522484206,0.9807034241533382,0.9973494976478279,0.9985179524949999,0.0031039884913556005,0.30515504878843536,0.15147913092653786,0.7541058385048354,0.8877223146895528,2.108052212011376,34.363483096301444,0.1911717140785436,1.2043801920779509,4.495792865709612,2372.2949917661813,0.16770126631802548,0.09157010157141536,0.3917661949281684,0.6922189724801523,0.9998860054522825,0.3152920958478594,0.20520502696786921,0.6559137575929459,0.810542231657655,1.6840270798095025,0.8888888888888888,1.0,1.0,1.0,0.0,0.021032024912407892,0.002070302030635022,0.07498252081949158,0.13240537395983443,0.2205764168540608,0.24453765546419085,0.16056876078007534,0.6647600997522748,0.8808361195628168,0.9421239781023353,0.0,0.0,0.0,0.0,0.0,0.3961413277259951,0.1017834237975972,0.5887912135244979,1.029014936616864,6.906722616450622
ID_test,physics_selected,6,135,0.8791592224496733,0.9777526165591145,0.9942512674035057,0.9964248416819992,0.002972406156091149,0.2981572391869636,0.16076506509051897,0.7871373199593551,0.895450546594004,1.9356122416934185,34.67064451406083,0.1924496693932518,1.8805223547724321,6.323320643786839,2372.2999009408354,0.16027993801339155,0.08521662977573681,0.44710455011242184,0.6925944574579391,0.9999074710467933,0.31442352416994923,0.1896083720221537,0.6922254431925965,0.8562993846171468,1.7613140596275536,0.8888888888888888,1.0,1.0,1.0,0.0,0.018717169820155224,0.0022896464986876678,0.06691094856260443,0.1164051103420536,0.19533132505245104,0.24453765546419085,0.16056876078007534,0.6647600997522748,0.8808361195628168,0.9421239781023353,0.0,0.0,0.0,0.0,0.0,0.49346950082569535,0.17785653701306714,0.6621812609805969,0.9638145635958398,8.463824573060968
ID_test,physics_selected,7,135,0.8929412827602995,0.9835485313207921,0.9937117133632662,0.9969745597597092,0.012302620276737437,0.2629850079020406,0.14128402923266944,0.6844647507693261,0.8441072272319546,1.3334864475216657,35.21701792074635,0.2725466312415028,2.736382595851785,9.28837419393793,2372.3025601575814,0.16993096475979344,0.09508673607256604,0.4928015583923734,0.6844786875728304,0.9999238687314632,0.2904822569403848,0.18810613365441908,0.6306957894788539,0.8758645953865916,1.1283431770143042,0.8888888888888888,1.0,1.0,1.0,0.0,0.018087755033576226,0.001875954347104073,0.06118909720653739,0.11387419029194454,0.1897647639782108,0.24453765546419085,0.16056876078007534,0.6647600997522748,0.8808361195628168,0.9421239781023353,0.0,0.0,0.0,0.0,0.0,0.6260644867492818,0.16190368963584234,1.0139023825977922,2.2221287742295184,10.682171948546191
ID_test,physics_selected,8,135,0.8980174507238438,0.9857247617827614,0.9951490277470574,0.9963419546314813,0.005054229779787274,0.26691854188554515,0.13052702422037415,0.7025592336570919,0.8329732912582326,1.5807924879481559,35.75093535801107,0.30955384642057915,3.41240439005134,11.6508993811272,2372.303769231705,0.1764200239662815,0.09302995285109646,0.5163464484574465,0.6866629024660053,0.9999278495744527,0.2970223295115353,0.17598403347374406,0.7111431224759461,0.8368713524799106,1.5370677894963138,0.8888888888888888,1.0,1.0,1.0,0.0,0.016681899890791815,0.0015257855215409764,0.05657134002934128,0.10887116168406456,0.18396488617740897,0.24453765546419085,0.16056876078007534,0.6647600997522748,0.8808361195628168,0.9421239781023353,0.0,0.0,0.0,0.0,0.0,0.6690141617102325,0.23028007790053318,0.7590674615663714,1.9784884613222895,11.986768019726778
ID_test,physics_selected,9,135,0.8907164120191625,0.9799070727223361,0.9951792053356295,0.9979480809108227,0.012422383002948987,0.26828323197576104,0.1441980298240872,0.7227480778809419,0.8573004430689144,1.3339277288463502,36.78251493639238,0.32878805132937217,7.827266348048806,18.986176143944604,2372.3038338637084,0.2028722055030059,0.11087691956744186,0.5603427177503337,0.705357624776141,0.9999422312520513,0.30511308779913093,0.19929124479870214,0.6761050177287813,0.8118386531373577,1.2088583191254094,0.8888888888888888,1.0,1.0,1.0,0.0,0.015835580762099125,0.0018929175094805329,0.05347320163032451,0.10166097466168585,0.16766599718496245,0.24453765546419085,0.16056876078007534,0.6647600997522748,0.8808361195628168,0.9421239781023353,0.0,0.0,0.0,0.0,0.0,1.1307750307701387,0.17403479807951605,3.0194930688635053,7.4050222142450455,14.520265487360646
ID_test,physics_selected,10,135,0.8714466951952415,0.9732995783932159,0.989691224886503,0.9924221548490432,0.018686729226175536,0.3098037380581588,0.18359262594225015,0.9144753901302785,1.030008259028011,1.3134796450045376,38.110773697449616,0.36344541126136143,7.928644253320835,36.78386930170147,2372.3030660025624,0.23114612931119455,0.09878518600275964,0.6086238203181904,0.8324833313098736,0.9999441543963534,0.3232025588278492,0.2178575604071306,0.7664685554562468,0.8919195367900747,1.244727772537248,0.8888888888888888,1.0,1.0,1.0,0.0,0.02083897067148326,0.0019904986385957135,0.08828338628717654,0.14868691787628127,0.22129400982047026,0.24453765546419085,0.16056876078007534,0.6647600997522748,0.8808361195628168,0.9421239781023353,0.0,0.0,0.0,0.0,0.0,1.4570516572711059,0.22238764995449323,2.313459765492414,12.801983361313317,21.99281441747195
anharmonic_wells,direct_topology,0,5,0.9844678635964417,0.9850309368071607,0.9924169806252744,0.9935646689679747,0.9759480849969949,0.16834250382356555,0.17279763369930512,0.21135185018921382,0.21227170631058112,0.21319156243194842,0.03117179389204572,0.03198899645392628,0.04281061805062849,0.04434869643292078,0.04588677481521308,0.34048550262069727,0.33875988573317056,0.4057091658816139,0.40770074235844694,0.40969231883528,0.17182314514816752,0.18306990825880398,0.216986874927605,0.21748110598450443,0.2179753370414039,1.0,1.0,1.0,1.0,1.0,0.0,0.0,0.0,0.0,0.0,0.07511976691706261,0.07266906956570696,0.09176765962215823,0.09697480082758585,0.10218194203301346,0.0,0.0,0.0,0.0,0.0,,,,,
anharmonic_wells,direct_topology,1,5,0.9910910497699639,0.992050603464467,0.9929117095298193,0.9930728291242942,0.9866917442202451,0.1291117678683283,0.12552735119022493,0.14865051338667185,0.15124532351070483,0.1538401336347378,0.11358103588087469,0.1165231267262935,0.15022739783029218,0.15196970661606174,0.15371201540183133,0.16600111841046156,0.17566853187253278,0.18502307686349992,0.18703102354396695,0.18903897022443397,0.1351243719728965,0.13349285973587036,0.15371165323421374,0.1549158063278957,0.1561199594215777,1.0,1.0,1.0,1.0,1.0,0.002330880554847891,0.0025767982141931107,0.003232995657957985,0.0033085550925403147,0.0033841145271226447,0.07511976691706261,0.07266906956570696,0.09176765962215823,0.09697480082758585,0.10218194203301346,0.0,0.0,0.0,0.0,0.0,0.08240924198882897,0.08752133831152031,0.10741677977966368,0.10762101018314096,0.10782524058661824
anharmonic_wells,direct_topology,2,5,0.9820343088435161,0.9838485944101092,0.9861700246187793,0.9865914004614699,0.9734142694595687,0.13255414013277386,0.128360929697144,0.15084133571794459,0.1554330229582737,0.1600247101986028,0.10369361498755887,0.09633727203388087,0.1728379823322487,0.17920190323161939,0.1855658241309901,0.10442698321216928,0.10136403276409384,0.12386209434378491,0.126017071885551,0.1281720494273171,0.1732281143343461,0.16365983303595022,0.20537921093496142,0.2085926317321736,0.2118060525293858,1.0,1.0,1.0,1.0,1.0,0.0037200007196460877,0.003897301816673722,0.004320769413644614,0.004341651994748528,0.004362534575852441,0.07511976691706261,0.07266906956570696,0.09176765962215823,0.09697480082758585,0.10218194203301346,0.0,0.0,0.0,0.0,0.0,0.03751818154811657,0.0369890697478541,0.06089089821845899,0.06496679781157778,0.0690426974046966
anharmonic_wells,direct_topology,3,5,0.9929149009175655,0.9920489743194093,0.9960283428354326,0.9965546876966435,0.9902459465681187,0.10897721766424084,0.10298125052948318,0.12933887336916836,0.12949927810670933,0.12965968284425028,0.05337048182464379,0.03008756733218565,0.09892071143482638,0.11050222679354141,0.12208374215225648,0.07202475229809938,0.07076433809728228,0.08082834648235819,0.08338273912751759,0.085937131772677,0.11032482764201909,0.11432142824242215,0.12907390859918608,0.1299689120756003,0.13086391555201451,1.0,1.0,1.0,1.0,1.0,0.0017910096550503684,0.0021432287186018847,0.0024050310746742665,0.0024259475697360165,0.0024468640647977665,0.07511976691706261,0.07266906956570696,0.09176765962215823,0.09697480082758585,0.10218194203301346,0.0,0.0,0.0,0.0,0.0,0.11101344609799493,0.060354669373776204,0.23469367895887158,0.27117162262105904,0.3076495662832466
anharmonic_wells,direct_topology,4,5,0.9921313720142081,0.9929784838428531,0.9957454776421071,0.9965275202451045,0.9852652346017646,0.11773143811037205,0.12182665162099575,0.14639572589524102,0.15333893751289304,0.16028214913054506,0.4328113594408082,0.4515598653657613,0.5967208356396654,0.6073194890548019,0.6179181424699385,0.1123883710700875,0.11003216009638458,0.13307409847256982,0.1330816829917266,0.13308926751088337,0.10628163111480535,0.11289319430465268,0.1304376686214745,0.13578256838335556,0.14112746814523663,1.0,1.0,1.0,1.0,1.0,0.0017412845715785794,0.0018874089020326078,0.0023925634299577494,0.0025255791316439275,0.002658594833330106,0.07511976691706261,0.07266906956570696,0.09176765962215823,0.09697480082758585,0.10218194203301346,0.0,0.0,0.0,0.0,0.0,0.4373483444045494,0.48004623702758886,0.6440339599021814,0.6630641338654005,0.6820943078286197
anharmonic_wells,direct_topology,5,5,0.9886336940951097,0.9901110670384696,0.9948661958600592,0.9950653502918094,0.9786567174630221,0.12604091772749557,0.10527552932713165,0.1680315842858072,0.17354906873889697,0.17906655319198675,0.7017222215652362,0.7443270226292138,0.9232041220694372,0.9748512277012796,1.0264983333331221,0.12384661426656232,0.12421940650577992,0.15252886129483478,0.15806194364602685,0.16359502599721895,0.12972504214200525,0.13764667442116213,0.1657310512900151,0.1694762256338438,0.1732213999776725,1.0,1.0,1.0,1.0,1.0,0.002013746324906316,0.002034810579593474,0.0029995197464397928,0.003133200183154385,0.003266880619868977,0.07511976691706261,0.07266906956570696,0.09176765962215823,0.09697480082758585,0.10218194203301346,0.0,0.0,0.0,0.0,0.0,0.28375570777676806,0.20333792977965404,0.6100387010411927,0.7157958823004393,0.8215530635596862
anharmonic_wells,direct_topology,6,5,0.9798224827793895,0.9816187540690019,0.990933421729055,0.9925199768979084,0.9634320259534868,0.15759117001283723,0.152594842940956,0.21348066461410625,0.21989666577099876,0.2263126669278913,1.496382069250171,1.6213371367815808,1.9346495049885204,1.9485277977832838,1.9624060905780474,0.18951270183188704,0.1915001955702745,0.22874949059316452,0.23044171811161918,0.23213394563007383,0.15182801834424992,0.15445449058082794,0.17811868747372675,0.18288099307980074,0.18764329868587476,1.0,1.0,1.0,1.0,1.0,0.0024170924130385322,0.002372920566237826,0.003242097109334518,0.0033617095631039936,0.003481322016873469,0.07511976691706261,0.07266906956570696,0.09176765962215823,0.09697480082758585,0.10218194203301346,0.0,0.0,0.0,0.0,0.0,0.7946598476849347,0.877010114152367,1.218188532946875,1.249334103452393,1.2804796739579114
anharmonic_wells,direct_topology,7,5,0.9895473312705079,0.9894196213692381,0.9932903654997074,0.9936454882546122,0.9850589670048847,0.11372195300504959,0.11839176711613002,0.13832360180802622,0.14071299052235564,0.14310237923668503,2.0406505884879547,2.1738049346013746,2.498408782221136,2.578013452880887,2.657618123540638,0.20854827376252377,0.20912337615680981,0.24240618155944976,0.2464241385312846,0.2504420955031194,0.13758127345629095,0.1378659755631559,0.15508254837851693,0.1566612929696054,0.15824003756069388,1.0,1.0,1.0,1.0,1.0,0.0014118349362416168,0.0014574921541244238,0.0019080494263609632,0.00198380318105467,0.0020595569357483774,0.07511976691706261,0.07266906956570696,0.09176765962215823,0.09697480082758585,0.10218194203301346,0.0,0.0,0.0,0.0,0.0,0.5442685192377837,0.3665801436376528,1.1796716966076906,1.3887396628703226,1.597807629132955
anharmonic_wells,direct_topology,8,5,0.9938283478092753,0.9933668593034947,0.9953396413178083,0.9956285126914866,0.9923057020556522,0.08917599069367668,0.09106410435770176,0.10170444084990862,0.1028745686996547,0.10404469654940077,3.526331908110285,3.9349893107472678,4.517926347261634,4.552889525218704,4.587852703175774,0.2789872434575788,0.2888814622452087,0.32904208131690377,0.33058396474471696,0.3321258481725301,0.1094771003552136,0.10920315065602766,0.11991679268454424,0.12212075136002544,0.12432471003550666,1.0,1.0,1.0,1.0,1.0,0.0007719296295357509,0.0008657404473686906,0.0009109069200079115,0.0009193308200161754,0.0009277547200244393,0.07511976691706261,0.07266906956570696,0.09176765962215823,0.09697480082758585,0.10218194203301346,0.0,0.0,0.0,0.0,0.0,1.488603725340496,1.7611843761458932,2.376898939980419,2.451384572257712,2.525870204535005
anharmonic_wells,direct_topology,9,5,0.9914539998522587,0.9908278061682251,0.9935598951167498,0.994276572365022,0.9895691481975679,0.09853212820456511,0.10487396548909114,0.11112543492859886,0.11233953083724556,0.11355362674589226,4.315155250254808,4.705439538979378,4.993202885747903,5.043321454786477,5.093440023825051,0.2931212721954348,0.29806256626176336,0.3223142868078357,0.32245202874698486,0.32258977068613404,0.12580285694068505,0.12984443945971527,0.13525043162724976,0.13566514490339723,0.1360798581795447,1.0,1.0,1.0,1.0,1.0,0.0009293737292693954,0.001022707843313475,0.0010882508799693895,0.0010922557891914837,0.001096260698413578,0.07511976691706261,0.07266906956570696,0.09176765962215823,0.09697480082758585,0.10218194203301346,0.0,0.0,0.0,0.0,0.0,0.7888233421445229,0.42981036524175753,1.7740568400407395,2.1085923773102824,2.4431279145798257
anharmonic_wells,direct_topology,10,5,0.9858316635973658,0.98628698707026,0.9888035250794714,0.9893038313140627,0.981605396285626,0.13344940371597974,0.14064009106133304,0.14535620163151194,0.1467984791371639,0.14824075664281586,6.437528174890626,7.038333950261124,7.766372439062837,7.846694687001584,7.9270169349403306,0.35609207429788864,0.3579053688524041,0.39242213499885337,0.39335241539106885,0.39428269578328434,0.1676915177664193,0.16475455115229415,0.19283496375089887,0.2007485303355652,0.20866209692023152,1.0,1.0,1.0,1.0,1.0,0.0010124450829609069,0.0011033655896471558,0.0012516190578480604,0.0012740151911857477,0.0012964113245234347,0.07511976691706261,0.07266906956570696,0.09176765962215823,0.09697480082758585,0.10218194203301346,0.0,0.0,0.0,0.0,0.0,2.25607519058203,2.6417761171417293,3.0463581524498045,3.1676246977282667,3.288891243006729
anharmonic_wells,hybrid,0,5,0.9844678635964417,0.9850309368071607,0.9924169806252744,0.9935646689679747,0.9759480849969949,0.16834250382356555,0.17279763369930512,0.21135185018921382,0.21227170631058112,0.21319156243194842,0.03117179389204572,0.03198899645392628,0.04281061805062849,0.04434869643292078,0.04588677481521308,0.34048550262069727,0.33875988573317056,0.4057091658816139,0.40770074235844694,0.40969231883528,0.17182314514816752,0.18306990825880398,0.216986874927605,0.21748110598450443,0.2179753370414039,1.0,1.0,1.0,1.0,1.0,0.0,0.0,0.0,0.0,0.0,0.07511976691706261,0.07266906956570696,0.09176765962215823,0.09697480082758585,0.10218194203301346,0.0,0.0,0.0,0.0,0.0,,,,,
anharmonic_wells,hybrid,1,5,0.9910910497699639,0.992050603464467,0.9929117095298193,0.9930728291242942,0.9866917442202451,0.1291117678683283,0.12552735119022493,0.14865051338667185,0.15124532351070483,0.1538401336347378,0.11358103588087469,0.1165231267262935,0.15022739783029218,0.15196970661606174,0.15371201540183133,0.16600111841046156,0.17566853187253278,0.18502307686349992,0.18703102354396695,0.18903897022443397,0.1351243719728965,0.13349285973587036,0.15371165323421374,0.1549158063278957,0.1561199594215777,1.0,1.0,1.0,1.0,1.0,0.002330880554847891,0.0025767982141931107,0.003232995657957985,0.0033085550925403147,0.0033841145271226447,0.07511976691706261,0.07266906956570696,0.09176765962215823,0.09697480082758585,0.10218194203301346,0.0,0.0,0.0,0.0,0.0,0.08240924198882897,0.08752133831152031,0.10741677977966368,0.10762101018314096,0.10782524058661824
anharmonic_wells,hybrid,2,5,0.9820343088435161,0.9838485944101092,0.9861700246187793,0.9865914004614699,0.9734142694595687,0.13255414013277386,0.128360929697144,0.15084133571794459,0.1554330229582737,0.1600247101986028,0.10369361498755887,0.09633727203388087,0.1728379823322487,0.17920190323161939,0.1855658241309901,0.10442698321216928,0.10136403276409384,0.12386209434378491,0.126017071885551,0.1281720494273171,0.1732281143343461,0.16365983303595022,0.20537921093496142,0.2085926317321736,0.2118060525293858,1.0,1.0,1.0,1.0,1.0,0.0037200007196460877,0.003897301816673722,0.004320769413644614,0.004341651994748528,0.004362534575852441,0.07511976691706261,0.07266906956570696,0.09176765962215823,0.09697480082758585,0.10218194203301346,0.0,0.0,0.0,0.0,0.0,0.03751818154811657,0.0369890697478541,0.06089089821845899,0.06496679781157778,0.0690426974046966
anharmonic_wells,hybrid,3,5,0.9929149009175655,0.9920489743194093,0.9960283428354326,0.9965546876966435,0.9902459465681187,0.10897721766424084,0.10298125052948318,0.12933887336916836,0.12949927810670933,0.12965968284425028,0.05337048182464379,0.03008756733218565,0.09892071143482638,0.11050222679354141,0.12208374215225648,0.07202475229809938,0.07076433809728228,0.08082834648235819,0.08338273912751759,0.085937131772677,0.11032482764201909,0.11432142824242215,0.12907390859918608,0.1299689120756003,0.13086391555201451,1.0,1.0,1.0,1.0,1.0,0.0017910096550503684,0.0021432287186018847,0.0024050310746742665,0.0024259475697360165,0.0024468640647977665,0.07511976691706261,0.07266906956570696,0.09176765962215823,0.09697480082758585,0.10218194203301346,0.0,0.0,0.0,0.0,0.0,0.11101344609799493,0.060354669373776204,0.23469367895887158,0.27117162262105904,0.3076495662832466
anharmonic_wells,hybrid,4,5,0.9921313720142081,0.9929784838428531,0.9957454776421071,0.9965275202451045,0.9852652346017646,0.11773143811037205,0.12182665162099575,0.14639572589524102,0.15333893751289304,0.16028214913054506,0.4328113594408082,0.4515598653657613,0.5967208356396654,0.6073194890548019,0.6179181424699385,0.1123883710700875,0.11003216009638458,0.13307409847256982,0.1330816829917266,0.13308926751088337,0.10628163111480535,0.11289319430465268,0.1304376686214745,0.13578256838335556,0.14112746814523663,1.0,1.0,1.0,1.0,1.0,0.0017412845715785794,0.0018874089020326078,0.0023925634299577494,0.0025255791316439275,0.002658594833330106,0.07511976691706261,0.07266906956570696,0.09176765962215823,0.09697480082758585,0.10218194203301346,0.0,0.0,0.0,0.0,0.0,0.4373483444045494,0.48004623702758886,0.6440339599021814,0.6630641338654005,0.6820943078286197
anharmonic_wells,hybrid,5,5,0.9886336940951097,0.9901110670384696,0.9948661958600592,0.9950653502918094,0.9786567174630221,0.12604091772749557,0.10527552932713165,0.1680315842858072,0.17354906873889697,0.17906655319198675,0.7017222215652362,0.7443270226292138,0.9232041220694372,0.9748512277012796,1.0264983333331221,0.12384661426656232,0.12421940650577992,0.15252886129483478,0.15806194364602685,0.16359502599721895,0.12972504214200525,0.13764667442116213,0.1657310512900151,0.1694762256338438,0.1732213999776725,1.0,1.0,1.0,1.0,1.0,0.002013746324906316,0.002034810579593474,0.0029995197464397928,0.003133200183154385,0.003266880619868977,0.07511976691706261,0.07266906956570696,0.09176765962215823,0.09697480082758585,0.10218194203301346,0.0,0.0,0.0,0.0,0.0,0.28375570777676806,0.20333792977965404,0.6100387010411927,0.7157958823004393,0.8215530635596862
anharmonic_wells,hybrid,6,5,0.9798224827793895,0.9816187540690019,0.990933421729055,0.9925199768979084,0.9634320259534868,0.15759117001283723,0.152594842940956,0.21348066461410625,0.21989666577099876,0.2263126669278913,1.496382069250171,1.6213371367815808,1.9346495049885204,1.9485277977832838,1.9624060905780474,0.18951270183188704,0.1915001955702745,0.22874949059316452,0.23044171811161918,0.23213394563007383,0.15182801834424992,0.15445449058082794,0.17811868747372675,0.18288099307980074,0.18764329868587476,1.0,1.0,1.0,1.0,1.0,0.0024170924130385322,0.002372920566237826,0.003242097109334518,0.0033617095631039936,0.003481322016873469,0.07511976691706261,0.07266906956570696,0.09176765962215823,0.09697480082758585,0.10218194203301346,0.0,0.0,0.0,0.0,0.0,0.7946598476849347,0.877010114152367,1.218188532946875,1.249334103452393,1.2804796739579114
anharmonic_wells,hybrid,7,5,0.9895473312705079,0.9894196213692381,0.9932903654997074,0.9936454882546122,0.9850589670048847,0.11372195300504959,0.11839176711613002,0.13832360180802622,0.14071299052235564,0.14310237923668503,2.0406505884879547,2.1738049346013746,2.498408782221136,2.578013452880887,2.657618123540638,0.20854827376252377,0.20912337615680981,0.24240618155944976,0.2464241385312846,0.2504420955031194,0.13758127345629095,0.1378659755631559,0.15508254837851693,0.1566612929696054,0.15824003756069388,1.0,1.0,1.0,1.0,1.0,0.0014118349362416168,0.0014574921541244238,0.0019080494263609632,0.00198380318105467,0.0020595569357483774,0.07511976691706261,0.07266906956570696,0.09176765962215823,0.09697480082758585,0.10218194203301346,0.0,0.0,0.0,0.0,0.0,0.5442685192377837,0.3665801436376528,1.1796716966076906,1.3887396628703226,1.597807629132955
anharmonic_wells,hybrid,8,5,0.9938283478092753,0.9933668593034947,0.9953396413178083,0.9956285126914866,0.9923057020556522,0.08917599069367668,0.09106410435770176,0.10170444084990862,0.1028745686996547,0.10404469654940077,3.526331908110285,3.9349893107472678,4.517926347261634,4.552889525218704,4.587852703175774,0.2789872434575788,0.2888814622452087,0.32904208131690377,0.33058396474471696,0.3321258481725301,0.1094771003552136,0.10920315065602766,0.11991679268454424,0.12212075136002544,0.12432471003550666,1.0,1.0,1.0,1.0,1.0,0.0007719296295357509,0.0008657404473686906,0.0009109069200079115,0.0009193308200161754,0.0009277547200244393,0.07511976691706261,0.07266906956570696,0.09176765962215823,0.09697480082758585,0.10218194203301346,0.0,0.0,0.0,0.0,0.0,1.488603725340496,1.7611843761458932,2.376898939980419,2.451384572257712,2.525870204535005
anharmonic_wells,hybrid,9,5,0.9914539998522587,0.9908278061682251,0.9935598951167498,0.994276572365022,0.9895691481975679,0.09853212820456511,0.10487396548909114,0.11112543492859886,0.11233953083724556,0.11355362674589226,4.315155250254808,4.705439538979378,4.993202885747903,5.043321454786477,5.093440023825051,0.2931212721954348,0.29806256626176336,0.3223142868078357,0.32245202874698486,0.32258977068613404,0.12580285694068505,0.12984443945971527,0.13525043162724976,0.13566514490339723,0.1360798581795447,1.0,1.0,1.0,1.0,1.0,0.0009293737292693954,0.001022707843313475,0.0010882508799693895,0.0010922557891914837,0.001096260698413578,0.07511976691706261,0.07266906956570696,0.09176765962215823,0.09697480082758585,0.10218194203301346,0.0,0.0,0.0,0.0,0.0,0.7888233421445229,0.42981036524175753,1.7740568400407395,2.1085923773102824,2.4431279145798257
anharmonic_wells,hybrid,10,5,0.9858316635973658,0.98628698707026,0.9888035250794714,0.9893038313140627,0.981605396285626,0.13344940371597974,0.14064009106133304,0.14535620163151194,0.1467984791371639,0.14824075664281586,6.437528174890626,7.038333950261124,7.766372439062837,7.846694687001584,7.9270169349403306,0.35609207429788864,0.3579053688524041,0.39242213499885337,0.39335241539106885,0.39428269578328434,0.1676915177664193,0.16475455115229415,0.19283496375089887,0.2007485303355652,0.20866209692023152,1.0,1.0,1.0,1.0,1.0,0.0010124450829609069,0.0011033655896471558,0.0012516190578480604,0.0012740151911857477,0.0012964113245234347,0.07511976691706261,0.07266906956570696,0.09176765962215823,0.09697480082758585,0.10218194203301346,0.0,0.0,0.0,0.0,0.0,2.25607519058203,2.6417761171417293,3.0463581524498045,3.1676246977282667,3.288891243006729
anharmonic_wells,initial_ritz,0,5,0.9999678231350826,0.9999676891385867,0.9999842850760436,0.999987156346156,0.9999523751166587,0.02045388322386781,0.021036955325949763,0.02633950778993857,0.02638881417210064,0.026438120554262708,0.00022316460404803173,0.00019271818358790327,0.00038091026968400943,0.0003822529689346821,0.00038359566818535473,0.1289904460359349,0.1394389482541607,0.15893153071788332,0.15924222382366227,0.1595529169294412,0.007361300948290653,0.007193339142731652,0.009081922039365762,0.009158439258213458,0.009234956477061155,0.4,0.0,1.0,1.0,0.0,,,,,,1.493796623042165e-06,1.3922056237847258e-06,1.8348267735612822e-06,1.8730466307070869e-06,1.9112664878528918e-06,0.0,0.0,0.0,0.0,0.0,,,,,
anharmonic_wells,initial_ritz,1,5,0.9998987903539144,0.9999005216127161,0.9999502137578856,0.9999562797985563,0.9998438892255861,0.027702203456165798,0.025097926087037207,0.03544565367530912,0.03557939048828629,0.035713127301263456,0.0003680165979727867,0.0001683045641436287,0.0007672302914148998,0.0007760452722528344,0.0007848602530907689,0.06221026764116324,0.05459668083807981,0.07618832232802075,0.0762406503205279,0.07629297831303505,0.011198977710916505,0.010631808420510935,0.014737877096417685,0.015032289510368089,0.015326701924318495,1.0,1.0,1.0,1.0,1.0,7.482549125710503e-05,7.482549125710503e-05,7.482549125710503e-05,7.482549125710503e-05,7.482549125710503e-05,1.493796623042165e-06,1.3922056237847258e-06,1.8348267735612822e-06,1.8730466307070869e-06,1.9112664878528918e-06,0.0,0.0,0.0,0.0,0.0,0.00020894663145725189,0.00014379009374687612,0.00038766272098156307,0.00039782040107017025,0.00040797808115877743
anharmonic_wells,initial_ritz,2,5,0.9997498111887024,0.9997225506830877,0.9998178776112548,0.9998340144707355,0.9996986766687619,0.03692020754524939,0.03772173230616881,0.04164107494404736,0.04174116996237904,0.04184126498071072,0.0005828513820700376,0.0005415257707379606,0.0009443872990321011,0.0009592370306899411,0.0009740867623477811,0.05322779223907098,0.05427687895100777,0.05734973279581915,0.057559885491374814,0.05777003818693048,0.01835209215196234,0.01879966188905446,0.022814487629473905,0.02308412585298986,0.023353764076505818,1.0,1.0,1.0,1.0,1.0,0.00018546892406516238,0.00019604842353303115,0.0002448390420199178,0.00025342557966541755,0.0002620121173109173,1.493796623042165e-06,1.3922056237847258e-06,1.8348267735612822e-06,1.8730466307070869e-06,1.9112664878528918e-06,0.0,0.0,0.0,0.0,0.0,0.00021802163184121427,0.00023330141344668487,0.0003652781864071031,0.0003692496965007175,0.0003732212065943319
anharmonic_wells,initial_ritz,3,5,0.9993330070940122,0.9993653866886618,0.9994809828643003,0.9994937082947689,0.9990007704365964,0.05549884152741219,0.05488389546092744,0.06377439149925139,0.06637126427106786,0.06896813704288433,0.0019448294207192519,0.0017498623695249016,0.003405951448400213,0.003880253294468971,0.00435455514053773,0.05788402444716482,0.05685068061800547,0.06764847931650668,0.07081997849434916,0.07399147767219165,0.03486054415753835,0.0356493258542786,0.039839982266550555,0.04122647076673691,0.04261295926692327,1.0,1.0,1.0,1.0,1.0,8.441877067959354e-05,7.797238606439519e-05,0.00010688779979795744,0.00010999187606563949,0.00011309595233332155,1.493796623042165e-06,1.3922056237847258e-06,1.8348267735612822e-06,1.8730466307070869e-06,1.9112664878528918e-06,0.0,0.0,0.0,0.0,0.0,0.001370040556557628,0.0010089591478461557,0.003111700140308038,0.0037294891840673468,0.004347278227826656
anharmonic_wells,initial_ritz,4,5,0.9985819617241068,0.998518089749595,0.9989760888348574,0.9990448836431078,0.998171942745256,0.07345107287417273,0.07575530017763099,0.08288463309456141,0.08375699577171522,0.08462935844886903,0.005121902501110931,0.005618700178678715,0.007786512063100481,0.008022995410455725,0.008259478757810967,0.06565509786831807,0.06552916340102256,0.07542052521825957,0.07694817944514096,0.07847583367202235,0.04842644628260989,0.049284598451546965,0.053583019384955154,0.05424924245540023,0.05491546552584531,1.0,1.0,1.0,1.0,1.0,0.0003615803545838708,0.00036823662169919796,0.0004225331790733755,0.0004316761221073976,0.0004408190651414197,1.493796623042165e-06,1.3922056237847258e-06,1.8348267735612822e-06,1.8730466307070869e-06,1.9112664878528918e-06,0.0,0.0,0.0,0.0,0.0,0.0031988484007293037,0.003904923617273237,0.0049520170142609565,0.005023016562550886,0.0050940161108408155
anharmonic_wells,initial_ritz,5,5,0.9984371803045198,0.998351207418143,0.998726957185169,0.9987850438192025,0.9981730978511543,0.06468669654906985,0.06672847178383645,0.06928031217649241,0.06944766819153807,0.06961502420658372,0.0030496144811641202,0.0035354368532902747,0.0045277383780622845,0.004590573252661478,0.004653408127260672,0.05343907598623221,0.05433457575775785,0.05694293941042982,0.05698938376076727,0.057035828111104726,0.037974787967843135,0.038216777579880554,0.041571693435615356,0.041801178073858906,0.04203066271210246,1.0,1.0,1.0,1.0,1.0,0.0002299247886844824,0.0002299247886844824,0.0002299247886844824,0.0002299247886844824,0.0002299247886844824,1.493796623042165e-06,1.3922056237847258e-06,1.8348267735612822e-06,1.8730466307070869e-06,1.9112664878528918e-06,0.0,0.0,0.0,0.0,0.0,0.002168392025962618,0.0020832633253884403,0.0033216085596373904,0.0036209267815918264,0.003920245003546263
anharmonic_wells,initial_ritz,6,5,0.9986020068276552,0.9985308892383915,0.998944452012922,0.9990139191532702,0.9981311944680727,0.06096609866183049,0.0639649378426573,0.06840541293209422,0.06939856068083439,0.07039170842957457,0.0023413251842456795,0.002141671281964186,0.0035902995542606677,0.00397480543952442,0.004359311324788173,0.043030464675560834,0.04259177487344106,0.05049686695370057,0.0517913040005297,0.05308574104735883,0.04553691859353518,0.04910698264776333,0.05101739845182061,0.05153444204980358,0.052051485647786555,0.4,0.0,1.0,1.0,0.0,0.00023447534696503715,0.00023447534696503715,0.00023447534696503715,0.00023447534696503715,0.00023447534696503715,1.493796623042165e-06,1.3922056237847258e-06,1.8348267735612822e-06,1.8730466307070869e-06,1.9112664878528918e-06,0.0,0.0,0.0,0.0,0.0,0.004438167146608318,0.005351777458104223,0.006307980967021809,0.006541998309877961,0.006776015652734113
anharmonic_wells,initial_ritz,7,5,0.9985336713304716,0.9985278741907793,0.9988890356375459,0.9989133950433942,0.9978882208638876,0.05806973602606043,0.06122129177740356,0.06716385850172424,0.06868047823286261,0.07019709796400098,0.0058074174171967915,0.006205214982277774,0.007423215407555616,0.0075134606636429345,0.0076037059197302526,0.03876990250281338,0.03986839268772456,0.04445161552118743,0.04542249672104511,0.04639337792090279,0.043904686791045346,0.04141341823146247,0.05754507063936254,0.06153329722657389,0.06552152381378526,1.0,1.0,1.0,1.0,1.0,0.00038657912892168085,0.00038657912892168085,0.00038657912892168085,0.00038657912892168085,0.00038657912892168085,1.493796623042165e-06,1.3922056237847258e-06,1.8348267735612822e-06,1.8730466307070869e-06,1.9112664878528918e-06,0.0,0.0,0.0,0.0,0.0,0.004322760745736787,0.004388874377463825,0.005344889233318106,0.005554619730816057,0.005764350228314008
anharmonic_wells,initial_ritz,8,5,0.9969889316644229,0.9969071390197034,0.9976513660621299,0.9977355613275081,0.9961243796077084,0.07359581306761068,0.06912029147612868,0.08313038008238507,0.08352468044723628,0.08391898081208747,0.00859083473334259,0.009082282161437583,0.011481686583285721,0.011576447241129096,0.011671207898972469,0.03301767621367092,0.03208986454639182,0.04016620178338764,0.04242293323673351,0.04467966469007939,0.07790406636328026,0.07817020837814749,0.08597910842073492,0.08856102454615793,0.09114294067158094,1.0,1.0,1.0,1.0,1.0,0.0004546855039488243,0.0004319610103185791,0.0005270213758109688,0.0005452755319235862,0.0005635296880362039,1.493796623042165e-06,1.3922056237847258e-06,1.8348267735612822e-06,1.8730466307070869e-06,1.9112664878528918e-06,0.0,0.0,0.0,0.0,0.0,0.0027834173161457977,0.00147857624170733,0.005948890168568788,0.006583545234604403,0.007218200300640021
anharmonic_wells,initial_ritz,9,5,0.9950628439319577,0.995086550855535,0.9961303987577571,0.99646136884631,0.9941198907427407,0.08045341477088888,0.08272407369390024,0.08491650533197653,0.0849482440185566,0.08497998270513668,0.012443702992262117,0.011873926596671858,0.014865535755794034,0.015298381203813527,0.01573122665183302,0.028267937051935487,0.03113572264935903,0.031610130861961495,0.0317198751907106,0.031829619519459715,0.09543288785579457,0.0898975670718988,0.10653759293487085,0.10821238934747444,0.10988718576007805,1.0,1.0,1.0,1.0,1.0,0.00045028618257614517,0.0004507796268286429,0.000471687185877029,0.0004722847480024033,0.0004728823101277776,1.493796623042165e-06,1.3922056237847258e-06,1.8348267735612822e-06,1.8730466307070869e-06,1.9112664878528918e-06,0.0,0.0,0.0,0.0,0.0,0.004096549654814652,0.004818392315170783,0.0065935332806397184,0.0066212388855175774,0.0066489444903954364
anharmonic_wells,initial_ritz,10,5,0.9898057747075863,0.9894530121774318,0.9917440677596989,0.991982360475135,0.9879888291822905,0.11889700475388476,0.12049778927675639,0.12560461910011034,0.12710182163568662,0.12859902417126293,0.0034388926646073516,0.0014910713383313734,0.007397552084538184,0.008517860643512341,0.009638169202486502,0.03922755626995679,0.043614281688691005,0.04382613761480981,0.043859560265591166,0.043892982916372524,0.1475644577219698,0.15434649221038094,0.15906073136637744,0.1592704634703506,0.15948019557432377,1.0,1.0,1.0,1.0,1.0,0.0006679349307581196,0.0006952174034080306,0.0008763166443005203,0.0009266907179716849,0.0009770647916428497,1.493796623042165e-06,1.3922056237847258e-06,1.8348267735612822e-06,1.8730466307070869e-06,1.9112664878528918e-06,0.0,0.0,0.0,0.0,0.0,0.010619460890701048,0.0094866553473274,0.014550295350915477,0.01523042417760152,0.015910553004287564
anharmonic_wells,physics_selected,0,5,0.9855189299620241,0.9850309368071607,0.9955701797220214,0.9977689344303041,0.9759480849969949,0.15127667147480314,0.17279763369930512,0.21135185018921382,0.21227170631058112,0.21319156243194842,0.029053332154250412,0.03198899645392628,0.04281061805062849,0.04434869643292078,0.04588677481521308,0.3140763299219433,0.33875988573317056,0.4057091658816139,0.40770074235844694,0.40969231883528,0.15474288972841505,0.18306990825880398,0.216986874927605,0.21748110598450443,0.2179753370414039,1.0,1.0,1.0,1.0,1.0,0.0,0.0,0.0,0.0,0.0,0.05468365695158467,0.06334879670196551,0.07475536942980801,0.07545080271784169,0.07614623600587538,0.0,0.0,0.0,0.0,0.0,,,,,
anharmonic_wells,physics_selected,1,5,0.9924243643487533,0.992050603464467,0.9969116532661876,0.9984060874394518,0.9866917442202451,0.11296265591546369,0.12552735119022493,0.14865051338667185,0.15124532351070483,0.1538401336347378,0.1061277774147841,0.1165231267262935,0.15022739783029218,0.15196970661606174,0.15371201540183133,0.1534707628095207,0.17566853187253278,0.18502307686349992,0.18703102354396695,0.18903897022443397,0.11421623021755263,0.13349285973587036,0.15371165323421374,0.1549158063278957,0.1561199594215777,1.0,1.0,1.0,1.0,1.0,0.0020675720617792026,0.0023744070115306526,0.0028774616122056304,0.0029418894832083133,0.003006317354210996,0.05468365695158467,0.06334879670196551,0.07475536942980801,0.07545080271784169,0.07614623600587538,0.0,0.0,0.0,0.0,0.0,0.0770842107083114,0.08752133831152031,0.10741677977966368,0.10762101018314096,0.10782524058661824
anharmonic_wells,physics_selected,2,5,0.9845762637193015,0.9838485944101092,0.9937958892461356,0.9967592199646117,0.9734142694595687,0.11442630065457884,0.11895056552745485,0.15084133571794459,0.1554330229582737,0.1600247101986028,0.10371281471235796,0.09633727203388087,0.1728379823322487,0.17920190323161939,0.1855658241309901,0.10046913529643013,0.10136403276409384,0.12386209434378491,0.126017071885551,0.1281720494273171,0.1495199761631499,0.16365983303595022,0.20537921093496142,0.2085926317321736,0.2118060525293858,1.0,1.0,1.0,1.0,1.0,0.0029075860702861187,0.003057577029796657,0.0041764414721809535,0.004269488024016697,0.004362534575852441,0.05468365695158467,0.06334879670196551,0.07475536942980801,0.07545080271784169,0.07614623600587538,0.0,0.0,0.0,0.0,0.0,0.030195011839864616,0.03286173691662431,0.06089089821845899,0.06496679781157778,0.0690426974046966
anharmonic_wells,physics_selected,3,5,0.9943936673682627,0.9944493082518003,0.9984980969668785,0.9989704517698866,0.9902459465681187,0.09989193935216534,0.10298125052948318,0.12933887336916836,0.12949927810670933,0.12965968284425028,0.04750436873301709,0.028486371661827548,0.09892071143482638,0.11050222679354141,0.12208374215225648,0.07030148002240591,0.07076433809728228,0.08082834648235819,0.08338273912751759,0.085937131772677,0.09339830907446087,0.1027045494395929,0.12907390859918608,0.1299689120756003,0.13086391555201451,1.0,1.0,1.0,1.0,1.0,0.0013818790255289738,0.0015514205060467407,0.0024050310746742665,0.0024259475697360165,0.0024468640647977665,0.05468365695158467,0.06334879670196551,0.07475536942980801,0.07545080271784169,0.07614623600587538,0.0,0.0,0.0,0.0,0.0,0.10512813328156914,0.060354669373776204,0.23469367895887158,0.27117162262105904,0.3076495662832466
anharmonic_wells,physics_selected,4,5,0.9932742377378567,0.9929784838428531,0.9983920322100557,0.9987528553307069,0.9852652346017646,0.11064800389676392,0.12182665162099575,0.14639572589524102,0.15333893751289304,0.16028214913054506,0.3680101433153199,0.4515598653657613,0.5967208356396654,0.6073194890548019,0.6179181424699385,0.10237205491972337,0.11003216009638458,0.13307409847256982,0.1330816829917266,0.13308926751088337,0.0912179955891175,0.10072735233667021,0.12983375860900306,0.13548061337711984,0.14112746814523663,1.0,1.0,1.0,1.0,1.0,0.0014621702778837762,0.0018874089020326078,0.0023925634299577494,0.0025255791316439275,0.002658594833330106,0.05468365695158467,0.06334879670196551,0.07475536942980801,0.07545080271784169,0.07614623600587538,0.0,0.0,0.0,0.0,0.0,0.3663999897581512,0.48004623702758886,0.6440339599021814,0.6630641338654005,0.6820943078286197
anharmonic_wells,physics_selected,5,5,0.9903801067780629,0.9942687325648087,0.9974116801613654,0.9981274053073007,0.9786567174630221,0.11591522218924181,0.10062063405295142,0.1680315842858072,0.17354906873889697,0.17906655319198675,0.6442509675542842,0.7443270226292138,0.9232041220694372,0.9748512277012796,1.0264983333331221,0.11726250143288983,0.12421940650577992,0.15252886129483478,0.15806194364602685,0.16359502599721895,0.10838035424408501,0.09183068113838123,0.1657310512900151,0.1694762256338438,0.1732213999776725,1.0,1.0,1.0,1.0,1.0,0.001652769166724518,0.0012875448230374796,0.0029995197464397928,0.003133200183154385,0.003266880619868977,0.05468365695158467,0.06334879670196551,0.07475536942980801,0.07545080271784169,0.07614623600587538,0.0,0.0,0.0,0.0,0.0,0.27652184966824755,0.20333792977965404,0.6100387010411927,0.7157958823004393,0.8215530635596862
anharmonic_wells,physics_selected,6,5,0.9808178536247608,0.9816187540690019,0.9939195342651689,0.9965014602793937,0.9634320259534868,0.15111724491037404,0.152594842940956,0.21348066461410625,0.21989666577099876,0.2263126669278913,1.308185531939266,1.6213371367815808,1.9346495049885204,1.9485277977832838,1.9624060905780474,0.16428250557096816,0.1915001955702745,0.22874949059316452,0.23044171811161918,0.23213394563007383,0.13490716203746905,0.15445449058082794,0.17811868747372675,0.18288099307980074,0.18764329868587476,1.0,1.0,1.0,1.0,1.0,0.0022298612649322863,0.002372920566237826,0.003242097109334518,0.0033617095631039936,0.003481322016873469,0.05468365695158467,0.06334879670196551,0.07475536942980801,0.07545080271784169,0.07614623600587538,0.0,0.0,0.0,0.0,0.0,0.6639345643849816,0.877010114152367,1.218188532946875,1.249334103452393,1.2804796739579114
anharmonic_wells,physics_selected,7,5,0.9908898827133577,0.9894196213692381,0.9969628970733522,0.9979503257612973,0.9850589670048847,0.10352497785761099,0.11839176711613002,0.13832360180802622,0.14071299052235564,0.14310237923668503,1.832120806588879,2.1738049346013746,2.498408782221136,2.578013452880887,2.657618123540638,0.18405263737472946,0.20912337615680981,0.24240618155944976,0.2464241385312846,0.2504420955031194,0.11689770788590303,0.1378659755631559,0.15508254837851693,0.1566612929696054,0.15824003756069388,1.0,1.0,1.0,1.0,1.0,0.0014641592624002413,0.001569140158202133,0.0019459263037078169,0.002002741619728097,0.0020595569357483774,0.05468365695158467,0.06334879670196551,0.07475536942980801,0.07545080271784169,0.07614623600587538,0.0,0.0,0.0,0.0,0.0,0.5239352746496131,0.3665801436376528,1.1796716966076906,1.3887396628703226,1.597807629132955
anharmonic_wells,physics_selected,8,5,0.9944938965157407,0.9944730271967736,0.9963837153275589,0.9965391590816902,0.9923057020556522,0.08432274372345631,0.08430361116280317,0.10170444084990862,0.1028745686996547,0.10404469654940077,3.1190546437440245,3.9349893107472678,4.517926347261634,4.552889525218704,4.587852703175774,0.23823937891064367,0.2888814622452087,0.32904208131690377,0.33058396474471696,0.3321258481725301,0.1033778220827811,0.10920315065602766,0.11991679268454424,0.12212075136002544,0.12432471003550666,1.0,1.0,1.0,1.0,1.0,0.0006871486028524301,0.0008434334628231154,0.0009109069200079115,0.0009193308200161754,0.0009277547200244393,0.05468365695158467,0.06334879670196551,0.07475536942980801,0.07545080271784169,0.07614623600587538,0.0,0.0,0.0,0.0,0.0,1.2898562428733118,1.7611843761458932,2.376898939980419,2.451384572257712,2.525870204535005
anharmonic_wells,physics_selected,9,5,0.9918138177165725,0.9908278061682251,0.994639348709691,0.9957158438222768,0.9895691481975679,0.09832421039935361,0.10487396548909114,0.11112543492859886,0.11233953083724556,0.11355362674589226,3.8591167320044084,4.705439538979378,4.993202885747903,5.043321454786477,5.093440023825051,0.2517006420091712,0.29806256626176336,0.3223142868078357,0.32245202874698486,0.32258977068613404,0.12326330037894091,0.12984443945971527,0.13525043162724976,0.13566514490339723,0.1360798581795447,1.0,1.0,1.0,1.0,1.0,0.0009146875954325814,0.001022707843313475,0.0010882508799693895,0.0010922557891914837,0.001096260698413578,0.05468365695158467,0.06334879670196551,0.07475536942980801,0.07545080271784169,0.07614623600587538,0.0,0.0,0.0,0.0,0.0,0.7400620882603832,0.42981036524175753,1.7740568400407395,2.1085923773102824,2.4431279145798257
anharmonic_wells,physics_selected,10,5,0.9871083501766986,0.9873026063756977,0.9890780142021086,0.9894410758753813,0.9841591907065911,0.1293430877484198,0.12100225665993555,0.14520049041022273,0.1467206235265193,0.14824075664281586,5.451915821722011,7.038333950261124,7.766372439062837,7.846694687001584,7.9270169349403306,0.28959168029172655,0.3579053688524041,0.39242213499885337,0.39335241539106885,0.39428269578328434,0.1576454053932646,0.15941142826372295,0.1673583788590576,0.16822632142797878,0.16909426399689992,1.0,1.0,1.0,1.0,1.0,0.0009871849233600457,0.0009770647916428497,0.0012516190578480604,0.0012740151911857477,0.0012964113245234347,0.05468365695158467,0.06334879670196551,0.07475536942980801,0.07545080271784169,0.07614623600587538,0.0,0.0,0.0,0.0,0.0,1.7289385786435538,2.332894411281746,3.0463581524498045,3.1676246977282667,3.288891243006729
asymmetric_wells,direct_topology,0,1,0.985628539120273,0.985628539120273,0.985628539120273,0.985628539120273,0.985628539120273,0.1825780054896586,0.1825780054896586,0.1825780054896586,0.1825780054896586,0.1825780054896586,0.014851380965554162,0.014851380965554162,0.014851380965554162,0.014851380965554162,0.014851380965554162,0.0736607212001559,0.0736607212001559,0.0736607212001559,0.0736607212001559,0.0736607212001559,0.1798804284196821,0.1798804284196821,0.1798804284196821,0.1798804284196821,0.1798804284196821,1.0,1.0,1.0,1.0,1.0,0.0,0.0,0.0,0.0,0.0,0.114915183218895,0.114915183218895,0.114915183218895,0.114915183218895,0.114915183218895,0.0,0.0,0.0,0.0,0.0,,,,,
asymmetric_wells,direct_topology,1,1,0.9942212446811282,0.9942212446811282,0.9942212446811282,0.9942212446811282,0.9942212446811282,0.11221049390673997,0.11221049390673997,0.11221049390673997,0.11221049390673997,0.11221049390673997,0.005875590362083738,0.005875590362083738,0.005875590362083738,0.005875590362083738,0.005875590362083738,0.15284159522271135,0.15284159522271135,0.15284159522271135,0.15284159522271135,0.15284159522271135,0.11372863785202206,0.11372863785202206,0.11372863785202206,0.11372863785202206,0.11372863785202206,1.0,1.0,1.0,1.0,1.0,0.0011187068419339734,0.0011187068419339734,0.0011187068419339734,0.0011187068419339734,0.0011187068419339734,0.114915183218895,0.114915183218895,0.114915183218895,0.114915183218895,0.114915183218895,0.0,0.0,0.0,0.0,0.0,0.0207269713276379,0.0207269713276379,0.0207269713276379,0.0207269713276379,0.0207269713276379
asymmetric_wells,direct_topology,2,1,0.9924450634195355,0.9924450634195355,0.9924450634195355,0.9924450634195355,0.9924450634195355,0.12375984591279825,0.12375984591279825,0.12375984591279825,0.12375984591279825,0.12375984591279825,0.07049908200135668,0.07049908200135668,0.07049908200135668,0.07049908200135668,0.07049908200135668,0.9024764650747568,0.9024764650747568,0.9024764650747568,0.9024764650747568,0.9024764650747568,0.12128279120806272,0.12128279120806272,0.12128279120806272,0.12128279120806272,0.12128279120806272,1.0,1.0,1.0,1.0,1.0,0.0019845096976846416,0.0019845096976846416,0.0019845096976846416,0.0019845096976846416,0.0019845096976846416,0.114915183218895,0.114915183218895,0.114915183218895,0.114915183218895,0.114915183218895,0.0,0.0,0.0,0.0,0.0,0.06462349163927295,0.06462349163927295,0.06462349163927295,0.06462349163927295,0.06462349163927295
asymmetric_wells,direct_topology,3,1,0.9926703440207232,0.9926703440207232,0.9926703440207232,0.9926703440207232,0.9926703440207232,0.11081521079589934,0.11081521079589934,0.11081521079589934,0.11081521079589934,0.11081521079589934,0.16855076008637848,0.16855076008637848,0.16855076008637848,0.16855076008637848,0.16855076008637848,0.22681416241721647,0.22681416241721647,0.22681416241721647,0.22681416241721647,0.22681416241721647,0.12227551217123014,0.12227551217123014,0.12227551217123014,0.12227551217123014,0.12227551217123014,1.0,1.0,1.0,1.0,1.0,0.0014589537113813107,0.0014589537113813107,0.0014589537113813107,0.0014589537113813107,0.0014589537113813107,0.114915183218895,0.114915183218895,0.114915183218895,0.114915183218895,0.114915183218895,0.0,0.0,0.0,0.0,0.0,0.0980516780850218,0.0980516780850218,0.0980516780850218,0.0980516780850218,0.0980516780850218
asymmetric_wells,direct_topology,4,1,0.9899458479556033,0.9899458479556033,0.9899458479556033,0.9899458479556033,0.9899458479556033,0.139908361023229,0.139908361023229,0.139908361023229,0.139908361023229,0.139908361023229,0.262936529046375,0.262936529046375,0.262936529046375,0.262936529046375,0.262936529046375,0.14156072687128377,0.14156072687128377,0.14156072687128377,0.14156072687128377,0.14156072687128377,0.13394984156198103,0.13394984156198103,0.13394984156198103,0.13394984156198103,0.13394984156198103,1.0,1.0,1.0,1.0,1.0,0.0022269882996267,0.0022269882996267,0.0022269882996267,0.0022269882996267,0.0022269882996267,0.114915183218895,0.114915183218895,0.114915183218895,0.114915183218895,0.114915183218895,0.0,0.0,0.0,0.0,0.0,0.09438576895999651,0.09438576895999651,0.09438576895999651,0.09438576895999651,0.09438576895999651
asymmetric_wells,direct_topology,5,1,0.9893432390196358,0.9893432390196358,0.9893432390196358,0.9893432390196358,0.9893432390196358,0.10606911948316902,0.10606911948316902,0.10606911948316902,0.10606911948316902,0.10606911948316902,0.21785114938252104,0.21785114938252104,0.21785114938252104,0.21785114938252104,0.21785114938252104,0.0898284975849535,0.0898284975849535,0.0898284975849535,0.0898284975849535,0.0898284975849535,0.15033672152388608,0.15033672152388608,0.15033672152388608,0.15033672152388608,0.15033672152388608,1.0,1.0,1.0,1.0,1.0,0.001390639870610393,0.001390639870610393,0.001390639870610393,0.001390639870610393,0.001390639870610393,0.114915183218895,0.114915183218895,0.114915183218895,0.114915183218895,0.114915183218895,0.0,0.0,0.0,0.0,0.0,0.04508537966385395,0.04508537966385395,0.04508537966385395,0.04508537966385395,0.04508537966385395
asymmetric_wells,direct_topology,6,1,0.9893615397414556,0.9893615397414556,0.9893615397414556,0.9893615397414556,0.9893615397414556,0.10965781374887992,0.10965781374887992,0.10965781374887992,0.10965781374887992,0.10965781374887992,0.03242861945884101,0.03242861945884101,0.03242861945884101,0.03242861945884101,0.03242861945884101,0.04620962361346268,0.04620962361346268,0.04620962361346268,0.04620962361346268,0.04620962361346268,0.15178191128493268,0.15178191128493268,0.15178191128493268,0.15178191128493268,0.15178191128493268,1.0,1.0,1.0,1.0,1.0,0.0009099758722337941,0.0009099758722337941,0.0009099758722337941,0.0009099758722337941,0.0009099758722337941,0.114915183218895,0.114915183218895,0.114915183218895,0.114915183218895,0.114915183218895,0.0,0.0,0.0,0.0,0.0,0.18542252992368002,0.18542252992368002,0.18542252992368002,0.18542252992368002,0.18542252992368002
asymmetric_wells,direct_topology,7,1,0.9913928337301654,0.9913928337301654,0.9913928337301654,0.9913928337301654,0.9913928337301654,0.10174821675898132,0.10174821675898132,0.10174821675898132,0.10174821675898132,0.10174821675898132,0.06488109020926736,0.06488109020926736,0.06488109020926736,0.06488109020926736,0.06488109020926736,0.04070966322153255,0.04070966322153255,0.04070966322153255,0.04070966322153255,0.04070966322153255,0.13211073855588898,0.13211073855588898,0.13211073855588898,0.13211073855588898,0.13211073855588898,1.0,1.0,1.0,1.0,1.0,0.0009107731589143711,0.0009107731589143711,0.0009107731589143711,0.0009107731589143711,0.0009107731589143711,0.114915183218895,0.114915183218895,0.114915183218895,0.114915183218895,0.114915183218895,0.0,0.0,0.0,0.0,0.0,0.03245247075042634,0.03245247075042634,0.03245247075042634,0.03245247075042634,0.03245247075042634
asymmetric_wells,direct_topology,8,1,0.9839600765837748,0.9839600765837748,0.9839600765837748,0.9839600765837748,0.9839600765837748,0.124259578519937,0.124259578519937,0.124259578519937,0.124259578519937,0.124259578519937,0.2265604748078145,0.2265604748078145,0.2265604748078145,0.2265604748078145,0.2265604748078145,0.058112450906628116,0.058112450906628116,0.058112450906628116,0.058112450906628116,0.058112450906628116,0.177229307113359,0.177229307113359,0.177229307113359,0.177229307113359,0.177229307113359,1.0,1.0,1.0,1.0,1.0,0.0011435385569611748,0.0011435385569611748,0.0011435385569611748,0.0011435385569611748,0.0011435385569611748,0.114915183218895,0.114915183218895,0.114915183218895,0.114915183218895,0.114915183218895,0.0,0.0,0.0,0.0,0.0,0.29144156501708185,0.29144156501708185,0.29144156501708185,0.29144156501708185,0.29144156501708185
asymmetric_wells,direct_topology,9,1,0.980850979708436,0.980850979708436,0.980850979708436,0.980850979708436,0.980850979708436,0.14651637837132117,0.14651637837132117,0.14651637837132117,0.14651637837132117,0.14651637837132117,0.27657170567590317,0.27657170567590317,0.27657170567590317,0.27657170567590317,0.27657170567590317,0.0588558439790684,0.0588558439790684,0.0588558439790684,0.0588558439790684,0.0588558439790684,0.19912836584344523,0.19912836584344523,0.19912836584344523,0.19912836584344523,0.19912836584344523,1.0,1.0,1.0,1.0,1.0,0.0012529328335599125,0.0012529328335599125,0.0012529328335599125,0.0012529328335599125,0.0012529328335599125,0.114915183218895,0.114915183218895,0.114915183218895,0.114915183218895,0.114915183218895,0.0,0.0,0.0,0.0,0.0,0.050011230868088674,0.050011230868088674,0.050011230868088674,0.050011230868088674,0.050011230868088674
asymmetric_wells,direct_topology,10,1,0.9727883027710355,0.9727883027710355,0.9727883027710355,0.9727883027710355,0.9727883027710355,0.1707765170975369,0.1707765170975369,0.1707765170975369,0.1707765170975369,0.1707765170975369,0.04972019871407518,0.04972019871407518,0.04972019871407518,0.04972019871407518,0.04972019871407518,0.039675147496120666,0.039675147496120666,0.039675147496120666,0.039675147496120666,0.039675147496120666,0.1979346982123102,0.1979346982123102,0.1979346982123102,0.1979346982123102,0.1979346982123102,1.0,1.0,1.0,1.0,1.0,0.0015188419521199208,0.0015188419521199208,0.0015188419521199208,0.0015188419521199208,0.0015188419521199208,0.114915183218895,0.114915183218895,0.114915183218895,0.114915183218895,0.114915183218895,0.0,0.0,0.0,0.0,0.0,0.226851506961828,0.226851506961828,0.226851506961828,0.226851506961828,0.226851506961828
asymmetric_wells,hybrid,0,1,0.985628539120273,0.985628539120273,0.985628539120273,0.985628539120273,0.985628539120273,0.1825780054896586,0.1825780054896586,0.1825780054896586,0.1825780054896586,0.1825780054896586,0.014851380965554162,0.014851380965554162,0.014851380965554162,0.014851380965554162,0.014851380965554162,0.0736607212001559,0.0736607212001559,0.0736607212001559,0.0736607212001559,0.0736607212001559,0.1798804284196821,0.1798804284196821,0.1798804284196821,0.1798804284196821,0.1798804284196821,1.0,1.0,1.0,1.0,1.0,0.0,0.0,0.0,0.0,0.0,0.114915183218895,0.114915183218895,0.114915183218895,0.114915183218895,0.114915183218895,0.0,0.0,0.0,0.0,0.0,,,,,
asymmetric_wells,hybrid,1,1,0.9942212446811282,0.9942212446811282,0.9942212446811282,0.9942212446811282,0.9942212446811282,0.11221049390673997,0.11221049390673997,0.11221049390673997,0.11221049390673997,0.11221049390673997,0.005875590362083738,0.005875590362083738,0.005875590362083738,0.005875590362083738,0.005875590362083738,0.15284159522271135,0.15284159522271135,0.15284159522271135,0.15284159522271135,0.15284159522271135,0.11372863785202206,0.11372863785202206,0.11372863785202206,0.11372863785202206,0.11372863785202206,1.0,1.0,1.0,1.0,1.0,0.0011187068419339734,0.0011187068419339734,0.0011187068419339734,0.0011187068419339734,0.0011187068419339734,0.114915183218895,0.114915183218895,0.114915183218895,0.114915183218895,0.114915183218895,0.0,0.0,0.0,0.0,0.0,0.0207269713276379,0.0207269713276379,0.0207269713276379,0.0207269713276379,0.0207269713276379
asymmetric_wells,hybrid,2,1,0.9924450634195355,0.9924450634195355,0.9924450634195355,0.9924450634195355,0.9924450634195355,0.12375984591279825,0.12375984591279825,0.12375984591279825,0.12375984591279825,0.12375984591279825,0.07049908200135668,0.07049908200135668,0.07049908200135668,0.07049908200135668,0.07049908200135668,0.9024764650747568,0.9024764650747568,0.9024764650747568,0.9024764650747568,0.9024764650747568,0.12128279120806272,0.12128279120806272,0.12128279120806272,0.12128279120806272,0.12128279120806272,1.0,1.0,1.0,1.0,1.0,0.0019845096976846416,0.0019845096976846416,0.0019845096976846416,0.0019845096976846416,0.0019845096976846416,0.114915183218895,0.114915183218895,0.114915183218895,0.114915183218895,0.114915183218895,0.0,0.0,0.0,0.0,0.0,0.06462349163927295,0.06462349163927295,0.06462349163927295,0.06462349163927295,0.06462349163927295
asymmetric_wells,hybrid,3,1,0.9926703440207232,0.9926703440207232,0.9926703440207232,0.9926703440207232,0.9926703440207232,0.11081521079589934,0.11081521079589934,0.11081521079589934,0.11081521079589934,0.11081521079589934,0.16855076008637848,0.16855076008637848,0.16855076008637848,0.16855076008637848,0.16855076008637848,0.22681416241721647,0.22681416241721647,0.22681416241721647,0.22681416241721647,0.22681416241721647,0.12227551217123014,0.12227551217123014,0.12227551217123014,0.12227551217123014,0.12227551217123014,1.0,1.0,1.0,1.0,1.0,0.0014589537113813107,0.0014589537113813107,0.0014589537113813107,0.0014589537113813107,0.0014589537113813107,0.114915183218895,0.114915183218895,0.114915183218895,0.114915183218895,0.114915183218895,0.0,0.0,0.0,0.0,0.0,0.0980516780850218,0.0980516780850218,0.0980516780850218,0.0980516780850218,0.0980516780850218
asymmetric_wells,hybrid,4,1,0.9899458479556033,0.9899458479556033,0.9899458479556033,0.9899458479556033,0.9899458479556033,0.139908361023229,0.139908361023229,0.139908361023229,0.139908361023229,0.139908361023229,0.262936529046375,0.262936529046375,0.262936529046375,0.262936529046375,0.262936529046375,0.14156072687128377,0.14156072687128377,0.14156072687128377,0.14156072687128377,0.14156072687128377,0.13394984156198103,0.13394984156198103,0.13394984156198103,0.13394984156198103,0.13394984156198103,1.0,1.0,1.0,1.0,1.0,0.0022269882996267,0.0022269882996267,0.0022269882996267,0.0022269882996267,0.0022269882996267,0.114915183218895,0.114915183218895,0.114915183218895,0.114915183218895,0.114915183218895,0.0,0.0,0.0,0.0,0.0,0.09438576895999651,0.09438576895999651,0.09438576895999651,0.09438576895999651,0.09438576895999651
asymmetric_wells,hybrid,5,1,0.9893432390196358,0.9893432390196358,0.9893432390196358,0.9893432390196358,0.9893432390196358,0.10606911948316902,0.10606911948316902,0.10606911948316902,0.10606911948316902,0.10606911948316902,0.21785114938252104,0.21785114938252104,0.21785114938252104,0.21785114938252104,0.21785114938252104,0.0898284975849535,0.0898284975849535,0.0898284975849535,0.0898284975849535,0.0898284975849535,0.15033672152388608,0.15033672152388608,0.15033672152388608,0.15033672152388608,0.15033672152388608,1.0,1.0,1.0,1.0,1.0,0.001390639870610393,0.001390639870610393,0.001390639870610393,0.001390639870610393,0.001390639870610393,0.114915183218895,0.114915183218895,0.114915183218895,0.114915183218895,0.114915183218895,0.0,0.0,0.0,0.0,0.0,0.04508537966385395,0.04508537966385395,0.04508537966385395,0.04508537966385395,0.04508537966385395
asymmetric_wells,hybrid,6,1,0.9893615397414556,0.9893615397414556,0.9893615397414556,0.9893615397414556,0.9893615397414556,0.10965781374887992,0.10965781374887992,0.10965781374887992,0.10965781374887992,0.10965781374887992,0.03242861945884101,0.03242861945884101,0.03242861945884101,0.03242861945884101,0.03242861945884101,0.04620962361346268,0.04620962361346268,0.04620962361346268,0.04620962361346268,0.04620962361346268,0.15178191128493268,0.15178191128493268,0.15178191128493268,0.15178191128493268,0.15178191128493268,1.0,1.0,1.0,1.0,1.0,0.0009099758722337941,0.0009099758722337941,0.0009099758722337941,0.0009099758722337941,0.0009099758722337941,0.114915183218895,0.114915183218895,0.114915183218895,0.114915183218895,0.114915183218895,0.0,0.0,0.0,0.0,0.0,0.18542252992368002,0.18542252992368002,0.18542252992368002,0.18542252992368002,0.18542252992368002
asymmetric_wells,hybrid,7,1,0.9913928337301654,0.9913928337301654,0.9913928337301654,0.9913928337301654,0.9913928337301654,0.10174821675898132,0.10174821675898132,0.10174821675898132,0.10174821675898132,0.10174821675898132,0.06488109020926736,0.06488109020926736,0.06488109020926736,0.06488109020926736,0.06488109020926736,0.04070966322153255,0.04070966322153255,0.04070966322153255,0.04070966322153255,0.04070966322153255,0.13211073855588898,0.13211073855588898,0.13211073855588898,0.13211073855588898,0.13211073855588898,1.0,1.0,1.0,1.0,1.0,0.0009107731589143711,0.0009107731589143711,0.0009107731589143711,0.0009107731589143711,0.0009107731589143711,0.114915183218895,0.114915183218895,0.114915183218895,0.114915183218895,0.114915183218895,0.0,0.0,0.0,0.0,0.0,0.03245247075042634,0.03245247075042634,0.03245247075042634,0.03245247075042634,0.03245247075042634
asymmetric_wells,hybrid,8,1,0.9839600765837748,0.9839600765837748,0.9839600765837748,0.9839600765837748,0.9839600765837748,0.124259578519937,0.124259578519937,0.124259578519937,0.124259578519937,0.124259578519937,0.2265604748078145,0.2265604748078145,0.2265604748078145,0.2265604748078145,0.2265604748078145,0.058112450906628116,0.058112450906628116,0.058112450906628116,0.058112450906628116,0.058112450906628116,0.177229307113359,0.177229307113359,0.177229307113359,0.177229307113359,0.177229307113359,1.0,1.0,1.0,1.0,1.0,0.0011435385569611748,0.0011435385569611748,0.0011435385569611748,0.0011435385569611748,0.0011435385569611748,0.114915183218895,0.114915183218895,0.114915183218895,0.114915183218895,0.114915183218895,0.0,0.0,0.0,0.0,0.0,0.29144156501708185,0.29144156501708185,0.29144156501708185,0.29144156501708185,0.29144156501708185
asymmetric_wells,hybrid,9,1,0.980850979708436,0.980850979708436,0.980850979708436,0.980850979708436,0.980850979708436,0.14651637837132117,0.14651637837132117,0.14651637837132117,0.14651637837132117,0.14651637837132117,0.27657170567590317,0.27657170567590317,0.27657170567590317,0.27657170567590317,0.27657170567590317,0.0588558439790684,0.0588558439790684,0.0588558439790684,0.0588558439790684,0.0588558439790684,0.19912836584344523,0.19912836584344523,0.19912836584344523,0.19912836584344523,0.19912836584344523,1.0,1.0,1.0,1.0,1.0,0.0012529328335599125,0.0012529328335599125,0.0012529328335599125,0.0012529328335599125,0.0012529328335599125,0.114915183218895,0.114915183218895,0.114915183218895,0.114915183218895,0.114915183218895,0.0,0.0,0.0,0.0,0.0,0.050011230868088674,0.050011230868088674,0.050011230868088674,0.050011230868088674,0.050011230868088674
asymmetric_wells,hybrid,10,1,0.9727883027710355,0.9727883027710355,0.9727883027710355,0.9727883027710355,0.9727883027710355,0.1707765170975369,0.1707765170975369,0.1707765170975369,0.1707765170975369,0.1707765170975369,0.04972019871407518,0.04972019871407518,0.04972019871407518,0.04972019871407518,0.04972019871407518,0.039675147496120666,0.039675147496120666,0.039675147496120666,0.039675147496120666,0.039675147496120666,0.1979346982123102,0.1979346982123102,0.1979346982123102,0.1979346982123102,0.1979346982123102,1.0,1.0,1.0,1.0,1.0,0.0015188419521199208,0.0015188419521199208,0.0015188419521199208,0.0015188419521199208,0.0015188419521199208,0.114915183218895,0.114915183218895,0.114915183218895,0.114915183218895,0.114915183218895,0.0,0.0,0.0,0.0,0.0,0.226851506961828,0.226851506961828,0.226851506961828,0.226851506961828,0.226851506961828
asymmetric_wells,initial_ritz,0,1,0.9998457130563643,0.9998457130563643,0.9998457130563643,0.9998457130563643,0.9998457130563643,0.03767356038764542,0.03767356038764542,0.03767356038764542,0.03767356038764542,0.03767356038764542,0.0008179648901587289,0.0008179648901587289,0.0008179648901587289,0.0008179648901587289,0.0008179648901587289,0.03492315668856832,0.03492315668856832,0.03492315668856832,0.03492315668856832,0.03492315668856832,0.014676528988439174,0.014676528988439174,0.014676528988439174,0.014676528988439174,0.014676528988439174,0.0,0.0,0.0,0.0,0.0,,,,,,1.5748909997226335e-06,1.5748909997226335e-06,1.5748909997226335e-06,1.5748909997226335e-06,1.5748909997226335e-06,0.0,0.0,0.0,0.0,0.0,,,,,
asymmetric_wells,initial_ritz,1,1,0.9994111418380206,0.9994111418380206,0.9994111418380206,0.9994111418380206,0.9994111418380206,0.05604949862385939,0.05604949862385939,0.05604949862385939,0.05604949862385939,0.05604949862385939,0.0022997885127185036,0.0022997885127185036,0.0022997885127185036,0.0022997885127185036,0.0022997885127185036,0.10730430349827486,0.10730430349827486,0.10730430349827486,0.10730430349827486,0.10730430349827486,0.02763716820978658,0.02763716820978658,0.02763716820978658,0.02763716820978658,0.02763716820978658,0.0,0.0,0.0,0.0,0.0,,,,,,1.5748909997226335e-06,1.5748909997226335e-06,1.5748909997226335e-06,1.5748909997226335e-06,1.5748909997226335e-06,0.0,0.0,0.0,0.0,0.0,0.0014818236225597747,0.0014818236225597747,0.0014818236225597747,0.0014818236225597747,0.0014818236225597747
asymmetric_wells,initial_ritz,2,1,0.9995172732538913,0.9995172732538913,0.9995172732538913,0.9995172732538913,0.9995172732538913,0.04778530270271995,0.04778530270271995,0.04778530270271995,0.04778530270271995,0.04778530270271995,0.0005530313574357848,0.0005530313574357848,0.0005530313574357848,0.0005530313574357848,0.0005530313574357848,0.5567885197065704,0.5567885197065704,0.5567885197065704,0.5567885197065704,0.5567885197065704,0.02279245873374731,0.02279245873374731,0.02279245873374731,0.02279245873374731,0.02279245873374731,0.0,0.0,0.0,0.0,0.0,,,,,,1.5748909997226335e-06,1.5748909997226335e-06,1.5748909997226335e-06,1.5748909997226335e-06,1.5748909997226335e-06,0.0,0.0,0.0,0.0,0.0,0.0017467571552827188,0.0017467571552827188,0.0017467571552827188,0.0017467571552827188,0.0017467571552827188
asymmetric_wells,initial_ritz,3,1,0.999347411164206,0.999347411164206,0.999347411164206,0.999347411164206,0.999347411164206,0.04746087120265366,0.04746087120265366,0.04746087120265366,0.04746087120265366,0.04746087120265366,0.0010916883389144871,0.0010916883389144871,0.0010916883389144871,0.0010916883389144871,0.0010916883389144871,0.15246946694323837,0.15246946694323837,0.15246946694323837,0.15246946694323837,0.15246946694323837,0.02693383422211766,0.02693383422211766,0.02693383422211766,0.02693383422211766,0.02693383422211766,1.0,1.0,1.0,1.0,1.0,,,,,,1.5748909997226335e-06,1.5748909997226335e-06,1.5748909997226335e-06,1.5748909997226335e-06,1.5748909997226335e-06,0.0,0.0,0.0,0.0,0.0,0.001644719696350272,0.001644719696350272,0.001644719696350272,0.001644719696350272,0.001644719696350272
asymmetric_wells,initial_ritz,4,1,0.9992031921307272,0.9992031921307272,0.9992031921307272,0.9992031921307272,0.9992031921307272,0.042329701362333855,0.042329701362333855,0.042329701362333855,0.042329701362333855,0.042329701362333855,0.003428760641735362,0.003428760641735362,0.003428760641735362,0.003428760641735362,0.003428760641735362,0.06617016385377288,0.06617016385377288,0.06617016385377288,0.06617016385377288,0.06617016385377288,0.02657595268467761,0.02657595268467761,0.02657595268467761,0.02657595268467761,0.02657595268467761,1.0,1.0,1.0,1.0,1.0,0.00015894898589868928,0.00015894898589868928,0.00015894898589868928,0.00015894898589868928,0.00015894898589868928,1.5748909997226335e-06,1.5748909997226335e-06,1.5748909997226335e-06,1.5748909997226335e-06,1.5748909997226335e-06,0.0,0.0,0.0,0.0,0.0,0.002337072302820875,0.002337072302820875,0.002337072302820875,0.002337072302820875,0.002337072302820875
asymmetric_wells,initial_ritz,5,1,0.998984560929863,0.998984560929863,0.998984560929863,0.998984560929863,0.998984560929863,0.046872146817941975,0.046872146817941975,0.046872146817941975,0.046872146817941975,0.046872146817941975,0.005930913147996542,0.005930913147996542,0.005930913147996542,0.005930913147996542,0.005930913147996542,0.046717572799401065,0.046717572799401065,0.046717572799401065,0.046717572799401065,0.046717572799401065,0.03521117621080029,0.03521117621080029,0.03521117621080029,0.03521117621080029,0.03521117621080029,1.0,1.0,1.0,1.0,1.0,,,,,,1.5748909997226335e-06,1.5748909997226335e-06,1.5748909997226335e-06,1.5748909997226335e-06,1.5748909997226335e-06,0.0,0.0,0.0,0.0,0.0,0.0025021525062611794,0.0025021525062611794,0.0025021525062611794,0.0025021525062611794,0.0025021525062611794
asymmetric_wells,initial_ritz,6,1,0.998806764109131,0.998806764109131,0.998806764109131,0.998806764109131,0.998806764109131,0.04783611406503431,0.04783611406503431,0.04783611406503431,0.04783611406503431,0.04783611406503431,0.009176733896566702,0.009176733896566702,0.009176733896566702,0.009176733896566702,0.009176733896566702,0.033993068391499036,0.033993068391499036,0.033993068391499036,0.033993068391499036,0.033993068391499036,0.04457565278163224,0.04457565278163224,0.04457565278163224,0.04457565278163224,0.04457565278163224,1.0,1.0,1.0,1.0,1.0,0.0004114638665511218,0.0004114638665511218,0.0004114638665511218,0.0004114638665511218,0.0004114638665511218,1.5748909997226335e-06,1.5748909997226335e-06,1.5748909997226335e-06,1.5748909997226335e-06,1.5748909997226335e-06,0.0,0.0,0.0,0.0,0.0,0.0032458207485701607,0.0032458207485701607,0.0032458207485701607,0.0032458207485701607,0.0032458207485701607
asymmetric_wells,initial_ritz,7,1,0.9962313159882197,0.9962313159882197,0.9962313159882197,0.9962313159882197,0.9962313159882197,0.06010619330342637,0.06010619330342637,0.06010619330342637,0.06010619330342637,0.06010619330342637,0.008184429123618386,0.008184429123618386,0.008184429123618386,0.008184429123618386,0.008184429123618386,0.03511132061998555,0.03511132061998555,0.03511132061998555,0.03511132061998555,0.03511132061998555,0.06644107303967119,0.06644107303967119,0.06644107303967119,0.06644107303967119,0.06644107303967119,0.0,0.0,0.0,0.0,0.0,,,,,,1.5748909997226335e-06,1.5748909997226335e-06,1.5748909997226335e-06,1.5748909997226335e-06,1.5748909997226335e-06,0.0,0.0,0.0,0.0,0.0,0.0009923047729483159,0.0009923047729483159,0.0009923047729483159,0.0009923047729483159,0.0009923047729483159
asymmetric_wells,initial_ritz,8,1,0.9892054055193962,0.9892054055193962,0.9892054055193962,0.9892054055193962,0.9892054055193962,0.11227249253864643,0.11227249253864643,0.11227249253864643,0.11227249253864643,0.11227249253864643,0.002901913101271525,0.002901913101271525,0.002901913101271525,0.002901913101271525,0.002901913101271525,0.03519500068403177,0.03519500068403177,0.03519500068403177,0.03519500068403177,0.03519500068403177,0.13636141782939096,0.13636141782939096,0.13636141782939096,0.13636141782939096,0.13636141782939096,1.0,1.0,1.0,1.0,1.0,0.0006908156619938365,0.0006908156619938365,0.0006908156619938365,0.0006908156619938365,0.0006908156619938365,1.5748909997226335e-06,1.5748909997226335e-06,1.5748909997226335e-06,1.5748909997226335e-06,1.5748909997226335e-06,0.0,0.0,0.0,0.0,0.0,0.0052825160223468615,0.0052825160223468615,0.0052825160223468615,0.0052825160223468615,0.0052825160223468615
asymmetric_wells,initial_ritz,9,1,0.9837907544960901,0.9837907544960901,0.9837907544960901,0.9837907544960901,0.9837907544960901,0.1304265775697535,0.1304265775697535,0.1304265775697535,0.1304265775697535,0.1304265775697535,0.0010723618038328553,0.0010723618038328553,0.0010723618038328553,0.0010723618038328553,0.0010723618038328553,0.03202258408381657,0.03202258408381657,0.03202258408381657,0.03202258408381657,0.03202258408381657,0.15080894098216152,0.15080894098216152,0.15080894098216152,0.15080894098216152,0.15080894098216152,1.0,1.0,1.0,1.0,1.0,0.0007158615869021956,0.0007158615869021956,0.0007158615869021956,0.0007158615869021956,0.0007158615869021956,1.5748909997226335e-06,1.5748909997226335e-06,1.5748909997226335e-06,1.5748909997226335e-06,1.5748909997226335e-06,0.0,0.0,0.0,0.0,0.0,0.0018295512974386696,0.0018295512974386696,0.0018295512974386696,0.0018295512974386696,0.0018295512974386696
asymmetric_wells,initial_ritz,10,1,0.9788108189911021,0.9788108189911021,0.9788108189911021,0.9788108189911021,0.9788108189911021,0.16007365733634482,0.16007365733634482,0.16007365733634482,0.16007365733634482,0.16007365733634482,0.0025227955943964986,0.0025227955943964986,0.0025227955943964986,0.0025227955943964986,0.0025227955943964986,0.03447974359031235,0.03447974359031235,0.03447974359031235,0.03447974359031235,0.03447974359031235,0.18451035698329493,0.18451035698329493,0.18451035698329493,0.18451035698329493,0.18451035698329493,1.0,1.0,1.0,1.0,1.0,0.001022548438302042,0.001022548438302042,0.001022548438302042,0.001022548438302042,0.001022548438302042,1.5748909997226335e-06,1.5748909997226335e-06,1.5748909997226335e-06,1.5748909997226335e-06,1.5748909997226335e-06,0.0,0.0,0.0,0.0,0.0,0.003595157398229354,0.003595157398229354,0.003595157398229354,0.003595157398229354,0.003595157398229354
asymmetric_wells,physics_selected,0,1,0.985628539120273,0.985628539120273,0.985628539120273,0.985628539120273,0.985628539120273,0.1825780054896586,0.1825780054896586,0.1825780054896586,0.1825780054896586,0.1825780054896586,0.014851380965554162,0.014851380965554162,0.014851380965554162,0.014851380965554162,0.014851380965554162,0.0736607212001559,0.0736607212001559,0.0736607212001559,0.0736607212001559,0.0736607212001559,0.1798804284196821,0.1798804284196821,0.1798804284196821,0.1798804284196821,0.1798804284196821,1.0,1.0,1.0,1.0,1.0,0.0,0.0,0.0,0.0,0.0,0.114915183218895,0.114915183218895,0.114915183218895,0.114915183218895,0.114915183218895,0.0,0.0,0.0,0.0,0.0,,,,,
asymmetric_wells,physics_selected,1,1,0.9942212446811282,0.9942212446811282,0.9942212446811282,0.9942212446811282,0.9942212446811282,0.11221049390673997,0.11221049390673997,0.11221049390673997,0.11221049390673997,0.11221049390673997,0.005875590362083738,0.005875590362083738,0.005875590362083738,0.005875590362083738,0.005875590362083738,0.15284159522271135,0.15284159522271135,0.15284159522271135,0.15284159522271135,0.15284159522271135,0.11372863785202206,0.11372863785202206,0.11372863785202206,0.11372863785202206,0.11372863785202206,1.0,1.0,1.0,1.0,1.0,0.0011187068419339734,0.0011187068419339734,0.0011187068419339734,0.0011187068419339734,0.0011187068419339734,0.114915183218895,0.114915183218895,0.114915183218895,0.114915183218895,0.114915183218895,0.0,0.0,0.0,0.0,0.0,0.0207269713276379,0.0207269713276379,0.0207269713276379,0.0207269713276379,0.0207269713276379
asymmetric_wells,physics_selected,2,1,0.9924450634195355,0.9924450634195355,0.9924450634195355,0.9924450634195355,0.9924450634195355,0.12375984591279825,0.12375984591279825,0.12375984591279825,0.12375984591279825,0.12375984591279825,0.07049908200135668,0.07049908200135668,0.07049908200135668,0.07049908200135668,0.07049908200135668,0.9024764650747568,0.9024764650747568,0.9024764650747568,0.9024764650747568,0.9024764650747568,0.12128279120806272,0.12128279120806272,0.12128279120806272,0.12128279120806272,0.12128279120806272,1.0,1.0,1.0,1.0,1.0,0.0019845096976846416,0.0019845096976846416,0.0019845096976846416,0.0019845096976846416,0.0019845096976846416,0.114915183218895,0.114915183218895,0.114915183218895,0.114915183218895,0.114915183218895,0.0,0.0,0.0,0.0,0.0,0.06462349163927295,0.06462349163927295,0.06462349163927295,0.06462349163927295,0.06462349163927295
asymmetric_wells,physics_selected,3,1,0.9926703440207232,0.9926703440207232,0.9926703440207232,0.9926703440207232,0.9926703440207232,0.11081521079589934,0.11081521079589934,0.11081521079589934,0.11081521079589934,0.11081521079589934,0.16855076008637848,0.16855076008637848,0.16855076008637848,0.16855076008637848,0.16855076008637848,0.22681416241721647,0.22681416241721647,0.22681416241721647,0.22681416241721647,0.22681416241721647,0.12227551217123014,0.12227551217123014,0.12227551217123014,0.12227551217123014,0.12227551217123014,1.0,1.0,1.0,1.0,1.0,0.0014589537113813107,0.0014589537113813107,0.0014589537113813107,0.0014589537113813107,0.0014589537113813107,0.114915183218895,0.114915183218895,0.114915183218895,0.114915183218895,0.114915183218895,0.0,0.0,0.0,0.0,0.0,0.0980516780850218,0.0980516780850218,0.0980516780850218,0.0980516780850218,0.0980516780850218
asymmetric_wells,physics_selected,4,1,0.9899458479556033,0.9899458479556033,0.9899458479556033,0.9899458479556033,0.9899458479556033,0.139908361023229,0.139908361023229,0.139908361023229,0.139908361023229,0.139908361023229,0.262936529046375,0.262936529046375,0.262936529046375,0.262936529046375,0.262936529046375,0.14156072687128377,0.14156072687128377,0.14156072687128377,0.14156072687128377,0.14156072687128377,0.13394984156198103,0.13394984156198103,0.13394984156198103,0.13394984156198103,0.13394984156198103,1.0,1.0,1.0,1.0,1.0,0.0022269882996267,0.0022269882996267,0.0022269882996267,0.0022269882996267,0.0022269882996267,0.114915183218895,0.114915183218895,0.114915183218895,0.114915183218895,0.114915183218895,0.0,0.0,0.0,0.0,0.0,0.09438576895999651,0.09438576895999651,0.09438576895999651,0.09438576895999651,0.09438576895999651
asymmetric_wells,physics_selected,5,1,0.9893432390196358,0.9893432390196358,0.9893432390196358,0.9893432390196358,0.9893432390196358,0.10606911948316902,0.10606911948316902,0.10606911948316902,0.10606911948316902,0.10606911948316902,0.21785114938252104,0.21785114938252104,0.21785114938252104,0.21785114938252104,0.21785114938252104,0.0898284975849535,0.0898284975849535,0.0898284975849535,0.0898284975849535,0.0898284975849535,0.15033672152388608,0.15033672152388608,0.15033672152388608,0.15033672152388608,0.15033672152388608,1.0,1.0,1.0,1.0,1.0,0.001390639870610393,0.001390639870610393,0.001390639870610393,0.001390639870610393,0.001390639870610393,0.114915183218895,0.114915183218895,0.114915183218895,0.114915183218895,0.114915183218895,0.0,0.0,0.0,0.0,0.0,0.04508537966385395,0.04508537966385395,0.04508537966385395,0.04508537966385395,0.04508537966385395
asymmetric_wells,physics_selected,6,1,0.9893615397414556,0.9893615397414556,0.9893615397414556,0.9893615397414556,0.9893615397414556,0.10965781374887992,0.10965781374887992,0.10965781374887992,0.10965781374887992,0.10965781374887992,0.03242861945884101,0.03242861945884101,0.03242861945884101,0.03242861945884101,0.03242861945884101,0.04620962361346268,0.04620962361346268,0.04620962361346268,0.04620962361346268,0.04620962361346268,0.15178191128493268,0.15178191128493268,0.15178191128493268,0.15178191128493268,0.15178191128493268,1.0,1.0,1.0,1.0,1.0,0.0009099758722337941,0.0009099758722337941,0.0009099758722337941,0.0009099758722337941,0.0009099758722337941,0.114915183218895,0.114915183218895,0.114915183218895,0.114915183218895,0.114915183218895,0.0,0.0,0.0,0.0,0.0,0.18542252992368002,0.18542252992368002,0.18542252992368002,0.18542252992368002,0.18542252992368002
asymmetric_wells,physics_selected,7,1,0.9913928337301654,0.9913928337301654,0.9913928337301654,0.9913928337301654,0.9913928337301654,0.10174821675898132,0.10174821675898132,0.10174821675898132,0.10174821675898132,0.10174821675898132,0.06488109020926736,0.06488109020926736,0.06488109020926736,0.06488109020926736,0.06488109020926736,0.04070966322153255,0.04070966322153255,0.04070966322153255,0.04070966322153255,0.04070966322153255,0.13211073855588898,0.13211073855588898,0.13211073855588898,0.13211073855588898,0.13211073855588898,1.0,1.0,1.0,1.0,1.0,0.0009107731589143711,0.0009107731589143711,0.0009107731589143711,0.0009107731589143711,0.0009107731589143711,0.114915183218895,0.114915183218895,0.114915183218895,0.114915183218895,0.114915183218895,0.0,0.0,0.0,0.0,0.0,0.03245247075042634,0.03245247075042634,0.03245247075042634,0.03245247075042634,0.03245247075042634
asymmetric_wells,physics_selected,8,1,0.9839600765837748,0.9839600765837748,0.9839600765837748,0.9839600765837748,0.9839600765837748,0.124259578519937,0.124259578519937,0.124259578519937,0.124259578519937,0.124259578519937,0.2265604748078145,0.2265604748078145,0.2265604748078145,0.2265604748078145,0.2265604748078145,0.058112450906628116,0.058112450906628116,0.058112450906628116,0.058112450906628116,0.058112450906628116,0.177229307113359,0.177229307113359,0.177229307113359,0.177229307113359,0.177229307113359,1.0,1.0,1.0,1.0,1.0,0.0011435385569611748,0.0011435385569611748,0.0011435385569611748,0.0011435385569611748,0.0011435385569611748,0.114915183218895,0.114915183218895,0.114915183218895,0.114915183218895,0.114915183218895,0.0,0.0,0.0,0.0,0.0,0.29144156501708185,0.29144156501708185,0.29144156501708185,0.29144156501708185,0.29144156501708185
asymmetric_wells,physics_selected,9,1,0.980850979708436,0.980850979708436,0.980850979708436,0.980850979708436,0.980850979708436,0.14651637837132117,0.14651637837132117,0.14651637837132117,0.14651637837132117,0.14651637837132117,0.27657170567590317,0.27657170567590317,0.27657170567590317,0.27657170567590317,0.27657170567590317,0.0588558439790684,0.0588558439790684,0.0588558439790684,0.0588558439790684,0.0588558439790684,0.19912836584344523,0.19912836584344523,0.19912836584344523,0.19912836584344523,0.19912836584344523,1.0,1.0,1.0,1.0,1.0,0.0012529328335599125,0.0012529328335599125,0.0012529328335599125,0.0012529328335599125,0.0012529328335599125,0.114915183218895,0.114915183218895,0.114915183218895,0.114915183218895,0.114915183218895,0.0,0.0,0.0,0.0,0.0,0.050011230868088674,0.050011230868088674,0.050011230868088674,0.050011230868088674,0.050011230868088674
asymmetric_wells,physics_selected,10,1,0.9727883027710355,0.9727883027710355,0.9727883027710355,0.9727883027710355,0.9727883027710355,0.1707765170975369,0.1707765170975369,0.1707765170975369,0.1707765170975369,0.1707765170975369,0.04972019871407518,0.04972019871407518,0.04972019871407518,0.04972019871407518,0.04972019871407518,0.039675147496120666,0.039675147496120666,0.039675147496120666,0.039675147496120666,0.039675147496120666,0.1979346982123102,0.1979346982123102,0.1979346982123102,0.1979346982123102,0.1979346982123102,1.0,1.0,1.0,1.0,1.0,0.0015188419521199208,0.0015188419521199208,0.0015188419521199208,0.0015188419521199208,0.0015188419521199208,0.114915183218895,0.114915183218895,0.114915183218895,0.114915183218895,0.114915183218895,0.0,0.0,0.0,0.0,0.0,0.226851506961828,0.226851506961828,0.226851506961828,0.226851506961828,0.226851506961828
barriers,direct_topology,0,5,0.9758482004498132,0.9880294830206556,0.9919578455576775,0.9928747042443024,0.9214236875302717,0.1806004333414276,0.14197208127479555,0.25677915649003735,0.28622941141742936,0.3156796663448214,0.005415644175239542,0.002915839833729561,0.011539152324521074,0.012817984323668983,0.014096816322816896,0.24338390938927806,0.24578906587080562,0.35211135039535546,0.35446010477656686,0.3568088591577783,0.166145673047002,0.15085700749566056,0.2456508656068629,0.27091522167373255,0.29617957774060233,1.0,1.0,1.0,1.0,1.0,0.0,0.0,0.0,0.0,0.0,0.1862456040006269,0.17209999120668704,0.2558385568476437,0.26062229707238743,0.26540603729713114,0.0,0.0,0.0,0.0,0.0,,,,,
barriers,direct_topology,1,5,0.8471714853715644,0.9742100454222198,0.98704023609536,0.9871420528229893,0.411581821663211,0.3461583068917772,0.20027537107970145,0.6930039368723047,0.8121707673871522,0.931337597902,0.007391403687061149,0.004526550106514482,0.014864939299216706,0.01505193623958061,0.015238933179944514,0.12013244353609309,0.10405750836288698,0.17414850525508466,0.17447833833842602,0.17480817142176736,0.47303323901313304,0.22793128911733096,0.9727387747701026,1.0963806381568824,1.2200225015436623,1.0,1.0,1.0,1.0,1.0,0.007928696619458104,0.005384832628545583,0.01294209229652879,0.014959000040670033,0.01697590778481128,0.1862456040006269,0.17209999120668704,0.2558385568476437,0.26062229707238743,0.26540603729713114,0.0,0.0,0.0,0.0,0.0,0.007915365288863963,0.006601292151047655,0.013972474128683987,0.01543987676614451,0.016907279403605036
barriers,direct_topology,2,5,0.9008597389256072,0.937984604679878,0.9869926435178894,0.9878011059268458,0.6677311349418039,0.28242327948881824,0.3017728950477481,0.4550941039389972,0.5057797314880857,0.5564653590371744,0.05549107976005026,0.04213792544335293,0.11541041415286753,0.1278795453337814,0.1403486765146953,0.0857871116708287,0.08079093911317375,0.11742737677121533,0.11786284819857527,0.11829831962593523,0.34402983370479057,0.29010071940478466,0.5844606161200968,0.6552307248822069,0.7260008336443171,1.0,1.0,1.0,1.0,1.0,0.006884777152930795,0.007354665331702935,0.010912105529567775,0.011171516609086723,0.011430927688605671,0.1862456040006269,0.17209999120668704,0.2558385568476437,0.26062229707238743,0.26540603729713114,0.0,0.0,0.0,0.0,0.0,0.05509942615130303,0.03761137533683845,0.12310114274877967,0.13887688387079997,0.1546526249928203
barriers,direct_topology,3,5,0.8720272083234801,0.9278267312804853,0.9810843402520587,0.985678978362276,0.5683359783846745,0.3443105193147781,0.2920280641079585,0.6249571882287012,0.715197465277563,0.805437742326425,0.10744035859610265,0.07190323945614807,0.2240980313037751,0.2519655542745446,0.27983307724531414,0.08047259643323841,0.061049671731171595,0.12219681389593903,0.12515251639380026,0.1281082188916615,0.47309333981060764,0.37244145753175983,0.8498803233565435,0.947491504856575,1.0451026863566066,1.0,1.0,1.0,1.0,1.0,0.005396201576761365,0.00534012117069714,0.00854868528843624,0.009094906037041457,0.009641126785646674,0.1862456040006269,0.17209999120668704,0.2558385568476437,0.26062229707238743,0.26540603729713114,0.0,0.0,0.0,0.0,0.0,0.06880444901339358,0.06249244178134061,0.10948812386838025,0.12448626229949954,0.13948440073061885
barriers,direct_topology,4,5,0.8980820784474293,0.9057582816800587,0.9881640324198098,0.9906856714035865,0.7326287835120597,0.2912232575301945,0.308889057747013,0.47855434908244554,0.4918388217231971,0.5051232943639486,0.08857257097599183,0.08105652394106322,0.12763987906137658,0.137022029529518,0.14640417999765942,0.05307221313784575,0.05746517611957319,0.07023393359152519,0.07166202403324459,0.073090114474964,0.3837564372076513,0.3945732412395061,0.6352286262911008,0.7092537080065616,0.7832787897220226,1.0,1.0,1.0,1.0,1.0,0.005336428830268317,0.005607599762786974,0.009051728206336875,0.010191895252580956,0.011332062298825038,0.1862456040006269,0.17209999120668704,0.2558385568476437,0.26062229707238743,0.26540603729713114,0.0,0.0,0.0,0.0,0.0,0.12702032953663664,0.10341230707273263,0.24427564526882029,0.26558764382897304,0.2868996423891259
barriers,direct_topology,5,5,0.8995413449928048,0.8468980413849007,0.9885553033333828,0.9904561909624442,0.8332430814242128,0.33867917583024254,0.4800082559119016,0.5016682145592618,0.5027342846859378,0.5038003548126139,0.1295174509606535,0.14600680148634693,0.19644281436640015,0.2046809858628972,0.21291915735939426,0.05967521832715635,0.05166301363182637,0.08316521720453464,0.08394656502507945,0.08472791284562427,0.43946060176716895,0.5028269393633569,0.6899395255042289,0.7136790081801943,0.7374184908561596,1.0,1.0,1.0,1.0,1.0,0.005618667239470282,0.005170988852908054,0.009881883914813027,0.010036576880468925,0.010191269846124824,0.1862456040006269,0.17209999120668704,0.2558385568476437,0.26062229707238743,0.26540603729713114,0.0,0.0,0.0,0.0,0.0,0.15116728683408756,0.09563295981056985,0.284874099793819,0.28942489054713827,0.2939756813004575
barriers,direct_topology,6,5,0.9447493347807558,0.9597213578634266,0.9900240692636951,0.9902521665914258,0.8555048853797933,0.22668224980658538,0.177665331605676,0.4098746283440308,0.4532725408474317,0.49667045335083265,0.09986505078990629,0.07827325705811017,0.19204627583199124,0.21413248554434616,0.23621869525670114,0.04128205559021226,0.03992969395521374,0.053977224271681445,0.057130020712805485,0.06028281715392953,0.3327903565358844,0.2785280637902167,0.5567082279355604,0.5965570684754279,0.6364059090152954,1.0,1.0,1.0,1.0,1.0,0.003993659190734295,0.003672939313288975,0.006753482824526627,0.007368257613707187,0.007983032402887748,0.1862456040006269,0.17209999120668704,0.2558385568476437,0.26062229707238743,0.26540603729713114,0.0,0.0,0.0,0.0,0.0,0.17717353846044998,0.19146304428148353,0.32450009516606093,0.36622354514983546,0.4079469951336101
barriers,direct_topology,7,5,0.9686720841288012,0.9715200860081552,0.9885025823043652,0.9897174335592924,0.9330510239707315,0.15840200028865126,0.19513169239425776,0.20304126085248125,0.2036595466966433,0.20427783254080534,0.07689366347682051,0.0843156030419685,0.13588798631470017,0.14595660123118623,0.15602521614767229,0.03591529891019456,0.031056258605945374,0.047273195446183164,0.050139713369489095,0.05300623129279503,0.23986224631893469,0.24466491213039604,0.3205970505172493,0.3422621084398617,0.36392716636247413,1.0,1.0,1.0,1.0,1.0,0.0026590475099704707,0.003090487303031806,0.003541059027841621,0.0036363884991607648,0.003731717970479909,0.1862456040006269,0.17209999120668704,0.2558385568476437,0.26062229707238743,0.26540603729713114,0.0,0.0,0.0,0.0,0.0,0.12594731403453024,0.1305365536914591,0.1508599554733384,0.15366800596344615,0.1564760564535539
barriers,direct_topology,8,5,0.9859106689502897,0.9874686889255309,0.9904735304951637,0.9908443919921919,0.9791261577252157,0.11761915509615557,0.11111624015331581,0.15093940500661046,0.15316890100161104,0.15539839699661165,0.12770029548290768,0.054484222938372184,0.2469169791904113,0.2570871383521221,0.267257297513833,0.03494688019515681,0.030058653923198855,0.04385940718106902,0.04447175015558222,0.045084093130095426,0.1694379461502006,0.18054217563620845,0.18329483788901615,0.18414451908772655,0.18499420028643698,1.0,1.0,1.0,1.0,1.0,0.0017998615140589597,0.0017791147106057902,0.0026665587592917326,0.0028196294601430167,0.002972700160994301,0.1862456040006269,0.17209999120668704,0.2558385568476437,0.26062229707238743,0.26540603729713114,0.0,0.0,0.0,0.0,0.0,0.15921832358539448,0.16157515594859095,0.263410103150684,0.2820661039489656,0.30072210474724725
barriers,direct_topology,9,5,0.9828910957362954,0.9855233162888066,0.9881863092739697,0.9885562507067832,0.973821000021682,0.12678805827532152,0.11126648324642469,0.16320397211138188,0.17596166571005883,0.1887193593087358,0.0817445719101424,0.07656616012577988,0.1678211703757535,0.19708896100602577,0.2263567516362981,0.030113818863201393,0.029796163712882802,0.03432172446384647,0.03553693762951955,0.03675215079519264,0.19749434412832462,0.18434584183318148,0.2319412864116456,0.23677099167353136,0.24160069693541714,1.0,1.0,1.0,1.0,1.0,0.0018357550954666338,0.001747809588049446,0.0022753556898576356,0.002336705196538396,0.0023980547032191562,0.1862456040006269,0.17209999120668704,0.2558385568476437,0.26062229707238743,0.26540603729713114,0.0,0.0,0.0,0.0,0.0,0.10858930701705187,0.12798304473394673,0.17308276100833525,0.18594300753667736,0.19880325406501953
barriers,direct_topology,10,5,0.9828982082474911,0.983572069628376,0.984902616856805,0.9849643057072985,0.9785474665178497,0.1462123836326532,0.14675713720270808,0.16209014616792186,0.16710439968098437,0.1721186531940469,0.17931571692074585,0.09017550352681969,0.3475662501577528,0.3520375184661968,0.3565087867746408,0.043373315909969914,0.04094351921171731,0.0520765861811719,0.05250867887232692,0.05294077156348195,0.1892269886045373,0.18418202760117575,0.21505039605606113,0.22173026636356144,0.22841013667106175,1.0,1.0,1.0,1.0,1.0,0.0017892259493352645,0.001810746867991821,0.0021436101508292317,0.0022280899073243527,0.0023125696638194738,0.1862456040006269,0.17209999120668704,0.2558385568476437,0.26062229707238743,0.26540603729713114,0.0,0.0,0.0,0.0,0.0,0.16020472845489006,0.13015203513834273,0.2557966017685196,0.28617289968034054,0.3165491975921615
barriers,hybrid,0,5,0.9758482004498132,0.9880294830206556,0.9919578455576775,0.9928747042443024,0.9214236875302717,0.1806004333414276,0.14197208127479555,0.25677915649003735,0.28622941141742936,0.3156796663448214,0.005415644175239542,0.002915839833729561,0.011539152324521074,0.012817984323668983,0.014096816322816896,0.24338390938927806,0.24578906587080562,0.35211135039535546,0.35446010477656686,0.3568088591577783,0.166145673047002,0.15085700749566056,0.2456508656068629,0.27091522167373255,0.29617957774060233,1.0,1.0,1.0,1.0,1.0,0.0,0.0,0.0,0.0,0.0,0.1862456040006269,0.17209999120668704,0.2558385568476437,0.26062229707238743,0.26540603729713114,0.0,0.0,0.0,0.0,0.0,,,,,
barriers,hybrid,1,5,0.8471714853715644,0.9742100454222198,0.98704023609536,0.9871420528229893,0.411581821663211,0.3461583068917772,0.20027537107970145,0.6930039368723047,0.8121707673871522,0.931337597902,0.007391403687061149,0.004526550106514482,0.014864939299216706,0.01505193623958061,0.015238933179944514,0.12013244353609309,0.10405750836288698,0.17414850525508466,0.17447833833842602,0.17480817142176736,0.47303323901313304,0.22793128911733096,0.9727387747701026,1.0963806381568824,1.2200225015436623,1.0,1.0,1.0,1.0,1.0,0.007928696619458104,0.005384832628545583,0.01294209229652879,0.014959000040670033,0.01697590778481128,0.1862456040006269,0.17209999120668704,0.2558385568476437,0.26062229707238743,0.26540603729713114,0.0,0.0,0.0,0.0,0.0,0.007915365288863963,0.006601292151047655,0.013972474128683987,0.01543987676614451,0.016907279403605036
barriers,hybrid,2,5,0.9008597389256072,0.937984604679878,0.9869926435178894,0.9878011059268458,0.6677311349418039,0.28242327948881824,0.3017728950477481,0.4550941039389972,0.5057797314880857,0.5564653590371744,0.05549107976005026,0.04213792544335293,0.11541041415286753,0.1278795453337814,0.1403486765146953,0.0857871116708287,0.08079093911317375,0.11742737677121533,0.11786284819857527,0.11829831962593523,0.34402983370479057,0.29010071940478466,0.5844606161200968,0.6552307248822069,0.7260008336443171,1.0,1.0,1.0,1.0,1.0,0.006884777152930795,0.007354665331702935,0.010912105529567775,0.011171516609086723,0.011430927688605671,0.1862456040006269,0.17209999120668704,0.2558385568476437,0.26062229707238743,0.26540603729713114,0.0,0.0,0.0,0.0,0.0,0.05509942615130303,0.03761137533683845,0.12310114274877967,0.13887688387079997,0.1546526249928203
barriers,hybrid,3,5,0.8720272083234801,0.9278267312804853,0.9810843402520587,0.985678978362276,0.5683359783846745,0.3443105193147781,0.2920280641079585,0.6249571882287012,0.715197465277563,0.805437742326425,0.10744035859610265,0.07190323945614807,0.2240980313037751,0.2519655542745446,0.27983307724531414,0.08047259643323841,0.061049671731171595,0.12219681389593903,0.12515251639380026,0.1281082188916615,0.47309333981060764,0.37244145753175983,0.8498803233565435,0.947491504856575,1.0451026863566066,1.0,1.0,1.0,1.0,1.0,0.005396201576761365,0.00534012117069714,0.00854868528843624,0.009094906037041457,0.009641126785646674,0.1862456040006269,0.17209999120668704,0.2558385568476437,0.26062229707238743,0.26540603729713114,0.0,0.0,0.0,0.0,0.0,0.06880444901339358,0.06249244178134061,0.10948812386838025,0.12448626229949954,0.13948440073061885
barriers,hybrid,4,5,0.8980820784474293,0.9057582816800587,0.9881640324198098,0.9906856714035865,0.7326287835120597,0.2912232575301945,0.308889057747013,0.47855434908244554,0.4918388217231971,0.5051232943639486,0.08857257097599183,0.08105652394106322,0.12763987906137658,0.137022029529518,0.14640417999765942,0.05307221313784575,0.05746517611957319,0.07023393359152519,0.07166202403324459,0.073090114474964,0.3837564372076513,0.3945732412395061,0.6352286262911008,0.7092537080065616,0.7832787897220226,1.0,1.0,1.0,1.0,1.0,0.005336428830268317,0.005607599762786974,0.009051728206336875,0.010191895252580956,0.011332062298825038,0.1862456040006269,0.17209999120668704,0.2558385568476437,0.26062229707238743,0.26540603729713114,0.0,0.0,0.0,0.0,0.0,0.12702032953663664,0.10341230707273263,0.24427564526882029,0.26558764382897304,0.2868996423891259
barriers,hybrid,5,5,0.8995413449928048,0.8468980413849007,0.9885553033333828,0.9904561909624442,0.8332430814242128,0.33867917583024254,0.4800082559119016,0.5016682145592618,0.5027342846859378,0.5038003548126139,0.1295174509606535,0.14600680148634693,0.19644281436640015,0.2046809858628972,0.21291915735939426,0.05967521832715635,0.05166301363182637,0.08316521720453464,0.08394656502507945,0.08472791284562427,0.43946060176716895,0.5028269393633569,0.6899395255042289,0.7136790081801943,0.7374184908561596,1.0,1.0,1.0,1.0,1.0,0.005618667239470282,0.005170988852908054,0.009881883914813027,0.010036576880468925,0.010191269846124824,0.1862456040006269,0.17209999120668704,0.2558385568476437,0.26062229707238743,0.26540603729713114,0.0,0.0,0.0,0.0,0.0,0.15116728683408756,0.09563295981056985,0.284874099793819,0.28942489054713827,0.2939756813004575
barriers,hybrid,6,5,0.9447493347807558,0.9597213578634266,0.9900240692636951,0.9902521665914258,0.8555048853797933,0.22668224980658538,0.177665331605676,0.4098746283440308,0.4532725408474317,0.49667045335083265,0.09986505078990629,0.07827325705811017,0.19204627583199124,0.21413248554434616,0.23621869525670114,0.04128205559021226,0.03992969395521374,0.053977224271681445,0.057130020712805485,0.06028281715392953,0.3327903565358844,0.2785280637902167,0.5567082279355604,0.5965570684754279,0.6364059090152954,1.0,1.0,1.0,1.0,1.0,0.003993659190734295,0.003672939313288975,0.006753482824526627,0.007368257613707187,0.007983032402887748,0.1862456040006269,0.17209999120668704,0.2558385568476437,0.26062229707238743,0.26540603729713114,0.0,0.0,0.0,0.0,0.0,0.17717353846044998,0.19146304428148353,0.32450009516606093,0.36622354514983546,0.4079469951336101
barriers,hybrid,7,5,0.9686720841288012,0.9715200860081552,0.9885025823043652,0.9897174335592924,0.9330510239707315,0.15840200028865126,0.19513169239425776,0.20304126085248125,0.2036595466966433,0.20427783254080534,0.07689366347682051,0.0843156030419685,0.13588798631470017,0.14595660123118623,0.15602521614767229,0.03591529891019456,0.031056258605945374,0.047273195446183164,0.050139713369489095,0.05300623129279503,0.23986224631893469,0.24466491213039604,0.3205970505172493,0.3422621084398617,0.36392716636247413,1.0,1.0,1.0,1.0,1.0,0.0026590475099704707,0.003090487303031806,0.003541059027841621,0.0036363884991607648,0.003731717970479909,0.1862456040006269,0.17209999120668704,0.2558385568476437,0.26062229707238743,0.26540603729713114,0.0,0.0,0.0,0.0,0.0,0.12594731403453024,0.1305365536914591,0.1508599554733384,0.15366800596344615,0.1564760564535539
barriers,hybrid,8,5,0.9859106689502897,0.9874686889255309,0.9904735304951637,0.9908443919921919,0.9791261577252157,0.11761915509615557,0.11111624015331581,0.15093940500661046,0.15316890100161104,0.15539839699661165,0.12770029548290768,0.054484222938372184,0.2469169791904113,0.2570871383521221,0.267257297513833,0.03494688019515681,0.030058653923198855,0.04385940718106902,0.04447175015558222,0.045084093130095426,0.1694379461502006,0.18054217563620845,0.18329483788901615,0.18414451908772655,0.18499420028643698,1.0,1.0,1.0,1.0,1.0,0.0017998615140589597,0.0017791147106057902,0.0026665587592917326,0.0028196294601430167,0.002972700160994301,0.1862456040006269,0.17209999120668704,0.2558385568476437,0.26062229707238743,0.26540603729713114,0.0,0.0,0.0,0.0,0.0,0.15921832358539448,0.16157515594859095,0.263410103150684,0.2820661039489656,0.30072210474724725
barriers,hybrid,9,5,0.9828910957362954,0.9855233162888066,0.9881863092739697,0.9885562507067832,0.973821000021682,0.12678805827532152,0.11126648324642469,0.16320397211138188,0.17596166571005883,0.1887193593087358,0.0817445719101424,0.07656616012577988,0.1678211703757535,0.19708896100602577,0.2263567516362981,0.030113818863201393,0.029796163712882802,0.03432172446384647,0.03553693762951955,0.03675215079519264,0.19749434412832462,0.18434584183318148,0.2319412864116456,0.23677099167353136,0.24160069693541714,1.0,1.0,1.0,1.0,1.0,0.0018357550954666338,0.001747809588049446,0.0022753556898576356,0.002336705196538396,0.0023980547032191562,0.1862456040006269,0.17209999120668704,0.2558385568476437,0.26062229707238743,0.26540603729713114,0.0,0.0,0.0,0.0,0.0,0.10858930701705187,0.12798304473394673,0.17308276100833525,0.18594300753667736,0.19880325406501953
barriers,hybrid,10,5,0.9828982082474911,0.983572069628376,0.984902616856805,0.9849643057072985,0.9785474665178497,0.1462123836326532,0.14675713720270808,0.16209014616792186,0.16710439968098437,0.1721186531940469,0.17931571692074585,0.09017550352681969,0.3475662501577528,0.3520375184661968,0.3565087867746408,0.043373315909969914,0.04094351921171731,0.0520765861811719,0.05250867887232692,0.05294077156348195,0.1892269886045373,0.18418202760117575,0.21505039605606113,0.22173026636356144,0.22841013667106175,1.0,1.0,1.0,1.0,1.0,0.0017892259493352645,0.001810746867991821,0.0021436101508292317,0.0022280899073243527,0.0023125696638194738,0.1862456040006269,0.17209999120668704,0.2558385568476437,0.26062229707238743,0.26540603729713114,0.0,0.0,0.0,0.0,0.0,0.16020472845489006,0.13015203513834273,0.2557966017685196,0.28617289968034054,0.3165491975921615
barriers,initial_ritz,0,5,0.9991416062448074,0.9996853233761539,0.9998940627216502,0.9999340986508076,0.9967280162894334,0.06406603256914967,0.052968782236243794,0.1147800901270904,0.13488738313370618,0.15499467614032203,0.004149717726297642,0.0016560676668367913,0.010495754946880199,0.013336565500113437,0.01617737605334668,0.17552520479445147,0.15289143390475235,0.2977464990136509,0.29883267044869616,0.2999188418837414,0.022727130167327702,0.019174875473161566,0.03939571588134652,0.04554493840531626,0.05169416092928602,0.2,0.0,0.6000000000000001,0.7999999999999998,0.0,,,,,,1.5504606495131411e-06,1.556657827750385e-06,1.7583365581108622e-06,1.8035223541712497e-06,1.8487081502316371e-06,0.0,0.0,0.0,0.0,0.0,,,,,
barriers,initial_ritz,1,5,0.9992340457490444,0.9996810740820783,0.999702127135216,0.9997071569674698,0.9975108065626939,0.0620916731007148,0.04238037516218782,0.10157211788237883,0.11486772601314967,0.12816333414392053,0.0029860170760794393,0.0005528660127726015,0.007565210581716309,0.009185972240172523,0.01080673389862874,0.09161644914267954,0.06076448296924865,0.16053267925885314,0.16214138677442272,0.1637500942899923,0.029088093919635898,0.026543224784518808,0.040710249520194385,0.045177593630685534,0.049644937741176696,0.0,0.0,0.0,0.0,0.0,,,,,,1.5504606495131411e-06,1.556657827750385e-06,1.7583365581108622e-06,1.8035223541712497e-06,1.8487081502316371e-06,0.0,0.0,0.0,0.0,0.0,0.0015917289591067308,0.0007296023191671885,0.003673975795727858,0.004522308975222899,0.005370642154717942
barriers,initial_ritz,2,5,0.9995418998294792,0.9995468285829173,0.9997671549118486,0.999793868320918,0.9993262347683476,0.04403482058996597,0.03994002676800719,0.05706302518012393,0.059410555828446523,0.061758086476769114,0.0007633221767054721,0.0006192372414486336,0.0017043963998132129,0.002063664428903422,0.0024229324579936318,0.047699087530132245,0.033737138125352985,0.0811716507439843,0.09155013524981757,0.10192861975565087,0.024113634844268435,0.025461217398264208,0.026060461685043675,0.02612156265354359,0.02618266362204351,0.6,1.0,1.0,1.0,0.0,0.0003296617409492871,0.0003296617409492871,0.000550157507705611,0.0005777194785501514,0.000605281449394692,1.5504606495131411e-06,1.556657827750385e-06,1.7583365581108622e-06,1.8035223541712497e-06,1.8487081502316371e-06,0.0,0.0,0.0,0.0,0.0,0.0025324713730080052,0.0006176223241137757,0.006499322300546751,0.008343409478863428,0.010187496657180106
barriers,initial_ritz,3,5,0.9987174506906709,0.9985040386014825,0.9998144999366889,0.9998629069476123,0.9971191649098639,0.06234140593037916,0.06387326359191516,0.09741423991251386,0.10293077013217798,0.10844730035184212,0.00308753146556624,0.0010769474181842043,0.007417733126057602,0.008373412741334718,0.009329092356611834,0.0489935355942622,0.03526399995754435,0.08433140022811395,0.08555492891647624,0.08677845760483856,0.035664894237498565,0.04210248652830908,0.049120631234975176,0.05031687090346176,0.05151311057194835,0.6,1.0,1.0,1.0,0.0,0.00026637519474150223,0.00026637519474150223,0.00036261219054844503,0.00037464181502431284,0.0003866714395001807,1.5504606495131411e-06,1.556657827750385e-06,1.7583365581108622e-06,1.8035223541712497e-06,1.8487081502316371e-06,0.0,0.0,0.0,0.0,0.0,0.0025748462138778017,0.0009938548579828677,0.006077017797990969,0.007393436456577084,0.008709855115163201
barriers,initial_ritz,4,5,0.9987245025399287,0.998611318815061,0.9994059792969012,0.9995343767364079,0.9980898159823911,0.0592453143640463,0.06545626390766694,0.07139907440841242,0.07184143341341097,0.07228379241840953,0.000986770652956981,0.0010906786396271961,0.0015286693119263006,0.0015339143755181972,0.0015391594391100938,0.033976536950084436,0.030353080942017486,0.048088109492400236,0.04870859032041379,0.049329071148427335,0.044791914732464966,0.045654195120410086,0.0572332809920605,0.05856198599354639,0.059890690995032275,0.8,1.0,1.0,1.0,0.0,0.0005709800296397916,0.000604042172025585,0.0006635778981170113,0.0006710198638784395,0.0006784618296398678,1.5504606495131411e-06,1.556657827750385e-06,1.7583365581108622e-06,1.8035223541712497e-06,1.8487081502316371e-06,0.0,0.0,0.0,0.0,0.0,0.0029373596391574,0.0013453525713158498,0.006550153142974669,0.007170043030238204,0.007789932917501741
barriers,initial_ritz,5,5,0.9960537755565955,0.9975435028171219,0.9994305882933465,0.9995284376829753,0.9864727037713418,0.08062224425600013,0.07777878080803814,0.12941472896625264,0.1407638005313287,0.15211287209640478,0.004930547288074916,0.0030281332734563016,0.00961058463864184,0.011056306183967022,0.012502027729292209,0.038581777603583445,0.029745794359435175,0.05922307766711221,0.0604917990834349,0.06176052049975759,0.07405750272689537,0.05285172283658577,0.14390730375706984,0.16933704976667194,0.1947667957762741,0.8,1.0,1.0,1.0,0.0,0.00043705053614451986,0.0002490157922390809,0.0007343658778155109,0.0007950346385125646,0.0008557033992096184,1.5504606495131411e-06,1.556657827750385e-06,1.7583365581108622e-06,1.8035223541712497e-06,1.8487081502316371e-06,0.0,0.0,0.0,0.0,0.0,0.0044359637713519365,0.0031526411064102255,0.009078794383572487,0.01086030565691125,0.012641816930250016
barriers,initial_ritz,6,5,0.9965610391280082,0.9982766281496992,0.9993464422544802,0.9993540034814392,0.9877607959702294,0.06937160050054958,0.06041400206977876,0.10935565378907632,0.12238608097757893,0.13541650816608156,0.0040778306951670725,0.0041453120754688655,0.005075918460541118,0.005139346539102085,0.005202774617663053,0.02958413349689453,0.026084684935640104,0.03918923263977835,0.04083490267587968,0.042480572711981,0.06851317433600793,0.05202618164576441,0.12391168764778171,0.1466800335633723,0.16944837947896296,1.0,1.0,1.0,1.0,1.0,0.00045148616913921725,0.0004106390393272641,0.00066828330943306,0.0007004888431962845,0.000732694376959509,1.5504606495131411e-06,1.556657827750385e-06,1.7583365581108622e-06,1.8035223541712497e-06,1.8487081502316371e-06,0.0,0.0,0.0,0.0,0.0,0.005001137639523545,0.005750924850796313,0.0075636353505506015,0.007651762763524417,0.007739890176498232
barriers,initial_ritz,7,5,0.9986865532745179,0.998666798147911,0.9989468172075988,0.9989624512310011,0.9982640883255139,0.05065294218477232,0.0492343489823341,0.06161241123015023,0.06426539895746035,0.06691838668477047,0.00627378958118383,0.005962724732339275,0.008490653004037974,0.008957189412330101,0.00942372582062223,0.027306540399447733,0.024670748712348933,0.034737705038902285,0.03698637057351696,0.03923503610813165,0.0427916063757507,0.044651890734328556,0.047943780963256986,0.04817199903525247,0.04840021710724795,1.0,1.0,1.0,1.0,1.0,0.0003243570219964247,0.0002956136751125837,0.00040877103542956157,0.0004313153011261212,0.000453859566822681,1.5504606495131411e-06,1.556657827750385e-06,1.7583365581108622e-06,1.8035223541712497e-06,1.8487081502316371e-06,0.0,0.0,0.0,0.0,0.0,0.004277068733081979,0.0022054095543033725,0.009685405202301569,0.012155952820293423,0.014626500438285284
barriers,initial_ritz,8,5,0.9973970247943822,0.9973331823307457,0.9982123885894236,0.9982213547833334,0.9964172014260722,0.0665711654031862,0.06123285407645267,0.07841416017111916,0.080961003103791,0.08350784603646283,0.00751510599740639,0.007168997578722802,0.008594100497786883,0.008603468431613592,0.008612836365440302,0.024691292018475298,0.025110692192689788,0.02663951786563949,0.026985032946053183,0.027330548026466877,0.06927959484461799,0.06440229451789299,0.08135803899537335,0.08152201198794837,0.08168598498052339,1.0,1.0,1.0,1.0,1.0,0.0005692739185791314,0.0005547665803668471,0.0007253102456356097,0.0007554652506286077,0.0007856202556216057,1.5504606495131411e-06,1.556657827750385e-06,1.7583365581108622e-06,1.8035223541712497e-06,1.8487081502316371e-06,0.0,0.0,0.0,0.0,0.0,0.0025245160026901915,0.0026032719639674795,0.0037633870547170824,0.003948516417566416,0.004133645780415751
barriers,initial_ritz,9,5,0.9973972233413566,0.9975380701931431,0.9976880493040744,0.9977168699530875,0.9967012094245392,0.06428517106233862,0.06800042611197993,0.06840329479836149,0.06848062741328124,0.06855796002820098,0.011234673432375875,0.01102066701494131,0.012074681134939346,0.012174112149222972,0.012273543163506595,0.023202214202081163,0.024189927576439854,0.026681337181623393,0.02708760203833854,0.027493866895053686,0.06876779715635772,0.07093667758238897,0.07232696424127305,0.0727418554928062,0.07315674674433936,1.0,1.0,1.0,1.0,1.0,0.000535189614698545,0.0004868721564219489,0.0007221392582027755,0.0007722144704269019,0.0008222896826510284,1.5504606495131411e-06,1.556657827750385e-06,1.7583365581108622e-06,1.8035223541712497e-06,1.8487081502316371e-06,0.0,0.0,0.0,0.0,0.0,0.003719567434969484,0.0035858830780810536,0.005477645990778335,0.005767731149915889,0.006057816309053443
barriers,initial_ritz,10,5,0.9932998809651952,0.9941316300996579,0.9943344247709826,0.9943825420953225,0.9907461950792672,0.1132705152367752,0.10937776935389547,0.1299373320782813,0.13567759064818125,0.14141784921808123,0.007454763174342372,0.008262265734033214,0.009468416902930609,0.009640751033008854,0.009813085163087099,0.03380151126203161,0.03439153941034294,0.03599147260818942,0.03648736539814152,0.03698325818809362,0.11074219074750521,0.1121188224129963,0.12975176924206067,0.1350961393396372,0.14044050943721378,1.0,1.0,1.0,1.0,1.0,0.000876426829802575,0.0008558585690879257,0.0009595656869454772,0.0009939543880054746,0.0010283430890654722,1.5504606495131411e-06,1.556657827750385e-06,1.7583365581108622e-06,1.8035223541712497e-06,1.8487081502316371e-06,0.0,0.0,0.0,0.0,0.0,0.003779910258033503,0.002824973579392598,0.006796658249029974,0.007858568724325998,0.008920479199622022
barriers,physics_selected,0,5,0.9758482004498132,0.9880294830206556,0.9919578455576775,0.9928747042443024,0.9214236875302717,0.1806004333414276,0.14197208127479555,0.25677915649003735,0.28622941141742936,0.3156796663448214,0.005415644175239542,0.002915839833729561,0.011539152324521074,0.012817984323668983,0.014096816322816896,0.24338390938927806,0.24578906587080562,0.35211135039535546,0.35446010477656686,0.3568088591577783,0.166145673047002,0.15085700749566056,0.2456508656068629,0.27091522167373255,0.29617957774060233,1.0,1.0,1.0,1.0,1.0,0.0,0.0,0.0,0.0,0.0,0.1862456040006269,0.17209999120668704,0.2558385568476437,0.26062229707238743,0.26540603729713114,0.0,0.0,0.0,0.0,0.0,,,,,
barriers,physics_selected,1,5,0.8471714853715644,0.9742100454222198,0.98704023609536,0.9871420528229893,0.411581821663211,0.3461583068917772,0.20027537107970145,0.6930039368723047,0.8121707673871522,0.931337597902,0.007391403687061149,0.004526550106514482,0.014864939299216706,0.01505193623958061,0.015238933179944514,0.12013244353609309,0.10405750836288698,0.17414850525508466,0.17447833833842602,0.17480817142176736,0.47303323901313304,0.22793128911733096,0.9727387747701026,1.0963806381568824,1.2200225015436623,1.0,1.0,1.0,1.0,1.0,0.007928696619458104,0.005384832628545583,0.01294209229652879,0.014959000040670033,0.01697590778481128,0.1862456040006269,0.17209999120668704,0.2558385568476437,0.26062229707238743,0.26540603729713114,0.0,0.0,0.0,0.0,0.0,0.007915365288863963,0.006601292151047655,0.013972474128683987,0.01543987676614451,0.016907279403605036
barriers,physics_selected,2,5,0.9008597389256072,0.937984604679878,0.9869926435178894,0.9878011059268458,0.6677311349418039,0.28242327948881824,0.3017728950477481,0.4550941039389972,0.5057797314880857,0.5564653590371744,0.05549107976005026,0.04213792544335293,0.11541041415286753,0.1278795453337814,0.1403486765146953,0.0857871116708287,0.08079093911317375,0.11742737677121533,0.11786284819857527,0.11829831962593523,0.34402983370479057,0.29010071940478466,0.5844606161200968,0.6552307248822069,0.7260008336443171,1.0,1.0,1.0,1.0,1.0,0.006884777152930795,0.007354665331702935,0.010912105529567775,0.011171516609086723,0.011430927688605671,0.1862456040006269,0.17209999120668704,0.2558385568476437,0.26062229707238743,0.26540603729713114,0.0,0.0,0.0,0.0,0.0,0.05509942615130303,0.03761137533683845,0.12310114274877967,0.13887688387079997,0.1546526249928203
barriers,physics_selected,3,5,0.8720272083234801,0.9278267312804853,0.9810843402520587,0.985678978362276,0.5683359783846745,0.3443105193147781,0.2920280641079585,0.6249571882287012,0.715197465277563,0.805437742326425,0.10744035859610265,0.07190323945614807,0.2240980313037751,0.2519655542745446,0.27983307724531414,0.08047259643323841,0.061049671731171595,0.12219681389593903,0.12515251639380026,0.1281082188916615,0.47309333981060764,0.37244145753175983,0.8498803233565435,0.947491504856575,1.0451026863566066,1.0,1.0,1.0,1.0,1.0,0.005396201576761365,0.00534012117069714,0.00854868528843624,0.009094906037041457,0.009641126785646674,0.1862456040006269,0.17209999120668704,0.2558385568476437,0.26062229707238743,0.26540603729713114,0.0,0.0,0.0,0.0,0.0,0.06880444901339358,0.06249244178134061,0.10948812386838025,0.12448626229949954,0.13948440073061885
barriers,physics_selected,4,5,0.8980820784474293,0.9057582816800587,0.9881640324198098,0.9906856714035865,0.7326287835120597,0.2912232575301945,0.308889057747013,0.47855434908244554,0.4918388217231971,0.5051232943639486,0.08857257097599183,0.08105652394106322,0.12763987906137658,0.137022029529518,0.14640417999765942,0.05307221313784575,0.05746517611957319,0.07023393359152519,0.07166202403324459,0.073090114474964,0.3837564372076513,0.3945732412395061,0.6352286262911008,0.7092537080065616,0.7832787897220226,1.0,1.0,1.0,1.0,1.0,0.005336428830268317,0.005607599762786974,0.009051728206336875,0.010191895252580956,0.011332062298825038,0.1862456040006269,0.17209999120668704,0.2558385568476437,0.26062229707238743,0.26540603729713114,0.0,0.0,0.0,0.0,0.0,0.12702032953663664,0.10341230707273263,0.24427564526882029,0.26558764382897304,0.2868996423891259
barriers,physics_selected,5,5,0.8995413449928048,0.8468980413849007,0.9885553033333828,0.9904561909624442,0.8332430814242128,0.33867917583024254,0.4800082559119016,0.5016682145592618,0.5027342846859378,0.5038003548126139,0.1295174509606535,0.14600680148634693,0.19644281436640015,0.2046809858628972,0.21291915735939426,0.05967521832715635,0.05166301363182637,0.08316521720453464,0.08394656502507945,0.08472791284562427,0.43946060176716895,0.5028269393633569,0.6899395255042289,0.7136790081801943,0.7374184908561596,1.0,1.0,1.0,1.0,1.0,0.005618667239470282,0.005170988852908054,0.009881883914813027,0.010036576880468925,0.010191269846124824,0.1862456040006269,0.17209999120668704,0.2558385568476437,0.26062229707238743,0.26540603729713114,0.0,0.0,0.0,0.0,0.0,0.15116728683408756,0.09563295981056985,0.284874099793819,0.28942489054713827,0.2939756813004575
barriers,physics_selected,6,5,0.9447493347807558,0.9597213578634266,0.9900240692636951,0.9902521665914258,0.8555048853797933,0.22668224980658538,0.177665331605676,0.4098746283440308,0.4532725408474317,0.49667045335083265,0.09986505078990629,0.07827325705811017,0.19204627583199124,0.21413248554434616,0.23621869525670114,0.04128205559021226,0.03992969395521374,0.053977224271681445,0.057130020712805485,0.06028281715392953,0.3327903565358844,0.2785280637902167,0.5567082279355604,0.5965570684754279,0.6364059090152954,1.0,1.0,1.0,1.0,1.0,0.003993659190734295,0.003672939313288975,0.006753482824526627,0.007368257613707187,0.007983032402887748,0.1862456040006269,0.17209999120668704,0.2558385568476437,0.26062229707238743,0.26540603729713114,0.0,0.0,0.0,0.0,0.0,0.17717353846044998,0.19146304428148353,0.32450009516606093,0.36622354514983546,0.4079469951336101
barriers,physics_selected,7,5,0.9686720841288012,0.9715200860081552,0.9885025823043652,0.9897174335592924,0.9330510239707315,0.15840200028865126,0.19513169239425776,0.20304126085248125,0.2036595466966433,0.20427783254080534,0.07689366347682051,0.0843156030419685,0.13588798631470017,0.14595660123118623,0.15602521614767229,0.03591529891019456,0.031056258605945374,0.047273195446183164,0.050139713369489095,0.05300623129279503,0.23986224631893469,0.24466491213039604,0.3205970505172493,0.3422621084398617,0.36392716636247413,1.0,1.0,1.0,1.0,1.0,0.0026590475099704707,0.003090487303031806,0.003541059027841621,0.0036363884991607648,0.003731717970479909,0.1862456040006269,0.17209999120668704,0.2558385568476437,0.26062229707238743,0.26540603729713114,0.0,0.0,0.0,0.0,0.0,0.12594731403453024,0.1305365536914591,0.1508599554733384,0.15366800596344615,0.1564760564535539
barriers,physics_selected,8,5,0.9859106689502897,0.9874686889255309,0.9904735304951637,0.9908443919921919,0.9791261577252157,0.11761915509615557,0.11111624015331581,0.15093940500661046,0.15316890100161104,0.15539839699661165,0.12770029548290768,0.054484222938372184,0.2469169791904113,0.2570871383521221,0.267257297513833,0.03494688019515681,0.030058653923198855,0.04385940718106902,0.04447175015558222,0.045084093130095426,0.1694379461502006,0.18054217563620845,0.18329483788901615,0.18414451908772655,0.18499420028643698,1.0,1.0,1.0,1.0,1.0,0.0017998615140589597,0.0017791147106057902,0.0026665587592917326,0.0028196294601430167,0.002972700160994301,0.1862456040006269,0.17209999120668704,0.2558385568476437,0.26062229707238743,0.26540603729713114,0.0,0.0,0.0,0.0,0.0,0.15921832358539448,0.16157515594859095,0.263410103150684,0.2820661039489656,0.30072210474724725
barriers,physics_selected,9,5,0.9828910957362954,0.9855233162888066,0.9881863092739697,0.9885562507067832,0.973821000021682,0.12678805827532152,0.11126648324642469,0.16320397211138188,0.17596166571005883,0.1887193593087358,0.0817445719101424,0.07656616012577988,0.1678211703757535,0.19708896100602577,0.2263567516362981,0.030113818863201393,0.029796163712882802,0.03432172446384647,0.03553693762951955,0.03675215079519264,0.19749434412832462,0.18434584183318148,0.2319412864116456,0.23677099167353136,0.24160069693541714,1.0,1.0,1.0,1.0,1.0,0.0018357550954666338,0.001747809588049446,0.0022753556898576356,0.002336705196538396,0.0023980547032191562,0.1862456040006269,0.17209999120668704,0.2558385568476437,0.26062229707238743,0.26540603729713114,0.0,0.0,0.0,0.0,0.0,0.10858930701705187,0.12798304473394673,0.17308276100833525,0.18594300753667736,0.19880325406501953
barriers,physics_selected,10,5,0.9828982082474911,0.983572069628376,0.984902616856805,0.9849643057072985,0.9785474665178497,0.1462123836326532,0.14675713720270808,0.16209014616792186,0.16710439968098437,0.1721186531940469,0.17931571692074585,0.09017550352681969,0.3475662501577528,0.3520375184661968,0.3565087867746408,0.043373315909969914,0.04094351921171731,0.0520765861811719,0.05250867887232692,0.05294077156348195,0.1892269886045373,0.18418202760117575,0.21505039605606113,0.22173026636356144,0.22841013667106175,1.0,1.0,1.0,1.0,1.0,0.0017892259493352645,0.001810746867991821,0.0021436101508292317,0.0022280899073243527,0.0023125696638194738,0.1862456040006269,0.17209999120668704,0.2558385568476437,0.26062229707238743,0.26540603729713114,0.0,0.0,0.0,0.0,0.0,0.16020472845489006,0.13015203513834273,0.2557966017685196,0.28617289968034054,0.3165491975921615
changed_domain_same_physical_operator,direct_topology,0,1,0.9939855690045416,0.9939855690045416,0.9939855690045416,0.9939855690045416,0.9939855690045416,0.1321078728918013,0.1321078728918013,0.1321078728918013,0.1321078728918013,0.1321078728918013,0.04684558791723942,0.04684558791723942,0.04684558791723942,0.04684558791723942,0.04684558791723942,0.19569759170133502,0.19569759170133502,0.19569759170133502,0.19569759170133502,0.19569759170133502,0.11611136372817718,0.11611136372817718,0.11611136372817718,0.11611136372817718,0.11611136372817718,1.0,1.0,1.0,1.0,1.0,0.0,0.0,0.0,0.0,0.0,0.07926381510949998,0.07926381510949998,0.07926381510949998,0.07926381510949998,0.07926381510949998,0.0,0.0,0.0,0.0,0.0,,,,,
changed_domain_same_physical_operator,direct_topology,1,1,0.9930434526908054,0.9930434526908054,0.9930434526908054,0.9930434526908054,0.9930434526908054,0.10731236441986472,0.10731236441986472,0.10731236441986472,0.10731236441986472,0.10731236441986472,0.15256892241468578,0.15256892241468578,0.15256892241468578,0.15256892241468578,0.15256892241468578,0.10113253250129421,0.10113253250129421,0.10113253250129421,0.10113253250129421,0.10113253250129421,0.09093628669373346,0.09093628669373346,0.09093628669373346,0.09093628669373346,0.09093628669373346,1.0,1.0,1.0,1.0,1.0,0.0027557766787520187,0.0027557766787520187,0.0027557766787520187,0.0027557766787520187,0.0027557766787520187,0.07926381510949998,0.07926381510949998,0.07926381510949998,0.07926381510949998,0.07926381510949998,0.0,0.0,0.0,0.0,0.0,0.10572333449744642,0.10572333449744642,0.10572333449744642,0.10572333449744642,0.10572333449744642
changed_domain_same_physical_operator,direct_topology,2,1,0.989762947235198,0.989762947235198,0.989762947235198,0.989762947235198,0.989762947235198,0.12041025259951506,0.12041025259951506,0.12041025259951506,0.12041025259951506,0.12041025259951506,0.23534914429551135,0.23534914429551135,0.23534914429551135,0.23534914429551135,0.23534914429551135,0.08186809327678145,0.08186809327678145,0.08186809327678145,0.08186809327678145,0.08186809327678145,0.13804123686491065,0.13804123686491065,0.13804123686491065,0.13804123686491065,0.13804123686491065,1.0,1.0,1.0,1.0,1.0,0.000783177312447368,0.000783177312447368,0.000783177312447368,0.000783177312447368,0.000783177312447368,0.07926381510949998,0.07926381510949998,0.07926381510949998,0.07926381510949998,0.07926381510949998,0.0,0.0,0.0,0.0,0.0,0.08278022188082557,0.08278022188082557,0.08278022188082557,0.08278022188082557,0.08278022188082557
changed_domain_same_physical_operator,direct_topology,3,1,0.9879967255395371,0.9879967255395371,0.9879967255395371,0.9879967255395371,0.9879967255395371,0.13565987071753471,0.13565987071753471,0.13565987071753471,0.13565987071753471,0.13565987071753471,0.2030949640101376,0.2030949640101376,0.2030949640101376,0.2030949640101376,0.2030949640101376,0.0506041587521132,0.0506041587521132,0.0506041587521132,0.0506041587521132,0.0506041587521132,0.16149461862947526,0.16149461862947526,0.16149461862947526,0.16149461862947526,0.16149461862947526,1.0,1.0,1.0,1.0,1.0,0.0011847235759147067,0.0011847235759147067,0.0011847235759147067,0.0011847235759147067,0.0011847235759147067,0.07926381510949998,0.07926381510949998,0.07926381510949998,0.07926381510949998,0.07926381510949998,0.0,0.0,0.0,0.0,0.0,0.43844410830564895,0.43844410830564895,0.43844410830564895,0.43844410830564895,0.43844410830564895
changed_domain_same_physical_operator,direct_topology,4,1,0.9932341196143732,0.9932341196143732,0.9932341196143732,0.9932341196143732,0.9932341196143732,0.11027900888240755,0.11027900888240755,0.11027900888240755,0.11027900888240755,0.11027900888240755,0.1223201973991701,0.1223201973991701,0.1223201973991701,0.1223201973991701,0.1223201973991701,0.04679035657085756,0.04679035657085756,0.04679035657085756,0.04679035657085756,0.04679035657085756,0.11154614456301935,0.11154614456301935,0.11154614456301935,0.11154614456301935,0.11154614456301935,1.0,1.0,1.0,1.0,1.0,0.0011475579986478567,0.0011475579986478567,0.0011475579986478567,0.0011475579986478567,0.0011475579986478567,0.07926381510949998,0.07926381510949998,0.07926381510949998,0.07926381510949998,0.07926381510949998,0.0,0.0,0.0,0.0,0.0,0.0807747666109675,0.0807747666109675,0.0807747666109675,0.0807747666109675,0.0807747666109675
changed_domain_same_physical_operator,direct_topology,5,1,0.9920402620706213,0.9920402620706213,0.9920402620706213,0.9920402620706213,0.9920402620706213,0.11175888999473263,0.11175888999473263,0.11175888999473263,0.11175888999473263,0.11175888999473263,0.629000011637741,0.629000011637741,0.629000011637741,0.629000011637741,0.629000011637741,0.06451112091087972,0.06451112091087972,0.06451112091087972,0.06451112091087972,0.06451112091087972,0.10318590904977876,0.10318590904977876,0.10318590904977876,0.10318590904977876,0.10318590904977876,1.0,1.0,1.0,1.0,1.0,0.0016263976846070905,0.0016263976846070905,0.0016263976846070905,0.0016263976846070905,0.0016263976846070905,0.07926381510949998,0.07926381510949998,0.07926381510949998,0.07926381510949998,0.07926381510949998,0.0,0.0,0.0,0.0,0.0,0.5066798142385709,0.5066798142385709,0.5066798142385709,0.5066798142385709,0.5066798142385709
changed_domain_same_physical_operator,direct_topology,6,1,0.9848314995714705,0.9848314995714705,0.9848314995714705,0.9848314995714705,0.9848314995714705,0.14540954630893213,0.14540954630893213,0.14540954630893213,0.14540954630893213,0.14540954630893213,0.2700606432203978,0.2700606432203978,0.2700606432203978,0.2700606432203978,0.2700606432203978,0.037300152927445734,0.037300152927445734,0.037300152927445734,0.037300152927445734,0.037300152927445734,0.14460058609739695,0.14460058609739695,0.14460058609739695,0.14460058609739695,0.14460058609739695,1.0,1.0,1.0,1.0,1.0,0.002074503142327508,0.002074503142327508,0.002074503142327508,0.002074503142327508,0.002074503142327508,0.07926381510949998,0.07926381510949998,0.07926381510949998,0.07926381510949998,0.07926381510949998,0.0,0.0,0.0,0.0,0.0,0.3589393684173432,0.3589393684173432,0.3589393684173432,0.3589393684173432,0.3589393684173432
changed_domain_same_physical_operator,direct_topology,7,1,0.9942560641984972,0.9942560641984972,0.9942560641984972,0.9942560641984972,0.9942560641984972,0.09279904005475749,0.09279904005475749,0.09279904005475749,0.09279904005475749,0.09279904005475749,0.8897744435940469,0.8897744435940469,0.8897744435940469,0.8897744435940469,0.8897744435940469,0.06200077167396892,0.06200077167396892,0.06200077167396892,0.06200077167396892,0.06200077167396892,0.09361300530864443,0.09361300530864443,0.09361300530864443,0.09361300530864443,0.09361300530864443,1.0,1.0,1.0,1.0,1.0,0.0010779268472046505,0.0010779268472046505,0.0010779268472046505,0.0010779268472046505,0.0010779268472046505,0.07926381510949998,0.07926381510949998,0.07926381510949998,0.07926381510949998,0.07926381510949998,0.0,0.0,0.0,0.0,0.0,0.6197138003736491,0.6197138003736491,0.6197138003736491,0.6197138003736491,0.6197138003736491
changed_domain_same_physical_operator,direct_topology,8,1,0.9859557077796718,0.9859557077796718,0.9859557077796718,0.9859557077796718,0.9859557077796718,0.14646526140340643,0.14646526140340643,0.14646526140340643,0.14646526140340643,0.14646526140340643,0.35996684557055403,0.35996684557055403,0.35996684557055403,0.35996684557055403,0.35996684557055403,0.034246437752549874,0.034246437752549874,0.034246437752549874,0.034246437752549874,0.034246437752549874,0.14253268271982547,0.14253268271982547,0.14253268271982547,0.14253268271982547,0.14253268271982547,1.0,1.0,1.0,1.0,1.0,0.0016499523054086345,0.0016499523054086345,0.0016499523054086345,0.0016499523054086345,0.0016499523054086345,0.07926381510949998,0.07926381510949998,0.07926381510949998,0.07926381510949998,0.07926381510949998,0.0,0.0,0.0,0.0,0.0,0.5298075980234929,0.5298075980234929,0.5298075980234929,0.5298075980234929,0.5298075980234929
changed_domain_same_physical_operator,direct_topology,9,1,0.9925337309928951,0.9925337309928951,0.9925337309928951,0.9925337309928951,0.9925337309928951,0.10920903650854319,0.10920903650854319,0.10920903650854319,0.10920903650854319,0.10920903650854319,0.846709001745797,0.846709001745797,0.846709001745797,0.846709001745797,0.846709001745797,0.049354174710164414,0.049354174710164414,0.049354174710164414,0.049354174710164414,0.049354174710164414,0.1125000661203355,0.1125000661203355,0.1125000661203355,0.1125000661203355,0.1125000661203355,1.0,1.0,1.0,1.0,1.0,0.0009051245087460615,0.0009051245087460615,0.0009051245087460615,0.0009051245087460615,0.0009051245087460615,0.07926381510949998,0.07926381510949998,0.07926381510949998,0.07926381510949998,0.07926381510949998,0.0,0.0,0.0,0.0,0.0,0.48674215617524297,0.48674215617524297,0.48674215617524297,0.48674215617524297,0.48674215617524297
changed_domain_same_physical_operator,direct_topology,10,1,0.9717512267605342,0.9717512267605342,0.9717512267605342,0.9717512267605342,0.9717512267605342,0.19131542080789102,0.19131542080789102,0.19131542080789102,0.19131542080789102,0.19131542080789102,0.06297233698010984,0.06297233698010984,0.06297233698010984,0.06297233698010984,0.06297233698010984,0.032691100411238766,0.032691100411238766,0.032691100411238766,0.032691100411238766,0.032691100411238766,0.17499112232466285,0.17499112232466285,0.17499112232466285,0.17499112232466285,0.17499112232466285,1.0,1.0,1.0,1.0,1.0,0.002190076175424573,0.002190076175424573,0.002190076175424573,0.002190076175424573,0.002190076175424573,0.07926381510949998,0.07926381510949998,0.07926381510949998,0.07926381510949998,0.07926381510949998,0.0,0.0,0.0,0.0,0.0,0.7837366647656872,0.7837366647656872,0.7837366647656872,0.7837366647656872,0.7837366647656872
changed_domain_same_physical_operator,hybrid,0,1,0.9939855690045416,0.9939855690045416,0.9939855690045416,0.9939855690045416,0.9939855690045416,0.1321078728918013,0.1321078728918013,0.1321078728918013,0.1321078728918013,0.1321078728918013,0.04684558791723942,0.04684558791723942,0.04684558791723942,0.04684558791723942,0.04684558791723942,0.19569759170133502,0.19569759170133502,0.19569759170133502,0.19569759170133502,0.19569759170133502,0.11611136372817718,0.11611136372817718,0.11611136372817718,0.11611136372817718,0.11611136372817718,1.0,1.0,1.0,1.0,1.0,0.0,0.0,0.0,0.0,0.0,0.07926381510949998,0.07926381510949998,0.07926381510949998,0.07926381510949998,0.07926381510949998,0.0,0.0,0.0,0.0,0.0,,,,,
changed_domain_same_physical_operator,hybrid,1,1,0.9930434526908054,0.9930434526908054,0.9930434526908054,0.9930434526908054,0.9930434526908054,0.10731236441986472,0.10731236441986472,0.10731236441986472,0.10731236441986472,0.10731236441986472,0.15256892241468578,0.15256892241468578,0.15256892241468578,0.15256892241468578,0.15256892241468578,0.10113253250129421,0.10113253250129421,0.10113253250129421,0.10113253250129421,0.10113253250129421,0.09093628669373346,0.09093628669373346,0.09093628669373346,0.09093628669373346,0.09093628669373346,1.0,1.0,1.0,1.0,1.0,0.0027557766787520187,0.0027557766787520187,0.0027557766787520187,0.0027557766787520187,0.0027557766787520187,0.07926381510949998,0.07926381510949998,0.07926381510949998,0.07926381510949998,0.07926381510949998,0.0,0.0,0.0,0.0,0.0,0.10572333449744642,0.10572333449744642,0.10572333449744642,0.10572333449744642,0.10572333449744642
changed_domain_same_physical_operator,hybrid,2,1,0.989762947235198,0.989762947235198,0.989762947235198,0.989762947235198,0.989762947235198,0.12041025259951506,0.12041025259951506,0.12041025259951506,0.12041025259951506,0.12041025259951506,0.23534914429551135,0.23534914429551135,0.23534914429551135,0.23534914429551135,0.23534914429551135,0.08186809327678145,0.08186809327678145,0.08186809327678145,0.08186809327678145,0.08186809327678145,0.13804123686491065,0.13804123686491065,0.13804123686491065,0.13804123686491065,0.13804123686491065,1.0,1.0,1.0,1.0,1.0,0.000783177312447368,0.000783177312447368,0.000783177312447368,0.000783177312447368,0.000783177312447368,0.07926381510949998,0.07926381510949998,0.07926381510949998,0.07926381510949998,0.07926381510949998,0.0,0.0,0.0,0.0,0.0,0.08278022188082557,0.08278022188082557,0.08278022188082557,0.08278022188082557,0.08278022188082557
changed_domain_same_physical_operator,hybrid,3,1,0.9879967255395371,0.9879967255395371,0.9879967255395371,0.9879967255395371,0.9879967255395371,0.13565987071753471,0.13565987071753471,0.13565987071753471,0.13565987071753471,0.13565987071753471,0.2030949640101376,0.2030949640101376,0.2030949640101376,0.2030949640101376,0.2030949640101376,0.0506041587521132,0.0506041587521132,0.0506041587521132,0.0506041587521132,0.0506041587521132,0.16149461862947526,0.16149461862947526,0.16149461862947526,0.16149461862947526,0.16149461862947526,1.0,1.0,1.0,1.0,1.0,0.0011847235759147067,0.0011847235759147067,0.0011847235759147067,0.0011847235759147067,0.0011847235759147067,0.07926381510949998,0.07926381510949998,0.07926381510949998,0.07926381510949998,0.07926381510949998,0.0,0.0,0.0,0.0,0.0,0.43844410830564895,0.43844410830564895,0.43844410830564895,0.43844410830564895,0.43844410830564895
changed_domain_same_physical_operator,hybrid,4,1,0.9932341196143732,0.9932341196143732,0.9932341196143732,0.9932341196143732,0.9932341196143732,0.11027900888240755,0.11027900888240755,0.11027900888240755,0.11027900888240755,0.11027900888240755,0.1223201973991701,0.1223201973991701,0.1223201973991701,0.1223201973991701,0.1223201973991701,0.04679035657085756,0.04679035657085756,0.04679035657085756,0.04679035657085756,0.04679035657085756,0.11154614456301935,0.11154614456301935,0.11154614456301935,0.11154614456301935,0.11154614456301935,1.0,1.0,1.0,1.0,1.0,0.0011475579986478567,0.0011475579986478567,0.0011475579986478567,0.0011475579986478567,0.0011475579986478567,0.07926381510949998,0.07926381510949998,0.07926381510949998,0.07926381510949998,0.07926381510949998,0.0,0.0,0.0,0.0,0.0,0.0807747666109675,0.0807747666109675,0.0807747666109675,0.0807747666109675,0.0807747666109675
changed_domain_same_physical_operator,hybrid,5,1,0.9920402620706213,0.9920402620706213,0.9920402620706213,0.9920402620706213,0.9920402620706213,0.11175888999473263,0.11175888999473263,0.11175888999473263,0.11175888999473263,0.11175888999473263,0.629000011637741,0.629000011637741,0.629000011637741,0.629000011637741,0.629000011637741,0.06451112091087972,0.06451112091087972,0.06451112091087972,0.06451112091087972,0.06451112091087972,0.10318590904977876,0.10318590904977876,0.10318590904977876,0.10318590904977876,0.10318590904977876,1.0,1.0,1.0,1.0,1.0,0.0016263976846070905,0.0016263976846070905,0.0016263976846070905,0.0016263976846070905,0.0016263976846070905,0.07926381510949998,0.07926381510949998,0.07926381510949998,0.07926381510949998,0.07926381510949998,0.0,0.0,0.0,0.0,0.0,0.5066798142385709,0.5066798142385709,0.5066798142385709,0.5066798142385709,0.5066798142385709
changed_domain_same_physical_operator,hybrid,6,1,0.9848314995714705,0.9848314995714705,0.9848314995714705,0.9848314995714705,0.9848314995714705,0.14540954630893213,0.14540954630893213,0.14540954630893213,0.14540954630893213,0.14540954630893213,0.2700606432203978,0.2700606432203978,0.2700606432203978,0.2700606432203978,0.2700606432203978,0.037300152927445734,0.037300152927445734,0.037300152927445734,0.037300152927445734,0.037300152927445734,0.14460058609739695,0.14460058609739695,0.14460058609739695,0.14460058609739695,0.14460058609739695,1.0,1.0,1.0,1.0,1.0,0.002074503142327508,0.002074503142327508,0.002074503142327508,0.002074503142327508,0.002074503142327508,0.07926381510949998,0.07926381510949998,0.07926381510949998,0.07926381510949998,0.07926381510949998,0.0,0.0,0.0,0.0,0.0,0.3589393684173432,0.3589393684173432,0.3589393684173432,0.3589393684173432,0.3589393684173432
changed_domain_same_physical_operator,hybrid,7,1,0.9942560641984972,0.9942560641984972,0.9942560641984972,0.9942560641984972,0.9942560641984972,0.09279904005475749,0.09279904005475749,0.09279904005475749,0.09279904005475749,0.09279904005475749,0.8897744435940469,0.8897744435940469,0.8897744435940469,0.8897744435940469,0.8897744435940469,0.06200077167396892,0.06200077167396892,0.06200077167396892,0.06200077167396892,0.06200077167396892,0.09361300530864443,0.09361300530864443,0.09361300530864443,0.09361300530864443,0.09361300530864443,1.0,1.0,1.0,1.0,1.0,0.0010779268472046505,0.0010779268472046505,0.0010779268472046505,0.0010779268472046505,0.0010779268472046505,0.07926381510949998,0.07926381510949998,0.07926381510949998,0.07926381510949998,0.07926381510949998,0.0,0.0,0.0,0.0,0.0,0.6197138003736491,0.6197138003736491,0.6197138003736491,0.6197138003736491,0.6197138003736491
changed_domain_same_physical_operator,hybrid,8,1,0.9859557077796718,0.9859557077796718,0.9859557077796718,0.9859557077796718,0.9859557077796718,0.14646526140340643,0.14646526140340643,0.14646526140340643,0.14646526140340643,0.14646526140340643,0.35996684557055403,0.35996684557055403,0.35996684557055403,0.35996684557055403,0.35996684557055403,0.034246437752549874,0.034246437752549874,0.034246437752549874,0.034246437752549874,0.034246437752549874,0.14253268271982547,0.14253268271982547,0.14253268271982547,0.14253268271982547,0.14253268271982547,1.0,1.0,1.0,1.0,1.0,0.0016499523054086345,0.0016499523054086345,0.0016499523054086345,0.0016499523054086345,0.0016499523054086345,0.07926381510949998,0.07926381510949998,0.07926381510949998,0.07926381510949998,0.07926381510949998,0.0,0.0,0.0,0.0,0.0,0.5298075980234929,0.5298075980234929,0.5298075980234929,0.5298075980234929,0.5298075980234929
changed_domain_same_physical_operator,hybrid,9,1,0.9925337309928951,0.9925337309928951,0.9925337309928951,0.9925337309928951,0.9925337309928951,0.10920903650854319,0.10920903650854319,0.10920903650854319,0.10920903650854319,0.10920903650854319,0.846709001745797,0.846709001745797,0.846709001745797,0.846709001745797,0.846709001745797,0.049354174710164414,0.049354174710164414,0.049354174710164414,0.049354174710164414,0.049354174710164414,0.1125000661203355,0.1125000661203355,0.1125000661203355,0.1125000661203355,0.1125000661203355,1.0,1.0,1.0,1.0,1.0,0.0009051245087460615,0.0009051245087460615,0.0009051245087460615,0.0009051245087460615,0.0009051245087460615,0.07926381510949998,0.07926381510949998,0.07926381510949998,0.07926381510949998,0.07926381510949998,0.0,0.0,0.0,0.0,0.0,0.48674215617524297,0.48674215617524297,0.48674215617524297,0.48674215617524297,0.48674215617524297
changed_domain_same_physical_operator,hybrid,10,1,0.9717512267605342,0.9717512267605342,0.9717512267605342,0.9717512267605342,0.9717512267605342,0.19131542080789102,0.19131542080789102,0.19131542080789102,0.19131542080789102,0.19131542080789102,0.06297233698010984,0.06297233698010984,0.06297233698010984,0.06297233698010984,0.06297233698010984,0.032691100411238766,0.032691100411238766,0.032691100411238766,0.032691100411238766,0.032691100411238766,0.17499112232466285,0.17499112232466285,0.17499112232466285,0.17499112232466285,0.17499112232466285,1.0,1.0,1.0,1.0,1.0,0.002190076175424573,0.002190076175424573,0.002190076175424573,0.002190076175424573,0.002190076175424573,0.07926381510949998,0.07926381510949998,0.07926381510949998,0.07926381510949998,0.07926381510949998,0.0,0.0,0.0,0.0,0.0,0.7837366647656872,0.7837366647656872,0.7837366647656872,0.7837366647656872,0.7837366647656872
changed_domain_same_physical_operator,initial_ritz,0,1,0.9999916397364528,0.9999916397364528,0.9999916397364528,0.9999916397364528,0.9999916397364528,0.009122860659426794,0.009122860659426794,0.009122860659426794,0.009122860659426794,0.009122860659426794,0.0004302589377472299,0.0004302589377472299,0.0004302589377472299,0.0004302589377472299,0.0004302589377472299,0.03550866697291127,0.03550866697291127,0.03550866697291127,0.03550866697291127,0.03550866697291127,0.0020059372912165216,0.0020059372912165216,0.0020059372912165216,0.0020059372912165216,0.0020059372912165216,1.0,1.0,1.0,1.0,1.0,,,,,,1.6367310854414896e-06,1.6367310854414896e-06,1.6367310854414896e-06,1.6367310854414896e-06,1.6367310854414896e-06,0.0,0.0,0.0,0.0,0.0,,,,,
changed_domain_same_physical_operator,initial_ritz,1,1,0.9999400153309863,0.9999400153309863,0.9999400153309863,0.9999400153309863,0.9999400153309863,0.024126555355226113,0.024126555355226113,0.024126555355226113,0.024126555355226113,0.024126555355226113,0.001783476247693594,0.001783476247693594,0.001783476247693594,0.001783476247693594,0.001783476247693594,0.04358616265317899,0.04358616265317899,0.04358616265317899,0.04358616265317899,0.04358616265317899,0.008099704816256903,0.008099704816256903,0.008099704816256903,0.008099704816256903,0.008099704816256903,0.0,0.0,0.0,0.0,0.0,,,,,,1.6367310854414896e-06,1.6367310854414896e-06,1.6367310854414896e-06,1.6367310854414896e-06,1.6367310854414896e-06,0.0,0.0,0.0,0.0,0.0,0.0013532173099464195,0.0013532173099464195,0.0013532173099464195,0.0013532173099464195,0.0013532173099464195
changed_domain_same_physical_operator,initial_ritz,2,1,0.999891922600761,0.999891922600761,0.999891922600761,0.999891922600761,0.999891922600761,0.028660008441136187,0.028660008441136187,0.028660008441136187,0.028660008441136187,0.028660008441136187,0.005388702706155879,0.005388702706155879,0.005388702706155879,0.005388702706155879,0.005388702706155879,0.032174712571027775,0.032174712571027775,0.032174712571027775,0.032174712571027775,0.032174712571027775,0.01578025356725579,0.01578025356725579,0.01578025356725579,0.01578025356725579,0.01578025356725579,0.0,0.0,0.0,0.0,0.0,,,,,,1.6367310854414896e-06,1.6367310854414896e-06,1.6367310854414896e-06,1.6367310854414896e-06,1.6367310854414896e-06,0.0,0.0,0.0,0.0,0.0,0.003605226458462285,0.003605226458462285,0.003605226458462285,0.003605226458462285,0.003605226458462285
changed_domain_same_physical_operator,initial_ritz,3,1,0.9997431155268709,0.9997431155268709,0.9997431155268709,0.9997431155268709,0.9997431155268709,0.03452999638906254,0.03452999638906254,0.03452999638906254,0.03452999638906254,0.03452999638906254,0.010530943887811617,0.010530943887811617,0.010530943887811617,0.010530943887811617,0.010530943887811617,0.025648938448226806,0.025648938448226806,0.025648938448226806,0.025648938448226806,0.025648938448226806,0.02326088847965729,0.02326088847965729,0.02326088847965729,0.02326088847965729,0.02326088847965729,1.0,1.0,1.0,1.0,1.0,7.797063764075634e-05,7.797063764075634e-05,7.797063764075634e-05,7.797063764075634e-05,7.797063764075634e-05,1.6367310854414896e-06,1.6367310854414896e-06,1.6367310854414896e-06,1.6367310854414896e-06,1.6367310854414896e-06,0.0,0.0,0.0,0.0,0.0,0.005142241181655738,0.005142241181655738,0.005142241181655738,0.005142241181655738,0.005142241181655738
changed_domain_same_physical_operator,initial_ritz,4,1,0.9990166228054832,0.9990166228054832,0.9990166228054832,0.9990166228054832,0.9990166228054832,0.06262805663443714,0.06262805663443714,0.06262805663443714,0.06262805663443714,0.06262805663443714,0.011814095203368957,0.011814095203368957,0.011814095203368957,0.011814095203368957,0.011814095203368957,0.040268303375645395,0.040268303375645395,0.040268303375645395,0.040268303375645395,0.040268303375645395,0.04484873024452337,0.04484873024452337,0.04484873024452337,0.04484873024452337,0.04484873024452337,1.0,1.0,1.0,1.0,1.0,0.0003245572698573262,0.0003245572698573262,0.0003245572698573262,0.0003245572698573262,0.0003245572698573262,1.6367310854414896e-06,1.6367310854414896e-06,1.6367310854414896e-06,1.6367310854414896e-06,1.6367310854414896e-06,0.0,0.0,0.0,0.0,0.0,0.0012831513155573404,0.0012831513155573404,0.0012831513155573404,0.0012831513155573404,0.0012831513155573404
changed_domain_same_physical_operator,initial_ritz,5,1,0.9985823208659831,0.9985823208659831,0.9985823208659831,0.9985823208659831,0.9985823208659831,0.059025700210665964,0.059025700210665964,0.059025700210665964,0.059025700210665964,0.059025700210665964,0.02160232906050119,0.02160232906050119,0.02160232906050119,0.02160232906050119,0.02160232906050119,0.029499197660802463,0.029499197660802463,0.029499197660802463,0.029499197660802463,0.029499197660802463,0.04462407170214083,0.04462407170214083,0.04462407170214083,0.04462407170214083,0.04462407170214083,1.0,1.0,1.0,1.0,1.0,0.0003199399234362585,0.0003199399234362585,0.0003199399234362585,0.0003199399234362585,0.0003199399234362585,1.6367310854414896e-06,1.6367310854414896e-06,1.6367310854414896e-06,1.6367310854414896e-06,1.6367310854414896e-06,0.0,0.0,0.0,0.0,0.0,0.009788233857132234,0.009788233857132234,0.009788233857132234,0.009788233857132234,0.009788233857132234
changed_domain_same_physical_operator,initial_ritz,6,1,0.9984564519818633,0.9984564519818633,0.9984564519818633,0.9984564519818633,0.9984564519818633,0.0634278920160128,0.0634278920160128,0.0634278920160128,0.0634278920160128,0.0634278920160128,0.034705534910705715,0.034705534910705715,0.034705534910705715,0.034705534910705715,0.034705534910705715,0.026019369757625133,0.026019369757625133,0.026019369757625133,0.026019369757625133,0.026019369757625133,0.05445779875171186,0.05445779875171186,0.05445779875171186,0.05445779875171186,0.05445779875171186,1.0,1.0,1.0,1.0,1.0,,,,,,1.6367310854414896e-06,1.6367310854414896e-06,1.6367310854414896e-06,1.6367310854414896e-06,1.6367310854414896e-06,0.0,0.0,0.0,0.0,0.0,0.013103205850204525,0.013103205850204525,0.013103205850204525,0.013103205850204525,0.013103205850204525
changed_domain_same_physical_operator,initial_ritz,7,1,0.9982469488602331,0.9982469488602331,0.9982469488602331,0.9982469488602331,0.9982469488602331,0.062365876170336926,0.062365876170336926,0.062365876170336926,0.062365876170336926,0.062365876170336926,0.0518139582003867,0.0518139582003867,0.0518139582003867,0.0518139582003867,0.0518139582003867,0.020332488666718187,0.020332488666718187,0.020332488666718187,0.020332488666718187,0.020332488666718187,0.05660379329654952,0.05660379329654952,0.05660379329654952,0.05660379329654952,0.05660379329654952,1.0,1.0,1.0,1.0,1.0,0.00048612274562979626,0.00048612274562979626,0.00048612274562979626,0.00048612274562979626,0.00048612274562979626,1.6367310854414896e-06,1.6367310854414896e-06,1.6367310854414896e-06,1.6367310854414896e-06,1.6367310854414896e-06,0.0,0.0,0.0,0.0,0.0,0.017108423289680985,0.017108423289680985,0.017108423289680985,0.017108423289680985,0.017108423289680985
changed_domain_same_physical_operator,initial_ritz,8,1,0.9953730475670538,0.9953730475670538,0.9953730475670538,0.9953730475670538,0.9953730475670538,0.09386924038557898,0.09386924038557898,0.09386924038557898,0.09386924038557898,0.09386924038557898,0.056882290781985034,0.056882290781985034,0.056882290781985034,0.056882290781985034,0.056882290781985034,0.0253767276599459,0.0253767276599459,0.0253767276599459,0.0253767276599459,0.0253767276599459,0.09804096808537205,0.09804096808537205,0.09804096808537205,0.09804096808537205,0.09804096808537205,1.0,1.0,1.0,1.0,1.0,0.00076821542830583,0.00076821542830583,0.00076821542830583,0.00076821542830583,0.00076821542830583,1.6367310854414896e-06,1.6367310854414896e-06,1.6367310854414896e-06,1.6367310854414896e-06,1.6367310854414896e-06,0.0,0.0,0.0,0.0,0.0,0.005068332581598334,0.005068332581598334,0.005068332581598334,0.005068332581598334,0.005068332581598334
changed_domain_same_physical_operator,initial_ritz,9,1,0.9939060249408701,0.9939060249408701,0.9939060249408701,0.9939060249408701,0.9939060249408701,0.10323802337440635,0.10323802337440635,0.10323802337440635,0.10323802337440635,0.10323802337440635,0.07411123446025769,0.07411123446025769,0.07411123446025769,0.07411123446025769,0.07411123446025769,0.024084725268658312,0.024084725268658312,0.024084725268658312,0.024084725268658312,0.024084725268658312,0.10895828894242889,0.10895828894242889,0.10895828894242889,0.10895828894242889,0.10895828894242889,1.0,1.0,1.0,1.0,1.0,0.0007929466208682642,0.0007929466208682642,0.0007929466208682642,0.0007929466208682642,0.0007929466208682642,1.6367310854414896e-06,1.6367310854414896e-06,1.6367310854414896e-06,1.6367310854414896e-06,1.6367310854414896e-06,0.0,0.0,0.0,0.0,0.0,0.017228943678272657,0.017228943678272657,0.017228943678272657,0.017228943678272657,0.017228943678272657
changed_domain_same_physical_operator,initial_ritz,10,1,0.9836778138145345,0.9836778138145345,0.9836778138145345,0.9836778138145345,0.9836778138145345,0.16960485749200013,0.16960485749200013,0.16960485749200013,0.16960485749200013,0.16960485749200013,0.0701205432689136,0.0701205432689136,0.0701205432689136,0.0701205432689136,0.0701205432689136,0.03149379924839631,0.03149379924839631,0.03149379924839631,0.03149379924839631,0.03149379924839631,0.1720496356639703,0.1720496356639703,0.1720496356639703,0.1720496356639703,0.1720496356639703,1.0,1.0,1.0,1.0,1.0,0.0012876947249648063,0.0012876947249648063,0.0012876947249648063,0.0012876947249648063,0.0012876947249648063,1.6367310854414896e-06,1.6367310854414896e-06,1.6367310854414896e-06,1.6367310854414896e-06,1.6367310854414896e-06,0.0,0.0,0.0,0.0,0.0,0.003990691191344098,0.003990691191344098,0.003990691191344098,0.003990691191344098,0.003990691191344098
changed_domain_same_physical_operator,physics_selected,0,1,0.9939855690045416,0.9939855690045416,0.9939855690045416,0.9939855690045416,0.9939855690045416,0.1321078728918013,0.1321078728918013,0.1321078728918013,0.1321078728918013,0.1321078728918013,0.04684558791723942,0.04684558791723942,0.04684558791723942,0.04684558791723942,0.04684558791723942,0.19569759170133502,0.19569759170133502,0.19569759170133502,0.19569759170133502,0.19569759170133502,0.11611136372817718,0.11611136372817718,0.11611136372817718,0.11611136372817718,0.11611136372817718,1.0,1.0,1.0,1.0,1.0,0.0,0.0,0.0,0.0,0.0,0.07926381510949998,0.07926381510949998,0.07926381510949998,0.07926381510949998,0.07926381510949998,0.0,0.0,0.0,0.0,0.0,,,,,
changed_domain_same_physical_operator,physics_selected,1,1,0.9930434526908054,0.9930434526908054,0.9930434526908054,0.9930434526908054,0.9930434526908054,0.10731236441986472,0.10731236441986472,0.10731236441986472,0.10731236441986472,0.10731236441986472,0.15256892241468578,0.15256892241468578,0.15256892241468578,0.15256892241468578,0.15256892241468578,0.10113253250129421,0.10113253250129421,0.10113253250129421,0.10113253250129421,0.10113253250129421,0.09093628669373346,0.09093628669373346,0.09093628669373346,0.09093628669373346,0.09093628669373346,1.0,1.0,1.0,1.0,1.0,0.0027557766787520187,0.0027557766787520187,0.0027557766787520187,0.0027557766787520187,0.0027557766787520187,0.07926381510949998,0.07926381510949998,0.07926381510949998,0.07926381510949998,0.07926381510949998,0.0,0.0,0.0,0.0,0.0,0.10572333449744642,0.10572333449744642,0.10572333449744642,0.10572333449744642,0.10572333449744642
changed_domain_same_physical_operator,physics_selected,2,1,0.989762947235198,0.989762947235198,0.989762947235198,0.989762947235198,0.989762947235198,0.12041025259951506,0.12041025259951506,0.12041025259951506,0.12041025259951506,0.12041025259951506,0.23534914429551135,0.23534914429551135,0.23534914429551135,0.23534914429551135,0.23534914429551135,0.08186809327678145,0.08186809327678145,0.08186809327678145,0.08186809327678145,0.08186809327678145,0.13804123686491065,0.13804123686491065,0.13804123686491065,0.13804123686491065,0.13804123686491065,1.0,1.0,1.0,1.0,1.0,0.000783177312447368,0.000783177312447368,0.000783177312447368,0.000783177312447368,0.000783177312447368,0.07926381510949998,0.07926381510949998,0.07926381510949998,0.07926381510949998,0.07926381510949998,0.0,0.0,0.0,0.0,0.0,0.08278022188082557,0.08278022188082557,0.08278022188082557,0.08278022188082557,0.08278022188082557
changed_domain_same_physical_operator,physics_selected,3,1,0.9879967255395371,0.9879967255395371,0.9879967255395371,0.9879967255395371,0.9879967255395371,0.13565987071753471,0.13565987071753471,0.13565987071753471,0.13565987071753471,0.13565987071753471,0.2030949640101376,0.2030949640101376,0.2030949640101376,0.2030949640101376,0.2030949640101376,0.0506041587521132,0.0506041587521132,0.0506041587521132,0.0506041587521132,0.0506041587521132,0.16149461862947526,0.16149461862947526,0.16149461862947526,0.16149461862947526,0.16149461862947526,1.0,1.0,1.0,1.0,1.0,0.0011847235759147067,0.0011847235759147067,0.0011847235759147067,0.0011847235759147067,0.0011847235759147067,0.07926381510949998,0.07926381510949998,0.07926381510949998,0.07926381510949998,0.07926381510949998,0.0,0.0,0.0,0.0,0.0,0.43844410830564895,0.43844410830564895,0.43844410830564895,0.43844410830564895,0.43844410830564895
changed_domain_same_physical_operator,physics_selected,4,1,0.9932341196143732,0.9932341196143732,0.9932341196143732,0.9932341196143732,0.9932341196143732,0.11027900888240755,0.11027900888240755,0.11027900888240755,0.11027900888240755,0.11027900888240755,0.1223201973991701,0.1223201973991701,0.1223201973991701,0.1223201973991701,0.1223201973991701,0.04679035657085756,0.04679035657085756,0.04679035657085756,0.04679035657085756,0.04679035657085756,0.11154614456301935,0.11154614456301935,0.11154614456301935,0.11154614456301935,0.11154614456301935,1.0,1.0,1.0,1.0,1.0,0.0011475579986478567,0.0011475579986478567,0.0011475579986478567,0.0011475579986478567,0.0011475579986478567,0.07926381510949998,0.07926381510949998,0.07926381510949998,0.07926381510949998,0.07926381510949998,0.0,0.0,0.0,0.0,0.0,0.0807747666109675,0.0807747666109675,0.0807747666109675,0.0807747666109675,0.0807747666109675
changed_domain_same_physical_operator,physics_selected,5,1,0.9920402620706213,0.9920402620706213,0.9920402620706213,0.9920402620706213,0.9920402620706213,0.11175888999473263,0.11175888999473263,0.11175888999473263,0.11175888999473263,0.11175888999473263,0.629000011637741,0.629000011637741,0.629000011637741,0.629000011637741,0.629000011637741,0.06451112091087972,0.06451112091087972,0.06451112091087972,0.06451112091087972,0.06451112091087972,0.10318590904977876,0.10318590904977876,0.10318590904977876,0.10318590904977876,0.10318590904977876,1.0,1.0,1.0,1.0,1.0,0.0016263976846070905,0.0016263976846070905,0.0016263976846070905,0.0016263976846070905,0.0016263976846070905,0.07926381510949998,0.07926381510949998,0.07926381510949998,0.07926381510949998,0.07926381510949998,0.0,0.0,0.0,0.0,0.0,0.5066798142385709,0.5066798142385709,0.5066798142385709,0.5066798142385709,0.5066798142385709
changed_domain_same_physical_operator,physics_selected,6,1,0.9848314995714705,0.9848314995714705,0.9848314995714705,0.9848314995714705,0.9848314995714705,0.14540954630893213,0.14540954630893213,0.14540954630893213,0.14540954630893213,0.14540954630893213,0.2700606432203978,0.2700606432203978,0.2700606432203978,0.2700606432203978,0.2700606432203978,0.037300152927445734,0.037300152927445734,0.037300152927445734,0.037300152927445734,0.037300152927445734,0.14460058609739695,0.14460058609739695,0.14460058609739695,0.14460058609739695,0.14460058609739695,1.0,1.0,1.0,1.0,1.0,0.002074503142327508,0.002074503142327508,0.002074503142327508,0.002074503142327508,0.002074503142327508,0.07926381510949998,0.07926381510949998,0.07926381510949998,0.07926381510949998,0.07926381510949998,0.0,0.0,0.0,0.0,0.0,0.3589393684173432,0.3589393684173432,0.3589393684173432,0.3589393684173432,0.3589393684173432
changed_domain_same_physical_operator,physics_selected,7,1,0.9942560641984972,0.9942560641984972,0.9942560641984972,0.9942560641984972,0.9942560641984972,0.09279904005475749,0.09279904005475749,0.09279904005475749,0.09279904005475749,0.09279904005475749,0.8897744435940469,0.8897744435940469,0.8897744435940469,0.8897744435940469,0.8897744435940469,0.06200077167396892,0.06200077167396892,0.06200077167396892,0.06200077167396892,0.06200077167396892,0.09361300530864443,0.09361300530864443,0.09361300530864443,0.09361300530864443,0.09361300530864443,1.0,1.0,1.0,1.0,1.0,0.0010779268472046505,0.0010779268472046505,0.0010779268472046505,0.0010779268472046505,0.0010779268472046505,0.07926381510949998,0.07926381510949998,0.07926381510949998,0.07926381510949998,0.07926381510949998,0.0,0.0,0.0,0.0,0.0,0.6197138003736491,0.6197138003736491,0.6197138003736491,0.6197138003736491,0.6197138003736491
changed_domain_same_physical_operator,physics_selected,8,1,0.9859557077796718,0.9859557077796718,0.9859557077796718,0.9859557077796718,0.9859557077796718,0.14646526140340643,0.14646526140340643,0.14646526140340643,0.14646526140340643,0.14646526140340643,0.35996684557055403,0.35996684557055403,0.35996684557055403,0.35996684557055403,0.35996684557055403,0.034246437752549874,0.034246437752549874,0.034246437752549874,0.034246437752549874,0.034246437752549874,0.14253268271982547,0.14253268271982547,0.14253268271982547,0.14253268271982547,0.14253268271982547,1.0,1.0,1.0,1.0,1.0,0.0016499523054086345,0.0016499523054086345,0.0016499523054086345,0.0016499523054086345,0.0016499523054086345,0.07926381510949998,0.07926381510949998,0.07926381510949998,0.07926381510949998,0.07926381510949998,0.0,0.0,0.0,0.0,0.0,0.5298075980234929,0.5298075980234929,0.5298075980234929,0.5298075980234929,0.5298075980234929
changed_domain_same_physical_operator,physics_selected,9,1,0.9925337309928951,0.9925337309928951,0.9925337309928951,0.9925337309928951,0.9925337309928951,0.10920903650854319,0.10920903650854319,0.10920903650854319,0.10920903650854319,0.10920903650854319,0.846709001745797,0.846709001745797,0.846709001745797,0.846709001745797,0.846709001745797,0.049354174710164414,0.049354174710164414,0.049354174710164414,0.049354174710164414,0.049354174710164414,0.1125000661203355,0.1125000661203355,0.1125000661203355,0.1125000661203355,0.1125000661203355,1.0,1.0,1.0,1.0,1.0,0.0009051245087460615,0.0009051245087460615,0.0009051245087460615,0.0009051245087460615,0.0009051245087460615,0.07926381510949998,0.07926381510949998,0.07926381510949998,0.07926381510949998,0.07926381510949998,0.0,0.0,0.0,0.0,0.0,0.48674215617524297,0.48674215617524297,0.48674215617524297,0.48674215617524297,0.48674215617524297
changed_domain_same_physical_operator,physics_selected,10,1,0.9717512267605342,0.9717512267605342,0.9717512267605342,0.9717512267605342,0.9717512267605342,0.19131542080789102,0.19131542080789102,0.19131542080789102,0.19131542080789102,0.19131542080789102,0.06297233698010984,0.06297233698010984,0.06297233698010984,0.06297233698010984,0.06297233698010984,0.032691100411238766,0.032691100411238766,0.032691100411238766,0.032691100411238766,0.032691100411238766,0.17499112232466285,0.17499112232466285,0.17499112232466285,0.17499112232466285,0.17499112232466285,1.0,1.0,1.0,1.0,1.0,0.002190076175424573,0.002190076175424573,0.002190076175424573,0.002190076175424573,0.002190076175424573,0.07926381510949998,0.07926381510949998,0.07926381510949998,0.07926381510949998,0.07926381510949998,0.0,0.0,0.0,0.0,0.0,0.7837366647656872,0.7837366647656872,0.7837366647656872,0.7837366647656872,0.7837366647656872
constant_potential_shift,direct_topology,0,1,0.9690257586171201,0.9690257586171201,0.9690257586171201,0.9690257586171201,0.9690257586171201,0.35051025644420397,0.35051025644420397,0.35051025644420397,0.35051025644420397,0.35051025644420397,0.04442684225598903,0.04442684225598903,0.04442684225598903,0.04442684225598903,0.04442684225598903,0.10312201023407308,0.10312201023407308,0.10312201023407308,0.10312201023407308,0.10312201023407308,0.2821837748492574,0.2821837748492574,0.2821837748492574,0.2821837748492574,0.2821837748492574,1.0,1.0,1.0,1.0,1.0,0.0,0.0,0.0,0.0,0.0,0.10684565232976695,0.10684565232976695,0.10684565232976695,0.10684565232976695,0.10684565232976695,0.0,0.0,0.0,0.0,0.0,,,,,
constant_potential_shift,direct_topology,1,1,0.9797523608750094,0.9797523608750094,0.9797523608750094,0.9797523608750094,0.9797523608750094,0.2087710114615149,0.2087710114615149,0.2087710114615149,0.2087710114615149,0.2087710114615149,0.16260619084886763,0.16260619084886763,0.16260619084886763,0.16260619084886763,0.16260619084886763,0.06594654979452058,0.06594654979452058,0.06594654979452058,0.06594654979452058,0.06594654979452058,0.18850381359486396,0.18850381359486396,0.18850381359486396,0.18850381359486396,0.18850381359486396,1.0,1.0,1.0,1.0,1.0,0.004754783016933732,0.004754783016933732,0.004754783016933732,0.004754783016933732,0.004754783016933732,0.10684565232976695,0.10684565232976695,0.10684565232976695,0.10684565232976695,0.10684565232976695,0.0,0.0,0.0,0.0,0.0,0.1181793485928786,0.1181793485928786,0.1181793485928786,0.1181793485928786,0.1181793485928786
constant_potential_shift,direct_topology,2,1,0.982737826743421,0.982737826743421,0.982737826743421,0.982737826743421,0.982737826743421,0.10693693592346822,0.10693693592346822,0.10693693592346822,0.10693693592346822,0.10693693592346822,0.9106197443442792,0.9106197443442792,0.9106197443442792,0.9106197443442792,0.9106197443442792,0.07254496251990092,0.07254496251990092,0.07254496251990092,0.07254496251990092,0.07254496251990092,0.18616806570910543,0.18616806570910543,0.18616806570910543,0.18616806570910543,0.18616806570910543,1.0,1.0,1.0,1.0,1.0,0.002311890758020695,0.002311890758020695,0.002311890758020695,0.002311890758020695,0.002311890758020695,0.10684565232976695,0.10684565232976695,0.10684565232976695,0.10684565232976695,0.10684565232976695,0.0,0.0,0.0,0.0,0.0,1.0732259351931468,1.0732259351931468,1.0732259351931468,1.0732259351931468,1.0732259351931468
constant_potential_shift,direct_topology,3,1,0.9879595416807554,0.9879595416807554,0.9879595416807554,0.9879595416807554,0.9879595416807554,0.1254350909321579,0.1254350909321579,0.1254350909321579,0.1254350909321579,0.1254350909321579,1.8394294259991586,1.8394294259991586,1.8394294259991586,1.8394294259991586,1.8394294259991586,0.09384501093736235,0.09384501093736235,0.09384501093736235,0.09384501093736235,0.09384501093736235,0.18082552191905232,0.18082552191905232,0.18082552191905232,0.18082552191905232,0.18082552191905232,1.0,1.0,1.0,1.0,1.0,0.0008107161057514363,0.0008107161057514363,0.0008107161057514363,0.0008107161057514363,0.0008107161057514363,0.10684565232976695,0.10684565232976695,0.10684565232976695,0.10684565232976695,0.10684565232976695,0.0,0.0,0.0,0.0,0.0,0.9288096816548794,0.9288096816548794,0.9288096816548794,0.9288096816548794,0.9288096816548794
constant_potential_shift,direct_topology,4,1,0.9882631414331994,0.9882631414331994,0.9882631414331994,0.9882631414331994,0.9882631414331994,0.1415257195996568,0.1415257195996568,0.1415257195996568,0.1415257195996568,0.1415257195996568,2.0613843745356277,2.0613843745356277,2.0613843745356277,2.0613843745356277,2.0613843745356277,0.08646730693260399,0.08646730693260399,0.08646730693260399,0.08646730693260399,0.08646730693260399,0.16210621190635333,0.16210621190635333,0.16210621190635333,0.16210621190635333,0.16210621190635333,1.0,1.0,1.0,1.0,1.0,0.0006404420392660445,0.0006404420392660445,0.0006404420392660445,0.0006404420392660445,0.0006404420392660445,0.10684565232976695,0.10684565232976695,0.10684565232976695,0.10684565232976695,0.10684565232976695,0.0,0.0,0.0,0.0,0.0,0.22195494853646913,0.22195494853646913,0.22195494853646913,0.22195494853646913,0.22195494853646913
constant_potential_shift,direct_topology,5,1,0.9907812449665261,0.9907812449665261,0.9907812449665261,0.9907812449665261,0.9907812449665261,0.1092999931103902,0.1092999931103902,0.1092999931103902,0.1092999931103902,0.1092999931103902,2.509514170000898,2.509514170000898,2.509514170000898,2.509514170000898,2.509514170000898,0.08679628141704013,0.08679628141704013,0.08679628141704013,0.08679628141704013,0.08679628141704013,0.1441875609231238,0.1441875609231238,0.1441875609231238,0.1441875609231238,0.1441875609231238,1.0,1.0,1.0,1.0,1.0,0.0006047047955283522,0.0006047047955283522,0.0006047047955283522,0.0006047047955283522,0.0006047047955283522,0.10684565232976695,0.10684565232976695,0.10684565232976695,0.10684565232976695,0.10684565232976695,0.0,0.0,0.0,0.0,0.0,0.4481297954652703,0.4481297954652703,0.4481297954652703,0.4481297954652703,0.4481297954652703
constant_potential_shift,direct_topology,6,1,0.9859656721127772,0.9859656721127772,0.9859656721127772,0.9859656721127772,0.9859656721127772,0.12885912932719096,0.12885912932719096,0.12885912932719096,0.12885912932719096,0.12885912932719096,3.027122820822518,3.027122820822518,3.027122820822518,3.027122820822518,3.027122820822518,0.09094529616324347,0.09094529616324347,0.09094529616324347,0.09094529616324347,0.09094529616324347,0.16469738498064657,0.16469738498064657,0.16469738498064657,0.16469738498064657,0.16469738498064657,1.0,1.0,1.0,1.0,1.0,0.0012752428600659434,0.0012752428600659434,0.0012752428600659434,0.0012752428600659434,0.0012752428600659434,0.10684565232976695,0.10684565232976695,0.10684565232976695,0.10684565232976695,0.10684565232976695,0.0,0.0,0.0,0.0,0.0,0.5176086508216198,0.5176086508216198,0.5176086508216198,0.5176086508216198,0.5176086508216198
constant_potential_shift,direct_topology,7,1,0.9673022069578827,0.9673022069578827,0.9673022069578827,0.9673022069578827,0.9673022069578827,0.15477622771736924,0.15477622771736924,0.15477622771736924,0.15477622771736924,0.15477622771736924,2.7888922440592125,2.7888922440592125,2.7888922440592125,2.7888922440592125,2.7888922440592125,0.076493596136312,0.076493596136312,0.076493596136312,0.076493596136312,0.076493596136312,0.23741804131907504,0.23741804131907504,0.23741804131907504,0.23741804131907504,0.23741804131907504,1.0,1.0,1.0,1.0,1.0,0.0016485146819917016,0.0016485146819917016,0.0016485146819917016,0.0016485146819917016,0.0016485146819917016,0.10684565232976695,0.10684565232976695,0.10684565232976695,0.10684565232976695,0.10684565232976695,0.0,0.0,0.0,0.0,0.0,0.23823057676330528,0.23823057676330528,0.23823057676330528,0.23823057676330528,0.23823057676330528
constant_potential_shift,direct_topology,8,1,0.9566577554964938,0.9566577554964938,0.9566577554964938,0.9566577554964938,0.9566577554964938,0.18327718650104768,0.18327718650104768,0.18327718650104768,0.18327718650104768,0.18327718650104768,3.2404212238440913,3.2404212238440913,3.2404212238440913,3.2404212238440913,3.2404212238440913,0.08098427931683987,0.08098427931683987,0.08098427931683987,0.08098427931683987,0.08098427931683987,0.2729383796915522,0.2729383796915522,0.2729383796915522,0.2729383796915522,0.2729383796915522,1.0,1.0,1.0,1.0,1.0,0.0019788071869418643,0.0019788071869418643,0.0019788071869418643,0.0019788071869418643,0.0019788071869418643,0.10684565232976695,0.10684565232976695,0.10684565232976695,0.10684565232976695,0.10684565232976695,0.0,0.0,0.0,0.0,0.0,0.4515289797848787,0.4515289797848787,0.4515289797848787,0.4515289797848787,0.4515289797848787
constant_potential_shift,direct_topology,9,1,0.9520706801668558,0.9520706801668558,0.9520706801668558,0.9520706801668558,0.9520706801668558,0.21787733812316024,0.21787733812316024,0.21787733812316024,0.21787733812316024,0.21787733812316024,11.977588474118829,11.977588474118829,11.977588474118829,11.977588474118829,11.977588474118829,0.2197811735781084,0.2197811735781084,0.2197811735781084,0.2197811735781084,0.2197811735781084,0.2910509396753113,0.2910509396753113,0.2910509396753113,0.2910509396753113,0.2910509396753113,1.0,1.0,1.0,1.0,1.0,0.0024726610153064615,0.0024726610153064615,0.0024726610153064615,0.0024726610153064615,0.0024726610153064615,0.10684565232976695,0.10684565232976695,0.10684565232976695,0.10684565232976695,0.10684565232976695,0.0,0.0,0.0,0.0,0.0,8.737167250274737,8.737167250274737,8.737167250274737,8.737167250274737,8.737167250274737
constant_potential_shift,direct_topology,10,1,0.9319271096522065,0.9319271096522065,0.9319271096522065,0.9319271096522065,0.9319271096522065,0.2859244191892445,0.2859244191892445,0.2859244191892445,0.2859244191892445,0.2859244191892445,33.97040289159078,33.97040289159078,33.97040289159078,33.97040289159078,33.97040289159078,0.4224147501502421,0.4224147501502421,0.4224147501502421,0.4224147501502421,0.4224147501502421,0.3504792268987199,0.3504792268987199,0.3504792268987199,0.3504792268987199,0.3504792268987199,1.0,1.0,1.0,1.0,1.0,0.0030556920607439767,0.0030556920607439767,0.0030556920607439767,0.0030556920607439767,0.0030556920607439767,0.10684565232976695,0.10684565232976695,0.10684565232976695,0.10684565232976695,0.10684565232976695,0.0,0.0,0.0,0.0,0.0,21.99281441747195,21.99281441747195,21.99281441747195,21.99281441747195,21.99281441747195
constant_potential_shift,hybrid,0,1,0.9690257586171201,0.9690257586171201,0.9690257586171201,0.9690257586171201,0.9690257586171201,0.35051025644420397,0.35051025644420397,0.35051025644420397,0.35051025644420397,0.35051025644420397,0.04442684225598903,0.04442684225598903,0.04442684225598903,0.04442684225598903,0.04442684225598903,0.10312201023407308,0.10312201023407308,0.10312201023407308,0.10312201023407308,0.10312201023407308,0.2821837748492574,0.2821837748492574,0.2821837748492574,0.2821837748492574,0.2821837748492574,1.0,1.0,1.0,1.0,1.0,0.0,0.0,0.0,0.0,0.0,0.10684565232976695,0.10684565232976695,0.10684565232976695,0.10684565232976695,0.10684565232976695,0.0,0.0,0.0,0.0,0.0,,,,,
constant_potential_shift,hybrid,1,1,0.9797523608750094,0.9797523608750094,0.9797523608750094,0.9797523608750094,0.9797523608750094,0.2087710114615149,0.2087710114615149,0.2087710114615149,0.2087710114615149,0.2087710114615149,0.16260619084886763,0.16260619084886763,0.16260619084886763,0.16260619084886763,0.16260619084886763,0.06594654979452058,0.06594654979452058,0.06594654979452058,0.06594654979452058,0.06594654979452058,0.18850381359486396,0.18850381359486396,0.18850381359486396,0.18850381359486396,0.18850381359486396,1.0,1.0,1.0,1.0,1.0,0.004754783016933732,0.004754783016933732,0.004754783016933732,0.004754783016933732,0.004754783016933732,0.10684565232976695,0.10684565232976695,0.10684565232976695,0.10684565232976695,0.10684565232976695,0.0,0.0,0.0,0.0,0.0,0.1181793485928786,0.1181793485928786,0.1181793485928786,0.1181793485928786,0.1181793485928786
constant_potential_shift,hybrid,2,1,0.982737826743421,0.982737826743421,0.982737826743421,0.982737826743421,0.982737826743421,0.10693693592346822,0.10693693592346822,0.10693693592346822,0.10693693592346822,0.10693693592346822,0.9106197443442792,0.9106197443442792,0.9106197443442792,0.9106197443442792,0.9106197443442792,0.07254496251990092,0.07254496251990092,0.07254496251990092,0.07254496251990092,0.07254496251990092,0.18616806570910543,0.18616806570910543,0.18616806570910543,0.18616806570910543,0.18616806570910543,1.0,1.0,1.0,1.0,1.0,0.002311890758020695,0.002311890758020695,0.002311890758020695,0.002311890758020695,0.002311890758020695,0.10684565232976695,0.10684565232976695,0.10684565232976695,0.10684565232976695,0.10684565232976695,0.0,0.0,0.0,0.0,0.0,1.0732259351931468,1.0732259351931468,1.0732259351931468,1.0732259351931468,1.0732259351931468
constant_potential_shift,hybrid,3,1,0.9879595416807554,0.9879595416807554,0.9879595416807554,0.9879595416807554,0.9879595416807554,0.1254350909321579,0.1254350909321579,0.1254350909321579,0.1254350909321579,0.1254350909321579,1.8394294259991586,1.8394294259991586,1.8394294259991586,1.8394294259991586,1.8394294259991586,0.09384501093736235,0.09384501093736235,0.09384501093736235,0.09384501093736235,0.09384501093736235,0.18082552191905232,0.18082552191905232,0.18082552191905232,0.18082552191905232,0.18082552191905232,1.0,1.0,1.0,1.0,1.0,0.0008107161057514363,0.0008107161057514363,0.0008107161057514363,0.0008107161057514363,0.0008107161057514363,0.10684565232976695,0.10684565232976695,0.10684565232976695,0.10684565232976695,0.10684565232976695,0.0,0.0,0.0,0.0,0.0,0.9288096816548794,0.9288096816548794,0.9288096816548794,0.9288096816548794,0.9288096816548794
constant_potential_shift,hybrid,4,1,0.9882631414331994,0.9882631414331994,0.9882631414331994,0.9882631414331994,0.9882631414331994,0.1415257195996568,0.1415257195996568,0.1415257195996568,0.1415257195996568,0.1415257195996568,2.0613843745356277,2.0613843745356277,2.0613843745356277,2.0613843745356277,2.0613843745356277,0.08646730693260399,0.08646730693260399,0.08646730693260399,0.08646730693260399,0.08646730693260399,0.16210621190635333,0.16210621190635333,0.16210621190635333,0.16210621190635333,0.16210621190635333,1.0,1.0,1.0,1.0,1.0,0.0006404420392660445,0.0006404420392660445,0.0006404420392660445,0.0006404420392660445,0.0006404420392660445,0.10684565232976695,0.10684565232976695,0.10684565232976695,0.10684565232976695,0.10684565232976695,0.0,0.0,0.0,0.0,0.0,0.22195494853646913,0.22195494853646913,0.22195494853646913,0.22195494853646913,0.22195494853646913
constant_potential_shift,hybrid,5,1,0.9907812449665261,0.9907812449665261,0.9907812449665261,0.9907812449665261,0.9907812449665261,0.1092999931103902,0.1092999931103902,0.1092999931103902,0.1092999931103902,0.1092999931103902,2.509514170000898,2.509514170000898,2.509514170000898,2.509514170000898,2.509514170000898,0.08679628141704013,0.08679628141704013,0.08679628141704013,0.08679628141704013,0.08679628141704013,0.1441875609231238,0.1441875609231238,0.1441875609231238,0.1441875609231238,0.1441875609231238,1.0,1.0,1.0,1.0,1.0,0.0006047047955283522,0.0006047047955283522,0.0006047047955283522,0.0006047047955283522,0.0006047047955283522,0.10684565232976695,0.10684565232976695,0.10684565232976695,0.10684565232976695,0.10684565232976695,0.0,0.0,0.0,0.0,0.0,0.4481297954652703,0.4481297954652703,0.4481297954652703,0.4481297954652703,0.4481297954652703
constant_potential_shift,hybrid,6,1,0.9859656721127772,0.9859656721127772,0.9859656721127772,0.9859656721127772,0.9859656721127772,0.12885912932719096,0.12885912932719096,0.12885912932719096,0.12885912932719096,0.12885912932719096,3.027122820822518,3.027122820822518,3.027122820822518,3.027122820822518,3.027122820822518,0.09094529616324347,0.09094529616324347,0.09094529616324347,0.09094529616324347,0.09094529616324347,0.16469738498064657,0.16469738498064657,0.16469738498064657,0.16469738498064657,0.16469738498064657,1.0,1.0,1.0,1.0,1.0,0.0012752428600659434,0.0012752428600659434,0.0012752428600659434,0.0012752428600659434,0.0012752428600659434,0.10684565232976695,0.10684565232976695,0.10684565232976695,0.10684565232976695,0.10684565232976695,0.0,0.0,0.0,0.0,0.0,0.5176086508216198,0.5176086508216198,0.5176086508216198,0.5176086508216198,0.5176086508216198
constant_potential_shift,hybrid,7,1,0.9673022069578827,0.9673022069578827,0.9673022069578827,0.9673022069578827,0.9673022069578827,0.15477622771736924,0.15477622771736924,0.15477622771736924,0.15477622771736924,0.15477622771736924,2.7888922440592125,2.7888922440592125,2.7888922440592125,2.7888922440592125,2.7888922440592125,0.076493596136312,0.076493596136312,0.076493596136312,0.076493596136312,0.076493596136312,0.23741804131907504,0.23741804131907504,0.23741804131907504,0.23741804131907504,0.23741804131907504,1.0,1.0,1.0,1.0,1.0,0.0016485146819917016,0.0016485146819917016,0.0016485146819917016,0.0016485146819917016,0.0016485146819917016,0.10684565232976695,0.10684565232976695,0.10684565232976695,0.10684565232976695,0.10684565232976695,0.0,0.0,0.0,0.0,0.0,0.23823057676330528,0.23823057676330528,0.23823057676330528,0.23823057676330528,0.23823057676330528
constant_potential_shift,hybrid,8,1,0.9566577554964938,0.9566577554964938,0.9566577554964938,0.9566577554964938,0.9566577554964938,0.18327718650104768,0.18327718650104768,0.18327718650104768,0.18327718650104768,0.18327718650104768,3.2404212238440913,3.2404212238440913,3.2404212238440913,3.2404212238440913,3.2404212238440913,0.08098427931683987,0.08098427931683987,0.08098427931683987,0.08098427931683987,0.08098427931683987,0.2729383796915522,0.2729383796915522,0.2729383796915522,0.2729383796915522,0.2729383796915522,1.0,1.0,1.0,1.0,1.0,0.0019788071869418643,0.0019788071869418643,0.0019788071869418643,0.0019788071869418643,0.0019788071869418643,0.10684565232976695,0.10684565232976695,0.10684565232976695,0.10684565232976695,0.10684565232976695,0.0,0.0,0.0,0.0,0.0,0.4515289797848787,0.4515289797848787,0.4515289797848787,0.4515289797848787,0.4515289797848787
constant_potential_shift,hybrid,9,1,0.9520706801668558,0.9520706801668558,0.9520706801668558,0.9520706801668558,0.9520706801668558,0.21787733812316024,0.21787733812316024,0.21787733812316024,0.21787733812316024,0.21787733812316024,11.977588474118829,11.977588474118829,11.977588474118829,11.977588474118829,11.977588474118829,0.2197811735781084,0.2197811735781084,0.2197811735781084,0.2197811735781084,0.2197811735781084,0.2910509396753113,0.2910509396753113,0.2910509396753113,0.2910509396753113,0.2910509396753113,1.0,1.0,1.0,1.0,1.0,0.0024726610153064615,0.0024726610153064615,0.0024726610153064615,0.0024726610153064615,0.0024726610153064615,0.10684565232976695,0.10684565232976695,0.10684565232976695,0.10684565232976695,0.10684565232976695,0.0,0.0,0.0,0.0,0.0,8.737167250274737,8.737167250274737,8.737167250274737,8.737167250274737,8.737167250274737
constant_potential_shift,hybrid,10,1,0.9319271096522065,0.9319271096522065,0.9319271096522065,0.9319271096522065,0.9319271096522065,0.2859244191892445,0.2859244191892445,0.2859244191892445,0.2859244191892445,0.2859244191892445,33.97040289159078,33.97040289159078,33.97040289159078,33.97040289159078,33.97040289159078,0.4224147501502421,0.4224147501502421,0.4224147501502421,0.4224147501502421,0.4224147501502421,0.3504792268987199,0.3504792268987199,0.3504792268987199,0.3504792268987199,0.3504792268987199,1.0,1.0,1.0,1.0,1.0,0.0030556920607439767,0.0030556920607439767,0.0030556920607439767,0.0030556920607439767,0.0030556920607439767,0.10684565232976695,0.10684565232976695,0.10684565232976695,0.10684565232976695,0.10684565232976695,0.0,0.0,0.0,0.0,0.0,21.99281441747195,21.99281441747195,21.99281441747195,21.99281441747195,21.99281441747195
constant_potential_shift,initial_ritz,0,1,0.9999641234633567,0.9999641234633567,0.9999641234633567,0.9999641234633567,0.9999641234633567,0.02886620551146013,0.02886620551146013,0.02886620551146013,0.02886620551146013,0.02886620551146013,0.0009489817186203453,0.0009489817186203453,0.0009489817186203453,0.0009489817186203453,0.0009489817186203453,0.02519029014010934,0.02519029014010934,0.02519029014010934,0.02519029014010934,0.02519029014010934,0.004784108850273153,0.004784108850273153,0.004784108850273153,0.004784108850273153,0.004784108850273153,1.0,1.0,1.0,1.0,1.0,,,,,,1.5954809815532656e-06,1.5954809815532656e-06,1.5954809815532656e-06,1.5954809815532656e-06,1.5954809815532656e-06,0.0,0.0,0.0,0.0,0.0,,,,,
constant_potential_shift,initial_ritz,1,1,0.9997960984084633,0.9997960984084633,0.9997960984084633,0.9997960984084633,0.9997960984084633,0.04517373715527288,0.04517373715527288,0.04517373715527288,0.04517373715527288,0.04517373715527288,0.004498530220468311,0.004498530220468311,0.004498530220468311,0.004498530220468311,0.004498530220468311,0.03284745401402591,0.03284745401402591,0.03284745401402591,0.03284745401402591,0.03284745401402591,0.0138888847637544,0.0138888847637544,0.0138888847637544,0.0138888847637544,0.0138888847637544,1.0,1.0,1.0,1.0,1.0,,,,,,1.5954809815532656e-06,1.5954809815532656e-06,1.5954809815532656e-06,1.5954809815532656e-06,1.5954809815532656e-06,0.0,0.0,0.0,0.0,0.0,0.0035495485018479656,0.0035495485018479656,0.0035495485018479656,0.0035495485018479656,0.0035495485018479656
constant_potential_shift,initial_ritz,2,1,0.9997461929177922,0.9997461929177922,0.9997461929177922,0.9997461929177922,0.9997461929177922,0.048319230241474394,0.048319230241474394,0.048319230241474394,0.048319230241474394,0.048319230241474394,0.0058536615806072945,0.0058536615806072945,0.0058536615806072945,0.0058536615806072945,0.0058536615806072945,0.03222075580060219,0.03222075580060219,0.03222075580060219,0.03222075580060219,0.03222075580060219,0.01872041177109489,0.01872041177109489,0.01872041177109489,0.01872041177109489,0.01872041177109489,1.0,1.0,1.0,1.0,1.0,,,,,,1.5954809815532656e-06,1.5954809815532656e-06,1.5954809815532656e-06,1.5954809815532656e-06,1.5954809815532656e-06,0.0,0.0,0.0,0.0,0.0,0.0013551313601389836,0.0013551313601389836,0.0013551313601389836,0.0013551313601389836,0.0013551313601389836
constant_potential_shift,initial_ritz,3,1,0.9995073162730814,0.9995073162730814,0.9995073162730814,0.9995073162730814,0.9995073162730814,0.05744643571368603,0.05744643571368603,0.05744643571368603,0.05744643571368603,0.05744643571368603,0.01066260318421719,0.01066260318421719,0.01066260318421719,0.01066260318421719,0.01066260318421719,0.03602785675737123,0.03602785675737123,0.03602785675737123,0.03602785675737123,0.03602785675737123,0.023384523341523505,0.023384523341523505,0.023384523341523505,0.023384523341523505,0.023384523341523505,0.0,0.0,0.0,0.0,0.0,,,,,,1.5954809815532656e-06,1.5954809815532656e-06,1.5954809815532656e-06,1.5954809815532656e-06,1.5954809815532656e-06,0.0,0.0,0.0,0.0,0.0,0.004808941603609895,0.004808941603609895,0.004808941603609895,0.004808941603609895,0.004808941603609895
constant_potential_shift,initial_ritz,4,1,0.9992668333873089,0.9992668333873089,0.9992668333873089,0.9992668333873089,0.9992668333873089,0.05883633563618054,0.05883633563618054,0.05883633563618054,0.05883633563618054,0.05883633563618054,0.013108426964826947,0.013108426964826947,0.013108426964826947,0.013108426964826947,0.013108426964826947,0.03518715898146368,0.03518715898146368,0.03518715898146368,0.03518715898146368,0.03518715898146368,0.027177791496850005,0.027177791496850005,0.027177791496850005,0.027177791496850005,0.027177791496850005,1.0,1.0,1.0,1.0,1.0,0.00016194696489910124,0.00016194696489910124,0.00016194696489910124,0.00016194696489910124,0.00016194696489910124,1.5954809815532656e-06,1.5954809815532656e-06,1.5954809815532656e-06,1.5954809815532656e-06,1.5954809815532656e-06,0.0,0.0,0.0,0.0,0.0,0.002445823780609757,0.002445823780609757,0.002445823780609757,0.002445823780609757,0.002445823780609757
constant_potential_shift,initial_ritz,5,1,0.9986096449640789,0.9986096449640789,0.9986096449640789,0.9986096449640789,0.9986096449640789,0.061299602014732696,0.061299602014732696,0.061299602014732696,0.061299602014732696,0.061299602014732696,0.014991121600019142,0.014991121600019142,0.014991121600019142,0.014991121600019142,0.014991121600019142,0.028659799776169705,0.028659799776169705,0.028659799776169705,0.028659799776169705,0.028659799776169705,0.044139902992263294,0.044139902992263294,0.044139902992263294,0.044139902992263294,0.044139902992263294,0.0,0.0,0.0,0.0,0.0,,,,,,1.5954809815532656e-06,1.5954809815532656e-06,1.5954809815532656e-06,1.5954809815532656e-06,1.5954809815532656e-06,0.0,0.0,0.0,0.0,0.0,0.0018826946351921947,0.0018826946351921947,0.0018826946351921947,0.0018826946351921947,0.0018826946351921947
constant_potential_shift,initial_ritz,6,1,0.9978043686140956,0.9978043686140956,0.9978043686140956,0.9978043686140956,0.9978043686140956,0.07339300978544971,0.07339300978544971,0.07339300978544971,0.07339300978544971,0.07339300978544971,0.018831576315681886,0.018831576315681886,0.018831576315681886,0.018831576315681886,0.018831576315681886,0.025090871890148542,0.025090871890148542,0.025090871890148542,0.025090871890148542,0.025090871890148542,0.0641419496287395,0.0641419496287395,0.0641419496287395,0.0641419496287395,0.0641419496287395,0.0,0.0,0.0,0.0,0.0,,,,,,1.5954809815532656e-06,1.5954809815532656e-06,1.5954809815532656e-06,1.5954809815532656e-06,1.5954809815532656e-06,0.0,0.0,0.0,0.0,0.0,0.0038404547156627444,0.0038404547156627444,0.0038404547156627444,0.0038404547156627444,0.0038404547156627444
constant_potential_shift,initial_ritz,7,1,0.9971463219130846,0.9971463219130846,0.9971463219130846,0.9971463219130846,0.9971463219130846,0.07849136032504456,0.07849136032504456,0.07849136032504456,0.07849136032504456,0.07849136032504456,0.018277620035775044,0.018277620035775044,0.018277620035775044,0.018277620035775044,0.018277620035775044,0.022336950473653788,0.022336950473653788,0.022336950473653788,0.022336950473653788,0.022336950473653788,0.07989383352895668,0.07989383352895668,0.07989383352895668,0.07989383352895668,0.07989383352895668,0.0,0.0,0.0,0.0,0.0,,,,,,1.5954809815532656e-06,1.5954809815532656e-06,1.5954809815532656e-06,1.5954809815532656e-06,1.5954809815532656e-06,0.0,0.0,0.0,0.0,0.0,0.000553956279906842,0.000553956279906842,0.000553956279906842,0.000553956279906842,0.000553956279906842
constant_potential_shift,initial_ritz,8,1,0.9951089722120079,0.9951089722120079,0.9951089722120079,0.9951089722120079,0.9951089722120079,0.09677582507662436,0.09677582507662436,0.09677582507662436,0.09677582507662436,0.09677582507662436,0.03903000375131782,0.03903000375131782,0.03903000375131782,0.03903000375131782,0.03903000375131782,0.026548648843686688,0.026548648843686688,0.026548648843686688,0.026548648843686688,0.026548648843686688,0.10337063417307268,0.10337063417307268,0.10337063417307268,0.10337063417307268,0.10337063417307268,0.0,0.0,0.0,0.0,0.0,,,,,,1.5954809815532656e-06,1.5954809815532656e-06,1.5954809815532656e-06,1.5954809815532656e-06,1.5954809815532656e-06,0.0,0.0,0.0,0.0,0.0,0.020752383715542777,0.020752383715542777,0.020752383715542777,0.020752383715542777,0.020752383715542777
constant_potential_shift,initial_ritz,9,1,0.988648826082475,0.988648826082475,0.988648826082475,0.988648826082475,0.988648826082475,0.12221178515257335,0.12221178515257335,0.12221178515257335,0.12221178515257335,0.12221178515257335,0.05677014526140667,0.05677014526140667,0.05677014526140667,0.05677014526140667,0.05677014526140667,0.023530622898227608,0.023530622898227608,0.023530622898227608,0.023530622898227608,0.023530622898227608,0.15097322666177077,0.15097322666177077,0.15097322666177077,0.15097322666177077,0.15097322666177077,1.0,1.0,1.0,1.0,1.0,0.0006215410737404184,0.0006215410737404184,0.0006215410737404184,0.0006215410737404184,0.0006215410737404184,1.5954809815532656e-06,1.5954809815532656e-06,1.5954809815532656e-06,1.5954809815532656e-06,1.5954809815532656e-06,0.0,0.0,0.0,0.0,0.0,0.017740141510088847,0.017740141510088847,0.017740141510088847,0.017740141510088847,0.017740141510088847
constant_potential_shift,initial_ritz,10,1,0.9643288043984217,0.9643288043984217,0.9643288043984217,0.9643288043984217,0.9643288043984217,0.20658595769786842,0.20658595769786842,0.20658595769786842,0.20658595769786842,0.20658595769786842,0.14638632054585798,0.14638632054585798,0.14638632054585798,0.14638632054585798,0.14638632054585798,0.029499138249143134,0.029499138249143134,0.029499138249143134,0.029499138249143134,0.029499138249143134,0.28078523898626917,0.28078523898626917,0.28078523898626917,0.28078523898626917,0.28078523898626917,1.0,1.0,1.0,1.0,1.0,0.0012591460292091033,0.0012591460292091033,0.0012591460292091033,0.0012591460292091033,0.0012591460292091033,1.5954809815532656e-06,1.5954809815532656e-06,1.5954809815532656e-06,1.5954809815532656e-06,1.5954809815532656e-06,0.0,0.0,0.0,0.0,0.0,0.08961617528445132,0.08961617528445132,0.08961617528445132,0.08961617528445132,0.08961617528445132
constant_potential_shift,physics_selected,0,1,0.9690257586171201,0.9690257586171201,0.9690257586171201,0.9690257586171201,0.9690257586171201,0.35051025644420397,0.35051025644420397,0.35051025644420397,0.35051025644420397,0.35051025644420397,0.04442684225598903,0.04442684225598903,0.04442684225598903,0.04442684225598903,0.04442684225598903,0.10312201023407308,0.10312201023407308,0.10312201023407308,0.10312201023407308,0.10312201023407308,0.2821837748492574,0.2821837748492574,0.2821837748492574,0.2821837748492574,0.2821837748492574,1.0,1.0,1.0,1.0,1.0,0.0,0.0,0.0,0.0,0.0,0.10684565232976695,0.10684565232976695,0.10684565232976695,0.10684565232976695,0.10684565232976695,0.0,0.0,0.0,0.0,0.0,,,,,
constant_potential_shift,physics_selected,1,1,0.9797523608750094,0.9797523608750094,0.9797523608750094,0.9797523608750094,0.9797523608750094,0.2087710114615149,0.2087710114615149,0.2087710114615149,0.2087710114615149,0.2087710114615149,0.16260619084886763,0.16260619084886763,0.16260619084886763,0.16260619084886763,0.16260619084886763,0.06594654979452058,0.06594654979452058,0.06594654979452058,0.06594654979452058,0.06594654979452058,0.18850381359486396,0.18850381359486396,0.18850381359486396,0.18850381359486396,0.18850381359486396,1.0,1.0,1.0,1.0,1.0,0.004754783016933732,0.004754783016933732,0.004754783016933732,0.004754783016933732,0.004754783016933732,0.10684565232976695,0.10684565232976695,0.10684565232976695,0.10684565232976695,0.10684565232976695,0.0,0.0,0.0,0.0,0.0,0.1181793485928786,0.1181793485928786,0.1181793485928786,0.1181793485928786,0.1181793485928786
constant_potential_shift,physics_selected,2,1,0.982737826743421,0.982737826743421,0.982737826743421,0.982737826743421,0.982737826743421,0.10693693592346822,0.10693693592346822,0.10693693592346822,0.10693693592346822,0.10693693592346822,0.9106197443442792,0.9106197443442792,0.9106197443442792,0.9106197443442792,0.9106197443442792,0.07254496251990092,0.07254496251990092,0.07254496251990092,0.07254496251990092,0.07254496251990092,0.18616806570910543,0.18616806570910543,0.18616806570910543,0.18616806570910543,0.18616806570910543,1.0,1.0,1.0,1.0,1.0,0.002311890758020695,0.002311890758020695,0.002311890758020695,0.002311890758020695,0.002311890758020695,0.10684565232976695,0.10684565232976695,0.10684565232976695,0.10684565232976695,0.10684565232976695,0.0,0.0,0.0,0.0,0.0,1.0732259351931468,1.0732259351931468,1.0732259351931468,1.0732259351931468,1.0732259351931468
constant_potential_shift,physics_selected,3,1,0.9879595416807554,0.9879595416807554,0.9879595416807554,0.9879595416807554,0.9879595416807554,0.1254350909321579,0.1254350909321579,0.1254350909321579,0.1254350909321579,0.1254350909321579,1.8394294259991586,1.8394294259991586,1.8394294259991586,1.8394294259991586,1.8394294259991586,0.09384501093736235,0.09384501093736235,0.09384501093736235,0.09384501093736235,0.09384501093736235,0.18082552191905232,0.18082552191905232,0.18082552191905232,0.18082552191905232,0.18082552191905232,1.0,1.0,1.0,1.0,1.0,0.0008107161057514363,0.0008107161057514363,0.0008107161057514363,0.0008107161057514363,0.0008107161057514363,0.10684565232976695,0.10684565232976695,0.10684565232976695,0.10684565232976695,0.10684565232976695,0.0,0.0,0.0,0.0,0.0,0.9288096816548794,0.9288096816548794,0.9288096816548794,0.9288096816548794,0.9288096816548794
constant_potential_shift,physics_selected,4,1,0.9882631414331994,0.9882631414331994,0.9882631414331994,0.9882631414331994,0.9882631414331994,0.1415257195996568,0.1415257195996568,0.1415257195996568,0.1415257195996568,0.1415257195996568,2.0613843745356277,2.0613843745356277,2.0613843745356277,2.0613843745356277,2.0613843745356277,0.08646730693260399,0.08646730693260399,0.08646730693260399,0.08646730693260399,0.08646730693260399,0.16210621190635333,0.16210621190635333,0.16210621190635333,0.16210621190635333,0.16210621190635333,1.0,1.0,1.0,1.0,1.0,0.0006404420392660445,0.0006404420392660445,0.0006404420392660445,0.0006404420392660445,0.0006404420392660445,0.10684565232976695,0.10684565232976695,0.10684565232976695,0.10684565232976695,0.10684565232976695,0.0,0.0,0.0,0.0,0.0,0.22195494853646913,0.22195494853646913,0.22195494853646913,0.22195494853646913,0.22195494853646913
constant_potential_shift,physics_selected,5,1,0.9907812449665261,0.9907812449665261,0.9907812449665261,0.9907812449665261,0.9907812449665261,0.1092999931103902,0.1092999931103902,0.1092999931103902,0.1092999931103902,0.1092999931103902,2.509514170000898,2.509514170000898,2.509514170000898,2.509514170000898,2.509514170000898,0.08679628141704013,0.08679628141704013,0.08679628141704013,0.08679628141704013,0.08679628141704013,0.1441875609231238,0.1441875609231238,0.1441875609231238,0.1441875609231238,0.1441875609231238,1.0,1.0,1.0,1.0,1.0,0.0006047047955283522,0.0006047047955283522,0.0006047047955283522,0.0006047047955283522,0.0006047047955283522,0.10684565232976695,0.10684565232976695,0.10684565232976695,0.10684565232976695,0.10684565232976695,0.0,0.0,0.0,0.0,0.0,0.4481297954652703,0.4481297954652703,0.4481297954652703,0.4481297954652703,0.4481297954652703
constant_potential_shift,physics_selected,6,1,0.9859656721127772,0.9859656721127772,0.9859656721127772,0.9859656721127772,0.9859656721127772,0.12885912932719096,0.12885912932719096,0.12885912932719096,0.12885912932719096,0.12885912932719096,3.027122820822518,3.027122820822518,3.027122820822518,3.027122820822518,3.027122820822518,0.09094529616324347,0.09094529616324347,0.09094529616324347,0.09094529616324347,0.09094529616324347,0.16469738498064657,0.16469738498064657,0.16469738498064657,0.16469738498064657,0.16469738498064657,1.0,1.0,1.0,1.0,1.0,0.0012752428600659434,0.0012752428600659434,0.0012752428600659434,0.0012752428600659434,0.0012752428600659434,0.10684565232976695,0.10684565232976695,0.10684565232976695,0.10684565232976695,0.10684565232976695,0.0,0.0,0.0,0.0,0.0,0.5176086508216198,0.5176086508216198,0.5176086508216198,0.5176086508216198,0.5176086508216198
constant_potential_shift,physics_selected,7,1,0.9673022069578827,0.9673022069578827,0.9673022069578827,0.9673022069578827,0.9673022069578827,0.15477622771736924,0.15477622771736924,0.15477622771736924,0.15477622771736924,0.15477622771736924,2.7888922440592125,2.7888922440592125,2.7888922440592125,2.7888922440592125,2.7888922440592125,0.076493596136312,0.076493596136312,0.076493596136312,0.076493596136312,0.076493596136312,0.23741804131907504,0.23741804131907504,0.23741804131907504,0.23741804131907504,0.23741804131907504,1.0,1.0,1.0,1.0,1.0,0.0016485146819917016,0.0016485146819917016,0.0016485146819917016,0.0016485146819917016,0.0016485146819917016,0.10684565232976695,0.10684565232976695,0.10684565232976695,0.10684565232976695,0.10684565232976695,0.0,0.0,0.0,0.0,0.0,0.23823057676330528,0.23823057676330528,0.23823057676330528,0.23823057676330528,0.23823057676330528
constant_potential_shift,physics_selected,8,1,0.9566577554964938,0.9566577554964938,0.9566577554964938,0.9566577554964938,0.9566577554964938,0.18327718650104768,0.18327718650104768,0.18327718650104768,0.18327718650104768,0.18327718650104768,3.2404212238440913,3.2404212238440913,3.2404212238440913,3.2404212238440913,3.2404212238440913,0.08098427931683987,0.08098427931683987,0.08098427931683987,0.08098427931683987,0.08098427931683987,0.2729383796915522,0.2729383796915522,0.2729383796915522,0.2729383796915522,0.2729383796915522,1.0,1.0,1.0,1.0,1.0,0.0019788071869418643,0.0019788071869418643,0.0019788071869418643,0.0019788071869418643,0.0019788071869418643,0.10684565232976695,0.10684565232976695,0.10684565232976695,0.10684565232976695,0.10684565232976695,0.0,0.0,0.0,0.0,0.0,0.4515289797848787,0.4515289797848787,0.4515289797848787,0.4515289797848787,0.4515289797848787
constant_potential_shift,physics_selected,9,1,0.9520706801668558,0.9520706801668558,0.9520706801668558,0.9520706801668558,0.9520706801668558,0.21787733812316024,0.21787733812316024,0.21787733812316024,0.21787733812316024,0.21787733812316024,11.977588474118829,11.977588474118829,11.977588474118829,11.977588474118829,11.977588474118829,0.2197811735781084,0.2197811735781084,0.2197811735781084,0.2197811735781084,0.2197811735781084,0.2910509396753113,0.2910509396753113,0.2910509396753113,0.2910509396753113,0.2910509396753113,1.0,1.0,1.0,1.0,1.0,0.0024726610153064615,0.0024726610153064615,0.0024726610153064615,0.0024726610153064615,0.0024726610153064615,0.10684565232976695,0.10684565232976695,0.10684565232976695,0.10684565232976695,0.10684565232976695,0.0,0.0,0.0,0.0,0.0,8.737167250274737,8.737167250274737,8.737167250274737,8.737167250274737,8.737167250274737
constant_potential_shift,physics_selected,10,1,0.9319271096522065,0.9319271096522065,0.9319271096522065,0.9319271096522065,0.9319271096522065,0.2859244191892445,0.2859244191892445,0.2859244191892445,0.2859244191892445,0.2859244191892445,33.97040289159078,33.97040289159078,33.97040289159078,33.97040289159078,33.97040289159078,0.4224147501502421,0.4224147501502421,0.4224147501502421,0.4224147501502421,0.4224147501502421,0.3504792268987199,0.3504792268987199,0.3504792268987199,0.3504792268987199,0.3504792268987199,1.0,1.0,1.0,1.0,1.0,0.0030556920607439767,0.0030556920607439767,0.0030556920607439767,0.0030556920607439767,0.0030556920607439767,0.10684565232976695,0.10684565232976695,0.10684565232976695,0.10684565232976695,0.10684565232976695,0.0,0.0,0.0,0.0,0.0,21.99281441747195,21.99281441747195,21.99281441747195,21.99281441747195,21.99281441747195
controlled_smooth_perturbations,direct_topology,0,1,0.8331169628977686,0.8331169628977686,0.8331169628977686,0.8331169628977686,0.8331169628977686,0.4391719128816856,0.4391719128816856,0.4391719128816856,0.4391719128816856,0.4391719128816856,0.10145126490019218,0.10145126490019218,0.10145126490019218,0.10145126490019218,0.10145126490019218,0.30503161382772714,0.30503161382772714,0.30503161382772714,0.30503161382772714,0.30503161382772714,0.3783282263799199,0.3783282263799199,0.3783282263799199,0.3783282263799199,0.3783282263799199,1.0,1.0,1.0,1.0,1.0,0.0,0.0,0.0,0.0,0.0,0.2128518686259227,0.2128518686259227,0.2128518686259227,0.2128518686259227,0.2128518686259227,0.0,0.0,0.0,0.0,0.0,,,,,
controlled_smooth_perturbations,direct_topology,1,1,0.5181760850136593,0.5181760850136593,0.5181760850136593,0.5181760850136593,0.5181760850136593,0.8901272248726314,0.8901272248726314,0.8901272248726314,0.8901272248726314,0.8901272248726314,0.035523991512575126,0.035523991512575126,0.035523991512575126,0.035523991512575126,0.035523991512575126,0.9011308112949796,0.9011308112949796,0.9011308112949796,0.9011308112949796,0.9011308112949796,0.9782619879712653,0.9782619879712653,0.9782619879712653,0.9782619879712653,0.9782619879712653,1.0,1.0,1.0,1.0,1.0,0.005939033738201223,0.005939033738201223,0.005939033738201223,0.005939033738201223,0.005939033738201223,0.2128518686259227,0.2128518686259227,0.2128518686259227,0.2128518686259227,0.2128518686259227,0.0,0.0,0.0,0.0,0.0,0.06592727338761706,0.06592727338761706,0.06592727338761706,0.06592727338761706,0.06592727338761706
controlled_smooth_perturbations,direct_topology,2,1,0.6271778020439361,0.6271778020439361,0.6271778020439361,0.6271778020439361,0.6271778020439361,0.6301334518432525,0.6301334518432525,0.6301334518432525,0.6301334518432525,0.6301334518432525,0.26356450192299974,0.26356450192299974,0.26356450192299974,0.26356450192299974,0.26356450192299974,0.322651570125279,0.322651570125279,0.322651570125279,0.322651570125279,0.322651570125279,0.836974078940925,0.836974078940925,0.836974078940925,0.836974078940925,0.836974078940925,1.0,1.0,1.0,1.0,1.0,0.01028537137802428,0.01028537137802428,0.01028537137802428,0.01028537137802428,0.01028537137802428,0.2128518686259227,0.2128518686259227,0.2128518686259227,0.2128518686259227,0.2128518686259227,0.0,0.0,0.0,0.0,0.0,0.2280405104104246,0.2280405104104246,0.2280405104104246,0.2280405104104246,0.2280405104104246
controlled_smooth_perturbations,direct_topology,3,1,0.6719956248596011,0.6719956248596011,0.6719956248596011,0.6719956248596011,0.6719956248596011,0.6790870041642124,0.6790870041642124,0.6790870041642124,0.6790870041642124,0.6790870041642124,0.03458866300598995,0.03458866300598995,0.03458866300598995,0.03458866300598995,0.03458866300598995,0.1863589821000936,0.1863589821000936,0.1863589821000936,0.1863589821000936,0.1863589821000936,0.808572002074911,0.808572002074911,0.808572002074911,0.808572002074911,0.808572002074911,1.0,1.0,1.0,1.0,1.0,0.009106943785207159,0.009106943785207159,0.009106943785207159,0.009106943785207159,0.009106943785207159,0.2128518686259227,0.2128518686259227,0.2128518686259227,0.2128518686259227,0.2128518686259227,0.0,0.0,0.0,0.0,0.0,0.2289758389170098,0.2289758389170098,0.2289758389170098,0.2289758389170098,0.2289758389170098
controlled_smooth_perturbations,direct_topology,4,1,0.8190064931091396,0.8190064931091396,0.8190064931091396,0.8190064931091396,0.8190064931091396,0.4442321156733628,0.4442321156733628,0.4442321156733628,0.4442321156733628,0.4442321156733628,0.1523327747423764,0.1523327747423764,0.1523327747423764,0.1523327747423764,0.1523327747423764,0.12406285795579701,0.12406285795579701,0.12406285795579701,0.12406285795579701,0.12406285795579701,0.6219037342362944,0.6219037342362944,0.6219037342362944,0.6219037342362944,0.6219037342362944,1.0,1.0,1.0,1.0,1.0,0.006841941660320663,0.006841941660320663,0.006841941660320663,0.006841941660320663,0.006841941660320663,0.2128518686259227,0.2128518686259227,0.2128518686259227,0.2128518686259227,0.2128518686259227,0.0,0.0,0.0,0.0,0.0,0.11774411173638644,0.11774411173638644,0.11774411173638644,0.11774411173638644,0.11774411173638644
controlled_smooth_perturbations,direct_topology,5,1,0.9413757203125456,0.9413757203125456,0.9413757203125456,0.9413757203125456,0.9413757203125456,0.22114562438875635,0.22114562438875635,0.22114562438875635,0.22114562438875635,0.22114562438875635,0.1577483251206364,0.1577483251206364,0.1577483251206364,0.1577483251206364,0.1577483251206364,0.08736106517066934,0.08736106517066934,0.08736106517066934,0.08736106517066934,0.08736106517066934,0.39917380784348844,0.39917380784348844,0.39917380784348844,0.39917380784348844,0.39917380784348844,1.0,1.0,1.0,1.0,1.0,0.003107822000296669,0.003107822000296669,0.003107822000296669,0.003107822000296669,0.003107822000296669,0.2128518686259227,0.2128518686259227,0.2128518686259227,0.2128518686259227,0.2128518686259227,0.0,0.0,0.0,0.0,0.0,0.005415550378260026,0.005415550378260026,0.005415550378260026,0.005415550378260026,0.005415550378260026
controlled_smooth_perturbations,direct_topology,6,1,0.9682517922645567,0.9682517922645567,0.9682517922645567,0.9682517922645567,0.9682517922645567,0.18348854060931957,0.18348854060931957,0.18348854060931957,0.18348854060931957,0.18348854060931957,0.0041052625593791525,0.0041052625593791525,0.0041052625593791525,0.0041052625593791525,0.0041052625593791525,0.06489105577873096,0.06489105577873096,0.06489105577873096,0.06489105577873096,0.06489105577873096,0.2780575707273403,0.2780575707273403,0.2780575707273403,0.2780575707273403,0.2780575707273403,1.0,1.0,1.0,1.0,1.0,0.0025434162438107886,0.0025434162438107886,0.0025434162438107886,0.0025434162438107886,0.0025434162438107886,0.2128518686259227,0.2128518686259227,0.2128518686259227,0.2128518686259227,0.2128518686259227,0.0,0.0,0.0,0.0,0.0,0.15364306256125726,0.15364306256125726,0.15364306256125726,0.15364306256125726,0.15364306256125726
controlled_smooth_perturbations,direct_topology,7,1,0.9652261090738665,0.9652261090738665,0.9652261090738665,0.9652261090738665,0.9652261090738665,0.20112917521759174,0.20112917521759174,0.20112917521759174,0.20112917521759174,0.20112917521759174,0.4177648673037262,0.4177648673037262,0.4177648673037262,0.4177648673037262,0.4177648673037262,0.08949778573266588,0.08949778573266588,0.08949778573266588,0.08949778573266588,0.08949778573266588,0.2341761504962437,0.2341761504962437,0.2341761504962437,0.2341761504962437,0.2341761504962437,1.0,1.0,1.0,1.0,1.0,0.002550516353017912,0.002550516353017912,0.002550516353017912,0.002550516353017912,0.002550516353017912,0.2128518686259227,0.2128518686259227,0.2128518686259227,0.2128518686259227,0.2128518686259227,0.0,0.0,0.0,0.0,0.0,0.42187012986310535,0.42187012986310535,0.42187012986310535,0.42187012986310535,0.42187012986310535
controlled_smooth_perturbations,direct_topology,8,1,0.9657257004844934,0.9657257004844934,0.9657257004844934,0.9657257004844934,0.9657257004844934,0.20704182215368333,0.20704182215368333,0.20704182215368333,0.20704182215368333,0.20704182215368333,0.5330133017550245,0.5330133017550245,0.5330133017550245,0.5330133017550245,0.5330133017550245,0.09080554982083655,0.09080554982083655,0.09080554982083655,0.09080554982083655,0.09080554982083655,0.2162412523122975,0.2162412523122975,0.2162412523122975,0.2162412523122975,0.2162412523122975,1.0,1.0,1.0,1.0,1.0,0.0027125031189694448,0.0027125031189694448,0.0027125031189694448,0.0027125031189694448,0.0027125031189694448,0.2128518686259227,0.2128518686259227,0.2128518686259227,0.2128518686259227,0.2128518686259227,0.0,0.0,0.0,0.0,0.0,0.11524843445129829,0.11524843445129829,0.11524843445129829,0.11524843445129829,0.11524843445129829
controlled_smooth_perturbations,direct_topology,9,1,0.8301882666671084,0.8301882666671084,0.8301882666671084,0.8301882666671084,0.8301882666671084,0.47975770079039753,0.47975770079039753,0.47975770079039753,0.47975770079039753,0.47975770079039753,0.6424313427194881,0.6424313427194881,0.6424313427194881,0.6424313427194881,0.6424313427194881,0.10500397697008562,0.10500397697008562,0.10500397697008562,0.10500397697008562,0.10500397697008562,0.7152077448126006,0.7152077448126006,0.7152077448126006,0.7152077448126006,0.7152077448126006,1.0,1.0,1.0,1.0,1.0,0.004351651396178943,0.004351651396178943,0.004351651396178943,0.004351651396178943,0.004351651396178943,0.2128518686259227,0.2128518686259227,0.2128518686259227,0.2128518686259227,0.2128518686259227,0.0,0.0,0.0,0.0,0.0,0.10941804096446361,0.10941804096446361,0.10941804096446361,0.10941804096446361,0.10941804096446361
controlled_smooth_perturbations,direct_topology,10,1,0.822257229234067,0.822257229234067,0.822257229234067,0.822257229234067,0.822257229234067,0.4589319248790549,0.4589319248790549,0.4589319248790549,0.4589319248790549,0.4589319248790549,0.6011289820708772,0.6011289820708772,0.6011289820708772,0.6011289820708772,0.6011289820708772,0.09332014476370859,0.09332014476370859,0.09332014476370859,0.09332014476370859,0.09332014476370859,0.5099726953961463,0.5099726953961463,0.5099726953961463,0.5099726953961463,0.5099726953961463,1.0,1.0,1.0,1.0,1.0,0.007976902982993568,0.007976902982993568,0.007976902982993568,0.007976902982993568,0.007976902982993568,0.2128518686259227,0.2128518686259227,0.2128518686259227,0.2128518686259227,0.2128518686259227,0.0,0.0,0.0,0.0,0.0,0.041302360648610925,0.041302360648610925,0.041302360648610925,0.041302360648610925,0.041302360648610925
controlled_smooth_perturbations,hybrid,0,1,0.8331169628977686,0.8331169628977686,0.8331169628977686,0.8331169628977686,0.8331169628977686,0.4391719128816856,0.4391719128816856,0.4391719128816856,0.4391719128816856,0.4391719128816856,0.10145126490019218,0.10145126490019218,0.10145126490019218,0.10145126490019218,0.10145126490019218,0.30503161382772714,0.30503161382772714,0.30503161382772714,0.30503161382772714,0.30503161382772714,0.3783282263799199,0.3783282263799199,0.3783282263799199,0.3783282263799199,0.3783282263799199,1.0,1.0,1.0,1.0,1.0,0.0,0.0,0.0,0.0,0.0,0.2128518686259227,0.2128518686259227,0.2128518686259227,0.2128518686259227,0.2128518686259227,0.0,0.0,0.0,0.0,0.0,,,,,
controlled_smooth_perturbations,hybrid,1,1,0.5181760850136593,0.5181760850136593,0.5181760850136593,0.5181760850136593,0.5181760850136593,0.8901272248726314,0.8901272248726314,0.8901272248726314,0.8901272248726314,0.8901272248726314,0.035523991512575126,0.035523991512575126,0.035523991512575126,0.035523991512575126,0.035523991512575126,0.9011308112949796,0.9011308112949796,0.9011308112949796,0.9011308112949796,0.9011308112949796,0.9782619879712653,0.9782619879712653,0.9782619879712653,0.9782619879712653,0.9782619879712653,1.0,1.0,1.0,1.0,1.0,0.005939033738201223,0.005939033738201223,0.005939033738201223,0.005939033738201223,0.005939033738201223,0.2128518686259227,0.2128518686259227,0.2128518686259227,0.2128518686259227,0.2128518686259227,0.0,0.0,0.0,0.0,0.0,0.06592727338761706,0.06592727338761706,0.06592727338761706,0.06592727338761706,0.06592727338761706
controlled_smooth_perturbations,hybrid,2,1,0.6271778020439361,0.6271778020439361,0.6271778020439361,0.6271778020439361,0.6271778020439361,0.6301334518432525,0.6301334518432525,0.6301334518432525,0.6301334518432525,0.6301334518432525,0.26356450192299974,0.26356450192299974,0.26356450192299974,0.26356450192299974,0.26356450192299974,0.322651570125279,0.322651570125279,0.322651570125279,0.322651570125279,0.322651570125279,0.836974078940925,0.836974078940925,0.836974078940925,0.836974078940925,0.836974078940925,1.0,1.0,1.0,1.0,1.0,0.01028537137802428,0.01028537137802428,0.01028537137802428,0.01028537137802428,0.01028537137802428,0.2128518686259227,0.2128518686259227,0.2128518686259227,0.2128518686259227,0.2128518686259227,0.0,0.0,0.0,0.0,0.0,0.2280405104104246,0.2280405104104246,0.2280405104104246,0.2280405104104246,0.2280405104104246
controlled_smooth_perturbations,hybrid,3,1,0.6719956248596011,0.6719956248596011,0.6719956248596011,0.6719956248596011,0.6719956248596011,0.6790870041642124,0.6790870041642124,0.6790870041642124,0.6790870041642124,0.6790870041642124,0.03458866300598995,0.03458866300598995,0.03458866300598995,0.03458866300598995,0.03458866300598995,0.1863589821000936,0.1863589821000936,0.1863589821000936,0.1863589821000936,0.1863589821000936,0.808572002074911,0.808572002074911,0.808572002074911,0.808572002074911,0.808572002074911,1.0,1.0,1.0,1.0,1.0,0.009106943785207159,0.009106943785207159,0.009106943785207159,0.009106943785207159,0.009106943785207159,0.2128518686259227,0.2128518686259227,0.2128518686259227,0.2128518686259227,0.2128518686259227,0.0,0.0,0.0,0.0,0.0,0.2289758389170098,0.2289758389170098,0.2289758389170098,0.2289758389170098,0.2289758389170098
controlled_smooth_perturbations,hybrid,4,1,0.8190064931091396,0.8190064931091396,0.8190064931091396,0.8190064931091396,0.8190064931091396,0.4442321156733628,0.4442321156733628,0.4442321156733628,0.4442321156733628,0.4442321156733628,0.1523327747423764,0.1523327747423764,0.1523327747423764,0.1523327747423764,0.1523327747423764,0.12406285795579701,0.12406285795579701,0.12406285795579701,0.12406285795579701,0.12406285795579701,0.6219037342362944,0.6219037342362944,0.6219037342362944,0.6219037342362944,0.6219037342362944,1.0,1.0,1.0,1.0,1.0,0.006841941660320663,0.006841941660320663,0.006841941660320663,0.006841941660320663,0.006841941660320663,0.2128518686259227,0.2128518686259227,0.2128518686259227,0.2128518686259227,0.2128518686259227,0.0,0.0,0.0,0.0,0.0,0.11774411173638644,0.11774411173638644,0.11774411173638644,0.11774411173638644,0.11774411173638644
controlled_smooth_perturbations,hybrid,5,1,0.9413757203125456,0.9413757203125456,0.9413757203125456,0.9413757203125456,0.9413757203125456,0.22114562438875635,0.22114562438875635,0.22114562438875635,0.22114562438875635,0.22114562438875635,0.1577483251206364,0.1577483251206364,0.1577483251206364,0.1577483251206364,0.1577483251206364,0.08736106517066934,0.08736106517066934,0.08736106517066934,0.08736106517066934,0.08736106517066934,0.39917380784348844,0.39917380784348844,0.39917380784348844,0.39917380784348844,0.39917380784348844,1.0,1.0,1.0,1.0,1.0,0.003107822000296669,0.003107822000296669,0.003107822000296669,0.003107822000296669,0.003107822000296669,0.2128518686259227,0.2128518686259227,0.2128518686259227,0.2128518686259227,0.2128518686259227,0.0,0.0,0.0,0.0,0.0,0.005415550378260026,0.005415550378260026,0.005415550378260026,0.005415550378260026,0.005415550378260026
controlled_smooth_perturbations,hybrid,6,1,0.9682517922645567,0.9682517922645567,0.9682517922645567,0.9682517922645567,0.9682517922645567,0.18348854060931957,0.18348854060931957,0.18348854060931957,0.18348854060931957,0.18348854060931957,0.0041052625593791525,0.0041052625593791525,0.0041052625593791525,0.0041052625593791525,0.0041052625593791525,0.06489105577873096,0.06489105577873096,0.06489105577873096,0.06489105577873096,0.06489105577873096,0.2780575707273403,0.2780575707273403,0.2780575707273403,0.2780575707273403,0.2780575707273403,1.0,1.0,1.0,1.0,1.0,0.0025434162438107886,0.0025434162438107886,0.0025434162438107886,0.0025434162438107886,0.0025434162438107886,0.2128518686259227,0.2128518686259227,0.2128518686259227,0.2128518686259227,0.2128518686259227,0.0,0.0,0.0,0.0,0.0,0.15364306256125726,0.15364306256125726,0.15364306256125726,0.15364306256125726,0.15364306256125726
controlled_smooth_perturbations,hybrid,7,1,0.9652261090738665,0.9652261090738665,0.9652261090738665,0.9652261090738665,0.9652261090738665,0.20112917521759174,0.20112917521759174,0.20112917521759174,0.20112917521759174,0.20112917521759174,0.4177648673037262,0.4177648673037262,0.4177648673037262,0.4177648673037262,0.4177648673037262,0.08949778573266588,0.08949778573266588,0.08949778573266588,0.08949778573266588,0.08949778573266588,0.2341761504962437,0.2341761504962437,0.2341761504962437,0.2341761504962437,0.2341761504962437,1.0,1.0,1.0,1.0,1.0,0.002550516353017912,0.002550516353017912,0.002550516353017912,0.002550516353017912,0.002550516353017912,0.2128518686259227,0.2128518686259227,0.2128518686259227,0.2128518686259227,0.2128518686259227,0.0,0.0,0.0,0.0,0.0,0.42187012986310535,0.42187012986310535,0.42187012986310535,0.42187012986310535,0.42187012986310535
controlled_smooth_perturbations,hybrid,8,1,0.9657257004844934,0.9657257004844934,0.9657257004844934,0.9657257004844934,0.9657257004844934,0.20704182215368333,0.20704182215368333,0.20704182215368333,0.20704182215368333,0.20704182215368333,0.5330133017550245,0.5330133017550245,0.5330133017550245,0.5330133017550245,0.5330133017550245,0.09080554982083655,0.09080554982083655,0.09080554982083655,0.09080554982083655,0.09080554982083655,0.2162412523122975,0.2162412523122975,0.2162412523122975,0.2162412523122975,0.2162412523122975,1.0,1.0,1.0,1.0,1.0,0.0027125031189694448,0.0027125031189694448,0.0027125031189694448,0.0027125031189694448,0.0027125031189694448,0.2128518686259227,0.2128518686259227,0.2128518686259227,0.2128518686259227,0.2128518686259227,0.0,0.0,0.0,0.0,0.0,0.11524843445129829,0.11524843445129829,0.11524843445129829,0.11524843445129829,0.11524843445129829
controlled_smooth_perturbations,hybrid,9,1,0.8301882666671084,0.8301882666671084,0.8301882666671084,0.8301882666671084,0.8301882666671084,0.47975770079039753,0.47975770079039753,0.47975770079039753,0.47975770079039753,0.47975770079039753,0.6424313427194881,0.6424313427194881,0.6424313427194881,0.6424313427194881,0.6424313427194881,0.10500397697008562,0.10500397697008562,0.10500397697008562,0.10500397697008562,0.10500397697008562,0.7152077448126006,0.7152077448126006,0.7152077448126006,0.7152077448126006,0.7152077448126006,1.0,1.0,1.0,1.0,1.0,0.004351651396178943,0.004351651396178943,0.004351651396178943,0.004351651396178943,0.004351651396178943,0.2128518686259227,0.2128518686259227,0.2128518686259227,0.2128518686259227,0.2128518686259227,0.0,0.0,0.0,0.0,0.0,0.10941804096446361,0.10941804096446361,0.10941804096446361,0.10941804096446361,0.10941804096446361
controlled_smooth_perturbations,hybrid,10,1,0.822257229234067,0.822257229234067,0.822257229234067,0.822257229234067,0.822257229234067,0.4589319248790549,0.4589319248790549,0.4589319248790549,0.4589319248790549,0.4589319248790549,0.6011289820708772,0.6011289820708772,0.6011289820708772,0.6011289820708772,0.6011289820708772,0.09332014476370859,0.09332014476370859,0.09332014476370859,0.09332014476370859,0.09332014476370859,0.5099726953961463,0.5099726953961463,0.5099726953961463,0.5099726953961463,0.5099726953961463,1.0,1.0,1.0,1.0,1.0,0.007976902982993568,0.007976902982993568,0.007976902982993568,0.007976902982993568,0.007976902982993568,0.2128518686259227,0.2128518686259227,0.2128518686259227,0.2128518686259227,0.2128518686259227,0.0,0.0,0.0,0.0,0.0,0.041302360648610925,0.041302360648610925,0.041302360648610925,0.041302360648610925,0.041302360648610925
controlled_smooth_perturbations,initial_ritz,0,1,0.999612206386208,0.999612206386208,0.999612206386208,0.999612206386208,0.999612206386208,0.05700720869141668,0.05700720869141668,0.05700720869141668,0.05700720869141668,0.05700720869141668,0.002035962623580856,0.002035962623580856,0.002035962623580856,0.002035962623580856,0.002035962623580856,0.1540354123522991,0.1540354123522991,0.1540354123522991,0.1540354123522991,0.1540354123522991,0.023688091851648895,0.023688091851648895,0.023688091851648895,0.023688091851648895,0.023688091851648895,0.0,0.0,0.0,0.0,0.0,,,,,,1.707122435301578e-06,1.707122435301578e-06,1.707122435301578e-06,1.707122435301578e-06,1.707122435301578e-06,0.0,0.0,0.0,0.0,0.0,,,,,
controlled_smooth_perturbations,initial_ritz,1,1,0.9993478861671845,0.9993478861671845,0.9993478861671845,0.9993478861671845,0.9993478861671845,0.07304438511198083,0.07304438511198083,0.07304438511198083,0.07304438511198083,0.07304438511198083,0.003214697765626884,0.003214697765626884,0.003214697765626884,0.003214697765626884,0.003214697765626884,0.6665821204941139,0.6665821204941139,0.6665821204941139,0.6665821204941139,0.6665821204941139,0.022642651434007635,0.022642651434007635,0.022642651434007635,0.022642651434007635,0.022642651434007635,0.0,0.0,0.0,0.0,0.0,,,,,,1.707122435301578e-06,1.707122435301578e-06,1.707122435301578e-06,1.707122435301578e-06,1.707122435301578e-06,0.0,0.0,0.0,0.0,0.0,0.001178735142046028,0.001178735142046028,0.001178735142046028,0.001178735142046028,0.001178735142046028
controlled_smooth_perturbations,initial_ritz,2,1,0.9991378619617975,0.9991378619617975,0.9991378619617975,0.9991378619617975,0.9991378619617975,0.06047675619266181,0.06047675619266181,0.06047675619266181,0.06047675619266181,0.06047675619266181,0.0012830840763200513,0.0012830840763200513,0.0012830840763200513,0.0012830840763200513,0.0012830840763200513,0.17026961214719707,0.17026961214719707,0.17026961214719707,0.17026961214719707,0.17026961214719707,0.03075143372959629,0.03075143372959629,0.03075143372959629,0.03075143372959629,0.03075143372959629,0.0,0.0,0.0,0.0,0.0,,,,,,1.707122435301578e-06,1.707122435301578e-06,1.707122435301578e-06,1.707122435301578e-06,1.707122435301578e-06,0.0,0.0,0.0,0.0,0.0,0.0019316136893068325,0.0019316136893068325,0.0019316136893068325,0.0019316136893068325,0.0019316136893068325
controlled_smooth_perturbations,initial_ritz,3,1,0.9978805672668056,0.9978805672668056,0.9978805672668056,0.9978805672668056,0.9978805672668056,0.09405475662682253,0.09405475662682253,0.09405475662682253,0.09405475662682253,0.09405475662682253,0.007664291286629599,0.007664291286629599,0.007664291286629599,0.007664291286629599,0.007664291286629599,0.12015559330248558,0.12015559330248558,0.12015559330248558,0.12015559330248558,0.12015559330248558,0.06156564987216108,0.06156564987216108,0.06156564987216108,0.06156564987216108,0.06156564987216108,0.0,0.0,0.0,0.0,0.0,,,,,,1.707122435301578e-06,1.707122435301578e-06,1.707122435301578e-06,1.707122435301578e-06,1.707122435301578e-06,0.0,0.0,0.0,0.0,0.0,0.006381207210309547,0.006381207210309547,0.006381207210309547,0.006381207210309547,0.006381207210309547
controlled_smooth_perturbations,initial_ritz,4,1,0.9984373740789081,0.9984373740789081,0.9984373740789081,0.9984373740789081,0.9984373740789081,0.0733784735467068,0.0733784735467068,0.0733784735467068,0.0733784735467068,0.0733784735467068,0.0008449474413509961,0.0008449474413509961,0.0008449474413509961,0.0008449474413509961,0.0008449474413509961,0.07303631194059225,0.07303631194059225,0.07303631194059225,0.07303631194059225,0.07303631194059225,0.05260231300071891,0.05260231300071891,0.05260231300071891,0.05260231300071891,0.05260231300071891,1.0,1.0,1.0,1.0,1.0,,,,,,1.707122435301578e-06,1.707122435301578e-06,1.707122435301578e-06,1.707122435301578e-06,1.707122435301578e-06,0.0,0.0,0.0,0.0,0.0,0.006819343845278603,0.006819343845278603,0.006819343845278603,0.006819343845278603,0.006819343845278603
controlled_smooth_perturbations,initial_ritz,5,1,0.9968763854960101,0.9968763854960101,0.9968763854960101,0.9968763854960101,0.9968763854960101,0.09293768130171488,0.09293768130171488,0.09293768130171488,0.09293768130171488,0.09293768130171488,0.005600316774078795,0.005600316774078795,0.005600316774078795,0.005600316774078795,0.005600316774078795,0.07171484233125694,0.07171484233125694,0.07171484233125694,0.07171484233125694,0.07171484233125694,0.06385864200735776,0.06385864200735776,0.06385864200735776,0.06385864200735776,0.06385864200735776,0.0,0.0,0.0,0.0,0.0,,,,,,1.707122435301578e-06,1.707122435301578e-06,1.707122435301578e-06,1.707122435301578e-06,1.707122435301578e-06,0.0,0.0,0.0,0.0,0.0,0.004755369332727799,0.004755369332727799,0.004755369332727799,0.004755369332727799,0.004755369332727799
controlled_smooth_perturbations,initial_ritz,6,1,0.9926718641773766,0.9926718641773766,0.9926718641773766,0.9926718641773766,0.9926718641773766,0.1297720890407303,0.1297720890407303,0.1297720890407303,0.1297720890407303,0.1297720890407303,0.0080644414839397,0.0080644414839397,0.0080644414839397,0.0080644414839397,0.0080644414839397,0.05320336921471375,0.05320336921471375,0.05320336921471375,0.05320336921471375,0.05320336921471375,0.12756752438729185,0.12756752438729185,0.12756752438729185,0.12756752438729185,0.12756752438729185,0.0,0.0,0.0,0.0,0.0,,,,,,1.707122435301578e-06,1.707122435301578e-06,1.707122435301578e-06,1.707122435301578e-06,1.707122435301578e-06,0.0,0.0,0.0,0.0,0.0,0.0024641247098609043,0.0024641247098609043,0.0024641247098609043,0.0024641247098609043,0.0024641247098609043
controlled_smooth_perturbations,initial_ritz,7,1,0.993822970606927,0.993822970606927,0.993822970606927,0.993822970606927,0.993822970606927,0.11372366674114687,0.11372366674114687,0.11372366674114687,0.11372366674114687,0.11372366674114687,5.027150904846067e-05,5.027150904846067e-05,5.027150904846067e-05,5.027150904846067e-05,5.027150904846067e-05,0.04036483954716413,0.04036483954716413,0.04036483954716413,0.04036483954716413,0.04036483954716413,0.11047992657850242,0.11047992657850242,0.11047992657850242,0.11047992657850242,0.11047992657850242,0.0,0.0,0.0,0.0,0.0,,,,,,1.707122435301578e-06,1.707122435301578e-06,1.707122435301578e-06,1.707122435301578e-06,1.707122435301578e-06,0.0,0.0,0.0,0.0,0.0,0.00811471299298816,0.00811471299298816,0.00811471299298816,0.00811471299298816,0.00811471299298816
controlled_smooth_perturbations,initial_ritz,8,1,0.9876524716141212,0.9876524716141212,0.9876524716141212,0.9876524716141212,0.9876524716141212,0.12793207258293973,0.12793207258293973,0.12793207258293973,0.12793207258293973,0.12793207258293973,0.002405447100566338,0.002405447100566338,0.002405447100566338,0.002405447100566338,0.002405447100566338,0.03548695851488114,0.03548695851488114,0.03548695851488114,0.03548695851488114,0.03548695851488114,0.1511233299327812,0.1511233299327812,0.1511233299327812,0.1511233299327812,0.1511233299327812,1.0,1.0,1.0,1.0,1.0,0.0008723102287972612,0.0008723102287972612,0.0008723102287972612,0.0008723102287972612,0.0008723102287972612,1.707122435301578e-06,1.707122435301578e-06,1.707122435301578e-06,1.707122435301578e-06,1.707122435301578e-06,0.0,0.0,0.0,0.0,0.0,0.0024557186096147987,0.0024557186096147987,0.0024557186096147987,0.0024557186096147987,0.0024557186096147987
controlled_smooth_perturbations,initial_ritz,9,1,0.9585544074784158,0.9585544074784158,0.9585544074784158,0.9585544074784158,0.9585544074784158,0.23168194584384616,0.23168194584384616,0.23168194584384616,0.23168194584384616,0.23168194584384616,0.015717184425897646,0.015717184425897646,0.015717184425897646,0.015717184425897646,0.015717184425897646,0.04050823890366443,0.04050823890366443,0.04050823890366443,0.04050823890366443,0.04050823890366443,0.3083088826533801,0.3083088826533801,0.3083088826533801,0.3083088826533801,0.3083088826533801,1.0,1.0,1.0,1.0,1.0,,,,,,1.707122435301578e-06,1.707122435301578e-06,1.707122435301578e-06,1.707122435301578e-06,1.707122435301578e-06,0.0,0.0,0.0,0.0,0.0,0.013311737325331308,0.013311737325331308,0.013311737325331308,0.013311737325331308,0.013311737325331308
controlled_smooth_perturbations,initial_ritz,10,1,0.9096632477381359,0.9096632477381359,0.9096632477381359,0.9096632477381359,0.9096632477381359,0.31263893924715863,0.31263893924715863,0.31263893924715863,0.31263893924715863,0.31263893924715863,0.029892040725753688,0.029892040725753688,0.029892040725753688,0.029892040725753688,0.029892040725753688,0.04235975655979874,0.04235975655979874,0.04235975655979874,0.04235975655979874,0.04235975655979874,0.4357388631216438,0.4357388631216438,0.4357388631216438,0.4357388631216438,0.4357388631216438,1.0,1.0,1.0,1.0,1.0,0.004680219459680029,0.004680219459680029,0.004680219459680029,0.004680219459680029,0.004680219459680029,1.707122435301578e-06,1.707122435301578e-06,1.707122435301578e-06,1.707122435301578e-06,1.707122435301578e-06,0.0,0.0,0.0,0.0,0.0,0.014174856299856042,0.014174856299856042,0.014174856299856042,0.014174856299856042,0.014174856299856042
controlled_smooth_perturbations,physics_selected,0,1,0.8331169628977686,0.8331169628977686,0.8331169628977686,0.8331169628977686,0.8331169628977686,0.4391719128816856,0.4391719128816856,0.4391719128816856,0.4391719128816856,0.4391719128816856,0.10145126490019218,0.10145126490019218,0.10145126490019218,0.10145126490019218,0.10145126490019218,0.30503161382772714,0.30503161382772714,0.30503161382772714,0.30503161382772714,0.30503161382772714,0.3783282263799199,0.3783282263799199,0.3783282263799199,0.3783282263799199,0.3783282263799199,1.0,1.0,1.0,1.0,1.0,0.0,0.0,0.0,0.0,0.0,0.2128518686259227,0.2128518686259227,0.2128518686259227,0.2128518686259227,0.2128518686259227,0.0,0.0,0.0,0.0,0.0,,,,,
controlled_smooth_perturbations,physics_selected,1,1,0.5181760850136593,0.5181760850136593,0.5181760850136593,0.5181760850136593,0.5181760850136593,0.8901272248726314,0.8901272248726314,0.8901272248726314,0.8901272248726314,0.8901272248726314,0.035523991512575126,0.035523991512575126,0.035523991512575126,0.035523991512575126,0.035523991512575126,0.9011308112949796,0.9011308112949796,0.9011308112949796,0.9011308112949796,0.9011308112949796,0.9782619879712653,0.9782619879712653,0.9782619879712653,0.9782619879712653,0.9782619879712653,1.0,1.0,1.0,1.0,1.0,0.005939033738201223,0.005939033738201223,0.005939033738201223,0.005939033738201223,0.005939033738201223,0.2128518686259227,0.2128518686259227,0.2128518686259227,0.2128518686259227,0.2128518686259227,0.0,0.0,0.0,0.0,0.0,0.06592727338761706,0.06592727338761706,0.06592727338761706,0.06592727338761706,0.06592727338761706
controlled_smooth_perturbations,physics_selected,2,1,0.6271778020439361,0.6271778020439361,0.6271778020439361,0.6271778020439361,0.6271778020439361,0.6301334518432525,0.6301334518432525,0.6301334518432525,0.6301334518432525,0.6301334518432525,0.26356450192299974,0.26356450192299974,0.26356450192299974,0.26356450192299974,0.26356450192299974,0.322651570125279,0.322651570125279,0.322651570125279,0.322651570125279,0.322651570125279,0.836974078940925,0.836974078940925,0.836974078940925,0.836974078940925,0.836974078940925,1.0,1.0,1.0,1.0,1.0,0.01028537137802428,0.01028537137802428,0.01028537137802428,0.01028537137802428,0.01028537137802428,0.2128518686259227,0.2128518686259227,0.2128518686259227,0.2128518686259227,0.2128518686259227,0.0,0.0,0.0,0.0,0.0,0.2280405104104246,0.2280405104104246,0.2280405104104246,0.2280405104104246,0.2280405104104246
controlled_smooth_perturbations,physics_selected,3,1,0.6719956248596011,0.6719956248596011,0.6719956248596011,0.6719956248596011,0.6719956248596011,0.6790870041642124,0.6790870041642124,0.6790870041642124,0.6790870041642124,0.6790870041642124,0.03458866300598995,0.03458866300598995,0.03458866300598995,0.03458866300598995,0.03458866300598995,0.1863589821000936,0.1863589821000936,0.1863589821000936,0.1863589821000936,0.1863589821000936,0.808572002074911,0.808572002074911,0.808572002074911,0.808572002074911,0.808572002074911,1.0,1.0,1.0,1.0,1.0,0.009106943785207159,0.009106943785207159,0.009106943785207159,0.009106943785207159,0.009106943785207159,0.2128518686259227,0.2128518686259227,0.2128518686259227,0.2128518686259227,0.2128518686259227,0.0,0.0,0.0,0.0,0.0,0.2289758389170098,0.2289758389170098,0.2289758389170098,0.2289758389170098,0.2289758389170098
controlled_smooth_perturbations,physics_selected,4,1,0.8190064931091396,0.8190064931091396,0.8190064931091396,0.8190064931091396,0.8190064931091396,0.4442321156733628,0.4442321156733628,0.4442321156733628,0.4442321156733628,0.4442321156733628,0.1523327747423764,0.1523327747423764,0.1523327747423764,0.1523327747423764,0.1523327747423764,0.12406285795579701,0.12406285795579701,0.12406285795579701,0.12406285795579701,0.12406285795579701,0.6219037342362944,0.6219037342362944,0.6219037342362944,0.6219037342362944,0.6219037342362944,1.0,1.0,1.0,1.0,1.0,0.006841941660320663,0.006841941660320663,0.006841941660320663,0.006841941660320663,0.006841941660320663,0.2128518686259227,0.2128518686259227,0.2128518686259227,0.2128518686259227,0.2128518686259227,0.0,0.0,0.0,0.0,0.0,0.11774411173638644,0.11774411173638644,0.11774411173638644,0.11774411173638644,0.11774411173638644
controlled_smooth_perturbations,physics_selected,5,1,0.9413757203125456,0.9413757203125456,0.9413757203125456,0.9413757203125456,0.9413757203125456,0.22114562438875635,0.22114562438875635,0.22114562438875635,0.22114562438875635,0.22114562438875635,0.1577483251206364,0.1577483251206364,0.1577483251206364,0.1577483251206364,0.1577483251206364,0.08736106517066934,0.08736106517066934,0.08736106517066934,0.08736106517066934,0.08736106517066934,0.39917380784348844,0.39917380784348844,0.39917380784348844,0.39917380784348844,0.39917380784348844,1.0,1.0,1.0,1.0,1.0,0.003107822000296669,0.003107822000296669,0.003107822000296669,0.003107822000296669,0.003107822000296669,0.2128518686259227,0.2128518686259227,0.2128518686259227,0.2128518686259227,0.2128518686259227,0.0,0.0,0.0,0.0,0.0,0.005415550378260026,0.005415550378260026,0.005415550378260026,0.005415550378260026,0.005415550378260026
controlled_smooth_perturbations,physics_selected,6,1,0.9682517922645567,0.9682517922645567,0.9682517922645567,0.9682517922645567,0.9682517922645567,0.18348854060931957,0.18348854060931957,0.18348854060931957,0.18348854060931957,0.18348854060931957,0.0041052625593791525,0.0041052625593791525,0.0041052625593791525,0.0041052625593791525,0.0041052625593791525,0.06489105577873096,0.06489105577873096,0.06489105577873096,0.06489105577873096,0.06489105577873096,0.2780575707273403,0.2780575707273403,0.2780575707273403,0.2780575707273403,0.2780575707273403,1.0,1.0,1.0,1.0,1.0,0.0025434162438107886,0.0025434162438107886,0.0025434162438107886,0.0025434162438107886,0.0025434162438107886,0.2128518686259227,0.2128518686259227,0.2128518686259227,0.2128518686259227,0.2128518686259227,0.0,0.0,0.0,0.0,0.0,0.15364306256125726,0.15364306256125726,0.15364306256125726,0.15364306256125726,0.15364306256125726
controlled_smooth_perturbations,physics_selected,7,1,0.9652261090738665,0.9652261090738665,0.9652261090738665,0.9652261090738665,0.9652261090738665,0.20112917521759174,0.20112917521759174,0.20112917521759174,0.20112917521759174,0.20112917521759174,0.4177648673037262,0.4177648673037262,0.4177648673037262,0.4177648673037262,0.4177648673037262,0.08949778573266588,0.08949778573266588,0.08949778573266588,0.08949778573266588,0.08949778573266588,0.2341761504962437,0.2341761504962437,0.2341761504962437,0.2341761504962437,0.2341761504962437,1.0,1.0,1.0,1.0,1.0,0.002550516353017912,0.002550516353017912,0.002550516353017912,0.002550516353017912,0.002550516353017912,0.2128518686259227,0.2128518686259227,0.2128518686259227,0.2128518686259227,0.2128518686259227,0.0,0.0,0.0,0.0,0.0,0.42187012986310535,0.42187012986310535,0.42187012986310535,0.42187012986310535,0.42187012986310535
controlled_smooth_perturbations,physics_selected,8,1,0.9657257004844934,0.9657257004844934,0.9657257004844934,0.9657257004844934,0.9657257004844934,0.20704182215368333,0.20704182215368333,0.20704182215368333,0.20704182215368333,0.20704182215368333,0.5330133017550245,0.5330133017550245,0.5330133017550245,0.5330133017550245,0.5330133017550245,0.09080554982083655,0.09080554982083655,0.09080554982083655,0.09080554982083655,0.09080554982083655,0.2162412523122975,0.2162412523122975,0.2162412523122975,0.2162412523122975,0.2162412523122975,1.0,1.0,1.0,1.0,1.0,0.0027125031189694448,0.0027125031189694448,0.0027125031189694448,0.0027125031189694448,0.0027125031189694448,0.2128518686259227,0.2128518686259227,0.2128518686259227,0.2128518686259227,0.2128518686259227,0.0,0.0,0.0,0.0,0.0,0.11524843445129829,0.11524843445129829,0.11524843445129829,0.11524843445129829,0.11524843445129829
controlled_smooth_perturbations,physics_selected,9,1,0.8301882666671084,0.8301882666671084,0.8301882666671084,0.8301882666671084,0.8301882666671084,0.47975770079039753,0.47975770079039753,0.47975770079039753,0.47975770079039753,0.47975770079039753,0.6424313427194881,0.6424313427194881,0.6424313427194881,0.6424313427194881,0.6424313427194881,0.10500397697008562,0.10500397697008562,0.10500397697008562,0.10500397697008562,0.10500397697008562,0.7152077448126006,0.7152077448126006,0.7152077448126006,0.7152077448126006,0.7152077448126006,1.0,1.0,1.0,1.0,1.0,0.004351651396178943,0.004351651396178943,0.004351651396178943,0.004351651396178943,0.004351651396178943,0.2128518686259227,0.2128518686259227,0.2128518686259227,0.2128518686259227,0.2128518686259227,0.0,0.0,0.0,0.0,0.0,0.10941804096446361,0.10941804096446361,0.10941804096446361,0.10941804096446361,0.10941804096446361
controlled_smooth_perturbations,physics_selected,10,1,0.822257229234067,0.822257229234067,0.822257229234067,0.822257229234067,0.822257229234067,0.4589319248790549,0.4589319248790549,0.4589319248790549,0.4589319248790549,0.4589319248790549,0.6011289820708772,0.6011289820708772,0.6011289820708772,0.6011289820708772,0.6011289820708772,0.09332014476370859,0.09332014476370859,0.09332014476370859,0.09332014476370859,0.09332014476370859,0.5099726953961463,0.5099726953961463,0.5099726953961463,0.5099726953961463,0.5099726953961463,1.0,1.0,1.0,1.0,1.0,0.007976902982993568,0.007976902982993568,0.007976902982993568,0.007976902982993568,0.007976902982993568,0.2128518686259227,0.2128518686259227,0.2128518686259227,0.2128518686259227,0.2128518686259227,0.0,0.0,0.0,0.0,0.0,0.041302360648610925,0.041302360648610925,0.041302360648610925,0.041302360648610925,0.041302360648610925
double_wells,direct_topology,0,5,0.8537522669338647,0.8560575916721643,0.8978934283175236,0.9078722878852774,0.7943176272913879,0.4184242548611906,0.41304116669508584,0.47973856573886,0.4920800974795717,0.5044216292202834,0.020597210134616305,0.023326218977226088,0.024889634294214247,0.0251742571031889,0.025458879912163557,0.4472945113573302,0.45948128383219894,0.5188175575529655,0.5290932476127852,0.5393689376726049,0.5198444996633518,0.5330562181412499,0.6128967198404323,0.6354906528797252,0.6580845859190182,1.0,1.0,1.0,1.0,1.0,0.0,0.0,0.0,0.0,0.0,0.2405141974746548,0.24673740513033157,0.2722039414764565,0.27761524413651945,0.2830265467965824,0.0,0.0,0.0,0.0,0.0,,,,,
double_wells,direct_topology,1,5,0.6724156642674257,0.6519590126309724,0.783874090614467,0.7953554492105752,0.5591201128237853,0.6243549742955535,0.6532999790435943,0.7427046329754047,0.7569593252212546,0.7712140174671047,0.0832504139606364,0.08826323770018196,0.09456022231846477,0.09658351778540165,0.09860681325233855,0.3836346208213623,0.3862147738651965,0.38916311941105275,0.389488129268441,0.38981313912582927,0.9614433915718426,0.9961007785137438,1.1010703675654798,1.118842428271325,1.1366144889771703,1.0,1.0,1.0,1.0,1.0,0.02805945382588792,0.02726158679077871,0.03682936742152508,0.038537566145575596,0.04024576486962611,0.2405141974746548,0.24673740513033157,0.2722039414764565,0.27761524413651945,0.2830265467965824,0.0,0.0,0.0,0.0,0.0,0.06265320382602009,0.06303145600549054,0.07764128794762648,0.08211255998587141,0.08658383202411635
double_wells,direct_topology,2,5,0.963310134922714,0.9663905977245654,0.9736030289526465,0.9753141569486996,0.9507493237236949,0.23606368487736282,0.23663271832881577,0.2695480127295906,0.27282545120785046,0.27610288968611024,0.17474647526494022,0.16690437709436945,0.2123598432586704,0.21322363293728874,0.21408742261590707,0.24681531837017062,0.24734300717751198,0.289453468812491,0.2929207782526724,0.2963880876928537,0.31306983706124025,0.32183558751361246,0.3867741180025256,0.39277081220744114,0.39876750641235675,1.0,1.0,1.0,1.0,1.0,0.004451215471698656,0.005037883534362418,0.005960940046323041,0.006088382185520438,0.006215824324717835,0.2405141974746548,0.24673740513033157,0.2722039414764565,0.27761524413651945,0.2830265467965824,0.0,0.0,0.0,0.0,0.0,0.09149606130430384,0.07864113939418749,0.12969032996530858,0.13105474438766046,0.13241915881001232
double_wells,direct_topology,3,5,0.9893692323220314,0.9916169695171825,0.9939333686605627,0.9946942107395452,0.9781449173205646,0.11975075690161438,0.13196478847146406,0.13649247526049263,0.13781833959381012,0.13914420392712762,0.02166604727682029,0.020981142366118144,0.028748309609899537,0.028960667141305983,0.029173024672712433,0.14203266472288142,0.13373826143512188,0.16932362114643942,0.169974939683099,0.1706262582197586,0.14688259984536375,0.13693556731853496,0.20103535881967707,0.22053767990573453,0.240040000991792,1.0,1.0,1.0,1.0,1.0,0.0015785006212004204,0.001001203683766437,0.0028877108365781383,0.003131094789525434,0.0033744787424727298,0.2405141974746548,0.24673740513033157,0.2722039414764565,0.27761524413651945,0.2830265467965824,0.0,0.0,0.0,0.0,0.0,0.15709944845758145,0.1769519282680232,0.18781647501740495,0.18878383404214172,0.1897511930668785
double_wells,direct_topology,4,5,0.9942067126646101,0.9943635985840096,0.9962973988914747,0.9966391465909946,0.9916820673853163,0.10316461318173938,0.10675793170864015,0.11088121410195996,0.1112001568891323,0.11151909967630465,0.13260696714219394,0.12701813606998313,0.1718356278173298,0.17933135786999474,0.18682708792265967,0.12584346722422612,0.11678506684946176,0.14314960472845328,0.1431561629577483,0.14316272118704332,0.10194293210059376,0.1019052748146802,0.12166718476524109,0.12289034407370718,0.12411350338217327,1.0,1.0,1.0,1.0,1.0,0.0010995414309027357,0.0006551803202419978,0.002072702260987313,0.0021091719906140773,0.0021456417202408416,0.2405141974746548,0.24673740513033157,0.2722039414764565,0.27761524413651945,0.2830265467965824,0.0,0.0,0.0,0.0,0.0,0.15025399394955272,0.14208166230312047,0.18816270633744445,0.20155051563789214,0.21493832493833986
double_wells,direct_topology,5,5,0.9898527991606538,0.9908160702127583,0.991371097441479,0.9914393452453946,0.9862509591714019,0.11652359845286253,0.11784406542349117,0.12482547821786373,0.12615240152564955,0.12747932483343538,1.2121772205047634,1.199283173094848,1.3788283435916828,1.4224373237502355,1.4660463039087883,0.2367257894407293,0.23082775164923253,0.2638127849270213,0.2689508278982325,0.2740888708694436,0.13036919436654923,0.1242441190688798,0.14573320880651455,0.14972095643326372,0.15370870406001289,1.0,1.0,1.0,1.0,1.0,0.0016930142322242408,0.0016374604000063723,0.002063589118506606,0.0021790476933721352,0.0022945062682376647,0.2405141974746548,0.24673740513033157,0.2722039414764565,0.27761524413651945,0.2830265467965824,0.0,0.0,0.0,0.0,0.0,1.0795702533625697,1.0772187919476646,1.2159248364100939,1.2475720261981111,1.2792192159861286
double_wells,direct_topology,6,5,0.9842511037691619,0.9849865186719908,0.9881556036155794,0.9886343155096576,0.9780624373439117,0.13658229842051367,0.1319534313075713,0.15606645440438208,0.1594743421406522,0.16288222987692233,1.4665586107261375,1.4281627761035982,1.7350687528041466,1.7984263499144408,1.861783947024735,0.22698830648237017,0.21629908946217882,0.2623204350237244,0.26850174001934163,0.2746830450149589,0.16397972887191184,0.16216293857604006,0.18746354016076458,0.19241377287407146,0.19736400558737835,1.0,1.0,1.0,1.0,1.0,0.0019567121310163278,0.002031467705508486,0.0024545109693600775,0.00252664446564339,0.002598777961926703,0.2405141974746548,0.24673740513033157,0.2722039414764565,0.27761524413651945,0.2830265467965824,0.0,0.0,0.0,0.0,0.0,0.2543813902213739,0.2288796030087501,0.3562404092124637,0.37598902616420515,0.3957376431159467
double_wells,direct_topology,7,5,0.9897008973584235,0.9903419583739168,0.9912369106653487,0.9914884503994459,0.9873019378551614,0.11157327155447679,0.1141194935913536,0.12001601180758716,0.12073288937902703,0.1214497669504669,3.83354366319184,3.8252703195086735,4.370711441264158,4.502070014141014,4.633428587017872,0.37300757559522724,0.36512217246594514,0.41318409917671334,0.4197266884699608,0.42626927776320833,0.145381394046178,0.14521246199781973,0.15481887962503177,0.15577133719598982,0.15672379476694787,1.0,1.0,1.0,1.0,1.0,0.0011395706704539882,0.001169337715201191,0.001260655873639177,0.0012748268167034123,0.0012889977597676477,0.2405141974746548,0.24673740513033157,0.2722039414764565,0.27761524413651945,0.2830265467965824,0.0,0.0,0.0,0.0,0.0,2.366985052465703,2.3971075434050753,2.6356426884600115,2.703643664226574,2.771644639993137
double_wells,direct_topology,8,5,0.9907208665336139,0.9918102091571607,0.9932101837831152,0.9935163203906356,0.9874057209133335,0.10413385443903547,0.09643259857072109,0.12521047429410373,0.1262135336103502,0.12721659292659665,4.102548670690931,4.073473722389132,4.752803247883638,4.908292340620172,5.063781433356707,0.3468509911313334,0.3382335028055561,0.38984358925852797,0.39688820535139974,0.4039328214442715,0.1333714124511679,0.12614924542921796,0.15173060642394612,0.15331417115669352,0.15489773588944092,1.0,1.0,1.0,1.0,1.0,0.0009670225970348761,0.0009941437010866242,0.0010876629572035784,0.0010924047999134252,0.0010971466426232719,0.2405141974746548,0.24673740513033157,0.2722039414764565,0.27761524413651945,0.2830265467965824,0.0,0.0,0.0,0.0,0.0,0.2690050074990912,0.24820340288045895,0.38209180661948033,0.40622232647915746,0.43035284633883464
double_wells,direct_topology,9,5,0.9928589029016089,0.9928350644887649,0.9940359679828864,0.9942578615031267,0.991335959072738,0.08530707296684359,0.08833918911431837,0.09830820196449776,0.09985174520996307,0.10139528845542838,8.055853374462146,8.045408500996443,8.932899775809844,9.109465880289049,9.286031984768254,0.46945821702820084,0.47143372748573803,0.5014475369193485,0.50778195298949,0.5141163690596317,0.11492524885878445,0.11407509020643405,0.12278420379005647,0.12431192018005251,0.12583963657004854,1.0,1.0,1.0,1.0,1.0,0.0007323522121029852,0.0007407811521767794,0.0008551292682096638,0.0008921426509709682,0.0009291560337322726,0.2405141974746548,0.24673740513033157,0.2722039414764565,0.27761524413651945,0.2830265467965824,0.0,0.0,0.0,0.0,0.0,3.953304703771214,4.051736191086405,4.286736864554478,4.308232302268788,4.329727739983098
double_wells,direct_topology,10,5,0.9837509102587585,0.9845779362773068,0.9874506365072023,0.9876816362055256,0.9776527947891523,0.1343680010143729,0.13092276056651167,0.1459565090968402,0.14933207190214148,0.1527076347074428,7.924946125863147,7.929729132241171,8.852332904537963,9.047243466672015,9.242154028806066,0.42868323409966724,0.4309097415030752,0.46176403733355176,0.4685552429089867,0.47534644848442165,0.17765012324658697,0.16803870100349141,0.20592428272865054,0.20940173799325906,0.21287919325786758,1.0,1.0,1.0,1.0,1.0,0.0008630612004001754,0.0009323099716274201,0.0009979866961290463,0.0009994630030760957,0.0010009393100231451,0.2405141974746548,0.24673740513033157,0.2722039414764565,0.27761524413651945,0.2830265467965824,0.0,0.0,0.0,0.0,0.0,0.1309072485989974,0.1356002442364206,0.17986282300044376,0.1802097949602235,0.18055676692000322
double_wells,hybrid,0,5,0.8537522669338647,0.8560575916721643,0.8978934283175236,0.9078722878852774,0.7943176272913879,0.4184242548611906,0.41304116669508584,0.47973856573886,0.4920800974795717,0.5044216292202834,0.020597210134616305,0.023326218977226088,0.024889634294214247,0.0251742571031889,0.025458879912163557,0.4472945113573302,0.45948128383219894,0.5188175575529655,0.5290932476127852,0.5393689376726049,0.5198444996633518,0.5330562181412499,0.6128967198404323,0.6354906528797252,0.6580845859190182,1.0,1.0,1.0,1.0,1.0,0.0,0.0,0.0,0.0,0.0,0.2405141974746548,0.24673740513033157,0.2722039414764565,0.27761524413651945,0.2830265467965824,0.0,0.0,0.0,0.0,0.0,,,,,
double_wells,hybrid,1,5,0.6724156642674257,0.6519590126309724,0.783874090614467,0.7953554492105752,0.5591201128237853,0.6243549742955535,0.6532999790435943,0.7427046329754047,0.7569593252212546,0.7712140174671047,0.0832504139606364,0.08826323770018196,0.09456022231846477,0.09658351778540165,0.09860681325233855,0.3836346208213623,0.3862147738651965,0.38916311941105275,0.389488129268441,0.38981313912582927,0.9614433915718426,0.9961007785137438,1.1010703675654798,1.118842428271325,1.1366144889771703,1.0,1.0,1.0,1.0,1.0,0.02805945382588792,0.02726158679077871,0.03682936742152508,0.038537566145575596,0.04024576486962611,0.2405141974746548,0.24673740513033157,0.2722039414764565,0.27761524413651945,0.2830265467965824,0.0,0.0,0.0,0.0,0.0,0.06265320382602009,0.06303145600549054,0.07764128794762648,0.08211255998587141,0.08658383202411635
double_wells,hybrid,2,5,0.963310134922714,0.9663905977245654,0.9736030289526465,0.9753141569486996,0.9507493237236949,0.23606368487736282,0.23663271832881577,0.2695480127295906,0.27282545120785046,0.27610288968611024,0.17474647526494022,0.16690437709436945,0.2123598432586704,0.21322363293728874,0.21408742261590707,0.24681531837017062,0.24734300717751198,0.289453468812491,0.2929207782526724,0.2963880876928537,0.31306983706124025,0.32183558751361246,0.3867741180025256,0.39277081220744114,0.39876750641235675,1.0,1.0,1.0,1.0,1.0,0.004451215471698656,0.005037883534362418,0.005960940046323041,0.006088382185520438,0.006215824324717835,0.2405141974746548,0.24673740513033157,0.2722039414764565,0.27761524413651945,0.2830265467965824,0.0,0.0,0.0,0.0,0.0,0.09149606130430384,0.07864113939418749,0.12969032996530858,0.13105474438766046,0.13241915881001232
double_wells,hybrid,3,5,0.9893692323220314,0.9916169695171825,0.9939333686605627,0.9946942107395452,0.9781449173205646,0.11975075690161438,0.13196478847146406,0.13649247526049263,0.13781833959381012,0.13914420392712762,0.02166604727682029,0.020981142366118144,0.028748309609899537,0.028960667141305983,0.029173024672712433,0.14203266472288142,0.13373826143512188,0.16932362114643942,0.169974939683099,0.1706262582197586,0.14688259984536375,0.13693556731853496,0.20103535881967707,0.22053767990573453,0.240040000991792,1.0,1.0,1.0,1.0,1.0,0.0015785006212004204,0.001001203683766437,0.0028877108365781383,0.003131094789525434,0.0033744787424727298,0.2405141974746548,0.24673740513033157,0.2722039414764565,0.27761524413651945,0.2830265467965824,0.0,0.0,0.0,0.0,0.0,0.15709944845758145,0.1769519282680232,0.18781647501740495,0.18878383404214172,0.1897511930668785
double_wells,hybrid,4,5,0.9942067126646101,0.9943635985840096,0.9962973988914747,0.9966391465909946,0.9916820673853163,0.10316461318173938,0.10675793170864015,0.11088121410195996,0.1112001568891323,0.11151909967630465,0.13260696714219394,0.12701813606998313,0.1718356278173298,0.17933135786999474,0.18682708792265967,0.12584346722422612,0.11678506684946176,0.14314960472845328,0.1431561629577483,0.14316272118704332,0.10194293210059376,0.1019052748146802,0.12166718476524109,0.12289034407370718,0.12411350338217327,1.0,1.0,1.0,1.0,1.0,0.0010995414309027357,0.0006551803202419978,0.002072702260987313,0.0021091719906140773,0.0021456417202408416,0.2405141974746548,0.24673740513033157,0.2722039414764565,0.27761524413651945,0.2830265467965824,0.0,0.0,0.0,0.0,0.0,0.15025399394955272,0.14208166230312047,0.18816270633744445,0.20155051563789214,0.21493832493833986
double_wells,hybrid,5,5,0.9898527991606538,0.9908160702127583,0.991371097441479,0.9914393452453946,0.9862509591714019,0.11652359845286253,0.11784406542349117,0.12482547821786373,0.12615240152564955,0.12747932483343538,1.2121772205047634,1.199283173094848,1.3788283435916828,1.4224373237502355,1.4660463039087883,0.2367257894407293,0.23082775164923253,0.2638127849270213,0.2689508278982325,0.2740888708694436,0.13036919436654923,0.1242441190688798,0.14573320880651455,0.14972095643326372,0.15370870406001289,1.0,1.0,1.0,1.0,1.0,0.0016930142322242408,0.0016374604000063723,0.002063589118506606,0.0021790476933721352,0.0022945062682376647,0.2405141974746548,0.24673740513033157,0.2722039414764565,0.27761524413651945,0.2830265467965824,0.0,0.0,0.0,0.0,0.0,1.0795702533625697,1.0772187919476646,1.2159248364100939,1.2475720261981111,1.2792192159861286
double_wells,hybrid,6,5,0.9842511037691619,0.9849865186719908,0.9881556036155794,0.9886343155096576,0.9780624373439117,0.13658229842051367,0.1319534313075713,0.15606645440438208,0.1594743421406522,0.16288222987692233,1.4665586107261375,1.4281627761035982,1.7350687528041466,1.7984263499144408,1.861783947024735,0.22698830648237017,0.21629908946217882,0.2623204350237244,0.26850174001934163,0.2746830450149589,0.16397972887191184,0.16216293857604006,0.18746354016076458,0.19241377287407146,0.19736400558737835,1.0,1.0,1.0,1.0,1.0,0.0019567121310163278,0.002031467705508486,0.0024545109693600775,0.00252664446564339,0.002598777961926703,0.2405141974746548,0.24673740513033157,0.2722039414764565,0.27761524413651945,0.2830265467965824,0.0,0.0,0.0,0.0,0.0,0.2543813902213739,0.2288796030087501,0.3562404092124637,0.37598902616420515,0.3957376431159467
double_wells,hybrid,7,5,0.9897008973584235,0.9903419583739168,0.9912369106653487,0.9914884503994459,0.9873019378551614,0.11157327155447679,0.1141194935913536,0.12001601180758716,0.12073288937902703,0.1214497669504669,3.83354366319184,3.8252703195086735,4.370711441264158,4.502070014141014,4.633428587017872,0.37300757559522724,0.36512217246594514,0.41318409917671334,0.4197266884699608,0.42626927776320833,0.145381394046178,0.14521246199781973,0.15481887962503177,0.15577133719598982,0.15672379476694787,1.0,1.0,1.0,1.0,1.0,0.0011395706704539882,0.001169337715201191,0.001260655873639177,0.0012748268167034123,0.0012889977597676477,0.2405141974746548,0.24673740513033157,0.2722039414764565,0.27761524413651945,0.2830265467965824,0.0,0.0,0.0,0.0,0.0,2.366985052465703,2.3971075434050753,2.6356426884600115,2.703643664226574,2.771644639993137
double_wells,hybrid,8,5,0.9907208665336139,0.9918102091571607,0.9932101837831152,0.9935163203906356,0.9874057209133335,0.10413385443903547,0.09643259857072109,0.12521047429410373,0.1262135336103502,0.12721659292659665,4.102548670690931,4.073473722389132,4.752803247883638,4.908292340620172,5.063781433356707,0.3468509911313334,0.3382335028055561,0.38984358925852797,0.39688820535139974,0.4039328214442715,0.1333714124511679,0.12614924542921796,0.15173060642394612,0.15331417115669352,0.15489773588944092,1.0,1.0,1.0,1.0,1.0,0.0009670225970348761,0.0009941437010866242,0.0010876629572035784,0.0010924047999134252,0.0010971466426232719,0.2405141974746548,0.24673740513033157,0.2722039414764565,0.27761524413651945,0.2830265467965824,0.0,0.0,0.0,0.0,0.0,0.2690050074990912,0.24820340288045895,0.38209180661948033,0.40622232647915746,0.43035284633883464
double_wells,hybrid,9,5,0.9928589029016089,0.9928350644887649,0.9940359679828864,0.9942578615031267,0.991335959072738,0.08530707296684359,0.08833918911431837,0.09830820196449776,0.09985174520996307,0.10139528845542838,8.055853374462146,8.045408500996443,8.932899775809844,9.109465880289049,9.286031984768254,0.46945821702820084,0.47143372748573803,0.5014475369193485,0.50778195298949,0.5141163690596317,0.11492524885878445,0.11407509020643405,0.12278420379005647,0.12431192018005251,0.12583963657004854,1.0,1.0,1.0,1.0,1.0,0.0007323522121029852,0.0007407811521767794,0.0008551292682096638,0.0008921426509709682,0.0009291560337322726,0.2405141974746548,0.24673740513033157,0.2722039414764565,0.27761524413651945,0.2830265467965824,0.0,0.0,0.0,0.0,0.0,3.953304703771214,4.051736191086405,4.286736864554478,4.308232302268788,4.329727739983098
double_wells,hybrid,10,5,0.9837509102587585,0.9845779362773068,0.9874506365072023,0.9876816362055256,0.9776527947891523,0.1343680010143729,0.13092276056651167,0.1459565090968402,0.14933207190214148,0.1527076347074428,7.924946125863147,7.929729132241171,8.852332904537963,9.047243466672015,9.242154028806066,0.42868323409966724,0.4309097415030752,0.46176403733355176,0.4685552429089867,0.47534644848442165,0.17765012324658697,0.16803870100349141,0.20592428272865054,0.20940173799325906,0.21287919325786758,1.0,1.0,1.0,1.0,1.0,0.0008630612004001754,0.0009323099716274201,0.0009979866961290463,0.0009994630030760957,0.0010009393100231451,0.2405141974746548,0.24673740513033157,0.2722039414764565,0.27761524413651945,0.2830265467965824,0.0,0.0,0.0,0.0,0.0,0.1309072485989974,0.1356002442364206,0.17986282300044376,0.1802097949602235,0.18055676692000322
double_wells,initial_ritz,0,5,0.9996635109416907,0.9996717255168506,0.9998368928731447,0.9998451018986796,0.9993572287285384,0.056347358401360834,0.05687838795408785,0.07185680394490024,0.07580024213761438,0.07974368033032854,0.002302131448635647,0.0022618166062700062,0.003600700302492932,0.003928960560452666,0.004257220818412399,0.35913864969309134,0.361614106988719,0.4348108488188594,0.44285692809414384,0.4509030073694283,0.017341446040633333,0.014779005190216422,0.024562703336461107,0.026796682957438797,0.029030662578416494,0.8,1.0,1.0,1.0,0.0,0.0,0.0,0.0,0.0,0.0,1.82406609896546e-06,1.893432136745865e-06,2.0077540621388224e-06,2.013187718374887e-06,2.0186213746109516e-06,0.0,0.0,0.0,0.0,0.0,,,,,
double_wells,initial_ritz,1,5,0.9994550452402405,0.9994616787923781,0.9996583695829322,0.999666127585019,0.999251813886401,0.07515718859295026,0.07752655543225867,0.08792657028873103,0.08904888407806986,0.09017119786740871,0.003980459147273763,0.004094471208290651,0.005206543623278837,0.005254849850387133,0.00530315607749543,0.2364495737955316,0.233676051232316,0.25245180661268996,0.2539086602720896,0.25536551393148926,0.023712701481857057,0.023831170341622274,0.02859036739549058,0.029366421667144597,0.030142475938798617,1.0,1.0,1.0,1.0,1.0,0.0004755401218656483,0.0004755401218656483,0.0005543452479780395,0.0005641958887420885,0.0005740465295061373,1.82406609896546e-06,1.893432136745865e-06,2.0077540621388224e-06,2.013187718374887e-06,2.0186213746109516e-06,0.0,0.0,0.0,0.0,0.0,0.0016783276986381157,0.0016200332523219618,0.0023454037701372775,0.0025163201595094884,0.0026872365488816996
double_wells,initial_ritz,2,5,0.9994547379579956,0.9995255134903848,0.9995615552435357,0.9995653923158287,0.9992618730061776,0.068605494248944,0.06340052049842831,0.08057521893238327,0.08209113012243047,0.08360704131247768,0.004118289902296101,0.0032373198355621913,0.005775083657496749,0.00594755482415219,0.0061200259908076315,0.14688594871809807,0.14094812578433297,0.16934661990988406,0.16990943411827153,0.17047224832665903,0.024532355923870118,0.023411172994844985,0.028066749613377323,0.028706941505048975,0.029347133396720626,1.0,1.0,1.0,1.0,1.0,0.00036780725170538207,0.00037444595986913426,0.0005104061471602805,0.0005187097332683484,0.0005270133193764163,1.82406609896546e-06,1.893432136745865e-06,2.0077540621388224e-06,2.013187718374887e-06,2.0186213746109516e-06,0.0,0.0,0.0,0.0,0.0,0.0018931697517699853,0.0021320920184639824,0.002259719530761828,0.002260874216547393,0.0022620289023329576
double_wells,initial_ritz,3,5,0.998521454466144,0.9986633930237727,0.9990514355633838,0.999066858739728,0.9978308058813117,0.08687306797657753,0.08315095767889018,0.10432923017794783,0.10470268465202093,0.10507613912609404,0.008718348711440038,0.007400151271309996,0.013188995024036832,0.013348355353884855,0.01350771568373288,0.13834563397178792,0.1326440321927296,0.16426010756788267,0.1645801582107524,0.16490020885362208,0.043636154787936324,0.04439677212172312,0.052728034753075755,0.05340177798115863,0.0540755212092415,1.0,1.0,1.0,1.0,1.0,0.0002716519031615001,0.00028679793463352095,0.00031181073303159407,0.00031493733283135324,0.00031806393263111236,1.82406609896546e-06,1.893432136745865e-06,2.0077540621388224e-06,2.013187718374887e-06,2.0186213746109516e-06,0.0,0.0,0.0,0.0,0.0,0.0046000588091439365,0.004162831435747805,0.007586382533195524,0.007918214029698988,0.008250045526202454
double_wells,initial_ritz,4,5,0.998380105664847,0.9984913259783309,0.9989206463891219,0.9989208452410453,0.9976637836824711,0.08413617880663993,0.08080384665243438,0.09960058255314103,0.09999384354852182,0.10038710454390262,0.00944679563340487,0.007743060462069407,0.014687575581446666,0.014913519695846223,0.015139463810245779,0.12159731185086067,0.11207402563977877,0.14433244802777703,0.14439858530379568,0.14446472257981435,0.042035795366629616,0.04452434804594709,0.046496618949735086,0.04708091231127009,0.04766520567280509,1.0,1.0,1.0,1.0,1.0,0.0002490648364059043,0.0002490648364059043,0.0002766000045269175,0.00028004190054204417,0.0002834837965571708,1.82406609896546e-06,1.893432136745865e-06,2.0077540621388224e-06,2.013187718374887e-06,2.0186213746109516e-06,0.0,0.0,0.0,0.0,0.0,0.0007284469219648315,0.0003429091907594106,0.0014985805574098342,0.001565164341961367,0.0016317481265128997
double_wells,initial_ritz,5,5,0.9984606101342788,0.9986301801585407,0.9987800359702801,0.9988061209196478,0.9979426844487883,0.07735465939312146,0.07293139411614888,0.08607537328314037,0.08624575259869188,0.08641613191424338,0.0075851833038357965,0.005400592622888389,0.011547642565684501,0.01174951263832007,0.011951382710955638,0.09857149036213916,0.09118311078226271,0.11119043480288762,0.11143217806165157,0.11167392132041551,0.042190301604397885,0.04117868600710367,0.04410948495395199,0.04470805069390548,0.045306616433858964,1.0,1.0,1.0,1.0,1.0,,,,,,1.82406609896546e-06,1.893432136745865e-06,2.0077540621388224e-06,2.013187718374887e-06,2.0186213746109516e-06,0.0,0.0,0.0,0.0,0.0,0.0018616123295690733,0.002342467839181017,0.0031399330157621643,0.0031640070575261526,0.003188081099290141
double_wells,initial_ritz,6,5,0.9980556081673269,0.9983049977254215,0.9984367969011105,0.998480146935078,0.9975326897100192,0.08262469640453823,0.08031529817007799,0.09282014614412035,0.09336659498006185,0.09391304381600335,0.006944906044740939,0.006954983633578049,0.010545399227486384,0.010834987914929073,0.01112457660237176,0.09006937753800424,0.09583158473552195,0.09998317143765349,0.1000707533629712,0.10015833528828891,0.05687138662791388,0.05617553772938519,0.06553636197593943,0.06555919543069273,0.06558202888544604,0.2,0.0,0.6000000000000001,0.7999999999999998,0.0,,,,,,1.82406609896546e-06,1.893432136745865e-06,2.0077540621388224e-06,2.013187718374887e-06,2.0186213746109516e-06,0.0,0.0,0.0,0.0,0.0,0.005107997631084027,0.0052131328811648725,0.0066241290898102715,0.006846782770144344,0.007069436450478417
double_wells,initial_ritz,7,5,0.997048106780331,0.99712592334971,0.9978041084066515,0.9978902307230748,0.996146172271366,0.08900720424760819,0.09433484417933645,0.09703924674617846,0.09788570806834318,0.0987321693905079,0.0070105615986247646,0.006579904075847409,0.010827822095339367,0.011664363055203174,0.012500904015066983,0.08337097896972523,0.07997681516849398,0.1023008647885103,0.10543185431956639,0.1085628438506225,0.0723170556212395,0.06326279839246436,0.08977307561769532,0.09056021562025365,0.09134735562281199,1.0,1.0,1.0,1.0,1.0,,,,,,1.82406609896546e-06,1.893432136745865e-06,2.0077540621388224e-06,2.013187718374887e-06,2.0186213746109516e-06,0.0,0.0,0.0,0.0,0.0,0.003665194514376591,0.0030967290893109123,0.005137840008115724,0.005341880194802328,0.0055459203814889335
double_wells,initial_ritz,8,5,0.9967608936846354,0.996628362264035,0.9985656384911668,0.9986591026769501,0.9948307926251359,0.08444416106148837,0.08585248669040291,0.10805473613370259,0.10922530432477913,0.11039587251585567,0.007613761407595554,0.008985452903215396,0.010497887228003756,0.01066103013519495,0.010824173042386143,0.06518614263522346,0.06756910359628811,0.07719834849150745,0.07808772576911784,0.07897710304672821,0.07875347629601147,0.08471546667860191,0.10439272944973602,0.10554674916070667,0.10670076887167732,1.0,1.0,1.0,1.0,1.0,0.00043007721103286746,0.0003956143120032068,0.0006065063387269247,0.0006303865115192198,0.0006542666843115151,1.82406609896546e-06,1.893432136745865e-06,2.0077540621388224e-06,2.013187718374887e-06,2.0186213746109516e-06,0.0,0.0,0.0,0.0,0.0,0.008207151162785475,0.0006672536874674506,0.020324815595333855,0.021417089058415505,0.022509362521497156
double_wells,initial_ritz,9,5,0.9958884692243556,0.9951919876267724,0.9972791862973204,0.9974501869645265,0.9947141187662875,0.07265356073624134,0.08074875730425199,0.08389951091198079,0.08475866785862238,0.08561782480526395,0.010597412128430506,0.00736052935343956,0.017186765676462556,0.018172231239405787,0.019157696802349022,0.04972787072198569,0.05290119144008076,0.05872313822774156,0.059379670976349275,0.06003620372495699,0.08030226883521688,0.09149251132656272,0.09443558527523511,0.0951158942203381,0.09579620316544109,1.0,1.0,1.0,1.0,1.0,0.00030509332480670095,0.00031441562305864235,0.0003657020510698766,0.00036980836018339554,0.0003739146692969145,1.82406609896546e-06,1.893432136745865e-06,2.0077540621388224e-06,2.013187718374887e-06,2.0186213746109516e-06,0.0,0.0,0.0,0.0,0.0,0.009095732630153286,0.009149238295918849,0.013927648582726881,0.01426427547615372,0.01460090236958056
double_wells,initial_ritz,10,5,0.9898421047373356,0.9893715331356354,0.9942292929674222,0.9942862582470264,0.9855329930827006,0.11484523279986673,0.11407195217863801,0.12802620797077752,0.12868028169839874,0.12933435542601995,0.009767840299498154,0.009863312857416595,0.016460994313409395,0.016806843987716747,0.0171526936620241,0.07397491099174956,0.07106727627137156,0.08508679714938959,0.08870795512081071,0.09232911309223185,0.13599263244995,0.14119437359060064,0.17255325012648132,0.17416540333720978,0.17577755654793825,1.0,1.0,1.0,1.0,1.0,0.0003711431354395414,0.0003417705956956935,0.00043991779127197064,0.0004440138801694368,0.00044810996906690287,1.82406609896546e-06,1.893432136745865e-06,2.0077540621388224e-06,2.013187718374887e-06,2.0186213746109516e-06,0.0,0.0,0.0,0.0,0.0,0.019530869381959626,0.02204646132285326,0.02319015057634921,0.023330819725669194,0.023471488874989177
double_wells,physics_selected,0,5,0.8948230865789574,0.8679568496142621,0.9669434942913229,0.9833076099040867,0.8325781186384781,0.3289156066079515,0.4080881232978962,0.43084484898806924,0.43677940975239704,0.44271397051672484,0.01638432966042509,0.018142204688179397,0.024889634294214247,0.0251742571031889,0.025458879912163557,0.4316165977353189,0.45948128383219894,0.5188175575529655,0.5290932476127852,0.5393689376726049,0.3917997353742536,0.4519755343412591,0.540291439690032,0.5427031802062927,0.5451149207225534,1.0,1.0,1.0,1.0,1.0,0.0,0.0,0.0,0.0,0.0,0.19116712017286341,0.22451403251668176,0.2722039414764565,0.27761524413651945,0.2830265467965824,0.0,0.0,0.0,0.0,0.0,,,,,
double_wells,physics_selected,1,5,0.7419161974997068,0.7494300148261424,0.9224117303981003,0.9609367045952392,0.5591201128237853,0.5092002895732864,0.5399512565024406,0.7427046329754047,0.7569593252212546,0.7712140174671047,0.0685994451197339,0.08826323770018196,0.09456022231846477,0.09658351778540165,0.09860681325233855,0.3584196214306212,0.3862147738651965,0.38916311941105275,0.389488129268441,0.38981313912582927,0.7674756767851995,0.8562641927729023,1.1010703675654798,1.118842428271325,1.1366144889771703,1.0,1.0,1.0,1.0,1.0,0.02825892058466522,0.026499270794196707,0.03768346678355034,0.03896461582658822,0.04024576486962611,0.19116712017286341,0.22451403251668176,0.2722039414764565,0.27761524413651945,0.2830265467965824,0.0,0.0,0.0,0.0,0.0,0.05221511545930881,0.06303145600549054,0.07764128794762648,0.08211255998587141,0.08658383202411635
double_wells,physics_selected,2,5,0.9730126447792105,0.9684696449644874,0.9903672377816076,0.9948145553938926,0.953915823256069,0.19756451520263632,0.2103437831618884,0.250482505708413,0.25509910150161214,0.2597156972948112,0.13401678561853866,0.1415771073380918,0.19521420440729204,0.20465081351159953,0.21408742261590707,0.2245366457287255,0.2072808119415085,0.276770055486717,0.28657907158978535,0.2963880876928537,0.23918576245811302,0.28495717409520355,0.3500046562381123,0.35939434581294555,0.3687840353877788,1.0,1.0,1.0,1.0,1.0,0.0037050762988361336,0.005037883534362418,0.005960940046323041,0.006088382185520438,0.006215824324717835,0.19116712017286341,0.22451403251668176,0.2722039414764565,0.27761524413651945,0.2830265467965824,0.0,0.0,0.0,0.0,0.0,0.06541734049880477,0.07803473981788756,0.10681470777662679,0.11620589723743988,0.12559708669825298
double_wells,physics_selected,3,5,0.9909786815110205,0.9916508424236153,0.9969973964125384,0.9975115109438752,0.9781449173205646,0.1139995725584673,0.10320886675572852,0.13649247526049263,0.13781833959381012,0.13914420392712762,0.020204773852531454,0.020981142366118144,0.028748309609899537,0.028960667141305983,0.029173024672712433,0.141218722743444,0.13373826143512188,0.1676957371875646,0.1691609977036616,0.1706262582197586,0.1296368473954222,0.11269767216040841,0.20103535881967707,0.22053767990573453,0.240040000991792,1.0,1.0,1.0,1.0,1.0,0.0014594927552325462,0.001001203683766437,0.0028877108365781383,0.003131094789525434,0.0033744787424727298,0.19116712017286341,0.22451403251668176,0.2722039414764565,0.27761524413651945,0.2830265467965824,0.0,0.0,0.0,0.0,0.0,0.12046738745294276,0.12059596497197367,0.18172941007312607,0.18332190400816034,0.18491439794319464
double_wells,physics_selected,4,5,0.9949148578952307,0.9952721557929153,0.9975349525584732,0.9977196386477928,0.9916820673853163,0.10086389594705052,0.09993242492389172,0.10961463248923885,0.11056686608277175,0.11151909967630465,0.11099603956040682,0.12701813606998313,0.1718356278173298,0.17933135786999474,0.18682708792265967,0.12603773022676168,0.11678506684946176,0.14373239373605992,0.14393321496789047,0.14413403619972104,0.09046674674684713,0.09031924417606324,0.12166718476524109,0.12289034407370718,0.12411350338217327,1.0,1.0,1.0,1.0,1.0,0.0010388390577117444,0.0006551803202419978,0.002072702260987313,0.0021091719906140773,0.0021456417202408416,0.19116712017286341,0.22451403251668176,0.2722039414764565,0.27761524413651945,0.2830265467965824,0.0,0.0,0.0,0.0,0.0,0.12209742732967968,0.13930088648568129,0.18816270633744445,0.20155051563789214,0.21493832493833986
double_wells,physics_selected,5,5,0.9915874351072149,0.9911663540297323,0.9955207566634476,0.9968584778681601,0.9862509591714019,0.10946750386125845,0.10966011524261918,0.1236252210694577,0.12555227295144653,0.12747932483343538,0.9745089923553495,1.1389483755208376,1.3788283435916828,1.4224373237502355,1.4660463039087883,0.21289502337496594,0.22512733810259566,0.2638127849270213,0.2689508278982325,0.2740888708694436,0.11207795872811414,0.12092025455522426,0.14192287006355966,0.14781578706178627,0.15370870406001289,1.0,1.0,1.0,1.0,1.0,0.0017069026902787078,0.0016017182756634595,0.0021213184059393707,0.0022079123370885175,0.0022945062682376647,0.19116712017286341,0.22451403251668176,0.2722039414764565,0.27761524413651945,0.2830265467965824,0.0,0.0,0.0,0.0,0.0,0.8647400371511307,0.9895999378615026,1.2159248364100939,1.2475720261981111,1.2792192159861286
double_wells,physics_selected,6,5,0.986611909576302,0.9849865186719908,0.9947593091429215,0.9966414030559835,0.9780624373439117,0.12690326291752413,0.1319534313075713,0.15606645440438208,0.1594743421406522,0.16288222987692233,1.1817005746848777,1.3418103405346722,1.7350687528041466,1.7984263499144408,1.861783947024735,0.20057134364197737,0.21019691604734717,0.2623204350237244,0.26850174001934163,0.2746830450149589,0.1441371558899307,0.16216293857604006,0.18746354016076458,0.19241377287407146,0.19736400558737835,1.0,1.0,1.0,1.0,1.0,0.0020435118557574393,0.0021347890930093127,0.0024905777175017337,0.0025446778397142183,0.002598777961926703,0.19116712017286341,0.22451403251668176,0.2722039414764565,0.27761524413651945,0.2830265467965824,0.0,0.0,0.0,0.0,0.0,0.21001935690971957,0.20286196501383458,0.3562404092124637,0.37598902616420515,0.3957376431159467
double_wells,physics_selected,7,5,0.9911135873572883,0.9903419583739168,0.995223440927846,0.9963845911926136,0.9873019378551614,0.10698995189291682,0.1141194935913536,0.12001601180758716,0.12073288937902703,0.1214497669504669,3.069734363722847,3.4440053070454786,4.370711441264158,4.502070014141014,4.633428587017872,0.31856472034110656,0.3496082625288023,0.41318409917671334,0.4197266884699608,0.42626927776320833,0.1285603129354437,0.1385592462692024,0.15481887962503177,0.15577133719598982,0.15672379476694787,1.0,1.0,1.0,1.0,1.0,0.0011199275769558676,0.0011127168997256717,0.0012530997463977107,0.0012710487530826792,0.0012889977597676477,0.19116712017286341,0.22451403251668176,0.2722039414764565,0.27761524413651945,0.2830265467965824,0.0,0.0,0.0,0.0,0.0,1.8880337890379686,2.1323383512591745,2.6356426884600115,2.703643664226574,2.771644639993137
double_wells,physics_selected,8,5,0.992015873888945,0.9922917739605538,0.9965001303595524,0.9973926881466846,0.9874057209133335,0.09798000345543159,0.09643259857072109,0.12521047429410373,0.1262135336103502,0.12721659292659665,3.2900187608215825,3.640835300493851,4.752803247883638,4.908292340620172,5.063781433356707,0.2889220465740564,0.3219747748119985,0.38984358925852797,0.39688820535139974,0.4039328214442715,0.11926974994172361,0.12376025637339928,0.15173060642394612,0.15331417115669352,0.15489773588944092,1.0,1.0,1.0,1.0,1.0,0.000811567729548775,0.000900488896431351,0.0010559454660086127,0.0010765460543159424,0.0010971466426232719,0.19116712017286341,0.22451403251668176,0.2722039414764565,0.27761524413651945,0.2830265467965824,0.0,0.0,0.0,0.0,0.0,0.22277392596421713,0.1968299934483726,0.38209180661948033,0.40622232647915746,0.43035284633883464
double_wells,physics_selected,9,5,0.9935380822763162,0.9928350644887649,0.9958516125867681,0.9963088984412352,0.991335959072738,0.08265542617558788,0.08833918911431837,0.09830820196449776,0.09985174520996307,0.10139528845542838,6.378059155785226,7.5000531186273385,8.789782591259529,9.03790728801389,9.286031984768254,0.38407320998258726,0.4411088981323047,0.5014475369193485,0.50778195298949,0.5141163690596317,0.10547832559259854,0.11151900695890735,0.12278420379005647,0.12431192018005251,0.12583963657004854,1.0,1.0,1.0,1.0,1.0,0.0006388794087659546,0.0006322991628299275,0.0008538060811100753,0.0008914810574211739,0.0009291560337322726,0.19116712017286341,0.22451403251668176,0.2722039414764565,0.27761524413651945,0.2830265467965824,0.0,0.0,0.0,0.0,0.0,3.088040394963644,3.759072531322407,4.15404480728149,4.188147679346519,4.222250551411547
double_wells,physics_selected,10,5,0.9852110622020339,0.9845779362773068,0.9916000926387055,0.9928292448836576,0.9776527947891523,0.12897832812924942,0.13092276056651167,0.1459565090968402,0.14933207190214148,0.1527076347074428,6.271843073758971,7.321231211506234,8.717184070180108,8.979669049493086,9.242154028806066,0.3555844071683298,0.39959324322807294,0.46176403733355176,0.4685552429089867,0.47534644848442165,0.16577530474869273,0.16803870100349141,0.20592428272865054,0.20940173799325906,0.21287919325786758,1.0,1.0,1.0,1.0,1.0,0.0007327037644817347,0.0008301079820083146,0.0009734875746648551,0.0009872134423440002,0.0010009393100231451,0.19116712017286341,0.22451403251668176,0.2722039414764565,0.27761524413651945,0.2830265467965824,0.0,0.0,0.0,0.0,0.0,0.10621608202625535,0.11567936875527174,0.17986282300044376,0.1802097949602235,0.18055676692000322
joint_parameter_extrapolation,direct_topology,0,2,0.9923469827116447,0.9923469827116447,0.9929980020382283,0.9930793794540512,0.9915332085534151,0.15147422575758418,0.15147422575758418,0.17484652656902744,0.17776806417045785,0.18068960177188825,0.01992876026135143,0.01992876026135143,0.028872851687616143,0.029990863115899227,0.03110887454418232,0.2861978058902791,0.2861978058902791,0.3284695854172377,0.33375355785810756,0.3390375302989774,0.1372182445497508,0.1372182445497508,0.14779693755027534,0.1491192741753409,0.15044161080040647,1.0,1.0,1.0,1.0,1.0,0.0,0.0,0.0,0.0,0.0,0.18751473983789554,0.18751473983789554,0.2816154709961958,0.29337806239098335,0.3051406537857709,0.0,0.0,0.0,0.0,0.0,,,,,
joint_parameter_extrapolation,direct_topology,1,2,0.9701243545374605,0.9701243545374605,0.991951332245767,0.9946797044593054,0.9428406324020774,0.21539246376065357,0.21539246376065357,0.32868745997907295,0.34284933450637534,0.3570112090336778,0.022338640471557036,0.022338640471557036,0.029257144189778195,0.030121957154555838,0.030986770119333484,0.2165779837761836,0.2165779837761836,0.32578870980774866,0.33944005056169424,0.3530913913156399,0.22227510360730637,0.22227510360730637,0.34496590036866626,0.36030224996383625,0.37563859955900625,1.0,1.0,1.0,1.0,1.0,0.006011187681156246,0.006011187681156246,0.009472687873890683,0.009905375397982486,0.010338062922074292,0.18751473983789554,0.18751473983789554,0.2816154709961958,0.29337806239098335,0.3051406537857709,0.0,0.0,0.0,0.0,0.0,0.033518754754387925,0.033518754754387925,0.04254325924524791,0.043671322306605406,0.04479938536796291
joint_parameter_extrapolation,direct_topology,2,2,0.9356026265866544,0.9356026265866544,0.981534129224755,0.9872755670545176,0.8781882482890285,0.23117046334260702,0.23117046334260702,0.3343545964741122,0.34725261311555033,0.36015062975698847,0.12048091931725269,0.12048091931725269,0.20063646486359596,0.21065590805688886,0.22067535125018178,0.15224154439717005,0.15224154439717005,0.22439652647137562,0.2334158992306513,0.242435271989927,0.37798263983474956,0.37798263983474956,0.5893298286065349,0.615748227203008,0.6421666257994812,1.0,1.0,1.0,1.0,1.0,0.004700546492448979,0.004700546492448979,0.006637749315340606,0.006879899668202059,0.0071220500210635125,0.18751473983789554,0.18751473983789554,0.2816154709961958,0.29337806239098335,0.3051406537857709,0.0,0.0,0.0,0.0,0.0,0.14281955978880972,0.14281955978880972,0.21605660161693185,0.2252112318454471,0.23436586207396237
joint_parameter_extrapolation,direct_topology,3,2,0.9927665952814495,0.9927665952814495,0.9944966998080222,0.9947129628738438,0.9906039646232337,0.10378939517968776,0.10378939517968776,0.12871725027884953,0.13183323216624473,0.13494921405363997,0.019744199898535486,0.019744199898535486,0.028270851820733123,0.029336683311007826,0.030402514801282532,0.10542076658665725,0.10542076658665725,0.15650622439951875,0.16289190662612643,0.1692775888527341,0.13556548191400972,0.13556548191400972,0.1546280477668231,0.15701086849842477,0.15939368923002645,1.0,1.0,1.0,1.0,1.0,0.0011192442263174463,0.0011192442263174463,0.0011509639409194039,0.0011549289052446487,0.0011588938695698933,0.18751473983789554,0.18751473983789554,0.2816154709961958,0.29337806239098335,0.3051406537857709,0.0,0.0,0.0,0.0,0.0,0.10982260441450564,0.10982260441450564,0.17418279004202053,0.1822278132454599,0.19027283644889925
joint_parameter_extrapolation,direct_topology,4,2,0.9871176194891129,0.9871176194891129,0.9929932267978361,0.9937276777114264,0.9797731103532089,0.11289179721428215,0.11289179721428215,0.1382684863689967,0.141440572513336,0.1446126586576753,0.16742739969759723,0.16742739969759723,0.20159703677463153,0.20586824140926083,0.21013944604389012,0.10838412083582152,0.10838412083582152,0.14241924172178777,0.14667363183253354,0.15092802194327934,0.17410036683702643,0.17410036683702643,0.2222402843237954,0.2282577740096415,0.23427526369548762,1.0,1.0,1.0,1.0,1.0,0.0016849590697082424,0.0016849590697082424,0.0021271237672684665,0.0021823943544634944,0.0022376649416585223,0.18751473983789554,0.18751473983789554,0.2816154709961958,0.29337806239098335,0.3051406537857709,0.0,0.0,0.0,0.0,0.0,0.18717159959613272,0.18717159959613272,0.2128145847509694,0.21601995789532397,0.21922533103967856
joint_parameter_extrapolation,direct_topology,5,2,0.9883047559375722,0.9883047559375722,0.9916547855576368,0.9920735392601447,0.9841172189124915,0.10882303862600681,0.10882303862600681,0.12940714479921692,0.13198015807086816,0.13455317134251943,0.7517577588853541,0.7517577588853541,1.2776357498948503,1.3433704987710373,1.4091052476472243,0.14711695593319316,0.14711695593319316,0.2318971915928105,0.24249472105026265,0.25309225050771483,0.148637346245366,0.148637346245366,0.16586815883410572,0.16802201040769818,0.17017586198129064,1.0,1.0,1.0,1.0,1.0,0.0017929779120713341,0.0017929779120713341,0.0021958587302669855,0.002246218832541442,0.0022965789348158984,0.18751473983789554,0.18751473983789554,0.2816154709961958,0.29337806239098335,0.3051406537857709,0.0,0.0,0.0,0.0,0.0,0.7000595351081631,0.7000595351081631,1.1675238224583686,1.2259568583771443,1.28438989429592
joint_parameter_extrapolation,direct_topology,6,2,0.9877801736195471,0.9877801736195471,0.9932335893556905,0.9939152663227084,0.9809634039493678,0.10281561100790203,0.10281561100790203,0.13093438542679645,0.13444923222915825,0.13796407903152005,1.0655319155625371,1.0655319155625371,1.615437625027243,1.6841758387103312,1.7529140523934195,0.1584554776675265,0.1584554776675265,0.2286154157054637,0.23738540796020585,0.246155400214948,0.14793056851695202,0.14793056851695202,0.1750650723770807,0.17845688535959675,0.18184869834211284,1.0,1.0,1.0,1.0,1.0,0.0014323678365358316,0.0014323678365358316,0.0020341678131581093,0.002109392810235894,0.002184617807313679,0.18751473983789554,0.18751473983789554,0.2816154709961958,0.29337806239098335,0.3051406537857709,0.0,0.0,0.0,0.0,0.0,0.313774156677183,0.313774156677183,0.3378018751323927,0.3408053399392939,0.34380880474619513
joint_parameter_extrapolation,direct_topology,7,2,0.9897014107527626,0.9897014107527626,0.9929007870682856,0.9933007091077258,0.985702190358359,0.09899083826485716,0.09899083826485716,0.11925942368193997,0.12179299685907531,0.12432657003621066,2.4003898709475986,2.4003898709475986,4.162881806822336,4.3831932988066775,4.603504790791019,0.22193670306414437,0.22193670306414437,0.36833738680022965,0.38663747226724027,0.40493755773425094,0.14445483715743618,0.14445483715743618,0.16606984639909428,0.16877172255430153,0.1714735987095088,1.0,1.0,1.0,1.0,1.0,0.001168014279631347,0.001168014279631347,0.001511490568634687,0.0015544251047601044,0.001597359640885522,0.18751473983789554,0.18751473983789554,0.2816154709961958,0.29337806239098335,0.3051406537857709,0.0,0.0,0.0,0.0,0.0,1.5157327830125387,1.5157327830125387,2.5836191473205883,2.717104942859094,2.8505907383976004
joint_parameter_extrapolation,direct_topology,8,2,0.9896437414510009,0.9896437414510009,0.9930530638335602,0.9934792291313801,0.9853820884728016,0.10332616247900861,0.10332616247900861,0.11798210812434066,0.11981410133000717,0.12164609453567368,2.779044785708909,2.779044785708909,4.549105553297123,4.770363149245649,4.991620745194176,0.2303791111056987,0.2303791111056987,0.35191092133058033,0.36710239760869046,0.3822938738868007,0.13330196134446373,0.13330196134446373,0.15118449282132207,0.15341980925592938,0.15565512569053666,1.0,1.0,1.0,1.0,1.0,0.0012907455783549718,0.0012907455783549718,0.0015487503578869347,0.0015810009553284302,0.0016132515527699255,0.18751473983789554,0.18751473983789554,0.2816154709961958,0.29337806239098335,0.3051406537857709,0.0,0.0,0.0,0.0,0.0,0.3786549147613101,0.3786549147613101,0.38622374647478686,0.38716985043897145,0.38811595440315605
joint_parameter_extrapolation,direct_topology,9,2,0.9923780086731918,0.9923780086731918,0.994444098602176,0.994702359843299,0.9897953962619616,0.0898360578334731,0.0898360578334731,0.09855874678259555,0.09964908290123585,0.10073941901987615,5.187277199664033,5.187277199664033,9.098990840194382,9.587955045260676,10.07691925032697,0.27892713290918725,0.27892713290918725,0.46726901287446476,0.4908117478701244,0.5143544828657841,0.12826030686575612,0.12826030686575612,0.1384020390561524,0.13966975557995193,0.14093747210375146,1.0,1.0,1.0,1.0,1.0,0.000807211293937047,0.000807211293937047,0.0010483630848164224,0.0010785070586763442,0.0011086510325362662,0.18751473983789554,0.18751473983789554,0.2816154709961958,0.29337806239098335,0.3051406537857709,0.0,0.0,0.0,0.0,0.0,2.6770660911776702,2.6770660911776702,4.60365202234177,4.844475263737282,5.085298505132794
joint_parameter_extrapolation,direct_topology,10,2,0.985738116659933,0.985738116659933,0.9880890439874617,0.9883829099034028,0.9827994575005222,0.12857025501194502,0.12857025501194502,0.13408593933962443,0.13477539988058437,0.1354648604215443,5.397487961094736,5.397487961094736,9.100740493291537,9.563647059816137,10.026553626340737,0.2812769815881208,0.2812769815881208,0.4373643103672853,0.4568752264646808,0.4763861425620764,0.1709173991121844,0.1709173991121844,0.1807310262183801,0.18195772960665457,0.18318443299492904,1.0,1.0,1.0,1.0,1.0,0.0011054601287704368,0.0011054601287704368,0.001195866976188635,0.00120716783211591,0.0012184686880431846,0.18751473983789554,0.18751473983789554,0.2816154709961958,0.29337806239098335,0.3051406537857709,0.0,0.0,0.0,0.0,0.0,0.2605763854169365,0.2605763854169365,0.42874499456149956,0.4497660707045699,0.47078714684764034
joint_parameter_extrapolation,hybrid,0,2,0.9923469827116447,0.9923469827116447,0.9929980020382283,0.9930793794540512,0.9915332085534151,0.15147422575758418,0.15147422575758418,0.17484652656902744,0.17776806417045785,0.18068960177188825,0.01992876026135143,0.01992876026135143,0.028872851687616143,0.029990863115899227,0.03110887454418232,0.2861978058902791,0.2861978058902791,0.3284695854172377,0.33375355785810756,0.3390375302989774,0.1372182445497508,0.1372182445497508,0.14779693755027534,0.1491192741753409,0.15044161080040647,1.0,1.0,1.0,1.0,1.0,0.0,0.0,0.0,0.0,0.0,0.18751473983789554,0.18751473983789554,0.2816154709961958,0.29337806239098335,0.3051406537857709,0.0,0.0,0.0,0.0,0.0,,,,,
joint_parameter_extrapolation,hybrid,1,2,0.9701243545374605,0.9701243545374605,0.991951332245767,0.9946797044593054,0.9428406324020774,0.21539246376065357,0.21539246376065357,0.32868745997907295,0.34284933450637534,0.3570112090336778,0.022338640471557036,0.022338640471557036,0.029257144189778195,0.030121957154555838,0.030986770119333484,0.2165779837761836,0.2165779837761836,0.32578870980774866,0.33944005056169424,0.3530913913156399,0.22227510360730637,0.22227510360730637,0.34496590036866626,0.36030224996383625,0.37563859955900625,1.0,1.0,1.0,1.0,1.0,0.006011187681156246,0.006011187681156246,0.009472687873890683,0.009905375397982486,0.010338062922074292,0.18751473983789554,0.18751473983789554,0.2816154709961958,0.29337806239098335,0.3051406537857709,0.0,0.0,0.0,0.0,0.0,0.033518754754387925,0.033518754754387925,0.04254325924524791,0.043671322306605406,0.04479938536796291
joint_parameter_extrapolation,hybrid,2,2,0.9356026265866544,0.9356026265866544,0.981534129224755,0.9872755670545176,0.8781882482890285,0.23117046334260702,0.23117046334260702,0.3343545964741122,0.34725261311555033,0.36015062975698847,0.12048091931725269,0.12048091931725269,0.20063646486359596,0.21065590805688886,0.22067535125018178,0.15224154439717005,0.15224154439717005,0.22439652647137562,0.2334158992306513,0.242435271989927,0.37798263983474956,0.37798263983474956,0.5893298286065349,0.615748227203008,0.6421666257994812,1.0,1.0,1.0,1.0,1.0,0.004700546492448979,0.004700546492448979,0.006637749315340606,0.006879899668202059,0.0071220500210635125,0.18751473983789554,0.18751473983789554,0.2816154709961958,0.29337806239098335,0.3051406537857709,0.0,0.0,0.0,0.0,0.0,0.14281955978880972,0.14281955978880972,0.21605660161693185,0.2252112318454471,0.23436586207396237
joint_parameter_extrapolation,hybrid,3,2,0.9927665952814495,0.9927665952814495,0.9944966998080222,0.9947129628738438,0.9906039646232337,0.10378939517968776,0.10378939517968776,0.12871725027884953,0.13183323216624473,0.13494921405363997,0.019744199898535486,0.019744199898535486,0.028270851820733123,0.029336683311007826,0.030402514801282532,0.10542076658665725,0.10542076658665725,0.15650622439951875,0.16289190662612643,0.1692775888527341,0.13556548191400972,0.13556548191400972,0.1546280477668231,0.15701086849842477,0.15939368923002645,1.0,1.0,1.0,1.0,1.0,0.0011192442263174463,0.0011192442263174463,0.0011509639409194039,0.0011549289052446487,0.0011588938695698933,0.18751473983789554,0.18751473983789554,0.2816154709961958,0.29337806239098335,0.3051406537857709,0.0,0.0,0.0,0.0,0.0,0.10982260441450564,0.10982260441450564,0.17418279004202053,0.1822278132454599,0.19027283644889925
joint_parameter_extrapolation,hybrid,4,2,0.9871176194891129,0.9871176194891129,0.9929932267978361,0.9937276777114264,0.9797731103532089,0.11289179721428215,0.11289179721428215,0.1382684863689967,0.141440572513336,0.1446126586576753,0.16742739969759723,0.16742739969759723,0.20159703677463153,0.20586824140926083,0.21013944604389012,0.10838412083582152,0.10838412083582152,0.14241924172178777,0.14667363183253354,0.15092802194327934,0.17410036683702643,0.17410036683702643,0.2222402843237954,0.2282577740096415,0.23427526369548762,1.0,1.0,1.0,1.0,1.0,0.0016849590697082424,0.0016849590697082424,0.0021271237672684665,0.0021823943544634944,0.0022376649416585223,0.18751473983789554,0.18751473983789554,0.2816154709961958,0.29337806239098335,0.3051406537857709,0.0,0.0,0.0,0.0,0.0,0.18717159959613272,0.18717159959613272,0.2128145847509694,0.21601995789532397,0.21922533103967856
joint_parameter_extrapolation,hybrid,5,2,0.9883047559375722,0.9883047559375722,0.9916547855576368,0.9920735392601447,0.9841172189124915,0.10882303862600681,0.10882303862600681,0.12940714479921692,0.13198015807086816,0.13455317134251943,0.7517577588853541,0.7517577588853541,1.2776357498948503,1.3433704987710373,1.4091052476472243,0.14711695593319316,0.14711695593319316,0.2318971915928105,0.24249472105026265,0.25309225050771483,0.148637346245366,0.148637346245366,0.16586815883410572,0.16802201040769818,0.17017586198129064,1.0,1.0,1.0,1.0,1.0,0.0017929779120713341,0.0017929779120713341,0.0021958587302669855,0.002246218832541442,0.0022965789348158984,0.18751473983789554,0.18751473983789554,0.2816154709961958,0.29337806239098335,0.3051406537857709,0.0,0.0,0.0,0.0,0.0,0.7000595351081631,0.7000595351081631,1.1675238224583686,1.2259568583771443,1.28438989429592
joint_parameter_extrapolation,hybrid,6,2,0.9877801736195471,0.9877801736195471,0.9932335893556905,0.9939152663227084,0.9809634039493678,0.10281561100790203,0.10281561100790203,0.13093438542679645,0.13444923222915825,0.13796407903152005,1.0655319155625371,1.0655319155625371,1.615437625027243,1.6841758387103312,1.7529140523934195,0.1584554776675265,0.1584554776675265,0.2286154157054637,0.23738540796020585,0.246155400214948,0.14793056851695202,0.14793056851695202,0.1750650723770807,0.17845688535959675,0.18184869834211284,1.0,1.0,1.0,1.0,1.0,0.0014323678365358316,0.0014323678365358316,0.0020341678131581093,0.002109392810235894,0.002184617807313679,0.18751473983789554,0.18751473983789554,0.2816154709961958,0.29337806239098335,0.3051406537857709,0.0,0.0,0.0,0.0,0.0,0.313774156677183,0.313774156677183,0.3378018751323927,0.3408053399392939,0.34380880474619513
joint_parameter_extrapolation,hybrid,7,2,0.9897014107527626,0.9897014107527626,0.9929007870682856,0.9933007091077258,0.985702190358359,0.09899083826485716,0.09899083826485716,0.11925942368193997,0.12179299685907531,0.12432657003621066,2.4003898709475986,2.4003898709475986,4.162881806822336,4.3831932988066775,4.603504790791019,0.22193670306414437,0.22193670306414437,0.36833738680022965,0.38663747226724027,0.40493755773425094,0.14445483715743618,0.14445483715743618,0.16606984639909428,0.16877172255430153,0.1714735987095088,1.0,1.0,1.0,1.0,1.0,0.001168014279631347,0.001168014279631347,0.001511490568634687,0.0015544251047601044,0.001597359640885522,0.18751473983789554,0.18751473983789554,0.2816154709961958,0.29337806239098335,0.3051406537857709,0.0,0.0,0.0,0.0,0.0,1.5157327830125387,1.5157327830125387,2.5836191473205883,2.717104942859094,2.8505907383976004
joint_parameter_extrapolation,hybrid,8,2,0.9896437414510009,0.9896437414510009,0.9930530638335602,0.9934792291313801,0.9853820884728016,0.10332616247900861,0.10332616247900861,0.11798210812434066,0.11981410133000717,0.12164609453567368,2.779044785708909,2.779044785708909,4.549105553297123,4.770363149245649,4.991620745194176,0.2303791111056987,0.2303791111056987,0.35191092133058033,0.36710239760869046,0.3822938738868007,0.13330196134446373,0.13330196134446373,0.15118449282132207,0.15341980925592938,0.15565512569053666,1.0,1.0,1.0,1.0,1.0,0.0012907455783549718,0.0012907455783549718,0.0015487503578869347,0.0015810009553284302,0.0016132515527699255,0.18751473983789554,0.18751473983789554,0.2816154709961958,0.29337806239098335,0.3051406537857709,0.0,0.0,0.0,0.0,0.0,0.3786549147613101,0.3786549147613101,0.38622374647478686,0.38716985043897145,0.38811595440315605
joint_parameter_extrapolation,hybrid,9,2,0.9923780086731918,0.9923780086731918,0.994444098602176,0.994702359843299,0.9897953962619616,0.0898360578334731,0.0898360578334731,0.09855874678259555,0.09964908290123585,0.10073941901987615,5.187277199664033,5.187277199664033,9.098990840194382,9.587955045260676,10.07691925032697,0.27892713290918725,0.27892713290918725,0.46726901287446476,0.4908117478701244,0.5143544828657841,0.12826030686575612,0.12826030686575612,0.1384020390561524,0.13966975557995193,0.14093747210375146,1.0,1.0,1.0,1.0,1.0,0.000807211293937047,0.000807211293937047,0.0010483630848164224,0.0010785070586763442,0.0011086510325362662,0.18751473983789554,0.18751473983789554,0.2816154709961958,0.29337806239098335,0.3051406537857709,0.0,0.0,0.0,0.0,0.0,2.6770660911776702,2.6770660911776702,4.60365202234177,4.844475263737282,5.085298505132794
joint_parameter_extrapolation,hybrid,10,2,0.985738116659933,0.985738116659933,0.9880890439874617,0.9883829099034028,0.9827994575005222,0.12857025501194502,0.12857025501194502,0.13408593933962443,0.13477539988058437,0.1354648604215443,5.397487961094736,5.397487961094736,9.100740493291537,9.563647059816137,10.026553626340737,0.2812769815881208,0.2812769815881208,0.4373643103672853,0.4568752264646808,0.4763861425620764,0.1709173991121844,0.1709173991121844,0.1807310262183801,0.18195772960665457,0.18318443299492904,1.0,1.0,1.0,1.0,1.0,0.0011054601287704368,0.0011054601287704368,0.001195866976188635,0.00120716783211591,0.0012184686880431846,0.18751473983789554,0.18751473983789554,0.2816154709961958,0.29337806239098335,0.3051406537857709,0.0,0.0,0.0,0.0,0.0,0.2605763854169365,0.2605763854169365,0.42874499456149956,0.4497660707045699,0.47078714684764034
joint_parameter_extrapolation,initial_ritz,0,2,0.9984398454423948,0.9984398454423948,0.9996641753418948,0.9998172165793322,0.99690943306802,0.055451721056434124,0.055451721056434124,0.0849615654463518,0.08865029599509151,0.09233902654383122,0.0022956660081798197,0.0022956660081798197,0.004043408078008859,0.004261875836737488,0.004480343595466119,0.18917900635207452,0.18917900635207452,0.2580227685044097,0.2666282387734516,0.2752337090424935,0.05374310601352052,0.05374310601352052,0.09204524917581342,0.09683301707110001,0.10162078496638663,1.0,1.0,1.0,1.0,1.0,0.0,0.0,0.0,0.0,0.0,1.594266774651576e-06,1.594266774651576e-06,1.814863371152331e-06,1.8424379457149253e-06,1.8700125202775197e-06,0.0,0.0,0.0,0.0,0.0,,,,,
joint_parameter_extrapolation,initial_ritz,1,2,0.998155160461501,0.998155160461501,0.9996005316204836,0.9997812030153563,0.9963484465127728,0.06770459272714807,0.06770459272714807,0.11014391296621812,0.11544882799610187,0.12075374302598563,0.00452150084600772,0.00452150084600772,0.00789629012705414,0.008318138787184941,0.008739987447315745,0.16807560823221046,0.16807560823221046,0.2784353206579593,0.29223028471117785,0.30602524876439646,0.055504689033257476,0.055504689033257476,0.0953925365795788,0.10037851752286897,0.10536449846615914,0.5,0.5,0.9,0.95,0.0,0.001537130318297934,0.001537130318297934,0.001537130318297934,0.001537130318297934,0.001537130318297934,1.594266774651576e-06,1.594266774651576e-06,1.814863371152331e-06,1.8424379457149253e-06,1.8700125202775197e-06,0.0,0.0,0.0,0.0,0.0,0.002336823258721421,0.002336823258721421,0.003875079733223985,0.0040673617925368055,0.004259643851849626
joint_parameter_extrapolation,initial_ritz,2,2,0.9993156559086428,0.9993156559086428,0.9996893471368473,0.999736058540373,0.9988485418733871,0.0711173786240357,0.0711173786240357,0.10200074298916294,0.10586116353480383,0.10972158408044475,0.0047639365634846165,0.0047639365634846165,0.008384292811574934,0.008836837342586223,0.009289381873597513,0.09819994275220335,0.09819994275220335,0.14606134004290255,0.15204401470423995,0.15802668936557734,0.02846779123000692,0.02846779123000692,0.03703268239302846,0.03810329378840615,0.039173905183783844,1.0,1.0,1.0,1.0,1.0,,,,,,1.594266774651576e-06,1.594266774651576e-06,1.814863371152331e-06,1.8424379457149253e-06,1.8700125202775197e-06,0.0,0.0,0.0,0.0,0.0,0.00030695870880487197,0.00030695870880487197,0.0005009072827863892,0.0005251508545340789,0.0005493944262817685
joint_parameter_extrapolation,initial_ritz,3,2,0.9988851374250968,0.9988851374250968,0.9995292341908099,0.999609746286524,0.9980800164679554,0.0712852866264273,0.0712852866264273,0.09990105547516745,0.10347802658125996,0.10705499768735248,0.007273206036126245,0.007273206036126245,0.0121996154501836,0.012815416626940766,0.013431217803697937,0.09832256101055453,0.09832256101055453,0.15183201278454483,0.15852069425629361,0.16520937572804242,0.035246580370289646,0.035246580370289646,0.044230558468523945,0.045353555730803234,0.04647655299308252,1.0,1.0,1.0,1.0,1.0,0.0002873481325668877,0.0002873481325668877,0.00044685112139603294,0.00046678899499967607,0.00048672686860331925,1.594266774651576e-06,1.594266774651576e-06,1.814863371152331e-06,1.8424379457149253e-06,1.8700125202775197e-06,0.0,0.0,0.0,0.0,0.0,0.0025092694726416287,0.0025092694726416287,0.003815322638608665,0.003978579284354544,0.004141835930100424
joint_parameter_extrapolation,initial_ritz,4,2,0.9986613151094591,0.9986613151094591,0.9991446293045992,0.9992050435789918,0.9980571723655339,0.07689759985561737,0.07689759985561737,0.098091970772134,0.10074126713669856,0.10339056350126315,0.008063660421743002,0.008063660421743002,0.013635152094493641,0.01433158855358747,0.0150280250126813,0.09397748866906153,0.09397748866906153,0.14113111894692593,0.14702532273165897,0.15291952651639204,0.039960913792871346,0.039960913792871346,0.039987041648220666,0.039990307630139325,0.03999357361205799,1.0,1.0,1.0,1.0,1.0,0.0001792911003211719,0.0001792911003211719,0.0001792911003211719,0.0001792911003211719,0.0001792911003211719,1.594266774651576e-06,1.594266774651576e-06,1.814863371152331e-06,1.8424379457149253e-06,1.8700125202775197e-06,0.0,0.0,0.0,0.0,0.0,0.0008063528233666073,0.0008063528233666073,0.0014387163318600126,0.0015177617704216883,0.001596807208983364
joint_parameter_extrapolation,initial_ritz,5,2,0.9986599547316048,0.9986599547316048,0.9989491157047176,0.9989852608263566,0.998298503515214,0.06919753914328006,0.06919753914328006,0.08568217004046902,0.08774274890261763,0.08980332776476625,0.007241893173186131,0.007241893173186131,0.010964479828588568,0.011429803160513874,0.011895126492439179,0.07545864059381638,0.07545864059381638,0.11043984166632696,0.11481249180039078,0.1191851419344546,0.03899673735158703,0.03899673735158703,0.04327935932464996,0.04381468707128283,0.0443500148179157,1.0,1.0,1.0,1.0,1.0,0.0002730805871054037,0.0002730805871054037,0.0002730805871054037,0.0002730805871054037,0.0002730805871054037,1.594266774651576e-06,1.594266774651576e-06,1.814863371152331e-06,1.8424379457149253e-06,1.8700125202775197e-06,0.0,0.0,0.0,0.0,0.0,0.0023111312716852517,0.0023111312716852517,0.0029685450705307483,0.0030507217953864353,0.0031328985202421222
joint_parameter_extrapolation,initial_ritz,6,2,0.9987348532800773,0.9987348532800773,0.9990859097904873,0.9991297918542885,0.9982960326420647,0.0607727046035319,0.0607727046035319,0.0754840158600121,0.07732292976707213,0.07916184367413215,0.005655323514537125,0.005655323514537125,0.006014996905571879,0.006059956079451223,0.006104915253330567,0.05305506132042465,0.05305506132042465,0.07785280629113613,0.08095252441247505,0.08405224253381399,0.04488247576499632,0.04488247576499632,0.054370912796095086,0.05555696742498244,0.05674302205386978,1.0,1.0,1.0,1.0,1.0,0.0002771725192348753,0.0002771725192348753,0.0002771725192348753,0.0002771725192348753,0.0002771725192348753,1.594266774651576e-06,1.594266774651576e-06,1.814863371152331e-06,1.8424379457149253e-06,1.8700125202775197e-06,0.0,0.0,0.0,0.0,0.0,0.0051028250580464896,0.0051028250580464896,0.0063720807849656945,0.006530737750830595,0.006689394716695496
joint_parameter_extrapolation,initial_ritz,7,2,0.9977882978009431,0.9977882978009431,0.9984256092419603,0.9985052731720875,0.9969916584996716,0.06856453668914686,0.06856453668914686,0.08774632611456509,0.09014404979274236,0.09254177347091964,0.008109145345435165,0.008109145345435165,0.008368098959670566,0.008400468161449992,0.008432837363229417,0.05660530171985928,0.05660530171985928,0.08570990931751071,0.08934798526721714,0.09298606121692357,0.056903292916980666,0.056903292916980666,0.06971206280711467,0.07131315904338142,0.07291425527964818,1.0,1.0,1.0,1.0,1.0,0.0004459875000527081,0.0004459875000527081,0.0004459875000527081,0.0004459875000527081,0.0004459875000527081,1.594266774651576e-06,1.594266774651576e-06,1.814863371152331e-06,1.8424379457149253e-06,1.8700125202775197e-06,0.0,0.0,0.0,0.0,0.0,0.0024538218308980397,0.0024538218308980397,0.0025545416076973916,0.0025671315797973103,0.0025797215518972294
joint_parameter_extrapolation,initial_ritz,8,2,0.9973014167044381,0.9973014167044381,0.9975046770266927,0.9975300845669746,0.9970473413016198,0.06859382631103421,0.06859382631103421,0.06962873430077701,0.06975809779949486,0.06988746129821272,0.008355340748305462,0.008355340748305462,0.009054898467134276,0.009142343181987877,0.00922978789684148,0.03579929736676693,0.03579929736676693,0.04564890365016809,0.04688010443559324,0.048111305221018384,0.07071586738448328,0.07071586738448328,0.07376288272736793,0.07414375964522851,0.0745246365630891,1.0,1.0,1.0,1.0,1.0,0.0004199014947869785,0.0004199014947869785,0.000487632523039218,0.0004960989015707479,0.0005045652801022779,1.594266774651576e-06,1.594266774651576e-06,1.814863371152331e-06,1.8424379457149253e-06,1.8700125202775197e-06,0.0,0.0,0.0,0.0,0.0,0.00803164873051121,0.00803164873051121,0.013819407288030527,0.014542877107720441,0.015266346927410357
joint_parameter_extrapolation,initial_ritz,9,2,0.9960491084481129,0.9960491084481129,0.9961421648196227,0.9961537968660614,0.9959327879837256,0.07880949424401257,0.07880949424401257,0.07911659136677127,0.0791549785071161,0.07919336564746093,0.010721562466704526,0.010721562466704526,0.012277999322737898,0.012472553929742069,0.012667108536746241,0.043277019835965935,0.043277019835965935,0.058147862363127474,0.060006717679022666,0.06186557299491786,0.08973772834976425,0.08973772834976425,0.09476427719072174,0.09539259579584142,0.09602091440096111,1.0,1.0,1.0,1.0,1.0,0.0004966061812454467,0.0004966061812454467,0.0006223742002024953,0.0006380952025721264,0.0006538162049417575,1.594266774651576e-06,1.594266774651576e-06,1.814863371152331e-06,1.8424379457149253e-06,1.8700125202775197e-06,0.0,0.0,0.0,0.0,0.0,0.002366221718399064,0.002366221718399064,0.0032231008556036223,0.003330210747754192,0.0034373206399047618
joint_parameter_extrapolation,initial_ritz,10,2,0.9931714947430479,0.9931714947430479,0.9933367409845841,0.9933573967647762,0.9929649369411274,0.10359349611208853,0.10359349611208853,0.10432201783829216,0.10441308305406762,0.10450414826984307,0.008446368218412825,0.008446368218412825,0.011346425978365726,0.011708933198359838,0.012071440418353951,0.0512096987831792,0.0512096987831792,0.07113014644795204,0.07362020240604865,0.07611025836414526,0.11337971866303044,0.11337971866303044,0.11983523815718283,0.12064217809395189,0.12144911803072093,1.0,1.0,1.0,1.0,1.0,0.0006258618037674605,0.0006258618037674605,0.0008433767602962108,0.0008705661298623045,0.0008977554994283983,1.594266774651576e-06,1.594266774651576e-06,1.814863371152331e-06,1.8424379457149253e-06,1.8700125202775197e-06,0.0,0.0,0.0,0.0,0.0,0.0070964902667634,0.0070964902667634,0.01229714798546029,0.012947230200297399,0.01359731241513451
joint_parameter_extrapolation,physics_selected,0,2,0.995035094968947,0.995035094968947,0.9965345654482055,0.9967219992581128,0.9931607568698742,0.10729893814355566,0.10729893814355566,0.11926686742333521,0.12076285858330767,0.1222588497432801,0.00661449478699333,0.00661449478699333,0.008321815740215099,0.00853523085936782,0.008748645978520542,0.25429589526203716,0.25429589526203716,0.2710461462864022,0.2731399276644479,0.2752337090424935,0.11280783163274087,0.11280783163274087,0.12175746896582426,0.12287617363245969,0.12399487829909511,1.0,1.0,1.0,1.0,1.0,0.0,0.0,0.0,0.0,0.0,0.03494534795127024,0.03494534795127024,0.06290013030227021,0.0663944780961452,0.0698888258900202,0.0,0.0,0.0,0.0,0.0,,,,,
joint_parameter_extrapolation,physics_selected,1,2,0.9968782615928082,0.9968782615928082,0.9973021136568366,0.9973550951648401,0.9963484465127728,0.0972637307568075,0.0972637307568075,0.11605574057215,0.1184047417990678,0.12075374302598563,0.019863378783324614,0.019863378783324614,0.02876209185213171,0.029874430985732597,0.030986770119333484,0.19304491250056188,0.19304491250056188,0.28342918151162955,0.294727215138013,0.30602524876439646,0.08713805306088282,0.08713805306088282,0.10171920938510387,0.1035418539256315,0.10536449846615914,1.0,1.0,1.0,1.0,1.0,0.0016107213792680673,0.0016107213792680673,0.0016695942280441738,0.001676953334141187,0.0016843124402382004,0.03494534795127024,0.03494534795127024,0.06290013030227021,0.0663944780961452,0.0698888258900202,0.0,0.0,0.0,0.0,0.0,0.013248883996331284,0.013248883996331284,0.02044027611191661,0.021339200126364775,0.022238124140812943
joint_parameter_extrapolation,physics_selected,2,2,0.9959327733788337,0.9959327733788337,0.9982653881744764,0.9985569650239318,0.9930170048842801,0.10595594050433516,0.10595594050433516,0.10896845536522283,0.10934501972283378,0.10972158408044475,0.014787934628960553,0.014787934628960553,0.019186776833250985,0.01973663210878729,0.020286487384323593,0.11003725308499522,0.11003725308499522,0.1484288021094609,0.15322774573751913,0.15802668936557734,0.07648627952690085,0.07648627952690085,0.10633617900139444,0.11006741643570614,0.11379865387001784,1.0,1.0,1.0,1.0,1.0,0.002279042963834445,0.002279042963834445,0.002279042963834445,0.002279042963834445,0.002279042963834445,0.03494534795127024,0.03494534795127024,0.06290013030227021,0.0663944780961452,0.0698888258900202,0.0,0.0,0.0,0.0,0.0,0.025911325964969423,0.025911325964969423,0.04620087119591955,0.048737064349788306,0.05127325750365708
joint_parameter_extrapolation,physics_selected,3,2,0.9965046212038104,0.9965046212038104,0.9977649374151264,0.9979224769415409,0.9949292259396654,0.08984228699654401,0.08984228699654401,0.10361245554919078,0.10533372661827163,0.10705499768735248,0.011258551399743189,0.011258551399743189,0.012996684522906986,0.013213951163302462,0.013431217803697937,0.1033866600243114,0.1033866600243114,0.15284483258729623,0.15902710415766932,0.16520937572804242,0.07910691379553776,0.07910691379553776,0.10521120243750195,0.10847423851774747,0.111737274597993,1.0,1.0,1.0,1.0,1.0,0.0008228103690866063,0.0008228103690866063,0.0010916771694732359,0.0011252855195215646,0.0011588938695698933,0.03494534795127024,0.03494534795127024,0.06290013030227021,0.0663944780961452,0.0698888258900202,0.0,0.0,0.0,0.0,0.0,0.01675710415510623,0.01675710415510623,0.026849318735110872,0.028110845557611452,0.029372372380112033
joint_parameter_extrapolation,physics_selected,4,2,0.9962596504952754,0.9962596504952754,0.9976976679914822,0.9978774201785081,0.9944621286250168,0.09228074963607608,0.09228074963607608,0.10116860072822573,0.10227958211474444,0.10339056350126315,0.11258373552828571,0.11258373552828571,0.19062830394076924,0.20038387499232968,0.21013944604389012,0.10937987312237787,0.10937987312237787,0.14421159583758922,0.14856556117699063,0.15291952651639204,0.07692686197612496,0.07692686197612496,0.10652574837807717,0.1102256091783212,0.11392546997856522,1.0,1.0,1.0,1.0,1.0,0.0011322531977579625,0.0011322531977579625,0.0011322531977579625,0.0011322531977579625,0.0011322531977579625,0.03494534795127024,0.03494534795127024,0.06290013030227021,0.0663944780961452,0.0698888258900202,0.0,0.0,0.0,0.0,0.0,0.11041106912433096,0.11041106912433096,0.19746247865660904,0.2083439048481438,0.21922533103967856
joint_parameter_extrapolation,physics_selected,5,2,0.9953953982389334,0.9953953982389334,0.9977178824599578,0.9980081929875859,0.9924922929626528,0.08644811683713023,0.08644811683713023,0.08913228557923905,0.08946780667200264,0.08980332776476625,0.05315269830796154,0.05315269830796154,0.08615875576037943,0.09028451294193167,0.09441027012348391,0.08016340164656305,0.08016340164656305,0.1113807938768763,0.11528296790566545,0.1191851419344546,0.08572442266367852,0.08572442266367852,0.11882394894028878,0.12296138972486506,0.12709883050944135,1.0,1.0,1.0,1.0,1.0,0.0012893768893267696,0.0012893768893267696,0.0012893768893267696,0.0012893768893267696,0.0012893768893267696,0.03494534795127024,0.03494534795127024,0.06290013030227021,0.0663944780961452,0.0698888258900202,0.0,0.0,0.0,0.0,0.0,0.05943103722032417,0.05943103722032417,0.10446954818038981,0.110099362050398,0.11572917592040621
joint_parameter_extrapolation,physics_selected,6,2,0.9964464879658955,0.9964464879658955,0.9979261237068309,0.9981110781744478,0.9945969432897264,0.07341449332920807,0.07341449332920807,0.07801237360514733,0.07858710863963975,0.07916184367413215,0.19167775525369923,0.19167775525369923,0.3408553740360637,0.3595025763838592,0.3781497787316548,0.07740389882695947,0.07740389882695947,0.08272257379244309,0.08338740816312853,0.08405224253381399,0.08537773037283047,0.08537773037283047,0.10828549702799904,0.1111489678598951,0.11401243869179117,1.0,1.0,1.0,1.0,1.0,0.0006801178657579843,0.0006801178657579843,0.0006801178657579843,0.0006801178657579843,0.0006801178657579843,0.03494534795127024,0.03494534795127024,0.06290013030227021,0.0663944780961452,0.0698888258900202,0.0,0.0,0.0,0.0,0.0,0.14521445166243319,0.14521445166243319,0.2560344972190233,0.2698870029135971,0.2837395086081709
joint_parameter_extrapolation,physics_selected,7,2,0.9953461448234189,0.9953461448234189,0.9966625557644211,0.9968271071320464,0.9937006311471662,0.08309843998221167,0.08309843998221167,0.09065310677317805,0.09159744012204885,0.09254177347091964,0.10253020221590936,0.10253020221590936,0.17832600132652413,0.18780047621535095,0.1972749511041778,0.06596095480548068,0.06596095480548068,0.087581039934635,0.09028355057577928,0.09298606121692357,0.09517516544250587,0.09517516544250587,0.11298389357279202,0.11520998458907779,0.11743607560536357,1.0,1.0,1.0,1.0,1.0,0.0005923282092149399,0.0005923282092149399,0.0007094007765447254,0.0007240348474609486,0.0007386689183771718,0.03494534795127024,0.03494534795127024,0.06290013030227021,0.0663944780961452,0.0698888258900202,0.0,0.0,0.0,0.0,0.0,0.0917272745896871,0.0917272745896871,0.163045317019919,0.17196007232369798,0.18087482762747698
joint_parameter_extrapolation,physics_selected,8,2,0.9957304432682281,0.9957304432682281,0.9971904823394507,0.9973729872233535,0.9939053944292,0.07744684586027813,0.07744684586027813,0.08349435350993045,0.084250291966137,0.08500623042234354,0.2869748599117057,0.2869748599117057,0.5105700329612547,0.5385194295924483,0.5664688262236419,0.06328782677280756,0.06328782677280756,0.07542904401423889,0.07694669616941781,0.07846434832459673,0.08892794760213413,0.08892794760213413,0.10654462711913947,0.10874671205876513,0.1109487969983908,1.0,1.0,1.0,1.0,1.0,0.0006517386567058487,0.0006517386567058487,0.0009049394144931844,0.0009365895092166012,0.0009682396039400182,0.03494534795127024,0.03494534795127024,0.06290013030227021,0.0663944780961452,0.0698888258900202,0.0,0.0,0.0,0.0,0.0,0.19223011102343723,0.19223011102343723,0.3338011223002587,0.3514974987098614,0.3691938751194641
joint_parameter_extrapolation,physics_selected,9,2,0.995563024998461,0.995563024998461,0.9960449481296924,0.9961051885210962,0.9949606210844221,0.07867915974381715,0.07867915974381715,0.07888198926641948,0.07890734295674477,0.07893269664707006,0.15320558269887918,0.15320558269887918,0.2687492357406523,0.2831921923708739,0.29763514900109556,0.05268267797375413,0.05268267797375413,0.06002899399068511,0.060947283492801485,0.06186557299491786,0.0995188419631641,0.0995188419631641,0.11237028169484148,0.11397671166130115,0.11558314162776082,1.0,1.0,1.0,1.0,1.0,0.00042258385644348176,0.00042258385644348176,0.0004891340155589584,0.000497452785448393,0.0005057715553378276,0.03494534795127024,0.03494534795127024,0.06290013030227021,0.0663944780961452,0.0698888258900202,0.0,0.0,0.0,0.0,0.0,0.13506440000971986,0.13506440000971986,0.24207982177998108,0.2554567495012637,0.26883367722254636
joint_parameter_extrapolation,physics_selected,10,2,0.9908208563802356,0.9908208563802356,0.992536120828949,0.9927505288850382,0.9886767758193439,0.11217924677833988,0.11217924677833988,0.11977636903754457,0.12072600931994516,0.12167564960234575,0.3866217959336038,0.3866217959336038,0.6920621958657095,0.7302422458572226,0.7684222958487359,0.08113903948915524,0.08113903948915524,0.08516206438916321,0.08566494250166422,0.08616782061416521,0.13198034226238986,0.13198034226238986,0.15331636063602977,0.15598336293273476,0.15865036522943976,1.0,1.0,1.0,1.0,1.0,0.0006732098388021058,0.0006732098388021058,0.0009286032233585723,0.0009605273964281305,0.000992451569497689,0.03494534795127024,0.03494534795127024,0.06290013030227021,0.0663944780961452,0.0698888258900202,0.0,0.0,0.0,0.0,0.0,0.24219222963138742,0.24219222963138742,0.42506816340438974,0.447927655126015,0.47078714684764034
localized_defects,direct_topology,0,5,0.9611899538332315,0.9694976376169189,0.9839352156039503,0.9865100612611367,0.9018110620038116,0.34256310676590046,0.37137595100059284,0.4119326500571976,0.422439333865464,0.4329460176737304,0.33387622360823777,0.20520994975076334,0.6367874076104365,0.6394814881968216,0.6421755687832067,0.39525009392815,0.338637954558165,0.6580079857583947,0.6999555278437456,0.7419030699290967,0.2762499771510987,0.28331057084974093,0.36590515433945064,0.39235142723573424,0.4187977001320179,1.0,1.0,1.0,1.0,1.0,0.0,0.0,0.0,0.0,0.0,0.21649489496115656,0.16300324317150117,0.34220893380206935,0.3892589122458988,0.4363088906897284,0.0,0.0,0.0,0.0,0.0,,,,,
localized_defects,direct_topology,1,5,0.878992472253963,0.9748552551808232,0.9853577703281174,0.9864890997921452,0.5785823805725212,0.4511826022270321,0.2324863204399916,0.9270499405213765,1.0960885981201105,1.2651272557188449,0.19118948787164117,0.10870224468438217,0.4228150255729826,0.48202337844706233,0.5412317313211421,0.5355658157379637,0.5600937655995145,0.8427673668857157,0.9168866726165922,0.9910059783474688,0.450469900858537,0.19305462791517733,0.9128341814884597,1.0196275865285702,1.126420991568681,1.0,1.0,1.0,1.0,1.0,0.003161609581356814,0.002073853745461332,0.006349677877224442,0.007468275168937032,0.008586872460649625,0.21649489496115656,0.16300324317150117,0.34220893380206935,0.3892589122458988,0.4363088906897284,0.0,0.0,0.0,0.0,0.0,0.3036491700280709,0.2947919419412548,0.562399976404939,0.5997333296394163,0.6370666828738938
localized_defects,direct_topology,2,5,0.9163593433086274,0.9144894230637931,0.9769866839095805,0.9781948829038977,0.825551623122742,0.3599290101851714,0.31187380906985274,0.5540322537473826,0.5763714016548507,0.5987105495623188,0.21609476086924317,0.18818055783839327,0.3108735487140205,0.33064947722409666,0.3504254057341729,0.5179379965140545,0.5653688536509628,0.8312030249201583,0.8728858546582062,0.9145686843962542,0.40682535842168976,0.3640162373352933,0.6420319640654131,0.6523251821617089,0.6626184002580048,1.0,1.0,1.0,1.0,1.0,0.004816011755439936,0.004911174983657156,0.007936549825530362,0.008609294777851615,0.009282039730172867,0.21649489496115656,0.16300324317150117,0.34220893380206935,0.3892589122458988,0.4363088906897284,0.0,0.0,0.0,0.0,0.0,0.243441519889784,0.08993639549161003,0.5798610901531156,0.6546366896563254,0.7294122891595354
localized_defects,direct_topology,3,5,0.8218088492537522,0.9361780149834406,0.9640935234778076,0.9647548328689147,0.37611596694985494,0.5077612360339844,0.40345928418814536,0.9130203078124922,1.0653251283988903,1.2176299489852886,0.2366671470575321,0.3079576972104068,0.389985250931219,0.39665102761052784,0.40331680428983674,0.3262475825392548,0.34923123552551716,0.4678775943449707,0.4964999915893223,0.5251223888336739,0.5610013972355784,0.4338491695501528,1.0103492228580173,1.200408442035902,1.3904676612137874,1.0,1.0,1.0,1.0,1.0,0.0059502521200007884,0.004772494628599868,0.009921662952650068,0.011313200127730301,0.012704737302810536,0.21649489496115656,0.16300324317150117,0.34220893380206935,0.3892589122458988,0.4363088906897284,0.0,0.0,0.0,0.0,0.0,0.13308326771104734,0.13562619782266072,0.21593061227919855,0.22730502868729835,0.23867944509539818
localized_defects,direct_topology,4,5,0.9006816963068787,0.9736240076489726,0.9870315378768725,0.9875083039294781,0.6309343742682151,0.2834724828893509,0.24813387038635207,0.4530465614830726,0.5114942905632769,0.5699420196434813,0.2448757038764171,0.243712324621848,0.3485380590741579,0.35533499336553226,0.3621319276569066,0.19358539098221086,0.1955869884417268,0.26760793985704084,0.27576929681533785,0.2839306537736349,0.3682304014750753,0.235927358652048,0.6742512511869627,0.7445084423973513,0.8147656336077399,1.0,1.0,1.0,1.0,1.0,0.006056665095959597,0.0019870117149360243,0.014095617630039272,0.017588187711457363,0.021080757792875462,0.21649489496115656,0.16300324317150117,0.34220893380206935,0.3892589122458988,0.4363088906897284,0.0,0.0,0.0,0.0,0.0,0.14909618362866067,0.0917301550089018,0.3165472090539142,0.36886145218255595,0.4211756953111978
localized_defects,direct_topology,5,5,0.9419903500538945,0.9794828560076473,0.9833217627697148,0.9834794687571852,0.8018901705917835,0.23159530596173603,0.18688956636454648,0.33486572189546426,0.3800714385838099,0.42527715527215554,0.2262882422049053,0.29071255775598814,0.3339193951657634,0.3386636815967751,0.34340796802778684,0.15516970377051165,0.17923054011595735,0.20238835119415455,0.20252238629884922,0.20265642140354392,0.3047084126652309,0.20878998392440007,0.4866085982178834,0.560749141749025,0.6348896852801669,1.0,1.0,1.0,1.0,1.0,0.002955251807428143,0.002527509635147287,0.004987690751006762,0.005721411134099286,0.006455131517191813,0.21649489496115656,0.16300324317150117,0.34220893380206935,0.3892589122458988,0.4363088906897284,0.0,0.0,0.0,0.0,0.0,0.14982481214086646,0.07597421125088033,0.32155489380698604,0.3847238071511089,0.4478927204952319
localized_defects,direct_topology,6,5,0.9224889012725448,0.9706471419261321,0.9854255758030268,0.9859705582941994,0.7121276690554148,0.29033868125397533,0.21504761380736626,0.5065090658558002,0.6018022308186334,0.6970953957814667,0.16385953595608074,0.14562021461605656,0.298215665909078,0.3259093422577317,0.35360301860638543,0.10915893636391405,0.11136404072965166,0.14374117517138268,0.14500135090940466,0.14626152664742667,0.3691800134730555,0.24572446348355567,0.6906097959498794,0.8250255306588896,0.9594412653679001,1.0,1.0,1.0,1.0,1.0,0.002567817207477529,0.0027981225763841874,0.003824955670713003,0.004058768451265098,0.004292581231817194,0.21649489496115656,0.16300324317150117,0.34220893380206935,0.3892589122458988,0.4363088906897284,0.0,0.0,0.0,0.0,0.0,0.10848265035820193,0.121482455993287,0.16887639398183546,0.1714713576192536,0.17406632125667176
localized_defects,direct_topology,7,5,0.9505512566369989,0.9760862378037496,0.9867630117239491,0.988566274948979,0.8442941366335902,0.20822223262890455,0.19477617067961747,0.28769999741082625,0.316320754385372,0.34494151135991785,0.20568190202480502,0.2267760263564016,0.30957108668340183,0.3162518027826424,0.322932518881883,0.09209891181961247,0.10429094878391597,0.12253361163294743,0.1251337874937629,0.12773396335457837,0.296995023049738,0.229430431585676,0.48116639969701847,0.5441407459906544,0.6071150922842905,1.0,1.0,1.0,1.0,1.0,0.002147763892529857,0.002140939405396808,0.002750145139569281,0.002757614413515555,0.002765083687461829,0.21649489496115656,0.16300324317150117,0.34220893380206935,0.3892589122458988,0.4363088906897284,0.0,0.0,0.0,0.0,0.0,0.07952807432670958,0.07439430152256321,0.13983986615470576,0.1594012176261593,0.17896256909761288
localized_defects,direct_topology,8,5,0.966286318124418,0.9625510769344842,0.9848429265960604,0.9859621757166351,0.9386509331576245,0.21411483653625374,0.20036743463363016,0.2763596130288511,0.28532962199595535,0.29429963096305967,0.10814730201423073,0.07209643024036261,0.23472682764980385,0.27214033703519147,0.30955384642057915,0.07331345346977691,0.07239453096296891,0.09845423213378153,0.09887662891381924,0.09929902569385693,0.24378519659274894,0.25271455108278057,0.31672658833209366,0.3300922967094881,0.3434580050868825,1.0,1.0,1.0,1.0,1.0,0.003071324351886464,0.0028492539288747514,0.004262323461028972,0.004595157354754418,0.004927991248479863,0.21649489496115656,0.16300324317150117,0.34220893380206935,0.3892589122458988,0.4363088906897284,0.0,0.0,0.0,0.0,0.0,0.12637317210671933,0.16704263889203919,0.2089384063663129,0.21609613234924563,0.22325385833217837
localized_defects,direct_topology,9,5,0.9727075684415665,0.9727811875933395,0.9876773411791863,0.9902307693170405,0.9553050654219407,0.19434970554677994,0.20920679944427256,0.24180290895372925,0.24650946912456342,0.2512160292953976,0.18820268134956572,0.14266765765091582,0.3133152908753146,0.3210516711023434,0.32878805132937217,0.0706348634262596,0.07984841819783879,0.09804888061800077,0.09948967483900942,0.10093046906001808,0.2338251898874685,0.2526499204853738,0.29649499892104375,0.30273492469351565,0.30897485046598755,1.0,1.0,1.0,1.0,1.0,0.002030676786333727,0.0020810451537568407,0.0026831468837280937,0.0027208771754564697,0.002758607467184846,0.21649489496115656,0.16300324317150117,0.34220893380206935,0.3892589122458988,0.4363088906897284,0.0,0.0,0.0,0.0,0.0,0.10889395143148003,0.11954359754332344,0.15196479531880377,0.15979232300969562,0.1676198507005875
localized_defects,direct_topology,10,5,0.9626390709417322,0.9697599944342132,0.9821867762857673,0.985682387034804,0.9255248555957356,0.22546274000116545,0.24725192884898742,0.2609242962350121,0.2623437491410453,0.2637632020470785,0.15044275305113003,0.07836541295952681,0.30854361809182507,0.33599451467659325,0.36344541126136143,0.06699636416091284,0.05916252317206246,0.08982595240676425,0.09073968571505926,0.09165341902335428,0.24594697587392797,0.26856657214667323,0.3021210809266996,0.31288893610518786,0.3236567912836762,1.0,1.0,1.0,1.0,1.0,0.002387691511943086,0.00260496885152706,0.0034296911032294167,0.0034783317720561,0.0035269724408827827,0.21649489496115656,0.16300324317150117,0.34220893380206935,0.3892589122458988,0.4363088906897284,0.0,0.0,0.0,0.0,0.0,0.15830029690348094,0.17250701351345477,0.24887915227816945,0.26125862395932536,0.27363809564048136
localized_defects,hybrid,0,5,0.9611899538332315,0.9694976376169189,0.9839352156039503,0.9865100612611367,0.9018110620038116,0.34256310676590046,0.37137595100059284,0.4119326500571976,0.422439333865464,0.4329460176737304,0.33387622360823777,0.20520994975076334,0.6367874076104365,0.6394814881968216,0.6421755687832067,0.39525009392815,0.338637954558165,0.6580079857583947,0.6999555278437456,0.7419030699290967,0.2762499771510987,0.28331057084974093,0.36590515433945064,0.39235142723573424,0.4187977001320179,1.0,1.0,1.0,1.0,1.0,0.0,0.0,0.0,0.0,0.0,0.21649489496115656,0.16300324317150117,0.34220893380206935,0.3892589122458988,0.4363088906897284,0.0,0.0,0.0,0.0,0.0,,,,,
localized_defects,hybrid,1,5,0.878992472253963,0.9748552551808232,0.9853577703281174,0.9864890997921452,0.5785823805725212,0.4511826022270321,0.2324863204399916,0.9270499405213765,1.0960885981201105,1.2651272557188449,0.19118948787164117,0.10870224468438217,0.4228150255729826,0.48202337844706233,0.5412317313211421,0.5355658157379637,0.5600937655995145,0.8427673668857157,0.9168866726165922,0.9910059783474688,0.450469900858537,0.19305462791517733,0.9128341814884597,1.0196275865285702,1.126420991568681,1.0,1.0,1.0,1.0,1.0,0.003161609581356814,0.002073853745461332,0.006349677877224442,0.007468275168937032,0.008586872460649625,0.21649489496115656,0.16300324317150117,0.34220893380206935,0.3892589122458988,0.4363088906897284,0.0,0.0,0.0,0.0,0.0,0.3036491700280709,0.2947919419412548,0.562399976404939,0.5997333296394163,0.6370666828738938
localized_defects,hybrid,2,5,0.9163593433086274,0.9144894230637931,0.9769866839095805,0.9781948829038977,0.825551623122742,0.3599290101851714,0.31187380906985274,0.5540322537473826,0.5763714016548507,0.5987105495623188,0.21609476086924317,0.18818055783839327,0.3108735487140205,0.33064947722409666,0.3504254057341729,0.5179379965140545,0.5653688536509628,0.8312030249201583,0.8728858546582062,0.9145686843962542,0.40682535842168976,0.3640162373352933,0.6420319640654131,0.6523251821617089,0.6626184002580048,1.0,1.0,1.0,1.0,1.0,0.004816011755439936,0.004911174983657156,0.007936549825530362,0.008609294777851615,0.009282039730172867,0.21649489496115656,0.16300324317150117,0.34220893380206935,0.3892589122458988,0.4363088906897284,0.0,0.0,0.0,0.0,0.0,0.243441519889784,0.08993639549161003,0.5798610901531156,0.6546366896563254,0.7294122891595354
localized_defects,hybrid,3,5,0.8218088492537522,0.9361780149834406,0.9640935234778076,0.9647548328689147,0.37611596694985494,0.5077612360339844,0.40345928418814536,0.9130203078124922,1.0653251283988903,1.2176299489852886,0.2366671470575321,0.3079576972104068,0.389985250931219,0.39665102761052784,0.40331680428983674,0.3262475825392548,0.34923123552551716,0.4678775943449707,0.4964999915893223,0.5251223888336739,0.5610013972355784,0.4338491695501528,1.0103492228580173,1.200408442035902,1.3904676612137874,1.0,1.0,1.0,1.0,1.0,0.0059502521200007884,0.004772494628599868,0.009921662952650068,0.011313200127730301,0.012704737302810536,0.21649489496115656,0.16300324317150117,0.34220893380206935,0.3892589122458988,0.4363088906897284,0.0,0.0,0.0,0.0,0.0,0.13308326771104734,0.13562619782266072,0.21593061227919855,0.22730502868729835,0.23867944509539818
localized_defects,hybrid,4,5,0.9006816963068787,0.9736240076489726,0.9870315378768725,0.9875083039294781,0.6309343742682151,0.2834724828893509,0.24813387038635207,0.4530465614830726,0.5114942905632769,0.5699420196434813,0.2448757038764171,0.243712324621848,0.3485380590741579,0.35533499336553226,0.3621319276569066,0.19358539098221086,0.1955869884417268,0.26760793985704084,0.27576929681533785,0.2839306537736349,0.3682304014750753,0.235927358652048,0.6742512511869627,0.7445084423973513,0.8147656336077399,1.0,1.0,1.0,1.0,1.0,0.006056665095959597,0.0019870117149360243,0.014095617630039272,0.017588187711457363,0.021080757792875462,0.21649489496115656,0.16300324317150117,0.34220893380206935,0.3892589122458988,0.4363088906897284,0.0,0.0,0.0,0.0,0.0,0.14909618362866067,0.0917301550089018,0.3165472090539142,0.36886145218255595,0.4211756953111978
localized_defects,hybrid,5,5,0.9419903500538945,0.9794828560076473,0.9833217627697148,0.9834794687571852,0.8018901705917835,0.23159530596173603,0.18688956636454648,0.33486572189546426,0.3800714385838099,0.42527715527215554,0.2262882422049053,0.29071255775598814,0.3339193951657634,0.3386636815967751,0.34340796802778684,0.15516970377051165,0.17923054011595735,0.20238835119415455,0.20252238629884922,0.20265642140354392,0.3047084126652309,0.20878998392440007,0.4866085982178834,0.560749141749025,0.6348896852801669,1.0,1.0,1.0,1.0,1.0,0.002955251807428143,0.002527509635147287,0.004987690751006762,0.005721411134099286,0.006455131517191813,0.21649489496115656,0.16300324317150117,0.34220893380206935,0.3892589122458988,0.4363088906897284,0.0,0.0,0.0,0.0,0.0,0.14982481214086646,0.07597421125088033,0.32155489380698604,0.3847238071511089,0.4478927204952319
localized_defects,hybrid,6,5,0.9224889012725448,0.9706471419261321,0.9854255758030268,0.9859705582941994,0.7121276690554148,0.29033868125397533,0.21504761380736626,0.5065090658558002,0.6018022308186334,0.6970953957814667,0.16385953595608074,0.14562021461605656,0.298215665909078,0.3259093422577317,0.35360301860638543,0.10915893636391405,0.11136404072965166,0.14374117517138268,0.14500135090940466,0.14626152664742667,0.3691800134730555,0.24572446348355567,0.6906097959498794,0.8250255306588896,0.9594412653679001,1.0,1.0,1.0,1.0,1.0,0.002567817207477529,0.0027981225763841874,0.003824955670713003,0.004058768451265098,0.004292581231817194,0.21649489496115656,0.16300324317150117,0.34220893380206935,0.3892589122458988,0.4363088906897284,0.0,0.0,0.0,0.0,0.0,0.10848265035820193,0.121482455993287,0.16887639398183546,0.1714713576192536,0.17406632125667176
localized_defects,hybrid,7,5,0.9505512566369989,0.9760862378037496,0.9867630117239491,0.988566274948979,0.8442941366335902,0.20822223262890455,0.19477617067961747,0.28769999741082625,0.316320754385372,0.34494151135991785,0.20568190202480502,0.2267760263564016,0.30957108668340183,0.3162518027826424,0.322932518881883,0.09209891181961247,0.10429094878391597,0.12253361163294743,0.1251337874937629,0.12773396335457837,0.296995023049738,0.229430431585676,0.48116639969701847,0.5441407459906544,0.6071150922842905,1.0,1.0,1.0,1.0,1.0,0.002147763892529857,0.002140939405396808,0.002750145139569281,0.002757614413515555,0.002765083687461829,0.21649489496115656,0.16300324317150117,0.34220893380206935,0.3892589122458988,0.4363088906897284,0.0,0.0,0.0,0.0,0.0,0.07952807432670958,0.07439430152256321,0.13983986615470576,0.1594012176261593,0.17896256909761288
localized_defects,hybrid,8,5,0.966286318124418,0.9625510769344842,0.9848429265960604,0.9859621757166351,0.9386509331576245,0.21411483653625374,0.20036743463363016,0.2763596130288511,0.28532962199595535,0.29429963096305967,0.10814730201423073,0.07209643024036261,0.23472682764980385,0.27214033703519147,0.30955384642057915,0.07331345346977691,0.07239453096296891,0.09845423213378153,0.09887662891381924,0.09929902569385693,0.24378519659274894,0.25271455108278057,0.31672658833209366,0.3300922967094881,0.3434580050868825,1.0,1.0,1.0,1.0,1.0,0.003071324351886464,0.0028492539288747514,0.004262323461028972,0.004595157354754418,0.004927991248479863,0.21649489496115656,0.16300324317150117,0.34220893380206935,0.3892589122458988,0.4363088906897284,0.0,0.0,0.0,0.0,0.0,0.12637317210671933,0.16704263889203919,0.2089384063663129,0.21609613234924563,0.22325385833217837
localized_defects,hybrid,9,5,0.9727075684415665,0.9727811875933395,0.9876773411791863,0.9902307693170405,0.9553050654219407,0.19434970554677994,0.20920679944427256,0.24180290895372925,0.24650946912456342,0.2512160292953976,0.18820268134956572,0.14266765765091582,0.3133152908753146,0.3210516711023434,0.32878805132937217,0.0706348634262596,0.07984841819783879,0.09804888061800077,0.09948967483900942,0.10093046906001808,0.2338251898874685,0.2526499204853738,0.29649499892104375,0.30273492469351565,0.30897485046598755,1.0,1.0,1.0,1.0,1.0,0.002030676786333727,0.0020810451537568407,0.0026831468837280937,0.0027208771754564697,0.002758607467184846,0.21649489496115656,0.16300324317150117,0.34220893380206935,0.3892589122458988,0.4363088906897284,0.0,0.0,0.0,0.0,0.0,0.10889395143148003,0.11954359754332344,0.15196479531880377,0.15979232300969562,0.1676198507005875
localized_defects,hybrid,10,5,0.9626390709417322,0.9697599944342132,0.9821867762857673,0.985682387034804,0.9255248555957356,0.22546274000116545,0.24725192884898742,0.2609242962350121,0.2623437491410453,0.2637632020470785,0.15044275305113003,0.07836541295952681,0.30854361809182507,0.33599451467659325,0.36344541126136143,0.06699636416091284,0.05916252317206246,0.08982595240676425,0.09073968571505926,0.09165341902335428,0.24594697587392797,0.26856657214667323,0.3021210809266996,0.31288893610518786,0.3236567912836762,1.0,1.0,1.0,1.0,1.0,0.002387691511943086,0.00260496885152706,0.0034296911032294167,0.0034783317720561,0.0035269724408827827,0.21649489496115656,0.16300324317150117,0.34220893380206935,0.3892589122458988,0.4363088906897284,0.0,0.0,0.0,0.0,0.0,0.15830029690348094,0.17250701351345477,0.24887915227816945,0.26125862395932536,0.27363809564048136
localized_defects,initial_ritz,0,5,0.9931477663919365,0.9952969394791271,0.9987464695313265,0.9990189038766387,0.9822043505978632,0.22233631939998882,0.1813771700314804,0.35680314115649625,0.388802302898274,0.42080146464005186,0.06805037979720263,0.0438934783817988,0.1441075731724565,0.16305481000744732,0.18200204684243815,0.3506763133060231,0.32907683504150614,0.6196112957167766,0.6779603427208459,0.7363093897249154,0.10998473382118708,0.09127173995055841,0.18408503974051227,0.1967895056499467,0.20949397155938118,0.0,0.0,0.0,0.0,0.0,,,,,,1.6901775457434098e-06,1.4171080042757467e-06,2.240001286457627e-06,2.4714294377670143e-06,2.7028575890764017e-06,0.0,0.0,0.0,0.0,0.0,,,,,
localized_defects,initial_ritz,1,5,0.954231009007741,0.997199760256775,0.9986392047330807,0.9989669304956029,0.7844185189900225,0.26651413739626284,0.15409216608882992,0.5477528536367078,0.669972264559995,0.7921916754832826,0.07527738242291322,0.020929627562755293,0.19143638867331847,0.23805834670265713,0.2846803047319959,0.4278320818304485,0.39515136895977865,0.6999891849731744,0.734707217354961,0.7694252497367478,0.17944112699189116,0.07066393136581291,0.4124173534507617,0.5056057226075252,0.598794091764289,0.0,0.0,0.0,0.0,0.0,,,,,,1.6901775457434098e-06,1.4171080042757467e-06,2.240001286457627e-06,2.4714294377670143e-06,2.7028575890764017e-06,0.0,0.0,0.0,0.0,0.0,0.0369151150115139,0.007677036203503462,0.08814144877562616,0.09540985333259194,0.10267825788955776
localized_defects,initial_ritz,2,5,0.9609710217772669,0.9981089369940277,0.9991485542180201,0.9992438066965225,0.8113866189178425,0.18693374324885753,0.09359960786017202,0.37462125984220096,0.45361238475047155,0.5326035096587424,0.01671162102426784,0.006830104240464152,0.036700841710118226,0.044244061289225194,0.051787280868332175,0.39080153492879627,0.32940815964071174,0.6801536178846068,0.707492368739618,0.7348311195946291,0.15867168433662782,0.049654310195531,0.3808505993384149,0.4835613920450052,0.5862721847515957,0.2,0.0,0.6000000000000001,0.7999999999999998,0.0,,,,,,1.6901775457434098e-06,1.4171080042757467e-06,2.240001286457627e-06,2.4714294377670143e-06,2.7028575890764017e-06,0.0,0.0,0.0,0.0,0.0,0.059596738967847986,0.010914372117773574,0.1576319784561335,0.19526250115989857,0.23289302386366373
localized_defects,initial_ritz,3,5,0.9861036648363696,0.996593561303553,0.9980561398591901,0.9982052817954712,0.9556174450693254,0.188343251608214,0.13035143206724636,0.2987922749640301,0.3100323439354127,0.32127241290679526,0.021996030432702263,0.014555140363116337,0.03915096701256715,0.04102168754390245,0.04289240807523775,0.20836544948280428,0.17717993231025275,0.2998213821303095,0.32164441975288377,0.34346745737545814,0.1009698085865643,0.06479928203109123,0.18616884967717284,0.22026781671268364,0.2543667837481945,0.4,0.0,1.0,1.0,0.0,,,,,,1.6901775457434098e-06,1.4171080042757467e-06,2.240001286457627e-06,2.4714294377670143e-06,2.7028575890764017e-06,0.0,0.0,0.0,0.0,0.0,0.011047835718323462,0.007725036122652185,0.019703180657716146,0.023305949945923384,0.02690871923413063
localized_defects,initial_ritz,4,5,0.9934533646441726,0.9968579331636974,0.9980192288403534,0.9981603415354817,0.9866624140194517,0.14114127739371865,0.1281835680322308,0.19138342121418794,0.21022942422473864,0.2290754272352894,0.013102387293782413,0.009713256184776142,0.02034409771321215,0.023187850147363596,0.026031602581515045,0.14577588211456316,0.1249103980655992,0.1979510658727469,0.21882622492242612,0.23970138397210536,0.07377021381721298,0.07380414557779702,0.09863233459853704,0.10502264923836888,0.11141296387820074,0.8,1.0,1.0,1.0,0.0,0.001463133027562138,0.0007374352967813372,0.0028518708483496434,0.00329723537454284,0.0037425999007360392,1.6901775457434098e-06,1.4171080042757467e-06,2.240001286457627e-06,2.4714294377670143e-06,2.7028575890764017e-06,0.0,0.0,0.0,0.0,0.0,0.00955986109192839,0.005447405849612785,0.021039651737760148,0.022432600485772624,0.023825549233785104
localized_defects,initial_ritz,5,5,0.9959498306608907,0.9960013845565467,0.9973404668787116,0.9973950415021238,0.9935660743349306,0.12649507551515388,0.11282495764607378,0.14889280966840127,0.15101016346192114,0.15312751725544102,0.01207800338489413,0.011204382436080351,0.016826165382207492,0.016960506035104572,0.017094846688001653,0.11258301545575145,0.11463092673597744,0.14498119026598272,0.15501286997088912,0.16504454967579554,0.07941234776956825,0.0742282225918885,0.09983901108525682,0.1066484665520172,0.11345792201877758,0.8,1.0,1.0,1.0,0.0,0.001043042092559818,0.0010988428163588794,0.001239240678325302,0.0012464088408406207,0.0012535770033559397,1.6901775457434098e-06,1.4171080042757467e-06,2.240001286457627e-06,2.4714294377670143e-06,2.7028575890764017e-06,0.0,0.0,0.0,0.0,0.0,0.005162380641775854,0.004027342898966779,0.009064413058656129,0.009336436108327462,0.009608459157998794
localized_defects,initial_ritz,6,5,0.9958514511063952,0.9963788612005788,0.9973688166320536,0.9974865957476856,0.9938310522096702,0.12221070597335501,0.11981117928678006,0.14243441895401707,0.1467224829782767,0.15101054700253635,0.01122918968856057,0.01026462188891486,0.0154280360076978,0.01672416025331573,0.01802028449893367,0.0830328256016026,0.08078791900528774,0.10763243509761722,0.1147425050474235,0.12185257499722982,0.07279924789352105,0.0764120441848764,0.08388074991344156,0.08621292670159536,0.08854510348974916,0.6,1.0,1.0,1.0,0.0,0.0010352020743213315,0.0010352020743213315,0.0011282747487663593,0.001139908833071988,0.0011515429173776163,1.6901775457434098e-06,1.4171080042757467e-06,2.240001286457627e-06,2.4714294377670143e-06,2.7028575890764017e-06,0.0,0.0,0.0,0.0,0.0,0.002681995383011415,0.0009397605471654913,0.005859429533174066,0.006593400575644547,0.007327371618115031
localized_defects,initial_ritz,7,5,0.9950581756366427,0.9954557876208778,0.9966027138102755,0.9966525693530708,0.9928580288752169,0.12276057901751396,0.1131633646651082,0.14632181843088482,0.15344170499488471,0.16056159155888464,0.008718674322289477,0.010241113739882124,0.016170999902443663,0.017571150675303748,0.018971301448163835,0.0656157958438076,0.06326849622160977,0.08240690409305707,0.08631932844982221,0.09023175280658735,0.08321669679127983,0.08046145539817949,0.10228562883611685,0.10399399194105335,0.10570235504598988,0.6,1.0,1.0,1.0,0.0,0.0006191546995935702,0.0006191546995935702,0.0006243013675016031,0.0006249447009901072,0.0006255880344786113,1.6901775457434098e-06,1.4171080042757467e-06,2.240001286457627e-06,2.4714294377670143e-06,2.7028575890764017e-06,0.0,0.0,0.0,0.0,0.0,0.004040832457348031,0.0028747757784621797,0.00875979429773377,0.009924521483186231,0.011089248668638696
localized_defects,initial_ritz,8,5,0.9940659153617281,0.9944010761768859,0.9957293278511127,0.9960732706874962,0.9906325711107007,0.13140129546861423,0.12245503664862536,0.1597562011637079,0.1662440371841271,0.17273187320454633,0.010107502596975326,0.012942605993419676,0.01833467470109671,0.020065445423702852,0.021796216146309,0.05607958774235344,0.055057502442163495,0.07630968531476541,0.08197399054730133,0.08763829577983726,0.0914501907489053,0.08402480766322015,0.10872381612554693,0.11202674553902581,0.1153296749525047,1.0,1.0,1.0,1.0,1.0,0.0010921916622614323,0.0010096058364175466,0.0013293333978517616,0.0013988887989997492,0.0014684442001477373,1.6901775457434098e-06,1.4171080042757467e-06,2.240001286457627e-06,2.4714294377670143e-06,2.7028575890764017e-06,0.0,0.0,0.0,0.0,0.0,0.0020782712125543058,0.0024199414192080937,0.0028707151552957557,0.0028859819743459526,0.0029012487933961495
localized_defects,initial_ritz,9,5,0.9904122353656384,0.9906565763974984,0.9950191409871977,0.9953613312762263,0.9856591788811104,0.14738294375340782,0.1352338345860248,0.19147409744657473,0.19199418892236614,0.19251428039815754,0.017836651993940134,0.012679484800278473,0.03150250538624046,0.03175349046779559,0.03200447554935071,0.05315204155505572,0.06417428529894144,0.066212374458025,0.0668415692902784,0.0674707641225318,0.13651970647219888,0.1359676949591562,0.17610676701082634,0.17875210035355607,0.1813974336962858,1.0,1.0,1.0,1.0,1.0,0.0011542487031900863,0.0010504530670025572,0.0014602348188085268,0.0014603118156494468,0.0014603888124903668,1.6901775457434098e-06,1.4171080042757467e-06,2.240001286457627e-06,2.4714294377670143e-06,2.7028575890764017e-06,0.0,0.0,0.0,0.0,0.0,0.008109118472168043,0.006648225459449542,0.01464761632619478,0.0161274019672458,0.017607187608296826
localized_defects,initial_ritz,10,5,0.978497805798549,0.9810480713394938,0.9872446677238359,0.9887448588702794,0.9646974750141778,0.19896618089244408,0.21130551960668206,0.2252335670800668,0.22598784085493462,0.2267421146298024,0.022206372734112634,0.03336516260199662,0.034923271490985994,0.035164269813603787,0.03540526813622158,0.05355163411729371,0.05306306823530436,0.06755543373930543,0.07185111648592075,0.07614679923253609,0.19127604925906966,0.21710570937320398,0.23401996982663514,0.2386847134943668,0.24334945716209844,1.0,1.0,1.0,1.0,1.0,0.0017402681119936703,0.0016969165902334974,0.002234998159323722,0.0023008930072715384,0.0023667878552193554,1.6901775457434098e-06,1.4171080042757467e-06,2.240001286457627e-06,2.4714294377670143e-06,2.7028575890764017e-06,0.0,0.0,0.0,0.0,0.0,0.009319682759795268,0.00465571799464648,0.018533032383520977,0.01960935509261956,0.02068567780171815
localized_defects,physics_selected,0,5,0.9611899538332315,0.9694976376169189,0.9839352156039503,0.9865100612611367,0.9018110620038116,0.34256310676590046,0.37137595100059284,0.4119326500571976,0.422439333865464,0.4329460176737304,0.33387622360823777,0.20520994975076334,0.6367874076104365,0.6394814881968216,0.6421755687832067,0.39525009392815,0.338637954558165,0.6580079857583947,0.6999555278437456,0.7419030699290967,0.2762499771510987,0.28331057084974093,0.36590515433945064,0.39235142723573424,0.4187977001320179,1.0,1.0,1.0,1.0,1.0,0.0,0.0,0.0,0.0,0.0,0.21649489496115656,0.16300324317150117,0.34220893380206935,0.3892589122458988,0.4363088906897284,0.0,0.0,0.0,0.0,0.0,,,,,
localized_defects,physics_selected,1,5,0.878992472253963,0.9748552551808232,0.9853577703281174,0.9864890997921452,0.5785823805725212,0.4511826022270321,0.2324863204399916,0.9270499405213765,1.0960885981201105,1.2651272557188449,0.19118948787164117,0.10870224468438217,0.4228150255729826,0.48202337844706233,0.5412317313211421,0.5355658157379637,0.5600937655995145,0.8427673668857157,0.9168866726165922,0.9910059783474688,0.450469900858537,0.19305462791517733,0.9128341814884597,1.0196275865285702,1.126420991568681,1.0,1.0,1.0,1.0,1.0,0.003161609581356814,0.002073853745461332,0.006349677877224442,0.007468275168937032,0.008586872460649625,0.21649489496115656,0.16300324317150117,0.34220893380206935,0.3892589122458988,0.4363088906897284,0.0,0.0,0.0,0.0,0.0,0.3036491700280709,0.2947919419412548,0.562399976404939,0.5997333296394163,0.6370666828738938
localized_defects,physics_selected,2,5,0.9163593433086274,0.9144894230637931,0.9769866839095805,0.9781948829038977,0.825551623122742,0.3599290101851714,0.31187380906985274,0.5540322537473826,0.5763714016548507,0.5987105495623188,0.21609476086924317,0.18818055783839327,0.3108735487140205,0.33064947722409666,0.3504254057341729,0.5179379965140545,0.5653688536509628,0.8312030249201583,0.8728858546582062,0.9145686843962542,0.40682535842168976,0.3640162373352933,0.6420319640654131,0.6523251821617089,0.6626184002580048,1.0,1.0,1.0,1.0,1.0,0.004816011755439936,0.004911174983657156,0.007936549825530362,0.008609294777851615,0.009282039730172867,0.21649489496115656,0.16300324317150117,0.34220893380206935,0.3892589122458988,0.4363088906897284,0.0,0.0,0.0,0.0,0.0,0.243441519889784,0.08993639549161003,0.5798610901531156,0.6546366896563254,0.7294122891595354
localized_defects,physics_selected,3,5,0.8218088492537522,0.9361780149834406,0.9640935234778076,0.9647548328689147,0.37611596694985494,0.5077612360339844,0.40345928418814536,0.9130203078124922,1.0653251283988903,1.2176299489852886,0.2366671470575321,0.3079576972104068,0.389985250931219,0.39665102761052784,0.40331680428983674,0.3262475825392548,0.34923123552551716,0.4678775943449707,0.4964999915893223,0.5251223888336739,0.5610013972355784,0.4338491695501528,1.0103492228580173,1.200408442035902,1.3904676612137874,1.0,1.0,1.0,1.0,1.0,0.0059502521200007884,0.004772494628599868,0.009921662952650068,0.011313200127730301,0.012704737302810536,0.21649489496115656,0.16300324317150117,0.34220893380206935,0.3892589122458988,0.4363088906897284,0.0,0.0,0.0,0.0,0.0,0.13308326771104734,0.13562619782266072,0.21593061227919855,0.22730502868729835,0.23867944509539818
localized_defects,physics_selected,4,5,0.9006816963068787,0.9736240076489726,0.9870315378768725,0.9875083039294781,0.6309343742682151,0.2834724828893509,0.24813387038635207,0.4530465614830726,0.5114942905632769,0.5699420196434813,0.2448757038764171,0.243712324621848,0.3485380590741579,0.35533499336553226,0.3621319276569066,0.19358539098221086,0.1955869884417268,0.26760793985704084,0.27576929681533785,0.2839306537736349,0.3682304014750753,0.235927358652048,0.6742512511869627,0.7445084423973513,0.8147656336077399,1.0,1.0,1.0,1.0,1.0,0.006056665095959597,0.0019870117149360243,0.014095617630039272,0.017588187711457363,0.021080757792875462,0.21649489496115656,0.16300324317150117,0.34220893380206935,0.3892589122458988,0.4363088906897284,0.0,0.0,0.0,0.0,0.0,0.14909618362866067,0.0917301550089018,0.3165472090539142,0.36886145218255595,0.4211756953111978
localized_defects,physics_selected,5,5,0.9419903500538945,0.9794828560076473,0.9833217627697148,0.9834794687571852,0.8018901705917835,0.23159530596173603,0.18688956636454648,0.33486572189546426,0.3800714385838099,0.42527715527215554,0.2262882422049053,0.29071255775598814,0.3339193951657634,0.3386636815967751,0.34340796802778684,0.15516970377051165,0.17923054011595735,0.20238835119415455,0.20252238629884922,0.20265642140354392,0.3047084126652309,0.20878998392440007,0.4866085982178834,0.560749141749025,0.6348896852801669,1.0,1.0,1.0,1.0,1.0,0.002955251807428143,0.002527509635147287,0.004987690751006762,0.005721411134099286,0.006455131517191813,0.21649489496115656,0.16300324317150117,0.34220893380206935,0.3892589122458988,0.4363088906897284,0.0,0.0,0.0,0.0,0.0,0.14982481214086646,0.07597421125088033,0.32155489380698604,0.3847238071511089,0.4478927204952319
localized_defects,physics_selected,6,5,0.9224889012725448,0.9706471419261321,0.9854255758030268,0.9859705582941994,0.7121276690554148,0.29033868125397533,0.21504761380736626,0.5065090658558002,0.6018022308186334,0.6970953957814667,0.16385953595608074,0.14562021461605656,0.298215665909078,0.3259093422577317,0.35360301860638543,0.10915893636391405,0.11136404072965166,0.14374117517138268,0.14500135090940466,0.14626152664742667,0.3691800134730555,0.24572446348355567,0.6906097959498794,0.8250255306588896,0.9594412653679001,1.0,1.0,1.0,1.0,1.0,0.002567817207477529,0.0027981225763841874,0.003824955670713003,0.004058768451265098,0.004292581231817194,0.21649489496115656,0.16300324317150117,0.34220893380206935,0.3892589122458988,0.4363088906897284,0.0,0.0,0.0,0.0,0.0,0.10848265035820193,0.121482455993287,0.16887639398183546,0.1714713576192536,0.17406632125667176
localized_defects,physics_selected,7,5,0.9505512566369989,0.9760862378037496,0.9867630117239491,0.988566274948979,0.8442941366335902,0.20822223262890455,0.19477617067961747,0.28769999741082625,0.316320754385372,0.34494151135991785,0.20568190202480502,0.2267760263564016,0.30957108668340183,0.3162518027826424,0.322932518881883,0.09209891181961247,0.10429094878391597,0.12253361163294743,0.1251337874937629,0.12773396335457837,0.296995023049738,0.229430431585676,0.48116639969701847,0.5441407459906544,0.6071150922842905,1.0,1.0,1.0,1.0,1.0,0.002147763892529857,0.002140939405396808,0.002750145139569281,0.002757614413515555,0.002765083687461829,0.21649489496115656,0.16300324317150117,0.34220893380206935,0.3892589122458988,0.4363088906897284,0.0,0.0,0.0,0.0,0.0,0.07952807432670958,0.07439430152256321,0.13983986615470576,0.1594012176261593,0.17896256909761288
localized_defects,physics_selected,8,5,0.966286318124418,0.9625510769344842,0.9848429265960604,0.9859621757166351,0.9386509331576245,0.21411483653625374,0.20036743463363016,0.2763596130288511,0.28532962199595535,0.29429963096305967,0.10814730201423073,0.07209643024036261,0.23472682764980385,0.27214033703519147,0.30955384642057915,0.07331345346977691,0.07239453096296891,0.09845423213378153,0.09887662891381924,0.09929902569385693,0.24378519659274894,0.25271455108278057,0.31672658833209366,0.3300922967094881,0.3434580050868825,1.0,1.0,1.0,1.0,1.0,0.003071324351886464,0.0028492539288747514,0.004262323461028972,0.004595157354754418,0.004927991248479863,0.21649489496115656,0.16300324317150117,0.34220893380206935,0.3892589122458988,0.4363088906897284,0.0,0.0,0.0,0.0,0.0,0.12637317210671933,0.16704263889203919,0.2089384063663129,0.21609613234924563,0.22325385833217837
localized_defects,physics_selected,9,5,0.9727075684415665,0.9727811875933395,0.9876773411791863,0.9902307693170405,0.9553050654219407,0.19434970554677994,0.20920679944427256,0.24180290895372925,0.24650946912456342,0.2512160292953976,0.18820268134956572,0.14266765765091582,0.3133152908753146,0.3210516711023434,0.32878805132937217,0.0706348634262596,0.07984841819783879,0.09804888061800077,0.09948967483900942,0.10093046906001808,0.2338251898874685,0.2526499204853738,0.29649499892104375,0.30273492469351565,0.30897485046598755,1.0,1.0,1.0,1.0,1.0,0.002030676786333727,0.0020810451537568407,0.0026831468837280937,0.0027208771754564697,0.002758607467184846,0.21649489496115656,0.16300324317150117,0.34220893380206935,0.3892589122458988,0.4363088906897284,0.0,0.0,0.0,0.0,0.0,0.10889395143148003,0.11954359754332344,0.15196479531880377,0.15979232300969562,0.1676198507005875
localized_defects,physics_selected,10,5,0.9626390709417322,0.9697599944342132,0.9821867762857673,0.985682387034804,0.9255248555957356,0.22546274000116545,0.24725192884898742,0.2609242962350121,0.2623437491410453,0.2637632020470785,0.15044275305113003,0.07836541295952681,0.30854361809182507,0.33599451467659325,0.36344541126136143,0.06699636416091284,0.05916252317206246,0.08982595240676425,0.09073968571505926,0.09165341902335428,0.24594697587392797,0.26856657214667323,0.3021210809266996,0.31288893610518786,0.3236567912836762,1.0,1.0,1.0,1.0,1.0,0.002387691511943086,0.00260496885152706,0.0034296911032294167,0.0034783317720561,0.0035269724408827827,0.21649489496115656,0.16300324317150117,0.34220893380206935,0.3892589122458988,0.4363088906897284,0.0,0.0,0.0,0.0,0.0,0.15830029690348094,0.17250701351345477,0.24887915227816945,0.26125862395932536,0.27363809564048136
multiple_barriers,direct_topology,0,1,0.9182400057400277,0.9182400057400277,0.9182400057400277,0.9182400057400277,0.9182400057400277,0.33085991585198754,0.33085991585198754,0.33085991585198754,0.33085991585198754,0.33085991585198754,0.025823938096770194,0.025823938096770194,0.025823938096770194,0.025823938096770194,0.025823938096770194,0.10243545962190936,0.10243545962190936,0.10243545962190936,0.10243545962190936,0.10243545962190936,0.27434998329973304,0.27434998329973304,0.27434998329973304,0.27434998329973304,0.27434998329973304,1.0,1.0,1.0,1.0,1.0,0.0,0.0,0.0,0.0,0.0,0.1355787508445623,0.1355787508445623,0.1355787508445623,0.1355787508445623,0.1355787508445623,0.0,0.0,0.0,0.0,0.0,,,,,
multiple_barriers,direct_topology,1,1,0.6572960500867013,0.6572960500867013,0.6572960500867013,0.6572960500867013,0.6572960500867013,0.6970687285752801,0.6970687285752801,0.6970687285752801,0.6970687285752801,0.6970687285752801,0.005448243185015356,0.005448243185015356,0.005448243185015356,0.005448243185015356,0.005448243185015356,0.06753535512638137,0.06753535512638137,0.06753535512638137,0.06753535512638137,0.06753535512638137,0.9178238248857564,0.9178238248857564,0.9178238248857564,0.9178238248857564,0.9178238248857564,1.0,1.0,1.0,1.0,1.0,0.0020590012625856433,0.0020590012625856433,0.0020590012625856433,0.0020590012625856433,0.0020590012625856433,0.1355787508445623,0.1355787508445623,0.1355787508445623,0.1355787508445623,0.1355787508445623,0.0,0.0,0.0,0.0,0.0,0.03127218128178555,0.03127218128178555,0.03127218128178555,0.03127218128178555,0.03127218128178555
multiple_barriers,direct_topology,2,1,0.8218133949884877,0.8218133949884877,0.8218133949884877,0.8218133949884877,0.8218133949884877,0.4108229031866067,0.4108229031866067,0.4108229031866067,0.4108229031866067,0.4108229031866067,0.0071839333564556185,0.0071839333564556185,0.0071839333564556185,0.0071839333564556185,0.0071839333564556185,0.04493942905804795,0.04493942905804795,0.04493942905804795,0.04493942905804795,0.04493942905804795,0.6003711795129978,0.6003711795129978,0.6003711795129978,0.6003711795129978,0.6003711795129978,1.0,1.0,1.0,1.0,1.0,0.017359473021493693,0.017359473021493693,0.017359473021493693,0.017359473021493693,0.017359473021493693,0.1355787508445623,0.1355787508445623,0.1355787508445623,0.1355787508445623,0.1355787508445623,0.0,0.0,0.0,0.0,0.0,0.0017356901714402628,0.0017356901714402628,0.0017356901714402628,0.0017356901714402628,0.0017356901714402628
multiple_barriers,direct_topology,3,1,0.864041630999547,0.864041630999547,0.864041630999547,0.864041630999547,0.864041630999547,0.43669798189621367,0.43669798189621367,0.43669798189621367,0.43669798189621367,0.43669798189621367,0.029024594770249657,0.029024594770249657,0.029024594770249657,0.029024594770249657,0.029024594770249657,0.04365696373968252,0.04365696373968252,0.04365696373968252,0.04365696373968252,0.04365696373968252,0.3941546989946194,0.3941546989946194,0.3941546989946194,0.3941546989946194,0.3941546989946194,1.0,1.0,1.0,1.0,1.0,0.01599802453200885,0.01599802453200885,0.01599802453200885,0.01599802453200885,0.01599802453200885,0.1355787508445623,0.1355787508445623,0.1355787508445623,0.1355787508445623,0.1355787508445623,0.0,0.0,0.0,0.0,0.0,0.021840661413794038,0.021840661413794038,0.021840661413794038,0.021840661413794038,0.021840661413794038
multiple_barriers,direct_topology,4,1,0.8596665266430866,0.8596665266430866,0.8596665266430866,0.8596665266430866,0.8596665266430866,0.3920422214581413,0.3920422214581413,0.3920422214581413,0.3920422214581413,0.3920422214581413,0.03920865858774425,0.03920865858774425,0.03920865858774425,0.03920865858774425,0.03920865858774425,0.02575150591407391,0.02575150591407391,0.02575150591407391,0.02575150591407391,0.02575150591407391,0.7389318356327867,0.7389318356327867,0.7389318356327867,0.7389318356327867,0.7389318356327867,1.0,1.0,1.0,1.0,1.0,0.003270267591458617,0.003270267591458617,0.003270267591458617,0.003270267591458617,0.003270267591458617,0.1355787508445623,0.1355787508445623,0.1355787508445623,0.1355787508445623,0.1355787508445623,0.0,0.0,0.0,0.0,0.0,0.010184063817494593,0.010184063817494593,0.010184063817494593,0.010184063817494593,0.010184063817494593
multiple_barriers,direct_topology,5,1,0.9741924838339793,0.9741924838339793,0.9741924838339793,0.9741924838339793,0.9741924838339793,0.14878956968698212,0.14878956968698212,0.14878956968698212,0.14878956968698212,0.14878956968698212,0.12812664347403935,0.12812664347403935,0.12812664347403935,0.12812664347403935,0.12812664347403935,0.031573864260424064,0.031573864260424064,0.031573864260424064,0.031573864260424064,0.031573864260424064,0.223999077846565,0.223999077846565,0.223999077846565,0.223999077846565,0.223999077846565,1.0,1.0,1.0,1.0,1.0,0.003758589330861552,0.003758589330861552,0.003758589330861552,0.003758589330861552,0.003758589330861552,0.1355787508445623,0.1355787508445623,0.1355787508445623,0.1355787508445623,0.1355787508445623,0.0,0.0,0.0,0.0,0.0,0.0889179848862951,0.0889179848862951,0.0889179848862951,0.0889179848862951,0.0889179848862951
multiple_barriers,direct_topology,6,1,0.9899888362901199,0.9899888362901199,0.9899888362901199,0.9899888362901199,0.9899888362901199,0.09707132827453882,0.09707132827453882,0.09707132827453882,0.09707132827453882,0.09707132827453882,0.10084434057193103,0.10084434057193103,0.10084434057193103,0.10084434057193103,0.10084434057193103,0.025696999815377007,0.025696999815377007,0.025696999815377007,0.025696999815377007,0.025696999815377007,0.15295261238230407,0.15295261238230407,0.15295261238230407,0.15295261238230407,0.15295261238230407,1.0,1.0,1.0,1.0,1.0,0.0015041388228637298,0.0015041388228637298,0.0015041388228637298,0.0015041388228637298,0.0015041388228637298,0.1355787508445623,0.1355787508445623,0.1355787508445623,0.1355787508445623,0.1355787508445623,0.0,0.0,0.0,0.0,0.0,0.22897098404597038,0.22897098404597038,0.22897098404597038,0.22897098404597038,0.22897098404597038
multiple_barriers,direct_topology,7,1,0.9899476711539049,0.9899476711539049,0.9899476711539049,0.9899476711539049,0.9899476711539049,0.1136524207723085,0.1136524207723085,0.1136524207723085,0.1136524207723085,0.1136524207723085,0.1340632837425817,0.1340632837425817,0.1340632837425817,0.1340632837425817,0.1340632837425817,0.02693549354254636,0.02693549354254636,0.02693549354254636,0.02693549354254636,0.02693549354254636,0.13488135696754444,0.13488135696754444,0.13488135696754444,0.13488135696754444,0.13488135696754444,1.0,1.0,1.0,1.0,1.0,0.0021554419252696718,0.0021554419252696718,0.0021554419252696718,0.0021554419252696718,0.0021554419252696718,0.1355787508445623,0.1355787508445623,0.1355787508445623,0.1355787508445623,0.1355787508445623,0.0,0.0,0.0,0.0,0.0,0.03321894317065066,0.03321894317065066,0.03321894317065066,0.03321894317065066,0.03321894317065066
multiple_barriers,direct_topology,8,1,0.9946957498915214,0.9946957498915214,0.9946957498915214,0.9946957498915214,0.9946957498915214,0.07545772883404449,0.07545772883404449,0.07545772883404449,0.07545772883404449,0.07545772883404449,0.510610203696336,0.510610203696336,0.510610203696336,0.510610203696336,0.510610203696336,0.06304873689907983,0.06304873689907983,0.06304873689907983,0.06304873689907983,0.06304873689907983,0.10576231603398625,0.10576231603398625,0.10576231603398625,0.10576231603398625,0.10576231603398625,1.0,1.0,1.0,1.0,1.0,0.0012743432288140441,0.0012743432288140441,0.0012743432288140441,0.0012743432288140441,0.0012743432288140441,0.1355787508445623,0.1355787508445623,0.1355787508445623,0.1355787508445623,0.1355787508445623,0.0,0.0,0.0,0.0,0.0,0.37654691995375433,0.37654691995375433,0.37654691995375433,0.37654691995375433,0.37654691995375433
multiple_barriers,direct_topology,9,1,0.9804635804084396,0.9804635804084396,0.9804635804084396,0.9804635804084396,0.9804635804084396,0.13347346442181424,0.13347346442181424,0.13347346442181424,0.13347346442181424,0.13347346442181424,0.47862790398019506,0.47862790398019506,0.47862790398019506,0.47862790398019506,0.47862790398019506,0.056830017474445146,0.056830017474445146,0.056830017474445146,0.056830017474445146,0.056830017474445146,0.1820812322228798,0.1820812322228798,0.1820812322228798,0.1820812322228798,0.1820812322228798,1.0,1.0,1.0,1.0,1.0,0.002474254898832607,0.002474254898832607,0.002474254898832607,0.002474254898832607,0.002474254898832607,0.1355787508445623,0.1355787508445623,0.1355787508445623,0.1355787508445623,0.1355787508445623,0.0,0.0,0.0,0.0,0.0,0.03198229971614097,0.03198229971614097,0.03198229971614097,0.03198229971614097,0.03198229971614097
multiple_barriers,direct_topology,10,1,0.9703954211140633,0.9703954211140633,0.9703954211140633,0.9703954211140633,0.9703954211140633,0.17540856878924477,0.17540856878924477,0.17540856878924477,0.17540856878924477,0.17540856878924477,0.8546168456459844,0.8546168456459844,0.8546168456459844,0.8546168456459844,0.8546168456459844,0.08779472880378254,0.08779472880378254,0.08779472880378254,0.08779472880378254,0.08779472880378254,0.22148395543200627,0.22148395543200627,0.22148395543200627,0.22148395543200627,0.22148395543200627,1.0,1.0,1.0,1.0,1.0,0.0027450377787592455,0.0027450377787592455,0.0027450377787592455,0.0027450377787592455,0.0027450377787592455,0.1355787508445623,0.1355787508445623,0.1355787508445623,0.1355787508445623,0.1355787508445623,0.0,0.0,0.0,0.0,0.0,0.37598894166578933,0.37598894166578933,0.37598894166578933,0.37598894166578933,0.37598894166578933
multiple_barriers,hybrid,0,1,0.9182400057400277,0.9182400057400277,0.9182400057400277,0.9182400057400277,0.9182400057400277,0.33085991585198754,0.33085991585198754,0.33085991585198754,0.33085991585198754,0.33085991585198754,0.025823938096770194,0.025823938096770194,0.025823938096770194,0.025823938096770194,0.025823938096770194,0.10243545962190936,0.10243545962190936,0.10243545962190936,0.10243545962190936,0.10243545962190936,0.27434998329973304,0.27434998329973304,0.27434998329973304,0.27434998329973304,0.27434998329973304,1.0,1.0,1.0,1.0,1.0,0.0,0.0,0.0,0.0,0.0,0.1355787508445623,0.1355787508445623,0.1355787508445623,0.1355787508445623,0.1355787508445623,0.0,0.0,0.0,0.0,0.0,,,,,
multiple_barriers,hybrid,1,1,0.6572960500867013,0.6572960500867013,0.6572960500867013,0.6572960500867013,0.6572960500867013,0.6970687285752801,0.6970687285752801,0.6970687285752801,0.6970687285752801,0.6970687285752801,0.005448243185015356,0.005448243185015356,0.005448243185015356,0.005448243185015356,0.005448243185015356,0.06753535512638137,0.06753535512638137,0.06753535512638137,0.06753535512638137,0.06753535512638137,0.9178238248857564,0.9178238248857564,0.9178238248857564,0.9178238248857564,0.9178238248857564,1.0,1.0,1.0,1.0,1.0,0.0020590012625856433,0.0020590012625856433,0.0020590012625856433,0.0020590012625856433,0.0020590012625856433,0.1355787508445623,0.1355787508445623,0.1355787508445623,0.1355787508445623,0.1355787508445623,0.0,0.0,0.0,0.0,0.0,0.03127218128178555,0.03127218128178555,0.03127218128178555,0.03127218128178555,0.03127218128178555
multiple_barriers,hybrid,2,1,0.8218133949884877,0.8218133949884877,0.8218133949884877,0.8218133949884877,0.8218133949884877,0.4108229031866067,0.4108229031866067,0.4108229031866067,0.4108229031866067,0.4108229031866067,0.0071839333564556185,0.0071839333564556185,0.0071839333564556185,0.0071839333564556185,0.0071839333564556185,0.04493942905804795,0.04493942905804795,0.04493942905804795,0.04493942905804795,0.04493942905804795,0.6003711795129978,0.6003711795129978,0.6003711795129978,0.6003711795129978,0.6003711795129978,1.0,1.0,1.0,1.0,1.0,0.017359473021493693,0.017359473021493693,0.017359473021493693,0.017359473021493693,0.017359473021493693,0.1355787508445623,0.1355787508445623,0.1355787508445623,0.1355787508445623,0.1355787508445623,0.0,0.0,0.0,0.0,0.0,0.0017356901714402628,0.0017356901714402628,0.0017356901714402628,0.0017356901714402628,0.0017356901714402628
multiple_barriers,hybrid,3,1,0.864041630999547,0.864041630999547,0.864041630999547,0.864041630999547,0.864041630999547,0.43669798189621367,0.43669798189621367,0.43669798189621367,0.43669798189621367,0.43669798189621367,0.029024594770249657,0.029024594770249657,0.029024594770249657,0.029024594770249657,0.029024594770249657,0.04365696373968252,0.04365696373968252,0.04365696373968252,0.04365696373968252,0.04365696373968252,0.3941546989946194,0.3941546989946194,0.3941546989946194,0.3941546989946194,0.3941546989946194,1.0,1.0,1.0,1.0,1.0,0.01599802453200885,0.01599802453200885,0.01599802453200885,0.01599802453200885,0.01599802453200885,0.1355787508445623,0.1355787508445623,0.1355787508445623,0.1355787508445623,0.1355787508445623,0.0,0.0,0.0,0.0,0.0,0.021840661413794038,0.021840661413794038,0.021840661413794038,0.021840661413794038,0.021840661413794038
multiple_barriers,hybrid,4,1,0.8596665266430866,0.8596665266430866,0.8596665266430866,0.8596665266430866,0.8596665266430866,0.3920422214581413,0.3920422214581413,0.3920422214581413,0.3920422214581413,0.3920422214581413,0.03920865858774425,0.03920865858774425,0.03920865858774425,0.03920865858774425,0.03920865858774425,0.02575150591407391,0.02575150591407391,0.02575150591407391,0.02575150591407391,0.02575150591407391,0.7389318356327867,0.7389318356327867,0.7389318356327867,0.7389318356327867,0.7389318356327867,1.0,1.0,1.0,1.0,1.0,0.003270267591458617,0.003270267591458617,0.003270267591458617,0.003270267591458617,0.003270267591458617,0.1355787508445623,0.1355787508445623,0.1355787508445623,0.1355787508445623,0.1355787508445623,0.0,0.0,0.0,0.0,0.0,0.010184063817494593,0.010184063817494593,0.010184063817494593,0.010184063817494593,0.010184063817494593
multiple_barriers,hybrid,5,1,0.9741924838339793,0.9741924838339793,0.9741924838339793,0.9741924838339793,0.9741924838339793,0.14878956968698212,0.14878956968698212,0.14878956968698212,0.14878956968698212,0.14878956968698212,0.12812664347403935,0.12812664347403935,0.12812664347403935,0.12812664347403935,0.12812664347403935,0.031573864260424064,0.031573864260424064,0.031573864260424064,0.031573864260424064,0.031573864260424064,0.223999077846565,0.223999077846565,0.223999077846565,0.223999077846565,0.223999077846565,1.0,1.0,1.0,1.0,1.0,0.003758589330861552,0.003758589330861552,0.003758589330861552,0.003758589330861552,0.003758589330861552,0.1355787508445623,0.1355787508445623,0.1355787508445623,0.1355787508445623,0.1355787508445623,0.0,0.0,0.0,0.0,0.0,0.0889179848862951,0.0889179848862951,0.0889179848862951,0.0889179848862951,0.0889179848862951
multiple_barriers,hybrid,6,1,0.9899888362901199,0.9899888362901199,0.9899888362901199,0.9899888362901199,0.9899888362901199,0.09707132827453882,0.09707132827453882,0.09707132827453882,0.09707132827453882,0.09707132827453882,0.10084434057193103,0.10084434057193103,0.10084434057193103,0.10084434057193103,0.10084434057193103,0.025696999815377007,0.025696999815377007,0.025696999815377007,0.025696999815377007,0.025696999815377007,0.15295261238230407,0.15295261238230407,0.15295261238230407,0.15295261238230407,0.15295261238230407,1.0,1.0,1.0,1.0,1.0,0.0015041388228637298,0.0015041388228637298,0.0015041388228637298,0.0015041388228637298,0.0015041388228637298,0.1355787508445623,0.1355787508445623,0.1355787508445623,0.1355787508445623,0.1355787508445623,0.0,0.0,0.0,0.0,0.0,0.22897098404597038,0.22897098404597038,0.22897098404597038,0.22897098404597038,0.22897098404597038
multiple_barriers,hybrid,7,1,0.9899476711539049,0.9899476711539049,0.9899476711539049,0.9899476711539049,0.9899476711539049,0.1136524207723085,0.1136524207723085,0.1136524207723085,0.1136524207723085,0.1136524207723085,0.1340632837425817,0.1340632837425817,0.1340632837425817,0.1340632837425817,0.1340632837425817,0.02693549354254636,0.02693549354254636,0.02693549354254636,0.02693549354254636,0.02693549354254636,0.13488135696754444,0.13488135696754444,0.13488135696754444,0.13488135696754444,0.13488135696754444,1.0,1.0,1.0,1.0,1.0,0.0021554419252696718,0.0021554419252696718,0.0021554419252696718,0.0021554419252696718,0.0021554419252696718,0.1355787508445623,0.1355787508445623,0.1355787508445623,0.1355787508445623,0.1355787508445623,0.0,0.0,0.0,0.0,0.0,0.03321894317065066,0.03321894317065066,0.03321894317065066,0.03321894317065066,0.03321894317065066
multiple_barriers,hybrid,8,1,0.9946957498915214,0.9946957498915214,0.9946957498915214,0.9946957498915214,0.9946957498915214,0.07545772883404449,0.07545772883404449,0.07545772883404449,0.07545772883404449,0.07545772883404449,0.510610203696336,0.510610203696336,0.510610203696336,0.510610203696336,0.510610203696336,0.06304873689907983,0.06304873689907983,0.06304873689907983,0.06304873689907983,0.06304873689907983,0.10576231603398625,0.10576231603398625,0.10576231603398625,0.10576231603398625,0.10576231603398625,1.0,1.0,1.0,1.0,1.0,0.0012743432288140441,0.0012743432288140441,0.0012743432288140441,0.0012743432288140441,0.0012743432288140441,0.1355787508445623,0.1355787508445623,0.1355787508445623,0.1355787508445623,0.1355787508445623,0.0,0.0,0.0,0.0,0.0,0.37654691995375433,0.37654691995375433,0.37654691995375433,0.37654691995375433,0.37654691995375433
multiple_barriers,hybrid,9,1,0.9804635804084396,0.9804635804084396,0.9804635804084396,0.9804635804084396,0.9804635804084396,0.13347346442181424,0.13347346442181424,0.13347346442181424,0.13347346442181424,0.13347346442181424,0.47862790398019506,0.47862790398019506,0.47862790398019506,0.47862790398019506,0.47862790398019506,0.056830017474445146,0.056830017474445146,0.056830017474445146,0.056830017474445146,0.056830017474445146,0.1820812322228798,0.1820812322228798,0.1820812322228798,0.1820812322228798,0.1820812322228798,1.0,1.0,1.0,1.0,1.0,0.002474254898832607,0.002474254898832607,0.002474254898832607,0.002474254898832607,0.002474254898832607,0.1355787508445623,0.1355787508445623,0.1355787508445623,0.1355787508445623,0.1355787508445623,0.0,0.0,0.0,0.0,0.0,0.03198229971614097,0.03198229971614097,0.03198229971614097,0.03198229971614097,0.03198229971614097
multiple_barriers,hybrid,10,1,0.9703954211140633,0.9703954211140633,0.9703954211140633,0.9703954211140633,0.9703954211140633,0.17540856878924477,0.17540856878924477,0.17540856878924477,0.17540856878924477,0.17540856878924477,0.8546168456459844,0.8546168456459844,0.8546168456459844,0.8546168456459844,0.8546168456459844,0.08779472880378254,0.08779472880378254,0.08779472880378254,0.08779472880378254,0.08779472880378254,0.22148395543200627,0.22148395543200627,0.22148395543200627,0.22148395543200627,0.22148395543200627,1.0,1.0,1.0,1.0,1.0,0.0027450377787592455,0.0027450377787592455,0.0027450377787592455,0.0027450377787592455,0.0027450377787592455,0.1355787508445623,0.1355787508445623,0.1355787508445623,0.1355787508445623,0.1355787508445623,0.0,0.0,0.0,0.0,0.0,0.37598894166578933,0.37598894166578933,0.37598894166578933,0.37598894166578933,0.37598894166578933
multiple_barriers,initial_ritz,0,1,0.9956253952229186,0.9956253952229186,0.9956253952229186,0.9956253952229186,0.9956253952229186,0.15677705274609818,0.15677705274609818,0.15677705274609818,0.15677705274609818,0.15677705274609818,0.01590202971816912,0.01590202971816912,0.01590202971816912,0.01590202971816912,0.01590202971816912,0.08942369051114875,0.08942369051114875,0.08942369051114875,0.08942369051114875,0.08942369051114875,0.08760853840410218,0.08760853840410218,0.08760853840410218,0.08760853840410218,0.08760853840410218,0.0,0.0,0.0,0.0,0.0,,,,,,1.1586716403000352e-06,1.1586716403000352e-06,1.1586716403000352e-06,1.1586716403000352e-06,1.1586716403000352e-06,0.0,0.0,0.0,0.0,0.0,,,,,
multiple_barriers,initial_ritz,1,1,0.9984946703005502,0.9984946703005502,0.9984946703005502,0.9984946703005502,0.9984946703005502,0.09189746850920485,0.09189746850920485,0.09189746850920485,0.09189746850920485,0.09189746850920485,0.004158833459882105,0.004158833459882105,0.004158833459882105,0.004158833459882105,0.004158833459882105,0.04135360425764947,0.04135360425764947,0.04135360425764947,0.04135360425764947,0.04135360425764947,0.030566166289088335,0.030566166289088335,0.030566166289088335,0.030566166289088335,0.030566166289088335,0.0,0.0,0.0,0.0,0.0,,,,,,1.1586716403000352e-06,1.1586716403000352e-06,1.1586716403000352e-06,1.1586716403000352e-06,1.1586716403000352e-06,0.0,0.0,0.0,0.0,0.0,0.011743196258287014,0.011743196258287014,0.011743196258287014,0.011743196258287014,0.011743196258287014
multiple_barriers,initial_ritz,2,1,0.9994220072419977,0.9994220072419977,0.9994220072419977,0.9994220072419977,0.9994220072419977,0.04680768120256993,0.04680768120256993,0.04680768120256993,0.04680768120256993,0.04680768120256993,0.0005742072075092253,0.0005742072075092253,0.0005742072075092253,0.0005742072075092253,0.0005742072075092253,0.0197000702446753,0.0197000702446753,0.0197000702446753,0.0197000702446753,0.0197000702446753,0.026910698228867103,0.026910698228867103,0.026910698228867103,0.026910698228867103,0.026910698228867103,1.0,1.0,1.0,1.0,1.0,0.0004614768201558703,0.0004614768201558703,0.0004614768201558703,0.0004614768201558703,0.0004614768201558703,1.1586716403000352e-06,1.1586716403000352e-06,1.1586716403000352e-06,1.1586716403000352e-06,1.1586716403000352e-06,0.0,0.0,0.0,0.0,0.0,0.00358462625237288,0.00358462625237288,0.00358462625237288,0.00358462625237288,0.00358462625237288
multiple_barriers,initial_ritz,3,1,0.9990570012007504,0.9990570012007504,0.9990570012007504,0.9990570012007504,0.9990570012007504,0.0568600732367258,0.0568600732367258,0.0568600732367258,0.0568600732367258,0.0568600732367258,0.0009660782949358904,0.0009660782949358904,0.0009660782949358904,0.0009660782949358904,0.0009660782949358904,0.01987762219138603,0.01987762219138603,0.01987762219138603,0.01987762219138603,0.01987762219138603,0.042860749682934476,0.042860749682934476,0.042860749682934476,0.042860749682934476,0.042860749682934476,1.0,1.0,1.0,1.0,1.0,0.000337377651573858,0.000337377651573858,0.000337377651573858,0.000337377651573858,0.000337377651573858,1.1586716403000352e-06,1.1586716403000352e-06,1.1586716403000352e-06,1.1586716403000352e-06,1.1586716403000352e-06,0.0,0.0,0.0,0.0,0.0,0.0003918710874266651,0.0003918710874266651,0.0003918710874266651,0.0003918710874266651,0.0003918710874266651
multiple_barriers,initial_ritz,4,1,0.9991489927404281,0.9991489927404281,0.9991489927404281,0.9991489927404281,0.9991489927404281,0.05870845199446655,0.05870845199446655,0.05870845199446655,0.05870845199446655,0.05870845199446655,0.0009183803679442271,0.0009183803679442271,0.0009183803679442271,0.0009183803679442271,0.0009183803679442271,0.01770602919721726,0.01770602919721726,0.01770602919721726,0.01770602919721726,0.01770602919721726,0.03520269481470699,0.03520269481470699,0.03520269481470699,0.03520269481470699,0.03520269481470699,1.0,1.0,1.0,1.0,1.0,0.0008704035791973151,0.0008704035791973151,0.0008704035791973151,0.0008704035791973151,0.0008704035791973151,1.1586716403000352e-06,1.1586716403000352e-06,1.1586716403000352e-06,1.1586716403000352e-06,1.1586716403000352e-06,0.0,0.0,0.0,0.0,0.0,4.769792699166331e-05,4.769792699166331e-05,4.769792699166331e-05,4.769792699166331e-05,4.769792699166331e-05
multiple_barriers,initial_ritz,5,1,0.9992539099006195,0.9992539099006195,0.9992539099006195,0.9992539099006195,0.9992539099006195,0.04560533069845703,0.04560533069845703,0.04560533069845703,0.04560533069845703,0.04560533069845703,0.001985333735880168,0.001985333735880168,0.001985333735880168,0.001985333735880168,0.001985333735880168,0.018105249264248925,0.018105249264248925,0.018105249264248925,0.018105249264248925,0.018105249264248925,0.036090407792890467,0.036090407792890467,0.036090407792890467,0.036090407792890467,0.036090407792890467,1.0,1.0,1.0,1.0,1.0,0.0002646533500255353,0.0002646533500255353,0.0002646533500255353,0.0002646533500255353,0.0002646533500255353,1.1586716403000352e-06,1.1586716403000352e-06,1.1586716403000352e-06,1.1586716403000352e-06,1.1586716403000352e-06,0.0,0.0,0.0,0.0,0.0,0.002903714103824395,0.002903714103824395,0.002903714103824395,0.002903714103824395,0.002903714103824395
multiple_barriers,initial_ritz,6,1,0.9992519871385515,0.9992519871385515,0.9992519871385515,0.9992519871385515,0.9992519871385515,0.04468343161510333,0.04468343161510333,0.04468343161510333,0.04468343161510333,0.04468343161510333,0.0034442374615162308,0.0034442374615162308,0.0034442374615162308,0.0034442374615162308,0.0034442374615162308,0.017028306218565496,0.017028306218565496,0.017028306218565496,0.017028306218565496,0.017028306218565496,0.036670803469587135,0.036670803469587135,0.036670803469587135,0.036670803469587135,0.036670803469587135,1.0,1.0,1.0,1.0,1.0,0.00012813276058328533,0.00012813276058328533,0.00012813276058328533,0.00012813276058328533,0.00012813276058328533,1.1586716403000352e-06,1.1586716403000352e-06,1.1586716403000352e-06,1.1586716403000352e-06,1.1586716403000352e-06,0.0,0.0,0.0,0.0,0.0,0.0014589037256360626,0.0014589037256360626,0.0014589037256360626,0.0014589037256360626,0.0014589037256360626
multiple_barriers,initial_ritz,7,1,0.9991967110435044,0.9991967110435044,0.9991967110435044,0.9991967110435044,0.9991967110435044,0.044988019390912,0.044988019390912,0.044988019390912,0.044988019390912,0.044988019390912,0.006146867929781585,0.006146867929781585,0.006146867929781585,0.006146867929781585,0.006146867929781585,0.018283109567848885,0.018283109567848885,0.018283109567848885,0.018283109567848885,0.018283109567848885,0.0367543606447812,0.0367543606447812,0.0367543606447812,0.0367543606447812,0.0367543606447812,1.0,1.0,1.0,1.0,1.0,0.0003714700319201769,0.0003714700319201769,0.0003714700319201769,0.0003714700319201769,0.0003714700319201769,1.1586716403000352e-06,1.1586716403000352e-06,1.1586716403000352e-06,1.1586716403000352e-06,1.1586716403000352e-06,0.0,0.0,0.0,0.0,0.0,0.0027026304682653546,0.0027026304682653546,0.0027026304682653546,0.0027026304682653546,0.0027026304682653546
multiple_barriers,initial_ritz,8,1,0.9984983187560335,0.9984983187560335,0.9984983187560335,0.9984983187560335,0.9984983187560335,0.0608833436659307,0.0608833436659307,0.0608833436659307,0.0608833436659307,0.0608833436659307,0.007668871926222565,0.007668871926222565,0.007668871926222565,0.007668871926222565,0.007668871926222565,0.019720988225287502,0.019720988225287502,0.019720988225287502,0.019720988225287502,0.019720988225287502,0.0531196267328383,0.0531196267328383,0.0531196267328383,0.0531196267328383,0.0531196267328383,1.0,1.0,1.0,1.0,1.0,0.000444830955107778,0.000444830955107778,0.000444830955107778,0.000444830955107778,0.000444830955107778,1.1586716403000352e-06,1.1586716403000352e-06,1.1586716403000352e-06,1.1586716403000352e-06,1.1586716403000352e-06,0.0,0.0,0.0,0.0,0.0,0.0015220039964409793,0.0015220039964409793,0.0015220039964409793,0.0015220039964409793,0.0015220039964409793
multiple_barriers,initial_ritz,9,1,0.9947891170290264,0.9947891170290264,0.9947891170290264,0.9947891170290264,0.9947891170290264,0.08713233641725054,0.08713233641725054,0.08713233641725054,0.08713233641725054,0.08713233641725054,0.007845179515898693,0.007845179515898693,0.007845179515898693,0.007845179515898693,0.007845179515898693,0.018834182095134547,0.018834182095134547,0.018834182095134547,0.018834182095134547,0.018834182095134547,0.10392917897295223,0.10392917897295223,0.10392917897295223,0.10392917897295223,0.10392917897295223,1.0,1.0,1.0,1.0,1.0,0.000737157715916595,0.000737157715916595,0.000737157715916595,0.000737157715916595,0.000737157715916595,1.1586716403000352e-06,1.1586716403000352e-06,1.1586716403000352e-06,1.1586716403000352e-06,1.1586716403000352e-06,0.0,0.0,0.0,0.0,0.0,0.00017630758967612792,0.00017630758967612792,0.00017630758967612792,0.00017630758967612792,0.00017630758967612792
multiple_barriers,initial_ritz,10,1,0.9882356211483555,0.9882356211483555,0.9882356211483555,0.9882356211483555,0.9882356211483555,0.13236852097494617,0.13236852097494617,0.13236852097494617,0.13236852097494617,0.13236852097494617,0.0027306427573359215,0.0027306427573359215,0.0027306427573359215,0.0027306427573359215,0.0027306427573359215,0.02674496933426566,0.02674496933426566,0.02674496933426566,0.02674496933426566,0.02674496933426566,0.1491267703036731,0.1491267703036731,0.1491267703036731,0.1491267703036731,0.1491267703036731,1.0,1.0,1.0,1.0,1.0,0.0013400731890217314,0.0013400731890217314,0.0013400731890217314,0.0013400731890217314,0.0013400731890217314,1.1586716403000352e-06,1.1586716403000352e-06,1.1586716403000352e-06,1.1586716403000352e-06,1.1586716403000352e-06,0.0,0.0,0.0,0.0,0.0,0.005114536758562771,0.005114536758562771,0.005114536758562771,0.005114536758562771,0.005114536758562771
multiple_barriers,physics_selected,0,1,0.9182400057400277,0.9182400057400277,0.9182400057400277,0.9182400057400277,0.9182400057400277,0.33085991585198754,0.33085991585198754,0.33085991585198754,0.33085991585198754,0.33085991585198754,0.025823938096770194,0.025823938096770194,0.025823938096770194,0.025823938096770194,0.025823938096770194,0.10243545962190936,0.10243545962190936,0.10243545962190936,0.10243545962190936,0.10243545962190936,0.27434998329973304,0.27434998329973304,0.27434998329973304,0.27434998329973304,0.27434998329973304,1.0,1.0,1.0,1.0,1.0,0.0,0.0,0.0,0.0,0.0,0.1355787508445623,0.1355787508445623,0.1355787508445623,0.1355787508445623,0.1355787508445623,0.0,0.0,0.0,0.0,0.0,,,,,
multiple_barriers,physics_selected,1,1,0.6572960500867013,0.6572960500867013,0.6572960500867013,0.6572960500867013,0.6572960500867013,0.6970687285752801,0.6970687285752801,0.6970687285752801,0.6970687285752801,0.6970687285752801,0.005448243185015356,0.005448243185015356,0.005448243185015356,0.005448243185015356,0.005448243185015356,0.06753535512638137,0.06753535512638137,0.06753535512638137,0.06753535512638137,0.06753535512638137,0.9178238248857564,0.9178238248857564,0.9178238248857564,0.9178238248857564,0.9178238248857564,1.0,1.0,1.0,1.0,1.0,0.0020590012625856433,0.0020590012625856433,0.0020590012625856433,0.0020590012625856433,0.0020590012625856433,0.1355787508445623,0.1355787508445623,0.1355787508445623,0.1355787508445623,0.1355787508445623,0.0,0.0,0.0,0.0,0.0,0.03127218128178555,0.03127218128178555,0.03127218128178555,0.03127218128178555,0.03127218128178555
multiple_barriers,physics_selected,2,1,0.8218133949884877,0.8218133949884877,0.8218133949884877,0.8218133949884877,0.8218133949884877,0.4108229031866067,0.4108229031866067,0.4108229031866067,0.4108229031866067,0.4108229031866067,0.0071839333564556185,0.0071839333564556185,0.0071839333564556185,0.0071839333564556185,0.0071839333564556185,0.04493942905804795,0.04493942905804795,0.04493942905804795,0.04493942905804795,0.04493942905804795,0.6003711795129978,0.6003711795129978,0.6003711795129978,0.6003711795129978,0.6003711795129978,1.0,1.0,1.0,1.0,1.0,0.017359473021493693,0.017359473021493693,0.017359473021493693,0.017359473021493693,0.017359473021493693,0.1355787508445623,0.1355787508445623,0.1355787508445623,0.1355787508445623,0.1355787508445623,0.0,0.0,0.0,0.0,0.0,0.0017356901714402628,0.0017356901714402628,0.0017356901714402628,0.0017356901714402628,0.0017356901714402628
multiple_barriers,physics_selected,3,1,0.864041630999547,0.864041630999547,0.864041630999547,0.864041630999547,0.864041630999547,0.43669798189621367,0.43669798189621367,0.43669798189621367,0.43669798189621367,0.43669798189621367,0.029024594770249657,0.029024594770249657,0.029024594770249657,0.029024594770249657,0.029024594770249657,0.04365696373968252,0.04365696373968252,0.04365696373968252,0.04365696373968252,0.04365696373968252,0.3941546989946194,0.3941546989946194,0.3941546989946194,0.3941546989946194,0.3941546989946194,1.0,1.0,1.0,1.0,1.0,0.01599802453200885,0.01599802453200885,0.01599802453200885,0.01599802453200885,0.01599802453200885,0.1355787508445623,0.1355787508445623,0.1355787508445623,0.1355787508445623,0.1355787508445623,0.0,0.0,0.0,0.0,0.0,0.021840661413794038,0.021840661413794038,0.021840661413794038,0.021840661413794038,0.021840661413794038
multiple_barriers,physics_selected,4,1,0.8596665266430866,0.8596665266430866,0.8596665266430866,0.8596665266430866,0.8596665266430866,0.3920422214581413,0.3920422214581413,0.3920422214581413,0.3920422214581413,0.3920422214581413,0.03920865858774425,0.03920865858774425,0.03920865858774425,0.03920865858774425,0.03920865858774425,0.02575150591407391,0.02575150591407391,0.02575150591407391,0.02575150591407391,0.02575150591407391,0.7389318356327867,0.7389318356327867,0.7389318356327867,0.7389318356327867,0.7389318356327867,1.0,1.0,1.0,1.0,1.0,0.003270267591458617,0.003270267591458617,0.003270267591458617,0.003270267591458617,0.003270267591458617,0.1355787508445623,0.1355787508445623,0.1355787508445623,0.1355787508445623,0.1355787508445623,0.0,0.0,0.0,0.0,0.0,0.010184063817494593,0.010184063817494593,0.010184063817494593,0.010184063817494593,0.010184063817494593
multiple_barriers,physics_selected,5,1,0.9741924838339793,0.9741924838339793,0.9741924838339793,0.9741924838339793,0.9741924838339793,0.14878956968698212,0.14878956968698212,0.14878956968698212,0.14878956968698212,0.14878956968698212,0.12812664347403935,0.12812664347403935,0.12812664347403935,0.12812664347403935,0.12812664347403935,0.031573864260424064,0.031573864260424064,0.031573864260424064,0.031573864260424064,0.031573864260424064,0.223999077846565,0.223999077846565,0.223999077846565,0.223999077846565,0.223999077846565,1.0,1.0,1.0,1.0,1.0,0.003758589330861552,0.003758589330861552,0.003758589330861552,0.003758589330861552,0.003758589330861552,0.1355787508445623,0.1355787508445623,0.1355787508445623,0.1355787508445623,0.1355787508445623,0.0,0.0,0.0,0.0,0.0,0.0889179848862951,0.0889179848862951,0.0889179848862951,0.0889179848862951,0.0889179848862951
multiple_barriers,physics_selected,6,1,0.9899888362901199,0.9899888362901199,0.9899888362901199,0.9899888362901199,0.9899888362901199,0.09707132827453882,0.09707132827453882,0.09707132827453882,0.09707132827453882,0.09707132827453882,0.10084434057193103,0.10084434057193103,0.10084434057193103,0.10084434057193103,0.10084434057193103,0.025696999815377007,0.025696999815377007,0.025696999815377007,0.025696999815377007,0.025696999815377007,0.15295261238230407,0.15295261238230407,0.15295261238230407,0.15295261238230407,0.15295261238230407,1.0,1.0,1.0,1.0,1.0,0.0015041388228637298,0.0015041388228637298,0.0015041388228637298,0.0015041388228637298,0.0015041388228637298,0.1355787508445623,0.1355787508445623,0.1355787508445623,0.1355787508445623,0.1355787508445623,0.0,0.0,0.0,0.0,0.0,0.22897098404597038,0.22897098404597038,0.22897098404597038,0.22897098404597038,0.22897098404597038
multiple_barriers,physics_selected,7,1,0.9899476711539049,0.9899476711539049,0.9899476711539049,0.9899476711539049,0.9899476711539049,0.1136524207723085,0.1136524207723085,0.1136524207723085,0.1136524207723085,0.1136524207723085,0.1340632837425817,0.1340632837425817,0.1340632837425817,0.1340632837425817,0.1340632837425817,0.02693549354254636,0.02693549354254636,0.02693549354254636,0.02693549354254636,0.02693549354254636,0.13488135696754444,0.13488135696754444,0.13488135696754444,0.13488135696754444,0.13488135696754444,1.0,1.0,1.0,1.0,1.0,0.0021554419252696718,0.0021554419252696718,0.0021554419252696718,0.0021554419252696718,0.0021554419252696718,0.1355787508445623,0.1355787508445623,0.1355787508445623,0.1355787508445623,0.1355787508445623,0.0,0.0,0.0,0.0,0.0,0.03321894317065066,0.03321894317065066,0.03321894317065066,0.03321894317065066,0.03321894317065066
multiple_barriers,physics_selected,8,1,0.9946957498915214,0.9946957498915214,0.9946957498915214,0.9946957498915214,0.9946957498915214,0.07545772883404449,0.07545772883404449,0.07545772883404449,0.07545772883404449,0.07545772883404449,0.510610203696336,0.510610203696336,0.510610203696336,0.510610203696336,0.510610203696336,0.06304873689907983,0.06304873689907983,0.06304873689907983,0.06304873689907983,0.06304873689907983,0.10576231603398625,0.10576231603398625,0.10576231603398625,0.10576231603398625,0.10576231603398625,1.0,1.0,1.0,1.0,1.0,0.0012743432288140441,0.0012743432288140441,0.0012743432288140441,0.0012743432288140441,0.0012743432288140441,0.1355787508445623,0.1355787508445623,0.1355787508445623,0.1355787508445623,0.1355787508445623,0.0,0.0,0.0,0.0,0.0,0.37654691995375433,0.37654691995375433,0.37654691995375433,0.37654691995375433,0.37654691995375433
multiple_barriers,physics_selected,9,1,0.9804635804084396,0.9804635804084396,0.9804635804084396,0.9804635804084396,0.9804635804084396,0.13347346442181424,0.13347346442181424,0.13347346442181424,0.13347346442181424,0.13347346442181424,0.47862790398019506,0.47862790398019506,0.47862790398019506,0.47862790398019506,0.47862790398019506,0.056830017474445146,0.056830017474445146,0.056830017474445146,0.056830017474445146,0.056830017474445146,0.1820812322228798,0.1820812322228798,0.1820812322228798,0.1820812322228798,0.1820812322228798,1.0,1.0,1.0,1.0,1.0,0.002474254898832607,0.002474254898832607,0.002474254898832607,0.002474254898832607,0.002474254898832607,0.1355787508445623,0.1355787508445623,0.1355787508445623,0.1355787508445623,0.1355787508445623,0.0,0.0,0.0,0.0,0.0,0.03198229971614097,0.03198229971614097,0.03198229971614097,0.03198229971614097,0.03198229971614097
multiple_barriers,physics_selected,10,1,0.9703954211140633,0.9703954211140633,0.9703954211140633,0.9703954211140633,0.9703954211140633,0.17540856878924477,0.17540856878924477,0.17540856878924477,0.17540856878924477,0.17540856878924477,0.8546168456459844,0.8546168456459844,0.8546168456459844,0.8546168456459844,0.8546168456459844,0.08779472880378254,0.08779472880378254,0.08779472880378254,0.08779472880378254,0.08779472880378254,0.22148395543200627,0.22148395543200627,0.22148395543200627,0.22148395543200627,0.22148395543200627,1.0,1.0,1.0,1.0,1.0,0.0027450377787592455,0.0027450377787592455,0.0027450377787592455,0.0027450377787592455,0.0027450377787592455,0.1355787508445623,0.1355787508445623,0.1355787508445623,0.1355787508445623,0.1355787508445623,0.0,0.0,0.0,0.0,0.0,0.37598894166578933,0.37598894166578933,0.37598894166578933,0.37598894166578933,0.37598894166578933
multiwell_potentials,direct_topology,0,1,0.9914380175399853,0.9914380175399853,0.9914380175399853,0.9914380175399853,0.9914380175399853,0.12684142971359008,0.12684142971359008,0.12684142971359008,0.12684142971359008,0.12684142971359008,0.008646161957252652,0.008646161957252652,0.008646161957252652,0.008646161957252652,0.008646161957252652,0.039654597442146756,0.039654597442146756,0.039654597442146756,0.039654597442146756,0.039654597442146756,0.12183378967089697,0.12183378967089697,0.12183378967089697,0.12183378967089697,0.12183378967089697,1.0,1.0,1.0,1.0,1.0,0.0,0.0,0.0,0.0,0.0,0.07672644733143894,0.07672644733143894,0.07672644733143894,0.07672644733143894,0.07672644733143894,0.0,0.0,0.0,0.0,0.0,,,,,
multiwell_potentials,direct_topology,1,1,0.9935518161072983,0.9935518161072983,0.9935518161072983,0.9935518161072983,0.9935518161072983,0.08431127258856544,0.08431127258856544,0.08431127258856544,0.08431127258856544,0.08431127258856544,0.029348168736271774,0.029348168736271774,0.029348168736271774,0.029348168736271774,0.029348168736271774,0.02968385878323634,0.02968385878323634,0.02968385878323634,0.02968385878323634,0.02968385878323634,0.13935050694658677,0.13935050694658677,0.13935050694658677,0.13935050694658677,0.13935050694658677,1.0,1.0,1.0,1.0,1.0,0.002473040860891451,0.002473040860891451,0.002473040860891451,0.002473040860891451,0.002473040860891451,0.07672644733143894,0.07672644733143894,0.07672644733143894,0.07672644733143894,0.07672644733143894,0.0,0.0,0.0,0.0,0.0,0.020702006779019122,0.020702006779019122,0.020702006779019122,0.020702006779019122,0.020702006779019122
multiwell_potentials,direct_topology,2,1,0.9947723249831837,0.9947723249831837,0.9947723249831837,0.9947723249831837,0.9947723249831837,0.09155322014412741,0.09155322014412741,0.09155322014412741,0.09155322014412741,0.09155322014412741,0.004819599693658638,0.004819599693658638,0.004819599693658638,0.004819599693658638,0.004819599693658638,0.030820265697819815,0.030820265697819815,0.030820265697819815,0.030820265697819815,0.030820265697819815,0.11347191577326843,0.11347191577326843,0.11347191577326843,0.11347191577326843,0.11347191577326843,1.0,1.0,1.0,1.0,1.0,0.0009430777831055623,0.0009430777831055623,0.0009430777831055623,0.0009430777831055623,0.0009430777831055623,0.07672644733143894,0.07672644733143894,0.07672644733143894,0.07672644733143894,0.07672644733143894,0.0,0.0,0.0,0.0,0.0,0.03416776842993041,0.03416776842993041,0.03416776842993041,0.03416776842993041,0.03416776842993041
multiwell_potentials,direct_topology,3,1,0.9951754348824655,0.9951754348824655,0.9951754348824655,0.9951754348824655,0.9951754348824655,0.07553470695481049,0.07553470695481049,0.07553470695481049,0.07553470695481049,0.07553470695481049,0.002478946162698392,0.002478946162698392,0.002478946162698392,0.002478946162698392,0.002478946162698392,0.02560091337788204,0.02560091337788204,0.02560091337788204,0.02560091337788204,0.02560091337788204,0.11211068205053921,0.11211068205053921,0.11211068205053921,0.11211068205053921,0.11211068205053921,1.0,1.0,1.0,1.0,1.0,0.001222031706485142,0.001222031706485142,0.001222031706485142,0.001222031706485142,0.001222031706485142,0.07672644733143894,0.07672644733143894,0.07672644733143894,0.07672644733143894,0.07672644733143894,0.0,0.0,0.0,0.0,0.0,0.002340653530960246,0.002340653530960246,0.002340653530960246,0.002340653530960246,0.002340653530960246
multiwell_potentials,direct_topology,4,1,0.9942287293796934,0.9942287293796934,0.9942287293796934,0.9942287293796934,0.9942287293796934,0.09004906662694002,0.09004906662694002,0.09004906662694002,0.09004906662694002,0.09004906662694002,0.12488447438080907,0.12488447438080907,0.12488447438080907,0.12488447438080907,0.12488447438080907,0.03382317687602355,0.03382317687602355,0.03382317687602355,0.03382317687602355,0.03382317687602355,0.11427631946954736,0.11427631946954736,0.11427631946954736,0.11427631946954736,0.11427631946954736,1.0,1.0,1.0,1.0,1.0,0.001589133026927366,0.001589133026927366,0.001589133026927366,0.001589133026927366,0.001589133026927366,0.07672644733143894,0.07672644733143894,0.07672644733143894,0.07672644733143894,0.07672644733143894,0.0,0.0,0.0,0.0,0.0,0.12240552821811068,0.12240552821811068,0.12240552821811068,0.12240552821811068,0.12240552821811068
multiwell_potentials,direct_topology,5,1,0.9897582749752084,0.9897582749752084,0.9897582749752084,0.9897582749752084,0.9897582749752084,0.10689304044851611,0.10689304044851611,0.10689304044851611,0.10689304044851611,0.10689304044851611,0.14711033493312486,0.14711033493312486,0.14711033493312486,0.14711033493312486,0.14711033493312486,0.03381624477118756,0.03381624477118756,0.03381624477118756,0.03381624477118756,0.03381624477118756,0.14172463309623434,0.14172463309623434,0.14172463309623434,0.14172463309623434,0.14172463309623434,1.0,1.0,1.0,1.0,1.0,0.002061779552774774,0.002061779552774774,0.002061779552774774,0.002061779552774774,0.002061779552774774,0.07672644733143894,0.07672644733143894,0.07672644733143894,0.07672644733143894,0.07672644733143894,0.0,0.0,0.0,0.0,0.0,0.02222586055231579,0.02222586055231579,0.02222586055231579,0.02222586055231579,0.02222586055231579
multiwell_potentials,direct_topology,6,1,0.9931891440727074,0.9931891440727074,0.9931891440727074,0.9931891440727074,0.9931891440727074,0.08150539710348319,0.08150539710348319,0.08150539710348319,0.08150539710348319,0.08150539710348319,0.11580658045880599,0.11580658045880599,0.11580658045880599,0.11580658045880599,0.11580658045880599,0.02482868241389692,0.02482868241389692,0.02482868241389692,0.02482868241389692,0.02482868241389692,0.13018953116487075,0.13018953116487075,0.13018953116487075,0.13018953116487075,0.13018953116487075,1.0,1.0,1.0,1.0,1.0,0.0012237430614472325,0.0012237430614472325,0.0012237430614472325,0.0012237430614472325,0.0012237430614472325,0.07672644733143894,0.07672644733143894,0.07672644733143894,0.07672644733143894,0.07672644733143894,0.0,0.0,0.0,0.0,0.0,0.03130375447431888,0.03130375447431888,0.03130375447431888,0.03130375447431888,0.03130375447431888
multiwell_potentials,direct_topology,7,1,0.991527063310141,0.991527063310141,0.991527063310141,0.991527063310141,0.991527063310141,0.08964985922537376,0.08964985922537376,0.08964985922537376,0.08964985922537376,0.08964985922537376,0.14847245966682365,0.14847245966682365,0.14847245966682365,0.14847245966682365,0.14847245966682365,0.02839372166750873,0.02839372166750873,0.02839372166750873,0.02839372166750873,0.02839372166750873,0.14226752312970078,0.14226752312970078,0.14226752312970078,0.14226752312970078,0.14226752312970078,1.0,1.0,1.0,1.0,1.0,0.0009740893069001049,0.0009740893069001049,0.0009740893069001049,0.0009740893069001049,0.0009740893069001049,0.07672644733143894,0.07672644733143894,0.07672644733143894,0.07672644733143894,0.07672644733143894,0.0,0.0,0.0,0.0,0.0,0.03266587920801767,0.03266587920801767,0.03266587920801767,0.03266587920801767,0.03266587920801767
multiwell_potentials,direct_topology,8,1,0.9894474041578568,0.9894474041578568,0.9894474041578568,0.9894474041578568,0.9894474041578568,0.10745034563858294,0.10745034563858294,0.10745034563858294,0.10745034563858294,0.10745034563858294,0.06877556904829785,0.06877556904829785,0.06877556904829785,0.06877556904829785,0.06877556904829785,0.023180479831816266,0.023180479831816266,0.023180479831816266,0.023180479831816266,0.023180479831816266,0.14496622400549614,0.14496622400549614,0.14496622400549614,0.14496622400549614,0.14496622400549614,1.0,1.0,1.0,1.0,1.0,0.0011826673502859833,0.0011826673502859833,0.0011826673502859833,0.0011826673502859833,0.0011826673502859833,0.07672644733143894,0.07672644733143894,0.07672644733143894,0.07672644733143894,0.07672644733143894,0.0,0.0,0.0,0.0,0.0,0.0796968906185258,0.0796968906185258,0.0796968906185258,0.0796968906185258,0.0796968906185258
multiwell_potentials,direct_topology,9,1,0.9890628461699673,0.9890628461699673,0.9890628461699673,0.9890628461699673,0.9890628461699673,0.09659891534287997,0.09659891534287997,0.09659891534287997,0.09659891534287997,0.09659891534287997,0.2779959144403925,0.2779959144403925,0.2779959144403925,0.2779959144403925,0.2779959144403925,0.035143118778868755,0.035143118778868755,0.035143118778868755,0.035143118778868755,0.035143118778868755,0.14586906156396665,0.14586906156396665,0.14586906156396665,0.14586906156396665,0.14586906156396665,1.0,1.0,1.0,1.0,1.0,0.0009062463584279861,0.0009062463584279861,0.0009062463584279861,0.0009062463584279861,0.0009062463584279861,0.07672644733143894,0.07672644733143894,0.07672644733143894,0.07672644733143894,0.07672644733143894,0.0,0.0,0.0,0.0,0.0,0.34677148348869036,0.34677148348869036,0.34677148348869036,0.34677148348869036,0.34677148348869036
multiwell_potentials,direct_topology,10,1,0.9694402581123659,0.9694402581123659,0.9694402581123659,0.9694402581123659,0.9694402581123659,0.17033873833980856,0.17033873833980856,0.17033873833980856,0.17033873833980856,0.17033873833980856,0.17689195073518782,0.17689195073518782,0.17689195073518782,0.17689195073518782,0.17689195073518782,0.02970193206278404,0.02970193206278404,0.02970193206278404,0.02970193206278404,0.02970193206278404,0.24756753837934875,0.24756753837934875,0.24756753837934875,0.24756753837934875,0.24756753837934875,1.0,1.0,1.0,1.0,1.0,0.0015975686667066271,0.0015975686667066271,0.0015975686667066271,0.0015975686667066271,0.0015975686667066271,0.07672644733143894,0.07672644733143894,0.07672644733143894,0.07672644733143894,0.07672644733143894,0.0,0.0,0.0,0.0,0.0,0.10110396370520469,0.10110396370520469,0.10110396370520469,0.10110396370520469,0.10110396370520469
multiwell_potentials,hybrid,0,1,0.9914380175399853,0.9914380175399853,0.9914380175399853,0.9914380175399853,0.9914380175399853,0.12684142971359008,0.12684142971359008,0.12684142971359008,0.12684142971359008,0.12684142971359008,0.008646161957252652,0.008646161957252652,0.008646161957252652,0.008646161957252652,0.008646161957252652,0.039654597442146756,0.039654597442146756,0.039654597442146756,0.039654597442146756,0.039654597442146756,0.12183378967089697,0.12183378967089697,0.12183378967089697,0.12183378967089697,0.12183378967089697,1.0,1.0,1.0,1.0,1.0,0.0,0.0,0.0,0.0,0.0,0.07672644733143894,0.07672644733143894,0.07672644733143894,0.07672644733143894,0.07672644733143894,0.0,0.0,0.0,0.0,0.0,,,,,
multiwell_potentials,hybrid,1,1,0.9935518161072983,0.9935518161072983,0.9935518161072983,0.9935518161072983,0.9935518161072983,0.08431127258856544,0.08431127258856544,0.08431127258856544,0.08431127258856544,0.08431127258856544,0.029348168736271774,0.029348168736271774,0.029348168736271774,0.029348168736271774,0.029348168736271774,0.02968385878323634,0.02968385878323634,0.02968385878323634,0.02968385878323634,0.02968385878323634,0.13935050694658677,0.13935050694658677,0.13935050694658677,0.13935050694658677,0.13935050694658677,1.0,1.0,1.0,1.0,1.0,0.002473040860891451,0.002473040860891451,0.002473040860891451,0.002473040860891451,0.002473040860891451,0.07672644733143894,0.07672644733143894,0.07672644733143894,0.07672644733143894,0.07672644733143894,0.0,0.0,0.0,0.0,0.0,0.020702006779019122,0.020702006779019122,0.020702006779019122,0.020702006779019122,0.020702006779019122
multiwell_potentials,hybrid,2,1,0.9947723249831837,0.9947723249831837,0.9947723249831837,0.9947723249831837,0.9947723249831837,0.09155322014412741,0.09155322014412741,0.09155322014412741,0.09155322014412741,0.09155322014412741,0.004819599693658638,0.004819599693658638,0.004819599693658638,0.004819599693658638,0.004819599693658638,0.030820265697819815,0.030820265697819815,0.030820265697819815,0.030820265697819815,0.030820265697819815,0.11347191577326843,0.11347191577326843,0.11347191577326843,0.11347191577326843,0.11347191577326843,1.0,1.0,1.0,1.0,1.0,0.0009430777831055623,0.0009430777831055623,0.0009430777831055623,0.0009430777831055623,0.0009430777831055623,0.07672644733143894,0.07672644733143894,0.07672644733143894,0.07672644733143894,0.07672644733143894,0.0,0.0,0.0,0.0,0.0,0.03416776842993041,0.03416776842993041,0.03416776842993041,0.03416776842993041,0.03416776842993041
multiwell_potentials,hybrid,3,1,0.9951754348824655,0.9951754348824655,0.9951754348824655,0.9951754348824655,0.9951754348824655,0.07553470695481049,0.07553470695481049,0.07553470695481049,0.07553470695481049,0.07553470695481049,0.002478946162698392,0.002478946162698392,0.002478946162698392,0.002478946162698392,0.002478946162698392,0.02560091337788204,0.02560091337788204,0.02560091337788204,0.02560091337788204,0.02560091337788204,0.11211068205053921,0.11211068205053921,0.11211068205053921,0.11211068205053921,0.11211068205053921,1.0,1.0,1.0,1.0,1.0,0.001222031706485142,0.001222031706485142,0.001222031706485142,0.001222031706485142,0.001222031706485142,0.07672644733143894,0.07672644733143894,0.07672644733143894,0.07672644733143894,0.07672644733143894,0.0,0.0,0.0,0.0,0.0,0.002340653530960246,0.002340653530960246,0.002340653530960246,0.002340653530960246,0.002340653530960246
multiwell_potentials,hybrid,4,1,0.9942287293796934,0.9942287293796934,0.9942287293796934,0.9942287293796934,0.9942287293796934,0.09004906662694002,0.09004906662694002,0.09004906662694002,0.09004906662694002,0.09004906662694002,0.12488447438080907,0.12488447438080907,0.12488447438080907,0.12488447438080907,0.12488447438080907,0.03382317687602355,0.03382317687602355,0.03382317687602355,0.03382317687602355,0.03382317687602355,0.11427631946954736,0.11427631946954736,0.11427631946954736,0.11427631946954736,0.11427631946954736,1.0,1.0,1.0,1.0,1.0,0.001589133026927366,0.001589133026927366,0.001589133026927366,0.001589133026927366,0.001589133026927366,0.07672644733143894,0.07672644733143894,0.07672644733143894,0.07672644733143894,0.07672644733143894,0.0,0.0,0.0,0.0,0.0,0.12240552821811068,0.12240552821811068,0.12240552821811068,0.12240552821811068,0.12240552821811068
multiwell_potentials,hybrid,5,1,0.9897582749752084,0.9897582749752084,0.9897582749752084,0.9897582749752084,0.9897582749752084,0.10689304044851611,0.10689304044851611,0.10689304044851611,0.10689304044851611,0.10689304044851611,0.14711033493312486,0.14711033493312486,0.14711033493312486,0.14711033493312486,0.14711033493312486,0.03381624477118756,0.03381624477118756,0.03381624477118756,0.03381624477118756,0.03381624477118756,0.14172463309623434,0.14172463309623434,0.14172463309623434,0.14172463309623434,0.14172463309623434,1.0,1.0,1.0,1.0,1.0,0.002061779552774774,0.002061779552774774,0.002061779552774774,0.002061779552774774,0.002061779552774774,0.07672644733143894,0.07672644733143894,0.07672644733143894,0.07672644733143894,0.07672644733143894,0.0,0.0,0.0,0.0,0.0,0.02222586055231579,0.02222586055231579,0.02222586055231579,0.02222586055231579,0.02222586055231579
multiwell_potentials,hybrid,6,1,0.9931891440727074,0.9931891440727074,0.9931891440727074,0.9931891440727074,0.9931891440727074,0.08150539710348319,0.08150539710348319,0.08150539710348319,0.08150539710348319,0.08150539710348319,0.11580658045880599,0.11580658045880599,0.11580658045880599,0.11580658045880599,0.11580658045880599,0.02482868241389692,0.02482868241389692,0.02482868241389692,0.02482868241389692,0.02482868241389692,0.13018953116487075,0.13018953116487075,0.13018953116487075,0.13018953116487075,0.13018953116487075,1.0,1.0,1.0,1.0,1.0,0.0012237430614472325,0.0012237430614472325,0.0012237430614472325,0.0012237430614472325,0.0012237430614472325,0.07672644733143894,0.07672644733143894,0.07672644733143894,0.07672644733143894,0.07672644733143894,0.0,0.0,0.0,0.0,0.0,0.03130375447431888,0.03130375447431888,0.03130375447431888,0.03130375447431888,0.03130375447431888
multiwell_potentials,hybrid,7,1,0.991527063310141,0.991527063310141,0.991527063310141,0.991527063310141,0.991527063310141,0.08964985922537376,0.08964985922537376,0.08964985922537376,0.08964985922537376,0.08964985922537376,0.14847245966682365,0.14847245966682365,0.14847245966682365,0.14847245966682365,0.14847245966682365,0.02839372166750873,0.02839372166750873,0.02839372166750873,0.02839372166750873,0.02839372166750873,0.14226752312970078,0.14226752312970078,0.14226752312970078,0.14226752312970078,0.14226752312970078,1.0,1.0,1.0,1.0,1.0,0.0009740893069001049,0.0009740893069001049,0.0009740893069001049,0.0009740893069001049,0.0009740893069001049,0.07672644733143894,0.07672644733143894,0.07672644733143894,0.07672644733143894,0.07672644733143894,0.0,0.0,0.0,0.0,0.0,0.03266587920801767,0.03266587920801767,0.03266587920801767,0.03266587920801767,0.03266587920801767
multiwell_potentials,hybrid,8,1,0.9894474041578568,0.9894474041578568,0.9894474041578568,0.9894474041578568,0.9894474041578568,0.10745034563858294,0.10745034563858294,0.10745034563858294,0.10745034563858294,0.10745034563858294,0.06877556904829785,0.06877556904829785,0.06877556904829785,0.06877556904829785,0.06877556904829785,0.023180479831816266,0.023180479831816266,0.023180479831816266,0.023180479831816266,0.023180479831816266,0.14496622400549614,0.14496622400549614,0.14496622400549614,0.14496622400549614,0.14496622400549614,1.0,1.0,1.0,1.0,1.0,0.0011826673502859833,0.0011826673502859833,0.0011826673502859833,0.0011826673502859833,0.0011826673502859833,0.07672644733143894,0.07672644733143894,0.07672644733143894,0.07672644733143894,0.07672644733143894,0.0,0.0,0.0,0.0,0.0,0.0796968906185258,0.0796968906185258,0.0796968906185258,0.0796968906185258,0.0796968906185258
multiwell_potentials,hybrid,9,1,0.9890628461699673,0.9890628461699673,0.9890628461699673,0.9890628461699673,0.9890628461699673,0.09659891534287997,0.09659891534287997,0.09659891534287997,0.09659891534287997,0.09659891534287997,0.2779959144403925,0.2779959144403925,0.2779959144403925,0.2779959144403925,0.2779959144403925,0.035143118778868755,0.035143118778868755,0.035143118778868755,0.035143118778868755,0.035143118778868755,0.14586906156396665,0.14586906156396665,0.14586906156396665,0.14586906156396665,0.14586906156396665,1.0,1.0,1.0,1.0,1.0,0.0009062463584279861,0.0009062463584279861,0.0009062463584279861,0.0009062463584279861,0.0009062463584279861,0.07672644733143894,0.07672644733143894,0.07672644733143894,0.07672644733143894,0.07672644733143894,0.0,0.0,0.0,0.0,0.0,0.34677148348869036,0.34677148348869036,0.34677148348869036,0.34677148348869036,0.34677148348869036
multiwell_potentials,hybrid,10,1,0.9694402581123659,0.9694402581123659,0.9694402581123659,0.9694402581123659,0.9694402581123659,0.17033873833980856,0.17033873833980856,0.17033873833980856,0.17033873833980856,0.17033873833980856,0.17689195073518782,0.17689195073518782,0.17689195073518782,0.17689195073518782,0.17689195073518782,0.02970193206278404,0.02970193206278404,0.02970193206278404,0.02970193206278404,0.02970193206278404,0.24756753837934875,0.24756753837934875,0.24756753837934875,0.24756753837934875,0.24756753837934875,1.0,1.0,1.0,1.0,1.0,0.0015975686667066271,0.0015975686667066271,0.0015975686667066271,0.0015975686667066271,0.0015975686667066271,0.07672644733143894,0.07672644733143894,0.07672644733143894,0.07672644733143894,0.07672644733143894,0.0,0.0,0.0,0.0,0.0,0.10110396370520469,0.10110396370520469,0.10110396370520469,0.10110396370520469,0.10110396370520469
multiwell_potentials,initial_ritz,0,1,0.9999634061338639,0.9999634061338639,0.9999634061338639,0.9999634061338639,0.9999634061338639,0.0196849741275041,0.0196849741275041,0.0196849741275041,0.0196849741275041,0.0196849741275041,0.0001386090083235203,0.0001386090083235203,0.0001386090083235203,0.0001386090083235203,0.0001386090083235203,0.01842682505965517,0.01842682505965517,0.01842682505965517,0.01842682505965517,0.01842682505965517,0.006228698391860861,0.006228698391860861,0.006228698391860861,0.006228698391860861,0.006228698391860861,0.0,0.0,0.0,0.0,0.0,,,,,,1.1343291478338458e-06,1.1343291478338458e-06,1.1343291478338458e-06,1.1343291478338458e-06,1.1343291478338458e-06,0.0,0.0,0.0,0.0,0.0,,,,,
multiwell_potentials,initial_ritz,1,1,0.9999567576711644,0.9999567576711644,0.9999567576711644,0.9999567576711644,0.9999567576711644,0.014884110108074007,0.014884110108074007,0.014884110108074007,0.014884110108074007,0.014884110108074007,0.0002806524093674767,0.0002806524093674767,0.0002806524093674767,0.0002806524093674767,0.0002806524093674767,0.012112464843263485,0.012112464843263485,0.012112464843263485,0.012112464843263485,0.012112464843263485,0.004144749486473204,0.004144749486473204,0.004144749486473204,0.004144749486473204,0.004144749486473204,0.0,0.0,0.0,0.0,0.0,,,,,,1.1343291478338458e-06,1.1343291478338458e-06,1.1343291478338458e-06,1.1343291478338458e-06,1.1343291478338458e-06,0.0,0.0,0.0,0.0,0.0,0.000419261417690997,0.000419261417690997,0.000419261417690997,0.000419261417690997,0.000419261417690997
multiwell_potentials,initial_ritz,2,1,0.9998705608428242,0.9998705608428242,0.9998705608428242,0.9998705608428242,0.9998705608428242,0.026057269362931495,0.026057269362931495,0.026057269362931495,0.026057269362931495,0.026057269362931495,0.0006623586956235883,0.0006623586956235883,0.0006623586956235883,0.0006623586956235883,0.0006623586956235883,0.016378431142201014,0.016378431142201014,0.016378431142201014,0.016378431142201014,0.016378431142201014,0.013091564568824389,0.013091564568824389,0.013091564568824389,0.013091564568824389,0.013091564568824389,1.0,1.0,1.0,1.0,1.0,,,,,,1.1343291478338458e-06,1.1343291478338458e-06,1.1343291478338458e-06,1.1343291478338458e-06,1.1343291478338458e-06,0.0,0.0,0.0,0.0,0.0,0.0003817062862561116,0.0003817062862561116,0.0003817062862561116,0.0003817062862561116,0.0003817062862561116
multiwell_potentials,initial_ritz,3,1,0.9996896059091579,0.9996896059091579,0.9996896059091579,0.9996896059091579,0.9996896059091579,0.03658234992801906,0.03658234992801906,0.03658234992801906,0.03658234992801906,0.03658234992801906,0.0010205617413543422,0.0010205617413543422,0.0010205617413543422,0.0010205617413543422,0.0010205617413543422,0.0197784392182444,0.0197784392182444,0.0197784392182444,0.0197784392182444,0.0197784392182444,0.02329362173218249,0.02329362173218249,0.02329362173218249,0.02329362173218249,0.02329362173218249,1.0,1.0,1.0,1.0,1.0,9.023363134333231e-05,9.023363134333231e-05,9.023363134333231e-05,9.023363134333231e-05,9.023363134333231e-05,1.1343291478338458e-06,1.1343291478338458e-06,1.1343291478338458e-06,1.1343291478338458e-06,1.1343291478338458e-06,0.0,0.0,0.0,0.0,0.0,0.0003582030457307539,0.0003582030457307539,0.0003582030457307539,0.0003582030457307539,0.0003582030457307539
multiwell_potentials,initial_ritz,4,1,0.9993334194515531,0.9993334194515531,0.9993334194515531,0.9993334194515531,0.9993334194515531,0.04975583205540255,0.04975583205540255,0.04975583205540255,0.04975583205540255,0.04975583205540255,0.0011402486721694416,0.0011402486721694416,0.0011402486721694416,0.0011402486721694416,0.0011402486721694416,0.02316931207899848,0.02316931207899848,0.02316931207899848,0.02316931207899848,0.02316931207899848,0.03748934166184377,0.03748934166184377,0.03748934166184377,0.03748934166184377,0.03748934166184377,1.0,1.0,1.0,1.0,1.0,0.0001098697846162941,0.0001098697846162941,0.0001098697846162941,0.0001098697846162941,0.0001098697846162941,1.1343291478338458e-06,1.1343291478338458e-06,1.1343291478338458e-06,1.1343291478338458e-06,1.1343291478338458e-06,0.0,0.0,0.0,0.0,0.0,0.0001196869308150994,0.0001196869308150994,0.0001196869308150994,0.0001196869308150994,0.0001196869308150994
multiwell_potentials,initial_ritz,5,1,0.9990052802330727,0.9990052802330727,0.9990052802330727,0.9990052802330727,0.9990052802330727,0.05000397391214609,0.05000397391214609,0.05000397391214609,0.05000397391214609,0.05000397391214609,0.002423890530742323,0.002423890530742323,0.002423890530742323,0.002423890530742323,0.002423890530742323,0.022734101071573802,0.022734101071573802,0.022734101071573802,0.022734101071573802,0.022734101071573802,0.03545097981124806,0.03545097981124806,0.03545097981124806,0.03545097981124806,0.03545097981124806,1.0,1.0,1.0,1.0,1.0,0.00033810950317045995,0.00033810950317045995,0.00033810950317045995,0.00033810950317045995,0.00033810950317045995,1.1343291478338458e-06,1.1343291478338458e-06,1.1343291478338458e-06,1.1343291478338458e-06,1.1343291478338458e-06,0.0,0.0,0.0,0.0,0.0,0.0012836418585728815,0.0012836418585728815,0.0012836418585728815,0.0012836418585728815,0.0012836418585728815
multiwell_potentials,initial_ritz,6,1,0.9993188395350239,0.9993188395350239,0.9993188395350239,0.9993188395350239,0.9993188395350239,0.04049381010039143,0.04049381010039143,0.04049381010039143,0.04049381010039143,0.04049381010039143,0.006221531952693038,0.006221531952693038,0.006221531952693038,0.006221531952693038,0.006221531952693038,0.017305145824425,0.017305145824425,0.017305145824425,0.017305145824425,0.017305145824425,0.03047929535862128,0.03047929535862128,0.03047929535862128,0.03047929535862128,0.03047929535862128,1.0,1.0,1.0,1.0,1.0,0.00033587785942451213,0.00033587785942451213,0.00033587785942451213,0.00033587785942451213,0.00033587785942451213,1.1343291478338458e-06,1.1343291478338458e-06,1.1343291478338458e-06,1.1343291478338458e-06,1.1343291478338458e-06,0.0,0.0,0.0,0.0,0.0,0.003797641421950715,0.003797641421950715,0.003797641421950715,0.003797641421950715,0.003797641421950715
multiwell_potentials,initial_ritz,7,1,0.9987589218507874,0.9987589218507874,0.9987589218507874,0.9987589218507874,0.9987589218507874,0.046513731537877315,0.046513731537877315,0.046513731537877315,0.046513731537877315,0.046513731537877315,0.0078619405101783,0.0078619405101783,0.0078619405101783,0.0078619405101783,0.0078619405101783,0.02098110318482124,0.02098110318482124,0.02098110318482124,0.02098110318482124,0.02098110318482124,0.03897147319881108,0.03897147319881108,0.03897147319881108,0.03897147319881108,0.03897147319881108,1.0,1.0,1.0,1.0,1.0,,,,,,1.1343291478338458e-06,1.1343291478338458e-06,1.1343291478338458e-06,1.1343291478338458e-06,1.1343291478338458e-06,0.0,0.0,0.0,0.0,0.0,0.0016404085574852623,0.0016404085574852623,0.0016404085574852623,0.0016404085574852623,0.0016404085574852623
multiwell_potentials,initial_ritz,8,1,0.994671692186753,0.994671692186753,0.994671692186753,0.994671692186753,0.994671692186753,0.0853929521262471,0.0853929521262471,0.0853929521262471,0.0853929521262471,0.0853929521262471,0.0059352768989677784,0.0059352768989677784,0.0059352768989677784,0.0059352768989677784,0.0059352768989677784,0.02215335120623023,0.02215335120623023,0.02215335120623023,0.02215335120623023,0.02215335120623023,0.10151418381024697,0.10151418381024697,0.10151418381024697,0.10151418381024697,0.10151418381024697,1.0,1.0,1.0,1.0,1.0,0.0006733243379984767,0.0006733243379984767,0.0006733243379984767,0.0006733243379984767,0.0006733243379984767,1.1343291478338458e-06,1.1343291478338458e-06,1.1343291478338458e-06,1.1343291478338458e-06,1.1343291478338458e-06,0.0,0.0,0.0,0.0,0.0,0.0019266636112105218,0.0019266636112105218,0.0019266636112105218,0.0019266636112105218,0.0019266636112105218
multiwell_potentials,initial_ritz,9,1,0.9938516505861322,0.9938516505861322,0.9938516505861322,0.9938516505861322,0.9938516505861322,0.0848192393831059,0.0848192393831059,0.0848192393831059,0.0848192393831059,0.0848192393831059,0.010776370983361261,0.010776370983361261,0.010776370983361261,0.010776370983361261,0.010776370983361261,0.0174426703443132,0.0174426703443132,0.0174426703443132,0.0174426703443132,0.0174426703443132,0.10273887623923132,0.10273887623923132,0.10273887623923132,0.10273887623923132,0.10273887623923132,1.0,1.0,1.0,1.0,1.0,0.0006372057012105876,0.0006372057012105876,0.0006372057012105876,0.0006372057012105876,0.0006372057012105876,1.1343291478338458e-06,1.1343291478338458e-06,1.1343291478338458e-06,1.1343291478338458e-06,1.1343291478338458e-06,0.0,0.0,0.0,0.0,0.0,0.004841094084393482,0.004841094084393482,0.004841094084393482,0.004841094084393482,0.004841094084393482
multiwell_potentials,initial_ritz,10,1,0.9744833671308369,0.9744833671308369,0.9744833671308369,0.9744833671308369,0.9744833671308369,0.15492484332689968,0.15492484332689968,0.15492484332689968,0.15492484332689968,0.15492484332689968,0.0027655085238453836,0.0027655085238453836,0.0027655085238453836,0.0027655085238453836,0.0027655085238453836,0.020579090208050963,0.020579090208050963,0.020579090208050963,0.020579090208050963,0.020579090208050963,0.22115599477070155,0.22115599477070155,0.22115599477070155,0.22115599477070155,0.22115599477070155,1.0,1.0,1.0,1.0,1.0,0.001333723052040199,0.001333723052040199,0.001333723052040199,0.001333723052040199,0.001333723052040199,1.1343291478338458e-06,1.1343291478338458e-06,1.1343291478338458e-06,1.1343291478338458e-06,1.1343291478338458e-06,0.0,0.0,0.0,0.0,0.0,0.013541879507206644,0.013541879507206644,0.013541879507206644,0.013541879507206644,0.013541879507206644
multiwell_potentials,physics_selected,0,1,0.9914380175399853,0.9914380175399853,0.9914380175399853,0.9914380175399853,0.9914380175399853,0.12684142971359008,0.12684142971359008,0.12684142971359008,0.12684142971359008,0.12684142971359008,0.008646161957252652,0.008646161957252652,0.008646161957252652,0.008646161957252652,0.008646161957252652,0.039654597442146756,0.039654597442146756,0.039654597442146756,0.039654597442146756,0.039654597442146756,0.12183378967089697,0.12183378967089697,0.12183378967089697,0.12183378967089697,0.12183378967089697,1.0,1.0,1.0,1.0,1.0,0.0,0.0,0.0,0.0,0.0,0.07672644733143894,0.07672644733143894,0.07672644733143894,0.07672644733143894,0.07672644733143894,0.0,0.0,0.0,0.0,0.0,,,,,
multiwell_potentials,physics_selected,1,1,0.9935518161072983,0.9935518161072983,0.9935518161072983,0.9935518161072983,0.9935518161072983,0.08431127258856544,0.08431127258856544,0.08431127258856544,0.08431127258856544,0.08431127258856544,0.029348168736271774,0.029348168736271774,0.029348168736271774,0.029348168736271774,0.029348168736271774,0.02968385878323634,0.02968385878323634,0.02968385878323634,0.02968385878323634,0.02968385878323634,0.13935050694658677,0.13935050694658677,0.13935050694658677,0.13935050694658677,0.13935050694658677,1.0,1.0,1.0,1.0,1.0,0.002473040860891451,0.002473040860891451,0.002473040860891451,0.002473040860891451,0.002473040860891451,0.07672644733143894,0.07672644733143894,0.07672644733143894,0.07672644733143894,0.07672644733143894,0.0,0.0,0.0,0.0,0.0,0.020702006779019122,0.020702006779019122,0.020702006779019122,0.020702006779019122,0.020702006779019122
multiwell_potentials,physics_selected,2,1,0.9947723249831837,0.9947723249831837,0.9947723249831837,0.9947723249831837,0.9947723249831837,0.09155322014412741,0.09155322014412741,0.09155322014412741,0.09155322014412741,0.09155322014412741,0.004819599693658638,0.004819599693658638,0.004819599693658638,0.004819599693658638,0.004819599693658638,0.030820265697819815,0.030820265697819815,0.030820265697819815,0.030820265697819815,0.030820265697819815,0.11347191577326843,0.11347191577326843,0.11347191577326843,0.11347191577326843,0.11347191577326843,1.0,1.0,1.0,1.0,1.0,0.0009430777831055623,0.0009430777831055623,0.0009430777831055623,0.0009430777831055623,0.0009430777831055623,0.07672644733143894,0.07672644733143894,0.07672644733143894,0.07672644733143894,0.07672644733143894,0.0,0.0,0.0,0.0,0.0,0.03416776842993041,0.03416776842993041,0.03416776842993041,0.03416776842993041,0.03416776842993041
multiwell_potentials,physics_selected,3,1,0.9951754348824655,0.9951754348824655,0.9951754348824655,0.9951754348824655,0.9951754348824655,0.07553470695481049,0.07553470695481049,0.07553470695481049,0.07553470695481049,0.07553470695481049,0.002478946162698392,0.002478946162698392,0.002478946162698392,0.002478946162698392,0.002478946162698392,0.02560091337788204,0.02560091337788204,0.02560091337788204,0.02560091337788204,0.02560091337788204,0.11211068205053921,0.11211068205053921,0.11211068205053921,0.11211068205053921,0.11211068205053921,1.0,1.0,1.0,1.0,1.0,0.001222031706485142,0.001222031706485142,0.001222031706485142,0.001222031706485142,0.001222031706485142,0.07672644733143894,0.07672644733143894,0.07672644733143894,0.07672644733143894,0.07672644733143894,0.0,0.0,0.0,0.0,0.0,0.002340653530960246,0.002340653530960246,0.002340653530960246,0.002340653530960246,0.002340653530960246
multiwell_potentials,physics_selected,4,1,0.9942287293796934,0.9942287293796934,0.9942287293796934,0.9942287293796934,0.9942287293796934,0.09004906662694002,0.09004906662694002,0.09004906662694002,0.09004906662694002,0.09004906662694002,0.12488447438080907,0.12488447438080907,0.12488447438080907,0.12488447438080907,0.12488447438080907,0.03382317687602355,0.03382317687602355,0.03382317687602355,0.03382317687602355,0.03382317687602355,0.11427631946954736,0.11427631946954736,0.11427631946954736,0.11427631946954736,0.11427631946954736,1.0,1.0,1.0,1.0,1.0,0.001589133026927366,0.001589133026927366,0.001589133026927366,0.001589133026927366,0.001589133026927366,0.07672644733143894,0.07672644733143894,0.07672644733143894,0.07672644733143894,0.07672644733143894,0.0,0.0,0.0,0.0,0.0,0.12240552821811068,0.12240552821811068,0.12240552821811068,0.12240552821811068,0.12240552821811068
multiwell_potentials,physics_selected,5,1,0.9897582749752084,0.9897582749752084,0.9897582749752084,0.9897582749752084,0.9897582749752084,0.10689304044851611,0.10689304044851611,0.10689304044851611,0.10689304044851611,0.10689304044851611,0.14711033493312486,0.14711033493312486,0.14711033493312486,0.14711033493312486,0.14711033493312486,0.03381624477118756,0.03381624477118756,0.03381624477118756,0.03381624477118756,0.03381624477118756,0.14172463309623434,0.14172463309623434,0.14172463309623434,0.14172463309623434,0.14172463309623434,1.0,1.0,1.0,1.0,1.0,0.002061779552774774,0.002061779552774774,0.002061779552774774,0.002061779552774774,0.002061779552774774,0.07672644733143894,0.07672644733143894,0.07672644733143894,0.07672644733143894,0.07672644733143894,0.0,0.0,0.0,0.0,0.0,0.02222586055231579,0.02222586055231579,0.02222586055231579,0.02222586055231579,0.02222586055231579
multiwell_potentials,physics_selected,6,1,0.9931891440727074,0.9931891440727074,0.9931891440727074,0.9931891440727074,0.9931891440727074,0.08150539710348319,0.08150539710348319,0.08150539710348319,0.08150539710348319,0.08150539710348319,0.11580658045880599,0.11580658045880599,0.11580658045880599,0.11580658045880599,0.11580658045880599,0.02482868241389692,0.02482868241389692,0.02482868241389692,0.02482868241389692,0.02482868241389692,0.13018953116487075,0.13018953116487075,0.13018953116487075,0.13018953116487075,0.13018953116487075,1.0,1.0,1.0,1.0,1.0,0.0012237430614472325,0.0012237430614472325,0.0012237430614472325,0.0012237430614472325,0.0012237430614472325,0.07672644733143894,0.07672644733143894,0.07672644733143894,0.07672644733143894,0.07672644733143894,0.0,0.0,0.0,0.0,0.0,0.03130375447431888,0.03130375447431888,0.03130375447431888,0.03130375447431888,0.03130375447431888
multiwell_potentials,physics_selected,7,1,0.991527063310141,0.991527063310141,0.991527063310141,0.991527063310141,0.991527063310141,0.08964985922537376,0.08964985922537376,0.08964985922537376,0.08964985922537376,0.08964985922537376,0.14847245966682365,0.14847245966682365,0.14847245966682365,0.14847245966682365,0.14847245966682365,0.02839372166750873,0.02839372166750873,0.02839372166750873,0.02839372166750873,0.02839372166750873,0.14226752312970078,0.14226752312970078,0.14226752312970078,0.14226752312970078,0.14226752312970078,1.0,1.0,1.0,1.0,1.0,0.0009740893069001049,0.0009740893069001049,0.0009740893069001049,0.0009740893069001049,0.0009740893069001049,0.07672644733143894,0.07672644733143894,0.07672644733143894,0.07672644733143894,0.07672644733143894,0.0,0.0,0.0,0.0,0.0,0.03266587920801767,0.03266587920801767,0.03266587920801767,0.03266587920801767,0.03266587920801767
multiwell_potentials,physics_selected,8,1,0.9894474041578568,0.9894474041578568,0.9894474041578568,0.9894474041578568,0.9894474041578568,0.10745034563858294,0.10745034563858294,0.10745034563858294,0.10745034563858294,0.10745034563858294,0.06877556904829785,0.06877556904829785,0.06877556904829785,0.06877556904829785,0.06877556904829785,0.023180479831816266,0.023180479831816266,0.023180479831816266,0.023180479831816266,0.023180479831816266,0.14496622400549614,0.14496622400549614,0.14496622400549614,0.14496622400549614,0.14496622400549614,1.0,1.0,1.0,1.0,1.0,0.0011826673502859833,0.0011826673502859833,0.0011826673502859833,0.0011826673502859833,0.0011826673502859833,0.07672644733143894,0.07672644733143894,0.07672644733143894,0.07672644733143894,0.07672644733143894,0.0,0.0,0.0,0.0,0.0,0.0796968906185258,0.0796968906185258,0.0796968906185258,0.0796968906185258,0.0796968906185258
multiwell_potentials,physics_selected,9,1,0.9890628461699673,0.9890628461699673,0.9890628461699673,0.9890628461699673,0.9890628461699673,0.09659891534287997,0.09659891534287997,0.09659891534287997,0.09659891534287997,0.09659891534287997,0.2779959144403925,0.2779959144403925,0.2779959144403925,0.2779959144403925,0.2779959144403925,0.035143118778868755,0.035143118778868755,0.035143118778868755,0.035143118778868755,0.035143118778868755,0.14586906156396665,0.14586906156396665,0.14586906156396665,0.14586906156396665,0.14586906156396665,1.0,1.0,1.0,1.0,1.0,0.0009062463584279861,0.0009062463584279861,0.0009062463584279861,0.0009062463584279861,0.0009062463584279861,0.07672644733143894,0.07672644733143894,0.07672644733143894,0.07672644733143894,0.07672644733143894,0.0,0.0,0.0,0.0,0.0,0.34677148348869036,0.34677148348869036,0.34677148348869036,0.34677148348869036,0.34677148348869036
multiwell_potentials,physics_selected,10,1,0.9694402581123659,0.9694402581123659,0.9694402581123659,0.9694402581123659,0.9694402581123659,0.17033873833980856,0.17033873833980856,0.17033873833980856,0.17033873833980856,0.17033873833980856,0.17689195073518782,0.17689195073518782,0.17689195073518782,0.17689195073518782,0.17689195073518782,0.02970193206278404,0.02970193206278404,0.02970193206278404,0.02970193206278404,0.02970193206278404,0.24756753837934875,0.24756753837934875,0.24756753837934875,0.24756753837934875,0.24756753837934875,1.0,1.0,1.0,1.0,1.0,0.0015975686667066271,0.0015975686667066271,0.0015975686667066271,0.0015975686667066271,0.0015975686667066271,0.07672644733143894,0.07672644733143894,0.07672644733143894,0.07672644733143894,0.07672644733143894,0.0,0.0,0.0,0.0,0.0,0.10110396370520469,0.10110396370520469,0.10110396370520469,0.10110396370520469,0.10110396370520469
near_continuum_states,direct_topology,0,1,0.6332843990026713,0.6332843990026713,0.6332843990026713,0.6332843990026713,0.6332843990026713,0.6423211335362755,0.6423211335362755,0.6423211335362755,0.6423211335362755,0.6423211335362755,0.022473704531632777,0.022473704531632777,0.022473704531632777,0.022473704531632777,0.022473704531632777,0.5348429803959242,0.5348429803959242,0.5348429803959242,0.5348429803959242,0.5348429803959242,0.9129852689903833,0.9129852689903833,0.9129852689903833,0.9129852689903833,0.9129852689903833,1.0,1.0,1.0,1.0,1.0,0.0,0.0,0.0,0.0,0.0,0.9400487358457451,0.9400487358457451,0.9400487358457451,0.9400487358457451,0.9400487358457451,0.0,0.0,0.0,0.0,0.0,,,,,
near_continuum_states,direct_topology,1,1,0.5550491743583018,0.5550491743583018,0.5550491743583018,0.5550491743583018,0.5550491743583018,0.7237633184798189,0.7237633184798189,0.7237633184798189,0.7237633184798189,0.7237633184798189,0.000715463887093426,0.000715463887093426,0.000715463887093426,0.000715463887093426,0.000715463887093426,0.3899926392872323,0.3899926392872323,0.3899926392872323,0.3899926392872323,0.3899926392872323,0.5455638870166718,0.5455638870166718,0.5455638870166718,0.5455638870166718,0.5455638870166718,0.0,0.0,0.0,0.0,0.0,0.09801450812499315,0.09801450812499315,0.09801450812499315,0.09801450812499315,0.09801450812499315,0.9400487358457451,0.9400487358457451,0.9400487358457451,0.9400487358457451,0.9400487358457451,0.0,0.0,0.0,0.0,0.0,0.02175824064453935,0.02175824064453935,0.02175824064453935,0.02175824064453935,0.02175824064453935
near_continuum_states,direct_topology,2,1,0.022951012127703577,0.022951012127703577,0.022951012127703577,0.022951012127703577,0.022951012127703577,1.2955967897404772,1.2955967897404772,1.2955967897404772,1.2955967897404772,1.2955967897404772,0.012508988730240311,0.012508988730240311,0.012508988730240311,0.012508988730240311,0.012508988730240311,0.590743341436274,0.590743341436274,0.590743341436274,0.590743341436274,0.590743341436274,1.1768965188156304,1.1768965188156304,1.1768965188156304,1.1768965188156304,1.1768965188156304,0.0,0.0,0.0,0.0,0.0,0.07126099800988277,0.07126099800988277,0.07126099800988277,0.07126099800988277,0.07126099800988277,0.9400487358457451,0.9400487358457451,0.9400487358457451,0.9400487358457451,0.9400487358457451,0.0,0.0,0.0,0.0,0.0,0.013224452617333737,0.013224452617333737,0.013224452617333737,0.013224452617333737,0.013224452617333737
near_continuum_states,direct_topology,3,1,0.08809661510580126,0.08809661510580126,0.08809661510580126,0.08809661510580126,0.08809661510580126,1.1855580086726023,1.1855580086726023,1.1855580086726023,1.1855580086726023,1.1855580086726023,0.020019189956794303,0.020019189956794303,0.020019189956794303,0.020019189956794303,0.020019189956794303,0.6969818034927193,0.6969818034927193,0.6969818034927193,0.6969818034927193,0.6969818034927193,0.9240313012689927,0.9240313012689927,0.9240313012689927,0.9240313012689927,0.9240313012689927,0.0,0.0,0.0,0.0,0.0,0.06492149141749015,0.06492149141749015,0.06492149141749015,0.06492149141749015,0.06492149141749015,0.9400487358457451,0.9400487358457451,0.9400487358457451,0.9400487358457451,0.9400487358457451,0.0,0.0,0.0,0.0,0.0,0.007510201226553992,0.007510201226553992,0.007510201226553992,0.007510201226553992,0.007510201226553992
near_continuum_states,direct_topology,4,1,0.01461358962607912,0.01461358962607912,0.01461358962607912,0.01461358962607912,0.01461358962607912,1.3232952587972662,1.3232952587972662,1.3232952587972662,1.3232952587972662,1.3232952587972662,0.024607047046167896,0.024607047046167896,0.024607047046167896,0.024607047046167896,0.024607047046167896,0.7510234978618215,0.7510234978618215,0.7510234978618215,0.7510234978618215,0.7510234978618215,0.9125137519241374,0.9125137519241374,0.9125137519241374,0.9125137519241374,0.9125137519241374,0.0,0.0,0.0,0.0,0.0,0.07278293107372075,0.07278293107372075,0.07278293107372075,0.07278293107372075,0.07278293107372075,0.9400487358457451,0.9400487358457451,0.9400487358457451,0.9400487358457451,0.9400487358457451,0.0,0.0,0.0,0.0,0.0,0.004587857089373593,0.004587857089373593,0.004587857089373593,0.004587857089373593,0.004587857089373593
near_continuum_states,direct_topology,5,1,0.0031039884913556005,0.0031039884913556005,0.0031039884913556005,0.0031039884913556005,0.0031039884913556005,1.3711786503472931,1.3711786503472931,1.3711786503472931,1.3711786503472931,1.3711786503472931,0.02754738394741496,0.02754738394741496,0.02754738394741496,0.02754738394741496,0.02754738394741496,0.6721862560108948,0.6721862560108948,0.6721862560108948,0.6721862560108948,0.6721862560108948,0.9269218537429433,0.9269218537429433,0.9269218537429433,0.9269218537429433,0.9269218537429433,0.0,0.0,0.0,0.0,0.0,0.17802784360802396,0.17802784360802396,0.17802784360802396,0.17802784360802396,0.17802784360802396,0.9400487358457451,0.9400487358457451,0.9400487358457451,0.9400487358457451,0.9400487358457451,0.0,0.0,0.0,0.0,0.0,0.002940336901247065,0.002940336901247065,0.002940336901247065,0.002940336901247065,0.002940336901247065
near_continuum_states,direct_topology,6,1,0.002972406156091149,0.002972406156091149,0.002972406156091149,0.002972406156091149,0.002972406156091149,1.3727464934805023,1.3727464934805023,1.3727464934805023,1.3727464934805023,1.3727464934805023,0.029573517942801164,0.029573517942801164,0.029573517942801164,0.029573517942801164,0.029573517942801164,0.674079260380661,0.674079260380661,0.674079260380661,0.674079260380661,0.674079260380661,0.9945270472998551,0.9945270472998551,0.9945270472998551,0.9945270472998551,0.9945270472998551,0.0,0.0,0.0,0.0,0.0,0.15773951033081074,0.15773951033081074,0.15773951033081074,0.15773951033081074,0.15773951033081074,0.9400487358457451,0.9400487358457451,0.9400487358457451,0.9400487358457451,0.9400487358457451,0.0,0.0,0.0,0.0,0.0,0.0020261339953862034,0.0020261339953862034,0.0020261339953862034,0.0020261339953862034,0.0020261339953862034
near_continuum_states,direct_topology,7,1,0.012302620276737437,0.012302620276737437,0.012302620276737437,0.012302620276737437,0.012302620276737437,1.3334864475216657,1.3334864475216657,1.3334864475216657,1.3334864475216657,1.3334864475216657,0.030992270513869435,0.030992270513869435,0.030992270513869435,0.030992270513869435,0.030992270513869435,0.6687253973690268,0.6687253973690268,0.6687253973690268,0.6687253973690268,0.6687253973690268,1.1283431770143042,1.1283431770143042,1.1283431770143042,1.1283431770143042,1.1283431770143042,0.0,0.0,0.0,0.0,0.0,0.1530770462496071,0.1530770462496071,0.1530770462496071,0.1530770462496071,0.1530770462496071,0.9400487358457451,0.9400487358457451,0.9400487358457451,0.9400487358457451,0.9400487358457451,0.0,0.0,0.0,0.0,0.0,0.0014187525710682714,0.0014187525710682714,0.0014187525710682714,0.0014187525710682714,0.0014187525710682714
near_continuum_states,direct_topology,8,1,0.005054229779787274,0.005054229779787274,0.005054229779787274,0.005054229779787274,0.005054229779787274,1.362416919216683,1.362416919216683,1.362416919216683,1.362416919216683,1.362416919216683,0.03202789845456966,0.03202789845456966,0.03202789845456966,0.03202789845456966,0.03202789845456966,0.6212596681103206,0.6212596681103206,0.6212596681103206,0.6212596681103206,0.6212596681103206,1.1937034261826498,1.1937034261826498,1.1937034261826498,1.1937034261826498,1.1937034261826498,0.0,0.0,0.0,0.0,0.0,0.147313137133568,0.147313137133568,0.147313137133568,0.147313137133568,0.147313137133568,0.9400487358457451,0.9400487358457451,0.9400487358457451,0.9400487358457451,0.9400487358457451,0.0,0.0,0.0,0.0,0.0,0.0010356279407002233,0.0010356279407002233,0.0010356279407002233,0.0010356279407002233,0.0010356279407002233
near_continuum_states,direct_topology,9,1,0.012422383002948987,0.012422383002948987,0.012422383002948987,0.012422383002948987,0.012422383002948987,1.3339277288463502,1.3339277288463502,1.3339277288463502,1.3339277288463502,1.3339277288463502,0.032687592681897026,0.032687592681897026,0.032687592681897026,0.032687592681897026,0.032687592681897026,0.6408006325166549,0.6408006325166549,0.6408006325166549,0.6408006325166549,0.6408006325166549,1.2088583191254094,1.2088583191254094,1.2088583191254094,1.2088583191254094,1.2088583191254094,0.0,0.0,0.0,0.0,0.0,0.13676618837037388,0.13676618837037388,0.13676618837037388,0.13676618837037388,0.13676618837037388,0.9400487358457451,0.9400487358457451,0.9400487358457451,0.9400487358457451,0.9400487358457451,0.0,0.0,0.0,0.0,0.0,0.0006596942273273676,0.0006596942273273676,0.0006596942273273676,0.0006596942273273676,0.0006596942273273676
near_continuum_states,direct_topology,10,1,0.018686729226175536,0.018686729226175536,0.018686729226175536,0.018686729226175536,0.018686729226175536,1.3134796450045376,1.3134796450045376,1.3134796450045376,1.3134796450045376,1.3134796450045376,0.03295483048157455,0.03295483048157455,0.03295483048157455,0.03295483048157455,0.03295483048157455,0.7084064193298837,0.7084064193298837,0.7084064193298837,0.7084064193298837,0.7084064193298837,1.022343957495944,1.022343957495944,1.022343957495944,1.022343957495944,1.022343957495944,0.0,0.0,0.0,0.0,0.0,0.1915768910659053,0.1915768910659053,0.1915768910659053,0.1915768910659053,0.1915768910659053,0.9400487358457451,0.9400487358457451,0.9400487358457451,0.9400487358457451,0.9400487358457451,0.0,0.0,0.0,0.0,0.0,0.00026723779967752215,0.00026723779967752215,0.00026723779967752215,0.00026723779967752215,0.00026723779967752215
near_continuum_states,hybrid,0,1,0.6332843990026713,0.6332843990026713,0.6332843990026713,0.6332843990026713,0.6332843990026713,0.6423211335362755,0.6423211335362755,0.6423211335362755,0.6423211335362755,0.6423211335362755,0.022473704531632777,0.022473704531632777,0.022473704531632777,0.022473704531632777,0.022473704531632777,0.5348429803959242,0.5348429803959242,0.5348429803959242,0.5348429803959242,0.5348429803959242,0.9129852689903833,0.9129852689903833,0.9129852689903833,0.9129852689903833,0.9129852689903833,1.0,1.0,1.0,1.0,1.0,0.0,0.0,0.0,0.0,0.0,0.9400487358457451,0.9400487358457451,0.9400487358457451,0.9400487358457451,0.9400487358457451,0.0,0.0,0.0,0.0,0.0,,,,,
near_continuum_states,hybrid,1,1,0.5550491743583018,0.5550491743583018,0.5550491743583018,0.5550491743583018,0.5550491743583018,0.7237633184798189,0.7237633184798189,0.7237633184798189,0.7237633184798189,0.7237633184798189,0.000715463887093426,0.000715463887093426,0.000715463887093426,0.000715463887093426,0.000715463887093426,0.3899926392872323,0.3899926392872323,0.3899926392872323,0.3899926392872323,0.3899926392872323,0.5455638870166718,0.5455638870166718,0.5455638870166718,0.5455638870166718,0.5455638870166718,0.0,0.0,0.0,0.0,0.0,0.09801450812499315,0.09801450812499315,0.09801450812499315,0.09801450812499315,0.09801450812499315,0.9400487358457451,0.9400487358457451,0.9400487358457451,0.9400487358457451,0.9400487358457451,0.0,0.0,0.0,0.0,0.0,0.02175824064453935,0.02175824064453935,0.02175824064453935,0.02175824064453935,0.02175824064453935
near_continuum_states,hybrid,2,1,0.022951012127703577,0.022951012127703577,0.022951012127703577,0.022951012127703577,0.022951012127703577,1.2955967897404772,1.2955967897404772,1.2955967897404772,1.2955967897404772,1.2955967897404772,0.012508988730240311,0.012508988730240311,0.012508988730240311,0.012508988730240311,0.012508988730240311,0.590743341436274,0.590743341436274,0.590743341436274,0.590743341436274,0.590743341436274,1.1768965188156304,1.1768965188156304,1.1768965188156304,1.1768965188156304,1.1768965188156304,0.0,0.0,0.0,0.0,0.0,0.07126099800988277,0.07126099800988277,0.07126099800988277,0.07126099800988277,0.07126099800988277,0.9400487358457451,0.9400487358457451,0.9400487358457451,0.9400487358457451,0.9400487358457451,0.0,0.0,0.0,0.0,0.0,0.013224452617333737,0.013224452617333737,0.013224452617333737,0.013224452617333737,0.013224452617333737
near_continuum_states,hybrid,3,1,0.08809661510580126,0.08809661510580126,0.08809661510580126,0.08809661510580126,0.08809661510580126,1.1855580086726023,1.1855580086726023,1.1855580086726023,1.1855580086726023,1.1855580086726023,0.020019189956794303,0.020019189956794303,0.020019189956794303,0.020019189956794303,0.020019189956794303,0.6969818034927193,0.6969818034927193,0.6969818034927193,0.6969818034927193,0.6969818034927193,0.9240313012689927,0.9240313012689927,0.9240313012689927,0.9240313012689927,0.9240313012689927,0.0,0.0,0.0,0.0,0.0,0.06492149141749015,0.06492149141749015,0.06492149141749015,0.06492149141749015,0.06492149141749015,0.9400487358457451,0.9400487358457451,0.9400487358457451,0.9400487358457451,0.9400487358457451,0.0,0.0,0.0,0.0,0.0,0.007510201226553992,0.007510201226553992,0.007510201226553992,0.007510201226553992,0.007510201226553992
near_continuum_states,hybrid,4,1,0.01461358962607912,0.01461358962607912,0.01461358962607912,0.01461358962607912,0.01461358962607912,1.3232952587972662,1.3232952587972662,1.3232952587972662,1.3232952587972662,1.3232952587972662,0.024607047046167896,0.024607047046167896,0.024607047046167896,0.024607047046167896,0.024607047046167896,0.7510234978618215,0.7510234978618215,0.7510234978618215,0.7510234978618215,0.7510234978618215,0.9125137519241374,0.9125137519241374,0.9125137519241374,0.9125137519241374,0.9125137519241374,0.0,0.0,0.0,0.0,0.0,0.07278293107372075,0.07278293107372075,0.07278293107372075,0.07278293107372075,0.07278293107372075,0.9400487358457451,0.9400487358457451,0.9400487358457451,0.9400487358457451,0.9400487358457451,0.0,0.0,0.0,0.0,0.0,0.004587857089373593,0.004587857089373593,0.004587857089373593,0.004587857089373593,0.004587857089373593
near_continuum_states,hybrid,5,1,0.0031039884913556005,0.0031039884913556005,0.0031039884913556005,0.0031039884913556005,0.0031039884913556005,1.3711786503472931,1.3711786503472931,1.3711786503472931,1.3711786503472931,1.3711786503472931,0.02754738394741496,0.02754738394741496,0.02754738394741496,0.02754738394741496,0.02754738394741496,0.6721862560108948,0.6721862560108948,0.6721862560108948,0.6721862560108948,0.6721862560108948,0.9269218537429433,0.9269218537429433,0.9269218537429433,0.9269218537429433,0.9269218537429433,0.0,0.0,0.0,0.0,0.0,0.17802784360802396,0.17802784360802396,0.17802784360802396,0.17802784360802396,0.17802784360802396,0.9400487358457451,0.9400487358457451,0.9400487358457451,0.9400487358457451,0.9400487358457451,0.0,0.0,0.0,0.0,0.0,0.002940336901247065,0.002940336901247065,0.002940336901247065,0.002940336901247065,0.002940336901247065
near_continuum_states,hybrid,6,1,0.002972406156091149,0.002972406156091149,0.002972406156091149,0.002972406156091149,0.002972406156091149,1.3727464934805023,1.3727464934805023,1.3727464934805023,1.3727464934805023,1.3727464934805023,0.029573517942801164,0.029573517942801164,0.029573517942801164,0.029573517942801164,0.029573517942801164,0.674079260380661,0.674079260380661,0.674079260380661,0.674079260380661,0.674079260380661,0.9945270472998551,0.9945270472998551,0.9945270472998551,0.9945270472998551,0.9945270472998551,0.0,0.0,0.0,0.0,0.0,0.15773951033081074,0.15773951033081074,0.15773951033081074,0.15773951033081074,0.15773951033081074,0.9400487358457451,0.9400487358457451,0.9400487358457451,0.9400487358457451,0.9400487358457451,0.0,0.0,0.0,0.0,0.0,0.0020261339953862034,0.0020261339953862034,0.0020261339953862034,0.0020261339953862034,0.0020261339953862034
near_continuum_states,hybrid,7,1,0.012302620276737437,0.012302620276737437,0.012302620276737437,0.012302620276737437,0.012302620276737437,1.3334864475216657,1.3334864475216657,1.3334864475216657,1.3334864475216657,1.3334864475216657,0.030992270513869435,0.030992270513869435,0.030992270513869435,0.030992270513869435,0.030992270513869435,0.6687253973690268,0.6687253973690268,0.6687253973690268,0.6687253973690268,0.6687253973690268,1.1283431770143042,1.1283431770143042,1.1283431770143042,1.1283431770143042,1.1283431770143042,0.0,0.0,0.0,0.0,0.0,0.1530770462496071,0.1530770462496071,0.1530770462496071,0.1530770462496071,0.1530770462496071,0.9400487358457451,0.9400487358457451,0.9400487358457451,0.9400487358457451,0.9400487358457451,0.0,0.0,0.0,0.0,0.0,0.0014187525710682714,0.0014187525710682714,0.0014187525710682714,0.0014187525710682714,0.0014187525710682714
near_continuum_states,hybrid,8,1,0.005054229779787274,0.005054229779787274,0.005054229779787274,0.005054229779787274,0.005054229779787274,1.362416919216683,1.362416919216683,1.362416919216683,1.362416919216683,1.362416919216683,0.03202789845456966,0.03202789845456966,0.03202789845456966,0.03202789845456966,0.03202789845456966,0.6212596681103206,0.6212596681103206,0.6212596681103206,0.6212596681103206,0.6212596681103206,1.1937034261826498,1.1937034261826498,1.1937034261826498,1.1937034261826498,1.1937034261826498,0.0,0.0,0.0,0.0,0.0,0.147313137133568,0.147313137133568,0.147313137133568,0.147313137133568,0.147313137133568,0.9400487358457451,0.9400487358457451,0.9400487358457451,0.9400487358457451,0.9400487358457451,0.0,0.0,0.0,0.0,0.0,0.0010356279407002233,0.0010356279407002233,0.0010356279407002233,0.0010356279407002233,0.0010356279407002233
near_continuum_states,hybrid,9,1,0.012422383002948987,0.012422383002948987,0.012422383002948987,0.012422383002948987,0.012422383002948987,1.3339277288463502,1.3339277288463502,1.3339277288463502,1.3339277288463502,1.3339277288463502,0.032687592681897026,0.032687592681897026,0.032687592681897026,0.032687592681897026,0.032687592681897026,0.6408006325166549,0.6408006325166549,0.6408006325166549,0.6408006325166549,0.6408006325166549,1.2088583191254094,1.2088583191254094,1.2088583191254094,1.2088583191254094,1.2088583191254094,0.0,0.0,0.0,0.0,0.0,0.13676618837037388,0.13676618837037388,0.13676618837037388,0.13676618837037388,0.13676618837037388,0.9400487358457451,0.9400487358457451,0.9400487358457451,0.9400487358457451,0.9400487358457451,0.0,0.0,0.0,0.0,0.0,0.0006596942273273676,0.0006596942273273676,0.0006596942273273676,0.0006596942273273676,0.0006596942273273676
near_continuum_states,hybrid,10,1,0.018686729226175536,0.018686729226175536,0.018686729226175536,0.018686729226175536,0.018686729226175536,1.3134796450045376,1.3134796450045376,1.3134796450045376,1.3134796450045376,1.3134796450045376,0.03295483048157455,0.03295483048157455,0.03295483048157455,0.03295483048157455,0.03295483048157455,0.7084064193298837,0.7084064193298837,0.7084064193298837,0.7084064193298837,0.7084064193298837,1.022343957495944,1.022343957495944,1.022343957495944,1.022343957495944,1.022343957495944,0.0,0.0,0.0,0.0,0.0,0.1915768910659053,0.1915768910659053,0.1915768910659053,0.1915768910659053,0.1915768910659053,0.9400487358457451,0.9400487358457451,0.9400487358457451,0.9400487358457451,0.9400487358457451,0.0,0.0,0.0,0.0,0.0,0.00026723779967752215,0.00026723779967752215,0.00026723779967752215,0.00026723779967752215,0.00026723779967752215
near_continuum_states,initial_ritz,0,1,0.9135984284480523,0.9135984284480523,0.9135984284480523,0.9135984284480523,0.9135984284480523,0.3157633106493046,0.3157633106493046,0.3157633106493046,0.3157633106493046,0.3157633106493046,0.007387724235497828,0.007387724235497828,0.007387724235497828,0.007387724235497828,0.007387724235497828,0.6430625442020301,0.6430625442020301,0.6430625442020301,0.6430625442020301,0.6430625442020301,0.41592964400214744,0.41592964400214744,0.41592964400214744,0.41592964400214744,0.41592964400214744,0.0,0.0,0.0,0.0,0.0,,,,,,1.3817707365859633e-05,1.3817707365859633e-05,1.3817707365859633e-05,1.3817707365859633e-05,1.3817707365859633e-05,0.0,0.0,0.0,0.0,0.0,,,,,
near_continuum_states,initial_ritz,1,1,0.7725344062618026,0.7725344062618026,0.7725344062618026,0.7725344062618026,0.7725344062618026,0.5055713495293899,0.5055713495293899,0.5055713495293899,0.5055713495293899,0.5055713495293899,0.0060319299801567805,0.0060319299801567805,0.0060319299801567805,0.0060319299801567805,0.0060319299801567805,0.6947062189710439,0.6947062189710439,0.6947062189710439,0.6947062189710439,0.6947062189710439,0.7072936006746238,0.7072936006746238,0.7072936006746238,0.7072936006746238,0.7072936006746238,0.0,0.0,0.0,0.0,0.0,,,,,,1.3817707365859633e-05,1.3817707365859633e-05,1.3817707365859633e-05,1.3817707365859633e-05,1.3817707365859633e-05,0.0,0.0,0.0,0.0,0.0,0.0013557942553410474,0.0013557942553410474,0.0013557942553410474,0.0013557942553410474,0.0013557942553410474
near_continuum_states,initial_ritz,2,1,0.3636247532967869,0.3636247532967869,0.3636247532967869,0.3636247532967869,0.3636247532967869,0.8985967722462733,0.8985967722462733,0.8985967722462733,0.8985967722462733,0.8985967722462733,0.007403172202777419,0.007403172202777419,0.007403172202777419,0.007403172202777419,0.007403172202777419,0.6650120929409894,0.6650120929409894,0.6650120929409894,0.6650120929409894,0.6650120929409894,1.2489530371747106,1.2489530371747106,1.2489530371747106,1.2489530371747106,1.2489530371747106,0.0,0.0,0.0,0.0,0.0,,,,,,1.3817707365859633e-05,1.3817707365859633e-05,1.3817707365859633e-05,1.3817707365859633e-05,1.3817707365859633e-05,0.0,0.0,0.0,0.0,0.0,0.0013712422226206389,0.0013712422226206389,0.0013712422226206389,0.0013712422226206389,0.0013712422226206389
near_continuum_states,initial_ritz,3,1,0.24414454174820824,0.24414454174820824,0.24414454174820824,0.24414454174820824,0.24414454174820824,1.0092778691806046,1.0092778691806046,1.0092778691806046,1.0092778691806046,1.0092778691806046,0.003861124125112969,0.003861124125112969,0.003861124125112969,0.003861124125112969,0.003861124125112969,0.6595542854063431,0.6595542854063431,0.6595542854063431,0.6595542854063431,0.6595542854063431,1.1914850812696167,1.1914850812696167,1.1914850812696167,1.1914850812696167,1.1914850812696167,0.0,0.0,0.0,0.0,0.0,,,,,,1.3817707365859633e-05,1.3817707365859633e-05,1.3817707365859633e-05,1.3817707365859633e-05,1.3817707365859633e-05,0.0,0.0,0.0,0.0,0.0,0.0035420480776644503,0.0035420480776644503,0.0035420480776644503,0.0035420480776644503,0.0035420480776644503
near_continuum_states,initial_ritz,4,1,0.11683125102359455,0.11683125102359455,0.11683125102359455,0.11683125102359455,0.11683125102359455,1.1503371490721057,1.1503371490721057,1.1503371490721057,1.1503371490721057,1.1503371490721057,0.003342014198558285,0.003342014198558285,0.003342014198558285,0.003342014198558285,0.003342014198558285,0.8676031305668117,0.8676031305668117,0.8676031305668117,0.8676031305668117,0.8676031305668117,1.244394946708537,1.244394946708537,1.244394946708537,1.244394946708537,1.244394946708537,0.0,0.0,0.0,0.0,0.0,,,,,,1.3817707365859633e-05,1.3817707365859633e-05,1.3817707365859633e-05,1.3817707365859633e-05,1.3817707365859633e-05,0.0,0.0,0.0,0.0,0.0,0.0005191099265546839,0.0005191099265546839,0.0005191099265546839,0.0005191099265546839,0.0005191099265546839
near_continuum_states,initial_ritz,5,1,0.014576836340358272,0.014576836340358272,0.014576836340358272,0.014576836340358272,0.014576836340358272,1.3263758126967127,1.3263758126967127,1.3263758126967127,1.3263758126967127,1.3263758126967127,0.002995120094972048,0.002995120094972048,0.002995120094972048,0.002995120094972048,0.002995120094972048,0.8707345291340671,0.8707345291340671,0.8707345291340671,0.8707345291340671,0.8707345291340671,1.1924756964185064,1.1924756964185064,1.1924756964185064,1.1924756964185064,1.1924756964185064,0.0,0.0,0.0,0.0,0.0,,,,,,1.3817707365859633e-05,1.3817707365859633e-05,1.3817707365859633e-05,1.3817707365859633e-05,1.3817707365859633e-05,0.0,0.0,0.0,0.0,0.0,0.0003468941035862372,0.0003468941035862372,0.0003468941035862372,0.0003468941035862372,0.0003468941035862372
near_continuum_states,initial_ritz,6,1,0.0012365441858668725,0.0012365441858668725,0.0012365441858668725,0.0012365441858668725,0.0012365441858668725,1.383107269722576,1.383107269722576,1.383107269722576,1.383107269722576,1.383107269722576,0.002040372138842894,0.002040372138842894,0.002040372138842894,0.002040372138842894,0.002040372138842894,0.7567002123229609,0.7567002123229609,0.7567002123229609,0.7567002123229609,0.7567002123229609,1.0965890961511673,1.0965890961511673,1.0965890961511673,1.0965890961511673,1.0965890961511673,0.0,0.0,0.0,0.0,0.0,,,,,,1.3817707365859633e-05,1.3817707365859633e-05,1.3817707365859633e-05,1.3817707365859633e-05,1.3817707365859633e-05,0.0,0.0,0.0,0.0,0.0,0.0009547479561291539,0.0009547479561291539,0.0009547479561291539,0.0009547479561291539,0.0009547479561291539
near_continuum_states,initial_ritz,7,1,0.0003961827985892032,0.0003961827985892032,0.0003961827985892032,0.0003961827985892032,0.0003961827985892032,1.3946249081489501,1.3946249081489501,1.3946249081489501,1.3946249081489501,1.3946249081489501,0.0015799733144570283,0.0015799733144570283,0.0015799733144570283,0.0015799733144570283,0.0015799733144570283,0.8761674969765778,0.8761674969765778,0.8761674969765778,0.8761674969765778,0.8761674969765778,1.1051097430109462,1.1051097430109462,1.1051097430109462,1.1051097430109462,1.1051097430109462,0.0,0.0,0.0,0.0,0.0,,,,,,1.3817707365859633e-05,1.3817707365859633e-05,1.3817707365859633e-05,1.3817707365859633e-05,1.3817707365859633e-05,0.0,0.0,0.0,0.0,0.0,0.0004603988243858659,0.0004603988243858659,0.0004603988243858659,0.0004603988243858659,0.0004603988243858659
near_continuum_states,initial_ritz,8,1,0.0027595670992814035,0.0027595670992814035,0.0027595670992814035,0.0027595670992814035,0.0027595670992814035,1.3719262604675113,1.3719262604675113,1.3719262604675113,1.3719262604675113,1.3719262604675113,0.0012428601221214919,0.0012428601221214919,0.0012428601221214919,0.0012428601221214919,0.0012428601221214919,0.883766032392248,0.883766032392248,0.883766032392248,0.883766032392248,0.883766032392248,0.9932472344100022,0.9932472344100022,0.9932472344100022,0.9932472344100022,0.9932472344100022,0.0,0.0,0.0,0.0,0.0,,,,,,1.3817707365859633e-05,1.3817707365859633e-05,1.3817707365859633e-05,1.3817707365859633e-05,1.3817707365859633e-05,0.0,0.0,0.0,0.0,0.0,0.0003371131923355364,0.0003371131923355364,0.0003371131923355364,0.0003371131923355364,0.0003371131923355364
near_continuum_states,initial_ritz,9,1,0.0015909577872820985,0.0015909577872820985,0.0015909577872820985,0.0015909577872820985,0.0015909577872820985,1.3830202092614468,1.3830202092614468,1.3830202092614468,1.3830202092614468,1.3830202092614468,0.0015620771903273045,0.0015620771903273045,0.0015620771903273045,0.0015620771903273045,0.0015620771903273045,0.9342035459381172,0.9342035459381172,0.9342035459381172,0.9342035459381172,0.9342035459381172,1.0076442443208435,1.0076442443208435,1.0076442443208435,1.0076442443208435,1.0076442443208435,0.0,0.0,0.0,0.0,0.0,,,,,,1.3817707365859633e-05,1.3817707365859633e-05,1.3817707365859633e-05,1.3817707365859633e-05,1.3817707365859633e-05,0.0,0.0,0.0,0.0,0.0,0.00031921706820581264,0.00031921706820581264,0.00031921706820581264,0.00031921706820581264,0.00031921706820581264
near_continuum_states,initial_ritz,10,1,0.058516264576026183,0.058516264576026183,0.058516264576026183,0.058516264576026183,0.058516264576026183,1.233075797570409,1.233075797570409,1.233075797570409,1.233075797570409,1.233075797570409,0.0014134263238900768,0.0014134263238900768,0.0014134263238900768,0.0014134263238900768,0.0014134263238900768,0.9561732146916704,0.9561732146916704,0.9561732146916704,0.9561732146916704,0.9561732146916704,0.8786231952104848,0.8786231952104848,0.8786231952104848,0.8786231952104848,0.8786231952104848,0.0,0.0,0.0,0.0,0.0,,,,,,1.3817707365859633e-05,1.3817707365859633e-05,1.3817707365859633e-05,1.3817707365859633e-05,1.3817707365859633e-05,0.0,0.0,0.0,0.0,0.0,0.0001486508664372277,0.0001486508664372277,0.0001486508664372277,0.0001486508664372277,0.0001486508664372277
near_continuum_states,physics_selected,0,1,0.6332843990026713,0.6332843990026713,0.6332843990026713,0.6332843990026713,0.6332843990026713,0.6423211335362755,0.6423211335362755,0.6423211335362755,0.6423211335362755,0.6423211335362755,0.022473704531632777,0.022473704531632777,0.022473704531632777,0.022473704531632777,0.022473704531632777,0.5348429803959242,0.5348429803959242,0.5348429803959242,0.5348429803959242,0.5348429803959242,0.9129852689903833,0.9129852689903833,0.9129852689903833,0.9129852689903833,0.9129852689903833,1.0,1.0,1.0,1.0,1.0,0.0,0.0,0.0,0.0,0.0,0.9400487358457451,0.9400487358457451,0.9400487358457451,0.9400487358457451,0.9400487358457451,0.0,0.0,0.0,0.0,0.0,,,,,
near_continuum_states,physics_selected,1,1,0.5550491743583018,0.5550491743583018,0.5550491743583018,0.5550491743583018,0.5550491743583018,0.7237633184798189,0.7237633184798189,0.7237633184798189,0.7237633184798189,0.7237633184798189,0.000715463887093426,0.000715463887093426,0.000715463887093426,0.000715463887093426,0.000715463887093426,0.3899926392872323,0.3899926392872323,0.3899926392872323,0.3899926392872323,0.3899926392872323,0.5455638870166718,0.5455638870166718,0.5455638870166718,0.5455638870166718,0.5455638870166718,0.0,0.0,0.0,0.0,0.0,0.09801450812499315,0.09801450812499315,0.09801450812499315,0.09801450812499315,0.09801450812499315,0.9400487358457451,0.9400487358457451,0.9400487358457451,0.9400487358457451,0.9400487358457451,0.0,0.0,0.0,0.0,0.0,0.02175824064453935,0.02175824064453935,0.02175824064453935,0.02175824064453935,0.02175824064453935
near_continuum_states,physics_selected,2,1,0.022951012127703577,0.022951012127703577,0.022951012127703577,0.022951012127703577,0.022951012127703577,1.2955967897404772,1.2955967897404772,1.2955967897404772,1.2955967897404772,1.2955967897404772,0.012508988730240311,0.012508988730240311,0.012508988730240311,0.012508988730240311,0.012508988730240311,0.590743341436274,0.590743341436274,0.590743341436274,0.590743341436274,0.590743341436274,1.1768965188156304,1.1768965188156304,1.1768965188156304,1.1768965188156304,1.1768965188156304,0.0,0.0,0.0,0.0,0.0,0.07126099800988277,0.07126099800988277,0.07126099800988277,0.07126099800988277,0.07126099800988277,0.9400487358457451,0.9400487358457451,0.9400487358457451,0.9400487358457451,0.9400487358457451,0.0,0.0,0.0,0.0,0.0,0.013224452617333737,0.013224452617333737,0.013224452617333737,0.013224452617333737,0.013224452617333737
near_continuum_states,physics_selected,3,1,0.08809661510580126,0.08809661510580126,0.08809661510580126,0.08809661510580126,0.08809661510580126,1.1855580086726023,1.1855580086726023,1.1855580086726023,1.1855580086726023,1.1855580086726023,0.020019189956794303,0.020019189956794303,0.020019189956794303,0.020019189956794303,0.020019189956794303,0.6969818034927193,0.6969818034927193,0.6969818034927193,0.6969818034927193,0.6969818034927193,0.9240313012689927,0.9240313012689927,0.9240313012689927,0.9240313012689927,0.9240313012689927,0.0,0.0,0.0,0.0,0.0,0.06492149141749015,0.06492149141749015,0.06492149141749015,0.06492149141749015,0.06492149141749015,0.9400487358457451,0.9400487358457451,0.9400487358457451,0.9400487358457451,0.9400487358457451,0.0,0.0,0.0,0.0,0.0,0.007510201226553992,0.007510201226553992,0.007510201226553992,0.007510201226553992,0.007510201226553992
near_continuum_states,physics_selected,4,1,0.01461358962607912,0.01461358962607912,0.01461358962607912,0.01461358962607912,0.01461358962607912,1.3232952587972662,1.3232952587972662,1.3232952587972662,1.3232952587972662,1.3232952587972662,0.024607047046167896,0.024607047046167896,0.024607047046167896,0.024607047046167896,0.024607047046167896,0.7510234978618215,0.7510234978618215,0.7510234978618215,0.7510234978618215,0.7510234978618215,0.9125137519241374,0.9125137519241374,0.9125137519241374,0.9125137519241374,0.9125137519241374,0.0,0.0,0.0,0.0,0.0,0.07278293107372075,0.07278293107372075,0.07278293107372075,0.07278293107372075,0.07278293107372075,0.9400487358457451,0.9400487358457451,0.9400487358457451,0.9400487358457451,0.9400487358457451,0.0,0.0,0.0,0.0,0.0,0.004587857089373593,0.004587857089373593,0.004587857089373593,0.004587857089373593,0.004587857089373593
near_continuum_states,physics_selected,5,1,0.0031039884913556005,0.0031039884913556005,0.0031039884913556005,0.0031039884913556005,0.0031039884913556005,1.3711786503472931,1.3711786503472931,1.3711786503472931,1.3711786503472931,1.3711786503472931,0.02754738394741496,0.02754738394741496,0.02754738394741496,0.02754738394741496,0.02754738394741496,0.6721862560108948,0.6721862560108948,0.6721862560108948,0.6721862560108948,0.6721862560108948,0.9269218537429433,0.9269218537429433,0.9269218537429433,0.9269218537429433,0.9269218537429433,0.0,0.0,0.0,0.0,0.0,0.17802784360802396,0.17802784360802396,0.17802784360802396,0.17802784360802396,0.17802784360802396,0.9400487358457451,0.9400487358457451,0.9400487358457451,0.9400487358457451,0.9400487358457451,0.0,0.0,0.0,0.0,0.0,0.002940336901247065,0.002940336901247065,0.002940336901247065,0.002940336901247065,0.002940336901247065
near_continuum_states,physics_selected,6,1,0.002972406156091149,0.002972406156091149,0.002972406156091149,0.002972406156091149,0.002972406156091149,1.3727464934805023,1.3727464934805023,1.3727464934805023,1.3727464934805023,1.3727464934805023,0.029573517942801164,0.029573517942801164,0.029573517942801164,0.029573517942801164,0.029573517942801164,0.674079260380661,0.674079260380661,0.674079260380661,0.674079260380661,0.674079260380661,0.9945270472998551,0.9945270472998551,0.9945270472998551,0.9945270472998551,0.9945270472998551,0.0,0.0,0.0,0.0,0.0,0.15773951033081074,0.15773951033081074,0.15773951033081074,0.15773951033081074,0.15773951033081074,0.9400487358457451,0.9400487358457451,0.9400487358457451,0.9400487358457451,0.9400487358457451,0.0,0.0,0.0,0.0,0.0,0.0020261339953862034,0.0020261339953862034,0.0020261339953862034,0.0020261339953862034,0.0020261339953862034
near_continuum_states,physics_selected,7,1,0.012302620276737437,0.012302620276737437,0.012302620276737437,0.012302620276737437,0.012302620276737437,1.3334864475216657,1.3334864475216657,1.3334864475216657,1.3334864475216657,1.3334864475216657,0.030992270513869435,0.030992270513869435,0.030992270513869435,0.030992270513869435,0.030992270513869435,0.6687253973690268,0.6687253973690268,0.6687253973690268,0.6687253973690268,0.6687253973690268,1.1283431770143042,1.1283431770143042,1.1283431770143042,1.1283431770143042,1.1283431770143042,0.0,0.0,0.0,0.0,0.0,0.1530770462496071,0.1530770462496071,0.1530770462496071,0.1530770462496071,0.1530770462496071,0.9400487358457451,0.9400487358457451,0.9400487358457451,0.9400487358457451,0.9400487358457451,0.0,0.0,0.0,0.0,0.0,0.0014187525710682714,0.0014187525710682714,0.0014187525710682714,0.0014187525710682714,0.0014187525710682714
near_continuum_states,physics_selected,8,1,0.005054229779787274,0.005054229779787274,0.005054229779787274,0.005054229779787274,0.005054229779787274,1.362416919216683,1.362416919216683,1.362416919216683,1.362416919216683,1.362416919216683,0.03202789845456966,0.03202789845456966,0.03202789845456966,0.03202789845456966,0.03202789845456966,0.6212596681103206,0.6212596681103206,0.6212596681103206,0.6212596681103206,0.6212596681103206,1.1937034261826498,1.1937034261826498,1.1937034261826498,1.1937034261826498,1.1937034261826498,0.0,0.0,0.0,0.0,0.0,0.147313137133568,0.147313137133568,0.147313137133568,0.147313137133568,0.147313137133568,0.9400487358457451,0.9400487358457451,0.9400487358457451,0.9400487358457451,0.9400487358457451,0.0,0.0,0.0,0.0,0.0,0.0010356279407002233,0.0010356279407002233,0.0010356279407002233,0.0010356279407002233,0.0010356279407002233
near_continuum_states,physics_selected,9,1,0.012422383002948987,0.012422383002948987,0.012422383002948987,0.012422383002948987,0.012422383002948987,1.3339277288463502,1.3339277288463502,1.3339277288463502,1.3339277288463502,1.3339277288463502,0.032687592681897026,0.032687592681897026,0.032687592681897026,0.032687592681897026,0.032687592681897026,0.6408006325166549,0.6408006325166549,0.6408006325166549,0.6408006325166549,0.6408006325166549,1.2088583191254094,1.2088583191254094,1.2088583191254094,1.2088583191254094,1.2088583191254094,0.0,0.0,0.0,0.0,0.0,0.13676618837037388,0.13676618837037388,0.13676618837037388,0.13676618837037388,0.13676618837037388,0.9400487358457451,0.9400487358457451,0.9400487358457451,0.9400487358457451,0.9400487358457451,0.0,0.0,0.0,0.0,0.0,0.0006596942273273676,0.0006596942273273676,0.0006596942273273676,0.0006596942273273676,0.0006596942273273676
near_continuum_states,physics_selected,10,1,0.018686729226175536,0.018686729226175536,0.018686729226175536,0.018686729226175536,0.018686729226175536,1.3134796450045376,1.3134796450045376,1.3134796450045376,1.3134796450045376,1.3134796450045376,0.03295483048157455,0.03295483048157455,0.03295483048157455,0.03295483048157455,0.03295483048157455,0.7084064193298837,0.7084064193298837,0.7084064193298837,0.7084064193298837,0.7084064193298837,1.022343957495944,1.022343957495944,1.022343957495944,1.022343957495944,1.022343957495944,0.0,0.0,0.0,0.0,0.0,0.1915768910659053,0.1915768910659053,0.1915768910659053,0.1915768910659053,0.1915768910659053,0.9400487358457451,0.9400487358457451,0.9400487358457451,0.9400487358457451,0.9400487358457451,0.0,0.0,0.0,0.0,0.0,0.00026723779967752215,0.00026723779967752215,0.00026723779967752215,0.00026723779967752215,0.00026723779967752215
nonuniform_resolution,direct_topology,0,1,0.9926685392309027,0.9926685392309027,0.9926685392309027,0.9926685392309027,0.9926685392309027,0.14925602047502037,0.14925602047502037,0.14925602047502037,0.14925602047502037,0.14925602047502037,0.03757560581759667,0.03757560581759667,0.03757560581759667,0.03757560581759667,0.03757560581759667,0.20703499471532139,0.20703499471532139,0.20703499471532139,0.20703499471532139,0.20703499471532139,0.13516000072166748,0.13516000072166748,0.13516000072166748,0.13516000072166748,0.13516000072166748,1.0,1.0,1.0,1.0,1.0,0.0,0.0,0.0,0.0,0.0,0.10687240452961948,0.10687240452961948,0.10687240452961948,0.10687240452961948,0.10687240452961948,0.0,0.0,0.0,0.0,0.0,,,,,
nonuniform_resolution,direct_topology,1,1,0.9981909773527928,0.9981909773527928,0.9981909773527928,0.9981909773527928,0.9981909773527928,0.07561193380270295,0.07561193380270295,0.07561193380270295,0.07561193380270295,0.07561193380270295,0.04322652173151864,0.04322652173151864,0.04322652173151864,0.04322652173151864,0.04322652173151864,0.07331176073108833,0.07331176073108833,0.07331176073108833,0.07331176073108833,0.07331176073108833,0.05776299298466056,0.05776299298466056,0.05776299298466056,0.05776299298466056,0.05776299298466056,1.0,1.0,1.0,1.0,1.0,0.00028696116111001933,0.00028696116111001933,0.00028696116111001933,0.00028696116111001933,0.00028696116111001933,0.10687240452961948,0.10687240452961948,0.10687240452961948,0.10687240452961948,0.10687240452961948,0.0,0.0,0.0,0.0,0.0,0.005650915913921972,0.005650915913921972,0.005650915913921972,0.005650915913921972,0.005650915913921972
nonuniform_resolution,direct_topology,2,1,0.9951295688726973,0.9951295688726973,0.9951295688726973,0.9951295688726973,0.9951295688726973,0.08147841782775726,0.08147841782775726,0.08147841782775726,0.08147841782775726,0.08147841782775726,0.03746099497981081,0.03746099497981081,0.03746099497981081,0.03746099497981081,0.03746099497981081,0.05757694444104065,0.05757694444104065,0.05757694444104065,0.05757694444104065,0.05757694444104065,0.1140544897885154,0.1140544897885154,0.1140544897885154,0.1140544897885154,0.1140544897885154,1.0,1.0,1.0,1.0,1.0,0.0012651823067523105,0.0012651823067523105,0.0012651823067523105,0.0012651823067523105,0.0012651823067523105,0.10687240452961948,0.10687240452961948,0.10687240452961948,0.10687240452961948,0.10687240452961948,0.0,0.0,0.0,0.0,0.0,0.005765526751707828,0.005765526751707828,0.005765526751707828,0.005765526751707828,0.005765526751707828
nonuniform_resolution,direct_topology,3,1,0.9974738007902516,0.9974738007902516,0.9974738007902516,0.9974738007902516,0.9974738007902516,0.06949537529418819,0.06949537529418819,0.06949537529418819,0.06949537529418819,0.06949537529418819,0.39308409480314754,0.39308409480314754,0.39308409480314754,0.39308409480314754,0.39308409480314754,0.06804972201432793,0.06804972201432793,0.06804972201432793,0.06804972201432793,0.06804972201432793,0.07522231661267552,0.07522231661267552,0.07522231661267552,0.07522231661267552,0.07522231661267552,1.0,1.0,1.0,1.0,1.0,0.000525815930244899,0.000525815930244899,0.000525815930244899,0.000525815930244899,0.000525815930244899,0.10687240452961948,0.10687240452961948,0.10687240452961948,0.10687240452961948,0.10687240452961948,0.0,0.0,0.0,0.0,0.0,0.43054508978295836,0.43054508978295836,0.43054508978295836,0.43054508978295836,0.43054508978295836
nonuniform_resolution,direct_topology,4,1,0.998119753659095,0.998119753659095,0.998119753659095,0.998119753659095,0.998119753659095,0.06165535872176001,0.06165535872176001,0.06165535872176001,0.06165535872176001,0.06165535872176001,0.371961687263453,0.371961687263453,0.371961687263453,0.371961687263453,0.371961687263453,0.05400736931478264,0.05400736931478264,0.05400736931478264,0.05400736931478264,0.05400736931478264,0.0649039999169147,0.0649039999169147,0.0649039999169147,0.0649039999169147,0.0649039999169147,1.0,1.0,1.0,1.0,1.0,0.00023460509210963346,0.00023460509210963346,0.00023460509210963346,0.00023460509210963346,0.00023460509210963346,0.10687240452961948,0.10687240452961948,0.10687240452961948,0.10687240452961948,0.10687240452961948,0.0,0.0,0.0,0.0,0.0,0.02112240753969452,0.02112240753969452,0.02112240753969452,0.02112240753969452,0.02112240753969452
nonuniform_resolution,direct_topology,5,1,0.9967831446627795,0.9967831446627795,0.9967831446627795,0.9967831446627795,0.9967831446627795,0.061382952721916434,0.061382952721916434,0.061382952721916434,0.061382952721916434,0.061382952721916434,0.957439039319822,0.957439039319822,0.957439039319822,0.957439039319822,0.957439039319822,0.08816512913755127,0.08816512913755127,0.08816512913755127,0.08816512913755127,0.08816512913755127,0.09028877102196331,0.09028877102196331,0.09028877102196331,0.09028877102196331,0.09028877102196331,1.0,1.0,1.0,1.0,1.0,0.0006237889774369077,0.0006237889774369077,0.0006237889774369077,0.0006237889774369077,0.0006237889774369077,0.10687240452961948,0.10687240452961948,0.10687240452961948,0.10687240452961948,0.10687240452961948,0.0,0.0,0.0,0.0,0.0,0.585477352056369,0.585477352056369,0.585477352056369,0.585477352056369,0.585477352056369
nonuniform_resolution,direct_topology,6,1,0.9942208829972449,0.9942208829972449,0.9942208829972449,0.9942208829972449,0.9942208829972449,0.07714835873014446,0.07714835873014446,0.07714835873014446,0.07714835873014446,0.07714835873014446,0.641967005412897,0.641967005412897,0.641967005412897,0.641967005412897,0.641967005412897,0.057836855068454436,0.057836855068454436,0.057836855068454436,0.057836855068454436,0.057836855068454436,0.11461339922944269,0.11461339922944269,0.11461339922944269,0.11461339922944269,0.11461339922944269,1.0,1.0,1.0,1.0,1.0,0.0009403770830732505,0.0009403770830732505,0.0009403770830732505,0.0009403770830732505,0.0009403770830732505,0.10687240452961948,0.10687240452961948,0.10687240452961948,0.10687240452961948,0.10687240452961948,0.0,0.0,0.0,0.0,0.0,0.315472033906925,0.315472033906925,0.315472033906925,0.315472033906925,0.315472033906925
nonuniform_resolution,direct_topology,7,1,0.992369352306175,0.992369352306175,0.992369352306175,0.992369352306175,0.992369352306175,0.0917095554268655,0.0917095554268655,0.0917095554268655,0.0917095554268655,0.0917095554268655,1.2652736044060422,1.2652736044060422,1.2652736044060422,1.2652736044060422,1.2652736044060422,0.08553506543140758,0.08553506543140758,0.08553506543140758,0.08553506543140758,0.08553506543140758,0.13359037216352748,0.13359037216352748,0.13359037216352748,0.13359037216352748,0.13359037216352748,1.0,1.0,1.0,1.0,1.0,0.0008136804089733529,0.0008136804089733529,0.0008136804089733529,0.0008136804089733529,0.0008136804089733529,0.10687240452961948,0.10687240452961948,0.10687240452961948,0.10687240452961948,0.10687240452961948,0.0,0.0,0.0,0.0,0.0,0.6233065989931452,0.6233065989931452,0.6233065989931452,0.6233065989931452,0.6233065989931452
nonuniform_resolution,direct_topology,8,1,0.9957276866870127,0.9957276866870127,0.9957276866870127,0.9957276866870127,0.9957276866870127,0.07947584956274596,0.07947584956274596,0.07947584956274596,0.07947584956274596,0.07947584956274596,0.7391588842463168,0.7391588842463168,0.7391588842463168,0.7391588842463168,0.7391588842463168,0.04802655107611598,0.04802655107611598,0.04802655107611598,0.04802655107611598,0.04802655107611598,0.09707951359013113,0.09707951359013113,0.09707951359013113,0.09707951359013113,0.09707951359013113,1.0,1.0,1.0,1.0,1.0,0.0004691127880785371,0.0004691127880785371,0.0004691127880785371,0.0004691127880785371,0.0004691127880785371,0.10687240452961948,0.10687240452961948,0.10687240452961948,0.10687240452961948,0.10687240452961948,0.0,0.0,0.0,0.0,0.0,0.5261147201597254,0.5261147201597254,0.5261147201597254,0.5261147201597254,0.5261147201597254
nonuniform_resolution,direct_topology,9,1,0.9978821764188299,0.9978821764188299,0.9978821764188299,0.9978821764188299,0.9978821764188299,0.06280687076915176,0.06280687076915176,0.06280687076915176,0.06280687076915176,0.06280687076915176,1.1578507760052084,1.1578507760052084,1.1578507760052084,1.1578507760052084,1.1578507760052084,0.06216204179804744,0.06216204179804744,0.06216204179804744,0.06216204179804744,0.06216204179804744,0.06994997869115605,0.06994997869115605,0.06994997869115605,0.06994997869115605,0.06994997869115605,1.0,1.0,1.0,1.0,1.0,0.00030690697725445083,0.00030690697725445083,0.00030690697725445083,0.00030690697725445083,0.00030690697725445083,0.10687240452961948,0.10687240452961948,0.10687240452961948,0.10687240452961948,0.10687240452961948,0.0,0.0,0.0,0.0,0.0,0.41869189175889154,0.41869189175889154,0.41869189175889154,0.41869189175889154,0.41869189175889154
nonuniform_resolution,direct_topology,10,1,0.9897167915632367,0.9897167915632367,0.9897167915632367,0.9897167915632367,0.9897167915632367,0.12178947331366809,0.12178947331366809,0.12178947331366809,0.12178947331366809,0.12178947331366809,0.3856029408699513,0.3856029408699513,0.3856029408699513,0.3856029408699513,0.3856029408699513,0.02625304803501123,0.02625304803501123,0.02625304803501123,0.02625304803501123,0.02625304803501123,0.15865620157394544,0.15865620157394544,0.15865620157394544,0.15865620157394544,0.15865620157394544,1.0,1.0,1.0,1.0,1.0,0.0007652010127785208,0.0007652010127785208,0.0007652010127785208,0.0007652010127785208,0.0007652010127785208,0.10687240452961948,0.10687240452961948,0.10687240452961948,0.10687240452961948,0.10687240452961948,0.0,0.0,0.0,0.0,0.0,0.7722478351352571,0.7722478351352571,0.7722478351352571,0.7722478351352571,0.7722478351352571
nonuniform_resolution,hybrid,0,1,0.9926685392309027,0.9926685392309027,0.9926685392309027,0.9926685392309027,0.9926685392309027,0.14925602047502037,0.14925602047502037,0.14925602047502037,0.14925602047502037,0.14925602047502037,0.03757560581759667,0.03757560581759667,0.03757560581759667,0.03757560581759667,0.03757560581759667,0.20703499471532139,0.20703499471532139,0.20703499471532139,0.20703499471532139,0.20703499471532139,0.13516000072166748,0.13516000072166748,0.13516000072166748,0.13516000072166748,0.13516000072166748,1.0,1.0,1.0,1.0,1.0,0.0,0.0,0.0,0.0,0.0,0.10687240452961948,0.10687240452961948,0.10687240452961948,0.10687240452961948,0.10687240452961948,0.0,0.0,0.0,0.0,0.0,,,,,
nonuniform_resolution,hybrid,1,1,0.9981909773527928,0.9981909773527928,0.9981909773527928,0.9981909773527928,0.9981909773527928,0.07561193380270295,0.07561193380270295,0.07561193380270295,0.07561193380270295,0.07561193380270295,0.04322652173151864,0.04322652173151864,0.04322652173151864,0.04322652173151864,0.04322652173151864,0.07331176073108833,0.07331176073108833,0.07331176073108833,0.07331176073108833,0.07331176073108833,0.05776299298466056,0.05776299298466056,0.05776299298466056,0.05776299298466056,0.05776299298466056,1.0,1.0,1.0,1.0,1.0,0.00028696116111001933,0.00028696116111001933,0.00028696116111001933,0.00028696116111001933,0.00028696116111001933,0.10687240452961948,0.10687240452961948,0.10687240452961948,0.10687240452961948,0.10687240452961948,0.0,0.0,0.0,0.0,0.0,0.005650915913921972,0.005650915913921972,0.005650915913921972,0.005650915913921972,0.005650915913921972
nonuniform_resolution,hybrid,2,1,0.9951295688726973,0.9951295688726973,0.9951295688726973,0.9951295688726973,0.9951295688726973,0.08147841782775726,0.08147841782775726,0.08147841782775726,0.08147841782775726,0.08147841782775726,0.03746099497981081,0.03746099497981081,0.03746099497981081,0.03746099497981081,0.03746099497981081,0.05757694444104065,0.05757694444104065,0.05757694444104065,0.05757694444104065,0.05757694444104065,0.1140544897885154,0.1140544897885154,0.1140544897885154,0.1140544897885154,0.1140544897885154,1.0,1.0,1.0,1.0,1.0,0.0012651823067523105,0.0012651823067523105,0.0012651823067523105,0.0012651823067523105,0.0012651823067523105,0.10687240452961948,0.10687240452961948,0.10687240452961948,0.10687240452961948,0.10687240452961948,0.0,0.0,0.0,0.0,0.0,0.005765526751707828,0.005765526751707828,0.005765526751707828,0.005765526751707828,0.005765526751707828
nonuniform_resolution,hybrid,3,1,0.9974738007902516,0.9974738007902516,0.9974738007902516,0.9974738007902516,0.9974738007902516,0.06949537529418819,0.06949537529418819,0.06949537529418819,0.06949537529418819,0.06949537529418819,0.39308409480314754,0.39308409480314754,0.39308409480314754,0.39308409480314754,0.39308409480314754,0.06804972201432793,0.06804972201432793,0.06804972201432793,0.06804972201432793,0.06804972201432793,0.07522231661267552,0.07522231661267552,0.07522231661267552,0.07522231661267552,0.07522231661267552,1.0,1.0,1.0,1.0,1.0,0.000525815930244899,0.000525815930244899,0.000525815930244899,0.000525815930244899,0.000525815930244899,0.10687240452961948,0.10687240452961948,0.10687240452961948,0.10687240452961948,0.10687240452961948,0.0,0.0,0.0,0.0,0.0,0.43054508978295836,0.43054508978295836,0.43054508978295836,0.43054508978295836,0.43054508978295836
nonuniform_resolution,hybrid,4,1,0.998119753659095,0.998119753659095,0.998119753659095,0.998119753659095,0.998119753659095,0.06165535872176001,0.06165535872176001,0.06165535872176001,0.06165535872176001,0.06165535872176001,0.371961687263453,0.371961687263453,0.371961687263453,0.371961687263453,0.371961687263453,0.05400736931478264,0.05400736931478264,0.05400736931478264,0.05400736931478264,0.05400736931478264,0.0649039999169147,0.0649039999169147,0.0649039999169147,0.0649039999169147,0.0649039999169147,1.0,1.0,1.0,1.0,1.0,0.00023460509210963346,0.00023460509210963346,0.00023460509210963346,0.00023460509210963346,0.00023460509210963346,0.10687240452961948,0.10687240452961948,0.10687240452961948,0.10687240452961948,0.10687240452961948,0.0,0.0,0.0,0.0,0.0,0.02112240753969452,0.02112240753969452,0.02112240753969452,0.02112240753969452,0.02112240753969452
nonuniform_resolution,hybrid,5,1,0.9967831446627795,0.9967831446627795,0.9967831446627795,0.9967831446627795,0.9967831446627795,0.061382952721916434,0.061382952721916434,0.061382952721916434,0.061382952721916434,0.061382952721916434,0.957439039319822,0.957439039319822,0.957439039319822,0.957439039319822,0.957439039319822,0.08816512913755127,0.08816512913755127,0.08816512913755127,0.08816512913755127,0.08816512913755127,0.09028877102196331,0.09028877102196331,0.09028877102196331,0.09028877102196331,0.09028877102196331,1.0,1.0,1.0,1.0,1.0,0.0006237889774369077,0.0006237889774369077,0.0006237889774369077,0.0006237889774369077,0.0006237889774369077,0.10687240452961948,0.10687240452961948,0.10687240452961948,0.10687240452961948,0.10687240452961948,0.0,0.0,0.0,0.0,0.0,0.585477352056369,0.585477352056369,0.585477352056369,0.585477352056369,0.585477352056369
nonuniform_resolution,hybrid,6,1,0.9942208829972449,0.9942208829972449,0.9942208829972449,0.9942208829972449,0.9942208829972449,0.07714835873014446,0.07714835873014446,0.07714835873014446,0.07714835873014446,0.07714835873014446,0.641967005412897,0.641967005412897,0.641967005412897,0.641967005412897,0.641967005412897,0.057836855068454436,0.057836855068454436,0.057836855068454436,0.057836855068454436,0.057836855068454436,0.11461339922944269,0.11461339922944269,0.11461339922944269,0.11461339922944269,0.11461339922944269,1.0,1.0,1.0,1.0,1.0,0.0009403770830732505,0.0009403770830732505,0.0009403770830732505,0.0009403770830732505,0.0009403770830732505,0.10687240452961948,0.10687240452961948,0.10687240452961948,0.10687240452961948,0.10687240452961948,0.0,0.0,0.0,0.0,0.0,0.315472033906925,0.315472033906925,0.315472033906925,0.315472033906925,0.315472033906925
nonuniform_resolution,hybrid,7,1,0.992369352306175,0.992369352306175,0.992369352306175,0.992369352306175,0.992369352306175,0.0917095554268655,0.0917095554268655,0.0917095554268655,0.0917095554268655,0.0917095554268655,1.2652736044060422,1.2652736044060422,1.2652736044060422,1.2652736044060422,1.2652736044060422,0.08553506543140758,0.08553506543140758,0.08553506543140758,0.08553506543140758,0.08553506543140758,0.13359037216352748,0.13359037216352748,0.13359037216352748,0.13359037216352748,0.13359037216352748,1.0,1.0,1.0,1.0,1.0,0.0008136804089733529,0.0008136804089733529,0.0008136804089733529,0.0008136804089733529,0.0008136804089733529,0.10687240452961948,0.10687240452961948,0.10687240452961948,0.10687240452961948,0.10687240452961948,0.0,0.0,0.0,0.0,0.0,0.6233065989931452,0.6233065989931452,0.6233065989931452,0.6233065989931452,0.6233065989931452
nonuniform_resolution,hybrid,8,1,0.9957276866870127,0.9957276866870127,0.9957276866870127,0.9957276866870127,0.9957276866870127,0.07947584956274596,0.07947584956274596,0.07947584956274596,0.07947584956274596,0.07947584956274596,0.7391588842463168,0.7391588842463168,0.7391588842463168,0.7391588842463168,0.7391588842463168,0.04802655107611598,0.04802655107611598,0.04802655107611598,0.04802655107611598,0.04802655107611598,0.09707951359013113,0.09707951359013113,0.09707951359013113,0.09707951359013113,0.09707951359013113,1.0,1.0,1.0,1.0,1.0,0.0004691127880785371,0.0004691127880785371,0.0004691127880785371,0.0004691127880785371,0.0004691127880785371,0.10687240452961948,0.10687240452961948,0.10687240452961948,0.10687240452961948,0.10687240452961948,0.0,0.0,0.0,0.0,0.0,0.5261147201597254,0.5261147201597254,0.5261147201597254,0.5261147201597254,0.5261147201597254
nonuniform_resolution,hybrid,9,1,0.9978821764188299,0.9978821764188299,0.9978821764188299,0.9978821764188299,0.9978821764188299,0.06280687076915176,0.06280687076915176,0.06280687076915176,0.06280687076915176,0.06280687076915176,1.1578507760052084,1.1578507760052084,1.1578507760052084,1.1578507760052084,1.1578507760052084,0.06216204179804744,0.06216204179804744,0.06216204179804744,0.06216204179804744,0.06216204179804744,0.06994997869115605,0.06994997869115605,0.06994997869115605,0.06994997869115605,0.06994997869115605,1.0,1.0,1.0,1.0,1.0,0.00030690697725445083,0.00030690697725445083,0.00030690697725445083,0.00030690697725445083,0.00030690697725445083,0.10687240452961948,0.10687240452961948,0.10687240452961948,0.10687240452961948,0.10687240452961948,0.0,0.0,0.0,0.0,0.0,0.41869189175889154,0.41869189175889154,0.41869189175889154,0.41869189175889154,0.41869189175889154
nonuniform_resolution,hybrid,10,1,0.9897167915632367,0.9897167915632367,0.9897167915632367,0.9897167915632367,0.9897167915632367,0.12178947331366809,0.12178947331366809,0.12178947331366809,0.12178947331366809,0.12178947331366809,0.3856029408699513,0.3856029408699513,0.3856029408699513,0.3856029408699513,0.3856029408699513,0.02625304803501123,0.02625304803501123,0.02625304803501123,0.02625304803501123,0.02625304803501123,0.15865620157394544,0.15865620157394544,0.15865620157394544,0.15865620157394544,0.15865620157394544,1.0,1.0,1.0,1.0,1.0,0.0007652010127785208,0.0007652010127785208,0.0007652010127785208,0.0007652010127785208,0.0007652010127785208,0.10687240452961948,0.10687240452961948,0.10687240452961948,0.10687240452961948,0.10687240452961948,0.0,0.0,0.0,0.0,0.0,0.7722478351352571,0.7722478351352571,0.7722478351352571,0.7722478351352571,0.7722478351352571
nonuniform_resolution,initial_ritz,0,1,0.9999821739973741,0.9999821739973741,0.9999821739973741,0.9999821739973741,0.9999821739973741,0.017302051567584926,0.017302051567584926,0.017302051567584926,0.017302051567584926,0.017302051567584926,3.930620391612294e-06,3.930620391612294e-06,3.930620391612294e-06,3.930620391612294e-06,3.930620391612294e-06,0.06906437096297229,0.06906437096297229,0.06906437096297229,0.06906437096297229,0.06906437096297229,0.003720089425189641,0.003720089425189641,0.003720089425189641,0.003720089425189641,0.003720089425189641,1.0,1.0,1.0,1.0,1.0,,,,,,1.3021757162556824e-06,1.3021757162556824e-06,1.3021757162556824e-06,1.3021757162556824e-06,1.3021757162556824e-06,0.0,0.0,0.0,0.0,0.0,,,,,
nonuniform_resolution,initial_ritz,1,1,0.9999565530314689,0.9999565530314689,0.9999565530314689,0.9999565530314689,0.9999565530314689,0.019825810845991793,0.019825810845991793,0.019825810845991793,0.019825810845991793,0.019825810845991793,0.0006006176482666881,0.0006006176482666881,0.0006006176482666881,0.0006006176482666881,0.0006006176482666881,0.03315391028094599,0.03315391028094599,0.03315391028094599,0.03315391028094599,0.03315391028094599,0.00515261465535425,0.00515261465535425,0.00515261465535425,0.00515261465535425,0.00515261465535425,0.0,0.0,0.0,0.0,0.0,,,,,,1.3021757162556824e-06,1.3021757162556824e-06,1.3021757162556824e-06,1.3021757162556824e-06,1.3021757162556824e-06,0.0,0.0,0.0,0.0,0.0,0.0006045482686583004,0.0006045482686583004,0.0006045482686583004,0.0006045482686583004,0.0006045482686583004
nonuniform_resolution,initial_ritz,2,1,0.9997689114638123,0.9997689114638123,0.9997689114638123,0.9997689114638123,0.9997689114638123,0.037623155498455955,0.037623155498455955,0.037623155498455955,0.037623155498455955,0.037623155498455955,0.000533771774244407,0.000533771774244407,0.000533771774244407,0.000533771774244407,0.000533771774244407,0.03653309811328854,0.03653309811328854,0.03653309811328854,0.03653309811328854,0.03653309811328854,0.019855315874099694,0.019855315874099694,0.019855315874099694,0.019855315874099694,0.019855315874099694,1.0,1.0,1.0,1.0,1.0,,,,,,1.3021757162556824e-06,1.3021757162556824e-06,1.3021757162556824e-06,1.3021757162556824e-06,1.3021757162556824e-06,0.0,0.0,0.0,0.0,0.0,6.684587402228104e-05,6.684587402228104e-05,6.684587402228104e-05,6.684587402228104e-05,6.684587402228104e-05
nonuniform_resolution,initial_ritz,3,1,0.999613875122857,0.999613875122857,0.999613875122857,0.999613875122857,0.999613875122857,0.04359157714469287,0.04359157714469287,0.04359157714469287,0.04359157714469287,0.04359157714469287,0.001685096938795816,0.001685096938795816,0.001685096938795816,0.001685096938795816,0.001685096938795816,0.03451414729203042,0.03451414729203042,0.03451414729203042,0.03451414729203042,0.03451414729203042,0.02675894473362907,0.02675894473362907,0.02675894473362907,0.02675894473362907,0.02675894473362907,1.0,1.0,1.0,1.0,1.0,5.016260851903291e-05,5.016260851903291e-05,5.016260851903291e-05,5.016260851903291e-05,5.016260851903291e-05,1.3021757162556824e-06,1.3021757162556824e-06,1.3021757162556824e-06,1.3021757162556824e-06,1.3021757162556824e-06,0.0,0.0,0.0,0.0,0.0,0.0011513251645514089,0.0011513251645514089,0.0011513251645514089,0.0011513251645514089,0.0011513251645514089
nonuniform_resolution,initial_ritz,4,1,0.9993195285261115,0.9993195285261115,0.9993195285261115,0.9993195285261115,0.9993195285261115,0.052636680046260896,0.052636680046260896,0.052636680046260896,0.052636680046260896,0.052636680046260896,0.0030149477157950244,0.0030149477157950244,0.0030149477157950244,0.0030149477157950244,0.0030149477157950244,0.03270029282388642,0.03270029282388642,0.03270029282388642,0.03270029282388642,0.03270029282388642,0.0390051494709019,0.0390051494709019,0.0390051494709019,0.0390051494709019,0.0390051494709019,1.0,1.0,1.0,1.0,1.0,0.00025319646273316837,0.00025319646273316837,0.00025319646273316837,0.00025319646273316837,0.00025319646273316837,1.3021757162556824e-06,1.3021757162556824e-06,1.3021757162556824e-06,1.3021757162556824e-06,1.3021757162556824e-06,0.0,0.0,0.0,0.0,0.0,0.0013298507769992085,0.0013298507769992085,0.0013298507769992085,0.0013298507769992085,0.0013298507769992085
nonuniform_resolution,initial_ritz,5,1,0.998900092657237,0.998900092657237,0.998900092657237,0.998900092657237,0.998900092657237,0.0509093080431822,0.0509093080431822,0.0509093080431822,0.0509093080431822,0.0509093080431822,0.005558397203615506,0.005558397203615506,0.005558397203615506,0.005558397203615506,0.005558397203615506,0.02813288258400747,0.02813288258400747,0.02813288258400747,0.02813288258400747,0.02813288258400747,0.03589958452115099,0.03589958452115099,0.03589958452115099,0.03589958452115099,0.03589958452115099,1.0,1.0,1.0,1.0,1.0,0.000191898405771963,0.000191898405771963,0.000191898405771963,0.000191898405771963,0.000191898405771963,1.3021757162556824e-06,1.3021757162556824e-06,1.3021757162556824e-06,1.3021757162556824e-06,1.3021757162556824e-06,0.0,0.0,0.0,0.0,0.0,0.0025434494878204816,0.0025434494878204816,0.0025434494878204816,0.0025434494878204816,0.0025434494878204816
nonuniform_resolution,initial_ritz,6,1,0.9986709974448926,0.9986709974448926,0.9986709974448926,0.9986709974448926,0.9986709974448926,0.05011489064097797,0.05011489064097797,0.05011489064097797,0.05011489064097797,0.05011489064097797,0.010060601551214354,0.010060601551214354,0.010060601551214354,0.010060601551214354,0.010060601551214354,0.025933168042189814,0.025933168042189814,0.025933168042189814,0.025933168042189814,0.025933168042189814,0.035058179758243664,0.035058179758243664,0.035058179758243664,0.035058179758243664,0.035058179758243664,1.0,1.0,1.0,1.0,1.0,,,,,,1.3021757162556824e-06,1.3021757162556824e-06,1.3021757162556824e-06,1.3021757162556824e-06,1.3021757162556824e-06,0.0,0.0,0.0,0.0,0.0,0.004502204347598848,0.004502204347598848,0.004502204347598848,0.004502204347598848,0.004502204347598848
nonuniform_resolution,initial_ritz,7,1,0.9987438370028899,0.9987438370028899,0.9987438370028899,0.9987438370028899,0.9987438370028899,0.051408065303473714,0.051408065303473714,0.051408065303473714,0.051408065303473714,0.051408065303473714,0.015902962671594523,0.015902962671594523,0.015902962671594523,0.015902962671594523,0.015902962671594523,0.025429951445787292,0.025429951445787292,0.025429951445787292,0.025429951445787292,0.025429951445787292,0.0389478198942785,0.0389478198942785,0.0389478198942785,0.0389478198942785,0.0389478198942785,1.0,1.0,1.0,1.0,1.0,,,,,,1.3021757162556824e-06,1.3021757162556824e-06,1.3021757162556824e-06,1.3021757162556824e-06,1.3021757162556824e-06,0.0,0.0,0.0,0.0,0.0,0.005842361120380168,0.005842361120380168,0.005842361120380168,0.005842361120380168,0.005842361120380168
nonuniform_resolution,initial_ritz,8,1,0.9984818793850807,0.9984818793850807,0.9984818793850807,0.9984818793850807,0.9984818793850807,0.04978641435814944,0.04978641435814944,0.04978641435814944,0.04978641435814944,0.04978641435814944,0.023756727020773027,0.023756727020773027,0.023756727020773027,0.023756727020773027,0.023756727020773027,0.021015620172502383,0.021015620172502383,0.021015620172502383,0.021015620172502383,0.021015620172502383,0.03947073962229131,0.03947073962229131,0.03947073962229131,0.03947073962229131,0.03947073962229131,1.0,1.0,1.0,1.0,1.0,0.0002952467553398161,0.0002952467553398161,0.0002952467553398161,0.0002952467553398161,0.0002952467553398161,1.3021757162556824e-06,1.3021757162556824e-06,1.3021757162556824e-06,1.3021757162556824e-06,1.3021757162556824e-06,0.0,0.0,0.0,0.0,0.0,0.007853764349178505,0.007853764349178505,0.007853764349178505,0.007853764349178505,0.007853764349178505
nonuniform_resolution,initial_ritz,9,1,0.9984136662230394,0.9984136662230394,0.9984136662230394,0.9984136662230394,0.9984136662230394,0.059647065536368706,0.059647065536368706,0.059647065536368706,0.059647065536368706,0.059647065536368706,0.03243109197574867,0.03243109197574867,0.03243109197574867,0.03243109197574867,0.03243109197574867,0.016862470746839765,0.016862470746839765,0.016862470746839765,0.016862470746839765,0.016862470746839765,0.05528604455892638,0.05528604455892638,0.05528604455892638,0.05528604455892638,0.05528604455892638,1.0,1.0,1.0,1.0,1.0,0.000375168555255251,0.000375168555255251,0.000375168555255251,0.000375168555255251,0.000375168555255251,1.3021757162556824e-06,1.3021757162556824e-06,1.3021757162556824e-06,1.3021757162556824e-06,1.3021757162556824e-06,0.0,0.0,0.0,0.0,0.0,0.008674364954975644,0.008674364954975644,0.008674364954975644,0.008674364954975644,0.008674364954975644
nonuniform_resolution,initial_ritz,10,1,0.9944995520837624,0.9944995520837624,0.9944995520837624,0.9944995520837624,0.9944995520837624,0.10480292478390904,0.10480292478390904,0.10480292478390904,0.10480292478390904,0.10480292478390904,0.02993870799479481,0.02993870799479481,0.02993870799479481,0.02993870799479481,0.02993870799479481,0.017546650691516247,0.017546650691516247,0.017546650691516247,0.017546650691516247,0.017546650691516247,0.10467176038552445,0.10467176038552445,0.10467176038552445,0.10467176038552445,0.10467176038552445,1.0,1.0,1.0,1.0,1.0,0.0007897539707900559,0.0007897539707900559,0.0007897539707900559,0.0007897539707900559,0.0007897539707900559,1.3021757162556824e-06,1.3021757162556824e-06,1.3021757162556824e-06,1.3021757162556824e-06,1.3021757162556824e-06,0.0,0.0,0.0,0.0,0.0,0.0024923839809538606,0.0024923839809538606,0.0024923839809538606,0.0024923839809538606,0.0024923839809538606
nonuniform_resolution,physics_selected,0,1,0.9926685392309027,0.9926685392309027,0.9926685392309027,0.9926685392309027,0.9926685392309027,0.14925602047502037,0.14925602047502037,0.14925602047502037,0.14925602047502037,0.14925602047502037,0.03757560581759667,0.03757560581759667,0.03757560581759667,0.03757560581759667,0.03757560581759667,0.20703499471532139,0.20703499471532139,0.20703499471532139,0.20703499471532139,0.20703499471532139,0.13516000072166748,0.13516000072166748,0.13516000072166748,0.13516000072166748,0.13516000072166748,1.0,1.0,1.0,1.0,1.0,0.0,0.0,0.0,0.0,0.0,0.10687240452961948,0.10687240452961948,0.10687240452961948,0.10687240452961948,0.10687240452961948,0.0,0.0,0.0,0.0,0.0,,,,,
nonuniform_resolution,physics_selected,1,1,0.9981909773527928,0.9981909773527928,0.9981909773527928,0.9981909773527928,0.9981909773527928,0.07561193380270295,0.07561193380270295,0.07561193380270295,0.07561193380270295,0.07561193380270295,0.04322652173151864,0.04322652173151864,0.04322652173151864,0.04322652173151864,0.04322652173151864,0.07331176073108833,0.07331176073108833,0.07331176073108833,0.07331176073108833,0.07331176073108833,0.05776299298466056,0.05776299298466056,0.05776299298466056,0.05776299298466056,0.05776299298466056,1.0,1.0,1.0,1.0,1.0,0.00028696116111001933,0.00028696116111001933,0.00028696116111001933,0.00028696116111001933,0.00028696116111001933,0.10687240452961948,0.10687240452961948,0.10687240452961948,0.10687240452961948,0.10687240452961948,0.0,0.0,0.0,0.0,0.0,0.005650915913921972,0.005650915913921972,0.005650915913921972,0.005650915913921972,0.005650915913921972
nonuniform_resolution,physics_selected,2,1,0.9951295688726973,0.9951295688726973,0.9951295688726973,0.9951295688726973,0.9951295688726973,0.08147841782775726,0.08147841782775726,0.08147841782775726,0.08147841782775726,0.08147841782775726,0.03746099497981081,0.03746099497981081,0.03746099497981081,0.03746099497981081,0.03746099497981081,0.05757694444104065,0.05757694444104065,0.05757694444104065,0.05757694444104065,0.05757694444104065,0.1140544897885154,0.1140544897885154,0.1140544897885154,0.1140544897885154,0.1140544897885154,1.0,1.0,1.0,1.0,1.0,0.0012651823067523105,0.0012651823067523105,0.0012651823067523105,0.0012651823067523105,0.0012651823067523105,0.10687240452961948,0.10687240452961948,0.10687240452961948,0.10687240452961948,0.10687240452961948,0.0,0.0,0.0,0.0,0.0,0.005765526751707828,0.005765526751707828,0.005765526751707828,0.005765526751707828,0.005765526751707828
nonuniform_resolution,physics_selected,3,1,0.9974738007902516,0.9974738007902516,0.9974738007902516,0.9974738007902516,0.9974738007902516,0.06949537529418819,0.06949537529418819,0.06949537529418819,0.06949537529418819,0.06949537529418819,0.39308409480314754,0.39308409480314754,0.39308409480314754,0.39308409480314754,0.39308409480314754,0.06804972201432793,0.06804972201432793,0.06804972201432793,0.06804972201432793,0.06804972201432793,0.07522231661267552,0.07522231661267552,0.07522231661267552,0.07522231661267552,0.07522231661267552,1.0,1.0,1.0,1.0,1.0,0.000525815930244899,0.000525815930244899,0.000525815930244899,0.000525815930244899,0.000525815930244899,0.10687240452961948,0.10687240452961948,0.10687240452961948,0.10687240452961948,0.10687240452961948,0.0,0.0,0.0,0.0,0.0,0.43054508978295836,0.43054508978295836,0.43054508978295836,0.43054508978295836,0.43054508978295836
nonuniform_resolution,physics_selected,4,1,0.998119753659095,0.998119753659095,0.998119753659095,0.998119753659095,0.998119753659095,0.06165535872176001,0.06165535872176001,0.06165535872176001,0.06165535872176001,0.06165535872176001,0.371961687263453,0.371961687263453,0.371961687263453,0.371961687263453,0.371961687263453,0.05400736931478264,0.05400736931478264,0.05400736931478264,0.05400736931478264,0.05400736931478264,0.0649039999169147,0.0649039999169147,0.0649039999169147,0.0649039999169147,0.0649039999169147,1.0,1.0,1.0,1.0,1.0,0.00023460509210963346,0.00023460509210963346,0.00023460509210963346,0.00023460509210963346,0.00023460509210963346,0.10687240452961948,0.10687240452961948,0.10687240452961948,0.10687240452961948,0.10687240452961948,0.0,0.0,0.0,0.0,0.0,0.02112240753969452,0.02112240753969452,0.02112240753969452,0.02112240753969452,0.02112240753969452
nonuniform_resolution,physics_selected,5,1,0.9967831446627795,0.9967831446627795,0.9967831446627795,0.9967831446627795,0.9967831446627795,0.061382952721916434,0.061382952721916434,0.061382952721916434,0.061382952721916434,0.061382952721916434,0.957439039319822,0.957439039319822,0.957439039319822,0.957439039319822,0.957439039319822,0.08816512913755127,0.08816512913755127,0.08816512913755127,0.08816512913755127,0.08816512913755127,0.09028877102196331,0.09028877102196331,0.09028877102196331,0.09028877102196331,0.09028877102196331,1.0,1.0,1.0,1.0,1.0,0.0006237889774369077,0.0006237889774369077,0.0006237889774369077,0.0006237889774369077,0.0006237889774369077,0.10687240452961948,0.10687240452961948,0.10687240452961948,0.10687240452961948,0.10687240452961948,0.0,0.0,0.0,0.0,0.0,0.585477352056369,0.585477352056369,0.585477352056369,0.585477352056369,0.585477352056369
nonuniform_resolution,physics_selected,6,1,0.9942208829972449,0.9942208829972449,0.9942208829972449,0.9942208829972449,0.9942208829972449,0.07714835873014446,0.07714835873014446,0.07714835873014446,0.07714835873014446,0.07714835873014446,0.641967005412897,0.641967005412897,0.641967005412897,0.641967005412897,0.641967005412897,0.057836855068454436,0.057836855068454436,0.057836855068454436,0.057836855068454436,0.057836855068454436,0.11461339922944269,0.11461339922944269,0.11461339922944269,0.11461339922944269,0.11461339922944269,1.0,1.0,1.0,1.0,1.0,0.0009403770830732505,0.0009403770830732505,0.0009403770830732505,0.0009403770830732505,0.0009403770830732505,0.10687240452961948,0.10687240452961948,0.10687240452961948,0.10687240452961948,0.10687240452961948,0.0,0.0,0.0,0.0,0.0,0.315472033906925,0.315472033906925,0.315472033906925,0.315472033906925,0.315472033906925
nonuniform_resolution,physics_selected,7,1,0.992369352306175,0.992369352306175,0.992369352306175,0.992369352306175,0.992369352306175,0.0917095554268655,0.0917095554268655,0.0917095554268655,0.0917095554268655,0.0917095554268655,1.2652736044060422,1.2652736044060422,1.2652736044060422,1.2652736044060422,1.2652736044060422,0.08553506543140758,0.08553506543140758,0.08553506543140758,0.08553506543140758,0.08553506543140758,0.13359037216352748,0.13359037216352748,0.13359037216352748,0.13359037216352748,0.13359037216352748,1.0,1.0,1.0,1.0,1.0,0.0008136804089733529,0.0008136804089733529,0.0008136804089733529,0.0008136804089733529,0.0008136804089733529,0.10687240452961948,0.10687240452961948,0.10687240452961948,0.10687240452961948,0.10687240452961948,0.0,0.0,0.0,0.0,0.0,0.6233065989931452,0.6233065989931452,0.6233065989931452,0.6233065989931452,0.6233065989931452
nonuniform_resolution,physics_selected,8,1,0.9957276866870127,0.9957276866870127,0.9957276866870127,0.9957276866870127,0.9957276866870127,0.07947584956274596,0.07947584956274596,0.07947584956274596,0.07947584956274596,0.07947584956274596,0.7391588842463168,0.7391588842463168,0.7391588842463168,0.7391588842463168,0.7391588842463168,0.04802655107611598,0.04802655107611598,0.04802655107611598,0.04802655107611598,0.04802655107611598,0.09707951359013113,0.09707951359013113,0.09707951359013113,0.09707951359013113,0.09707951359013113,1.0,1.0,1.0,1.0,1.0,0.0004691127880785371,0.0004691127880785371,0.0004691127880785371,0.0004691127880785371,0.0004691127880785371,0.10687240452961948,0.10687240452961948,0.10687240452961948,0.10687240452961948,0.10687240452961948,0.0,0.0,0.0,0.0,0.0,0.5261147201597254,0.5261147201597254,0.5261147201597254,0.5261147201597254,0.5261147201597254
nonuniform_resolution,physics_selected,9,1,0.9978821764188299,0.9978821764188299,0.9978821764188299,0.9978821764188299,0.9978821764188299,0.06280687076915176,0.06280687076915176,0.06280687076915176,0.06280687076915176,0.06280687076915176,1.1578507760052084,1.1578507760052084,1.1578507760052084,1.1578507760052084,1.1578507760052084,0.06216204179804744,0.06216204179804744,0.06216204179804744,0.06216204179804744,0.06216204179804744,0.06994997869115605,0.06994997869115605,0.06994997869115605,0.06994997869115605,0.06994997869115605,1.0,1.0,1.0,1.0,1.0,0.00030690697725445083,0.00030690697725445083,0.00030690697725445083,0.00030690697725445083,0.00030690697725445083,0.10687240452961948,0.10687240452961948,0.10687240452961948,0.10687240452961948,0.10687240452961948,0.0,0.0,0.0,0.0,0.0,0.41869189175889154,0.41869189175889154,0.41869189175889154,0.41869189175889154,0.41869189175889154
nonuniform_resolution,physics_selected,10,1,0.9897167915632367,0.9897167915632367,0.9897167915632367,0.9897167915632367,0.9897167915632367,0.12178947331366809,0.12178947331366809,0.12178947331366809,0.12178947331366809,0.12178947331366809,0.3856029408699513,0.3856029408699513,0.3856029408699513,0.3856029408699513,0.3856029408699513,0.02625304803501123,0.02625304803501123,0.02625304803501123,0.02625304803501123,0.02625304803501123,0.15865620157394544,0.15865620157394544,0.15865620157394544,0.15865620157394544,0.15865620157394544,1.0,1.0,1.0,1.0,1.0,0.0007652010127785208,0.0007652010127785208,0.0007652010127785208,0.0007652010127785208,0.0007652010127785208,0.10687240452961948,0.10687240452961948,0.10687240452961948,0.10687240452961948,0.10687240452961948,0.0,0.0,0.0,0.0,0.0,0.7722478351352571,0.7722478351352571,0.7722478351352571,0.7722478351352571,0.7722478351352571
random_smooth_potentials,direct_topology,0,10,0.9679806364553454,0.9741164303749545,0.9952817831204996,0.9952842957835021,0.9071310800284365,0.22202258622299512,0.21752725920181226,0.32300853529281776,0.35393791148186415,0.38486728767091066,0.03008287900862845,0.027790237694240952,0.05188561925199002,0.059152292209297026,0.06641896516660406,0.25084788572512173,0.19333850067844305,0.5028491630341776,0.5156157214387798,0.528382279843382,0.231607725320856,0.23560090449341622,0.3831576916827949,0.4120206883896498,0.4408836850965048,1.0,1.0,1.0,1.0,1.0,0.0,0.0,0.0,0.0,0.0,0.22823328034740978,0.21061648046423537,0.3288042946160107,0.3368769976156913,0.34494970061537195,0.0,0.0,0.0,0.0,0.0,,,,,
random_smooth_potentials,direct_topology,1,10,0.9509002405067161,0.9559925497906768,0.9760421929682833,0.9762709176809767,0.9164429749386618,0.24603398918405217,0.22936376192839594,0.31906353928648973,0.32700888673560996,0.3349542341847302,0.06341642100451582,0.05559459045749199,0.12853280637552225,0.1335328984937183,0.13853299061191438,0.2668410836706774,0.1855647389515972,0.4863866060117294,0.556950029429216,0.6275134528467028,0.3423123404924122,0.3354613930567285,0.4402910522719188,0.4751758104165339,0.5100605685611491,1.0,1.0,1.0,1.0,1.0,0.005919649363486523,0.006033175219234443,0.00875616321093993,0.010184374788148926,0.011612586365357927,0.22823328034740978,0.21061648046423537,0.3288042946160107,0.3368769976156913,0.34494970061537195,0.0,0.0,0.0,0.0,0.0,0.053273073569857145,0.0468644804118703,0.10623654810628178,0.11812075832135162,0.13000496853642152
random_smooth_potentials,direct_topology,2,10,0.8791040857021238,0.9619529293993228,0.9856818409516357,0.9890788623897065,0.504295360805778,0.3756980851039219,0.23956520615921822,0.6615257347996972,0.8209068140423279,0.9802878932849591,0.14910531877801123,0.09296543087175912,0.2721441140065998,0.33168336177392027,0.391222609541241,0.2822294865261591,0.21371100880735622,0.3872208665730574,0.6911880070430063,0.9951551475129563,0.4590148993862743,0.2903123056008329,0.8893472371509217,1.0350921585248696,1.1808370798988181,1.0,1.0,1.0,1.0,1.0,0.007238165332824557,0.003959131628404866,0.017463541750984024,0.023357773446617595,0.029252005142251195,0.22823328034740978,0.21061648046423537,0.3288042946160107,0.3368769976156913,0.34494970061537195,0.0,0.0,0.0,0.0,0.0,0.13525657289497597,0.10586774478122934,0.24925554643055417,0.31976361755507443,0.39027168867959494
random_smooth_potentials,direct_topology,3,10,0.8496365020068559,0.8915679995480378,0.9847901945980295,0.9883238950117481,0.29028553432546556,0.40283750762950976,0.35573241943745304,0.5947272073765856,0.9155786977238379,1.2364301880710915,0.17532107003958952,0.10910625652361094,0.3742922289674029,0.4005198663637743,0.4267475037601458,0.24390485424750302,0.14282268412774868,0.4563360132610732,0.6681351054846604,0.8799341977082484,0.5211572238776642,0.4412193444482129,0.8199568745530444,1.1759055322056153,1.5318541898581874,1.0,1.0,1.0,1.0,1.0,0.00688705296478188,0.0040030759655960944,0.013864881916077352,0.018317264421510167,0.022769646926943003,0.22823328034740978,0.21061648046423537,0.3288042946160107,0.3368769976156913,0.34494970061537195,0.0,0.0,0.0,0.0,0.0,0.12071088312789321,0.13337293474227785,0.20171997367627376,0.23246701772998637,0.2632140617836991
random_smooth_potentials,direct_topology,4,10,0.8447507629902453,0.8560134304426361,0.9598639280272749,0.9755135107351353,0.5589788829517399,0.40570058914308166,0.4277725701594717,0.6008093553855522,0.6206790274790744,0.6405486995725967,0.17581630978627985,0.181591158535086,0.3314114435882402,0.35088916015846344,0.37036687672868673,0.14100197564879097,0.11620428704826093,0.2529626938490564,0.28542606206308246,0.3178894302771087,0.47969136218188807,0.4999936478375208,0.6081344332120906,0.75209629006655,0.8960581469210099,1.0,1.0,1.0,1.0,1.0,0.00979763853679572,0.008229614959019166,0.015573650829444199,0.022551789969068984,0.029529929108693797,0.22823328034740978,0.21061648046423537,0.3288042946160107,0.3368769976156913,0.34494970061537195,0.0,0.0,0.0,0.0,0.0,0.2724752523148483,0.2601368296965527,0.5861334437899939,0.6280141104410669,0.6698947770921402
random_smooth_potentials,direct_topology,5,10,0.7559662834332458,0.8769250413321418,0.9604525069758223,0.9784440153099193,0.13917139238982143,0.6530197563891642,0.4056270413574321,1.4429492095132592,1.7755007107623169,2.108052212011376,0.18229634692238586,0.1785050691070349,0.26365177599672224,0.3739005776334825,0.48414937927024315,0.12472941674638502,0.10660578796070411,0.20256005088303244,0.2065522734431383,0.21054449600324418,0.715258460548157,0.5266692341011057,1.3869062279456,1.535466653877551,1.6840270798095025,1.0,1.0,1.0,1.0,1.0,0.006547654756881754,0.006447924316510863,0.011123538260268783,0.012205175974909183,0.013286813689549587,0.22823328034740978,0.21061648046423537,0.3288042946160107,0.3368769976156913,0.34494970061537195,0.0,0.0,0.0,0.0,0.0,0.18390772532469155,0.17482157382980867,0.357805065589139,0.3908421694933108,0.42387927339748277
random_smooth_potentials,direct_topology,6,10,0.7190661911938622,0.9307209535145787,0.9805221611674114,0.9870559226052671,0.06750942421649808,0.6058897453639982,0.262321073705907,1.5741230183607258,1.7548676300270718,1.9356122416934185,0.3286553279840403,0.3347759720468386,0.4665221234876541,0.5229233924171371,0.5793246613466203,0.10686743788329342,0.11155432080254774,0.1385974501806254,0.1455389165688566,0.15248038295708785,0.6554967764572001,0.40541988435364273,1.509864950960032,1.6355895052937925,1.7613140596275536,1.0,1.0,1.0,1.0,1.0,0.008252852457429443,0.005584897303769857,0.019670628971556928,0.02303875536116696,0.026406881750777003,0.22823328034740978,0.21061648046423537,0.3288042946160107,0.3368769976156913,0.34494970061537195,0.0,0.0,0.0,0.0,0.0,0.24454120880533692,0.2121564763685242,0.45767200298176725,0.5249372363795151,0.5922024697772632
random_smooth_potentials,direct_topology,7,10,0.7596676357175248,0.9532339375867693,0.984205793797757,0.988224150090754,0.16493331104487333,0.4213018606948162,0.20500220027109167,0.9531650922638838,0.9700682119662936,0.9869713316687033,0.3267394495891698,0.3637558968753887,0.48586784353792956,0.49260790460324855,0.49934796566856754,0.09814972813960661,0.09657587543367363,0.1324075916229194,0.16045821713102598,0.18850884263913265,0.5266107441778591,0.298558031758582,1.0625494370526538,1.0792292652245636,1.0959090933964737,1.0,1.0,1.0,1.0,1.0,0.011027645662261552,0.0034151023953213127,0.03137133079250119,0.03257101327271754,0.03377069575293389,0.22823328034740978,0.21061648046423537,0.3288042946160107,0.3368769976156913,0.34494970061537195,0.0,0.0,0.0,0.0,0.0,0.1325363167647727,0.14702998347188023,0.2351634843855206,0.2415725110240172,0.24798153766251385
random_smooth_potentials,direct_topology,8,10,0.7455760059977752,0.8291360900584259,0.9933358338758145,0.9940713640200334,0.11093973853329653,0.5423345460268593,0.38810714971308136,1.0652917393648869,1.323042113656521,1.5807924879481559,0.38854748985955284,0.3378607897209229,0.9186334129152125,1.0036272917214581,1.0886211705277042,0.09490457741529804,0.08976457842507901,0.12942048412860277,0.14608617729155096,0.1627518704544992,0.5983784858053971,0.4490676647961475,1.2284006594947094,1.3827342244955114,1.5370677894963138,1.0,1.0,1.0,1.0,1.0,0.0063488144227898296,0.00192114729241274,0.013909395906267963,0.014086170838498087,0.014262945770728211,0.22823328034740978,0.21061648046423537,0.3288042946160107,0.3368769976156913,0.34494970061537195,0.0,0.0,0.0,0.0,0.0,0.25381914666414934,0.14521985588366526,0.5531430664950725,0.5944467073481288,0.635750348201185
random_smooth_potentials,direct_topology,9,10,0.8606355786625711,0.9057550877676146,0.9911701619198927,0.9921116671472836,0.5921937563637294,0.2943026360444114,0.2652604543747062,0.504003818879414,0.5359361431861346,0.5678684674928552,0.3944615995540397,0.2391606065837304,0.7697268200269195,0.8633839893341313,0.9570411586413434,0.07733990365007501,0.07323556577533197,0.12491713692446792,0.12761845451532813,0.13031977210618836,0.4024916027759341,0.35373687488193367,0.820758892921569,0.8238866892612638,0.8270144856009587,1.0,1.0,1.0,1.0,1.0,0.006177823661255646,0.005725771027600438,0.011859990928057873,0.013867666933642364,0.015875342939226864,0.22823328034740978,0.21061648046423537,0.3288042946160107,0.3368769976156913,0.34494970061537195,0.0,0.0,0.0,0.0,0.0,0.15039369793393878,0.14116702351915134,0.2686398273567252,0.28268277494887356,0.29672572254102203
random_smooth_potentials,direct_topology,10,10,0.866951030258558,0.9325205434298595,0.9784682809208632,0.980831927120785,0.40284199787525266,0.3552125617415871,0.229883030538223,0.5675338123052092,0.8235935390738984,1.0796532658425886,0.49004354171215037,0.35145905316597625,1.0620576240396133,1.1276391546536295,1.193220685267646,0.08567115582593872,0.08056621792308463,0.13333596025500033,0.13979703637638638,0.14625811249777243,0.42613195887056354,0.3052210715715209,0.6917636850341862,0.9682457287857166,1.244727772537248,1.0,1.0,1.0,1.0,1.0,0.004252406796333725,0.0038052214294577317,0.007609128050768391,0.00788028928267504,0.008151450514581689,0.22823328034740978,0.21061648046423537,0.3288042946160107,0.3368769976156913,0.34494970061537195,0.0,0.0,0.0,0.0,0.0,0.12496412430967499,0.0595773309850145,0.29423513018931297,0.36927084986026526,0.44430656953121783
random_smooth_potentials,hybrid,0,10,0.9679806364553454,0.9741164303749545,0.9952817831204996,0.9952842957835021,0.9071310800284365,0.22202258622299512,0.21752725920181226,0.32300853529281776,0.35393791148186415,0.38486728767091066,0.03008287900862845,0.027790237694240952,0.05188561925199002,0.059152292209297026,0.06641896516660406,0.25084788572512173,0.19333850067844305,0.5028491630341776,0.5156157214387798,0.528382279843382,0.231607725320856,0.23560090449341622,0.3831576916827949,0.4120206883896498,0.4408836850965048,1.0,1.0,1.0,1.0,1.0,0.0,0.0,0.0,0.0,0.0,0.22823328034740978,0.21061648046423537,0.3288042946160107,0.3368769976156913,0.34494970061537195,0.0,0.0,0.0,0.0,0.0,,,,,
random_smooth_potentials,hybrid,1,10,0.9509002405067161,0.9559925497906768,0.9760421929682833,0.9762709176809767,0.9164429749386618,0.24603398918405217,0.22936376192839594,0.31906353928648973,0.32700888673560996,0.3349542341847302,0.06341642100451582,0.05559459045749199,0.12853280637552225,0.1335328984937183,0.13853299061191438,0.2668410836706774,0.1855647389515972,0.4863866060117294,0.556950029429216,0.6275134528467028,0.3423123404924122,0.3354613930567285,0.4402910522719188,0.4751758104165339,0.5100605685611491,1.0,1.0,1.0,1.0,1.0,0.005919649363486523,0.006033175219234443,0.00875616321093993,0.010184374788148926,0.011612586365357927,0.22823328034740978,0.21061648046423537,0.3288042946160107,0.3368769976156913,0.34494970061537195,0.0,0.0,0.0,0.0,0.0,0.053273073569857145,0.0468644804118703,0.10623654810628178,0.11812075832135162,0.13000496853642152
random_smooth_potentials,hybrid,2,10,0.8791040857021238,0.9619529293993228,0.9856818409516357,0.9890788623897065,0.504295360805778,0.3756980851039219,0.23956520615921822,0.6615257347996972,0.8209068140423279,0.9802878932849591,0.14910531877801123,0.09296543087175912,0.2721441140065998,0.33168336177392027,0.391222609541241,0.2822294865261591,0.21371100880735622,0.3872208665730574,0.6911880070430063,0.9951551475129563,0.4590148993862743,0.2903123056008329,0.8893472371509217,1.0350921585248696,1.1808370798988181,1.0,1.0,1.0,1.0,1.0,0.007238165332824557,0.003959131628404866,0.017463541750984024,0.023357773446617595,0.029252005142251195,0.22823328034740978,0.21061648046423537,0.3288042946160107,0.3368769976156913,0.34494970061537195,0.0,0.0,0.0,0.0,0.0,0.13525657289497597,0.10586774478122934,0.24925554643055417,0.31976361755507443,0.39027168867959494
random_smooth_potentials,hybrid,3,10,0.8496365020068559,0.8915679995480378,0.9847901945980295,0.9883238950117481,0.29028553432546556,0.40283750762950976,0.35573241943745304,0.5947272073765856,0.9155786977238379,1.2364301880710915,0.17532107003958952,0.10910625652361094,0.3742922289674029,0.4005198663637743,0.4267475037601458,0.24390485424750302,0.14282268412774868,0.4563360132610732,0.6681351054846604,0.8799341977082484,0.5211572238776642,0.4412193444482129,0.8199568745530444,1.1759055322056153,1.5318541898581874,1.0,1.0,1.0,1.0,1.0,0.00688705296478188,0.0040030759655960944,0.013864881916077352,0.018317264421510167,0.022769646926943003,0.22823328034740978,0.21061648046423537,0.3288042946160107,0.3368769976156913,0.34494970061537195,0.0,0.0,0.0,0.0,0.0,0.12071088312789321,0.13337293474227785,0.20171997367627376,0.23246701772998637,0.2632140617836991
random_smooth_potentials,hybrid,4,10,0.8447507629902453,0.8560134304426361,0.9598639280272749,0.9755135107351353,0.5589788829517399,0.40570058914308166,0.4277725701594717,0.6008093553855522,0.6206790274790744,0.6405486995725967,0.17581630978627985,0.181591158535086,0.3314114435882402,0.35088916015846344,0.37036687672868673,0.14100197564879097,0.11620428704826093,0.2529626938490564,0.28542606206308246,0.3178894302771087,0.47969136218188807,0.4999936478375208,0.6081344332120906,0.75209629006655,0.8960581469210099,1.0,1.0,1.0,1.0,1.0,0.00979763853679572,0.008229614959019166,0.015573650829444199,0.022551789969068984,0.029529929108693797,0.22823328034740978,0.21061648046423537,0.3288042946160107,0.3368769976156913,0.34494970061537195,0.0,0.0,0.0,0.0,0.0,0.2724752523148483,0.2601368296965527,0.5861334437899939,0.6280141104410669,0.6698947770921402
random_smooth_potentials,hybrid,5,10,0.7559662834332458,0.8769250413321418,0.9604525069758223,0.9784440153099193,0.13917139238982143,0.6530197563891642,0.4056270413574321,1.4429492095132592,1.7755007107623169,2.108052212011376,0.18229634692238586,0.1785050691070349,0.26365177599672224,0.3739005776334825,0.48414937927024315,0.12472941674638502,0.10660578796070411,0.20256005088303244,0.2065522734431383,0.21054449600324418,0.715258460548157,0.5266692341011057,1.3869062279456,1.535466653877551,1.6840270798095025,1.0,1.0,1.0,1.0,1.0,0.006547654756881754,0.006447924316510863,0.011123538260268783,0.012205175974909183,0.013286813689549587,0.22823328034740978,0.21061648046423537,0.3288042946160107,0.3368769976156913,0.34494970061537195,0.0,0.0,0.0,0.0,0.0,0.18390772532469155,0.17482157382980867,0.357805065589139,0.3908421694933108,0.42387927339748277
random_smooth_potentials,hybrid,6,10,0.7190661911938622,0.9307209535145787,0.9805221611674114,0.9870559226052671,0.06750942421649808,0.6058897453639982,0.262321073705907,1.5741230183607258,1.7548676300270718,1.9356122416934185,0.3286553279840403,0.3347759720468386,0.4665221234876541,0.5229233924171371,0.5793246613466203,0.10686743788329342,0.11155432080254774,0.1385974501806254,0.1455389165688566,0.15248038295708785,0.6554967764572001,0.40541988435364273,1.509864950960032,1.6355895052937925,1.7613140596275536,1.0,1.0,1.0,1.0,1.0,0.008252852457429443,0.005584897303769857,0.019670628971556928,0.02303875536116696,0.026406881750777003,0.22823328034740978,0.21061648046423537,0.3288042946160107,0.3368769976156913,0.34494970061537195,0.0,0.0,0.0,0.0,0.0,0.24454120880533692,0.2121564763685242,0.45767200298176725,0.5249372363795151,0.5922024697772632
random_smooth_potentials,hybrid,7,10,0.7596676357175248,0.9532339375867693,0.984205793797757,0.988224150090754,0.16493331104487333,0.4213018606948162,0.20500220027109167,0.9531650922638838,0.9700682119662936,0.9869713316687033,0.3267394495891698,0.3637558968753887,0.48586784353792956,0.49260790460324855,0.49934796566856754,0.09814972813960661,0.09657587543367363,0.1324075916229194,0.16045821713102598,0.18850884263913265,0.5266107441778591,0.298558031758582,1.0625494370526538,1.0792292652245636,1.0959090933964737,1.0,1.0,1.0,1.0,1.0,0.011027645662261552,0.0034151023953213127,0.03137133079250119,0.03257101327271754,0.03377069575293389,0.22823328034740978,0.21061648046423537,0.3288042946160107,0.3368769976156913,0.34494970061537195,0.0,0.0,0.0,0.0,0.0,0.1325363167647727,0.14702998347188023,0.2351634843855206,0.2415725110240172,0.24798153766251385
random_smooth_potentials,hybrid,8,10,0.7455760059977752,0.8291360900584259,0.9933358338758145,0.9940713640200334,0.11093973853329653,0.5423345460268593,0.38810714971308136,1.0652917393648869,1.323042113656521,1.5807924879481559,0.38854748985955284,0.3378607897209229,0.9186334129152125,1.0036272917214581,1.0886211705277042,0.09490457741529804,0.08976457842507901,0.12942048412860277,0.14608617729155096,0.1627518704544992,0.5983784858053971,0.4490676647961475,1.2284006594947094,1.3827342244955114,1.5370677894963138,1.0,1.0,1.0,1.0,1.0,0.0063488144227898296,0.00192114729241274,0.013909395906267963,0.014086170838498087,0.014262945770728211,0.22823328034740978,0.21061648046423537,0.3288042946160107,0.3368769976156913,0.34494970061537195,0.0,0.0,0.0,0.0,0.0,0.25381914666414934,0.14521985588366526,0.5531430664950725,0.5944467073481288,0.635750348201185
random_smooth_potentials,hybrid,9,10,0.8606355786625711,0.9057550877676146,0.9911701619198927,0.9921116671472836,0.5921937563637294,0.2943026360444114,0.2652604543747062,0.504003818879414,0.5359361431861346,0.5678684674928552,0.3944615995540397,0.2391606065837304,0.7697268200269195,0.8633839893341313,0.9570411586413434,0.07733990365007501,0.07323556577533197,0.12491713692446792,0.12761845451532813,0.13031977210618836,0.4024916027759341,0.35373687488193367,0.820758892921569,0.8238866892612638,0.8270144856009587,1.0,1.0,1.0,1.0,1.0,0.006177823661255646,0.005725771027600438,0.011859990928057873,0.013867666933642364,0.015875342939226864,0.22823328034740978,0.21061648046423537,0.3288042946160107,0.3368769976156913,0.34494970061537195,0.0,0.0,0.0,0.0,0.0,0.15039369793393878,0.14116702351915134,0.2686398273567252,0.28268277494887356,0.29672572254102203
random_smooth_potentials,hybrid,10,10,0.866951030258558,0.9325205434298595,0.9784682809208632,0.980831927120785,0.40284199787525266,0.3552125617415871,0.229883030538223,0.5675338123052092,0.8235935390738984,1.0796532658425886,0.49004354171215037,0.35145905316597625,1.0620576240396133,1.1276391546536295,1.193220685267646,0.08567115582593872,0.08056621792308463,0.13333596025500033,0.13979703637638638,0.14625811249777243,0.42613195887056354,0.3052210715715209,0.6917636850341862,0.9682457287857166,1.244727772537248,1.0,1.0,1.0,1.0,1.0,0.004252406796333725,0.0038052214294577317,0.007609128050768391,0.00788028928267504,0.008151450514581689,0.22823328034740978,0.21061648046423537,0.3288042946160107,0.3368769976156913,0.34494970061537195,0.0,0.0,0.0,0.0,0.0,0.12496412430967499,0.0595773309850145,0.29423513018931297,0.36927084986026526,0.44430656953121783
random_smooth_potentials,initial_ritz,0,10,0.9994704605920323,0.9996485403923803,0.9999008133964664,0.9999055506852208,0.9979655552483169,0.0598853949553792,0.05711246070472063,0.09050749737577997,0.10248359442672159,0.11445969147766326,0.002738022362723869,0.0020301831059230807,0.005349035570670375,0.007580579705353373,0.00981212384003638,0.19764074130677373,0.12633509819822736,0.46194698697780034,0.47432433586353995,0.4867016847492796,0.022366317196614725,0.021730091376825435,0.03654248508072993,0.03768683905265394,0.03883119302457796,0.2,0.0,1.0,1.0,0.0,,,,,,1.675915252852267e-06,1.7074786003989928e-06,2.029485762611305e-06,2.0915039214697284e-06,2.153522080328152e-06,0.0,0.0,0.0,0.0,0.0,,,,,
random_smooth_potentials,initial_ritz,1,10,0.9990891412856591,0.9993437651445083,0.9997210873251213,0.9997351502798808,0.9972962174330745,0.06680335060785435,0.06289634746711231,0.09120893864295582,0.10152213690304872,0.11183533516314166,0.0030526424899709136,0.0023181721098743946,0.005479138121147295,0.008561394588840629,0.011643651056533977,0.20572245896567934,0.14612464412501236,0.4842946206085367,0.4875723317000052,0.49085004279147376,0.03271844513222977,0.030391652371237407,0.047878032341326586,0.051048970415028566,0.05421990848873056,0.2,0.0,1.0,1.0,0.0,,,,,,1.675915252852267e-06,1.7074786003989928e-06,2.029485762611305e-06,2.0915039214697284e-06,2.153522080328152e-06,0.0,0.0,0.0,0.0,0.0,0.002012051770703638,0.0010937561751961367,0.00519518985878482,0.005992852020622306,0.006790514182459795
random_smooth_potentials,initial_ritz,2,10,0.9989526828933686,0.9987939352096276,0.9997372306633964,0.9997456651103399,0.9980770898883433,0.06747288729951548,0.07336275664096498,0.0859001909877883,0.08754358689874676,0.08918698280970523,0.002840684678174188,0.0030507992086334923,0.004716109264931145,0.0048665823988441265,0.005017055532757109,0.14914564536599462,0.12797356546419655,0.23200664933791995,0.2650053443207244,0.298004039303529,0.03936814676279593,0.03834389940389868,0.056872737882981604,0.058346385730911804,0.05982003357884201,0.0,0.0,0.0,0.0,0.0,,,,,,1.675915252852267e-06,1.7074786003989928e-06,2.029485762611305e-06,2.0915039214697284e-06,2.153522080328152e-06,0.0,0.0,0.0,0.0,0.0,0.0016809528541854358,0.0007697210915172947,0.0035266505776514563,0.005668190225174008,0.007809729872696569
random_smooth_potentials,initial_ritz,3,10,0.9960158724372985,0.9982029138336765,0.9990474224968309,0.9992217658521211,0.9786756104858612,0.09299205251946434,0.07841476228121858,0.1270222437603416,0.1540169345383135,0.18101162531628553,0.008176686048093362,0.0028545888174458245,0.016417636125963666,0.02744678484021048,0.03847593355445733,0.16165767909032477,0.12101841787676176,0.3608213710236091,0.41019187054118766,0.4595623700587664,0.062893338858854,0.0578914843708259,0.08433010802253685,0.12562665568125847,0.16692320333998023,0.1,0.0,0.09999999999999964,0.5499999999999989,0.0,,,,,,1.675915252852267e-06,1.7074786003989928e-06,2.029485762611305e-06,2.0915039214697284e-06,2.153522080328152e-06,0.0,0.0,0.0,0.0,0.0,0.007257796069465449,0.004349839494503405,0.014716697165733053,0.02425497996473104,0.03379326276372907
random_smooth_potentials,initial_ritz,4,10,0.9901847477601876,0.9975602893550097,0.9992354866380425,0.9993932424539762,0.9374541175317479,0.10301553258497811,0.07585817020191482,0.20647935747829096,0.23629196978254738,0.26610458208680393,0.009657252174294851,0.0034061249581829323,0.024830971377618593,0.039312966042465404,0.05379496070731227,0.0819417789555109,0.0776299271769383,0.1218004246040609,0.13471433704516783,0.14762824948627482,0.09638335754850716,0.05751516896834786,0.21647352038141696,0.2661249545425566,0.31577638870369634,0.7,1.0,1.0,1.0,0.0,0.0005081191671148345,0.0005301136987938092,0.0006689374140689929,0.0006697498081481559,0.000670562202227319,1.675915252852267e-06,1.7074786003989928e-06,2.029485762611305e-06,2.0915039214697284e-06,2.153522080328152e-06,0.0,0.0,0.0,0.0,0.0,0.005393672178200059,0.004335643941406397,0.008413335251654927,0.011866181202254925,0.015319027152854936
random_smooth_potentials,initial_ritz,5,10,0.9882325830876196,0.994186548738323,0.9974993798837237,0.9976467023458495,0.9601237260697291,0.15982458656436319,0.11753219140124235,0.2735541281400486,0.33474699614962594,0.3959398641592035,0.01882043612329598,0.00826022963855344,0.0418964800280642,0.05402925087713929,0.06616202172621444,0.08381019081315845,0.07990558684135612,0.12016079590103347,0.14308738747456085,0.16601397904808832,0.12453316012754057,0.1099872699085845,0.2097511077564933,0.23434398780313695,0.2589368678497807,0.6,1.0,1.0,1.0,0.0,0.0007574935004272126,0.0007867103579014569,0.0008454375614603013,0.0008571608711249536,0.0008688841807896058,1.675915252852267e-06,1.7074786003989928e-06,2.029485762611305e-06,2.0915039214697284e-06,2.153522080328152e-06,0.0,0.0,0.0,0.0,0.0,0.01138885380309702,0.00862541524167515,0.02005949321982471,0.031183199966258998,0.042306906712693326
random_smooth_potentials,initial_ritz,6,10,0.9864108839678556,0.9969742742975218,0.9984878151080848,0.9986298683236448,0.9383362481902912,0.1465515290099119,0.07625532648279182,0.39814634934929205,0.41042078191649317,0.42269521448369435,0.01596934022814924,0.004337527550979825,0.0638305099058754,0.06392583218202899,0.06402115445818257,0.059198501584680006,0.056611152754620114,0.08740675269469492,0.0902593286988738,0.09311190470305271,0.09769341992513786,0.07115576231841697,0.17315822138300985,0.21655160535998688,0.2599449893369641,0.8,1.0,1.0,1.0,0.0,0.001528568787278431,0.0006153444990916017,0.0036124229497768927,0.0050108294577054045,0.006409235965633916,1.675915252852267e-06,1.7074786003989928e-06,2.029485762611305e-06,2.0915039214697284e-06,2.153522080328152e-06,0.0,0.0,0.0,0.0,0.0,0.01727226538606752,0.010232651439291862,0.04490508865077433,0.05089288014077312,0.05688067163077193
random_smooth_potentials,initial_ritz,7,10,0.9620491993112432,0.9926291045110487,0.9983290881196737,0.9983521260286286,0.7936080766100296,0.16911053217753708,0.09978185259712469,0.35121157791504304,0.44515284715454206,0.5390941163940415,0.021784291987813197,0.005835746150399945,0.03893874634042263,0.09137508508385225,0.14381142382728207,0.05172273302916032,0.04892280275451068,0.0758821835658116,0.08302782886468175,0.09017347416355194,0.18929037367310908,0.09722771850664491,0.5226740070464206,0.5584774088865786,0.5942808107267367,0.8,1.0,1.0,1.0,0.0,0.001117841724424644,0.0005514063759156703,0.002035407420527407,0.002220907551103874,0.0024064076816803412,1.675915252852267e-06,1.7074786003989928e-06,2.029485762611305e-06,2.0915039214697284e-06,2.153522080328152e-06,0.0,0.0,0.0,0.0,0.0,0.021435287420462946,0.006869562400503071,0.06469498393595101,0.07224262665252523,0.0797902693690995
random_smooth_potentials,initial_ritz,8,10,0.964601418692434,0.9932012421348576,0.9975985221523792,0.9976918743842466,0.8453102340308166,0.1905167767781082,0.13347323506144726,0.3657540100667378,0.43294908923221254,0.5001441683976875,0.014882743232044904,0.006983589109702759,0.03696700045968262,0.038456397204390265,0.03994579394909792,0.04420041999183566,0.04212875215435957,0.05971797851973692,0.06219868111593377,0.06467938371213063,0.18272740831527992,0.09126340762911123,0.4558398804737031,0.4998528074045336,0.5438657343353642,0.7,1.0,1.0,1.0,0.0,0.0016746085696336158,0.0005372449095943032,0.00423333310084641,0.005162999300011458,0.006092665499176511,1.675915252852267e-06,1.7074786003989928e-06,2.029485762611305e-06,2.0915039214697284e-06,2.153522080328152e-06,0.0,0.0,0.0,0.0,0.0,0.017365263367967686,0.0020215203844622387,0.04264654659157514,0.07325608823487958,0.10386562987818415
random_smooth_potentials,initial_ritz,9,10,0.9634499647394914,0.9900208523627199,0.9967801439167707,0.9967898258730266,0.7720871232680447,0.17656896167378816,0.12503881071876646,0.260586112218952,0.4282364844513925,0.5958868566838337,0.019337221294088148,0.010103551847127745,0.02983873377248926,0.06753068632349739,0.10522263887450567,0.039008648936170114,0.03351909079683077,0.05439471039014891,0.06255096070217124,0.0707072110141936,0.18615567078855366,0.13728168357934198,0.30676665987401486,0.4269860637780401,0.5472054676820658,1.0,1.0,1.0,1.0,1.0,0.0023987058814535617,0.0015567826603002512,0.003601574024677058,0.007129628718171863,0.010657683411666683,1.675915252852267e-06,1.7074786003989928e-06,2.029485762611305e-06,2.0915039214697284e-06,2.153522080328152e-06,0.0,0.0,0.0,0.0,0.0,0.01691550967386828,0.00867530098718472,0.03917329452169679,0.052225069723552245,0.06527684492540775
random_smooth_potentials,initial_ritz,10,10,0.9042823496648383,0.9753852688469471,0.9885115117970151,0.9894406963089524,0.46808878150878286,0.2977763112875146,0.1871453812937512,0.5236876276157157,0.7549978595508986,0.9863080914860823,0.03098109888770839,0.010301646255176822,0.05892518054111383,0.10449277717820345,0.15006037381529325,0.04127960343093175,0.04048863113664948,0.05025181913431457,0.05354625098719906,0.05684068284008357,0.36242339191655176,0.2272950434346953,0.5579919901425496,0.9036211793519044,1.2492503685612606,1.0,1.0,1.0,1.0,1.0,0.0029699522680200026,0.0018865805464004768,0.005893030320320405,0.006425855892434522,0.006958681464548641,1.675915252852267e-06,1.7074786003989928e-06,2.029485762611305e-06,2.0915039214697284e-06,2.153522080328152e-06,0.0,0.0,0.0,0.0,0.0,0.030657750551442976,0.016238453987789114,0.0657509568717091,0.10772410365704731,0.1496972504423857
random_smooth_potentials,physics_selected,0,10,0.9679806364553454,0.9741164303749545,0.9952817831204996,0.9952842957835021,0.9071310800284365,0.22202258622299512,0.21752725920181226,0.32300853529281776,0.35393791148186415,0.38486728767091066,0.03008287900862845,0.027790237694240952,0.05188561925199002,0.059152292209297026,0.06641896516660406,0.25084788572512173,0.19333850067844305,0.5028491630341776,0.5156157214387798,0.528382279843382,0.231607725320856,0.23560090449341622,0.3831576916827949,0.4120206883896498,0.4408836850965048,1.0,1.0,1.0,1.0,1.0,0.0,0.0,0.0,0.0,0.0,0.22823328034740978,0.21061648046423537,0.3288042946160107,0.3368769976156913,0.34494970061537195,0.0,0.0,0.0,0.0,0.0,,,,,
random_smooth_potentials,physics_selected,1,10,0.9509002405067161,0.9559925497906768,0.9760421929682833,0.9762709176809767,0.9164429749386618,0.24603398918405217,0.22936376192839594,0.31906353928648973,0.32700888673560996,0.3349542341847302,0.06341642100451582,0.05559459045749199,0.12853280637552225,0.1335328984937183,0.13853299061191438,0.2668410836706774,0.1855647389515972,0.4863866060117294,0.556950029429216,0.6275134528467028,0.3423123404924122,0.3354613930567285,0.4402910522719188,0.4751758104165339,0.5100605685611491,1.0,1.0,1.0,1.0,1.0,0.005919649363486523,0.006033175219234443,0.00875616321093993,0.010184374788148926,0.011612586365357927,0.22823328034740978,0.21061648046423537,0.3288042946160107,0.3368769976156913,0.34494970061537195,0.0,0.0,0.0,0.0,0.0,0.053273073569857145,0.0468644804118703,0.10623654810628178,0.11812075832135162,0.13000496853642152
random_smooth_potentials,physics_selected,2,10,0.8791040857021238,0.9619529293993228,0.9856818409516357,0.9890788623897065,0.504295360805778,0.3756980851039219,0.23956520615921822,0.6615257347996972,0.8209068140423279,0.9802878932849591,0.14910531877801123,0.09296543087175912,0.2721441140065998,0.33168336177392027,0.391222609541241,0.2822294865261591,0.21371100880735622,0.3872208665730574,0.6911880070430063,0.9951551475129563,0.4590148993862743,0.2903123056008329,0.8893472371509217,1.0350921585248696,1.1808370798988181,1.0,1.0,1.0,1.0,1.0,0.007238165332824557,0.003959131628404866,0.017463541750984024,0.023357773446617595,0.029252005142251195,0.22823328034740978,0.21061648046423537,0.3288042946160107,0.3368769976156913,0.34494970061537195,0.0,0.0,0.0,0.0,0.0,0.13525657289497597,0.10586774478122934,0.24925554643055417,0.31976361755507443,0.39027168867959494
random_smooth_potentials,physics_selected,3,10,0.8496365020068559,0.8915679995480378,0.9847901945980295,0.9883238950117481,0.29028553432546556,0.40283750762950976,0.35573241943745304,0.5947272073765856,0.9155786977238379,1.2364301880710915,0.17532107003958952,0.10910625652361094,0.3742922289674029,0.4005198663637743,0.4267475037601458,0.24390485424750302,0.14282268412774868,0.4563360132610732,0.6681351054846604,0.8799341977082484,0.5211572238776642,0.4412193444482129,0.8199568745530444,1.1759055322056153,1.5318541898581874,1.0,1.0,1.0,1.0,1.0,0.00688705296478188,0.0040030759655960944,0.013864881916077352,0.018317264421510167,0.022769646926943003,0.22823328034740978,0.21061648046423537,0.3288042946160107,0.3368769976156913,0.34494970061537195,0.0,0.0,0.0,0.0,0.0,0.12071088312789321,0.13337293474227785,0.20171997367627376,0.23246701772998637,0.2632140617836991
random_smooth_potentials,physics_selected,4,10,0.8447507629902453,0.8560134304426361,0.9598639280272749,0.9755135107351353,0.5589788829517399,0.40570058914308166,0.4277725701594717,0.6008093553855522,0.6206790274790744,0.6405486995725967,0.17581630978627985,0.181591158535086,0.3314114435882402,0.35088916015846344,0.37036687672868673,0.14100197564879097,0.11620428704826093,0.2529626938490564,0.28542606206308246,0.3178894302771087,0.47969136218188807,0.4999936478375208,0.6081344332120906,0.75209629006655,0.8960581469210099,1.0,1.0,1.0,1.0,1.0,0.00979763853679572,0.008229614959019166,0.015573650829444199,0.022551789969068984,0.029529929108693797,0.22823328034740978,0.21061648046423537,0.3288042946160107,0.3368769976156913,0.34494970061537195,0.0,0.0,0.0,0.0,0.0,0.2724752523148483,0.2601368296965527,0.5861334437899939,0.6280141104410669,0.6698947770921402
random_smooth_potentials,physics_selected,5,10,0.7559662834332458,0.8769250413321418,0.9604525069758223,0.9784440153099193,0.13917139238982143,0.6530197563891642,0.4056270413574321,1.4429492095132592,1.7755007107623169,2.108052212011376,0.18229634692238586,0.1785050691070349,0.26365177599672224,0.3739005776334825,0.48414937927024315,0.12472941674638502,0.10660578796070411,0.20256005088303244,0.2065522734431383,0.21054449600324418,0.715258460548157,0.5266692341011057,1.3869062279456,1.535466653877551,1.6840270798095025,1.0,1.0,1.0,1.0,1.0,0.006547654756881754,0.006447924316510863,0.011123538260268783,0.012205175974909183,0.013286813689549587,0.22823328034740978,0.21061648046423537,0.3288042946160107,0.3368769976156913,0.34494970061537195,0.0,0.0,0.0,0.0,0.0,0.18390772532469155,0.17482157382980867,0.357805065589139,0.3908421694933108,0.42387927339748277
random_smooth_potentials,physics_selected,6,10,0.7190661911938622,0.9307209535145787,0.9805221611674114,0.9870559226052671,0.06750942421649808,0.6058897453639982,0.262321073705907,1.5741230183607258,1.7548676300270718,1.9356122416934185,0.3286553279840403,0.3347759720468386,0.4665221234876541,0.5229233924171371,0.5793246613466203,0.10686743788329342,0.11155432080254774,0.1385974501806254,0.1455389165688566,0.15248038295708785,0.6554967764572001,0.40541988435364273,1.509864950960032,1.6355895052937925,1.7613140596275536,1.0,1.0,1.0,1.0,1.0,0.008252852457429443,0.005584897303769857,0.019670628971556928,0.02303875536116696,0.026406881750777003,0.22823328034740978,0.21061648046423537,0.3288042946160107,0.3368769976156913,0.34494970061537195,0.0,0.0,0.0,0.0,0.0,0.24454120880533692,0.2121564763685242,0.45767200298176725,0.5249372363795151,0.5922024697772632
random_smooth_potentials,physics_selected,7,10,0.7596676357175248,0.9532339375867693,0.984205793797757,0.988224150090754,0.16493331104487333,0.4213018606948162,0.20500220027109167,0.9531650922638838,0.9700682119662936,0.9869713316687033,0.3267394495891698,0.3637558968753887,0.48586784353792956,0.49260790460324855,0.49934796566856754,0.09814972813960661,0.09657587543367363,0.1324075916229194,0.16045821713102598,0.18850884263913265,0.5266107441778591,0.298558031758582,1.0625494370526538,1.0792292652245636,1.0959090933964737,1.0,1.0,1.0,1.0,1.0,0.011027645662261552,0.0034151023953213127,0.03137133079250119,0.03257101327271754,0.03377069575293389,0.22823328034740978,0.21061648046423537,0.3288042946160107,0.3368769976156913,0.34494970061537195,0.0,0.0,0.0,0.0,0.0,0.1325363167647727,0.14702998347188023,0.2351634843855206,0.2415725110240172,0.24798153766251385
random_smooth_potentials,physics_selected,8,10,0.7455760059977752,0.8291360900584259,0.9933358338758145,0.9940713640200334,0.11093973853329653,0.5423345460268593,0.38810714971308136,1.0652917393648869,1.323042113656521,1.5807924879481559,0.38854748985955284,0.3378607897209229,0.9186334129152125,1.0036272917214581,1.0886211705277042,0.09490457741529804,0.08976457842507901,0.12942048412860277,0.14608617729155096,0.1627518704544992,0.5983784858053971,0.4490676647961475,1.2284006594947094,1.3827342244955114,1.5370677894963138,1.0,1.0,1.0,1.0,1.0,0.0063488144227898296,0.00192114729241274,0.013909395906267963,0.014086170838498087,0.014262945770728211,0.22823328034740978,0.21061648046423537,0.3288042946160107,0.3368769976156913,0.34494970061537195,0.0,0.0,0.0,0.0,0.0,0.25381914666414934,0.14521985588366526,0.5531430664950725,0.5944467073481288,0.635750348201185
random_smooth_potentials,physics_selected,9,10,0.8606355786625711,0.9057550877676146,0.9911701619198927,0.9921116671472836,0.5921937563637294,0.2943026360444114,0.2652604543747062,0.504003818879414,0.5359361431861346,0.5678684674928552,0.3944615995540397,0.2391606065837304,0.7697268200269195,0.8633839893341313,0.9570411586413434,0.07733990365007501,0.07323556577533197,0.12491713692446792,0.12761845451532813,0.13031977210618836,0.4024916027759341,0.35373687488193367,0.820758892921569,0.8238866892612638,0.8270144856009587,1.0,1.0,1.0,1.0,1.0,0.006177823661255646,0.005725771027600438,0.011859990928057873,0.013867666933642364,0.015875342939226864,0.22823328034740978,0.21061648046423537,0.3288042946160107,0.3368769976156913,0.34494970061537195,0.0,0.0,0.0,0.0,0.0,0.15039369793393878,0.14116702351915134,0.2686398273567252,0.28268277494887356,0.29672572254102203
random_smooth_potentials,physics_selected,10,10,0.866951030258558,0.9325205434298595,0.9784682809208632,0.980831927120785,0.40284199787525266,0.3552125617415871,0.229883030538223,0.5675338123052092,0.8235935390738984,1.0796532658425886,0.49004354171215037,0.35145905316597625,1.0620576240396133,1.1276391546536295,1.193220685267646,0.08567115582593872,0.08056621792308463,0.13333596025500033,0.13979703637638638,0.14625811249777243,0.42613195887056354,0.3052210715715209,0.6917636850341862,0.9682457287857166,1.244727772537248,1.0,1.0,1.0,1.0,1.0,0.004252406796333725,0.0038052214294577317,0.007609128050768391,0.00788028928267504,0.008151450514581689,0.22823328034740978,0.21061648046423537,0.3288042946160107,0.3368769976156913,0.34494970061537195,0.0,0.0,0.0,0.0,0.0,0.12496412430967499,0.0595773309850145,0.29423513018931297,0.36927084986026526,0.44430656953121783
seen_basis_reparameterization,direct_topology,0,16,0.9692370191405875,0.9712253451930779,0.9805048271167256,0.9810398977716145,0.9510900600148777,0.28809735946387893,0.2792635564189382,0.34247820661009726,0.35043089267245275,0.3581464698806355,0.045619180435304385,0.041585680997143104,0.06667935106344425,0.07293958649515253,0.07475662030984243,0.024471491890929658,0.023751369149592513,0.031357900847074315,0.031984617713370384,0.033222154365258764,0.2737308073113468,0.26871227150308713,0.33160550468229044,0.33623365799859944,0.34559166757793225,1.0,1.0,1.0,1.0,1.0,0.0,0.0,0.0,0.0,0.0,0.07887660843781333,0.07967005743320099,0.08264830213746456,0.0826987368930769,0.0827959256285327,0.0,0.0,0.0,0.0,0.0,,,,,
seen_basis_reparameterization,direct_topology,1,16,0.9691055087354377,0.9719977146044682,0.9836883662829418,0.984345085971536,0.9444473627478887,0.2791536605666832,0.2710587420455345,0.34905915455869685,0.355501057878338,0.3676056779491299,0.3767427974222424,0.37627792652319947,0.4554946480627322,0.4592905515093939,0.4626846021774291,0.04341686834860875,0.042346944350770674,0.054862139460213476,0.05589271337111428,0.057942367403357425,0.29232354444838127,0.28479560238752355,0.3795073985576535,0.38659239195661876,0.4008111393115925,1.0,1.0,1.0,1.0,1.0,0.0008105110801185317,0.0008454983736324935,0.0009543000839742887,0.0009832231912361297,0.0010189410412275932,0.07887660843781333,0.07967005743320099,0.08264830213746456,0.0826987368930769,0.0827959256285327,0.0,0.0,0.0,0.0,0.0,0.33112361698693804,0.32509907709015984,0.38421208407470653,0.3924554951739716,0.3987698998343667
seen_basis_reparameterization,direct_topology,2,16,0.9693402383933124,0.9731976878673654,0.9858118656719108,0.9864798662114173,0.939953068969347,0.2215750016699033,0.21328401800969118,0.29515465561693943,0.3001874703524782,0.31441287800475115,0.5267817172241809,0.518968355638648,0.6049085109450756,0.6202000019586544,0.6336209284198269,0.061216156335102995,0.05962949798619061,0.07658580428305065,0.07800881396779297,0.08076340041404907,0.225040624327618,0.21548496883487295,0.3133616091953808,0.3209140163901727,0.33577489223247425,1.0,1.0,1.0,1.0,1.0,0.0034277945756257823,0.0033375020792797278,0.004413128028807976,0.004492752394567438,0.0046474763544518466,0.07887660843781333,0.07967005743320099,0.08264830213746456,0.0826987368930769,0.0827959256285327,0.0,0.0,0.0,0.0,0.0,0.15003891980193837,0.150618235666236,0.17553970124485696,0.1801174773333305,0.19361688326351434
seen_basis_reparameterization,direct_topology,3,16,0.9828731098179148,0.9860134843913855,0.9937004633102492,0.994066997451388,0.9617569465228951,0.15879075368930556,0.15008194909524714,0.22322206490603563,0.22845423438372164,0.24109712099378722,0.753201744601671,0.7539860089122516,0.8749343300688182,0.9000999351474102,0.964086233610109,0.09486618402189517,0.09364554096618344,0.10814017365580983,0.10934785652878429,0.11165455433596877,0.148469816739748,0.1386598190789135,0.21891756294504874,0.22573998985975016,0.23856643025256236,1.0,1.0,1.0,1.0,1.0,0.0019096974797778567,0.001837622443629558,0.0027004446865540968,0.0027672983563121543,0.002912336260587694,0.07887660843781333,0.07967005743320099,0.08264830213746456,0.0826987368930769,0.0827959256285327,0.0,0.0,0.0,0.0,0.0,0.22642002737749017,0.22836020700679027,0.30028041519193494,0.320411328735823,0.36999938669345056
seen_basis_reparameterization,direct_topology,4,16,0.9924499243770972,0.994218416329967,0.9971371177948256,0.9972488964028088,0.9820768359286591,0.1120890426441068,0.10361291701565138,0.15769118415494487,0.16189049306002562,0.17190018463407386,0.419017221478927,0.4118549103877882,0.5023378551919775,0.528887942984072,0.5907632254986321,0.0641344310276645,0.06328271426853557,0.06995388783159907,0.07059879082940829,0.07176638378002659,0.10685693904005819,0.09874611199830985,0.151648471106554,0.15622576765534926,0.16524047730217678,1.0,1.0,1.0,1.0,1.0,0.001213652815172582,0.0011285950440983097,0.001904633226598673,0.00196603325608196,0.002085459988889044,0.07887660843781333,0.07967005743320099,0.08264830213746456,0.0826987368930769,0.0827959256285327,0.0,0.0,0.0,0.0,0.0,0.33418452312274394,0.3281696784087642,0.3862365359139459,0.39551165629853013,0.40344808257130804
seen_basis_reparameterization,direct_topology,5,16,0.997078573185684,0.9978085401856114,0.9985361860906594,0.9985504169120856,0.9931824101264268,0.07907441781497226,0.07237585487830075,0.10618782668008404,0.10906711929632631,0.11643963357741695,0.09361800479314392,0.08251342707277631,0.177567910279242,0.19884591943535912,0.2408725837027479,0.03515962578467616,0.03386667288124044,0.04014390692713399,0.04130986085940573,0.043746728495958245,0.06263487325595779,0.05850503553895407,0.07978998426117737,0.08234093237242343,0.08812482249886691,1.0,1.0,1.0,1.0,1.0,0.0005826889712354219,0.0004798344318389397,0.0009528060698535067,0.0009960953972587522,0.0010898657112923956,0.07887660843781333,0.07967005743320099,0.08264830213746456,0.0826987368930769,0.0827959256285327,0.0,0.0,0.0,0.0,0.0,0.33325973968259714,0.33280954613904257,0.3992320689877418,0.40639774337261403,0.40924768992389726
seen_basis_reparameterization,direct_topology,6,16,0.9939496618991078,0.9944239672452008,0.9946089551893738,0.994614636687974,0.9916684584448223,0.10837958486307062,0.1041333365863575,0.12249955491202398,0.12424179787962415,0.12918590557111007,0.4351015779665736,0.4221663880116,0.5473211563808524,0.5533930128052633,0.5603325240840533,0.09189727184556329,0.08928519442883381,0.12018048534576603,0.12282193307183657,0.1281680572583357,0.09452697106957816,0.09359755459725409,0.09842354030886198,0.09943875371766124,0.10162284153032025,1.0,1.0,1.0,1.0,1.0,0.0009965798102639849,0.0009917543942086903,0.0010477674651768337,0.0010645703615501172,0.0011038279671810028,0.07887660843781333,0.07967005743320099,0.08264830213746456,0.0826987368930769,0.0827959256285327,0.0,0.0,0.0,0.0,0.0,0.5208590597629035,0.5203983701435182,0.6046685274164756,0.6225105416061185,0.6611285657824437
seen_basis_reparameterization,direct_topology,7,16,0.9957245237340927,0.9961953735629372,0.9967559309670609,0.9967599273248418,0.9931563480511179,0.09442265441350467,0.09173213072591252,0.11005474367261757,0.11142078514576433,0.11547891303366571,0.898713732979,0.8845951737785969,1.0303473498852869,1.0600077508887675,1.0889727964125848,0.18209940682913595,0.178656858705332,0.22821958225214878,0.23229254403112395,0.2403461264615005,0.09121873644211731,0.08559504869870921,0.1080136710507847,0.11100942616037873,0.11701468423752506,1.0,1.0,1.0,1.0,1.0,0.0007067157202600615,0.0006926127702375675,0.0008793785886691391,0.0008933146567534317,0.0009179849992153705,0.07887660843781333,0.07967005743320099,0.08264830213746456,0.0826987368930769,0.0827959256285327,0.0,0.0,0.0,0.0,0.0,0.4636121550124264,0.46302390710107,0.5393616081383077,0.554269981927145,0.5808489496189404
seen_basis_reparameterization,direct_topology,8,16,0.9858150141067663,0.9872092493247087,0.9922808711434297,0.9925263473330342,0.9741728560536884,0.15671133967629175,0.15329184915509203,0.1935829436707076,0.1964883300501717,0.2043080390924229,1.3600549683448004,1.3807712598026938,1.572424574118358,1.6207785825760483,1.6234431786443597,0.30064085250700295,0.2963268661186278,0.3639061595494356,0.36940914863522933,0.38043937259428423,0.17143637726324895,0.16307872829751452,0.22414626406235144,0.2293599026477332,0.23955900726566756,1.0,1.0,1.0,1.0,1.0,0.0011206760840545055,0.0011199426328049574,0.001384075782290173,0.0014039574973300334,0.001443111221271078,0.07887660843781333,0.07967005743320099,0.08264830213746456,0.0826987368930769,0.0827959256285327,0.0,0.0,0.0,0.0,0.0,0.4613412353658004,0.46262182376802086,0.5380563102446008,0.5644808364978122,0.6223382469457235
seen_basis_reparameterization,direct_topology,9,16,0.9671011454317856,0.9701882379932129,0.983210505760377,0.9839248472872689,0.9397140953435381,0.22265423004440865,0.21691459261466192,0.2802826494954412,0.2850514995997824,0.29645245836563927,1.7502134723479927,1.7662587176686242,2.0293153653325637,2.089557152944521,2.159352752582331,0.42768673389851897,0.42262164685392545,0.5084232017554884,0.5152465598329234,0.5286440727275407,0.2822044429191676,0.2751191725569304,0.36202244378833925,0.3694167881808834,0.38345906623386294,1.0,1.0,1.0,1.0,1.0,0.0014570222129439267,0.0014438667651612033,0.0018172503836491457,0.0018470058425215264,0.0019059420869485038,0.07887660843781333,0.07967005743320099,0.08264830213746456,0.0826987368930769,0.0827959256285327,0.0,0.0,0.0,0.0,0.0,0.39015850400319224,0.38683313356452675,0.4595371381804547,0.48451240342182134,0.5359095739379711
seen_basis_reparameterization,direct_topology,10,16,0.9679686378684041,0.9721097601265458,0.9847636976709935,0.9853273269838776,0.937135746822141,0.2302989138877782,0.22037740290358354,0.29779103357021863,0.30380516807758745,0.3181660831709203,2.0944553569892186,2.0916545252676446,2.432851076986344,2.5043713145595783,2.6523550979898776,0.5463438187768159,0.5421263810907022,0.6336277001331794,0.6405227110010325,0.6540338554049416,0.2411408637083293,0.2298787454856409,0.3357455591204359,0.3448964469994479,0.3619674917968726,1.0,1.0,1.0,1.0,1.0,0.001920743357623324,0.001881405736234225,0.0024166476268321084,0.0024582858749214575,0.002531736531759742,0.07887660843781333,0.07967005743320099,0.08264830213746456,0.0826987368930769,0.0827959256285327,0.0,0.0,0.0,0.0,0.0,0.3442418846412261,0.33680408924253147,0.4149778709571166,0.4369905785693864,0.4930023454075467
seen_basis_reparameterization,hybrid,0,16,0.9692370191405875,0.9712253451930779,0.9805048271167256,0.9810398977716145,0.9510900600148777,0.28809735946387893,0.2792635564189382,0.34247820661009726,0.35043089267245275,0.3581464698806355,0.045619180435304385,0.041585680997143104,0.06667935106344425,0.07293958649515253,0.07475662030984243,0.024471491890929658,0.023751369149592513,0.031357900847074315,0.031984617713370384,0.033222154365258764,0.2737308073113468,0.26871227150308713,0.33160550468229044,0.33623365799859944,0.34559166757793225,1.0,1.0,1.0,1.0,1.0,0.0,0.0,0.0,0.0,0.0,0.07887660843781333,0.07967005743320099,0.08264830213746456,0.0826987368930769,0.0827959256285327,0.0,0.0,0.0,0.0,0.0,,,,,
seen_basis_reparameterization,hybrid,1,16,0.9691055087354377,0.9719977146044682,0.9836883662829418,0.984345085971536,0.9444473627478887,0.2791536605666832,0.2710587420455345,0.34905915455869685,0.355501057878338,0.3676056779491299,0.3767427974222424,0.37627792652319947,0.4554946480627322,0.4592905515093939,0.4626846021774291,0.04341686834860875,0.042346944350770674,0.054862139460213476,0.05589271337111428,0.057942367403357425,0.29232354444838127,0.28479560238752355,0.3795073985576535,0.38659239195661876,0.4008111393115925,1.0,1.0,1.0,1.0,1.0,0.0008105110801185317,0.0008454983736324935,0.0009543000839742887,0.0009832231912361297,0.0010189410412275932,0.07887660843781333,0.07967005743320099,0.08264830213746456,0.0826987368930769,0.0827959256285327,0.0,0.0,0.0,0.0,0.0,0.33112361698693804,0.32509907709015984,0.38421208407470653,0.3924554951739716,0.3987698998343667
seen_basis_reparameterization,hybrid,2,16,0.9693402383933124,0.9731976878673654,0.9858118656719108,0.9864798662114173,0.939953068969347,0.2215750016699033,0.21328401800969118,0.29515465561693943,0.3001874703524782,0.31441287800475115,0.5267817172241809,0.518968355638648,0.6049085109450756,0.6202000019586544,0.6336209284198269,0.061216156335102995,0.05962949798619061,0.07658580428305065,0.07800881396779297,0.08076340041404907,0.225040624327618,0.21548496883487295,0.3133616091953808,0.3209140163901727,0.33577489223247425,1.0,1.0,1.0,1.0,1.0,0.0034277945756257823,0.0033375020792797278,0.004413128028807976,0.004492752394567438,0.0046474763544518466,0.07887660843781333,0.07967005743320099,0.08264830213746456,0.0826987368930769,0.0827959256285327,0.0,0.0,0.0,0.0,0.0,0.15003891980193837,0.150618235666236,0.17553970124485696,0.1801174773333305,0.19361688326351434
seen_basis_reparameterization,hybrid,3,16,0.9828731098179148,0.9860134843913855,0.9937004633102492,0.994066997451388,0.9617569465228951,0.15879075368930556,0.15008194909524714,0.22322206490603563,0.22845423438372164,0.24109712099378722,0.753201744601671,0.7539860089122516,0.8749343300688182,0.9000999351474102,0.964086233610109,0.09486618402189517,0.09364554096618344,0.10814017365580983,0.10934785652878429,0.11165455433596877,0.148469816739748,0.1386598190789135,0.21891756294504874,0.22573998985975016,0.23856643025256236,1.0,1.0,1.0,1.0,1.0,0.0019096974797778567,0.001837622443629558,0.0027004446865540968,0.0027672983563121543,0.002912336260587694,0.07887660843781333,0.07967005743320099,0.08264830213746456,0.0826987368930769,0.0827959256285327,0.0,0.0,0.0,0.0,0.0,0.22642002737749017,0.22836020700679027,0.30028041519193494,0.320411328735823,0.36999938669345056
seen_basis_reparameterization,hybrid,4,16,0.9924499243770972,0.994218416329967,0.9971371177948256,0.9972488964028088,0.9820768359286591,0.1120890426441068,0.10361291701565138,0.15769118415494487,0.16189049306002562,0.17190018463407386,0.419017221478927,0.4118549103877882,0.5023378551919775,0.528887942984072,0.5907632254986321,0.0641344310276645,0.06328271426853557,0.06995388783159907,0.07059879082940829,0.07176638378002659,0.10685693904005819,0.09874611199830985,0.151648471106554,0.15622576765534926,0.16524047730217678,1.0,1.0,1.0,1.0,1.0,0.001213652815172582,0.0011285950440983097,0.001904633226598673,0.00196603325608196,0.002085459988889044,0.07887660843781333,0.07967005743320099,0.08264830213746456,0.0826987368930769,0.0827959256285327,0.0,0.0,0.0,0.0,0.0,0.33418452312274394,0.3281696784087642,0.3862365359139459,0.39551165629853013,0.40344808257130804
seen_basis_reparameterization,hybrid,5,16,0.997078573185684,0.9978085401856114,0.9985361860906594,0.9985504169120856,0.9931824101264268,0.07907441781497226,0.07237585487830075,0.10618782668008404,0.10906711929632631,0.11643963357741695,0.09361800479314392,0.08251342707277631,0.177567910279242,0.19884591943535912,0.2408725837027479,0.03515962578467616,0.03386667288124044,0.04014390692713399,0.04130986085940573,0.043746728495958245,0.06263487325595779,0.05850503553895407,0.07978998426117737,0.08234093237242343,0.08812482249886691,1.0,1.0,1.0,1.0,1.0,0.0005826889712354219,0.0004798344318389397,0.0009528060698535067,0.0009960953972587522,0.0010898657112923956,0.07887660843781333,0.07967005743320099,0.08264830213746456,0.0826987368930769,0.0827959256285327,0.0,0.0,0.0,0.0,0.0,0.33325973968259714,0.33280954613904257,0.3992320689877418,0.40639774337261403,0.40924768992389726
seen_basis_reparameterization,hybrid,6,16,0.9939496618991078,0.9944239672452008,0.9946089551893738,0.994614636687974,0.9916684584448223,0.10837958486307062,0.1041333365863575,0.12249955491202398,0.12424179787962415,0.12918590557111007,0.4351015779665736,0.4221663880116,0.5473211563808524,0.5533930128052633,0.5603325240840533,0.09189727184556329,0.08928519442883381,0.12018048534576603,0.12282193307183657,0.1281680572583357,0.09452697106957816,0.09359755459725409,0.09842354030886198,0.09943875371766124,0.10162284153032025,1.0,1.0,1.0,1.0,1.0,0.0009965798102639849,0.0009917543942086903,0.0010477674651768337,0.0010645703615501172,0.0011038279671810028,0.07887660843781333,0.07967005743320099,0.08264830213746456,0.0826987368930769,0.0827959256285327,0.0,0.0,0.0,0.0,0.0,0.5208590597629035,0.5203983701435182,0.6046685274164756,0.6225105416061185,0.6611285657824437
seen_basis_reparameterization,hybrid,7,16,0.9957245237340927,0.9961953735629372,0.9967559309670609,0.9967599273248418,0.9931563480511179,0.09442265441350467,0.09173213072591252,0.11005474367261757,0.11142078514576433,0.11547891303366571,0.898713732979,0.8845951737785969,1.0303473498852869,1.0600077508887675,1.0889727964125848,0.18209940682913595,0.178656858705332,0.22821958225214878,0.23229254403112395,0.2403461264615005,0.09121873644211731,0.08559504869870921,0.1080136710507847,0.11100942616037873,0.11701468423752506,1.0,1.0,1.0,1.0,1.0,0.0007067157202600615,0.0006926127702375675,0.0008793785886691391,0.0008933146567534317,0.0009179849992153705,0.07887660843781333,0.07967005743320099,0.08264830213746456,0.0826987368930769,0.0827959256285327,0.0,0.0,0.0,0.0,0.0,0.4636121550124264,0.46302390710107,0.5393616081383077,0.554269981927145,0.5808489496189404
seen_basis_reparameterization,hybrid,8,16,0.9858150141067663,0.9872092493247087,0.9922808711434297,0.9925263473330342,0.9741728560536884,0.15671133967629175,0.15329184915509203,0.1935829436707076,0.1964883300501717,0.2043080390924229,1.3600549683448004,1.3807712598026938,1.572424574118358,1.6207785825760483,1.6234431786443597,0.30064085250700295,0.2963268661186278,0.3639061595494356,0.36940914863522933,0.38043937259428423,0.17143637726324895,0.16307872829751452,0.22414626406235144,0.2293599026477332,0.23955900726566756,1.0,1.0,1.0,1.0,1.0,0.0011206760840545055,0.0011199426328049574,0.001384075782290173,0.0014039574973300334,0.001443111221271078,0.07887660843781333,0.07967005743320099,0.08264830213746456,0.0826987368930769,0.0827959256285327,0.0,0.0,0.0,0.0,0.0,0.4613412353658004,0.46262182376802086,0.5380563102446008,0.5644808364978122,0.6223382469457235
seen_basis_reparameterization,hybrid,9,16,0.9671011454317856,0.9701882379932129,0.983210505760377,0.9839248472872689,0.9397140953435381,0.22265423004440865,0.21691459261466192,0.2802826494954412,0.2850514995997824,0.29645245836563927,1.7502134723479927,1.7662587176686242,2.0293153653325637,2.089557152944521,2.159352752582331,0.42768673389851897,0.42262164685392545,0.5084232017554884,0.5152465598329234,0.5286440727275407,0.2822044429191676,0.2751191725569304,0.36202244378833925,0.3694167881808834,0.38345906623386294,1.0,1.0,1.0,1.0,1.0,0.0014570222129439267,0.0014438667651612033,0.0018172503836491457,0.0018470058425215264,0.0019059420869485038,0.07887660843781333,0.07967005743320099,0.08264830213746456,0.0826987368930769,0.0827959256285327,0.0,0.0,0.0,0.0,0.0,0.39015850400319224,0.38683313356452675,0.4595371381804547,0.48451240342182134,0.5359095739379711
seen_basis_reparameterization,hybrid,10,16,0.9679686378684041,0.9721097601265458,0.9847636976709935,0.9853273269838776,0.937135746822141,0.2302989138877782,0.22037740290358354,0.29779103357021863,0.30380516807758745,0.3181660831709203,2.0944553569892186,2.0916545252676446,2.432851076986344,2.5043713145595783,2.6523550979898776,0.5463438187768159,0.5421263810907022,0.6336277001331794,0.6405227110010325,0.6540338554049416,0.2411408637083293,0.2298787454856409,0.3357455591204359,0.3448964469994479,0.3619674917968726,1.0,1.0,1.0,1.0,1.0,0.001920743357623324,0.001881405736234225,0.0024166476268321084,0.0024582858749214575,0.002531736531759742,0.07887660843781333,0.07967005743320099,0.08264830213746456,0.0826987368930769,0.0827959256285327,0.0,0.0,0.0,0.0,0.0,0.3442418846412261,0.33680408924253147,0.4149778709571166,0.4369905785693864,0.4930023454075467
seen_basis_reparameterization,initial_ritz,0,16,0.9998736590154431,0.9998918875859008,0.9999438418603488,0.9999454898091318,0.9997410746159204,0.028589851900777282,0.02680276180701249,0.038724996253292655,0.04016491118690236,0.042081840288444805,0.0008580293599412259,0.0006781025511286565,0.0015550777632733492,0.0017262218940172769,0.0018734911899693785,0.0063108389268359995,0.0059186521658535374,0.008981648908742253,0.009264008940495302,0.009857004399066635,0.006424218520059735,0.006685178013840951,0.00830536431061175,0.008324479066638964,0.008334144892784914,0.0,0.0,0.0,0.0,0.0,,,,,,1.6004868551924845e-06,1.5743943038160069e-06,1.884658643092063e-06,1.936105078509387e-06,2.0792360350130323e-06,0.0,0.0,0.0,0.0,0.0,,,,,
seen_basis_reparameterization,initial_ritz,1,16,0.9993908722737503,0.9994650008078825,0.9997283468049547,0.9997416702476878,0.9988072066518977,0.05450173802526095,0.052235411880307385,0.07235007614193442,0.07411055343748814,0.07717421711743931,0.0036542885778668155,0.002976346905379401,0.006477273909661463,0.0071530765924539,0.007635373616825092,0.014791278752110093,0.014012319440162603,0.020623446690200137,0.021194711641332423,0.022361344842122686,0.02642028794216631,0.02627199839455286,0.034860183571863476,0.035278022627983255,0.03598083815778119,0.0,0.0,0.0,0.0,0.0,,,,,,1.6004868551924845e-06,1.5743943038160069e-06,1.884658643092063e-06,1.936105078509387e-06,2.0792360350130323e-06,0.0,0.0,0.0,0.0,0.0,0.0027962592179255896,0.0022982443542507447,0.004922196146388114,0.005426854698436623,0.005761882426855713
seen_basis_reparameterization,initial_ritz,2,16,0.99973807660966,0.999760112636336,0.9997758688340723,0.9997762161037954,0.9996197340939286,0.03816450539388863,0.03798517787438798,0.039777247884452,0.04009227253288491,0.04103053505026558,0.0011863949728609102,0.001159831467265171,0.0014863457924350065,0.0015333558233061595,0.0016333676211095494,0.016320985328872904,0.016066270977580826,0.018581170139691915,0.018839991843572254,0.019438310554911416,0.013621553475451294,0.013164596006011282,0.01780323166292096,0.01809173536747544,0.018427497142170388,0.0,0.0,0.0,0.0,0.0,,,,,,1.6004868551924845e-06,1.5743943038160069e-06,1.884658643092063e-06,1.936105078509387e-06,2.0792360350130323e-06,0.0,0.0,0.0,0.0,0.0,0.0024678936050059053,0.001972559314932454,0.005099773329609203,0.00561972076914774,0.0060020059957155425
seen_basis_reparameterization,initial_ritz,3,16,0.999178463976437,0.9991725509416883,0.9992070704933236,0.9992101046767922,0.9991584864402874,0.06463103893407432,0.06478154452896334,0.06646241805609462,0.06674258782164998,0.0668079931774606,0.004855579779092539,0.0049159034706791616,0.005618385967371964,0.005768040843022071,0.005855424211683058,0.028382860604184632,0.02814443018237306,0.03279675192646619,0.033146144734533436,0.03380400476169344,0.04292390921170082,0.04298895446430136,0.04352214901807098,0.04354805759712094,0.04356256019098048,0.4375,0.0,1.0,1.0,0.0,,,,,,1.6004868551924845e-06,1.5743943038160069e-06,1.884658643092063e-06,1.936105078509387e-06,2.0792360350130323e-06,0.0,0.0,0.0,0.0,0.0,0.003669184806231629,0.0036805077955683885,0.004269506086619579,0.004349383745366531,0.004579218539658925
seen_basis_reparameterization,initial_ritz,4,16,0.9989644386170324,0.9989825595917101,0.9990440075314557,0.9990473174553702,0.9988364712727102,0.06522425155006602,0.06438590074616571,0.06960647322448499,0.07027888805877965,0.0707918627493796,0.0037636418623803736,0.0037106814431409063,0.004440284631505698,0.004514328062543926,0.0045245939902285315,0.028849199686035155,0.028332930922048843,0.034373325062945284,0.03485995739301544,0.03578289160762388,0.05173178839580598,0.05141330584879279,0.055023227001679005,0.05524774917961406,0.05561053276387643,0.875,1.0,1.0,1.0,0.0,0.00017967917214955413,0.0001812627768976567,0.00019102783996103432,0.00019416978554769764,0.000197311731134361,1.6004868551924845e-06,1.5743943038160069e-06,1.884658643092063e-06,1.936105078509387e-06,2.0792360350130323e-06,0.0,0.0,0.0,0.0,0.0,0.0010919379167121657,0.0011593769275863863,0.0013983151766057134,0.0014615393416799183,0.0015569177184104888
seen_basis_reparameterization,initial_ritz,5,16,0.9989192023704372,0.9990178840700061,0.9990527644599082,0.9990537318500244,0.9984976389213642,0.0637318669535652,0.061873089597484096,0.07104190017607004,0.07192695547499593,0.07369805132574052,0.001860218984669093,0.0017310592792099122,0.002400884759589328,0.0026449185138830433,0.002804168347739555,0.029316514041525306,0.028601364784895146,0.03479972709233546,0.035358273495000904,0.0364361843738206,0.0490800660035058,0.04873854786005993,0.05086077166243705,0.05140795312470088,0.05242971965572943,1.0,1.0,1.0,1.0,1.0,0.000242224656375526,0.0002415524903069638,0.00025833951791860206,0.00026229882173946597,0.0002662581255603299,1.6004868551924845e-06,1.5743943038160069e-06,1.884658643092063e-06,1.936105078509387e-06,2.0792360350130323e-06,0.0,0.0,0.0,0.0,0.0,0.0019034228777112805,0.0018693700274612368,0.002230169700968787,0.0023122107732302943,0.0024998719307331996
seen_basis_reparameterization,initial_ritz,6,16,0.9972644630974115,0.9973461270169286,0.9974133586760421,0.9974154980263206,0.9968559610870458,0.09267165471540205,0.09080804959028813,0.10129686273435676,0.10241575518488898,0.1043155875048359,0.007439283699628929,0.007418993708067756,0.008606649533283495,0.008706743837059827,0.008987105688858854,0.04611774903918078,0.04510241100098267,0.05505243289538734,0.05593488874478941,0.05764948826475233,0.07861625622458607,0.0779173154957892,0.0819392683182315,0.08233143551900343,0.08304528169176881,0.25,0.0,1.0,1.0,0.0,0.0005225771658387614,0.0005220740565844742,0.0005233148525408535,0.000523469952035401,0.0005236250515299484,1.6004868551924845e-06,1.5743943038160069e-06,1.884658643092063e-06,1.936105078509387e-06,2.0792360350130323e-06,0.0,0.0,0.0,0.0,0.0,0.005579064714959836,0.005634974302208384,0.006480783649198241,0.006651710343191786,0.006841137891872684
seen_basis_reparameterization,initial_ritz,7,16,0.997270459169368,0.9972960438120169,0.9975048907903894,0.9975062294483266,0.9969200867167362,0.0816536752953905,0.08007757756646972,0.08660006044456216,0.08754180065471028,0.08933396650068999,0.004310500898658809,0.004200187651649756,0.005223751370128316,0.005546176453599561,0.006399769915743647,0.047216947336934906,0.04607551612318034,0.056278486270222756,0.05724311083423404,0.05911696238713514,0.0813618733337798,0.08194083275165036,0.08645072257532938,0.08668630431917858,0.08706633039431694,1.0,1.0,1.0,1.0,1.0,0.0004584578151395791,0.0004533416925605644,0.0004934628065012051,0.0004962958357052598,0.0005011506026137844,1.6004868551924845e-06,1.5743943038160069e-06,1.884658643092063e-06,1.936105078509387e-06,2.0792360350130323e-06,0.0,0.0,0.0,0.0,0.0,0.00312878280097012,0.003024761054262637,0.004213591350136436,0.004431164009641275,0.004442032270672414
seen_basis_reparameterization,initial_ritz,8,16,0.9944849462686634,0.9944483766908738,0.9946008533480077,0.9946195857286113,0.9943864398780518,0.0958348849450765,0.0958177197950274,0.09661964177580698,0.09672749326657741,0.09688386929624465,0.007283927452929051,0.007208477962150628,0.008615454235445519,0.009068420326300952,0.010047145376026023,0.0638344755318687,0.06247024503037148,0.07732723083876286,0.07865530150483813,0.08129764469380293,0.11616983375290914,0.11614035917633159,0.11697308872958202,0.11706713770188876,0.1171183001478398,1.0,1.0,1.0,1.0,1.0,0.0005033806678277803,0.0005072208041842937,0.0005098349887990227,0.0005099934073977204,0.0005104289654456963,1.6004868551924845e-06,1.5743943038160069e-06,1.884658643092063e-06,1.936105078509387e-06,2.0792360350130323e-06,0.0,0.0,0.0,0.0,0.0,0.002973426554270242,0.002930748701112318,0.003601848331318269,0.0036671664497276435,0.003726539418063446
seen_basis_reparameterization,initial_ritz,9,16,0.9682644641501079,0.9710208652997709,0.9840895096629005,0.9848563648002151,0.9420184543103641,0.2237224738623712,0.2182871585976794,0.2849159787225829,0.2897974642018847,0.30178984891025334,0.03224421833799479,0.029457228992372908,0.04580054077276685,0.050099430598336214,0.0515061846934719,0.1297026622845916,0.12206294245827584,0.18332293623505086,0.18945515855520256,0.20159509338979648,0.29159831044933426,0.2863124136163563,0.3827999234181063,0.3906764602400001,0.40560474790364476,1.0,1.0,1.0,1.0,1.0,0.0011203970423893537,0.0011097690790436857,0.0013313929821182052,0.0013497062493889867,0.0013864558521746331,1.6004868551924845e-06,1.5743943038160069e-06,1.884658643092063e-06,1.936105078509387e-06,2.0792360350130323e-06,0.0,0.0,0.0,0.0,0.0,0.02496029088506574,0.02188808656685115,0.0394762265592874,0.04329430200920892,0.04513546341661723
seen_basis_reparameterization,initial_ritz,10,16,0.9731942064548389,0.9770676876180817,0.9891354277918141,0.9896902373588272,0.9438861340773382,0.22303956469438513,0.2127040298939219,0.3023416100802137,0.309107157414931,0.32590785848350073,0.02781158192066946,0.02447734667600887,0.04104118758316888,0.044994478300465435,0.046820301498634365,0.1836396201962131,0.16910718385191428,0.27160069227968686,0.2823223696631666,0.3034746962003702,0.2547477609922213,0.2443161422353844,0.36645478318519586,0.37652602143350455,0.3957692768741355,1.0,1.0,1.0,1.0,1.0,0.0011547270306900485,0.0011181920364724317,0.0014673038543789809,0.001496474092020656,0.0015407976198896366,1.6004868551924845e-06,1.5743943038160069e-06,1.884658643092063e-06,1.936105078509387e-06,2.0792360350130323e-06,0.0,0.0,0.0,0.0,0.0,0.004432636417325331,0.004585813310685083,0.0052563353804688795,0.005499040224189011,0.0061920746105883495
seen_basis_reparameterization,physics_selected,0,16,0.9692370191405875,0.9712253451930779,0.9805048271167256,0.9810398977716145,0.9510900600148777,0.28809735946387893,0.2792635564189382,0.34247820661009726,0.35043089267245275,0.3581464698806355,0.045619180435304385,0.041585680997143104,0.06667935106344425,0.07293958649515253,0.07475662030984243,0.024471491890929658,0.023751369149592513,0.031357900847074315,0.031984617713370384,0.033222154365258764,0.2737308073113468,0.26871227150308713,0.33160550468229044,0.33623365799859944,0.34559166757793225,1.0,1.0,1.0,1.0,1.0,0.0,0.0,0.0,0.0,0.0,0.07887660843781333,0.07967005743320099,0.08264830213746456,0.0826987368930769,0.0827959256285327,0.0,0.0,0.0,0.0,0.0,,,,,
seen_basis_reparameterization,physics_selected,1,16,0.9691055087354377,0.9719977146044682,0.9836883662829418,0.984345085971536,0.9444473627478887,0.2791536605666832,0.2710587420455345,0.34905915455869685,0.355501057878338,0.3676056779491299,0.3767427974222424,0.37627792652319947,0.4554946480627322,0.4592905515093939,0.4626846021774291,0.04341686834860875,0.042346944350770674,0.054862139460213476,0.05589271337111428,0.057942367403357425,0.29232354444838127,0.28479560238752355,0.3795073985576535,0.38659239195661876,0.4008111393115925,1.0,1.0,1.0,1.0,1.0,0.0008105110801185317,0.0008454983736324935,0.0009543000839742887,0.0009832231912361297,0.0010189410412275932,0.07887660843781333,0.07967005743320099,0.08264830213746456,0.0826987368930769,0.0827959256285327,0.0,0.0,0.0,0.0,0.0,0.33112361698693804,0.32509907709015984,0.38421208407470653,0.3924554951739716,0.3987698998343667
seen_basis_reparameterization,physics_selected,2,16,0.9693402383933124,0.9731976878673654,0.9858118656719108,0.9864798662114173,0.939953068969347,0.2215750016699033,0.21328401800969118,0.29515465561693943,0.3001874703524782,0.31441287800475115,0.5267817172241809,0.518968355638648,0.6049085109450756,0.6202000019586544,0.6336209284198269,0.061216156335102995,0.05962949798619061,0.07658580428305065,0.07800881396779297,0.08076340041404907,0.225040624327618,0.21548496883487295,0.3133616091953808,0.3209140163901727,0.33577489223247425,1.0,1.0,1.0,1.0,1.0,0.0034277945756257823,0.0033375020792797278,0.004413128028807976,0.004492752394567438,0.0046474763544518466,0.07887660843781333,0.07967005743320099,0.08264830213746456,0.0826987368930769,0.0827959256285327,0.0,0.0,0.0,0.0,0.0,0.15003891980193837,0.150618235666236,0.17553970124485696,0.1801174773333305,0.19361688326351434
seen_basis_reparameterization,physics_selected,3,16,0.9828731098179148,0.9860134843913855,0.9937004633102492,0.994066997451388,0.9617569465228951,0.15879075368930556,0.15008194909524714,0.22322206490603563,0.22845423438372164,0.24109712099378722,0.753201744601671,0.7539860089122516,0.8749343300688182,0.9000999351474102,0.964086233610109,0.09486618402189517,0.09364554096618344,0.10814017365580983,0.10934785652878429,0.11165455433596877,0.148469816739748,0.1386598190789135,0.21891756294504874,0.22573998985975016,0.23856643025256236,1.0,1.0,1.0,1.0,1.0,0.0019096974797778567,0.001837622443629558,0.0027004446865540968,0.0027672983563121543,0.002912336260587694,0.07887660843781333,0.07967005743320099,0.08264830213746456,0.0826987368930769,0.0827959256285327,0.0,0.0,0.0,0.0,0.0,0.22642002737749017,0.22836020700679027,0.30028041519193494,0.320411328735823,0.36999938669345056
seen_basis_reparameterization,physics_selected,4,16,0.9924499243770972,0.994218416329967,0.9971371177948256,0.9972488964028088,0.9820768359286591,0.1120890426441068,0.10361291701565138,0.15769118415494487,0.16189049306002562,0.17190018463407386,0.419017221478927,0.4118549103877882,0.5023378551919775,0.528887942984072,0.5907632254986321,0.0641344310276645,0.06328271426853557,0.06995388783159907,0.07059879082940829,0.07176638378002659,0.10685693904005819,0.09874611199830985,0.151648471106554,0.15622576765534926,0.16524047730217678,1.0,1.0,1.0,1.0,1.0,0.001213652815172582,0.0011285950440983097,0.001904633226598673,0.00196603325608196,0.002085459988889044,0.07887660843781333,0.07967005743320099,0.08264830213746456,0.0826987368930769,0.0827959256285327,0.0,0.0,0.0,0.0,0.0,0.33418452312274394,0.3281696784087642,0.3862365359139459,0.39551165629853013,0.40344808257130804
seen_basis_reparameterization,physics_selected,5,16,0.997078573185684,0.9978085401856114,0.9985361860906594,0.9985504169120856,0.9931824101264268,0.07907441781497226,0.07237585487830075,0.10618782668008404,0.10906711929632631,0.11643963357741695,0.09361800479314392,0.08251342707277631,0.177567910279242,0.19884591943535912,0.2408725837027479,0.03515962578467616,0.03386667288124044,0.04014390692713399,0.04130986085940573,0.043746728495958245,0.06263487325595779,0.05850503553895407,0.07978998426117737,0.08234093237242343,0.08812482249886691,1.0,1.0,1.0,1.0,1.0,0.0005826889712354219,0.0004798344318389397,0.0009528060698535067,0.0009960953972587522,0.0010898657112923956,0.07887660843781333,0.07967005743320099,0.08264830213746456,0.0826987368930769,0.0827959256285327,0.0,0.0,0.0,0.0,0.0,0.33325973968259714,0.33280954613904257,0.3992320689877418,0.40639774337261403,0.40924768992389726
seen_basis_reparameterization,physics_selected,6,16,0.9939496618991078,0.9944239672452008,0.9946089551893738,0.994614636687974,0.9916684584448223,0.10837958486307062,0.1041333365863575,0.12249955491202398,0.12424179787962415,0.12918590557111007,0.4351015779665736,0.4221663880116,0.5473211563808524,0.5533930128052633,0.5603325240840533,0.09189727184556329,0.08928519442883381,0.12018048534576603,0.12282193307183657,0.1281680572583357,0.09452697106957816,0.09359755459725409,0.09842354030886198,0.09943875371766124,0.10162284153032025,1.0,1.0,1.0,1.0,1.0,0.0009965798102639849,0.0009917543942086903,0.0010477674651768337,0.0010645703615501172,0.0011038279671810028,0.07887660843781333,0.07967005743320099,0.08264830213746456,0.0826987368930769,0.0827959256285327,0.0,0.0,0.0,0.0,0.0,0.5208590597629035,0.5203983701435182,0.6046685274164756,0.6225105416061185,0.6611285657824437
seen_basis_reparameterization,physics_selected,7,16,0.9957245237340927,0.9961953735629372,0.9967559309670609,0.9967599273248418,0.9931563480511179,0.09442265441350467,0.09173213072591252,0.11005474367261757,0.11142078514576433,0.11547891303366571,0.898713732979,0.8845951737785969,1.0303473498852869,1.0600077508887675,1.0889727964125848,0.18209940682913595,0.178656858705332,0.22821958225214878,0.23229254403112395,0.2403461264615005,0.09121873644211731,0.08559504869870921,0.1080136710507847,0.11100942616037873,0.11701468423752506,1.0,1.0,1.0,1.0,1.0,0.0007067157202600615,0.0006926127702375675,0.0008793785886691391,0.0008933146567534317,0.0009179849992153705,0.07887660843781333,0.07967005743320099,0.08264830213746456,0.0826987368930769,0.0827959256285327,0.0,0.0,0.0,0.0,0.0,0.4636121550124264,0.46302390710107,0.5393616081383077,0.554269981927145,0.5808489496189404
seen_basis_reparameterization,physics_selected,8,16,0.9858150141067663,0.9872092493247087,0.9922808711434297,0.9925263473330342,0.9741728560536884,0.15671133967629175,0.15329184915509203,0.1935829436707076,0.1964883300501717,0.2043080390924229,1.3600549683448004,1.3807712598026938,1.572424574118358,1.6207785825760483,1.6234431786443597,0.30064085250700295,0.2963268661186278,0.3639061595494356,0.36940914863522933,0.38043937259428423,0.17143637726324895,0.16307872829751452,0.22414626406235144,0.2293599026477332,0.23955900726566756,1.0,1.0,1.0,1.0,1.0,0.0011206760840545055,0.0011199426328049574,0.001384075782290173,0.0014039574973300334,0.001443111221271078,0.07887660843781333,0.07967005743320099,0.08264830213746456,0.0826987368930769,0.0827959256285327,0.0,0.0,0.0,0.0,0.0,0.4613412353658004,0.46262182376802086,0.5380563102446008,0.5644808364978122,0.6223382469457235
seen_basis_reparameterization,physics_selected,9,16,0.9671011454317856,0.9701882379932129,0.983210505760377,0.9839248472872689,0.9397140953435381,0.22265423004440865,0.21691459261466192,0.2802826494954412,0.2850514995997824,0.29645245836563927,1.7502134723479927,1.7662587176686242,2.0293153653325637,2.089557152944521,2.159352752582331,0.42768673389851897,0.42262164685392545,0.5084232017554884,0.5152465598329234,0.5286440727275407,0.2822044429191676,0.2751191725569304,0.36202244378833925,0.3694167881808834,0.38345906623386294,1.0,1.0,1.0,1.0,1.0,0.0014570222129439267,0.0014438667651612033,0.0018172503836491457,0.0018470058425215264,0.0019059420869485038,0.07887660843781333,0.07967005743320099,0.08264830213746456,0.0826987368930769,0.0827959256285327,0.0,0.0,0.0,0.0,0.0,0.39015850400319224,0.38683313356452675,0.4595371381804547,0.48451240342182134,0.5359095739379711
seen_basis_reparameterization,physics_selected,10,16,0.9679686378684041,0.9721097601265458,0.9847636976709935,0.9853273269838776,0.937135746822141,0.2302989138877782,0.22037740290358354,0.29779103357021863,0.30380516807758745,0.3181660831709203,2.0944553569892186,2.0916545252676446,2.432851076986344,2.5043713145595783,2.6523550979898776,0.5463438187768159,0.5421263810907022,0.6336277001331794,0.6405227110010325,0.6540338554049416,0.2411408637083293,0.2298787454856409,0.3357455591204359,0.3448964469994479,0.3619674917968726,1.0,1.0,1.0,1.0,1.0,0.001920743357623324,0.001881405736234225,0.0024166476268321084,0.0024582858749214575,0.002531736531759742,0.07887660843781333,0.07967005743320099,0.08264830213746456,0.0826987368930769,0.0827959256285327,0.0,0.0,0.0,0.0,0.0,0.3442418846412261,0.33680408924253147,0.4149778709571166,0.4369905785693864,0.4930023454075467
single_parameter_extrapolation,direct_topology,0,2,0.9801567388155472,0.9801567388155472,0.9895363762608758,0.9907088309415418,0.9684321920088866,0.26200886446097676,0.26200886446097676,0.3366390106970886,0.3459677789766026,0.3552965472561166,0.048933135068939704,0.048933135068939704,0.04933764227647948,0.04938820567742195,0.04943876907836442,0.2701822265292231,0.2701822265292231,0.3171545968279673,0.32302614311531036,0.3288976894026534,0.2108536643583263,0.2108536643583263,0.26578051200792996,0.2726463679641304,0.27951222392033087,1.0,1.0,1.0,1.0,1.0,0.0,0.0,0.0,0.0,0.0,0.11029959955407956,0.11029959955407956,0.11128020459061277,0.11140278022017942,0.11152535584974607,0.0,0.0,0.0,0.0,0.0,,,,,
single_parameter_extrapolation,direct_topology,1,2,0.9905530533417475,0.9905530533417475,0.9966115342702432,0.9973688443863051,0.9829799521811278,0.14084911486538818,0.14084911486538818,0.18874938026442314,0.1947369134393025,0.20072444661418187,0.09291927564511915,0.09291927564511915,0.12198803204859873,0.12562162659903367,0.12925522114946864,0.09809455444620473,0.09809455444620473,0.11636240288732491,0.11864588394246493,0.12092936499760495,0.12096711615465197,0.12096711615465197,0.17116359379384594,0.17743815349874514,0.1837127132036444,1.0,1.0,1.0,1.0,1.0,0.001827655407157421,0.001827655407157421,0.0030767333086830864,0.003232868046373794,0.0033890027840645025,0.11029959955407956,0.11029959955407956,0.11128020459061277,0.11140278022017942,0.11152535584974607,0.0,0.0,0.0,0.0,0.0,0.043986140576179444,0.043986140576179444,0.0734594041871988,0.07714356213857622,0.08082772008995365
single_parameter_extrapolation,direct_topology,2,2,0.9893254500083779,0.9893254500083779,0.9944760293034243,0.9951198517153051,0.9828872258895698,0.09178135032161083,0.09178135032161083,0.10095635216041021,0.10210322739026013,0.10325010262011006,0.6035050228431409,0.6035050228431409,1.0466632725630851,1.1020580537780782,1.1574528349930713,0.08697568406054706,0.08697568406054706,0.11040447940507653,0.11333307882314271,0.1162616782412089,0.14715323468793928,0.14715323468793928,0.1792826054768316,0.18329877682544315,0.1873149481740547,1.0,1.0,1.0,1.0,1.0,0.0017993557839400952,0.0017993557839400952,0.002344734043714977,0.0024129063261868373,0.0024810786086586975,0.11029959955407956,0.11029959955407956,0.11128020459061277,0.11140278022017942,0.11152535584974607,0.0,0.0,0.0,0.0,0.0,0.6468670877950495,0.6468670877950495,1.1587398624730418,1.2227239593077908,1.28670805614254
single_parameter_extrapolation,direct_topology,3,2,0.9921826746090725,0.9921826746090725,0.9963574434709619,0.996879289578698,0.9869642135317108,0.09868875024862897,0.09868875024862897,0.1197881296568614,0.12242555208289045,0.1250629745089195,1.3138233772435575,1.3138233772435575,1.9199952746294413,1.9957667618026766,2.071538248975912,0.09753578973121921,0.09753578973121921,0.12072018692771207,0.12361823657727367,0.12651628622683528,0.13315596033371382,0.13315596033371382,0.18014559628101462,0.18601930077442722,0.1918930052678398,1.0,1.0,1.0,1.0,1.0,0.0007259473798459531,0.0007259473798459531,0.0008597125920858683,0.0008764332436158577,0.000893153895145847,0.11029959955407956,0.11029959955407956,0.11128020459061277,0.11140278022017942,0.11152535584974607,0.0,0.0,0.0,0.0,0.0,0.7598755650936271,0.7598755650936271,0.8832434442049981,0.8986644290939195,0.9140854139828409
single_parameter_extrapolation,direct_topology,4,2,0.9928370466077208,0.9928370466077208,0.996815468709193,0.997312771471877,0.9878640189808806,0.1037200861786614,0.1037200861786614,0.1345252747892653,0.13837592336559076,0.14222657194191626,1.4157523724243815,1.4157523724243815,2.1328007895605485,2.2224318417025692,2.3120628938445904,0.08218237581542753,0.08218237581542753,0.10464275278140747,0.10745029990215496,0.11025784702290245,0.11776956656826144,0.11776956656826144,0.1571855974284587,0.16211260128598334,0.167039605143508,1.0,1.0,1.0,1.0,1.0,0.00048083914598963406,0.00048083914598963406,0.0005853002313072954,0.0005983578669720031,0.0006114155026367108,0.11029959955407956,0.11029959955407956,0.11128020459061277,0.11140278022017942,0.11152535584974607,0.0,0.0,0.0,0.0,0.0,0.1385956496878542,0.1385956496878542,0.2201388458325134,0.23033174535059578,0.2405246448686782
single_parameter_extrapolation,direct_topology,5,2,0.9934513310536046,0.9934513310536046,0.9958817826905748,0.9961855891451961,0.990413266507392,0.08771435583145015,0.08771435583145015,0.10642569905890095,0.1087646169623323,0.11110353486576366,1.9853060208789959,1.9853060208789959,2.5167593377518105,2.583191002360912,2.6496226669700143,0.09400275893548389,0.09400275893548389,0.10013963709320055,0.10090674686291512,0.1016738566326297,0.1224259273645286,0.1224259273645286,0.14482916193503106,0.14762956625634385,0.15042997057765667,1.0,1.0,1.0,1.0,1.0,0.0006239153042457495,0.0006239153042457495,0.000641606132918499,0.0006438174865025927,0.0006460288400866864,0.11029959955407956,0.11029959955407956,0.11128020459061277,0.11140278022017942,0.11152535584974607,0.0,0.0,0.0,0.0,0.0,0.5695536484546144,0.5695536484546144,0.7551487487179669,0.778348136250886,0.801547523783805
single_parameter_extrapolation,direct_topology,6,2,0.989209679761778,0.989209679761778,0.9932313326971696,0.9937340393140934,0.9841826135925387,0.10725889512518338,0.10725889512518338,0.13050637585775354,0.13341231094932482,0.1363182460408961,1.915439534071222,1.915439534071222,2.759734902725848,2.865271823807676,2.9708087448895046,0.07689931455354179,0.07689931455354179,0.09375164005219556,0.09585818073952727,0.097964721426859,0.14507258641617862,0.14507258641617862,0.1700134830289539,0.17313109510555078,0.1762487071821477,1.0,1.0,1.0,1.0,1.0,0.0011345185646275007,0.0011345185646275007,0.00131227256519198,0.00133449181526254,0.0013567110653330999,0.11029959955407956,0.11029959955407956,0.11128020459061277,0.11140278022017942,0.11152535584974607,0.0,0.0,0.0,0.0,0.0,0.39105256472726424,0.39105256472726424,0.4469457541734833,0.4539324028542607,0.4609190515350381
single_parameter_extrapolation,direct_topology,7,2,0.9795478591198776,0.9795478591198776,0.9897933018889582,0.9910739822350932,0.9667410556585271,0.12423817586506387,0.12423817586506387,0.14914170131285245,0.15225464199382605,0.1553675826747996,2.1085031842523225,2.1085031842523225,2.4248056475325415,2.464343455442569,2.5038812633525964,0.07902669752257568,0.07902669752257568,0.08153061244201097,0.08184360180694039,0.0821565911718698,0.18657103818171644,0.18657103818171644,0.22891612122833804,0.23420925660916575,0.23950239198999346,1.0,1.0,1.0,1.0,1.0,0.0011710893734950853,0.0011710893734950853,0.0014898380111828529,0.0015296815908938239,0.0015695251706047948,0.11029959955407956,0.11029959955407956,0.11128020459061277,0.11140278022017942,0.11152535584974607,0.0,0.0,0.0,0.0,0.0,0.6599911317180087,0.6599911317180087,0.8144420518628891,0.8337484168809991,0.8530547818991092
single_parameter_extrapolation,direct_topology,8,2,0.9760492415195142,0.9760492415195142,0.9915117196952626,0.9934445294672313,0.9567211437998286,0.13228702916023768,0.13228702916023768,0.170589251361633,0.17537702913680742,0.18016480691198183,2.607407095904655,2.607407095904655,3.926101673983807,4.090938496243701,4.255775318503595,0.0757065295652228,0.0757065295652228,0.100331752027246,0.10340990483499889,0.1064880576427518,0.18676498899673477,0.18676498899673477,0.254908104188887,0.263425993587906,0.27194388298692507,1.0,1.0,1.0,1.0,1.0,0.0012078475677450799,0.0012078475677450799,0.00172034408026201,0.0017844061443266263,0.0018484682083912427,0.11029959955407956,0.11029959955407956,0.11128020459061277,0.11140278022017942,0.11152535584974607,0.0,0.0,0.0,0.0,0.0,1.2529901434986659,1.2529901434986659,1.6521132728205319,1.7020036639857652,1.7518940551509985
single_parameter_extrapolation,direct_topology,9,2,0.9747908024337321,0.9747908024337321,0.9933165749394565,0.9956322965026719,0.9516335868015766,0.14072741527290267,0.14072741527290267,0.2022595181930499,0.2099510310580683,0.2176425439230867,8.561291595179812,8.561291595179812,14.181603250145887,14.884142207016646,15.586681163887405,0.16650256382248663,0.16650256382248663,0.252971399956233,0.2637800044729513,0.2745886089896696,0.18169598416138266,0.18169598416138266,0.2716247249674809,0.2828658175682432,0.2941069101690055,1.0,1.0,1.0,1.0,1.0,0.001386984828018716,0.001386984828018716,0.0022291204439511495,0.0023343873959427034,0.0024396543479342577,0.11029959955407956,0.11029959955407956,0.11128020459061277,0.11140278022017942,0.11152535584974607,0.0,0.0,0.0,0.0,0.0,5.953884499275157,5.953884499275157,10.25550157616208,10.793203710772945,11.33090584538381
single_parameter_extrapolation,direct_topology,10,2,0.9609484295473063,0.9609484295473063,0.9839425949076192,0.9868168655776582,0.9322057228469153,0.2030810558367857,0.2030810558367857,0.26741619636622915,0.2754580889324096,0.28349998149859,22.607971116978604,22.607971116978604,40.345858995907996,42.56309498077417,44.780330965640346,0.2600279204190592,0.2600279204190592,0.449390813884692,0.47306117556789606,0.4967315372511002,0.2551796086963244,0.2551796086963244,0.331733591238027,0.34130283905573977,0.3508720868734526,1.0,1.0,1.0,1.0,1.0,0.0018932074738496141,0.0018932074738496141,0.002784184998131478,0.0028955571886667107,0.003006929379201944,0.11029959955407956,0.11029959955407956,0.11128020459061277,0.11140278022017942,0.11152535584974607,0.0,0.0,0.0,0.0,0.0,15.14697027995415,15.14697027995415,26.384313897393184,27.788981849573062,29.193649801752944
single_parameter_extrapolation,hybrid,0,2,0.9801567388155472,0.9801567388155472,0.9895363762608758,0.9907088309415418,0.9684321920088866,0.26200886446097676,0.26200886446097676,0.3366390106970886,0.3459677789766026,0.3552965472561166,0.048933135068939704,0.048933135068939704,0.04933764227647948,0.04938820567742195,0.04943876907836442,0.2701822265292231,0.2701822265292231,0.3171545968279673,0.32302614311531036,0.3288976894026534,0.2108536643583263,0.2108536643583263,0.26578051200792996,0.2726463679641304,0.27951222392033087,1.0,1.0,1.0,1.0,1.0,0.0,0.0,0.0,0.0,0.0,0.11029959955407956,0.11029959955407956,0.11128020459061277,0.11140278022017942,0.11152535584974607,0.0,0.0,0.0,0.0,0.0,,,,,
single_parameter_extrapolation,hybrid,1,2,0.9905530533417475,0.9905530533417475,0.9966115342702432,0.9973688443863051,0.9829799521811278,0.14084911486538818,0.14084911486538818,0.18874938026442314,0.1947369134393025,0.20072444661418187,0.09291927564511915,0.09291927564511915,0.12198803204859873,0.12562162659903367,0.12925522114946864,0.09809455444620473,0.09809455444620473,0.11636240288732491,0.11864588394246493,0.12092936499760495,0.12096711615465197,0.12096711615465197,0.17116359379384594,0.17743815349874514,0.1837127132036444,1.0,1.0,1.0,1.0,1.0,0.001827655407157421,0.001827655407157421,0.0030767333086830864,0.003232868046373794,0.0033890027840645025,0.11029959955407956,0.11029959955407956,0.11128020459061277,0.11140278022017942,0.11152535584974607,0.0,0.0,0.0,0.0,0.0,0.043986140576179444,0.043986140576179444,0.0734594041871988,0.07714356213857622,0.08082772008995365
single_parameter_extrapolation,hybrid,2,2,0.9893254500083779,0.9893254500083779,0.9944760293034243,0.9951198517153051,0.9828872258895698,0.09178135032161083,0.09178135032161083,0.10095635216041021,0.10210322739026013,0.10325010262011006,0.6035050228431409,0.6035050228431409,1.0466632725630851,1.1020580537780782,1.1574528349930713,0.08697568406054706,0.08697568406054706,0.11040447940507653,0.11333307882314271,0.1162616782412089,0.14715323468793928,0.14715323468793928,0.1792826054768316,0.18329877682544315,0.1873149481740547,1.0,1.0,1.0,1.0,1.0,0.0017993557839400952,0.0017993557839400952,0.002344734043714977,0.0024129063261868373,0.0024810786086586975,0.11029959955407956,0.11029959955407956,0.11128020459061277,0.11140278022017942,0.11152535584974607,0.0,0.0,0.0,0.0,0.0,0.6468670877950495,0.6468670877950495,1.1587398624730418,1.2227239593077908,1.28670805614254
single_parameter_extrapolation,hybrid,3,2,0.9921826746090725,0.9921826746090725,0.9963574434709619,0.996879289578698,0.9869642135317108,0.09868875024862897,0.09868875024862897,0.1197881296568614,0.12242555208289045,0.1250629745089195,1.3138233772435575,1.3138233772435575,1.9199952746294413,1.9957667618026766,2.071538248975912,0.09753578973121921,0.09753578973121921,0.12072018692771207,0.12361823657727367,0.12651628622683528,0.13315596033371382,0.13315596033371382,0.18014559628101462,0.18601930077442722,0.1918930052678398,1.0,1.0,1.0,1.0,1.0,0.0007259473798459531,0.0007259473798459531,0.0008597125920858683,0.0008764332436158577,0.000893153895145847,0.11029959955407956,0.11029959955407956,0.11128020459061277,0.11140278022017942,0.11152535584974607,0.0,0.0,0.0,0.0,0.0,0.7598755650936271,0.7598755650936271,0.8832434442049981,0.8986644290939195,0.9140854139828409
single_parameter_extrapolation,hybrid,4,2,0.9928370466077208,0.9928370466077208,0.996815468709193,0.997312771471877,0.9878640189808806,0.1037200861786614,0.1037200861786614,0.1345252747892653,0.13837592336559076,0.14222657194191626,1.4157523724243815,1.4157523724243815,2.1328007895605485,2.2224318417025692,2.3120628938445904,0.08218237581542753,0.08218237581542753,0.10464275278140747,0.10745029990215496,0.11025784702290245,0.11776956656826144,0.11776956656826144,0.1571855974284587,0.16211260128598334,0.167039605143508,1.0,1.0,1.0,1.0,1.0,0.00048083914598963406,0.00048083914598963406,0.0005853002313072954,0.0005983578669720031,0.0006114155026367108,0.11029959955407956,0.11029959955407956,0.11128020459061277,0.11140278022017942,0.11152535584974607,0.0,0.0,0.0,0.0,0.0,0.1385956496878542,0.1385956496878542,0.2201388458325134,0.23033174535059578,0.2405246448686782
single_parameter_extrapolation,hybrid,5,2,0.9934513310536046,0.9934513310536046,0.9958817826905748,0.9961855891451961,0.990413266507392,0.08771435583145015,0.08771435583145015,0.10642569905890095,0.1087646169623323,0.11110353486576366,1.9853060208789959,1.9853060208789959,2.5167593377518105,2.583191002360912,2.6496226669700143,0.09400275893548389,0.09400275893548389,0.10013963709320055,0.10090674686291512,0.1016738566326297,0.1224259273645286,0.1224259273645286,0.14482916193503106,0.14762956625634385,0.15042997057765667,1.0,1.0,1.0,1.0,1.0,0.0006239153042457495,0.0006239153042457495,0.000641606132918499,0.0006438174865025927,0.0006460288400866864,0.11029959955407956,0.11029959955407956,0.11128020459061277,0.11140278022017942,0.11152535584974607,0.0,0.0,0.0,0.0,0.0,0.5695536484546144,0.5695536484546144,0.7551487487179669,0.778348136250886,0.801547523783805
single_parameter_extrapolation,hybrid,6,2,0.989209679761778,0.989209679761778,0.9932313326971696,0.9937340393140934,0.9841826135925387,0.10725889512518338,0.10725889512518338,0.13050637585775354,0.13341231094932482,0.1363182460408961,1.915439534071222,1.915439534071222,2.759734902725848,2.865271823807676,2.9708087448895046,0.07689931455354179,0.07689931455354179,0.09375164005219556,0.09585818073952727,0.097964721426859,0.14507258641617862,0.14507258641617862,0.1700134830289539,0.17313109510555078,0.1762487071821477,1.0,1.0,1.0,1.0,1.0,0.0011345185646275007,0.0011345185646275007,0.00131227256519198,0.00133449181526254,0.0013567110653330999,0.11029959955407956,0.11029959955407956,0.11128020459061277,0.11140278022017942,0.11152535584974607,0.0,0.0,0.0,0.0,0.0,0.39105256472726424,0.39105256472726424,0.4469457541734833,0.4539324028542607,0.4609190515350381
single_parameter_extrapolation,hybrid,7,2,0.9795478591198776,0.9795478591198776,0.9897933018889582,0.9910739822350932,0.9667410556585271,0.12423817586506387,0.12423817586506387,0.14914170131285245,0.15225464199382605,0.1553675826747996,2.1085031842523225,2.1085031842523225,2.4248056475325415,2.464343455442569,2.5038812633525964,0.07902669752257568,0.07902669752257568,0.08153061244201097,0.08184360180694039,0.0821565911718698,0.18657103818171644,0.18657103818171644,0.22891612122833804,0.23420925660916575,0.23950239198999346,1.0,1.0,1.0,1.0,1.0,0.0011710893734950853,0.0011710893734950853,0.0014898380111828529,0.0015296815908938239,0.0015695251706047948,0.11029959955407956,0.11029959955407956,0.11128020459061277,0.11140278022017942,0.11152535584974607,0.0,0.0,0.0,0.0,0.0,0.6599911317180087,0.6599911317180087,0.8144420518628891,0.8337484168809991,0.8530547818991092
single_parameter_extrapolation,hybrid,8,2,0.9760492415195142,0.9760492415195142,0.9915117196952626,0.9934445294672313,0.9567211437998286,0.13228702916023768,0.13228702916023768,0.170589251361633,0.17537702913680742,0.18016480691198183,2.607407095904655,2.607407095904655,3.926101673983807,4.090938496243701,4.255775318503595,0.0757065295652228,0.0757065295652228,0.100331752027246,0.10340990483499889,0.1064880576427518,0.18676498899673477,0.18676498899673477,0.254908104188887,0.263425993587906,0.27194388298692507,1.0,1.0,1.0,1.0,1.0,0.0012078475677450799,0.0012078475677450799,0.00172034408026201,0.0017844061443266263,0.0018484682083912427,0.11029959955407956,0.11029959955407956,0.11128020459061277,0.11140278022017942,0.11152535584974607,0.0,0.0,0.0,0.0,0.0,1.2529901434986659,1.2529901434986659,1.6521132728205319,1.7020036639857652,1.7518940551509985
single_parameter_extrapolation,hybrid,9,2,0.9747908024337321,0.9747908024337321,0.9933165749394565,0.9956322965026719,0.9516335868015766,0.14072741527290267,0.14072741527290267,0.2022595181930499,0.2099510310580683,0.2176425439230867,8.561291595179812,8.561291595179812,14.181603250145887,14.884142207016646,15.586681163887405,0.16650256382248663,0.16650256382248663,0.252971399956233,0.2637800044729513,0.2745886089896696,0.18169598416138266,0.18169598416138266,0.2716247249674809,0.2828658175682432,0.2941069101690055,1.0,1.0,1.0,1.0,1.0,0.001386984828018716,0.001386984828018716,0.0022291204439511495,0.0023343873959427034,0.0024396543479342577,0.11029959955407956,0.11029959955407956,0.11128020459061277,0.11140278022017942,0.11152535584974607,0.0,0.0,0.0,0.0,0.0,5.953884499275157,5.953884499275157,10.25550157616208,10.793203710772945,11.33090584538381
single_parameter_extrapolation,hybrid,10,2,0.9609484295473063,0.9609484295473063,0.9839425949076192,0.9868168655776582,0.9322057228469153,0.2030810558367857,0.2030810558367857,0.26741619636622915,0.2754580889324096,0.28349998149859,22.607971116978604,22.607971116978604,40.345858995907996,42.56309498077417,44.780330965640346,0.2600279204190592,0.2600279204190592,0.449390813884692,0.47306117556789606,0.4967315372511002,0.2551796086963244,0.2551796086963244,0.331733591238027,0.34130283905573977,0.3508720868734526,1.0,1.0,1.0,1.0,1.0,0.0018932074738496141,0.0018932074738496141,0.002784184998131478,0.0028955571886667107,0.003006929379201944,0.11029959955407956,0.11029959955407956,0.11128020459061277,0.11140278022017942,0.11152535584974607,0.0,0.0,0.0,0.0,0.0,15.14697027995415,15.14697027995415,26.384313897393184,27.788981849573062,29.193649801752944
single_parameter_extrapolation,initial_ritz,0,2,0.9999686846471902,0.9999686846471902,0.9999795257104692,0.9999808808433791,0.9999551333180916,0.02585214012425369,0.02585214012425369,0.03173852407604235,0.03247432207001594,0.03321012006398952,0.0006822480792536556,0.0006822480792536556,0.0012076811901137407,0.0012733603289712514,0.001339039467828762,0.0826996054632218,0.0826996054632218,0.09577511574756097,0.09740955453310336,0.09904399331864576,0.004472278958928207,0.004472278958928207,0.005301888956511352,0.005405590206209246,0.005509291455907139,0.5,0.5,0.9,0.95,0.0,,,,,,1.7579495954489488e-06,1.7579495954489488e-06,1.776310623879951e-06,1.778605752433826e-06,1.7809008809877014e-06,0.0,0.0,0.0,0.0,0.0,,,,,
single_parameter_extrapolation,initial_ritz,1,2,0.9998736885446726,0.9998736885446726,0.9999370541589948,0.9999449748607852,0.9997944815267698,0.034665715938661856,0.034665715938661856,0.0449859303800456,0.04627595718521857,0.04756598399039154,0.003082275015670044,0.003082275015670044,0.0049515358960591,0.005185193506107732,0.005418851116156365,0.04981464111280525,0.04981464111280525,0.062003856524333656,0.0635275084507747,0.06505116037721576,0.009486653727320342,0.009486653727320342,0.012934137195670721,0.013365072629214516,0.013796008062758314,0.5,0.5,0.9,0.95,0.0,,,,,,1.7579495954489488e-06,1.7579495954489488e-06,1.776310623879951e-06,1.778605752433826e-06,1.7809008809877014e-06,0.0,0.0,0.0,0.0,0.0,0.0024254836270949376,0.0024254836270949376,0.0037489460440810695,0.003914378846204336,0.004079811648327603
single_parameter_extrapolation,initial_ritz,2,2,0.9997463884044689,0.9997463884044689,0.9997626589478846,0.9997646927658116,0.9997260502251993,0.045884513602120786,0.045884513602120786,0.050784368724082436,0.05139685061432764,0.05200933250457285,0.004047758896607689,0.004047758896607689,0.0068270565901848105,0.0071744688018819495,0.00752188101357909,0.045650112922543465,0.045650112922543465,0.05209580074859722,0.05290151172685393,0.05370722270511065,0.019505701898391452,0.019505701898391452,0.019791753436117443,0.01982750987833319,0.01986326632054894,1.0,1.0,1.0,1.0,1.0,,,,,,1.7579495954489488e-06,1.7579495954489488e-06,1.776310623879951e-06,1.778605752433826e-06,1.7809008809877014e-06,0.0,0.0,0.0,0.0,0.0,0.0011375460164850804,0.0011375460164850804,0.0019099331212351967,0.002006481509328961,0.0021030298974227257
single_parameter_extrapolation,initial_ritz,3,2,0.9995413966919746,0.9995413966919746,0.9995973092282953,0.9996042982953353,0.9994715060215739,0.05254339114337515,0.05254339114337515,0.0584841065183946,0.05922669594027203,0.05996928536214946,0.0075436871925598226,0.0075436871925598226,0.011931475291116734,0.012479948803436346,0.013028422315755961,0.04417377037688417,0.04417377037688417,0.05095633329274265,0.05180415365722496,0.05265197402170727,0.025123261479971584,0.025123261479971584,0.025802286881834228,0.025887165057067056,0.025972043232299888,0.5,0.5,0.9,0.95,0.0,5.490232882017488e-05,5.490232882017488e-05,5.490232882017488e-05,5.490232882017488e-05,5.490232882017488e-05,1.7579495954489488e-06,1.7579495954489488e-06,1.776310623879951e-06,1.778605752433826e-06,1.7809008809877014e-06,0.0,0.0,0.0,0.0,0.0,0.003495928295952133,0.003495928295952133,0.005104418700931923,0.005305480001554397,0.0055065413021768705
single_parameter_extrapolation,initial_ritz,4,2,0.9992907984529089,0.9992907984529089,0.9993009278398747,0.9993021940132454,0.9992781367192018,0.05719036425917752,0.05719036425917752,0.05915203395298513,0.059397242664711074,0.059642451376437026,0.00916452532645895,0.00916452532645895,0.013504094164401615,0.014046540269144446,0.01458898637388728,0.04037205417675036,0.04037205417675036,0.045701303364881506,0.0463674595133979,0.047033615661914295,0.03343938893360151,0.03343938893360151,0.03800262772795344,0.038573032577247424,0.039143437426541416,1.0,1.0,1.0,1.0,1.0,0.00020550664943860388,0.00020550664943860388,0.0002451021984558531,0.00025005164208300926,0.0002550010857101654,1.7579495954489488e-06,1.7579495954489488e-06,1.776310623879951e-06,1.778605752433826e-06,1.7809008809877014e-06,0.0,0.0,0.0,0.0,0.0,0.0016208381338991273,0.0016208381338991273,0.0016690573945133736,0.0016750848020901544,0.001681112209666935
single_parameter_extrapolation,initial_ritz,5,2,0.9987476666324948,0.9987476666324948,0.9988390939714127,0.9988505223887774,0.9986333824588474,0.05737298155217846,0.05737298155217846,0.06097806254511708,0.061428697669234415,0.06187933279335174,0.011748305789504698,0.011748305789504698,0.01545904961672484,0.015922892595127358,0.016386735573529876,0.03280321199263608,0.03280321199263608,0.035789062417017875,0.036162293720065596,0.03653552502311332,0.04043229703157515,0.04043229703157515,0.043549795356033434,0.04393948264659072,0.04432916993714801,0.5,0.5,0.9,0.95,0.0,0.00018664946171104203,0.00018664946171104203,0.00018664946171104203,0.00018664946171104203,0.00018664946171104203,1.7579495954489488e-06,1.7579495954489488e-06,1.776310623879951e-06,1.778605752433826e-06,1.7809008809877014e-06,0.0,0.0,0.0,0.0,0.0,0.0025837804630457484,0.0025837804630457484,0.0032126054737682706,0.003291208600108586,0.0033698117264489014
single_parameter_extrapolation,initial_ritz,6,2,0.9980586722411005,0.9980586722411005,0.9985033335555856,0.9985589162198963,0.9975028455979941,0.06532685922247164,0.06532685922247164,0.07583706654435488,0.07715084245959028,0.07846461837482568,0.018648458102218157,0.018648458102218157,0.022928109651187967,0.023463066094809193,0.02399802253843042,0.029228302949339487,0.029228302949339487,0.031075326831214542,0.03130620481644892,0.031537082801683304,0.052095269397527504,0.052095269397527504,0.06505882912647656,0.06667927409259519,0.06829971905871382,0.5,0.5,0.9,0.95,0.0,,,,,,1.7579495954489488e-06,1.7579495954489488e-06,1.776310623879951e-06,1.778605752433826e-06,1.7809008809877014e-06,0.0,0.0,0.0,0.0,0.0,0.006900152312713459,0.006900152312713459,0.007469060034463126,0.007540173499681835,0.007611286964900543
single_parameter_extrapolation,initial_ritz,7,2,0.9977740468160805,0.9977740468160805,0.9985480766216989,0.9986448303474011,0.9968065095590575,0.06781604322852974,0.06781604322852974,0.08027570476223991,0.08183316245395368,0.08339062014566745,0.023068394346855925,0.023068394346855925,0.02370379697332332,0.023783222301631747,0.02386264762994017,0.027028591578792907,0.027028591578792907,0.027965565520149574,0.028082687262819157,0.02819980900548874,0.06134472370179177,0.06134472370179177,0.0793343690834977,0.08158307475621093,0.08383178042892417,0.5,0.5,0.9,0.95,0.0,0.00026638497594426165,0.00026638497594426165,0.00026638497594426165,0.00026638497594426165,0.00026638497594426165,1.7579495954489488e-06,1.7579495954489488e-06,1.776310623879951e-06,1.778605752433826e-06,1.7809008809877014e-06,0.0,0.0,0.0,0.0,0.0,0.004555311153128017,0.004555311153128017,0.008091260148838231,0.008533253773302007,0.008975247397765784
single_parameter_extrapolation,initial_ritz,8,2,0.996358916571983,0.996358916571983,0.9980046219608678,0.9982103351344784,0.9943017848358771,0.07731293238623282,0.07731293238623282,0.09811837462102052,0.10071905490036898,0.10331973517971745,0.04120765436163509,0.04120765436163509,0.04752059915176545,0.04830971725053175,0.04909883534929804,0.02694070135272994,0.02694070135272994,0.031238002578318658,0.031775165231517244,0.03231232788471584,0.07584466122285871,0.07584466122285871,0.10429430548241227,0.10785051101485646,0.11140671654730065,0.5,0.5,0.9,0.95,0.0,0.00028961408499507754,0.00028961408499507754,0.00028961408499507754,0.00028961408499507754,0.00028961408499507754,1.7579495954489488e-06,1.7579495954489488e-06,1.776310623879951e-06,1.778605752433826e-06,1.7809008809877014e-06,0.0,0.0,0.0,0.0,0.0,0.01813926001477917,0.01813926001477917,0.02381680217844213,0.0245264949489,0.025236187719357872
single_parameter_extrapolation,initial_ritz,9,2,0.9937563250829875,0.9937563250829875,0.997504210062349,0.9979726956847692,0.9890714688587857,0.09047646142994725,0.09047646142994725,0.11391474967216378,0.11684453570244085,0.11977432173271792,0.05468549003327716,0.05468549003327716,0.060975083315798526,0.0617612824761137,0.06254748163642887,0.022133442652773627,0.022133442652773627,0.026789698480970597,0.027371730459495217,0.02795376243801984,0.10152822919750851,0.10152822919750851,0.1393854980487793,0.14411765665518816,0.14884981526159702,1.0,1.0,1.0,1.0,1.0,0.0005123614516813005,0.0005123614516813005,0.0006064427877843463,0.0006182029547972271,0.0006299631218101078,1.7579495954489488e-06,1.7579495954489488e-06,1.776310623879951e-06,1.778605752433826e-06,1.7809008809877014e-06,0.0,0.0,0.0,0.0,0.0,0.013477835671642069,0.013477835671642069,0.013501187179251061,0.013504106117702187,0.01350702505615331
single_parameter_extrapolation,initial_ritz,10,2,0.9798993721641045,0.9798993721641045,0.9915924050019614,0.9930540341066936,0.9652830811167833,0.15378876986978068,0.15378876986978068,0.1915141239319611,0.19622979318973366,0.20094546244750622,0.0996378905013433,0.0996378905013433,0.14422439406957926,0.14979770701560877,0.15537101996163827,0.025416254241824494,0.025416254241824494,0.03221507921492412,0.033064932336561575,0.03391478545819903,0.19020477194069135,0.19020477194069135,0.2585158451282974,0.2670547292767481,0.2755936134251989,1.0,1.0,1.0,1.0,1.0,0.0010013700149336259,0.0010013700149336259,0.001162275065999385,0.0011823881973826048,0.0012025013287658246,1.7579495954489488e-06,1.7579495954489488e-06,1.776310623879951e-06,1.778605752433826e-06,1.7809008809877014e-06,0.0,0.0,0.0,0.0,0.0,0.04787113785714325,0.04787113785714325,0.08383305823159617,0.08832829827840277,0.0928235383252094
single_parameter_extrapolation,physics_selected,0,2,0.9801567388155472,0.9801567388155472,0.9895363762608758,0.9907088309415418,0.9684321920088866,0.26200886446097676,0.26200886446097676,0.3366390106970886,0.3459677789766026,0.3552965472561166,0.048933135068939704,0.048933135068939704,0.04933764227647948,0.04938820567742195,0.04943876907836442,0.2701822265292231,0.2701822265292231,0.3171545968279673,0.32302614311531036,0.3288976894026534,0.2108536643583263,0.2108536643583263,0.26578051200792996,0.2726463679641304,0.27951222392033087,1.0,1.0,1.0,1.0,1.0,0.0,0.0,0.0,0.0,0.0,0.11029959955407956,0.11029959955407956,0.11128020459061277,0.11140278022017942,0.11152535584974607,0.0,0.0,0.0,0.0,0.0,,,,,
single_parameter_extrapolation,physics_selected,1,2,0.9905530533417475,0.9905530533417475,0.9966115342702432,0.9973688443863051,0.9829799521811278,0.14084911486538818,0.14084911486538818,0.18874938026442314,0.1947369134393025,0.20072444661418187,0.09291927564511915,0.09291927564511915,0.12198803204859873,0.12562162659903367,0.12925522114946864,0.09809455444620473,0.09809455444620473,0.11636240288732491,0.11864588394246493,0.12092936499760495,0.12096711615465197,0.12096711615465197,0.17116359379384594,0.17743815349874514,0.1837127132036444,1.0,1.0,1.0,1.0,1.0,0.001827655407157421,0.001827655407157421,0.0030767333086830864,0.003232868046373794,0.0033890027840645025,0.11029959955407956,0.11029959955407956,0.11128020459061277,0.11140278022017942,0.11152535584974607,0.0,0.0,0.0,0.0,0.0,0.043986140576179444,0.043986140576179444,0.0734594041871988,0.07714356213857622,0.08082772008995365
single_parameter_extrapolation,physics_selected,2,2,0.9893254500083779,0.9893254500083779,0.9944760293034243,0.9951198517153051,0.9828872258895698,0.09178135032161083,0.09178135032161083,0.10095635216041021,0.10210322739026013,0.10325010262011006,0.6035050228431409,0.6035050228431409,1.0466632725630851,1.1020580537780782,1.1574528349930713,0.08697568406054706,0.08697568406054706,0.11040447940507653,0.11333307882314271,0.1162616782412089,0.14715323468793928,0.14715323468793928,0.1792826054768316,0.18329877682544315,0.1873149481740547,1.0,1.0,1.0,1.0,1.0,0.0017993557839400952,0.0017993557839400952,0.002344734043714977,0.0024129063261868373,0.0024810786086586975,0.11029959955407956,0.11029959955407956,0.11128020459061277,0.11140278022017942,0.11152535584974607,0.0,0.0,0.0,0.0,0.0,0.6468670877950495,0.6468670877950495,1.1587398624730418,1.2227239593077908,1.28670805614254
single_parameter_extrapolation,physics_selected,3,2,0.9921826746090725,0.9921826746090725,0.9963574434709619,0.996879289578698,0.9869642135317108,0.09868875024862897,0.09868875024862897,0.1197881296568614,0.12242555208289045,0.1250629745089195,1.3138233772435575,1.3138233772435575,1.9199952746294413,1.9957667618026766,2.071538248975912,0.09753578973121921,0.09753578973121921,0.12072018692771207,0.12361823657727367,0.12651628622683528,0.13315596033371382,0.13315596033371382,0.18014559628101462,0.18601930077442722,0.1918930052678398,1.0,1.0,1.0,1.0,1.0,0.0007259473798459531,0.0007259473798459531,0.0008597125920858683,0.0008764332436158577,0.000893153895145847,0.11029959955407956,0.11029959955407956,0.11128020459061277,0.11140278022017942,0.11152535584974607,0.0,0.0,0.0,0.0,0.0,0.7598755650936271,0.7598755650936271,0.8832434442049981,0.8986644290939195,0.9140854139828409
single_parameter_extrapolation,physics_selected,4,2,0.9928370466077208,0.9928370466077208,0.996815468709193,0.997312771471877,0.9878640189808806,0.1037200861786614,0.1037200861786614,0.1345252747892653,0.13837592336559076,0.14222657194191626,1.4157523724243815,1.4157523724243815,2.1328007895605485,2.2224318417025692,2.3120628938445904,0.08218237581542753,0.08218237581542753,0.10464275278140747,0.10745029990215496,0.11025784702290245,0.11776956656826144,0.11776956656826144,0.1571855974284587,0.16211260128598334,0.167039605143508,1.0,1.0,1.0,1.0,1.0,0.00048083914598963406,0.00048083914598963406,0.0005853002313072954,0.0005983578669720031,0.0006114155026367108,0.11029959955407956,0.11029959955407956,0.11128020459061277,0.11140278022017942,0.11152535584974607,0.0,0.0,0.0,0.0,0.0,0.1385956496878542,0.1385956496878542,0.2201388458325134,0.23033174535059578,0.2405246448686782
single_parameter_extrapolation,physics_selected,5,2,0.9934513310536046,0.9934513310536046,0.9958817826905748,0.9961855891451961,0.990413266507392,0.08771435583145015,0.08771435583145015,0.10642569905890095,0.1087646169623323,0.11110353486576366,1.9853060208789959,1.9853060208789959,2.5167593377518105,2.583191002360912,2.6496226669700143,0.09400275893548389,0.09400275893548389,0.10013963709320055,0.10090674686291512,0.1016738566326297,0.1224259273645286,0.1224259273645286,0.14482916193503106,0.14762956625634385,0.15042997057765667,1.0,1.0,1.0,1.0,1.0,0.0006239153042457495,0.0006239153042457495,0.000641606132918499,0.0006438174865025927,0.0006460288400866864,0.11029959955407956,0.11029959955407956,0.11128020459061277,0.11140278022017942,0.11152535584974607,0.0,0.0,0.0,0.0,0.0,0.5695536484546144,0.5695536484546144,0.7551487487179669,0.778348136250886,0.801547523783805
single_parameter_extrapolation,physics_selected,6,2,0.989209679761778,0.989209679761778,0.9932313326971696,0.9937340393140934,0.9841826135925387,0.10725889512518338,0.10725889512518338,0.13050637585775354,0.13341231094932482,0.1363182460408961,1.915439534071222,1.915439534071222,2.759734902725848,2.865271823807676,2.9708087448895046,0.07689931455354179,0.07689931455354179,0.09375164005219556,0.09585818073952727,0.097964721426859,0.14507258641617862,0.14507258641617862,0.1700134830289539,0.17313109510555078,0.1762487071821477,1.0,1.0,1.0,1.0,1.0,0.0011345185646275007,0.0011345185646275007,0.00131227256519198,0.00133449181526254,0.0013567110653330999,0.11029959955407956,0.11029959955407956,0.11128020459061277,0.11140278022017942,0.11152535584974607,0.0,0.0,0.0,0.0,0.0,0.39105256472726424,0.39105256472726424,0.4469457541734833,0.4539324028542607,0.4609190515350381
single_parameter_extrapolation,physics_selected,7,2,0.9795478591198776,0.9795478591198776,0.9897933018889582,0.9910739822350932,0.9667410556585271,0.12423817586506387,0.12423817586506387,0.14914170131285245,0.15225464199382605,0.1553675826747996,2.1085031842523225,2.1085031842523225,2.4248056475325415,2.464343455442569,2.5038812633525964,0.07902669752257568,0.07902669752257568,0.08153061244201097,0.08184360180694039,0.0821565911718698,0.18657103818171644,0.18657103818171644,0.22891612122833804,0.23420925660916575,0.23950239198999346,1.0,1.0,1.0,1.0,1.0,0.0011710893734950853,0.0011710893734950853,0.0014898380111828529,0.0015296815908938239,0.0015695251706047948,0.11029959955407956,0.11029959955407956,0.11128020459061277,0.11140278022017942,0.11152535584974607,0.0,0.0,0.0,0.0,0.0,0.6599911317180087,0.6599911317180087,0.8144420518628891,0.8337484168809991,0.8530547818991092
single_parameter_extrapolation,physics_selected,8,2,0.9760492415195142,0.9760492415195142,0.9915117196952626,0.9934445294672313,0.9567211437998286,0.13228702916023768,0.13228702916023768,0.170589251361633,0.17537702913680742,0.18016480691198183,2.607407095904655,2.607407095904655,3.926101673983807,4.090938496243701,4.255775318503595,0.0757065295652228,0.0757065295652228,0.100331752027246,0.10340990483499889,0.1064880576427518,0.18676498899673477,0.18676498899673477,0.254908104188887,0.263425993587906,0.27194388298692507,1.0,1.0,1.0,1.0,1.0,0.0012078475677450799,0.0012078475677450799,0.00172034408026201,0.0017844061443266263,0.0018484682083912427,0.11029959955407956,0.11029959955407956,0.11128020459061277,0.11140278022017942,0.11152535584974607,0.0,0.0,0.0,0.0,0.0,1.2529901434986659,1.2529901434986659,1.6521132728205319,1.7020036639857652,1.7518940551509985
single_parameter_extrapolation,physics_selected,9,2,0.9747908024337321,0.9747908024337321,0.9933165749394565,0.9956322965026719,0.9516335868015766,0.14072741527290267,0.14072741527290267,0.2022595181930499,0.2099510310580683,0.2176425439230867,8.561291595179812,8.561291595179812,14.181603250145887,14.884142207016646,15.586681163887405,0.16650256382248663,0.16650256382248663,0.252971399956233,0.2637800044729513,0.2745886089896696,0.18169598416138266,0.18169598416138266,0.2716247249674809,0.2828658175682432,0.2941069101690055,1.0,1.0,1.0,1.0,1.0,0.001386984828018716,0.001386984828018716,0.0022291204439511495,0.0023343873959427034,0.0024396543479342577,0.11029959955407956,0.11029959955407956,0.11128020459061277,0.11140278022017942,0.11152535584974607,0.0,0.0,0.0,0.0,0.0,5.953884499275157,5.953884499275157,10.25550157616208,10.793203710772945,11.33090584538381
single_parameter_extrapolation,physics_selected,10,2,0.9609484295473063,0.9609484295473063,0.9839425949076192,0.9868168655776582,0.9322057228469153,0.2030810558367857,0.2030810558367857,0.26741619636622915,0.2754580889324096,0.28349998149859,22.607971116978604,22.607971116978604,40.345858995907996,42.56309498077417,44.780330965640346,0.2600279204190592,0.2600279204190592,0.449390813884692,0.47306117556789606,0.4967315372511002,0.2551796086963244,0.2551796086963244,0.331733591238027,0.34130283905573977,0.3508720868734526,1.0,1.0,1.0,1.0,1.0,0.0018932074738496141,0.0018932074738496141,0.002784184998131478,0.0028955571886667107,0.003006929379201944,0.11029959955407956,0.11029959955407956,0.11128020459061277,0.11140278022017942,0.11152535584974607,0.0,0.0,0.0,0.0,0.0,15.14697027995415,15.14697027995415,26.384313897393184,27.788981849573062,29.193649801752944
unseen_analytical_functional_forms,direct_topology,0,48,0.6684378988191834,0.9705998767429331,0.9979993056178287,0.9985033421350978,0.030450287149474252,0.4634921542005364,0.2809292943181584,1.0290664894335693,1.0320313783769635,1.033989714519315,17.195981994765237,0.044808331831566406,62.70365696607834,68.79880482819107,79.37316855396978,0.1735336068520156,0.197811845027919,0.3164526283115219,0.34520740051679893,0.3626939428862647,0.7395179728305417,0.27072312941879195,1.8799728199573025,1.891912642429217,1.895616204501854,1.0,1.0,1.0,1.0,1.0,0.0,0.0,0.0,0.0,0.0,0.3995944243658358,0.12651584141895392,0.9955449276851398,0.9960396984142691,0.9964785394965004,0.0,0.0,0.0,0.0,0.0,,,,,
unseen_analytical_functional_forms,direct_topology,1,48,0.7279481069605905,0.9726932933506788,0.9956053895929455,0.9958834016786801,0.19459328468428622,0.45217286348282154,0.2703599743226096,0.9790479342834036,0.9810419981144971,0.9814078045691134,6.090434841036722,0.3659379573666217,19.338601385063328,21.344030632669075,25.027343541967014,0.16812203652384836,0.10834688705723577,0.36988788655029226,0.3848677604326287,0.40042582420550127,0.6247616730451923,0.28384113649150466,1.5045237623981667,1.5370291164214025,1.5471303554823388,1.0,1.0,1.0,1.0,1.0,0.04899989524226525,0.0004081857747756888,0.14819550780132235,0.15132147580463284,0.15322416390174048,0.3995944243658358,0.12651584141895392,0.9955449276851398,0.9960396984142691,0.9964785394965004,0.0,0.0,0.0,0.0,0.0,11.329949371402273,0.3125741883586546,42.52484554740648,50.481212530142344,54.34582501200276
unseen_analytical_functional_forms,direct_topology,2,48,0.7191760443663436,0.963229746052502,0.9814786416473454,0.9835569953167198,0.16826516908079905,0.4708184687791694,0.21211261635360118,1.0237729224172722,1.0271312771326233,1.0318131644061104,1.092086963228141,0.5217414791720976,3.6127226499312806,4.324845107830875,4.792123808681538,0.21859097234301464,0.10030304104454985,0.5194482532147807,0.5482992033935224,0.5683900948879037,0.5145083778476964,0.3156420693240921,1.0428995449599112,1.0658600279996566,1.090433643006066,0.6666666666666666,1.0,1.0,1.0,0.0,0.05699689349540136,0.0035893803280737813,0.16706408735243827,0.1694534035275528,0.1718843279619946,0.3995944243658358,0.12651584141895392,0.9955449276851398,0.9960396984142691,0.9964785394965004,0.0,0.0,0.0,0.0,0.0,5.473936000051921,0.1722139863063865,19.530254084950297,21.209722019511087,24.824430754245213
unseen_analytical_functional_forms,direct_topology,3,48,0.682832998593835,0.9792955349169292,0.9907277469633982,0.9919826845411474,0.04299765629580095,0.45068070931346266,0.16152179060458105,1.0502796673767918,1.053235159530024,1.0585824837054896,2.7639168882955722,0.7582779998424334,9.548818542886385,13.316842765256688,13.928772224634656,0.23118948221011007,0.10381377226623932,0.5041345445108674,0.5387700645295918,0.5801764102216878,0.5325713006248863,0.21054266615776784,1.2558586781317442,1.2745370609173394,1.2794763806488112,0.6666666666666666,1.0,1.0,1.0,0.0,0.06618628548426349,0.0019817992322859325,0.19656801000941002,0.1980295074626767,0.1992836639664991,0.3995944243658358,0.12651584141895392,0.9955449276851398,0.9960396984142691,0.9964785394965004,0.0,0.0,0.0,0.0,0.0,3.1366538575182403,0.3331840242582449,10.05140700556041,11.05517512586243,13.141125943849033
unseen_analytical_functional_forms,direct_topology,4,48,0.6646683445235585,0.9825878350289494,0.996368207863315,0.9966930599653461,0.0002826541728940722,0.4547067802018299,0.146727203005532,1.1172485359529865,1.1341576614890925,1.1522445287744003,4.41700331273121,0.4420314641025733,15.774635888946536,19.734171695585417,20.51589598377828,0.2357478015107636,0.09870412687935248,0.5606148597860166,0.588389716219991,0.6332833522086375,0.49869102958960515,0.1919034218647213,1.2006444791795492,1.2075884613658274,1.2099435166641161,0.6666666666666666,1.0,1.0,1.0,0.0,0.05953604774561775,0.0018533437754374427,0.17691117079178592,0.17833932763617702,0.17936498839971166,0.3995944243658358,0.12651584141895392,0.9955449276851398,0.9960396984142691,0.9964785394965004,0.0,0.0,0.0,0.0,0.0,1.8719242659285975,0.32848759548052087,5.744077065349831,6.383584138900531,7.577682827651046
unseen_analytical_functional_forms,direct_topology,5,48,0.7359747891240772,0.9763452622798585,0.9983734055641544,0.9984577915774351,0.21502927356982204,0.4092755066983343,0.15023445924855036,0.9918905490396848,0.9971840414689416,0.9990361661087301,5.6327611480173205,0.9736136782656304,19.736441558019475,23.517535359071093,25.323649907414847,0.26109954740393676,0.17598027971274333,0.59503255150204,0.6211856448625472,0.665266737643702,0.433803199130593,0.21331003422170866,1.0221086134956843,1.0243924278008674,1.035135641398952,0.6666666666666666,1.0,1.0,1.0,0.0,0.07349405266947505,0.0022795461744901293,0.21866069057504867,0.2213187643659558,0.2221695738645595,0.3995944243658358,0.12651584141895392,0.9955449276851398,0.9960396984142691,0.9964785394965004,0.0,0.0,0.0,0.0,0.0,1.436398994744889,0.6324251695761621,3.652045499051014,4.050680268238597,4.807753923636568
unseen_analytical_functional_forms,direct_topology,6,48,0.7671946060301987,0.9780527910473436,0.9948961227102241,0.9950072709073413,0.30671629461865746,0.435736072920863,0.14867419358025147,1.0541180359189921,1.058096825422371,1.062820506512537,6.48854980706308,0.9840212584387922,22.365141160198565,25.99566826224016,28.514334862286546,0.2889353098411604,0.15199277429759617,0.6497604645972718,0.668001441890147,0.7055227143171782,0.39809409415770336,0.21054211789320015,0.8896866378383609,0.9150712263071702,0.9384598483136901,0.6666666666666666,1.0,1.0,1.0,0.0,0.06883814588433934,0.0018380047021275964,0.20450511102050398,0.2068278520172624,0.20768083450141092,0.3995944243658358,0.12651584141895392,0.9955449276851398,0.9960396984142691,0.9964785394965004,0.0,0.0,0.0,0.0,0.0,0.9259123192499455,0.5208952904976187,2.4388115496092135,2.690254533291306,3.190684954871699
unseen_analytical_functional_forms,direct_topology,7,48,0.6799020253359448,0.9647890109069737,0.9967180871468585,0.996763028287262,0.02744717003281323,0.4962504741544171,0.1826880881815264,1.2020072016956767,1.2177477912958241,1.2365903958021232,7.506275721366305,2.074811036315018,24.061226643596925,27.66853124667389,30.704430403304798,0.3399501117946559,0.23992231218998267,0.6372743734395125,0.6407687341105375,0.6842061006454185,0.5381094595276252,0.2510815190658553,1.2645468271232636,1.2806711503629118,1.2856834944592674,0.6666666666666666,1.0,1.0,1.0,0.0,0.07458324306918439,0.002244152446240537,0.2213060023096733,0.22407726884447626,0.22537140589973836,0.3995944243658358,0.12651584141895392,0.9955449276851398,0.9960396984142691,0.9964785394965004,0.0,0.0,0.0,0.0,0.0,1.0177259143032247,1.0539114845753024,1.6664591562284474,1.8401984226080101,2.190095541018252
unseen_analytical_functional_forms,direct_topology,8,48,0.721349176790761,0.9654088194139919,0.9907519912372628,0.9918549904594547,0.1549563292261753,0.5177422278738195,0.19420651264149982,1.2067137687880118,1.2128688924999427,1.2242462174315683,7.979770695029551,2.0313970132578887,25.14213757568957,28.766514294668514,32.16348188914145,0.3961971409113763,0.29302452087085323,0.7042314817008805,0.7198856846983916,0.7478131153011378,0.5970774923825499,0.24919504183094152,1.3911348229576599,1.409829877575941,1.445095124634061,1.0,1.0,1.0,1.0,1.0,0.06765167716875647,0.002171648691042632,0.20053396698363976,0.20255415450450825,0.20410844152812327,0.3995944243658358,0.12651584141895392,0.9955449276851398,0.9960396984142691,0.9964785394965004,0.0,0.0,0.0,0.0,0.0,0.49971008768485303,0.4703033331932063,1.1027770994398967,1.2183817791579628,1.4590514858366532
unseen_analytical_functional_forms,direct_topology,9,48,0.6950509338192975,0.9519172731301235,0.9821547909514183,0.9851457581803972,0.12183165743764944,0.5874981707221522,0.24591299686993612,1.3544562615805569,1.3601192028324742,1.3621722807943337,8.838173930569816,3.569554691849713,25.85188202433134,29.495300591078607,33.14529580451119,0.4581651931420194,0.4197836950431518,0.6739993049971118,0.7050762966158973,0.734368045494217,0.6408630448037805,0.30776867557609455,1.4185196669520543,1.437262880632237,1.4790709045383723,0.6666666666666666,1.0,1.0,1.0,0.0,0.06409195359240454,0.0024221960406515244,0.18998417474161947,0.19110307661388803,0.19339292869875496,0.3995944243658358,0.12651584141895392,0.9955449276851398,0.9960396984142691,0.9964785394965004,0.0,0.0,0.0,0.0,0.0,0.858403235540267,0.6442417311177877,1.5906646932629729,1.7981826303049389,1.85799993094611
unseen_analytical_functional_forms,direct_topology,10,48,0.6579588128156916,0.9377749944206721,0.9797120564723054,0.9826177708087235,0.019898166360530933,0.657730268791524,0.27856164607164635,1.5007979431471703,1.518293862271761,1.5698473873405292,9.008798186471921,3.3120772253360826,26.28672165208195,29.951148513687812,33.77066949369407,0.45440909850444,0.5256421130509228,0.6153950165258475,0.6275467395974149,0.6564634545764702,0.7156529854430215,0.34137096565602487,1.6008938008562938,1.6137979838032452,1.628516708386442,1.0,1.0,1.0,1.0,1.0,0.06706278128749882,0.002837573248588703,0.1979918677964121,0.19875001717512214,0.20120667264059605,0.3995944243658358,0.12651584141895392,0.9955449276851398,0.9960396984142691,0.9964785394965004,0.0,0.0,0.0,0.0,0.0,0.3354202737999549,0.2982866482577107,0.4620105532158704,0.5097593421551068,0.6253736891828794
unseen_analytical_functional_forms,hybrid,0,48,0.6684378988191834,0.9705998767429331,0.9979993056178287,0.9985033421350978,0.030450287149474252,0.4634921542005364,0.2809292943181584,1.0290664894335693,1.0320313783769635,1.033989714519315,17.195981994765237,0.044808331831566406,62.70365696607834,68.79880482819107,79.37316855396978,0.1735336068520156,0.197811845027919,0.3164526283115219,0.34520740051679893,0.3626939428862647,0.7395179728305417,0.27072312941879195,1.8799728199573025,1.891912642429217,1.895616204501854,1.0,1.0,1.0,1.0,1.0,0.0,0.0,0.0,0.0,0.0,0.3995944243658358,0.12651584141895392,0.9955449276851398,0.9960396984142691,0.9964785394965004,0.0,0.0,0.0,0.0,0.0,,,,,
unseen_analytical_functional_forms,hybrid,1,48,0.7279481069605905,0.9726932933506788,0.9956053895929455,0.9958834016786801,0.19459328468428622,0.45217286348282154,0.2703599743226096,0.9790479342834036,0.9810419981144971,0.9814078045691134,6.090434841036722,0.3659379573666217,19.338601385063328,21.344030632669075,25.027343541967014,0.16812203652384836,0.10834688705723577,0.36988788655029226,0.3848677604326287,0.40042582420550127,0.6247616730451923,0.28384113649150466,1.5045237623981667,1.5370291164214025,1.5471303554823388,1.0,1.0,1.0,1.0,1.0,0.04899989524226525,0.0004081857747756888,0.14819550780132235,0.15132147580463284,0.15322416390174048,0.3995944243658358,0.12651584141895392,0.9955449276851398,0.9960396984142691,0.9964785394965004,0.0,0.0,0.0,0.0,0.0,11.329949371402273,0.3125741883586546,42.52484554740648,50.481212530142344,54.34582501200276
unseen_analytical_functional_forms,hybrid,2,48,0.7191760443663436,0.963229746052502,0.9814786416473454,0.9835569953167198,0.16826516908079905,0.4708184687791694,0.21211261635360118,1.0237729224172722,1.0271312771326233,1.0318131644061104,1.092086963228141,0.5217414791720976,3.6127226499312806,4.324845107830875,4.792123808681538,0.21859097234301464,0.10030304104454985,0.5194482532147807,0.5482992033935224,0.5683900948879037,0.5145083778476964,0.3156420693240921,1.0428995449599112,1.0658600279996566,1.090433643006066,0.6666666666666666,1.0,1.0,1.0,0.0,0.05699689349540136,0.0035893803280737813,0.16706408735243827,0.1694534035275528,0.1718843279619946,0.3995944243658358,0.12651584141895392,0.9955449276851398,0.9960396984142691,0.9964785394965004,0.0,0.0,0.0,0.0,0.0,5.473936000051921,0.1722139863063865,19.530254084950297,21.209722019511087,24.824430754245213
unseen_analytical_functional_forms,hybrid,3,48,0.682832998593835,0.9792955349169292,0.9907277469633982,0.9919826845411474,0.04299765629580095,0.45068070931346266,0.16152179060458105,1.0502796673767918,1.053235159530024,1.0585824837054896,2.7639168882955722,0.7582779998424334,9.548818542886385,13.316842765256688,13.928772224634656,0.23118948221011007,0.10381377226623932,0.5041345445108674,0.5387700645295918,0.5801764102216878,0.5325713006248863,0.21054266615776784,1.2558586781317442,1.2745370609173394,1.2794763806488112,0.6666666666666666,1.0,1.0,1.0,0.0,0.06618628548426349,0.0019817992322859325,0.19656801000941002,0.1980295074626767,0.1992836639664991,0.3995944243658358,0.12651584141895392,0.9955449276851398,0.9960396984142691,0.9964785394965004,0.0,0.0,0.0,0.0,0.0,3.1366538575182403,0.3331840242582449,10.05140700556041,11.05517512586243,13.141125943849033
unseen_analytical_functional_forms,hybrid,4,48,0.6646683445235585,0.9825878350289494,0.996368207863315,0.9966930599653461,0.0002826541728940722,0.4547067802018299,0.146727203005532,1.1172485359529865,1.1341576614890925,1.1522445287744003,4.41700331273121,0.4420314641025733,15.774635888946536,19.734171695585417,20.51589598377828,0.2357478015107636,0.09870412687935248,0.5606148597860166,0.588389716219991,0.6332833522086375,0.49869102958960515,0.1919034218647213,1.2006444791795492,1.2075884613658274,1.2099435166641161,0.6666666666666666,1.0,1.0,1.0,0.0,0.05953604774561775,0.0018533437754374427,0.17691117079178592,0.17833932763617702,0.17936498839971166,0.3995944243658358,0.12651584141895392,0.9955449276851398,0.9960396984142691,0.9964785394965004,0.0,0.0,0.0,0.0,0.0,1.8719242659285975,0.32848759548052087,5.744077065349831,6.383584138900531,7.577682827651046
unseen_analytical_functional_forms,hybrid,5,48,0.7359747891240772,0.9763452622798585,0.9983734055641544,0.9984577915774351,0.21502927356982204,0.4092755066983343,0.15023445924855036,0.9918905490396848,0.9971840414689416,0.9990361661087301,5.6327611480173205,0.9736136782656304,19.736441558019475,23.517535359071093,25.323649907414847,0.26109954740393676,0.17598027971274333,0.59503255150204,0.6211856448625472,0.665266737643702,0.433803199130593,0.21331003422170866,1.0221086134956843,1.0243924278008674,1.035135641398952,0.6666666666666666,1.0,1.0,1.0,0.0,0.07349405266947505,0.0022795461744901293,0.21866069057504867,0.2213187643659558,0.2221695738645595,0.3995944243658358,0.12651584141895392,0.9955449276851398,0.9960396984142691,0.9964785394965004,0.0,0.0,0.0,0.0,0.0,1.436398994744889,0.6324251695761621,3.652045499051014,4.050680268238597,4.807753923636568
unseen_analytical_functional_forms,hybrid,6,48,0.7671946060301987,0.9780527910473436,0.9948961227102241,0.9950072709073413,0.30671629461865746,0.435736072920863,0.14867419358025147,1.0541180359189921,1.058096825422371,1.062820506512537,6.48854980706308,0.9840212584387922,22.365141160198565,25.99566826224016,28.514334862286546,0.2889353098411604,0.15199277429759617,0.6497604645972718,0.668001441890147,0.7055227143171782,0.39809409415770336,0.21054211789320015,0.8896866378383609,0.9150712263071702,0.9384598483136901,0.6666666666666666,1.0,1.0,1.0,0.0,0.06883814588433934,0.0018380047021275964,0.20450511102050398,0.2068278520172624,0.20768083450141092,0.3995944243658358,0.12651584141895392,0.9955449276851398,0.9960396984142691,0.9964785394965004,0.0,0.0,0.0,0.0,0.0,0.9259123192499455,0.5208952904976187,2.4388115496092135,2.690254533291306,3.190684954871699
unseen_analytical_functional_forms,hybrid,7,48,0.6799020253359448,0.9647890109069737,0.9967180871468585,0.996763028287262,0.02744717003281323,0.4962504741544171,0.1826880881815264,1.2020072016956767,1.2177477912958241,1.2365903958021232,7.506275721366305,2.074811036315018,24.061226643596925,27.66853124667389,30.704430403304798,0.3399501117946559,0.23992231218998267,0.6372743734395125,0.6407687341105375,0.6842061006454185,0.5381094595276252,0.2510815190658553,1.2645468271232636,1.2806711503629118,1.2856834944592674,0.6666666666666666,1.0,1.0,1.0,0.0,0.07458324306918439,0.002244152446240537,0.2213060023096733,0.22407726884447626,0.22537140589973836,0.3995944243658358,0.12651584141895392,0.9955449276851398,0.9960396984142691,0.9964785394965004,0.0,0.0,0.0,0.0,0.0,1.0177259143032247,1.0539114845753024,1.6664591562284474,1.8401984226080101,2.190095541018252
unseen_analytical_functional_forms,hybrid,8,48,0.721349176790761,0.9654088194139919,0.9907519912372628,0.9918549904594547,0.1549563292261753,0.5177422278738195,0.19420651264149982,1.2067137687880118,1.2128688924999427,1.2242462174315683,7.979770695029551,2.0313970132578887,25.14213757568957,28.766514294668514,32.16348188914145,0.3961971409113763,0.29302452087085323,0.7042314817008805,0.7198856846983916,0.7478131153011378,0.5970774923825499,0.24919504183094152,1.3911348229576599,1.409829877575941,1.445095124634061,1.0,1.0,1.0,1.0,1.0,0.06765167716875647,0.002171648691042632,0.20053396698363976,0.20255415450450825,0.20410844152812327,0.3995944243658358,0.12651584141895392,0.9955449276851398,0.9960396984142691,0.9964785394965004,0.0,0.0,0.0,0.0,0.0,0.49971008768485303,0.4703033331932063,1.1027770994398967,1.2183817791579628,1.4590514858366532
unseen_analytical_functional_forms,hybrid,9,48,0.6950509338192975,0.9519172731301235,0.9821547909514183,0.9851457581803972,0.12183165743764944,0.5874981707221522,0.24591299686993612,1.3544562615805569,1.3601192028324742,1.3621722807943337,8.838173930569816,3.569554691849713,25.85188202433134,29.495300591078607,33.14529580451119,0.4581651931420194,0.4197836950431518,0.6739993049971118,0.7050762966158973,0.734368045494217,0.6408630448037805,0.30776867557609455,1.4185196669520543,1.437262880632237,1.4790709045383723,0.6666666666666666,1.0,1.0,1.0,0.0,0.06409195359240454,0.0024221960406515244,0.18998417474161947,0.19110307661388803,0.19339292869875496,0.3995944243658358,0.12651584141895392,0.9955449276851398,0.9960396984142691,0.9964785394965004,0.0,0.0,0.0,0.0,0.0,0.858403235540267,0.6442417311177877,1.5906646932629729,1.7981826303049389,1.85799993094611
unseen_analytical_functional_forms,hybrid,10,48,0.6579588128156916,0.9377749944206721,0.9797120564723054,0.9826177708087235,0.019898166360530933,0.657730268791524,0.27856164607164635,1.5007979431471703,1.518293862271761,1.5698473873405292,9.008798186471921,3.3120772253360826,26.28672165208195,29.951148513687812,33.77066949369407,0.45440909850444,0.5256421130509228,0.6153950165258475,0.6275467395974149,0.6564634545764702,0.7156529854430215,0.34137096565602487,1.6008938008562938,1.6137979838032452,1.628516708386442,1.0,1.0,1.0,1.0,1.0,0.06706278128749882,0.002837573248588703,0.1979918677964121,0.19875001717512214,0.20120667264059605,0.3995944243658358,0.12651584141895392,0.9955449276851398,0.9960396984142691,0.9964785394965004,0.0,0.0,0.0,0.0,0.0,0.3354202737999549,0.2982866482577107,0.4620105532158704,0.5097593421551068,0.6253736891828794
unseen_analytical_functional_forms,initial_ritz,0,48,0.8303474494781856,0.9998968648089834,0.9999901759264399,0.9999932461342538,0.39262815152243774,0.31914734680966245,0.02619119094778158,0.9282284960947115,0.9490695828442157,0.9559489560048849,8.888054909050087,0.000650181715738718,34.15935552221476,41.89890629913834,42.36793478932134,0.210291461761985,0.06486827000079418,0.5840949222756935,0.591341890732043,0.6347908833162239,0.40472602864359475,0.007031104483899823,1.237038399096044,1.3073019577226095,1.3350748533516186,0.16666666666666666,0.0,1.0,1.0,0.0,,,,,,0.0017460713055002196,1.6117516226654693e-06,0.0055165336022882,0.0061684075020287995,0.006799714296463866,0.0,0.0,0.0,0.0,0.0,,,,,
unseen_analytical_functional_forms,initial_ritz,1,48,0.7108182104333448,0.9994927287118134,0.9999577698871216,0.9999599956780825,0.07546128780766549,0.38959950266769755,0.05158742572397483,1.1020992513433465,1.110099513256893,1.1141688892161947,5.898913699748114,0.0029047324308280054,22.031969973338246,23.734561597365133,26.589118749486545,0.2702686385959732,0.03334566018832825,0.7829880377279494,0.7987395548511493,0.8086168877456174,0.5522039115889852,0.026219661526381693,1.640391167299811,1.6879343732967012,1.7065846417559163,0.1875,0.0,1.0,1.0,0.0,,,,,,0.0017460713055002196,1.6117516226654693e-06,0.0055165336022882,0.0061684075020287995,0.006799714296463866,0.0,0.0,0.0,0.0,0.0,2.9910048409417005,0.0022545507150892874,12.122790569989498,16.691619792281966,18.615211135538317
unseen_analytical_functional_forms,initial_ritz,2,48,0.6691454895369873,0.999776133172376,0.9999451116486232,0.9999515697735207,1.4967096766648503e-06,0.4277986562461192,0.036864754336762784,1.2264522243624958,1.2271101996761764,1.2284005786809211,3.663592336051314,0.0010341373474205273,12.841067150508971,13.817659432143083,15.956840018556761,0.2933669160810812,0.02614226649721531,0.8383655613706339,0.872629142207534,0.8865278279757359,0.5792631085832459,0.01421448596601128,1.7370926022717172,1.7435140378017422,1.771980353969288,0.2708333333333333,0.0,1.0,1.0,0.0,,,,,,0.0017460713055002196,1.6117516226654693e-06,0.0055165336022882,0.0061684075020287995,0.006799714296463866,0.0,0.0,0.0,0.0,0.0,2.2354129564700593,0.0020427155778981465,8.61486068713236,10.20722072251402,10.632278730929784
unseen_analytical_functional_forms,initial_ritz,3,48,0.6697731468738674,0.999154740296532,0.9996934052748758,0.999705189574875,0.002011711142209357,0.35699278678308205,0.06509270794871574,0.9784187174916905,0.9809287126960783,0.9855792569647792,2.3718291297452265,0.004874656937140509,7.902769751331551,8.72079823278213,10.114334298706751,0.30632412592532604,0.03611839290862156,0.8557655261039558,0.8852624135752589,0.9022595078731267,0.5611182494732744,0.04340291293821207,1.6400065823160126,1.658394299374186,1.6816623930321322,0.4583333333333333,0.0,1.0,1.0,0.0,6.975057622980564e-05,7.841375700960438e-05,9.207750076722029e-05,9.653192736390145e-05,9.788281970204884e-05,0.0017460713055002196,1.6117516226654693e-06,0.0055165336022882,0.0061684075020287995,0.006799714296463866,0.0,0.0,0.0,0.0,0.0,1.2950229317834028,0.003970538112187949,4.85083757626902,5.192440002104198,5.84250571985001
unseen_analytical_functional_forms,initial_ritz,4,48,0.6759851667225836,0.998955253217477,0.9994454588259699,0.9994583277735695,0.022357704219563516,0.36449614752530124,0.06488855398235788,0.9886842112125422,0.9981430311253086,1.015098437739305,1.6002024385929514,0.003961257295497234,5.302629056237623,5.809344773965827,6.753047802842815,0.3201739928932114,0.04198708731984086,0.8954721018776594,0.9199749830469777,0.9281885682097571,0.5278910714206386,0.05219717198896204,1.5247866231473792,1.5343662513156364,1.5507359306251718,0.625,1.0,1.0,1.0,0.0,0.00012457791292334053,0.00010024014396507494,0.00018836292908990204,0.0001921265095996301,0.00019986007661087078,0.0017460713055002196,1.6117516226654693e-06,0.0055165336022882,0.0061684075020287995,0.006799714296463866,0.0,0.0,0.0,0.0,0.0,0.7727290190334432,0.0017182504490784734,2.751698666182702,2.9434484690162974,3.3612864958639364
unseen_analytical_functional_forms,initial_ritz,5,48,0.6779540321305945,0.9981779670616421,0.9990224971565582,0.9990373132691185,0.0330582903973233,0.3793323373754582,0.06439458232275505,1.0330803330199123,1.0485517383870853,1.071654978176649,1.1017784810672973,0.0051133427058835945,3.618085865078456,3.9680379321646067,4.624119257624216,0.31482918111106395,0.03644580485052144,0.882701991437621,0.9067902574196637,0.9139518492416061,0.5182521678189654,0.049972147128887034,1.474915379062538,1.4872700297308428,1.5010009927058712,0.3333333333333333,0.0,1.0,1.0,0.0,0.00024402952019319043,0.00024166738271645303,0.0002569456350193461,0.00026307760716079144,0.00026920957930223684,0.0017460713055002196,1.6117516226654693e-06,0.0055165336022882,0.0061684075020287995,0.006799714296463866,0.0,0.0,0.0,0.0,0.0,0.5000130701274395,0.0024806078932990694,1.6798253364903448,1.8413068418012202,2.1289285452185993
unseen_analytical_functional_forms,initial_ritz,6,48,0.6764561812309546,0.9973853844463181,0.9988107449030947,0.9990001854389393,0.025993058210942985,0.4120831031890749,0.0905681489718234,1.1123361246744283,1.1291346150644497,1.1532157956209237,0.8510398408458851,0.007412611244527412,2.763007846429739,3.0550185250729367,3.6231554102354266,0.3240303132726266,0.04476350059302808,0.9080093208851588,0.9251902435070012,0.937665460526131,0.47444349042991196,0.0778778549078193,1.328002365740986,1.3388096576139592,1.3521950491771144,0.10416666666666667,0.0,0.30000000000000426,1.0,0.0,0.0005186707133664177,0.0005173597125124632,0.0005212044484357391,0.0005216850404261486,0.000522165632416558,0.0017460713055002196,1.6117516226654693e-06,0.0055165336022882,0.0061684075020287995,0.006799714296463866,0.0,0.0,0.0,0.0,0.0,0.2547132487669198,0.005423128381480513,0.8278474583304846,0.8968960062606627,1.000963847388789
unseen_analytical_functional_forms,initial_ritz,7,48,0.6692564083354341,0.9973704918639603,0.9986793614374458,0.9989192987143619,0.006801897389232184,0.45882442271604007,0.08046182548270317,1.2569824233433857,1.277522479252339,1.312289319241466,0.8630197080482399,0.004566993082496751,2.8135232347264383,3.1272141254065158,3.6933700422518427,0.33707413054161756,0.045996476857258516,0.9400987039642055,0.9494074853694741,0.9555759376389962,0.4031669444636617,0.08091330123562139,1.1137724319431335,1.15073623606848,1.1665496621567577,0.4583333333333333,0.0,1.0,1.0,0.0,0.000466863877917838,0.0004642684988030052,0.0005029237964051618,0.0005106178528296867,0.0005140931601669574,0.0017460713055002196,1.6117516226654693e-06,0.0055165336022882,0.0061684075020287995,0.006799714296463866,0.0,0.0,0.0,0.0,0.0,0.017088556205989435,0.0029813467610444455,0.06697108482646287,0.07972625470606969,0.11941555241243407
unseen_analytical_functional_forms,initial_ritz,8,48,0.6734909152803926,0.9944083233283423,0.9981954348459503,0.9983422423826911,0.022991224905999294,0.4342823619993597,0.09571406754148759,1.1622249016493975,1.186336900919774,1.219420644904893,0.6198414673833771,0.007423936429141076,2.03236610980751,2.2380537689489444,2.6727955957523477,0.34559481643173817,0.06191576087011842,0.9475502688285299,0.9582188583806374,0.9727703338794619,0.6615688243680578,0.11543948309998758,1.8821555260111582,1.8906662683400919,1.9166238986178126,0.3333333333333333,0.0,1.0,1.0,0.0,0.0005020594861278014,0.0005057791549441979,0.0005086579555446226,0.000509024083434483,0.0005090717178953737,0.0017460713055002196,1.6117516226654693e-06,0.0055165336022882,0.0061684075020287995,0.006799714296463866,0.0,0.0,0.0,0.0,0.0,0.24582737921651884,0.00318647444595177,0.7590564209742809,0.877777825523846,1.020574446499495
unseen_analytical_functional_forms,initial_ritz,9,48,0.6798473690691734,0.9720283798166138,0.9868626936810517,0.9887201214458817,0.04409959735650432,0.5851263187173505,0.21541294392142551,1.4177600333431184,1.4716393678870408,1.4879446378774734,0.5017917312369787,0.03056762733072471,1.5708638397298247,1.7745562908316999,2.1542776169670788,0.37495197001366765,0.11966046699899903,0.9726416028337559,0.9781963609774398,0.9824217553473037,0.5861040354044856,0.2802665258514371,1.300738379699031,1.3275489032079117,1.3555017668931302,0.6666666666666666,1.0,1.0,1.0,0.0,0.001150168368796097,0.0011359520884307401,0.0014337209773403403,0.0015259150995998157,0.0015302094243397916,0.0017460713055002196,1.6117516226654693e-06,0.0055165336022882,0.0061684075020287995,0.006799714296463866,0.0,0.0,0.0,0.0,0.0,0.14409431176976017,0.02501024031931376,0.4476488123583409,0.5031046126768529,0.5778999780260676
unseen_analytical_functional_forms,initial_ritz,10,48,0.6462459964349833,0.9592581681083931,0.9845435809633117,0.9872921066917093,0.00033515419078428724,0.9088957167301658,0.22692662014975928,2.3133350061338307,2.328573482799864,2.348585716459134,2.5670195918871417,0.043104132221910785,8.386694919203274,9.56934917762797,11.392852272968526,0.409969153891141,0.16724335060288903,0.9968151543106589,0.9975396403183159,0.9985428223158348,0.6710097059062679,0.31441547251454466,1.4833055662597137,1.4880350854322393,1.4945255503824175,0.6666666666666666,1.0,1.0,1.0,0.0,0.0014420820030696371,0.0015840381505056655,0.0017494556284300242,0.0017582649507344803,0.0017880392817327512,0.0017460713055002196,1.6117516226654693e-06,0.0055165336022882,0.0061684075020287995,0.006799714296463866,0.0,0.0,0.0,0.0,0.0,2.067705934304071,0.024641308581030863,6.804076008167992,7.8026031427888,9.238575132838605
unseen_analytical_functional_forms,physics_selected,0,48,0.6684378988191834,0.9705998767429331,0.9979993056178287,0.9985033421350978,0.030450287149474252,0.4634921542005364,0.2809292943181584,1.0290664894335693,1.0320313783769635,1.033989714519315,17.195981994765237,0.044808331831566406,62.70365696607834,68.79880482819107,79.37316855396978,0.1735336068520156,0.197811845027919,0.3164526283115219,0.34520740051679893,0.3626939428862647,0.7395179728305417,0.27072312941879195,1.8799728199573025,1.891912642429217,1.895616204501854,1.0,1.0,1.0,1.0,1.0,0.0,0.0,0.0,0.0,0.0,0.3995944243658358,0.12651584141895392,0.9955449276851398,0.9960396984142691,0.9964785394965004,0.0,0.0,0.0,0.0,0.0,,,,,
unseen_analytical_functional_forms,physics_selected,1,48,0.7279481069605905,0.9726932933506788,0.9956053895929455,0.9958834016786801,0.19459328468428622,0.45217286348282154,0.2703599743226096,0.9790479342834036,0.9810419981144971,0.9814078045691134,6.090434841036722,0.3659379573666217,19.338601385063328,21.344030632669075,25.027343541967014,0.16812203652384836,0.10834688705723577,0.36988788655029226,0.3848677604326287,0.40042582420550127,0.6247616730451923,0.28384113649150466,1.5045237623981667,1.5370291164214025,1.5471303554823388,1.0,1.0,1.0,1.0,1.0,0.04899989524226525,0.0004081857747756888,0.14819550780132235,0.15132147580463284,0.15322416390174048,0.3995944243658358,0.12651584141895392,0.9955449276851398,0.9960396984142691,0.9964785394965004,0.0,0.0,0.0,0.0,0.0,11.329949371402273,0.3125741883586546,42.52484554740648,50.481212530142344,54.34582501200276
unseen_analytical_functional_forms,physics_selected,2,48,0.7191760443663436,0.963229746052502,0.9814786416473454,0.9835569953167198,0.16826516908079905,0.4708184687791694,0.21211261635360118,1.0237729224172722,1.0271312771326233,1.0318131644061104,1.092086963228141,0.5217414791720976,3.6127226499312806,4.324845107830875,4.792123808681538,0.21859097234301464,0.10030304104454985,0.5194482532147807,0.5482992033935224,0.5683900948879037,0.5145083778476964,0.3156420693240921,1.0428995449599112,1.0658600279996566,1.090433643006066,0.6666666666666666,1.0,1.0,1.0,0.0,0.05699689349540136,0.0035893803280737813,0.16706408735243827,0.1694534035275528,0.1718843279619946,0.3995944243658358,0.12651584141895392,0.9955449276851398,0.9960396984142691,0.9964785394965004,0.0,0.0,0.0,0.0,0.0,5.473936000051921,0.1722139863063865,19.530254084950297,21.209722019511087,24.824430754245213
unseen_analytical_functional_forms,physics_selected,3,48,0.682832998593835,0.9792955349169292,0.9907277469633982,0.9919826845411474,0.04299765629580095,0.45068070931346266,0.16152179060458105,1.0502796673767918,1.053235159530024,1.0585824837054896,2.7639168882955722,0.7582779998424334,9.548818542886385,13.316842765256688,13.928772224634656,0.23118948221011007,0.10381377226623932,0.5041345445108674,0.5387700645295918,0.5801764102216878,0.5325713006248863,0.21054266615776784,1.2558586781317442,1.2745370609173394,1.2794763806488112,0.6666666666666666,1.0,1.0,1.0,0.0,0.06618628548426349,0.0019817992322859325,0.19656801000941002,0.1980295074626767,0.1992836639664991,0.3995944243658358,0.12651584141895392,0.9955449276851398,0.9960396984142691,0.9964785394965004,0.0,0.0,0.0,0.0,0.0,3.1366538575182403,0.3331840242582449,10.05140700556041,11.05517512586243,13.141125943849033
unseen_analytical_functional_forms,physics_selected,4,48,0.6646683445235585,0.9825878350289494,0.996368207863315,0.9966930599653461,0.0002826541728940722,0.4547067802018299,0.146727203005532,1.1172485359529865,1.1341576614890925,1.1522445287744003,4.41700331273121,0.4420314641025733,15.774635888946536,19.734171695585417,20.51589598377828,0.2357478015107636,0.09870412687935248,0.5606148597860166,0.588389716219991,0.6332833522086375,0.49869102958960515,0.1919034218647213,1.2006444791795492,1.2075884613658274,1.2099435166641161,0.6666666666666666,1.0,1.0,1.0,0.0,0.05953604774561775,0.0018533437754374427,0.17691117079178592,0.17833932763617702,0.17936498839971166,0.3995944243658358,0.12651584141895392,0.9955449276851398,0.9960396984142691,0.9964785394965004,0.0,0.0,0.0,0.0,0.0,1.8719242659285975,0.32848759548052087,5.744077065349831,6.383584138900531,7.577682827651046
unseen_analytical_functional_forms,physics_selected,5,48,0.7359747891240772,0.9763452622798585,0.9983734055641544,0.9984577915774351,0.21502927356982204,0.4092755066983343,0.15023445924855036,0.9918905490396848,0.9971840414689416,0.9990361661087301,5.6327611480173205,0.9736136782656304,19.736441558019475,23.517535359071093,25.323649907414847,0.26109954740393676,0.17598027971274333,0.59503255150204,0.6211856448625472,0.665266737643702,0.433803199130593,0.21331003422170866,1.0221086134956843,1.0243924278008674,1.035135641398952,0.6666666666666666,1.0,1.0,1.0,0.0,0.07349405266947505,0.0022795461744901293,0.21866069057504867,0.2213187643659558,0.2221695738645595,0.3995944243658358,0.12651584141895392,0.9955449276851398,0.9960396984142691,0.9964785394965004,0.0,0.0,0.0,0.0,0.0,1.436398994744889,0.6324251695761621,3.652045499051014,4.050680268238597,4.807753923636568
unseen_analytical_functional_forms,physics_selected,6,48,0.7671946060301987,0.9780527910473436,0.9948961227102241,0.9950072709073413,0.30671629461865746,0.435736072920863,0.14867419358025147,1.0541180359189921,1.058096825422371,1.062820506512537,6.48854980706308,0.9840212584387922,22.365141160198565,25.99566826224016,28.514334862286546,0.2889353098411604,0.15199277429759617,0.6497604645972718,0.668001441890147,0.7055227143171782,0.39809409415770336,0.21054211789320015,0.8896866378383609,0.9150712263071702,0.9384598483136901,0.6666666666666666,1.0,1.0,1.0,0.0,0.06883814588433934,0.0018380047021275964,0.20450511102050398,0.2068278520172624,0.20768083450141092,0.3995944243658358,0.12651584141895392,0.9955449276851398,0.9960396984142691,0.9964785394965004,0.0,0.0,0.0,0.0,0.0,0.9259123192499455,0.5208952904976187,2.4388115496092135,2.690254533291306,3.190684954871699
unseen_analytical_functional_forms,physics_selected,7,48,0.6799020253359448,0.9647890109069737,0.9967180871468585,0.996763028287262,0.02744717003281323,0.4962504741544171,0.1826880881815264,1.2020072016956767,1.2177477912958241,1.2365903958021232,7.506275721366305,2.074811036315018,24.061226643596925,27.66853124667389,30.704430403304798,0.3399501117946559,0.23992231218998267,0.6372743734395125,0.6407687341105375,0.6842061006454185,0.5381094595276252,0.2510815190658553,1.2645468271232636,1.2806711503629118,1.2856834944592674,0.6666666666666666,1.0,1.0,1.0,0.0,0.07458324306918439,0.002244152446240537,0.2213060023096733,0.22407726884447626,0.22537140589973836,0.3995944243658358,0.12651584141895392,0.9955449276851398,0.9960396984142691,0.9964785394965004,0.0,0.0,0.0,0.0,0.0,1.0177259143032247,1.0539114845753024,1.6664591562284474,1.8401984226080101,2.190095541018252
unseen_analytical_functional_forms,physics_selected,8,48,0.721349176790761,0.9654088194139919,0.9907519912372628,0.9918549904594547,0.1549563292261753,0.5177422278738195,0.19420651264149982,1.2067137687880118,1.2128688924999427,1.2242462174315683,7.979770695029551,2.0313970132578887,25.14213757568957,28.766514294668514,32.16348188914145,0.3961971409113763,0.29302452087085323,0.7042314817008805,0.7198856846983916,0.7478131153011378,0.5970774923825499,0.24919504183094152,1.3911348229576599,1.409829877575941,1.445095124634061,1.0,1.0,1.0,1.0,1.0,0.06765167716875647,0.002171648691042632,0.20053396698363976,0.20255415450450825,0.20410844152812327,0.3995944243658358,0.12651584141895392,0.9955449276851398,0.9960396984142691,0.9964785394965004,0.0,0.0,0.0,0.0,0.0,0.49971008768485303,0.4703033331932063,1.1027770994398967,1.2183817791579628,1.4590514858366532
unseen_analytical_functional_forms,physics_selected,9,48,0.6950509338192975,0.9519172731301235,0.9821547909514183,0.9851457581803972,0.12183165743764944,0.5874981707221522,0.24591299686993612,1.3544562615805569,1.3601192028324742,1.3621722807943337,8.838173930569816,3.569554691849713,25.85188202433134,29.495300591078607,33.14529580451119,0.4581651931420194,0.4197836950431518,0.6739993049971118,0.7050762966158973,0.734368045494217,0.6408630448037805,0.30776867557609455,1.4185196669520543,1.437262880632237,1.4790709045383723,0.6666666666666666,1.0,1.0,1.0,0.0,0.06409195359240454,0.0024221960406515244,0.18998417474161947,0.19110307661388803,0.19339292869875496,0.3995944243658358,0.12651584141895392,0.9955449276851398,0.9960396984142691,0.9964785394965004,0.0,0.0,0.0,0.0,0.0,0.858403235540267,0.6442417311177877,1.5906646932629729,1.7981826303049389,1.85799993094611
unseen_analytical_functional_forms,physics_selected,10,48,0.6579588128156916,0.9377749944206721,0.9797120564723054,0.9826177708087235,0.019898166360530933,0.657730268791524,0.27856164607164635,1.5007979431471703,1.518293862271761,1.5698473873405292,9.008798186471921,3.3120772253360826,26.28672165208195,29.951148513687812,33.77066949369407,0.45440909850444,0.5256421130509228,0.6153950165258475,0.6275467395974149,0.6564634545764702,0.7156529854430215,0.34137096565602487,1.6008938008562938,1.6137979838032452,1.628516708386442,1.0,1.0,1.0,1.0,1.0,0.06706278128749882,0.002837573248588703,0.1979918677964121,0.19875001717512214,0.20120667264059605,0.3995944243658358,0.12651584141895392,0.9955449276851398,0.9960396984142691,0.9964785394965004,0.0,0.0,0.0,0.0,0.0,0.3354202737999549,0.2982866482577107,0.4620105532158704,0.5097593421551068,0.6253736891828794
valid_spatial_reflection,direct_topology,0,1,0.9587314220828265,0.9587314220828265,0.9587314220828265,0.9587314220828265,0.9587314220828265,0.3774155667070356,0.3774155667070356,0.3774155667070356,0.3774155667070356,0.3774155667070356,0.04490558676282519,0.04490558676282519,0.04490558676282519,0.04490558676282519,0.04490558676282519,0.349668767169564,0.349668767169564,0.349668767169564,0.349668767169564,0.349668767169564,0.325773043858164,0.325773043858164,0.325773043858164,0.325773043858164,0.325773043858164,1.0,1.0,1.0,1.0,1.0,0.0,0.0,0.0,0.0,0.0,0.10839682155689942,0.10839682155689942,0.10839682155689942,0.10839682155689942,0.10839682155689942,0.0,0.0,0.0,0.0,0.0,,,,,
valid_spatial_reflection,direct_topology,1,1,0.9722534469884897,0.9722534469884897,0.9722534469884897,0.9722534469884897,0.9722534469884897,0.20150109814985878,0.20150109814985878,0.20150109814985878,0.20150109814985878,0.20150109814985878,0.1640290729289453,0.1640290729289453,0.1640290729289453,0.1640290729289453,0.1640290729289453,0.10936410768097087,0.10936410768097087,0.10936410768097087,0.10936410768097087,0.10936410768097087,0.18705382240274418,0.18705382240274418,0.18705382240274418,0.18705382240274418,0.18705382240274418,1.0,1.0,1.0,1.0,1.0,0.007071732993082776,0.007071732993082776,0.007071732993082776,0.007071732993082776,0.007071732993082776,0.10839682155689942,0.10839682155689942,0.10839682155689942,0.10839682155689942,0.10839682155689942,0.0,0.0,0.0,0.0,0.0,0.1191234861661199,0.1191234861661199,0.1191234861661199,0.1191234861661199,0.1191234861661199
valid_spatial_reflection,direct_topology,2,1,0.9852186640094597,0.9852186640094597,0.9852186640094597,0.9852186640094597,0.9852186640094597,0.13282635900859893,0.13282635900859893,0.13282635900859893,0.13282635900859893,0.13282635900859893,0.9083290186362714,0.9083290186362714,0.9083290186362714,0.9083290186362714,0.9083290186362714,0.10215988613566454,0.10215988613566454,0.10215988613566454,0.10215988613566454,0.10215988613566454,0.17584359943735284,0.17584359943735284,0.17584359943735284,0.17584359943735284,0.17584359943735284,1.0,1.0,1.0,1.0,1.0,0.0026820191014866428,0.0026820191014866428,0.0026820191014866428,0.0026820191014866428,0.0026820191014866428,0.10839682155689942,0.10839682155689942,0.10839682155689942,0.10839682155689942,0.10839682155689942,0.0,0.0,0.0,0.0,0.0,1.0723580915652167,1.0723580915652167,1.0723580915652167,1.0723580915652167,1.0723580915652167
valid_spatial_reflection,direct_topology,3,1,0.989549160660284,0.989549160660284,0.989549160660284,0.989549160660284,0.989549160660284,0.1254330285411673,0.1254330285411673,0.1254330285411673,0.1254330285411673,0.1254330285411673,1.8330512521710336,1.8330512521710336,1.8330512521710336,1.8330512521710336,1.8330512521710336,0.12564626857645136,0.12564626857645136,0.12564626857645136,0.12564626857645136,0.12564626857645136,0.16060566201969734,0.16060566201969734,0.16060566201969734,0.16060566201969734,0.16060566201969734,1.0,1.0,1.0,1.0,1.0,0.0007404325991908734,0.0007404325991908734,0.0007404325991908734,0.0007404325991908734,0.0007404325991908734,0.10839682155689942,0.10839682155689942,0.10839682155689942,0.10839682155689942,0.10839682155689942,0.0,0.0,0.0,0.0,0.0,0.9247222335347622,0.9247222335347622,0.9247222335347622,0.9247222335347622,0.9247222335347622
valid_spatial_reflection,direct_topology,4,1,0.988772877415966,0.988772877415966,0.988772877415966,0.988772877415966,0.988772877415966,0.15120314842103055,0.15120314842103055,0.15120314842103055,0.15120314842103055,0.15120314842103055,2.0539895838862137,2.0539895838862137,2.0539895838862137,2.0539895838862137,2.0539895838862137,0.10792916138743862,0.10792916138743862,0.10792916138743862,0.10792916138743862,0.10792916138743862,0.14619063797813092,0.14619063797813092,0.14619063797813092,0.14619063797813092,0.14619063797813092,1.0,1.0,1.0,1.0,1.0,0.0015735415352071546,0.0015735415352071546,0.0015735415352071546,0.0015735415352071546,0.0015735415352071546,0.10839682155689942,0.10839682155689942,0.10839682155689942,0.10839682155689942,0.10839682155689942,0.0,0.0,0.0,0.0,0.0,0.22093833171518007,0.22093833171518007,0.22093833171518007,0.22093833171518007,0.22093833171518007
valid_spatial_reflection,direct_topology,5,1,0.9822666121991234,0.9822666121991234,0.9822666121991234,0.9822666121991234,0.9822666121991234,0.1723308131393773,0.1723308131393773,0.1723308131393773,0.1723308131393773,0.1723308131393773,2.501285867998945,2.501285867998945,2.501285867998945,2.501285867998945,2.501285867998945,0.10522314936354485,0.10522314936354485,0.10522314936354485,0.10522314936354485,0.10522314936354485,0.18556986765963893,0.18556986765963893,0.18556986765963893,0.18556986765963893,0.18556986765963893,1.0,1.0,1.0,1.0,1.0,0.002127499241086453,0.002127499241086453,0.002127499241086453,0.002127499241086453,0.002127499241086453,0.10839682155689942,0.10839682155689942,0.10839682155689942,0.10839682155689942,0.10839682155689942,0.0,0.0,0.0,0.0,0.0,0.44729628411273126,0.44729628411273126,0.44729628411273126,0.44729628411273126,0.44729628411273126
valid_spatial_reflection,direct_topology,6,1,0.9830330234254,0.9830330234254,0.9830330234254,0.9830330234254,0.9830330234254,0.15012483980114633,0.15012483980114633,0.15012483980114633,0.15012483980114633,0.15012483980114633,3.0220187558811116,3.0220187558811116,3.0220187558811116,3.0220187558811116,3.0220187558811116,0.10702187105379747,0.10702187105379747,0.10702187105379747,0.10702187105379747,0.10702187105379747,0.15736713200226946,0.15736713200226946,0.15736713200226946,0.15736713200226946,0.15736713200226946,1.0,1.0,1.0,1.0,1.0,0.001685450951848646,0.001685450951848646,0.001685450951848646,0.001685450951848646,0.001685450951848646,0.10839682155689942,0.10839682155689942,0.10839682155689942,0.10839682155689942,0.10839682155689942,0.0,0.0,0.0,0.0,0.0,0.5207328878821667,0.5207328878821667,0.5207328878821667,0.5207328878821667,0.5207328878821667
valid_spatial_reflection,direct_topology,7,1,0.969846166040042,0.969846166040042,0.969846166040042,0.969846166040042,0.969846166040042,0.14910030187520687,0.14910030187520687,0.14910030187520687,0.14910030187520687,0.14910030187520687,2.7866434800211284,2.7866434800211284,2.7866434800211284,2.7866434800211284,2.7866434800211284,0.08977904598835892,0.08977904598835892,0.08977904598835892,0.08977904598835892,0.08977904598835892,0.22053368837260692,0.22053368837260692,0.22053368837260692,0.22053368837260692,0.22053368837260692,1.0,1.0,1.0,1.0,1.0,0.0014975904912705976,0.0014975904912705976,0.0014975904912705976,0.0014975904912705976,0.0014975904912705976,0.10839682155689942,0.10839682155689942,0.10839682155689942,0.10839682155689942,0.10839682155689942,0.0,0.0,0.0,0.0,0.0,0.2353752758599832,0.2353752758599832,0.2353752758599832,0.2353752758599832,0.2353752758599832
valid_spatial_reflection,direct_topology,8,1,0.9581882471185736,0.9581882471185736,0.9581882471185736,0.9581882471185736,0.9581882471185736,0.155375518112769,0.155375518112769,0.155375518112769,0.155375518112769,0.155375518112769,3.2374705555091303,3.2374705555091303,3.2374705555091303,3.2374705555091303,3.2374705555091303,0.09188412728298527,0.09188412728298527,0.09188412728298527,0.09188412728298527,0.09188412728298527,0.2516117092225001,0.2516117092225001,0.2516117092225001,0.2516117092225001,0.2516117092225001,1.0,1.0,1.0,1.0,1.0,0.001549320402559144,0.001549320402559144,0.001549320402559144,0.001549320402559144,0.001549320402559144,0.10839682155689942,0.10839682155689942,0.10839682155689942,0.10839682155689942,0.10839682155689942,0.0,0.0,0.0,0.0,0.0,0.45082707548800194,0.45082707548800194,0.45082707548800194,0.45082707548800194,0.45082707548800194
valid_spatial_reflection,direct_topology,9,1,0.9426562488287697,0.9426562488287697,0.9426562488287697,0.9426562488287697,0.9426562488287697,0.21635647413616257,0.21635647413616257,0.21635647413616257,0.21635647413616257,0.21635647413616257,11.953973590695977,11.953973590695977,11.953973590695977,11.953973590695977,11.953973590695977,0.24338833950623473,0.24338833950623473,0.24338833950623473,0.24338833950623473,0.24338833950623473,0.3068836346511502,0.3068836346511502,0.3068836346511502,0.3068836346511502,0.3068836346511502,1.0,1.0,1.0,1.0,1.0,0.002541715146992462,0.002541715146992462,0.002541715146992462,0.002541715146992462,0.002541715146992462,0.10839682155689942,0.10839682155689942,0.10839682155689942,0.10839682155689942,0.10839682155689942,0.0,0.0,0.0,0.0,0.0,8.716503035186847,8.716503035186847,8.716503035186847,8.716503035186847,8.716503035186847
valid_spatial_reflection,direct_topology,10,1,0.9411560445232757,0.9411560445232757,0.9411560445232757,0.9411560445232757,0.9411560445232757,0.21733075553063175,0.21733075553063175,0.21733075553063175,0.21733075553063175,0.21733075553063175,33.919346983387655,33.919346983387655,33.919346983387655,33.919346983387655,33.919346983387655,0.45194440507716843,0.45194440507716843,0.45194440507716843,0.45194440507716843,0.45194440507716843,0.3239433104024045,0.3239433104024045,0.3239433104024045,0.3239433104024045,0.3239433104024045,1.0,1.0,1.0,1.0,1.0,0.0022736952170884723,0.0022736952170884723,0.0022736952170884723,0.0022736952170884723,0.0022736952170884723,0.10839682155689942,0.10839682155689942,0.10839682155689942,0.10839682155689942,0.10839682155689942,0.0,0.0,0.0,0.0,0.0,21.965373392691678,21.965373392691678,21.965373392691678,21.965373392691678,21.965373392691678
valid_spatial_reflection,hybrid,0,1,0.9587314220828265,0.9587314220828265,0.9587314220828265,0.9587314220828265,0.9587314220828265,0.3774155667070356,0.3774155667070356,0.3774155667070356,0.3774155667070356,0.3774155667070356,0.04490558676282519,0.04490558676282519,0.04490558676282519,0.04490558676282519,0.04490558676282519,0.349668767169564,0.349668767169564,0.349668767169564,0.349668767169564,0.349668767169564,0.325773043858164,0.325773043858164,0.325773043858164,0.325773043858164,0.325773043858164,1.0,1.0,1.0,1.0,1.0,0.0,0.0,0.0,0.0,0.0,0.10839682155689942,0.10839682155689942,0.10839682155689942,0.10839682155689942,0.10839682155689942,0.0,0.0,0.0,0.0,0.0,,,,,
valid_spatial_reflection,hybrid,1,1,0.9722534469884897,0.9722534469884897,0.9722534469884897,0.9722534469884897,0.9722534469884897,0.20150109814985878,0.20150109814985878,0.20150109814985878,0.20150109814985878,0.20150109814985878,0.1640290729289453,0.1640290729289453,0.1640290729289453,0.1640290729289453,0.1640290729289453,0.10936410768097087,0.10936410768097087,0.10936410768097087,0.10936410768097087,0.10936410768097087,0.18705382240274418,0.18705382240274418,0.18705382240274418,0.18705382240274418,0.18705382240274418,1.0,1.0,1.0,1.0,1.0,0.007071732993082776,0.007071732993082776,0.007071732993082776,0.007071732993082776,0.007071732993082776,0.10839682155689942,0.10839682155689942,0.10839682155689942,0.10839682155689942,0.10839682155689942,0.0,0.0,0.0,0.0,0.0,0.1191234861661199,0.1191234861661199,0.1191234861661199,0.1191234861661199,0.1191234861661199
valid_spatial_reflection,hybrid,2,1,0.9852186640094597,0.9852186640094597,0.9852186640094597,0.9852186640094597,0.9852186640094597,0.13282635900859893,0.13282635900859893,0.13282635900859893,0.13282635900859893,0.13282635900859893,0.9083290186362714,0.9083290186362714,0.9083290186362714,0.9083290186362714,0.9083290186362714,0.10215988613566454,0.10215988613566454,0.10215988613566454,0.10215988613566454,0.10215988613566454,0.17584359943735284,0.17584359943735284,0.17584359943735284,0.17584359943735284,0.17584359943735284,1.0,1.0,1.0,1.0,1.0,0.0026820191014866428,0.0026820191014866428,0.0026820191014866428,0.0026820191014866428,0.0026820191014866428,0.10839682155689942,0.10839682155689942,0.10839682155689942,0.10839682155689942,0.10839682155689942,0.0,0.0,0.0,0.0,0.0,1.0723580915652167,1.0723580915652167,1.0723580915652167,1.0723580915652167,1.0723580915652167
valid_spatial_reflection,hybrid,3,1,0.989549160660284,0.989549160660284,0.989549160660284,0.989549160660284,0.989549160660284,0.1254330285411673,0.1254330285411673,0.1254330285411673,0.1254330285411673,0.1254330285411673,1.8330512521710336,1.8330512521710336,1.8330512521710336,1.8330512521710336,1.8330512521710336,0.12564626857645136,0.12564626857645136,0.12564626857645136,0.12564626857645136,0.12564626857645136,0.16060566201969734,0.16060566201969734,0.16060566201969734,0.16060566201969734,0.16060566201969734,1.0,1.0,1.0,1.0,1.0,0.0007404325991908734,0.0007404325991908734,0.0007404325991908734,0.0007404325991908734,0.0007404325991908734,0.10839682155689942,0.10839682155689942,0.10839682155689942,0.10839682155689942,0.10839682155689942,0.0,0.0,0.0,0.0,0.0,0.9247222335347622,0.9247222335347622,0.9247222335347622,0.9247222335347622,0.9247222335347622
valid_spatial_reflection,hybrid,4,1,0.988772877415966,0.988772877415966,0.988772877415966,0.988772877415966,0.988772877415966,0.15120314842103055,0.15120314842103055,0.15120314842103055,0.15120314842103055,0.15120314842103055,2.0539895838862137,2.0539895838862137,2.0539895838862137,2.0539895838862137,2.0539895838862137,0.10792916138743862,0.10792916138743862,0.10792916138743862,0.10792916138743862,0.10792916138743862,0.14619063797813092,0.14619063797813092,0.14619063797813092,0.14619063797813092,0.14619063797813092,1.0,1.0,1.0,1.0,1.0,0.0015735415352071546,0.0015735415352071546,0.0015735415352071546,0.0015735415352071546,0.0015735415352071546,0.10839682155689942,0.10839682155689942,0.10839682155689942,0.10839682155689942,0.10839682155689942,0.0,0.0,0.0,0.0,0.0,0.22093833171518007,0.22093833171518007,0.22093833171518007,0.22093833171518007,0.22093833171518007
valid_spatial_reflection,hybrid,5,1,0.9822666121991234,0.9822666121991234,0.9822666121991234,0.9822666121991234,0.9822666121991234,0.1723308131393773,0.1723308131393773,0.1723308131393773,0.1723308131393773,0.1723308131393773,2.501285867998945,2.501285867998945,2.501285867998945,2.501285867998945,2.501285867998945,0.10522314936354485,0.10522314936354485,0.10522314936354485,0.10522314936354485,0.10522314936354485,0.18556986765963893,0.18556986765963893,0.18556986765963893,0.18556986765963893,0.18556986765963893,1.0,1.0,1.0,1.0,1.0,0.002127499241086453,0.002127499241086453,0.002127499241086453,0.002127499241086453,0.002127499241086453,0.10839682155689942,0.10839682155689942,0.10839682155689942,0.10839682155689942,0.10839682155689942,0.0,0.0,0.0,0.0,0.0,0.44729628411273126,0.44729628411273126,0.44729628411273126,0.44729628411273126,0.44729628411273126
valid_spatial_reflection,hybrid,6,1,0.9830330234254,0.9830330234254,0.9830330234254,0.9830330234254,0.9830330234254,0.15012483980114633,0.15012483980114633,0.15012483980114633,0.15012483980114633,0.15012483980114633,3.0220187558811116,3.0220187558811116,3.0220187558811116,3.0220187558811116,3.0220187558811116,0.10702187105379747,0.10702187105379747,0.10702187105379747,0.10702187105379747,0.10702187105379747,0.15736713200226946,0.15736713200226946,0.15736713200226946,0.15736713200226946,0.15736713200226946,1.0,1.0,1.0,1.0,1.0,0.001685450951848646,0.001685450951848646,0.001685450951848646,0.001685450951848646,0.001685450951848646,0.10839682155689942,0.10839682155689942,0.10839682155689942,0.10839682155689942,0.10839682155689942,0.0,0.0,0.0,0.0,0.0,0.5207328878821667,0.5207328878821667,0.5207328878821667,0.5207328878821667,0.5207328878821667
valid_spatial_reflection,hybrid,7,1,0.969846166040042,0.969846166040042,0.969846166040042,0.969846166040042,0.969846166040042,0.14910030187520687,0.14910030187520687,0.14910030187520687,0.14910030187520687,0.14910030187520687,2.7866434800211284,2.7866434800211284,2.7866434800211284,2.7866434800211284,2.7866434800211284,0.08977904598835892,0.08977904598835892,0.08977904598835892,0.08977904598835892,0.08977904598835892,0.22053368837260692,0.22053368837260692,0.22053368837260692,0.22053368837260692,0.22053368837260692,1.0,1.0,1.0,1.0,1.0,0.0014975904912705976,0.0014975904912705976,0.0014975904912705976,0.0014975904912705976,0.0014975904912705976,0.10839682155689942,0.10839682155689942,0.10839682155689942,0.10839682155689942,0.10839682155689942,0.0,0.0,0.0,0.0,0.0,0.2353752758599832,0.2353752758599832,0.2353752758599832,0.2353752758599832,0.2353752758599832
valid_spatial_reflection,hybrid,8,1,0.9581882471185736,0.9581882471185736,0.9581882471185736,0.9581882471185736,0.9581882471185736,0.155375518112769,0.155375518112769,0.155375518112769,0.155375518112769,0.155375518112769,3.2374705555091303,3.2374705555091303,3.2374705555091303,3.2374705555091303,3.2374705555091303,0.09188412728298527,0.09188412728298527,0.09188412728298527,0.09188412728298527,0.09188412728298527,0.2516117092225001,0.2516117092225001,0.2516117092225001,0.2516117092225001,0.2516117092225001,1.0,1.0,1.0,1.0,1.0,0.001549320402559144,0.001549320402559144,0.001549320402559144,0.001549320402559144,0.001549320402559144,0.10839682155689942,0.10839682155689942,0.10839682155689942,0.10839682155689942,0.10839682155689942,0.0,0.0,0.0,0.0,0.0,0.45082707548800194,0.45082707548800194,0.45082707548800194,0.45082707548800194,0.45082707548800194
valid_spatial_reflection,hybrid,9,1,0.9426562488287697,0.9426562488287697,0.9426562488287697,0.9426562488287697,0.9426562488287697,0.21635647413616257,0.21635647413616257,0.21635647413616257,0.21635647413616257,0.21635647413616257,11.953973590695977,11.953973590695977,11.953973590695977,11.953973590695977,11.953973590695977,0.24338833950623473,0.24338833950623473,0.24338833950623473,0.24338833950623473,0.24338833950623473,0.3068836346511502,0.3068836346511502,0.3068836346511502,0.3068836346511502,0.3068836346511502,1.0,1.0,1.0,1.0,1.0,0.002541715146992462,0.002541715146992462,0.002541715146992462,0.002541715146992462,0.002541715146992462,0.10839682155689942,0.10839682155689942,0.10839682155689942,0.10839682155689942,0.10839682155689942,0.0,0.0,0.0,0.0,0.0,8.716503035186847,8.716503035186847,8.716503035186847,8.716503035186847,8.716503035186847
valid_spatial_reflection,hybrid,10,1,0.9411560445232757,0.9411560445232757,0.9411560445232757,0.9411560445232757,0.9411560445232757,0.21733075553063175,0.21733075553063175,0.21733075553063175,0.21733075553063175,0.21733075553063175,33.919346983387655,33.919346983387655,33.919346983387655,33.919346983387655,33.919346983387655,0.45194440507716843,0.45194440507716843,0.45194440507716843,0.45194440507716843,0.45194440507716843,0.3239433104024045,0.3239433104024045,0.3239433104024045,0.3239433104024045,0.3239433104024045,1.0,1.0,1.0,1.0,1.0,0.0022736952170884723,0.0022736952170884723,0.0022736952170884723,0.0022736952170884723,0.0022736952170884723,0.10839682155689942,0.10839682155689942,0.10839682155689942,0.10839682155689942,0.10839682155689942,0.0,0.0,0.0,0.0,0.0,21.965373392691678,21.965373392691678,21.965373392691678,21.965373392691678,21.965373392691678
valid_spatial_reflection,initial_ritz,0,1,0.9999303370848515,0.9999303370848515,0.9999303370848515,0.9999303370848515,0.9999303370848515,0.037975590404034885,0.037975590404034885,0.037975590404034885,0.037975590404034885,0.037975590404034885,0.0018969339891279358,0.0018969339891279358,0.0018969339891279358,0.0018969339891279358,0.0018969339891279358,0.12192958866400032,0.12192958866400032,0.12192958866400032,0.12192958866400032,0.12192958866400032,0.0042562669013586334,0.0042562669013586334,0.0042562669013586334,0.0042562669013586334,0.0042562669013586334,1.0,1.0,1.0,1.0,1.0,,,,,,1.4837278841106638e-06,1.4837278841106638e-06,1.4837278841106638e-06,1.4837278841106638e-06,1.4837278841106638e-06,0.0,0.0,0.0,0.0,0.0,,,,,
valid_spatial_reflection,initial_ritz,1,1,0.9998704242853698,0.9998704242853698,0.9998704242853698,0.9998704242853698,0.9998704242853698,0.034843225542478776,0.034843225542478776,0.034843225542478776,0.034843225542478776,0.034843225542478776,0.002644587349375005,0.002644587349375005,0.002644587349375005,0.002644587349375005,0.002644587349375005,0.05005804699281059,0.05005804699281059,0.05005804699281059,0.05005804699281059,0.05005804699281059,0.009945251912209229,0.009945251912209229,0.009945251912209229,0.009945251912209229,0.009945251912209229,1.0,1.0,1.0,1.0,1.0,,,,,,1.4837278841106638e-06,1.4837278841106638e-06,1.4837278841106638e-06,1.4837278841106638e-06,1.4837278841106638e-06,0.0,0.0,0.0,0.0,0.0,0.0007476533602472912,0.0007476533602472912,0.0007476533602472912,0.0007476533602472912,0.0007476533602472912
valid_spatial_reflection,initial_ritz,2,1,0.9997921046628532,0.9997921046628532,0.9997921046628532,0.9997921046628532,0.9997921046628532,0.04111999704944357,0.04111999704944357,0.04111999704944357,0.04111999704944357,0.04111999704944357,0.004226693196818232,0.004226693196818232,0.004226693196818232,0.004226693196818232,0.004226693196818232,0.04344927064363562,0.04344927064363562,0.04344927064363562,0.04344927064363562,0.04344927064363562,0.014065456514384164,0.014065456514384164,0.014065456514384164,0.014065456514384164,0.014065456514384164,1.0,1.0,1.0,1.0,1.0,,,,,,1.4837278841106638e-06,1.4837278841106638e-06,1.4837278841106638e-06,1.4837278841106638e-06,1.4837278841106638e-06,0.0,0.0,0.0,0.0,0.0,0.001582105847443227,0.001582105847443227,0.001582105847443227,0.001582105847443227,0.001582105847443227
valid_spatial_reflection,initial_ritz,3,1,0.9994154247312276,0.9994154247312276,0.9994154247312276,0.9994154247312276,0.9994154247312276,0.05694279475846876,0.05694279475846876,0.05694279475846876,0.05694279475846876,0.05694279475846876,0.011633443638318752,0.011633443638318752,0.011633443638318752,0.011633443638318752,0.011633443638318752,0.05045350373823348,0.05045350373823348,0.05045350373823348,0.05045350373823348,0.05045350373823348,0.023467958317197286,0.023467958317197286,0.023467958317197286,0.023467958317197286,0.023467958317197286,0.0,0.0,0.0,0.0,0.0,,,,,,1.4837278841106638e-06,1.4837278841106638e-06,1.4837278841106638e-06,1.4837278841106638e-06,1.4837278841106638e-06,0.0,0.0,0.0,0.0,0.0,0.00740675044150052,0.00740675044150052,0.00740675044150052,0.00740675044150052,0.00740675044150052
valid_spatial_reflection,initial_ritz,4,1,0.9991724309642316,0.9991724309642316,0.9991724309642316,0.9991724309642316,0.9991724309642316,0.05443768796866078,0.05443768796866078,0.05443768796866078,0.05443768796866078,0.05443768796866078,0.011883909142561322,0.011883909142561322,0.011883909142561322,0.011883909142561322,0.011883909142561322,0.041917088764995496,0.041917088764995496,0.041917088764995496,0.041917088764995496,0.041917088764995496,0.028759544616421925,0.028759544616421925,0.028759544616421925,0.028759544616421925,0.028759544616421925,1.0,1.0,1.0,1.0,1.0,0.00014534023239907938,0.00014534023239907938,0.00014534023239907938,0.00014534023239907938,0.00014534023239907938,1.4837278841106638e-06,1.4837278841106638e-06,1.4837278841106638e-06,1.4837278841106638e-06,1.4837278841106638e-06,0.0,0.0,0.0,0.0,0.0,0.00025046550424256964,0.00025046550424256964,0.00025046550424256964,0.00025046550424256964,0.00025046550424256964
valid_spatial_reflection,initial_ritz,5,1,0.998020762211372,0.998020762211372,0.998020762211372,0.998020762211372,0.998020762211372,0.06996522655938095,0.06996522655938095,0.06996522655938095,0.06996522655938095,0.06996522655938095,0.021366434405194923,0.021366434405194923,0.021366434405194923,0.021366434405194923,0.021366434405194923,0.03637397545586673,0.03637397545586673,0.03637397545586673,0.03637397545586673,0.03637397545586673,0.05396352722232414,0.05396352722232414,0.05396352722232414,0.05396352722232414,0.05396352722232414,0.0,0.0,0.0,0.0,0.0,,,,,,1.4837278841106638e-06,1.4837278841106638e-06,1.4837278841106638e-06,1.4837278841106638e-06,1.4837278841106638e-06,0.0,0.0,0.0,0.0,0.0,0.009482525262633601,0.009482525262633601,0.009482525262633601,0.009482525262633601,0.009482525262633601
valid_spatial_reflection,initial_ritz,6,1,0.997925611372246,0.997925611372246,0.997925611372246,0.997925611372246,0.997925611372246,0.07199025055297952,0.07199025055297952,0.07199025055297952,0.07199025055297952,0.07199025055297952,0.017600382773201417,0.017600382773201417,0.017600382773201417,0.017600382773201417,0.017600382773201417,0.034405986503476996,0.034405986503476996,0.034405986503476996,0.034405986503476996,0.034405986503476996,0.06299565066088374,0.06299565066088374,0.06299565066088374,0.06299565066088374,0.06299565066088374,0.0,0.0,0.0,0.0,0.0,,,,,,1.4837278841106638e-06,1.4837278841106638e-06,1.4837278841106638e-06,1.4837278841106638e-06,1.4837278841106638e-06,0.0,0.0,0.0,0.0,0.0,0.0037660516319935056,0.0037660516319935056,0.0037660516319935056,0.0037660516319935056,0.0037660516319935056
valid_spatial_reflection,initial_ritz,7,1,0.9969568214950005,0.9969568214950005,0.9969568214950005,0.9969568214950005,0.9969568214950005,0.08413736285491923,0.08413736285491923,0.08413736285491923,0.08413736285491923,0.08413736285491923,0.02398917551673385,0.02398917551673385,0.02398917551673385,0.02398917551673385,0.02398917551673385,0.028925864638153814,0.028925864638153814,0.028925864638153814,0.028925864638153814,0.028925864638153814,0.0785616421441458,0.0785616421441458,0.0785616421441458,0.0785616421441458,0.0785616421441458,0.0,0.0,0.0,0.0,0.0,,,,,,1.4837278841106638e-06,1.4837278841106638e-06,1.4837278841106638e-06,1.4837278841106638e-06,1.4837278841106638e-06,0.0,0.0,0.0,0.0,0.0,0.006388792743532434,0.006388792743532434,0.006388792743532434,0.006388792743532434,0.006388792743532434
valid_spatial_reflection,initial_ritz,8,1,0.9947316487012229,0.9947316487012229,0.9947316487012229,0.9947316487012229,0.9947316487012229,0.09009117192177098,0.09009117192177098,0.09009117192177098,0.09009117192177098,0.09009117192177098,0.03402512093881782,0.03402512093881782,0.03402512093881782,0.03402512093881782,0.03402512093881782,0.028361450681200624,0.028361450681200624,0.028361450681200624,0.028361450681200624,0.028361450681200624,0.09647390290816922,0.09647390290816922,0.09647390290816922,0.09647390290816922,0.09647390290816922,0.0,0.0,0.0,0.0,0.0,,,,,,1.4837278841106638e-06,1.4837278841106638e-06,1.4837278841106638e-06,1.4837278841106638e-06,1.4837278841106638e-06,0.0,0.0,0.0,0.0,0.0,0.01003594542208397,0.01003594542208397,0.01003594542208397,0.01003594542208397,0.01003594542208397
valid_spatial_reflection,initial_ritz,9,1,0.9839682150788135,0.9839682150788135,0.9839682150788135,0.9839682150788135,0.9839682150788135,0.14122606486746683,0.14122606486746683,0.14122606486746683,0.14122606486746683,0.14122606486746683,0.06708127197039104,0.06708127197039104,0.06708127197039104,0.06708127197039104,0.06708127197039104,0.026732890156213995,0.026732890156213995,0.026732890156213995,0.026732890156213995,0.026732890156213995,0.18425495490419463,0.18425495490419463,0.18425495490419463,0.18425495490419463,0.18425495490419463,1.0,1.0,1.0,1.0,1.0,0.0008492540996367899,0.0008492540996367899,0.0008492540996367899,0.0008492540996367899,0.0008492540996367899,1.4837278841106638e-06,1.4837278841106638e-06,1.4837278841106638e-06,1.4837278841106638e-06,1.4837278841106638e-06,0.0,0.0,0.0,0.0,0.0,0.03305615103157322,0.03305615103157322,0.03305615103157322,0.03305615103157322,0.03305615103157322
valid_spatial_reflection,initial_ritz,10,1,0.9576696413300458,0.9576696413300458,0.9576696413300458,0.9576696413300458,0.9576696413300458,0.19373680507087476,0.19373680507087476,0.19373680507087476,0.19373680507087476,0.19373680507087476,0.1608859848524986,0.1608859848524986,0.1608859848524986,0.1608859848524986,0.1608859848524986,0.03482048095524578,0.03482048095524578,0.03482048095524578,0.03482048095524578,0.03482048095524578,0.30773833786903015,0.30773833786903015,0.30773833786903015,0.30773833786903015,0.30773833786903015,1.0,1.0,1.0,1.0,1.0,0.001004012783985084,0.001004012783985084,0.001004012783985084,0.001004012783985084,0.001004012783985084,1.4837278841106638e-06,1.4837278841106638e-06,1.4837278841106638e-06,1.4837278841106638e-06,1.4837278841106638e-06,0.0,0.0,0.0,0.0,0.0,0.09380471288210757,0.09380471288210757,0.09380471288210757,0.09380471288210757,0.09380471288210757
valid_spatial_reflection,physics_selected,0,1,0.9587314220828265,0.9587314220828265,0.9587314220828265,0.9587314220828265,0.9587314220828265,0.3774155667070356,0.3774155667070356,0.3774155667070356,0.3774155667070356,0.3774155667070356,0.04490558676282519,0.04490558676282519,0.04490558676282519,0.04490558676282519,0.04490558676282519,0.349668767169564,0.349668767169564,0.349668767169564,0.349668767169564,0.349668767169564,0.325773043858164,0.325773043858164,0.325773043858164,0.325773043858164,0.325773043858164,1.0,1.0,1.0,1.0,1.0,0.0,0.0,0.0,0.0,0.0,0.10839682155689942,0.10839682155689942,0.10839682155689942,0.10839682155689942,0.10839682155689942,0.0,0.0,0.0,0.0,0.0,,,,,
valid_spatial_reflection,physics_selected,1,1,0.9722534469884897,0.9722534469884897,0.9722534469884897,0.9722534469884897,0.9722534469884897,0.20150109814985878,0.20150109814985878,0.20150109814985878,0.20150109814985878,0.20150109814985878,0.1640290729289453,0.1640290729289453,0.1640290729289453,0.1640290729289453,0.1640290729289453,0.10936410768097087,0.10936410768097087,0.10936410768097087,0.10936410768097087,0.10936410768097087,0.18705382240274418,0.18705382240274418,0.18705382240274418,0.18705382240274418,0.18705382240274418,1.0,1.0,1.0,1.0,1.0,0.007071732993082776,0.007071732993082776,0.007071732993082776,0.007071732993082776,0.007071732993082776,0.10839682155689942,0.10839682155689942,0.10839682155689942,0.10839682155689942,0.10839682155689942,0.0,0.0,0.0,0.0,0.0,0.1191234861661199,0.1191234861661199,0.1191234861661199,0.1191234861661199,0.1191234861661199
valid_spatial_reflection,physics_selected,2,1,0.9852186640094597,0.9852186640094597,0.9852186640094597,0.9852186640094597,0.9852186640094597,0.13282635900859893,0.13282635900859893,0.13282635900859893,0.13282635900859893,0.13282635900859893,0.9083290186362714,0.9083290186362714,0.9083290186362714,0.9083290186362714,0.9083290186362714,0.10215988613566454,0.10215988613566454,0.10215988613566454,0.10215988613566454,0.10215988613566454,0.17584359943735284,0.17584359943735284,0.17584359943735284,0.17584359943735284,0.17584359943735284,1.0,1.0,1.0,1.0,1.0,0.0026820191014866428,0.0026820191014866428,0.0026820191014866428,0.0026820191014866428,0.0026820191014866428,0.10839682155689942,0.10839682155689942,0.10839682155689942,0.10839682155689942,0.10839682155689942,0.0,0.0,0.0,0.0,0.0,1.0723580915652167,1.0723580915652167,1.0723580915652167,1.0723580915652167,1.0723580915652167
valid_spatial_reflection,physics_selected,3,1,0.989549160660284,0.989549160660284,0.989549160660284,0.989549160660284,0.989549160660284,0.1254330285411673,0.1254330285411673,0.1254330285411673,0.1254330285411673,0.1254330285411673,1.8330512521710336,1.8330512521710336,1.8330512521710336,1.8330512521710336,1.8330512521710336,0.12564626857645136,0.12564626857645136,0.12564626857645136,0.12564626857645136,0.12564626857645136,0.16060566201969734,0.16060566201969734,0.16060566201969734,0.16060566201969734,0.16060566201969734,1.0,1.0,1.0,1.0,1.0,0.0007404325991908734,0.0007404325991908734,0.0007404325991908734,0.0007404325991908734,0.0007404325991908734,0.10839682155689942,0.10839682155689942,0.10839682155689942,0.10839682155689942,0.10839682155689942,0.0,0.0,0.0,0.0,0.0,0.9247222335347622,0.9247222335347622,0.9247222335347622,0.9247222335347622,0.9247222335347622
valid_spatial_reflection,physics_selected,4,1,0.988772877415966,0.988772877415966,0.988772877415966,0.988772877415966,0.988772877415966,0.15120314842103055,0.15120314842103055,0.15120314842103055,0.15120314842103055,0.15120314842103055,2.0539895838862137,2.0539895838862137,2.0539895838862137,2.0539895838862137,2.0539895838862137,0.10792916138743862,0.10792916138743862,0.10792916138743862,0.10792916138743862,0.10792916138743862,0.14619063797813092,0.14619063797813092,0.14619063797813092,0.14619063797813092,0.14619063797813092,1.0,1.0,1.0,1.0,1.0,0.0015735415352071546,0.0015735415352071546,0.0015735415352071546,0.0015735415352071546,0.0015735415352071546,0.10839682155689942,0.10839682155689942,0.10839682155689942,0.10839682155689942,0.10839682155689942,0.0,0.0,0.0,0.0,0.0,0.22093833171518007,0.22093833171518007,0.22093833171518007,0.22093833171518007,0.22093833171518007
valid_spatial_reflection,physics_selected,5,1,0.9822666121991234,0.9822666121991234,0.9822666121991234,0.9822666121991234,0.9822666121991234,0.1723308131393773,0.1723308131393773,0.1723308131393773,0.1723308131393773,0.1723308131393773,2.501285867998945,2.501285867998945,2.501285867998945,2.501285867998945,2.501285867998945,0.10522314936354485,0.10522314936354485,0.10522314936354485,0.10522314936354485,0.10522314936354485,0.18556986765963893,0.18556986765963893,0.18556986765963893,0.18556986765963893,0.18556986765963893,1.0,1.0,1.0,1.0,1.0,0.002127499241086453,0.002127499241086453,0.002127499241086453,0.002127499241086453,0.002127499241086453,0.10839682155689942,0.10839682155689942,0.10839682155689942,0.10839682155689942,0.10839682155689942,0.0,0.0,0.0,0.0,0.0,0.44729628411273126,0.44729628411273126,0.44729628411273126,0.44729628411273126,0.44729628411273126
valid_spatial_reflection,physics_selected,6,1,0.9830330234254,0.9830330234254,0.9830330234254,0.9830330234254,0.9830330234254,0.15012483980114633,0.15012483980114633,0.15012483980114633,0.15012483980114633,0.15012483980114633,3.0220187558811116,3.0220187558811116,3.0220187558811116,3.0220187558811116,3.0220187558811116,0.10702187105379747,0.10702187105379747,0.10702187105379747,0.10702187105379747,0.10702187105379747,0.15736713200226946,0.15736713200226946,0.15736713200226946,0.15736713200226946,0.15736713200226946,1.0,1.0,1.0,1.0,1.0,0.001685450951848646,0.001685450951848646,0.001685450951848646,0.001685450951848646,0.001685450951848646,0.10839682155689942,0.10839682155689942,0.10839682155689942,0.10839682155689942,0.10839682155689942,0.0,0.0,0.0,0.0,0.0,0.5207328878821667,0.5207328878821667,0.5207328878821667,0.5207328878821667,0.5207328878821667
valid_spatial_reflection,physics_selected,7,1,0.969846166040042,0.969846166040042,0.969846166040042,0.969846166040042,0.969846166040042,0.14910030187520687,0.14910030187520687,0.14910030187520687,0.14910030187520687,0.14910030187520687,2.7866434800211284,2.7866434800211284,2.7866434800211284,2.7866434800211284,2.7866434800211284,0.08977904598835892,0.08977904598835892,0.08977904598835892,0.08977904598835892,0.08977904598835892,0.22053368837260692,0.22053368837260692,0.22053368837260692,0.22053368837260692,0.22053368837260692,1.0,1.0,1.0,1.0,1.0,0.0014975904912705976,0.0014975904912705976,0.0014975904912705976,0.0014975904912705976,0.0014975904912705976,0.10839682155689942,0.10839682155689942,0.10839682155689942,0.10839682155689942,0.10839682155689942,0.0,0.0,0.0,0.0,0.0,0.2353752758599832,0.2353752758599832,0.2353752758599832,0.2353752758599832,0.2353752758599832
valid_spatial_reflection,physics_selected,8,1,0.9581882471185736,0.9581882471185736,0.9581882471185736,0.9581882471185736,0.9581882471185736,0.155375518112769,0.155375518112769,0.155375518112769,0.155375518112769,0.155375518112769,3.2374705555091303,3.2374705555091303,3.2374705555091303,3.2374705555091303,3.2374705555091303,0.09188412728298527,0.09188412728298527,0.09188412728298527,0.09188412728298527,0.09188412728298527,0.2516117092225001,0.2516117092225001,0.2516117092225001,0.2516117092225001,0.2516117092225001,1.0,1.0,1.0,1.0,1.0,0.001549320402559144,0.001549320402559144,0.001549320402559144,0.001549320402559144,0.001549320402559144,0.10839682155689942,0.10839682155689942,0.10839682155689942,0.10839682155689942,0.10839682155689942,0.0,0.0,0.0,0.0,0.0,0.45082707548800194,0.45082707548800194,0.45082707548800194,0.45082707548800194,0.45082707548800194
valid_spatial_reflection,physics_selected,9,1,0.9426562488287697,0.9426562488287697,0.9426562488287697,0.9426562488287697,0.9426562488287697,0.21635647413616257,0.21635647413616257,0.21635647413616257,0.21635647413616257,0.21635647413616257,11.953973590695977,11.953973590695977,11.953973590695977,11.953973590695977,11.953973590695977,0.24338833950623473,0.24338833950623473,0.24338833950623473,0.24338833950623473,0.24338833950623473,0.3068836346511502,0.3068836346511502,0.3068836346511502,0.3068836346511502,0.3068836346511502,1.0,1.0,1.0,1.0,1.0,0.002541715146992462,0.002541715146992462,0.002541715146992462,0.002541715146992462,0.002541715146992462,0.10839682155689942,0.10839682155689942,0.10839682155689942,0.10839682155689942,0.10839682155689942,0.0,0.0,0.0,0.0,0.0,8.716503035186847,8.716503035186847,8.716503035186847,8.716503035186847,8.716503035186847
valid_spatial_reflection,physics_selected,10,1,0.9411560445232757,0.9411560445232757,0.9411560445232757,0.9411560445232757,0.9411560445232757,0.21733075553063175,0.21733075553063175,0.21733075553063175,0.21733075553063175,0.21733075553063175,33.919346983387655,33.919346983387655,33.919346983387655,33.919346983387655,33.919346983387655,0.45194440507716843,0.45194440507716843,0.45194440507716843,0.45194440507716843,0.45194440507716843,0.3239433104024045,0.3239433104024045,0.3239433104024045,0.3239433104024045,0.3239433104024045,1.0,1.0,1.0,1.0,1.0,0.0022736952170884723,0.0022736952170884723,0.0022736952170884723,0.0022736952170884723,0.0022736952170884723,0.10839682155689942,0.10839682155689942,0.10839682155689942,0.10839682155689942,0.10839682155689942,0.0,0.0,0.0,0.0,0.0,21.965373392691678,21.965373392691678,21.965373392691678,21.965373392691678,21.965373392691678
variable_uniform_resolution,direct_topology,0,1,0.9934635790326383,0.9934635790326383,0.9934635790326383,0.9934635790326383,0.9934635790326383,0.1418532067540913,0.1418532067540913,0.1418532067540913,0.1418532067540913,0.1418532067540913,0.039804342695038075,0.039804342695038075,0.039804342695038075,0.039804342695038075,0.039804342695038075,0.2014833399123648,0.2014833399123648,0.2014833399123648,0.2014833399123648,0.2014833399123648,0.1276908147638703,0.1276908147638703,0.1276908147638703,0.1276908147638703,0.1276908147638703,1.0,1.0,1.0,1.0,1.0,0.0,0.0,0.0,0.0,0.0,0.10346762928881423,0.10346762928881423,0.10346762928881423,0.10346762928881423,0.10346762928881423,0.0,0.0,0.0,0.0,0.0,,,,,
variable_uniform_resolution,direct_topology,1,1,0.9982334372358055,0.9982334372358055,0.9982334372358055,0.9982334372358055,0.9982334372358055,0.07487245421984015,0.07487245421984015,0.07487245421984015,0.07487245421984015,0.07487245421984015,0.04218081784357919,0.04218081784357919,0.04218081784357919,0.04218081784357919,0.04218081784357919,0.07231919323459497,0.07231919323459497,0.07231919323459497,0.07231919323459497,0.07231919323459497,0.057802599473443496,0.057802599473443496,0.057802599473443496,0.057802599473443496,0.057802599473443496,1.0,1.0,1.0,1.0,1.0,0.0003164682366114485,0.0003164682366114485,0.0003164682366114485,0.0003164682366114485,0.0003164682366114485,0.10346762928881423,0.10346762928881423,0.10346762928881423,0.10346762928881423,0.10346762928881423,0.0,0.0,0.0,0.0,0.0,0.002376475148541113,0.002376475148541113,0.002376475148541113,0.002376475148541113,0.002376475148541113
variable_uniform_resolution,direct_topology,2,1,0.9947660641341566,0.9947660641341566,0.9947660641341566,0.9947660641341566,0.9947660641341566,0.0833231541038076,0.0833231541038076,0.0833231541038076,0.0833231541038076,0.0833231541038076,0.031174373886060813,0.031174373886060813,0.031174373886060813,0.031174373886060813,0.031174373886060813,0.05757851891506212,0.05757851891506212,0.05757851891506212,0.05757851891506212,0.05757851891506212,0.11851004251373619,0.11851004251373619,0.11851004251373619,0.11851004251373619,0.11851004251373619,1.0,1.0,1.0,1.0,1.0,0.0013236422871433268,0.0013236422871433268,0.0013236422871433268,0.0013236422871433268,0.0013236422871433268,0.10346762928881423,0.10346762928881423,0.10346762928881423,0.10346762928881423,0.10346762928881423,0.0,0.0,0.0,0.0,0.0,0.011006443957518375,0.011006443957518375,0.011006443957518375,0.011006443957518375,0.011006443957518375
variable_uniform_resolution,direct_topology,3,1,0.9974427309745542,0.9974427309745542,0.9974427309745542,0.9974427309745542,0.9974427309745542,0.06933305195063684,0.06933305195063684,0.06933305195063684,0.06933305195063684,0.06933305195063684,0.41406922129850887,0.41406922129850887,0.41406922129850887,0.41406922129850887,0.41406922129850887,0.07004401015352292,0.07004401015352292,0.07004401015352292,0.07004401015352292,0.07004401015352292,0.07690476981917813,0.07690476981917813,0.07690476981917813,0.07690476981917813,0.07690476981917813,1.0,1.0,1.0,1.0,1.0,0.0005130957834964839,0.0005130957834964839,0.0005130957834964839,0.0005130957834964839,0.0005130957834964839,0.10346762928881423,0.10346762928881423,0.10346762928881423,0.10346762928881423,0.10346762928881423,0.0,0.0,0.0,0.0,0.0,0.4452435951845697,0.4452435951845697,0.4452435951845697,0.4452435951845697,0.4452435951845697
variable_uniform_resolution,direct_topology,4,1,0.9982184706191991,0.9982184706191991,0.9982184706191991,0.9982184706191991,0.9982184706191991,0.06112325067787185,0.06112325067787185,0.06112325067787185,0.06112325067787185,0.06112325067787185,0.4058781606521249,0.4058781606521249,0.4058781606521249,0.4058781606521249,0.4058781606521249,0.0564053939536101,0.0564053939536101,0.0564053939536101,0.0564053939536101,0.0564053939536101,0.06361312028621108,0.06361312028621108,0.06361312028621108,0.06361312028621108,0.06361312028621108,1.0,1.0,1.0,1.0,1.0,0.00019553654120109883,0.00019553654120109883,0.00019553654120109883,0.00019553654120109883,0.00019553654120109883,0.10346762928881423,0.10346762928881423,0.10346762928881423,0.10346762928881423,0.10346762928881423,0.0,0.0,0.0,0.0,0.0,0.008191060646383974,0.008191060646383974,0.008191060646383974,0.008191060646383974,0.008191060646383974
variable_uniform_resolution,direct_topology,5,1,0.9970349257805501,0.9970349257805501,0.9970349257805501,0.9970349257805501,0.9970349257805501,0.058860587071078226,0.058860587071078226,0.058860587071078226,0.058860587071078226,0.058860587071078226,1.0354181271494118,1.0354181271494118,1.0354181271494118,1.0354181271494118,1.0354181271494118,0.09388914144043053,0.09388914144043053,0.09388914144043053,0.09388914144043053,0.09388914144043053,0.08727066893237384,0.08727066893237384,0.08727066893237384,0.08727066893237384,0.08727066893237384,1.0,1.0,1.0,1.0,1.0,0.000601053501505802,0.000601053501505802,0.000601053501505802,0.000601053501505802,0.000601053501505802,0.10346762928881423,0.10346762928881423,0.10346762928881423,0.10346762928881423,0.10346762928881423,0.0,0.0,0.0,0.0,0.0,0.6295399664972869,0.6295399664972869,0.6295399664972869,0.6295399664972869,0.6295399664972869
variable_uniform_resolution,direct_topology,6,1,0.9943909060243382,0.9943909060243382,0.9943909060243382,0.9943909060243382,0.9943909060243382,0.07539778091529424,0.07539778091529424,0.07539778091529424,0.07539778091529424,0.07539778091529424,0.7384058901480044,0.7384058901480044,0.7384058901480044,0.7384058901480044,0.7384058901480044,0.06365213608499706,0.06365213608499706,0.06365213608499706,0.06365213608499706,0.06365213608499706,0.11138716911884648,0.11138716911884648,0.11138716911884648,0.11138716911884648,0.11138716911884648,1.0,1.0,1.0,1.0,1.0,0.0009577296800282331,0.0009577296800282331,0.0009577296800282331,0.0009577296800282331,0.0009577296800282331,0.10346762928881423,0.10346762928881423,0.10346762928881423,0.10346762928881423,0.10346762928881423,0.0,0.0,0.0,0.0,0.0,0.29701223700140744,0.29701223700140744,0.29701223700140744,0.29701223700140744,0.29701223700140744
variable_uniform_resolution,direct_topology,7,1,0.992846241703174,0.992846241703174,0.992846241703174,0.992846241703174,0.992846241703174,0.08724429376094038,0.08724429376094038,0.08724429376094038,0.08724429376094038,0.08724429376094038,1.4169583654534055,1.4169583654534055,1.4169583654534055,1.4169583654534055,1.4169583654534055,0.09404795226260107,0.09404795226260107,0.09404795226260107,0.09404795226260107,0.09404795226260107,0.1295524429261425,0.1295524429261425,0.1295524429261425,0.1295524429261425,0.1295524429261425,1.0,1.0,1.0,1.0,1.0,0.0008305804506701984,0.0008305804506701984,0.0008305804506701984,0.0008305804506701984,0.0008305804506701984,0.10346762928881423,0.10346762928881423,0.10346762928881423,0.10346762928881423,0.10346762928881423,0.0,0.0,0.0,0.0,0.0,0.6785524753054011,0.6785524753054011,0.6785524753054011,0.6785524753054011,0.6785524753054011
variable_uniform_resolution,direct_topology,8,1,0.9963368082015022,0.9963368082015022,0.9963368082015022,0.9963368082015022,0.9963368082015022,0.0722713315113693,0.0722713315113693,0.0722713315113693,0.0722713315113693,0.0722713315113693,0.9042914068293246,0.9042914068293246,0.9042914068293246,0.9042914068293246,0.9042914068293246,0.056349261923464324,0.056349261923464324,0.056349261923464324,0.056349261923464324,0.056349261923464324,0.0893405360104024,0.0893405360104024,0.0893405360104024,0.0893405360104024,0.0893405360104024,1.0,1.0,1.0,1.0,1.0,0.00031135775473822516,0.00031135775473822516,0.00031135775473822516,0.00031135775473822516,0.00031135775473822516,0.10346762928881423,0.10346762928881423,0.10346762928881423,0.10346762928881423,0.10346762928881423,0.0,0.0,0.0,0.0,0.0,0.5126669586240808,0.5126669586240808,0.5126669586240808,0.5126669586240808,0.5126669586240808
variable_uniform_resolution,direct_topology,9,1,0.9974425648346485,0.9974425648346485,0.9974425648346485,0.9974425648346485,0.9974425648346485,0.06557197951339001,0.06557197951339001,0.06557197951339001,0.06557197951339001,0.06557197951339001,1.37320092706722,1.37320092706722,1.37320092706722,1.37320092706722,1.37320092706722,0.07231923536826788,0.07231923536826788,0.07231923536826788,0.07231923536826788,0.07231923536826788,0.07532228232256173,0.07532228232256173,0.07532228232256173,0.07532228232256173,0.07532228232256173,1.0,1.0,1.0,1.0,1.0,0.0004891971501479956,0.0004891971501479956,0.0004891971501479956,0.0004891971501479956,0.0004891971501479956,0.10346762928881423,0.10346762928881423,0.10346762928881423,0.10346762928881423,0.10346762928881423,0.0,0.0,0.0,0.0,0.0,0.46890952023789545,0.46890952023789545,0.46890952023789545,0.46890952023789545,0.46890952023789545
variable_uniform_resolution,direct_topology,10,1,0.9896617633571912,0.9896617633571912,0.9896617633571912,0.9896617633571912,0.9896617633571912,0.11966806088399974,0.11966806088399974,0.11966806088399974,0.11966806088399974,0.11966806088399974,0.6076984303719044,0.6076984303719044,0.6076984303719044,0.6076984303719044,0.6076984303719044,0.03445142232707048,0.03445142232707048,0.03445142232707048,0.03445142232707048,0.03445142232707048,0.15734247733010068,0.15734247733010068,0.15734247733010068,0.15734247733010068,0.15734247733010068,1.0,1.0,1.0,1.0,1.0,0.0006879827354836749,0.0006879827354836749,0.0006879827354836749,0.0006879827354836749,0.0006879827354836749,0.10346762928881423,0.10346762928881423,0.10346762928881423,0.10346762928881423,0.10346762928881423,0.0,0.0,0.0,0.0,0.0,0.7655024966953157,0.7655024966953157,0.7655024966953157,0.7655024966953157,0.7655024966953157
variable_uniform_resolution,hybrid,0,1,0.9934635790326383,0.9934635790326383,0.9934635790326383,0.9934635790326383,0.9934635790326383,0.1418532067540913,0.1418532067540913,0.1418532067540913,0.1418532067540913,0.1418532067540913,0.039804342695038075,0.039804342695038075,0.039804342695038075,0.039804342695038075,0.039804342695038075,0.2014833399123648,0.2014833399123648,0.2014833399123648,0.2014833399123648,0.2014833399123648,0.1276908147638703,0.1276908147638703,0.1276908147638703,0.1276908147638703,0.1276908147638703,1.0,1.0,1.0,1.0,1.0,0.0,0.0,0.0,0.0,0.0,0.10346762928881423,0.10346762928881423,0.10346762928881423,0.10346762928881423,0.10346762928881423,0.0,0.0,0.0,0.0,0.0,,,,,
variable_uniform_resolution,hybrid,1,1,0.9982334372358055,0.9982334372358055,0.9982334372358055,0.9982334372358055,0.9982334372358055,0.07487245421984015,0.07487245421984015,0.07487245421984015,0.07487245421984015,0.07487245421984015,0.04218081784357919,0.04218081784357919,0.04218081784357919,0.04218081784357919,0.04218081784357919,0.07231919323459497,0.07231919323459497,0.07231919323459497,0.07231919323459497,0.07231919323459497,0.057802599473443496,0.057802599473443496,0.057802599473443496,0.057802599473443496,0.057802599473443496,1.0,1.0,1.0,1.0,1.0,0.0003164682366114485,0.0003164682366114485,0.0003164682366114485,0.0003164682366114485,0.0003164682366114485,0.10346762928881423,0.10346762928881423,0.10346762928881423,0.10346762928881423,0.10346762928881423,0.0,0.0,0.0,0.0,0.0,0.002376475148541113,0.002376475148541113,0.002376475148541113,0.002376475148541113,0.002376475148541113
variable_uniform_resolution,hybrid,2,1,0.9947660641341566,0.9947660641341566,0.9947660641341566,0.9947660641341566,0.9947660641341566,0.0833231541038076,0.0833231541038076,0.0833231541038076,0.0833231541038076,0.0833231541038076,0.031174373886060813,0.031174373886060813,0.031174373886060813,0.031174373886060813,0.031174373886060813,0.05757851891506212,0.05757851891506212,0.05757851891506212,0.05757851891506212,0.05757851891506212,0.11851004251373619,0.11851004251373619,0.11851004251373619,0.11851004251373619,0.11851004251373619,1.0,1.0,1.0,1.0,1.0,0.0013236422871433268,0.0013236422871433268,0.0013236422871433268,0.0013236422871433268,0.0013236422871433268,0.10346762928881423,0.10346762928881423,0.10346762928881423,0.10346762928881423,0.10346762928881423,0.0,0.0,0.0,0.0,0.0,0.011006443957518375,0.011006443957518375,0.011006443957518375,0.011006443957518375,0.011006443957518375
variable_uniform_resolution,hybrid,3,1,0.9974427309745542,0.9974427309745542,0.9974427309745542,0.9974427309745542,0.9974427309745542,0.06933305195063684,0.06933305195063684,0.06933305195063684,0.06933305195063684,0.06933305195063684,0.41406922129850887,0.41406922129850887,0.41406922129850887,0.41406922129850887,0.41406922129850887,0.07004401015352292,0.07004401015352292,0.07004401015352292,0.07004401015352292,0.07004401015352292,0.07690476981917813,0.07690476981917813,0.07690476981917813,0.07690476981917813,0.07690476981917813,1.0,1.0,1.0,1.0,1.0,0.0005130957834964839,0.0005130957834964839,0.0005130957834964839,0.0005130957834964839,0.0005130957834964839,0.10346762928881423,0.10346762928881423,0.10346762928881423,0.10346762928881423,0.10346762928881423,0.0,0.0,0.0,0.0,0.0,0.4452435951845697,0.4452435951845697,0.4452435951845697,0.4452435951845697,0.4452435951845697
variable_uniform_resolution,hybrid,4,1,0.9982184706191991,0.9982184706191991,0.9982184706191991,0.9982184706191991,0.9982184706191991,0.06112325067787185,0.06112325067787185,0.06112325067787185,0.06112325067787185,0.06112325067787185,0.4058781606521249,0.4058781606521249,0.4058781606521249,0.4058781606521249,0.4058781606521249,0.0564053939536101,0.0564053939536101,0.0564053939536101,0.0564053939536101,0.0564053939536101,0.06361312028621108,0.06361312028621108,0.06361312028621108,0.06361312028621108,0.06361312028621108,1.0,1.0,1.0,1.0,1.0,0.00019553654120109883,0.00019553654120109883,0.00019553654120109883,0.00019553654120109883,0.00019553654120109883,0.10346762928881423,0.10346762928881423,0.10346762928881423,0.10346762928881423,0.10346762928881423,0.0,0.0,0.0,0.0,0.0,0.008191060646383974,0.008191060646383974,0.008191060646383974,0.008191060646383974,0.008191060646383974
variable_uniform_resolution,hybrid,5,1,0.9970349257805501,0.9970349257805501,0.9970349257805501,0.9970349257805501,0.9970349257805501,0.058860587071078226,0.058860587071078226,0.058860587071078226,0.058860587071078226,0.058860587071078226,1.0354181271494118,1.0354181271494118,1.0354181271494118,1.0354181271494118,1.0354181271494118,0.09388914144043053,0.09388914144043053,0.09388914144043053,0.09388914144043053,0.09388914144043053,0.08727066893237384,0.08727066893237384,0.08727066893237384,0.08727066893237384,0.08727066893237384,1.0,1.0,1.0,1.0,1.0,0.000601053501505802,0.000601053501505802,0.000601053501505802,0.000601053501505802,0.000601053501505802,0.10346762928881423,0.10346762928881423,0.10346762928881423,0.10346762928881423,0.10346762928881423,0.0,0.0,0.0,0.0,0.0,0.6295399664972869,0.6295399664972869,0.6295399664972869,0.6295399664972869,0.6295399664972869
variable_uniform_resolution,hybrid,6,1,0.9943909060243382,0.9943909060243382,0.9943909060243382,0.9943909060243382,0.9943909060243382,0.07539778091529424,0.07539778091529424,0.07539778091529424,0.07539778091529424,0.07539778091529424,0.7384058901480044,0.7384058901480044,0.7384058901480044,0.7384058901480044,0.7384058901480044,0.06365213608499706,0.06365213608499706,0.06365213608499706,0.06365213608499706,0.06365213608499706,0.11138716911884648,0.11138716911884648,0.11138716911884648,0.11138716911884648,0.11138716911884648,1.0,1.0,1.0,1.0,1.0,0.0009577296800282331,0.0009577296800282331,0.0009577296800282331,0.0009577296800282331,0.0009577296800282331,0.10346762928881423,0.10346762928881423,0.10346762928881423,0.10346762928881423,0.10346762928881423,0.0,0.0,0.0,0.0,0.0,0.29701223700140744,0.29701223700140744,0.29701223700140744,0.29701223700140744,0.29701223700140744
variable_uniform_resolution,hybrid,7,1,0.992846241703174,0.992846241703174,0.992846241703174,0.992846241703174,0.992846241703174,0.08724429376094038,0.08724429376094038,0.08724429376094038,0.08724429376094038,0.08724429376094038,1.4169583654534055,1.4169583654534055,1.4169583654534055,1.4169583654534055,1.4169583654534055,0.09404795226260107,0.09404795226260107,0.09404795226260107,0.09404795226260107,0.09404795226260107,0.1295524429261425,0.1295524429261425,0.1295524429261425,0.1295524429261425,0.1295524429261425,1.0,1.0,1.0,1.0,1.0,0.0008305804506701984,0.0008305804506701984,0.0008305804506701984,0.0008305804506701984,0.0008305804506701984,0.10346762928881423,0.10346762928881423,0.10346762928881423,0.10346762928881423,0.10346762928881423,0.0,0.0,0.0,0.0,0.0,0.6785524753054011,0.6785524753054011,0.6785524753054011,0.6785524753054011,0.6785524753054011
variable_uniform_resolution,hybrid,8,1,0.9963368082015022,0.9963368082015022,0.9963368082015022,0.9963368082015022,0.9963368082015022,0.0722713315113693,0.0722713315113693,0.0722713315113693,0.0722713315113693,0.0722713315113693,0.9042914068293246,0.9042914068293246,0.9042914068293246,0.9042914068293246,0.9042914068293246,0.056349261923464324,0.056349261923464324,0.056349261923464324,0.056349261923464324,0.056349261923464324,0.0893405360104024,0.0893405360104024,0.0893405360104024,0.0893405360104024,0.0893405360104024,1.0,1.0,1.0,1.0,1.0,0.00031135775473822516,0.00031135775473822516,0.00031135775473822516,0.00031135775473822516,0.00031135775473822516,0.10346762928881423,0.10346762928881423,0.10346762928881423,0.10346762928881423,0.10346762928881423,0.0,0.0,0.0,0.0,0.0,0.5126669586240808,0.5126669586240808,0.5126669586240808,0.5126669586240808,0.5126669586240808
variable_uniform_resolution,hybrid,9,1,0.9974425648346485,0.9974425648346485,0.9974425648346485,0.9974425648346485,0.9974425648346485,0.06557197951339001,0.06557197951339001,0.06557197951339001,0.06557197951339001,0.06557197951339001,1.37320092706722,1.37320092706722,1.37320092706722,1.37320092706722,1.37320092706722,0.07231923536826788,0.07231923536826788,0.07231923536826788,0.07231923536826788,0.07231923536826788,0.07532228232256173,0.07532228232256173,0.07532228232256173,0.07532228232256173,0.07532228232256173,1.0,1.0,1.0,1.0,1.0,0.0004891971501479956,0.0004891971501479956,0.0004891971501479956,0.0004891971501479956,0.0004891971501479956,0.10346762928881423,0.10346762928881423,0.10346762928881423,0.10346762928881423,0.10346762928881423,0.0,0.0,0.0,0.0,0.0,0.46890952023789545,0.46890952023789545,0.46890952023789545,0.46890952023789545,0.46890952023789545
variable_uniform_resolution,hybrid,10,1,0.9896617633571912,0.9896617633571912,0.9896617633571912,0.9896617633571912,0.9896617633571912,0.11966806088399974,0.11966806088399974,0.11966806088399974,0.11966806088399974,0.11966806088399974,0.6076984303719044,0.6076984303719044,0.6076984303719044,0.6076984303719044,0.6076984303719044,0.03445142232707048,0.03445142232707048,0.03445142232707048,0.03445142232707048,0.03445142232707048,0.15734247733010068,0.15734247733010068,0.15734247733010068,0.15734247733010068,0.15734247733010068,1.0,1.0,1.0,1.0,1.0,0.0006879827354836749,0.0006879827354836749,0.0006879827354836749,0.0006879827354836749,0.0006879827354836749,0.10346762928881423,0.10346762928881423,0.10346762928881423,0.10346762928881423,0.10346762928881423,0.0,0.0,0.0,0.0,0.0,0.7655024966953157,0.7655024966953157,0.7655024966953157,0.7655024966953157,0.7655024966953157
variable_uniform_resolution,initial_ritz,0,1,0.9999817386473997,0.9999817386473997,0.9999817386473997,0.9999817386473997,0.9999817386473997,0.01757106221874656,0.01757106221874656,0.01757106221874656,0.01757106221874656,0.01757106221874656,2.3004106719737294e-05,2.3004106719737294e-05,2.3004106719737294e-05,2.3004106719737294e-05,2.3004106719737294e-05,0.07024708700409726,0.07024708700409726,0.07024708700409726,0.07024708700409726,0.07024708700409726,0.0037797570014374776,0.0037797570014374776,0.0037797570014374776,0.0037797570014374776,0.0037797570014374776,1.0,1.0,1.0,1.0,1.0,,,,,,1.7461187631351294e-06,1.7461187631351294e-06,1.7461187631351294e-06,1.7461187631351294e-06,1.7461187631351294e-06,0.0,0.0,0.0,0.0,0.0,,,,,
variable_uniform_resolution,initial_ritz,1,1,0.9999574005250954,0.9999574005250954,0.9999574005250954,0.9999574005250954,0.9999574005250954,0.019453863245205233,0.019453863245205233,0.019453863245205233,0.019453863245205233,0.019453863245205233,0.0005972797881592662,0.0005972797881592662,0.0005972797881592662,0.0005972797881592662,0.0005972797881592662,0.03227060562290096,0.03227060562290096,0.03227060562290096,0.03227060562290096,0.03227060562290096,0.005223129478316691,0.005223129478316691,0.005223129478316691,0.005223129478316691,0.005223129478316691,0.0,0.0,0.0,0.0,0.0,,,,,,1.7461187631351294e-06,1.7461187631351294e-06,1.7461187631351294e-06,1.7461187631351294e-06,1.7461187631351294e-06,0.0,0.0,0.0,0.0,0.0,0.0006202838948790035,0.0006202838948790035,0.0006202838948790035,0.0006202838948790035,0.0006202838948790035
variable_uniform_resolution,initial_ritz,2,1,0.9997680822596707,0.9997680822596707,0.9997680822596707,0.9997680822596707,0.9997680822596707,0.03725551276303013,0.03725551276303013,0.03725551276303013,0.03725551276303013,0.03725551276303013,0.000495624801588157,0.000495624801588157,0.000495624801588157,0.000495624801588157,0.000495624801588157,0.03601275905044675,0.03601275905044675,0.03601275905044675,0.03601275905044675,0.03601275905044675,0.019667706914794872,0.019667706914794872,0.019667706914794872,0.019667706914794872,0.019667706914794872,1.0,1.0,1.0,1.0,1.0,,,,,,1.7461187631351294e-06,1.7461187631351294e-06,1.7461187631351294e-06,1.7461187631351294e-06,1.7461187631351294e-06,0.0,0.0,0.0,0.0,0.0,0.00010165498657110916,0.00010165498657110916,0.00010165498657110916,0.00010165498657110916,0.00010165498657110916
variable_uniform_resolution,initial_ritz,3,1,0.9996073998483882,0.9996073998483882,0.9996073998483882,0.9996073998483882,0.9996073998483882,0.04382125455339511,0.04382125455339511,0.04382125455339511,0.04382125455339511,0.04382125455339511,0.0015692255093524565,0.0015692255093524565,0.0015692255093524565,0.0015692255093524565,0.0015692255093524565,0.03410617318216432,0.03410617318216432,0.03410617318216432,0.03410617318216432,0.03410617318216432,0.027517166315855893,0.027517166315855893,0.027517166315855893,0.027517166315855893,0.027517166315855893,1.0,1.0,1.0,1.0,1.0,4.7941261487998125e-05,4.7941261487998125e-05,4.7941261487998125e-05,4.7941261487998125e-05,4.7941261487998125e-05,1.7461187631351294e-06,1.7461187631351294e-06,1.7461187631351294e-06,1.7461187631351294e-06,1.7461187631351294e-06,0.0,0.0,0.0,0.0,0.0,0.0010736007077642995,0.0010736007077642995,0.0010736007077642995,0.0010736007077642995,0.0010736007077642995
variable_uniform_resolution,initial_ritz,4,1,0.9993354597785351,0.9993354597785351,0.9993354597785351,0.9993354597785351,0.9993354597785351,0.05184040314045329,0.05184040314045329,0.05184040314045329,0.05184040314045329,0.05184040314045329,0.0030116098556876025,0.0030116098556876025,0.0030116098556876025,0.0030116098556876025,0.0030116098556876025,0.031970471467470625,0.031970471467470625,0.031970471467470625,0.031970471467470625,0.031970471467470625,0.038596488604826756,0.038596488604826756,0.038596488604826756,0.038596488604826756,0.038596488604826756,1.0,1.0,1.0,1.0,1.0,0.00025250823302261745,0.00025250823302261745,0.00025250823302261745,0.00025250823302261745,0.00025250823302261745,1.7461187631351294e-06,1.7461187631351294e-06,1.7461187631351294e-06,1.7461187631351294e-06,1.7461187631351294e-06,0.0,0.0,0.0,0.0,0.0,0.001442384346335146,0.001442384346335146,0.001442384346335146,0.001442384346335146,0.001442384346335146
variable_uniform_resolution,initial_ritz,5,1,0.9989270126505214,0.9989270126505214,0.9989270126505214,0.9989270126505214,0.9989270126505214,0.04981410194939383,0.04981410194939383,0.04981410194939383,0.04981410194939383,0.04981410194939383,0.005566503435304959,0.005566503435304959,0.005566503435304959,0.005566503435304959,0.005566503435304959,0.027327751836448463,0.027327751836448463,0.027327751836448463,0.027327751836448463,0.027327751836448463,0.03516324840356591,0.03516324840356591,0.03516324840356591,0.03516324840356591,0.03516324840356591,1.0,1.0,1.0,1.0,1.0,0.00019182263044716574,0.00019182263044716574,0.00019182263044716574,0.00019182263044716574,0.00019182263044716574,1.7461187631351294e-06,1.7461187631351294e-06,1.7461187631351294e-06,1.7461187631351294e-06,1.7461187631351294e-06,0.0,0.0,0.0,0.0,0.0,0.0025548935796173566,0.0025548935796173566,0.0025548935796173566,0.0025548935796173566,0.0025548935796173566
variable_uniform_resolution,initial_ritz,6,1,0.9987404467324477,0.9987404467324477,0.9987404467324477,0.9987404467324477,0.9987404467324477,0.048377051185609754,0.048377051185609754,0.048377051185609754,0.048377051185609754,0.048377051185609754,0.010215096790472167,0.010215096790472167,0.010215096790472167,0.010215096790472167,0.010215096790472167,0.024839468826743386,0.024839468826743386,0.024839468826743386,0.024839468826743386,0.024839468826743386,0.03367880249299347,0.03367880249299347,0.03367880249299347,0.03367880249299347,0.03367880249299347,1.0,1.0,1.0,1.0,1.0,,,,,,1.7461187631351294e-06,1.7461187631351294e-06,1.7461187631351294e-06,1.7461187631351294e-06,1.7461187631351294e-06,0.0,0.0,0.0,0.0,0.0,0.004648593355167208,0.004648593355167208,0.004648593355167208,0.004648593355167208,0.004648593355167208
variable_uniform_resolution,initial_ritz,7,1,0.9987925363642755,0.9987925363642755,0.9987925363642755,0.9987925363642755,0.9987925363642755,0.05036695340195159,0.05036695340195159,0.05036695340195159,0.05036695340195159,0.05036695340195159,0.015752282129602335,0.015752282129602335,0.015752282129602335,0.015752282129602335,0.015752282129602335,0.024562322128106804,0.024562322128106804,0.024562322128106804,0.024562322128106804,0.024562322128106804,0.03885170066161343,0.03885170066161343,0.03885170066161343,0.03885170066161343,0.03885170066161343,1.0,1.0,1.0,1.0,1.0,,,,,,1.7461187631351294e-06,1.7461187631351294e-06,1.7461187631351294e-06,1.7461187631351294e-06,1.7461187631351294e-06,0.0,0.0,0.0,0.0,0.0,0.005537185339130168,0.005537185339130168,0.005537185339130168,0.005537185339130168,0.005537185339130168
variable_uniform_resolution,initial_ritz,8,1,0.9986060576538441,0.9986060576538441,0.9986060576538441,0.9986060576538441,0.9986060576538441,0.047794370722150835,0.047794370722150835,0.047794370722150835,0.047794370722150835,0.047794370722150835,0.02359364871266756,0.02359364871266756,0.02359364871266756,0.02359364871266756,0.02359364871266756,0.020109834188105663,0.020109834188105663,0.020109834188105663,0.020109834188105663,0.020109834188105663,0.038133208128170025,0.038133208128170025,0.038133208128170025,0.038133208128170025,0.038133208128170025,1.0,1.0,1.0,1.0,1.0,0.00028914000623822094,0.00028914000623822094,0.00028914000623822094,0.00028914000623822094,0.00028914000623822094,1.7461187631351294e-06,1.7461187631351294e-06,1.7461187631351294e-06,1.7461187631351294e-06,1.7461187631351294e-06,0.0,0.0,0.0,0.0,0.0,0.007841366583065223,0.007841366583065223,0.007841366583065223,0.007841366583065223,0.007841366583065223
variable_uniform_resolution,initial_ritz,9,1,0.9981907571377628,0.9981907571377628,0.9981907571377628,0.9981907571377628,0.9981907571377628,0.06002023027671215,0.06002023027671215,0.06002023027671215,0.06002023027671215,0.06002023027671215,0.03109117956119789,0.03109117956119789,0.03109117956119789,0.03109117956119789,0.03109117956119789,0.017245601715363656,0.017245601715363656,0.017245601715363656,0.017245601715363656,0.017245601715363656,0.060309106988453015,0.060309106988453015,0.060309106988453015,0.060309106988453015,0.060309106988453015,1.0,1.0,1.0,1.0,1.0,0.0004305771567507493,0.0004305771567507493,0.0004305771567507493,0.0004305771567507493,0.0004305771567507493,1.7461187631351294e-06,1.7461187631351294e-06,1.7461187631351294e-06,1.7461187631351294e-06,1.7461187631351294e-06,0.0,0.0,0.0,0.0,0.0,0.007497530848530332,0.007497530848530332,0.007497530848530332,0.007497530848530332,0.007497530848530332
variable_uniform_resolution,initial_ritz,10,1,0.9951514751488896,0.9951514751488896,0.9951514751488896,0.9951514751488896,0.9951514751488896,0.09813438930381589,0.09813438930381589,0.09813438930381589,0.09813438930381589,0.09813438930381589,0.029891977953290905,0.029891977953290905,0.029891977953290905,0.029891977953290905,0.029891977953290905,0.01698341234737718,0.01698341234737718,0.01698341234737718,0.01698341234737718,0.01698341234737718,0.09913121661420612,0.09913121661420612,0.09913121661420612,0.09913121661420612,0.09913121661420612,1.0,1.0,1.0,1.0,1.0,0.0007278750562850167,0.0007278750562850167,0.0007278750562850167,0.0007278750562850167,0.0007278750562850167,1.7461187631351294e-06,1.7461187631351294e-06,1.7461187631351294e-06,1.7461187631351294e-06,1.7461187631351294e-06,0.0,0.0,0.0,0.0,0.0,0.0011992016079069856,0.0011992016079069856,0.0011992016079069856,0.0011992016079069856,0.0011992016079069856
variable_uniform_resolution,physics_selected,0,1,0.9934635790326383,0.9934635790326383,0.9934635790326383,0.9934635790326383,0.9934635790326383,0.1418532067540913,0.1418532067540913,0.1418532067540913,0.1418532067540913,0.1418532067540913,0.039804342695038075,0.039804342695038075,0.039804342695038075,0.039804342695038075,0.039804342695038075,0.2014833399123648,0.2014833399123648,0.2014833399123648,0.2014833399123648,0.2014833399123648,0.1276908147638703,0.1276908147638703,0.1276908147638703,0.1276908147638703,0.1276908147638703,1.0,1.0,1.0,1.0,1.0,0.0,0.0,0.0,0.0,0.0,0.10346762928881423,0.10346762928881423,0.10346762928881423,0.10346762928881423,0.10346762928881423,0.0,0.0,0.0,0.0,0.0,,,,,
variable_uniform_resolution,physics_selected,1,1,0.9982334372358055,0.9982334372358055,0.9982334372358055,0.9982334372358055,0.9982334372358055,0.07487245421984015,0.07487245421984015,0.07487245421984015,0.07487245421984015,0.07487245421984015,0.04218081784357919,0.04218081784357919,0.04218081784357919,0.04218081784357919,0.04218081784357919,0.07231919323459497,0.07231919323459497,0.07231919323459497,0.07231919323459497,0.07231919323459497,0.057802599473443496,0.057802599473443496,0.057802599473443496,0.057802599473443496,0.057802599473443496,1.0,1.0,1.0,1.0,1.0,0.0003164682366114485,0.0003164682366114485,0.0003164682366114485,0.0003164682366114485,0.0003164682366114485,0.10346762928881423,0.10346762928881423,0.10346762928881423,0.10346762928881423,0.10346762928881423,0.0,0.0,0.0,0.0,0.0,0.002376475148541113,0.002376475148541113,0.002376475148541113,0.002376475148541113,0.002376475148541113
variable_uniform_resolution,physics_selected,2,1,0.9947660641341566,0.9947660641341566,0.9947660641341566,0.9947660641341566,0.9947660641341566,0.0833231541038076,0.0833231541038076,0.0833231541038076,0.0833231541038076,0.0833231541038076,0.031174373886060813,0.031174373886060813,0.031174373886060813,0.031174373886060813,0.031174373886060813,0.05757851891506212,0.05757851891506212,0.05757851891506212,0.05757851891506212,0.05757851891506212,0.11851004251373619,0.11851004251373619,0.11851004251373619,0.11851004251373619,0.11851004251373619,1.0,1.0,1.0,1.0,1.0,0.0013236422871433268,0.0013236422871433268,0.0013236422871433268,0.0013236422871433268,0.0013236422871433268,0.10346762928881423,0.10346762928881423,0.10346762928881423,0.10346762928881423,0.10346762928881423,0.0,0.0,0.0,0.0,0.0,0.011006443957518375,0.011006443957518375,0.011006443957518375,0.011006443957518375,0.011006443957518375
variable_uniform_resolution,physics_selected,3,1,0.9974427309745542,0.9974427309745542,0.9974427309745542,0.9974427309745542,0.9974427309745542,0.06933305195063684,0.06933305195063684,0.06933305195063684,0.06933305195063684,0.06933305195063684,0.41406922129850887,0.41406922129850887,0.41406922129850887,0.41406922129850887,0.41406922129850887,0.07004401015352292,0.07004401015352292,0.07004401015352292,0.07004401015352292,0.07004401015352292,0.07690476981917813,0.07690476981917813,0.07690476981917813,0.07690476981917813,0.07690476981917813,1.0,1.0,1.0,1.0,1.0,0.0005130957834964839,0.0005130957834964839,0.0005130957834964839,0.0005130957834964839,0.0005130957834964839,0.10346762928881423,0.10346762928881423,0.10346762928881423,0.10346762928881423,0.10346762928881423,0.0,0.0,0.0,0.0,0.0,0.4452435951845697,0.4452435951845697,0.4452435951845697,0.4452435951845697,0.4452435951845697
variable_uniform_resolution,physics_selected,4,1,0.9982184706191991,0.9982184706191991,0.9982184706191991,0.9982184706191991,0.9982184706191991,0.06112325067787185,0.06112325067787185,0.06112325067787185,0.06112325067787185,0.06112325067787185,0.4058781606521249,0.4058781606521249,0.4058781606521249,0.4058781606521249,0.4058781606521249,0.0564053939536101,0.0564053939536101,0.0564053939536101,0.0564053939536101,0.0564053939536101,0.06361312028621108,0.06361312028621108,0.06361312028621108,0.06361312028621108,0.06361312028621108,1.0,1.0,1.0,1.0,1.0,0.00019553654120109883,0.00019553654120109883,0.00019553654120109883,0.00019553654120109883,0.00019553654120109883,0.10346762928881423,0.10346762928881423,0.10346762928881423,0.10346762928881423,0.10346762928881423,0.0,0.0,0.0,0.0,0.0,0.008191060646383974,0.008191060646383974,0.008191060646383974,0.008191060646383974,0.008191060646383974
variable_uniform_resolution,physics_selected,5,1,0.9970349257805501,0.9970349257805501,0.9970349257805501,0.9970349257805501,0.9970349257805501,0.058860587071078226,0.058860587071078226,0.058860587071078226,0.058860587071078226,0.058860587071078226,1.0354181271494118,1.0354181271494118,1.0354181271494118,1.0354181271494118,1.0354181271494118,0.09388914144043053,0.09388914144043053,0.09388914144043053,0.09388914144043053,0.09388914144043053,0.08727066893237384,0.08727066893237384,0.08727066893237384,0.08727066893237384,0.08727066893237384,1.0,1.0,1.0,1.0,1.0,0.000601053501505802,0.000601053501505802,0.000601053501505802,0.000601053501505802,0.000601053501505802,0.10346762928881423,0.10346762928881423,0.10346762928881423,0.10346762928881423,0.10346762928881423,0.0,0.0,0.0,0.0,0.0,0.6295399664972869,0.6295399664972869,0.6295399664972869,0.6295399664972869,0.6295399664972869
variable_uniform_resolution,physics_selected,6,1,0.9943909060243382,0.9943909060243382,0.9943909060243382,0.9943909060243382,0.9943909060243382,0.07539778091529424,0.07539778091529424,0.07539778091529424,0.07539778091529424,0.07539778091529424,0.7384058901480044,0.7384058901480044,0.7384058901480044,0.7384058901480044,0.7384058901480044,0.06365213608499706,0.06365213608499706,0.06365213608499706,0.06365213608499706,0.06365213608499706,0.11138716911884648,0.11138716911884648,0.11138716911884648,0.11138716911884648,0.11138716911884648,1.0,1.0,1.0,1.0,1.0,0.0009577296800282331,0.0009577296800282331,0.0009577296800282331,0.0009577296800282331,0.0009577296800282331,0.10346762928881423,0.10346762928881423,0.10346762928881423,0.10346762928881423,0.10346762928881423,0.0,0.0,0.0,0.0,0.0,0.29701223700140744,0.29701223700140744,0.29701223700140744,0.29701223700140744,0.29701223700140744
variable_uniform_resolution,physics_selected,7,1,0.992846241703174,0.992846241703174,0.992846241703174,0.992846241703174,0.992846241703174,0.08724429376094038,0.08724429376094038,0.08724429376094038,0.08724429376094038,0.08724429376094038,1.4169583654534055,1.4169583654534055,1.4169583654534055,1.4169583654534055,1.4169583654534055,0.09404795226260107,0.09404795226260107,0.09404795226260107,0.09404795226260107,0.09404795226260107,0.1295524429261425,0.1295524429261425,0.1295524429261425,0.1295524429261425,0.1295524429261425,1.0,1.0,1.0,1.0,1.0,0.0008305804506701984,0.0008305804506701984,0.0008305804506701984,0.0008305804506701984,0.0008305804506701984,0.10346762928881423,0.10346762928881423,0.10346762928881423,0.10346762928881423,0.10346762928881423,0.0,0.0,0.0,0.0,0.0,0.6785524753054011,0.6785524753054011,0.6785524753054011,0.6785524753054011,0.6785524753054011
variable_uniform_resolution,physics_selected,8,1,0.9963368082015022,0.9963368082015022,0.9963368082015022,0.9963368082015022,0.9963368082015022,0.0722713315113693,0.0722713315113693,0.0722713315113693,0.0722713315113693,0.0722713315113693,0.9042914068293246,0.9042914068293246,0.9042914068293246,0.9042914068293246,0.9042914068293246,0.056349261923464324,0.056349261923464324,0.056349261923464324,0.056349261923464324,0.056349261923464324,0.0893405360104024,0.0893405360104024,0.0893405360104024,0.0893405360104024,0.0893405360104024,1.0,1.0,1.0,1.0,1.0,0.00031135775473822516,0.00031135775473822516,0.00031135775473822516,0.00031135775473822516,0.00031135775473822516,0.10346762928881423,0.10346762928881423,0.10346762928881423,0.10346762928881423,0.10346762928881423,0.0,0.0,0.0,0.0,0.0,0.5126669586240808,0.5126669586240808,0.5126669586240808,0.5126669586240808,0.5126669586240808
variable_uniform_resolution,physics_selected,9,1,0.9974425648346485,0.9974425648346485,0.9974425648346485,0.9974425648346485,0.9974425648346485,0.06557197951339001,0.06557197951339001,0.06557197951339001,0.06557197951339001,0.06557197951339001,1.37320092706722,1.37320092706722,1.37320092706722,1.37320092706722,1.37320092706722,0.07231923536826788,0.07231923536826788,0.07231923536826788,0.07231923536826788,0.07231923536826788,0.07532228232256173,0.07532228232256173,0.07532228232256173,0.07532228232256173,0.07532228232256173,1.0,1.0,1.0,1.0,1.0,0.0004891971501479956,0.0004891971501479956,0.0004891971501479956,0.0004891971501479956,0.0004891971501479956,0.10346762928881423,0.10346762928881423,0.10346762928881423,0.10346762928881423,0.10346762928881423,0.0,0.0,0.0,0.0,0.0,0.46890952023789545,0.46890952023789545,0.46890952023789545,0.46890952023789545,0.46890952023789545
variable_uniform_resolution,physics_selected,10,1,0.9896617633571912,0.9896617633571912,0.9896617633571912,0.9896617633571912,0.9896617633571912,0.11966806088399974,0.11966806088399974,0.11966806088399974,0.11966806088399974,0.11966806088399974,0.6076984303719044,0.6076984303719044,0.6076984303719044,0.6076984303719044,0.6076984303719044,0.03445142232707048,0.03445142232707048,0.03445142232707048,0.03445142232707048,0.03445142232707048,0.15734247733010068,0.15734247733010068,0.15734247733010068,0.15734247733010068,0.15734247733010068,1.0,1.0,1.0,1.0,1.0,0.0006879827354836749,0.0006879827354836749,0.0006879827354836749,0.0006879827354836749,0.0006879827354836749,0.10346762928881423,0.10346762928881423,0.10346762928881423,0.10346762928881423,0.10346762928881423,0.0,0.0,0.0,0.0,0.0,0.7655024966953157,0.7655024966953157,0.7655024966953157,0.7655024966953157,0.7655024966953157
within_range_unseen_parameter_interpolation,direct_topology,0,1,0.9918812675688209,0.9918812675688209,0.9918812675688209,0.9918812675688209,0.9918812675688209,0.1581345429546985,0.1581345429546985,0.1581345429546985,0.1581345429546985,0.1581345429546985,0.036805879069393144,0.036805879069393144,0.036805879069393144,0.036805879069393144,0.036805879069393144,0.21146639238060796,0.21146639238060796,0.21146639238060796,0.21146639238060796,0.21146639238060796,0.1421949979916385,0.1421949979916385,0.1421949979916385,0.1421949979916385,0.1421949979916385,1.0,1.0,1.0,1.0,1.0,0.0,0.0,0.0,0.0,0.0,0.11152553070198945,0.11152553070198945,0.11152553070198945,0.11152553070198945,0.11152553070198945,0.0,0.0,0.0,0.0,0.0,,,,,
within_range_unseen_parameter_interpolation,direct_topology,1,1,0.9981262576179301,0.9981262576179301,0.9981262576179301,0.9981262576179301,0.9981262576179301,0.07796640168267048,0.07796640168267048,0.07796640168267048,0.07796640168267048,0.07796640168267048,0.04212528738510102,0.04212528738510102,0.04212528738510102,0.04212528738510102,0.04212528738510102,0.07525956716829224,0.07525956716829224,0.07525956716829224,0.07525956716829224,0.07525956716829224,0.05822088150959021,0.05822088150959021,0.05822088150959021,0.05822088150959021,0.05822088150959021,1.0,1.0,1.0,1.0,1.0,0.00026630319119865317,0.00026630319119865317,0.00026630319119865317,0.00026630319119865317,0.00026630319119865317,0.11152553070198945,0.11152553070198945,0.11152553070198945,0.11152553070198945,0.11152553070198945,0.0,0.0,0.0,0.0,0.0,0.005319408315707985,0.005319408315707985,0.005319408315707985,0.005319408315707985,0.005319408315707985
within_range_unseen_parameter_interpolation,direct_topology,2,1,0.995763826974107,0.995763826974107,0.995763826974107,0.995763826974107,0.995763826974107,0.07930311572543425,0.07930311572543425,0.07930311572543425,0.07930311572543425,0.07930311572543425,0.036894461249687094,0.036894461249687094,0.036894461249687094,0.036894461249687094,0.036894461249687094,0.05768970415018547,0.05768970415018547,0.05768970415018547,0.05768970415018547,0.05768970415018547,0.10699145287344944,0.10699145287344944,0.10699145287344944,0.10699145287344944,0.10699145287344944,1.0,1.0,1.0,1.0,1.0,0.0011176386295724148,0.0011176386295724148,0.0011176386295724148,0.0011176386295724148,0.0011176386295724148,0.11152553070198945,0.11152553070198945,0.11152553070198945,0.11152553070198945,0.11152553070198945,0.0,0.0,0.0,0.0,0.0,0.005230826135413924,0.005230826135413924,0.005230826135413924,0.005230826135413924,0.005230826135413924
within_range_unseen_parameter_interpolation,direct_topology,3,1,0.9974011809492149,0.9974011809492149,0.9974011809492149,0.9974011809492149,0.9974011809492149,0.07127512258873396,0.07127512258873396,0.07127512258873396,0.07127512258873396,0.07127512258873396,0.4140186921258451,0.4140186921258451,0.4140186921258451,0.4140186921258451,0.4140186921258451,0.06855530682597563,0.06855530682597563,0.06855530682597563,0.06855530682597563,0.06855530682597563,0.07441869858375619,0.07441869858375619,0.07441869858375619,0.07441869858375619,0.07441869858375619,1.0,1.0,1.0,1.0,1.0,0.0005587189525334717,0.0005587189525334717,0.0005587189525334717,0.0005587189525334717,0.0005587189525334717,0.11152553070198945,0.11152553070198945,0.11152553070198945,0.11152553070198945,0.11152553070198945,0.0,0.0,0.0,0.0,0.0,0.45091315337553217,0.45091315337553217,0.45091315337553217,0.45091315337553217,0.45091315337553217
within_range_unseen_parameter_interpolation,direct_topology,4,1,0.9978100538365948,0.9978100538365948,0.9978100538365948,0.9978100538365948,0.9978100538365948,0.06447455345239861,0.06447455345239861,0.06447455345239861,0.06447455345239861,0.06447455345239861,0.38672031027140985,0.38672031027140985,0.38672031027140985,0.38672031027140985,0.38672031027140985,0.05410693231270067,0.05410693231270067,0.05410693231270067,0.05410693231270067,0.05410693231270067,0.06849932212955438,0.06849932212955438,0.06849932212955438,0.06849932212955438,0.06849932212955438,1.0,1.0,1.0,1.0,1.0,0.00035023839479065606,0.00035023839479065606,0.00035023839479065606,0.00035023839479065606,0.00035023839479065606,0.11152553070198945,0.11152553070198945,0.11152553070198945,0.11152553070198945,0.11152553070198945,0.0,0.0,0.0,0.0,0.0,0.027298381854435227,0.027298381854435227,0.027298381854435227,0.027298381854435227,0.027298381854435227
within_range_unseen_parameter_interpolation,direct_topology,5,1,0.9964892532002677,0.9964892532002677,0.9964892532002677,0.9964892532002677,0.9964892532002677,0.064134157765605,0.064134157765605,0.064134157765605,0.064134157765605,0.064134157765605,0.9834658035838242,0.9834658035838242,0.9834658035838242,0.9834658035838242,0.9834658035838242,0.08633176524218036,0.08633176524218036,0.08633176524218036,0.08633176524218036,0.08633176524218036,0.09442226105406432,0.09442226105406432,0.09442226105406432,0.09442226105406432,0.09442226105406432,1.0,1.0,1.0,1.0,1.0,0.0006460283735840811,0.0006460283735840811,0.0006460283735840811,0.0006460283735840811,0.0006460283735840811,0.11152553070198945,0.11152553070198945,0.11152553070198945,0.11152553070198945,0.11152553070198945,0.0,0.0,0.0,0.0,0.0,0.5967454933124143,0.5967454933124143,0.5967454933124143,0.5967454933124143,0.5967454933124143
within_range_unseen_parameter_interpolation,direct_topology,6,1,0.994236747781538,0.994236747781538,0.994236747781538,0.994236747781538,0.994236747781538,0.0781247374809947,0.0781247374809947,0.0781247374809947,0.0781247374809947,0.0781247374809947,0.6403156666431178,0.6403156666431178,0.6403156666431178,0.6403156666431178,0.6403156666431178,0.055833977824322416,0.055833977824322416,0.055833977824322416,0.055833977824322416,0.055833977824322416,0.11389707429153106,0.11389707429153106,0.11389707429153106,0.11389707429153106,0.11389707429153106,1.0,1.0,1.0,1.0,1.0,0.0009123239514147264,0.0009123239514147264,0.0009123239514147264,0.0009123239514147264,0.0009123239514147264,0.11152553070198945,0.11152553070198945,0.11152553070198945,0.11152553070198945,0.11152553070198945,0.0,0.0,0.0,0.0,0.0,0.3431501369407064,0.3431501369407064,0.3431501369407064,0.3431501369407064,0.3431501369407064
within_range_unseen_parameter_interpolation,direct_topology,7,1,0.9923548831146537,0.9923548831146537,0.9923548831146537,0.9923548831146537,0.9923548831146537,0.09294496582547625,0.09294496582547625,0.09294496582547625,0.09294496582547625,0.09294496582547625,1.2754060852137892,1.2754060852137892,1.2754060852137892,1.2754060852137892,1.2754060852137892,0.08215659547487815,0.08215659547487815,0.08215659547487815,0.08215659547487815,0.08215659547487815,0.13363960801121405,0.13363960801121405,0.13363960801121405,0.13363960801121405,0.13363960801121405,1.0,1.0,1.0,1.0,1.0,0.0007726560404505498,0.0007726560404505498,0.0007726560404505498,0.0007726560404505498,0.0007726560404505498,0.11152553070198945,0.11152553070198945,0.11152553070198945,0.11152553070198945,0.11152553070198945,0.0,0.0,0.0,0.0,0.0,0.6350904185706714,0.6350904185706714,0.6350904185706714,0.6350904185706714,0.6350904185706714
within_range_unseen_parameter_interpolation,direct_topology,8,1,0.995377333331114,0.995377333331114,0.995377333331114,0.995377333331114,0.995377333331114,0.0840084109262611,0.0840084109262611,0.0840084109262611,0.0840084109262611,0.0840084109262611,0.7139949033539033,0.7139949033539033,0.7139949033539033,0.7139949033539033,0.7139949033539033,0.044924897682782856,0.044924897682782856,0.044924897682782856,0.044924897682782856,0.044924897682782856,0.10158608599541263,0.10158608599541263,0.10158608599541263,0.10158608599541263,0.10158608599541263,1.0,1.0,1.0,1.0,1.0,0.000567229465912256,0.000567229465912256,0.000567229465912256,0.000567229465912256,0.000567229465912256,0.11152553070198945,0.11152553070198945,0.11152553070198945,0.11152553070198945,0.11152553070198945,0.0,0.0,0.0,0.0,0.0,0.5614111818598859,0.5614111818598859,0.5614111818598859,0.5614111818598859,0.5614111818598859
within_range_unseen_parameter_interpolation,direct_topology,9,1,0.9979481438231764,0.9979481438231764,0.9979481438231764,0.9979481438231764,0.9979481438231764,0.06342510300292714,0.06342510300292714,0.06342510300292714,0.06342510300292714,0.06342510300292714,1.1434653618247541,1.1434653618247541,1.1434653618247541,1.1434653618247541,1.1434653618247541,0.058416493425344905,0.058416493425344905,0.058416493425344905,0.058416493425344905,0.058416493425344905,0.06928512811653986,0.06928512811653986,0.06928512811653986,0.06928512811653986,0.06928512811653986,1.0,1.0,1.0,1.0,1.0,0.00033430198033505755,0.00033430198033505755,0.00033430198033505755,0.00033430198033505755,0.00033430198033505755,0.11152553070198945,0.11152553070198945,0.11152553070198945,0.11152553070198945,0.11152553070198945,0.0,0.0,0.0,0.0,0.0,0.42947045847085086,0.42947045847085086,0.42947045847085086,0.42947045847085086,0.42947045847085086
within_range_unseen_parameter_interpolation,direct_topology,10,1,0.9896912267830771,0.9896912267830771,0.9896912267830771,0.9896912267830771,0.9896912267830771,0.12223332000908661,0.12223332000908661,0.12223332000908661,0.12223332000908661,0.12223332000908661,0.3243093744650132,0.3243093744650132,0.3243093744650132,0.3243093744650132,0.3243093744650132,0.023324374878272557,0.023324374878272557,0.023324374878272557,0.023324374878272557,0.023324374878272557,0.15948720990578583,0.15948720990578583,0.15948720990578583,0.15948720990578583,0.15948720990578583,1.0,1.0,1.0,1.0,1.0,0.0007794744481215671,0.0007794744481215671,0.0007794744481215671,0.0007794744481215671,0.0007794744481215671,0.11152553070198945,0.11152553070198945,0.11152553070198945,0.11152553070198945,0.11152553070198945,0.0,0.0,0.0,0.0,0.0,0.8191559873597409,0.8191559873597409,0.8191559873597409,0.8191559873597409,0.8191559873597409
within_range_unseen_parameter_interpolation,hybrid,0,1,0.9918812675688209,0.9918812675688209,0.9918812675688209,0.9918812675688209,0.9918812675688209,0.1581345429546985,0.1581345429546985,0.1581345429546985,0.1581345429546985,0.1581345429546985,0.036805879069393144,0.036805879069393144,0.036805879069393144,0.036805879069393144,0.036805879069393144,0.21146639238060796,0.21146639238060796,0.21146639238060796,0.21146639238060796,0.21146639238060796,0.1421949979916385,0.1421949979916385,0.1421949979916385,0.1421949979916385,0.1421949979916385,1.0,1.0,1.0,1.0,1.0,0.0,0.0,0.0,0.0,0.0,0.11152553070198945,0.11152553070198945,0.11152553070198945,0.11152553070198945,0.11152553070198945,0.0,0.0,0.0,0.0,0.0,,,,,
within_range_unseen_parameter_interpolation,hybrid,1,1,0.9981262576179301,0.9981262576179301,0.9981262576179301,0.9981262576179301,0.9981262576179301,0.07796640168267048,0.07796640168267048,0.07796640168267048,0.07796640168267048,0.07796640168267048,0.04212528738510102,0.04212528738510102,0.04212528738510102,0.04212528738510102,0.04212528738510102,0.07525956716829224,0.07525956716829224,0.07525956716829224,0.07525956716829224,0.07525956716829224,0.05822088150959021,0.05822088150959021,0.05822088150959021,0.05822088150959021,0.05822088150959021,1.0,1.0,1.0,1.0,1.0,0.00026630319119865317,0.00026630319119865317,0.00026630319119865317,0.00026630319119865317,0.00026630319119865317,0.11152553070198945,0.11152553070198945,0.11152553070198945,0.11152553070198945,0.11152553070198945,0.0,0.0,0.0,0.0,0.0,0.005319408315707985,0.005319408315707985,0.005319408315707985,0.005319408315707985,0.005319408315707985
within_range_unseen_parameter_interpolation,hybrid,2,1,0.995763826974107,0.995763826974107,0.995763826974107,0.995763826974107,0.995763826974107,0.07930311572543425,0.07930311572543425,0.07930311572543425,0.07930311572543425,0.07930311572543425,0.036894461249687094,0.036894461249687094,0.036894461249687094,0.036894461249687094,0.036894461249687094,0.05768970415018547,0.05768970415018547,0.05768970415018547,0.05768970415018547,0.05768970415018547,0.10699145287344944,0.10699145287344944,0.10699145287344944,0.10699145287344944,0.10699145287344944,1.0,1.0,1.0,1.0,1.0,0.0011176386295724148,0.0011176386295724148,0.0011176386295724148,0.0011176386295724148,0.0011176386295724148,0.11152553070198945,0.11152553070198945,0.11152553070198945,0.11152553070198945,0.11152553070198945,0.0,0.0,0.0,0.0,0.0,0.005230826135413924,0.005230826135413924,0.005230826135413924,0.005230826135413924,0.005230826135413924
within_range_unseen_parameter_interpolation,hybrid,3,1,0.9974011809492149,0.9974011809492149,0.9974011809492149,0.9974011809492149,0.9974011809492149,0.07127512258873396,0.07127512258873396,0.07127512258873396,0.07127512258873396,0.07127512258873396,0.4140186921258451,0.4140186921258451,0.4140186921258451,0.4140186921258451,0.4140186921258451,0.06855530682597563,0.06855530682597563,0.06855530682597563,0.06855530682597563,0.06855530682597563,0.07441869858375619,0.07441869858375619,0.07441869858375619,0.07441869858375619,0.07441869858375619,1.0,1.0,1.0,1.0,1.0,0.0005587189525334717,0.0005587189525334717,0.0005587189525334717,0.0005587189525334717,0.0005587189525334717,0.11152553070198945,0.11152553070198945,0.11152553070198945,0.11152553070198945,0.11152553070198945,0.0,0.0,0.0,0.0,0.0,0.45091315337553217,0.45091315337553217,0.45091315337553217,0.45091315337553217,0.45091315337553217
within_range_unseen_parameter_interpolation,hybrid,4,1,0.9978100538365948,0.9978100538365948,0.9978100538365948,0.9978100538365948,0.9978100538365948,0.06447455345239861,0.06447455345239861,0.06447455345239861,0.06447455345239861,0.06447455345239861,0.38672031027140985,0.38672031027140985,0.38672031027140985,0.38672031027140985,0.38672031027140985,0.05410693231270067,0.05410693231270067,0.05410693231270067,0.05410693231270067,0.05410693231270067,0.06849932212955438,0.06849932212955438,0.06849932212955438,0.06849932212955438,0.06849932212955438,1.0,1.0,1.0,1.0,1.0,0.00035023839479065606,0.00035023839479065606,0.00035023839479065606,0.00035023839479065606,0.00035023839479065606,0.11152553070198945,0.11152553070198945,0.11152553070198945,0.11152553070198945,0.11152553070198945,0.0,0.0,0.0,0.0,0.0,0.027298381854435227,0.027298381854435227,0.027298381854435227,0.027298381854435227,0.027298381854435227
within_range_unseen_parameter_interpolation,hybrid,5,1,0.9964892532002677,0.9964892532002677,0.9964892532002677,0.9964892532002677,0.9964892532002677,0.064134157765605,0.064134157765605,0.064134157765605,0.064134157765605,0.064134157765605,0.9834658035838242,0.9834658035838242,0.9834658035838242,0.9834658035838242,0.9834658035838242,0.08633176524218036,0.08633176524218036,0.08633176524218036,0.08633176524218036,0.08633176524218036,0.09442226105406432,0.09442226105406432,0.09442226105406432,0.09442226105406432,0.09442226105406432,1.0,1.0,1.0,1.0,1.0,0.0006460283735840811,0.0006460283735840811,0.0006460283735840811,0.0006460283735840811,0.0006460283735840811,0.11152553070198945,0.11152553070198945,0.11152553070198945,0.11152553070198945,0.11152553070198945,0.0,0.0,0.0,0.0,0.0,0.5967454933124143,0.5967454933124143,0.5967454933124143,0.5967454933124143,0.5967454933124143
within_range_unseen_parameter_interpolation,hybrid,6,1,0.994236747781538,0.994236747781538,0.994236747781538,0.994236747781538,0.994236747781538,0.0781247374809947,0.0781247374809947,0.0781247374809947,0.0781247374809947,0.0781247374809947,0.6403156666431178,0.6403156666431178,0.6403156666431178,0.6403156666431178,0.6403156666431178,0.055833977824322416,0.055833977824322416,0.055833977824322416,0.055833977824322416,0.055833977824322416,0.11389707429153106,0.11389707429153106,0.11389707429153106,0.11389707429153106,0.11389707429153106,1.0,1.0,1.0,1.0,1.0,0.0009123239514147264,0.0009123239514147264,0.0009123239514147264,0.0009123239514147264,0.0009123239514147264,0.11152553070198945,0.11152553070198945,0.11152553070198945,0.11152553070198945,0.11152553070198945,0.0,0.0,0.0,0.0,0.0,0.3431501369407064,0.3431501369407064,0.3431501369407064,0.3431501369407064,0.3431501369407064
within_range_unseen_parameter_interpolation,hybrid,7,1,0.9923548831146537,0.9923548831146537,0.9923548831146537,0.9923548831146537,0.9923548831146537,0.09294496582547625,0.09294496582547625,0.09294496582547625,0.09294496582547625,0.09294496582547625,1.2754060852137892,1.2754060852137892,1.2754060852137892,1.2754060852137892,1.2754060852137892,0.08215659547487815,0.08215659547487815,0.08215659547487815,0.08215659547487815,0.08215659547487815,0.13363960801121405,0.13363960801121405,0.13363960801121405,0.13363960801121405,0.13363960801121405,1.0,1.0,1.0,1.0,1.0,0.0007726560404505498,0.0007726560404505498,0.0007726560404505498,0.0007726560404505498,0.0007726560404505498,0.11152553070198945,0.11152553070198945,0.11152553070198945,0.11152553070198945,0.11152553070198945,0.0,0.0,0.0,0.0,0.0,0.6350904185706714,0.6350904185706714,0.6350904185706714,0.6350904185706714,0.6350904185706714
within_range_unseen_parameter_interpolation,hybrid,8,1,0.995377333331114,0.995377333331114,0.995377333331114,0.995377333331114,0.995377333331114,0.0840084109262611,0.0840084109262611,0.0840084109262611,0.0840084109262611,0.0840084109262611,0.7139949033539033,0.7139949033539033,0.7139949033539033,0.7139949033539033,0.7139949033539033,0.044924897682782856,0.044924897682782856,0.044924897682782856,0.044924897682782856,0.044924897682782856,0.10158608599541263,0.10158608599541263,0.10158608599541263,0.10158608599541263,0.10158608599541263,1.0,1.0,1.0,1.0,1.0,0.000567229465912256,0.000567229465912256,0.000567229465912256,0.000567229465912256,0.000567229465912256,0.11152553070198945,0.11152553070198945,0.11152553070198945,0.11152553070198945,0.11152553070198945,0.0,0.0,0.0,0.0,0.0,0.5614111818598859,0.5614111818598859,0.5614111818598859,0.5614111818598859,0.5614111818598859
within_range_unseen_parameter_interpolation,hybrid,9,1,0.9979481438231764,0.9979481438231764,0.9979481438231764,0.9979481438231764,0.9979481438231764,0.06342510300292714,0.06342510300292714,0.06342510300292714,0.06342510300292714,0.06342510300292714,1.1434653618247541,1.1434653618247541,1.1434653618247541,1.1434653618247541,1.1434653618247541,0.058416493425344905,0.058416493425344905,0.058416493425344905,0.058416493425344905,0.058416493425344905,0.06928512811653986,0.06928512811653986,0.06928512811653986,0.06928512811653986,0.06928512811653986,1.0,1.0,1.0,1.0,1.0,0.00033430198033505755,0.00033430198033505755,0.00033430198033505755,0.00033430198033505755,0.00033430198033505755,0.11152553070198945,0.11152553070198945,0.11152553070198945,0.11152553070198945,0.11152553070198945,0.0,0.0,0.0,0.0,0.0,0.42947045847085086,0.42947045847085086,0.42947045847085086,0.42947045847085086,0.42947045847085086
within_range_unseen_parameter_interpolation,hybrid,10,1,0.9896912267830771,0.9896912267830771,0.9896912267830771,0.9896912267830771,0.9896912267830771,0.12223332000908661,0.12223332000908661,0.12223332000908661,0.12223332000908661,0.12223332000908661,0.3243093744650132,0.3243093744650132,0.3243093744650132,0.3243093744650132,0.3243093744650132,0.023324374878272557,0.023324374878272557,0.023324374878272557,0.023324374878272557,0.023324374878272557,0.15948720990578583,0.15948720990578583,0.15948720990578583,0.15948720990578583,0.15948720990578583,1.0,1.0,1.0,1.0,1.0,0.0007794744481215671,0.0007794744481215671,0.0007794744481215671,0.0007794744481215671,0.0007794744481215671,0.11152553070198945,0.11152553070198945,0.11152553070198945,0.11152553070198945,0.11152553070198945,0.0,0.0,0.0,0.0,0.0,0.8191559873597409,0.8191559873597409,0.8191559873597409,0.8191559873597409,0.8191559873597409
within_range_unseen_parameter_interpolation,initial_ritz,0,1,0.9999820097902945,0.9999820097902945,0.9999820097902945,0.9999820097902945,0.9999820097902945,0.01692982033197001,0.01692982033197001,0.01692982033197001,0.01692982033197001,0.01692982033197001,2.0254658634200062e-05,2.0254658634200062e-05,2.0254658634200062e-05,2.0254658634200062e-05,2.0254658634200062e-05,0.06635676703325323,0.06635676703325323,0.06635676703325323,0.06635676703325323,0.06635676703325323,0.003435837019101723,0.003435837019101723,0.003435837019101723,0.003435837019101723,0.003435837019101723,0.0,0.0,0.0,0.0,0.0,,,,,,1.8105199497409075e-06,1.8105199497409075e-06,1.8105199497409075e-06,1.8105199497409075e-06,1.8105199497409075e-06,0.0,0.0,0.0,0.0,0.0,,,,,
within_range_unseen_parameter_interpolation,initial_ritz,1,1,0.9999542310938148,0.9999542310938148,0.9999542310938148,0.9999542310938148,0.9999542310938148,0.020736346497245355,0.020736346497245355,0.020736346497245355,0.020736346497245355,0.020736346497245355,0.0005560544444271898,0.0005560544444271898,0.0005560544444271898,0.0005560544444271898,0.0005560544444271898,0.03457792749431111,0.03457792749431111,0.03457792749431111,0.03457792749431111,0.03457792749431111,0.0051773165498010375,0.0051773165498010375,0.0051773165498010375,0.0051773165498010375,0.0051773165498010375,0.0,0.0,0.0,0.0,0.0,,,,,,1.8105199497409075e-06,1.8105199497409075e-06,1.8105199497409075e-06,1.8105199497409075e-06,1.8105199497409075e-06,0.0,0.0,0.0,0.0,0.0,0.0005763091030615008,0.0005763091030615008,0.0005763091030615008,0.0005763091030615008,0.0005763091030615008
within_range_unseen_parameter_interpolation,initial_ritz,2,1,0.9997668408346044,0.9997668408346044,0.9997668408346044,0.9997668408346044,0.9997668408346044,0.03850318419553001,0.03850318419553001,0.03850318419553001,0.03850318419553001,0.03850318419553001,0.0004230943673628751,0.0004230943673628751,0.0004230943673628751,0.0004230943673628751,0.0004230943673628751,0.03759302328897253,0.03759302328897253,0.03759302328897253,0.03759302328897253,0.03759302328897253,0.019863621086336773,0.019863621086336773,0.019863621086336773,0.019863621086336773,0.019863621086336773,1.0,1.0,1.0,1.0,1.0,,,,,,1.8105199497409075e-06,1.8105199497409075e-06,1.8105199497409075e-06,1.8105199497409075e-06,1.8105199497409075e-06,0.0,0.0,0.0,0.0,0.0,0.00013296007706431467,0.00013296007706431467,0.00013296007706431467,0.00013296007706431467,0.00013296007706431467
within_range_unseen_parameter_interpolation,initial_ritz,3,1,0.999611151376659,0.999611151376659,0.999611151376659,0.999611151376659,0.999611151376659,0.04406860061936469,0.04406860061936469,0.04406860061936469,0.04406860061936469,0.04406860061936469,0.001532016644906875,0.001532016644906875,0.001532016644906875,0.001532016644906875,0.001532016644906875,0.03569541172639889,0.03569541172639889,0.03569541172639889,0.03569541172639889,0.03569541172639889,0.02597224139900372,0.02597224139900372,0.02597224139900372,0.02597224139900372,0.02597224139900372,1.0,1.0,1.0,1.0,1.0,5.489705392779993e-05,5.489705392779993e-05,5.489705392779993e-05,5.489705392779993e-05,5.489705392779993e-05,1.8105199497409075e-06,1.8105199497409075e-06,1.8105199497409075e-06,1.8105199497409075e-06,1.8105199497409075e-06,0.0,0.0,0.0,0.0,0.0,0.001108922277544,0.001108922277544,0.001108922277544,0.001108922277544,0.001108922277544
within_range_unseen_parameter_interpolation,initial_ritz,4,1,0.9993033051152825,0.9993033051152825,0.9993033051152825,0.9993033051152825,0.9993033051152825,0.053752465138019456,0.053752465138019456,0.053752465138019456,0.053752465138019456,0.053752465138019456,0.002781261383863587,0.002781261383863587,0.002781261383863587,0.002781261383863587,0.002781261383863587,0.03371044004166465,0.03371044004166465,0.03371044004166465,0.03371044004166465,0.03371044004166465,0.03914335094930037,0.03914335094930037,0.03914335094930037,0.03914335094930037,0.03914335094930037,1.0,1.0,1.0,1.0,1.0,0.000255007934527666,0.000255007934527666,0.000255007934527666,0.000255007934527666,0.000255007934527666,1.8105199497409075e-06,1.8105199497409075e-06,1.8105199497409075e-06,1.8105199497409075e-06,1.8105199497409075e-06,0.0,0.0,0.0,0.0,0.0,0.0012492447389567118,0.0012492447389567118,0.0012492447389567118,0.0012492447389567118,0.0012492447389567118
within_range_unseen_parameter_interpolation,initial_ritz,5,1,0.9988615091114618,0.9988615091114618,0.9988615091114618,0.9988615091114618,0.9988615091114618,0.052246197228364884,0.052246197228364884,0.052246197228364884,0.052246197228364884,0.052246197228364884,0.005291806737220739,0.005291806737220739,0.005291806737220739,0.005291806737220739,0.005291806737220739,0.029070971512189847,0.029070971512189847,0.029070971512189847,0.029070971512189847,0.029070971512189847,0.036535553932705696,0.036535553932705696,0.036535553932705696,0.036535553932705696,0.036535553932705696,1.0,1.0,1.0,1.0,1.0,0.00018665991279800175,0.00018665991279800175,0.00018665991279800175,0.00018665991279800175,0.00018665991279800175,1.8105199497409075e-06,1.8105199497409075e-06,1.8105199497409075e-06,1.8105199497409075e-06,1.8105199497409075e-06,0.0,0.0,0.0,0.0,0.0,0.002510545353357152,0.002510545353357152,0.002510545353357152,0.002510545353357152,0.002510545353357152
within_range_unseen_parameter_interpolation,initial_ritz,6,1,0.9986146418087576,0.9986146418087576,0.9986146418087576,0.9986146418087576,0.9986146418087576,0.05174904792559577,0.05174904792559577,0.05174904792559577,0.05174904792559577,0.05174904792559577,0.009901389631296276,0.009901389631296276,0.009901389631296276,0.009901389631296276,0.009901389631296276,0.026919466812129537,0.026919466812129537,0.026919466812129537,0.026919466812129537,0.026919466812129537,0.03589069088598642,0.03589069088598642,0.03589069088598642,0.03589069088598642,0.03589069088598642,1.0,1.0,1.0,1.0,1.0,,,,,,1.8105199497409075e-06,1.8105199497409075e-06,1.8105199497409075e-06,1.8105199497409075e-06,1.8105199497409075e-06,0.0,0.0,0.0,0.0,0.0,0.004609582894075537,0.004609582894075537,0.004609582894075537,0.004609582894075537,0.004609582894075537
within_range_unseen_parameter_interpolation,initial_ritz,7,1,0.9987413052422169,0.9987413052422169,0.9987413052422169,0.9987413052422169,0.9987413052422169,0.05181488948325306,0.05181488948325306,0.05181488948325306,0.05181488948325306,0.05181488948325306,0.016583241263261606,0.016583241263261606,0.016583241263261606,0.016583241263261606,0.016583241263261606,0.025857390262754475,0.025857390262754475,0.025857390262754475,0.025857390262754475,0.025857390262754475,0.03885744094855255,0.03885744094855255,0.03885744094855255,0.03885744094855255,0.03885744094855255,1.0,1.0,1.0,1.0,1.0,0.0002663730073820435,0.0002663730073820435,0.0002663730073820435,0.0002663730073820435,0.0002663730073820435,1.8105199497409075e-06,1.8105199497409075e-06,1.8105199497409075e-06,1.8105199497409075e-06,1.8105199497409075e-06,0.0,0.0,0.0,0.0,0.0,0.00668185163196533,0.00668185163196533,0.00668185163196533,0.00668185163196533,0.00668185163196533
within_range_unseen_parameter_interpolation,initial_ritz,8,1,0.9984154475369704,0.9984154475369704,0.9984154475369704,0.9984154475369704,0.9984154475369704,0.05102859121090014,0.05102859121090014,0.05102859121090014,0.05102859121090014,0.05102859121090014,0.02480419179990534,0.02480419179990534,0.02480419179990534,0.02480419179990534,0.02480419179990534,0.02156891260298622,0.02156891260298622,0.02156891260298622,0.02156891260298622,0.02156891260298622,0.040282116727389766,0.040282116727389766,0.040282116727389766,0.040282116727389766,0.040282116727389766,1.0,1.0,1.0,1.0,1.0,0.0002895954992069336,0.0002895954992069336,0.0002895954992069336,0.0002895954992069336,0.0002895954992069336,1.8105199497409075e-06,1.8105199497409075e-06,1.8105199497409075e-06,1.8105199497409075e-06,1.8105199497409075e-06,0.0,0.0,0.0,0.0,0.0,0.008220950536643734,0.008220950536643734,0.008220950536643734,0.008220950536643734,0.008220950536643734
within_range_unseen_parameter_interpolation,initial_ritz,9,1,0.9984410726861771,0.9984410726861771,0.9984410726861771,0.9984410726861771,0.9984410726861771,0.06074130541990768,0.06074130541990768,0.06074130541990768,0.06074130541990768,0.06074130541990768,0.03486029125141776,0.03486029125141776,0.03486029125141776,0.03486029125141776,0.03486029125141776,0.016313029273633397,0.016313029273633397,0.016313029273633397,0.016313029273633397,0.016313029273633397,0.05420652126887324,0.05420652126887324,0.05420652126887324,0.05420652126887324,0.05420652126887324,1.0,1.0,1.0,1.0,1.0,0.0003947467817093176,0.0003947467817093176,0.0003947467817093176,0.0003947467817093176,0.0003947467817093176,1.8105199497409075e-06,1.8105199497409075e-06,1.8105199497409075e-06,1.8105199497409075e-06,1.8105199497409075e-06,0.0,0.0,0.0,0.0,0.0,0.010056099451512424,0.010056099451512424,0.010056099451512424,0.010056099451512424,0.010056099451512424
within_range_unseen_parameter_interpolation,initial_ritz,10,1,0.994515133653666,0.994515133653666,0.994515133653666,0.994515133653666,0.994515133653666,0.10601577889870996,0.10601577889870996,0.10601577889870996,0.10601577889870996,0.10601577889870996,0.03268620811555323,0.03268620811555323,0.03268620811555323,0.03268620811555323,0.03268620811555323,0.016917811552547655,0.016917811552547655,0.016917811552547655,0.016917811552547655,0.016917811552547655,0.1048155856924382,0.1048155856924382,0.1048155856924382,0.1048155856924382,0.1048155856924382,1.0,1.0,1.0,1.0,1.0,0.0008002330816536433,0.0008002330816536433,0.0008002330816536433,0.0008002330816536433,0.0008002330816536433,1.8105199497409075e-06,1.8105199497409075e-06,1.8105199497409075e-06,1.8105199497409075e-06,1.8105199497409075e-06,0.0,0.0,0.0,0.0,0.0,0.002174083135864535,0.002174083135864535,0.002174083135864535,0.002174083135864535,0.002174083135864535
within_range_unseen_parameter_interpolation,physics_selected,0,1,0.9918812675688209,0.9918812675688209,0.9918812675688209,0.9918812675688209,0.9918812675688209,0.1581345429546985,0.1581345429546985,0.1581345429546985,0.1581345429546985,0.1581345429546985,0.036805879069393144,0.036805879069393144,0.036805879069393144,0.036805879069393144,0.036805879069393144,0.21146639238060796,0.21146639238060796,0.21146639238060796,0.21146639238060796,0.21146639238060796,0.1421949979916385,0.1421949979916385,0.1421949979916385,0.1421949979916385,0.1421949979916385,1.0,1.0,1.0,1.0,1.0,0.0,0.0,0.0,0.0,0.0,0.11152553070198945,0.11152553070198945,0.11152553070198945,0.11152553070198945,0.11152553070198945,0.0,0.0,0.0,0.0,0.0,,,,,
within_range_unseen_parameter_interpolation,physics_selected,1,1,0.9981262576179301,0.9981262576179301,0.9981262576179301,0.9981262576179301,0.9981262576179301,0.07796640168267048,0.07796640168267048,0.07796640168267048,0.07796640168267048,0.07796640168267048,0.04212528738510102,0.04212528738510102,0.04212528738510102,0.04212528738510102,0.04212528738510102,0.07525956716829224,0.07525956716829224,0.07525956716829224,0.07525956716829224,0.07525956716829224,0.05822088150959021,0.05822088150959021,0.05822088150959021,0.05822088150959021,0.05822088150959021,1.0,1.0,1.0,1.0,1.0,0.00026630319119865317,0.00026630319119865317,0.00026630319119865317,0.00026630319119865317,0.00026630319119865317,0.11152553070198945,0.11152553070198945,0.11152553070198945,0.11152553070198945,0.11152553070198945,0.0,0.0,0.0,0.0,0.0,0.005319408315707985,0.005319408315707985,0.005319408315707985,0.005319408315707985,0.005319408315707985
within_range_unseen_parameter_interpolation,physics_selected,2,1,0.995763826974107,0.995763826974107,0.995763826974107,0.995763826974107,0.995763826974107,0.07930311572543425,0.07930311572543425,0.07930311572543425,0.07930311572543425,0.07930311572543425,0.036894461249687094,0.036894461249687094,0.036894461249687094,0.036894461249687094,0.036894461249687094,0.05768970415018547,0.05768970415018547,0.05768970415018547,0.05768970415018547,0.05768970415018547,0.10699145287344944,0.10699145287344944,0.10699145287344944,0.10699145287344944,0.10699145287344944,1.0,1.0,1.0,1.0,1.0,0.0011176386295724148,0.0011176386295724148,0.0011176386295724148,0.0011176386295724148,0.0011176386295724148,0.11152553070198945,0.11152553070198945,0.11152553070198945,0.11152553070198945,0.11152553070198945,0.0,0.0,0.0,0.0,0.0,0.005230826135413924,0.005230826135413924,0.005230826135413924,0.005230826135413924,0.005230826135413924
within_range_unseen_parameter_interpolation,physics_selected,3,1,0.9974011809492149,0.9974011809492149,0.9974011809492149,0.9974011809492149,0.9974011809492149,0.07127512258873396,0.07127512258873396,0.07127512258873396,0.07127512258873396,0.07127512258873396,0.4140186921258451,0.4140186921258451,0.4140186921258451,0.4140186921258451,0.4140186921258451,0.06855530682597563,0.06855530682597563,0.06855530682597563,0.06855530682597563,0.06855530682597563,0.07441869858375619,0.07441869858375619,0.07441869858375619,0.07441869858375619,0.07441869858375619,1.0,1.0,1.0,1.0,1.0,0.0005587189525334717,0.0005587189525334717,0.0005587189525334717,0.0005587189525334717,0.0005587189525334717,0.11152553070198945,0.11152553070198945,0.11152553070198945,0.11152553070198945,0.11152553070198945,0.0,0.0,0.0,0.0,0.0,0.45091315337553217,0.45091315337553217,0.45091315337553217,0.45091315337553217,0.45091315337553217
within_range_unseen_parameter_interpolation,physics_selected,4,1,0.9978100538365948,0.9978100538365948,0.9978100538365948,0.9978100538365948,0.9978100538365948,0.06447455345239861,0.06447455345239861,0.06447455345239861,0.06447455345239861,0.06447455345239861,0.38672031027140985,0.38672031027140985,0.38672031027140985,0.38672031027140985,0.38672031027140985,0.05410693231270067,0.05410693231270067,0.05410693231270067,0.05410693231270067,0.05410693231270067,0.06849932212955438,0.06849932212955438,0.06849932212955438,0.06849932212955438,0.06849932212955438,1.0,1.0,1.0,1.0,1.0,0.00035023839479065606,0.00035023839479065606,0.00035023839479065606,0.00035023839479065606,0.00035023839479065606,0.11152553070198945,0.11152553070198945,0.11152553070198945,0.11152553070198945,0.11152553070198945,0.0,0.0,0.0,0.0,0.0,0.027298381854435227,0.027298381854435227,0.027298381854435227,0.027298381854435227,0.027298381854435227
within_range_unseen_parameter_interpolation,physics_selected,5,1,0.9964892532002677,0.9964892532002677,0.9964892532002677,0.9964892532002677,0.9964892532002677,0.064134157765605,0.064134157765605,0.064134157765605,0.064134157765605,0.064134157765605,0.9834658035838242,0.9834658035838242,0.9834658035838242,0.9834658035838242,0.9834658035838242,0.08633176524218036,0.08633176524218036,0.08633176524218036,0.08633176524218036,0.08633176524218036,0.09442226105406432,0.09442226105406432,0.09442226105406432,0.09442226105406432,0.09442226105406432,1.0,1.0,1.0,1.0,1.0,0.0006460283735840811,0.0006460283735840811,0.0006460283735840811,0.0006460283735840811,0.0006460283735840811,0.11152553070198945,0.11152553070198945,0.11152553070198945,0.11152553070198945,0.11152553070198945,0.0,0.0,0.0,0.0,0.0,0.5967454933124143,0.5967454933124143,0.5967454933124143,0.5967454933124143,0.5967454933124143
within_range_unseen_parameter_interpolation,physics_selected,6,1,0.994236747781538,0.994236747781538,0.994236747781538,0.994236747781538,0.994236747781538,0.0781247374809947,0.0781247374809947,0.0781247374809947,0.0781247374809947,0.0781247374809947,0.6403156666431178,0.6403156666431178,0.6403156666431178,0.6403156666431178,0.6403156666431178,0.055833977824322416,0.055833977824322416,0.055833977824322416,0.055833977824322416,0.055833977824322416,0.11389707429153106,0.11389707429153106,0.11389707429153106,0.11389707429153106,0.11389707429153106,1.0,1.0,1.0,1.0,1.0,0.0009123239514147264,0.0009123239514147264,0.0009123239514147264,0.0009123239514147264,0.0009123239514147264,0.11152553070198945,0.11152553070198945,0.11152553070198945,0.11152553070198945,0.11152553070198945,0.0,0.0,0.0,0.0,0.0,0.3431501369407064,0.3431501369407064,0.3431501369407064,0.3431501369407064,0.3431501369407064
within_range_unseen_parameter_interpolation,physics_selected,7,1,0.9923548831146537,0.9923548831146537,0.9923548831146537,0.9923548831146537,0.9923548831146537,0.09294496582547625,0.09294496582547625,0.09294496582547625,0.09294496582547625,0.09294496582547625,1.2754060852137892,1.2754060852137892,1.2754060852137892,1.2754060852137892,1.2754060852137892,0.08215659547487815,0.08215659547487815,0.08215659547487815,0.08215659547487815,0.08215659547487815,0.13363960801121405,0.13363960801121405,0.13363960801121405,0.13363960801121405,0.13363960801121405,1.0,1.0,1.0,1.0,1.0,0.0007726560404505498,0.0007726560404505498,0.0007726560404505498,0.0007726560404505498,0.0007726560404505498,0.11152553070198945,0.11152553070198945,0.11152553070198945,0.11152553070198945,0.11152553070198945,0.0,0.0,0.0,0.0,0.0,0.6350904185706714,0.6350904185706714,0.6350904185706714,0.6350904185706714,0.6350904185706714
within_range_unseen_parameter_interpolation,physics_selected,8,1,0.995377333331114,0.995377333331114,0.995377333331114,0.995377333331114,0.995377333331114,0.0840084109262611,0.0840084109262611,0.0840084109262611,0.0840084109262611,0.0840084109262611,0.7139949033539033,0.7139949033539033,0.7139949033539033,0.7139949033539033,0.7139949033539033,0.044924897682782856,0.044924897682782856,0.044924897682782856,0.044924897682782856,0.044924897682782856,0.10158608599541263,0.10158608599541263,0.10158608599541263,0.10158608599541263,0.10158608599541263,1.0,1.0,1.0,1.0,1.0,0.000567229465912256,0.000567229465912256,0.000567229465912256,0.000567229465912256,0.000567229465912256,0.11152553070198945,0.11152553070198945,0.11152553070198945,0.11152553070198945,0.11152553070198945,0.0,0.0,0.0,0.0,0.0,0.5614111818598859,0.5614111818598859,0.5614111818598859,0.5614111818598859,0.5614111818598859
within_range_unseen_parameter_interpolation,physics_selected,9,1,0.9979481438231764,0.9979481438231764,0.9979481438231764,0.9979481438231764,0.9979481438231764,0.06342510300292714,0.06342510300292714,0.06342510300292714,0.06342510300292714,0.06342510300292714,1.1434653618247541,1.1434653618247541,1.1434653618247541,1.1434653618247541,1.1434653618247541,0.058416493425344905,0.058416493425344905,0.058416493425344905,0.058416493425344905,0.058416493425344905,0.06928512811653986,0.06928512811653986,0.06928512811653986,0.06928512811653986,0.06928512811653986,1.0,1.0,1.0,1.0,1.0,0.00033430198033505755,0.00033430198033505755,0.00033430198033505755,0.00033430198033505755,0.00033430198033505755,0.11152553070198945,0.11152553070198945,0.11152553070198945,0.11152553070198945,0.11152553070198945,0.0,0.0,0.0,0.0,0.0,0.42947045847085086,0.42947045847085086,0.42947045847085086,0.42947045847085086,0.42947045847085086
within_range_unseen_parameter_interpolation,physics_selected,10,1,0.9896912267830771,0.9896912267830771,0.9896912267830771,0.9896912267830771,0.9896912267830771,0.12223332000908661,0.12223332000908661,0.12223332000908661,0.12223332000908661,0.12223332000908661,0.3243093744650132,0.3243093744650132,0.3243093744650132,0.3243093744650132,0.3243093744650132,0.023324374878272557,0.023324374878272557,0.023324374878272557,0.023324374878272557,0.023324374878272557,0.15948720990578583,0.15948720990578583,0.15948720990578583,0.15948720990578583,0.15948720990578583,1.0,1.0,1.0,1.0,1.0,0.0007794744481215671,0.0007794744481215671,0.0007794744481215671,0.0007794744481215671,0.0007794744481215671,0.11152553070198945,0.11152553070198945,0.11152553070198945,0.11152553070198945,0.11152553070198945,0.0,0.0,0.0,0.0,0.0,0.8191559873597409,0.8191559873597409,0.8191559873597409,0.8191559873597409,0.8191559873597409
